
int binary_BP_SE_PATCH_JP_size=19440;

unsigned char binary_BP_SE_PATCH_JP_data[]=
 {
   0x53,0x45,0x4f,0x32,0x01,0x00,0x00,0x00,0x02,0x00,0x00,0x00,0x35
  ,0x04,0x00,0x00,0x01,0x00,0x00,0x00,0xd0,0x00,0x00,0x00,0x80,0x22
  ,0x00,0x00,0x00,0x00,0x7e,0xd0,0x00,0x00,0xff,0xd5,0x00,0x01,0x01
  ,0xfe,0x00,0x00,0x00,0xf7,0x00,0xf4,0xff,0xfd,0x00,0x00,0xf0,0xe0
  ,0x00,0x00,0x00,0xdd,0x78,0x63,0x23,0x2e,0x00,0x00,0xfe,0xff,0x00
  ,0x00,0x00,0x00,0x00,0x00,0x00,0x00,0x00,0x00,0x00,0x00,0x00,0x00
  ,0x00,0x00,0x00,0x00,0x00,0x00,0x00,0x00,0x00,0x00,0x00,0x00,0x00
  ,0x00,0x00,0x00,0x00,0x00,0x00,0x00,0x00,0x00,0x00,0x00,0x00,0x00
  ,0x00,0x00,0x00,0x00,0x36,0x04,0x00,0x00,0x01,0x00,0x00,0x00,0x50
  ,0x23,0x00,0x00,0xa0,0x28,0x00,0x00,0x00,0x00,0x7e,0xd0,0x00,0x00
  ,0xff,0xd5,0x00,0x01,0x01,0xfe,0x00,0x00,0x00,0xf7,0x01,0xf4,0xff
  ,0xfd,0x00,0x00,0xf0,0xe0,0x00,0x00,0x00,0xdd,0x78,0x63,0x29,0x2e
  ,0x00,0x00,0xfe,0xff,0x00,0x00,0x00,0x00,0x00,0x00,0x00,0x00,0x00
  ,0x00,0x00,0x00,0x00,0x00,0x00,0x00,0x00,0x00,0x00,0x00,0x00,0x00
  ,0x00,0x00,0x00,0x00,0x00,0x00,0x00,0x00,0x00,0x00,0x00,0x00,0x00
  ,0x00,0x00,0x00,0x00,0x00,0x00,0x00,0x00,0x00,0x00,0x00,0x00,0x00
  ,0x0c,0x00,0xff,0xef,0xef,0xff,0xee,0xfe,0xee,0xff,0xff,0xff,0xef
  ,0xff,0xff,0xef,0x0c,0x00,0xff,0xff,0xef,0xef,0xff,0xef,0xee,0xff
  ,0xfe,0xee,0xef,0xee,0xff,0xff,0x0c,0x00,0xff,0xff,0x0f,0xfe,0xff
  ,0xfe,0xfe,0xfe,0xff,0xff,0xff,0xff,0xfe,0xee,0x0c,0x00,0xff,0xef
  ,0xff,0xff,0xfe,0xfe,0xee,0xff,0xef,0xff,0xee,0xef,0xfe,0xee,0x0c
  ,0x00,0xff,0xfe,0xfe,0xff,0xef,0xee,0xee,0xee,0xfe,0xfe,0xff,0xee
  ,0xfe,0xff,0x0c,0x00,0xff,0xff,0xff,0xff,0xff,0xff,0xef,0xfe,0xee
  ,0xff,0xee,0xef,0xfe,0xfe,0x0c,0x00,0xff,0xef,0xfe,0xff,0xee,0xff
  ,0xfe,0xfe,0xff,0xee,0xfe,0xff,0xff,0xef,0x0c,0x00,0xfe,0xee,0xef
  ,0xfe,0xef,0xef,0xee,0xfe,0xfe,0xee,0xff,0xff,0xef,0xff,0x0c,0x00
  ,0xee,0xfe,0xfe,0xef,0xee,0xff,0xee,0xff,0xfe,0xfe,0xee,0xef,0xef
  ,0xff,0x0c,0x00,0xff,0xef,0xee,0xff,0xff,0xfe,0xff,0xef,0xef,0xef
  ,0xee,0xff,0xff,0xee,0x0c,0x00,0xee,0xef,0xff,0xef,0xff,0xff,0xee
  ,0xfe,0xfe,0xfe,0xff,0xff,0xee,0xfe,0x0c,0x00,0xee,0xfe,0xff,0xff
  ,0xff,0xfe,0xff,0xff,0xff,0xef,0xee,0xee,0xee,0xff,0x0c,0x00,0xef
  ,0xff,0xff,0xff,0xff,0xfe,0xff,0xff,0xfe,0xfe,0xff,0xff,0xef,0xfe
  ,0x0c,0x00,0xef,0xff,0xfe,0xef,0xff,0xee,0xef,0xef,0xef,0xef,0xee
  ,0xff,0xfe,0xff,0x0c,0x00,0xff,0xff,0xff,0xef,0xff,0xee,0xff,0xef
  ,0xfe,0xef,0xff,0xff,0xee,0xff,0x0c,0x00,0xef,0xee,0xff,0xef,0xff
  ,0xfe,0xff,0xee,0xff,0xff,0xff,0xfe,0xef,0xee,0x0c,0x00,0xff,0xff
  ,0xee,0xff,0xee,0xee,0xef,0xff,0xfe,0xfe,0xef,0xee,0xfe,0xef,0x0c
  ,0x00,0xef,0xef,0xff,0xfe,0xef,0xfe,0xee,0xff,0xff,0xff,0xff,0xff
  ,0xee,0xef,0x0c,0x00,0xff,0xef,0xee,0xfe,0xff,0xef,0xee,0xef,0xff
  ,0xee,0xff,0xff,0xef,0xee,0x0c,0x00,0xef,0xff,0xef,0xff,0xee,0xee
  ,0xef,0xef,0xff,0xff,0xff,0xef,0xff,0xef,0x0c,0x00,0xee,0xef,0xff
  ,0xef,0xef,0xee,0xff,0xfe,0xff,0xee,0xef,0xff,0xee,0xfe,0x0c,0x00
  ,0xef,0xff,0xef,0xff,0xee,0xfe,0xef,0xff,0xef,0xef,0xff,0xff,0xef
  ,0xff,0x0c,0x00,0xff,0xff,0xfe,0xff,0xee,0xff,0xee,0xee,0xef,0xef
  ,0xfe,0xfe,0xff,0xff,0x0c,0x00,0xef,0xee,0xfe,0xee,0xee,0xfe,0xfe
  ,0xff,0xff,0xef,0xfe,0xff,0xfe,0xfe,0x0c,0x00,0xff,0xfe,0xef,0xff
  ,0xfe,0xef,0xfe,0xff,0xef,0xff,0xfe,0xee,0xff,0xef,0x0c,0x00,0xef
  ,0xfe,0xee,0xff,0xff,0xef,0xef,0xff,0xef,0xef,0xef,0xff,0xff,0xfe
  ,0x0c,0x00,0xfe,0xf0,0xee,0xfe,0xee,0xee,0xef,0xee,0xfe,0xef,0xef
  ,0xef,0xff,0xff,0x0c,0x00,0xfe,0xfe,0xff,0xef,0xfe,0xff,0xff,0xfe
  ,0xee,0xff,0xff,0xef,0xfe,0xff,0x0c,0x00,0xef,0xef,0xef,0xff,0xee
  ,0xfe,0xef,0xfe,0xfe,0xef,0xee,0xff,0xee,0xee,0x0c,0x00,0xff,0xef
  ,0xee,0xef,0xfe,0xff,0xef,0xff,0xfe,0xfe,0xfe,0xff,0xee,0xfe,0x0c
  ,0x00,0xfe,0xff,0xff,0xff,0xff,0xff,0xff,0xef,0xef,0xef,0xff,0xfe
  ,0xee,0xee,0x0c,0x00,0xff,0xff,0xff,0xfe,0xef,0xef,0xff,0xff,0xfe
  ,0xfe,0xff,0xff,0xee,0xef,0x0c,0x00,0xff,0xff,0xff,0xff,0xfe,0xff
  ,0xef,0xff,0xef,0xff,0xff,0xef,0xef,0xef,0x0c,0x00,0xee,0xef,0xff
  ,0xff,0xfe,0xee,0xff,0xef,0xee,0xef,0xfe,0xfe,0xff,0xff,0x0c,0x00
  ,0xfe,0xee,0xff,0xff,0xff,0xef,0xe0,0xee,0xff,0xfe,0xfe,0xfe,0xff
  ,0xef,0x0c,0x00,0xff,0xff,0xfe,0xef,0xef,0xee,0xfe,0xef,0xff,0xfe
  ,0xef,0xff,0xff,0xef,0x0c,0x00,0xfe,0xee,0xfe,0xee,0xfe,0xef,0xfe
  ,0xff,0xee,0xef,0xff,0xff,0xef,0xee,0x0c,0x00,0xff,0xff,0xff,0xff
  ,0xef,0xef,0xff,0xef,0xee,0xff,0xff,0xee,0xef,0xee,0x0c,0x00,0xef
  ,0xff,0xff,0xfe,0xee,0xff,0xef,0xfe,0xfe,0xee,0xff,0xee,0xfe,0xef
  ,0x0c,0x00,0xef,0xee,0xfe,0xff,0xef,0xff,0xff,0xee,0xfe,0xfe,0xef
  ,0xef,0xef,0xfe,0x0c,0x00,0xfe,0xef,0xfe,0xfe,0xef,0xff,0xfe,0xff
  ,0xfe,0xff,0xee,0xff,0xef,0xff,0x0c,0x00,0xff,0xee,0xee,0xee,0xff
  ,0xff,0xee,0xef,0xff,0xee,0xff,0xef,0xee,0xfe,0x0c,0x00,0xee,0xee
  ,0xff,0xef,0xff,0xfe,0xff,0xfe,0xfe,0xee,0xff,0xff,0xff,0xff,0x0c
  ,0x00,0xfe,0xfe,0xef,0xff,0xff,0xff,0xff,0xee,0xef,0xef,0xff,0xff
  ,0xff,0xee,0x0c,0x00,0xff,0xfe,0xff,0xff,0xfe,0xef,0xef,0xee,0xef
  ,0xff,0xfe,0xff,0xfe,0xfe,0x0c,0x00,0xee,0xfe,0xee,0xef,0xee,0xef
  ,0xee,0xff,0xff,0xff,0xef,0xfe,0xfe,0xee,0x0c,0x00,0xfe,0xff,0xff
  ,0xff,0xff,0xfe,0xee,0xff,0xef,0xef,0xee,0xff,0xef,0xfe,0x0c,0x00
  ,0xef,0xef,0xff,0xef,0xff,0xff,0xee,0xff,0xee,0xff,0xef,0xfe,0xee
  ,0xef,0x0c,0x00,0x0e,0xfe,0xee,0xee,0xef,0xff,0xef,0xff,0xff,0xfe
  ,0xff,0xff,0xee,0xef,0x0c,0x00,0xfe,0xff,0xff,0xef,0xfe,0xff,0xef
  ,0xff,0xef,0xff,0xef,0xef,0xfe,0xee,0x0c,0x00,0xee,0xee,0xfe,0xff
  ,0xef,0xff,0xef,0xff,0xfe,0xff,0xfe,0xee,0xff,0xff,0x0c,0x00,0xee
  ,0xfe,0xfe,0xee,0xef,0xef,0xef,0xff,0xff,0xff,0xff,0xfe,0xe0,0xee
  ,0x0c,0x00,0xfe,0xee,0xef,0xff,0xff,0xee,0xee,0xfe,0xee,0xfe,0xee
  ,0xfe,0xff,0xee,0x0c,0x00,0xff,0xff,0xff,0xfe,0xff,0xee,0xef,0xff
  ,0xff,0xff,0xee,0xff,0xfe,0xff,0x0c,0x00,0xfe,0xee,0xff,0xff,0xff
  ,0xff,0xff,0xef,0xfe,0xef,0xff,0xee,0xfe,0xff,0x0c,0x00,0xfe,0xee
  ,0xfe,0xfe,0xee,0xfe,0xfe,0xff,0xff,0xfe,0xfe,0xfe,0xee,0xef,0x48
  ,0x00,0x00,0x00,0x00,0x00,0x00,0x00,0x54,0xdf,0x1d,0xdc,0x31,0xcf
  ,0x5f,0x01,0x35,0x00,0xff,0xff,0xef,0xcd,0x1f,0xf0,0xff,0x32,0xf3
  ,0x31,0x00,0x00,0xef,0x0e,0x36,0x00,0xed,0xff,0x42,0xd0,0x51,0x43
  ,0xdf,0x31,0x01,0xef,0x22,0x22,0x32,0x74,0x25,0x00,0xde,0x30,0xf2
  ,0xff,0xe0,0x10,0xef,0x3f,0x42,0xf0,0x00,0xf0,0xfe,0x0f,0x46,0x00
  ,0xf0,0x21,0x10,0x11,0x13,0xf1,0xfe,0x0f,0xce,0x5f,0x23,0xbe,0x5f
  ,0x13,0x26,0x00,0xd0,0x41,0xe2,0x1f,0x00,0xee,0x0e,0x11,0xf0,0x20
  ,0xe1,0x30,0x13,0xbf,0x26,0x00,0xfe,0xcf,0x6f,0x15,0xe0,0xff,0x00
  ,0x0e,0x0f,0xf0,0xff,0x20,0x00,0x1f,0x46,0x00,0xd1,0xef,0x20,0x00
  ,0xee,0x50,0xc1,0xfd,0x41,0x03,0xfd,0x10,0xf2,0xff,0x47,0x00,0x3f
  ,0xf2,0xfe,0x50,0xe2,0x5f,0x27,0x0f,0xfe,0xfe,0x0f,0x22,0x13,0xd0
  ,0x46,0x00,0x0f,0x21,0xf2,0xff,0x01,0xff,0xef,0x0f,0xf1,0xef,0x0e
  ,0x21,0x41,0xd0,0x46,0x00,0x0d,0xe3,0xbf,0x2d,0xf3,0x0e,0x3f,0xd2
  ,0x3e,0xf4,0x10,0xe0,0xff,0xf2,0x27,0x00,0xe1,0x4f,0x23,0xff,0xe0
  ,0x52,0x26,0xe0,0xfe,0x1f,0xe1,0xcd,0xed,0x50,0x46,0x00,0xe2,0xfd
  ,0x20,0x12,0xdf,0x2c,0x12,0xf2,0xdf,0x20,0xc3,0xdc,0x2f,0x03,0x47
  ,0x00,0x1e,0xc0,0x5e,0x35,0xe1,0x1d,0xa0,0x2c,0xf5,0x50,0xd6,0x4e
  ,0x16,0xbe,0x47,0x00,0x3e,0x15,0xb0,0x0e,0x43,0xd1,0xda,0x1f,0x32
  ,0xf3,0x1c,0xc0,0x3d,0xf5,0x46,0x00,0xdd,0x4e,0x03,0xae,0x3a,0x15
  ,0x1c,0x2f,0x01,0xe2,0x00,0x0f,0xef,0x00,0x46,0x00,0xe2,0x10,0x41
  ,0x05,0x1e,0xe2,0x1e,0x32,0xb1,0x1c,0x54,0xe2,0x1b,0x33,0x46,0x00
  ,0xf3,0xee,0x1d,0x33,0xe1,0xdc,0x21,0x03,0x9e,0x2a,0x07,0x1e,0xc3
  ,0x0b,0x46,0x00,0x25,0xfd,0xf0,0xee,0xdd,0x10,0xe4,0x1e,0x05,0x1c
  ,0x03,0x0f,0x11,0xef,0x46,0x00,0x1f,0x23,0x0e,0x20,0x14,0xfe,0x10
  ,0xf3,0x2e,0x13,0xfc,0x03,0xcf,0xfd,0x46,0x00,0x32,0xe4,0xdc,0x32
  ,0x31,0xf1,0xec,0x1f,0xef,0xda,0x10,0x02,0xf0,0x11,0x46,0x00,0x35
  ,0xef,0xdd,0x2f,0xf2,0xfc,0xf0,0x2f,0x25,0xf1,0x12,0x01,0x0f,0x20
  ,0x45,0x00,0x02,0xee,0x2e,0x22,0xf1,0x0c,0x34,0x01,0xff,0x22,0xff
  ,0xfe,0x11,0x00,0x25,0x00,0xed,0x1d,0x22,0xf0,0x10,0xf0,0x21,0x02
  ,0xcc,0xef,0x30,0x33,0xde,0x1f,0x45,0x00,0x23,0xcd,0xfd,0x23,0xd1
  ,0xfd,0x34,0xf2,0xee,0x10,0x12,0xff,0x0e,0x11,0x26,0x00,0x11,0x21
  ,0x00,0xfe,0x31,0x34,0x01,0x10,0x34,0x02,0xcd,0xfd,0x0f,0xde,0x45
  ,0x00,0xff,0x10,0x05,0xed,0x21,0x00,0x0c,0x1f,0xfd,0x1e,0x33,0xe1
  ,0xfc,0x21,0x24,0x00,0xf1,0xbd,0x01,0x11,0x0f,0x21,0x20,0x00,0xf1
  ,0x00,0x20,0xee,0xf0,0x00,0x25,0x00,0x13,0x22,0xef,0x20,0x43,0xff
  ,0xfe,0x22,0xf0,0xdd,0x11,0x11,0x01,0xf0,0x25,0x00,0x00,0x00,0xce
  ,0xed,0x11,0xf1,0x21,0xf0,0x01,0x33,0x03,0xdb,0x31,0xd0,0x45,0x00
  ,0xaa,0x10,0x14,0xe0,0x32,0x32,0x0e,0x0e,0x0d,0x20,0xf0,0xfc,0x33
  ,0x22,0x24,0x00,0x11,0x0f,0x20,0xff,0x10,0xed,0x20,0x12,0xef,0x0f
  ,0x44,0xc0,0xfe,0x13,0x45,0x00,0xcd,0xdb,0x10,0x12,0xff,0x10,0x44
  ,0xf2,0xcd,0x1e,0xce,0xde,0x11,0xef,0x45,0x00,0x33,0xe2,0xff,0x52
  ,0x11,0xee,0xfe,0x12,0xef,0x22,0x21,0x11,0x22,0xef,0x44,0x00,0x00
  ,0x02,0xf0,0xee,0x02,0x02,0xfd,0x22,0xf2,0xde,0x42,0xdf,0x0f,0xf1
  ,0x45,0x00,0xc0,0xee,0x22,0xce,0x2d,0x43,0xde,0x10,0xf1,0xe0,0x21
  ,0x0f,0x00,0xf1,0x45,0x00,0x22,0xce,0x51,0x14,0xbd,0x40,0xf2,0x1f
  ,0x20,0x21,0x11,0x45,0xbf,0x40,0x44,0x00,0x01,0xdc,0xec,0x22,0xf0
  ,0x11,0x22,0x12,0x20,0xcd,0xf0,0x01,0xdd,0x0e,0x24,0x00,0x01,0x00
  ,0x20,0x31,0x12,0x10,0x00,0x0f,0x10,0xf0,0xde,0x41,0x02,0xf0,0x45
  ,0x00,0x2e,0x22,0xb0,0x1e,0xae,0x41,0xe3,0xff,0x20,0x22,0xee,0x0c
  ,0x31,0xf1,0x45,0x00,0xcd,0xdb,0x10,0xf1,0xae,0x50,0x64,0xd0,0x0d
  ,0x20,0x0f,0xcd,0x10,0x02,0x25,0x00,0x11,0xf1,0x52,0x26,0xe1,0xac
  ,0x4f,0x02,0x01,0xef,0x71,0x24,0xcc,0x0e,0x24,0x00,0x12,0xe0,0xfe
  ,0x01,0x10,0xf0,0x0e,0x01,0x22,0xcf,0xfc,0x40,0xd1,0xdd,0x24,0x00
  ,0x3f,0x22,0x20,0xd1,0x20,0x01,0xde,0xfc,0x2f,0xf1,0x0f,0x31,0x03
  ,0xf2,0x25,0x00,0xe1,0x00,0x54,0xd1,0xc9,0x50,0x05,0x0e,0x10,0x53
  ,0xe2,0xdd,0x62,0x92,0x24,0x00,0x1e,0xe0,0x40,0xf3,0xee,0xef,0x40
  ,0x91,0xeb,0x10,0x33,0x22,0x12,0x02,0x44,0x00,0xde,0x1e,0xbf,0x1f
  ,0x01,0x1f,0x01,0x20,0xff,0x0f,0x23,0xf1,0xce,0x2f,0x45,0x00,0x23
  ,0x01,0x23,0xe1,0x3f,0x34,0x12,0xff,0x50,0xc2,0x4c,0xf3,0x1e,0x42
  ,0x44,0x00,0xf2,0xff,0x10,0xdf,0x0e,0x11,0xc1,0x2b,0xf0,0x32,0xf4
  ,0xee,0xfe,0xff,0x44,0x00,0xc0,0x0e,0xd1,0x1e,0x42,0x03,0x0e,0x21
  ,0xe2,0xed,0x1f,0xf1,0x0f,0xf2,0x44,0x00,0x33,0xf5,0x1e,0x10,0x11
  ,0xf0,0xfe,0x10,0x11,0x10,0x00,0x00,0xc2,0x2d,0x24,0x00,0xf2,0xec
  ,0x20,0x44,0xc3,0x1b,0x14,0xae,0x2a,0x16,0xc1,0xfd,0x11,0x03,0x25
  ,0x00,0x53,0x05,0x2e,0x34,0x02,0xdf,0xdc,0x1e,0x12,0xe1,0xfe,0x3f
  ,0x36,0x13,0x44,0x00,0x0f,0x01,0xf0,0x3e,0x15,0xc0,0xeb,0x10,0xc1
  ,0x0b,0x2f,0x11,0x53,0x06,0x24,0x00,0xc0,0xdb,0x00,0xf0,0xdd,0xcf
  ,0xfe,0x20,0x33,0x24,0x23,0xf1,0x1f,0xf2,0x24,0x00,0xfd,0x0f,0x1e
  ,0x23,0x12,0xed,0x2e,0x44,0xf3,0xdc,0xfc,0x1e,0x22,0x00,0x24,0x00
  ,0x01,0xf1,0xef,0xde,0xed,0xf1,0x2f,0x56,0x04,0xbc,0x0c,0x14,0xed
  ,0xfe,0x44,0x00,0xd3,0xed,0x22,0x02,0xf1,0x42,0x14,0xcb,0x1e,0x02
  ,0x0e,0x40,0x24,0xdf,0x44,0x00,0x1d,0x53,0x33,0x00,0xff,0xff,0x10
  ,0xff,0x12,0x13,0x0e,0x02,0xf0,0xef,0x44,0x00,0xe0,0xf2,0xe0,0xcd
  ,0xdf,0x11,0x34,0x15,0xd1,0xda,0xfe,0xcf,0xf9,0x32,0x24,0x00,0x15
  ,0xf0,0x22,0x24,0x1e,0x21,0x03,0xef,0xde,0xee,0x23,0x45,0xf2,0x0f
  ,0x44,0x00,0x02,0xff,0x01,0x00,0x33,0x10,0x0d,0x12,0x10,0x20,0x10
  ,0xdf,0xca,0xee,0x44,0x00,0x0b,0x52,0x54,0x15,0xcf,0xdb,0xe0,0xcd
  ,0xec,0x12,0x01,0xea,0x53,0x35,0x24,0x00,0x30,0x34,0xff,0xdc,0xed
  ,0x0f,0x20,0x56,0xf0,0x0f,0x13,0xdd,0x32,0x02,0x44,0x00,0xef,0x0f
  ,0x01,0x01,0x42,0x45,0xcc,0x0f,0xdd,0xcc,0x1e,0x13,0xcb,0x44,0x44
  ,0x00,0x47,0xd0,0xbd,0x0f,0xd0,0xab,0xfe,0xf1,0x0f,0x34,0x56,0x00
  ,0xef,0xdf,0x24,0x00,0xdc,0x01,0xe0,0xff,0x33,0x32,0x03,0xe0,0x21
  ,0x45,0xac,0xdc,0x0f,0xf2,0x23,0x00,0xfe,0x54,0xf1,0x00,0xff,0x01
  ,0xe0,0xcd,0xee,0x01,0xf0,0xff,0x22,0x54,0x23,0x00,0x33,0xcc,0x0d
  ,0x00,0xcd,0xee,0x45,0xd0,0x1f,0x34,0xe0,0x11,0x00,0x0e,0x23,0x00
  ,0x01,0xe1,0xff,0x43,0x23,0xde,0x20,0xf0,0xef,0x10,0x00,0x10,0x00
  ,0x00,0x44,0x00,0x31,0x43,0xce,0x0d,0x0f,0xce,0xbb,0x42,0xf0,0x10
  ,0x34,0x03,0xe0,0x9b,0x44,0x00,0xed,0x10,0xbc,0x0e,0x12,0x32,0x1f
  ,0x64,0xcd,0x20,0xde,0xdb,0x55,0xc1,0x23,0x00,0x00,0x41,0x10,0x00
  ,0x01,0xf0,0x00,0x11,0xde,0x11,0xf2,0xef,0x41,0x22,0x23,0x00,0xee
  ,0x0e,0x10,0xef,0xed,0x1f,0xff,0xf0,0x10,0x10,0x32,0x33,0xce,0xfd
  ,0x44,0x00,0xf1,0xce,0x1c,0x74,0x90,0x1e,0x32,0x11,0xdd,0x31,0xbf
  ,0x52,0xd2,0xfe,0x24,0x00,0x41,0x55,0xb0,0x21,0xe0,0xef,0x0e,0x50
  ,0xff,0x41,0xf1,0xdf,0x32,0x14,0x44,0x00,0xbf,0x1f,0xc1,0xce,0x51
  ,0xf2,0xbd,0xfe,0xe0,0x0e,0x2f,0x63,0xb1,0xcd,0x24,0x00,0x0e,0xe0
  ,0xac,0x2e,0x33,0xaf,0x4f,0x45,0xbf,0x7f,0x03,0x0f,0x22,0xc0,0x24
  ,0x00,0x2f,0x33,0x03,0xe1,0x2f,0xef,0xfe,0x22,0xf2,0x21,0x01,0xbe
  ,0x41,0x15,0x43,0x00,0xd0,0x10,0xe2,0xce,0x0e,0x22,0xd0,0xee,0x41
  ,0x11,0x01,0xde,0x1d,0x1f,0x44,0x00,0x9d,0xfb,0x30,0xf2,0x10,0x42
  ,0xe1,0x0e,0x0f,0xcd,0x7f,0xd3,0xee,0x51,0x44,0x00,0x66,0xa1,0x2d
  ,0x76,0xa0,0x1b,0x23,0xf2,0x31,0xf0,0x51,0x33,0xc0,0x3f,0x42,0x00
  ,0x01,0xff,0xff,0x21,0xe1,0x0f,0xf0,0xe0,0x2f,0xf0,0xff,0x51,0xe2
  ,0xce,0x23,0x00,0x2d,0x32,0xae,0x1b,0x33,0xd1,0x1e,0x20,0xf1,0x01
  ,0x21,0x01,0x1e,0x01,0x24,0x00,0xe2,0x30,0x64,0xa2,0x2a,0x13,0xff
  ,0xcf,0x5f,0x35,0xf1,0xfd,0x3e,0x65,0x43,0x00,0xf0,0x0d,0x30,0xb0
  ,0xfd,0x30,0x11,0xdf,0x1d,0x00,0x0f,0x10,0x21,0xef,0x43,0x00,0x0d
  ,0xd0,0xee,0x1e,0x21,0xe0,0x0f,0x12,0xd1,0xed,0x41,0xf3,0x0e,0x1f
  ,0x44,0x00,0x22,0x20,0x11,0x21,0x43,0xd1,0xfd,0x2f,0x41,0x13,0x51
  ,0x06,0xdf,0x3f,0x44,0x00,0x24,0xff,0x20,0xb2,0xdb,0x20,0xe1,0xdd
  ,0x3f,0xe1,0xcc,0x4e,0x65,0xd1,0x43,0x00,0xcd,0x10,0xe1,0xdd,0x1f
  ,0x10,0x00,0xf0,0x11,0xf1,0xfe,0x20,0xf3,0x1f,0x24,0x00,0xe5,0xed
  ,0x11,0x33,0x11,0xf1,0xfe,0xe1,0xef,0x2d,0x43,0x03,0x0f,0x1f,0x25
  ,0x00,0x57,0xf3,0xfd,0xdf,0x9a,0xa9,0xfc,0x2f,0xf0,0xaf,0x2a,0xf4
  ,0x9a,0xfe,0x24,0x00,0x42,0x74,0xe4,0xda,0xf0,0xd0,0xdd,0x01,0x0f
  ,0xff,0xe0,0x4f,0x35,0x4f,0x24,0x00,0x24,0x20,0x12,0xd0,0x0b,0x53
  ,0x05,0xcd,0x1d,0x12,0xe1,0x10,0x33,0xf3,0x44,0x00,0x1e,0x32,0x0e
  ,0x21,0x24,0xd0,0x0b,0x01,0xcc,0x0d,0x06,0xce,0xeb,0x11,0x43,0x00
  ,0x1f,0x32,0x11,0xdc,0xed,0x01,0xde,0x1d,0x24,0xed,0x3e,0x13,0xcf
  ,0x0e,0x43,0x00,0x34,0xe0,0x0d,0x13,0xfe,0x40,0x33,0xfe,0x2f,0x13
  ,0xfd,0x2d,0x32,0x12,0x44,0x00,0x20,0x01,0x0e,0x64,0x04,0xfb,0x13
  ,0xdc,0x0a,0x34,0xee,0xed,0x12,0xc0,0x23,0x00,0xdd,0x12,0x11,0x33
  ,0x12,0xd0,0xdd,0x00,0xfe,0xff,0xf0,0x12,0x0f,0x1f,0x24,0x00,0x31
  ,0x10,0x34,0x34,0xf2,0xec,0x11,0x31,0x34,0x00,0xde,0xfc,0x22,0xff
  ,0x44,0x00,0x62,0x53,0x00,0x0f,0x31,0x00,0x21,0x11,0xe1,0xcd,0xf0
  ,0x12,0xf2,0xee,0x42,0x00,0x00,0xfd,0x10,0xf2,0xee,0x20,0x24,0xdd
  ,0xfd,0x11,0x0f,0xfd,0x23,0xff,0x23,0x00,0xfa,0x44,0xff,0x1f,0x34
  ,0x00,0x1f,0x21,0xfe,0x0f,0x13,0x13,0xee,0xf0,0x23,0x00,0x00,0x02
  ,0x00,0x20,0x23,0xe0,0xfe,0x34,0xe0,0xfe,0x11,0xe0,0xdc,0x10,0x24
  ,0x00,0xef,0xef,0x01,0xce,0xed,0x54,0x15,0xef,0x43,0xef,0xb8,0x1e
  ,0x00,0xcd,0x44,0x00,0xfe,0x33,0xe1,0xde,0x10,0xf0,0x34,0xdf,0x2e
  ,0x32,0x01,0x11,0x34,0xf1,0x25,0x00,0xe0,0xbd,0xff,0x41,0x54,0x10
  ,0x64,0x24,0xee,0x42,0x12,0xcd,0xaa,0xcd,0x24,0x00,0xee,0x1f,0xd0
  ,0xed,0x30,0xbd,0xed,0x01,0x01,0x30,0x54,0x13,0x9c,0x0e,0x44,0x00
  ,0xf0,0xbb,0x22,0xbf,0x1e,0x32,0xef,0x11,0x12,0x22,0xff,0x1f,0x01
  ,0xf0,0x24,0x00,0x32,0x22,0xee,0x41,0x01,0x0f,0x2f,0x11,0x23,0xf2
  ,0x00,0x2f,0x01,0xe0,0x44,0x00,0x31,0x01,0xac,0x2e,0x11,0xcd,0xff
  ,0xff,0xff,0xde,0xde,0x40,0x24,0xae,0x24,0x00,0xbc,0x2f,0xbc,0xec
  ,0x2f,0x0e,0x30,0x02,0x1f,0x22,0x01,0x22,0x24,0x12,0x24,0x00,0xe0
  ,0x1e,0x42,0x34,0x01,0xed,0x30,0x00,0xfd,0x50,0x34,0x01,0xf0,0x11
  ,0x25,0x00,0xf1,0x1f,0xee,0xcd,0xab,0xfd,0x8d,0xfe,0x01,0xbc,0x2d
  ,0x9e,0xaa,0x4f,0x23,0x00,0x11,0x34,0xe0,0x0d,0xe0,0xf0,0xef,0x1e
  ,0x01,0xf0,0x0f,0x32,0xd1,0x41,0x24,0x00,0x15,0xf1,0xf2,0x12,0xef
  ,0x31,0x46,0xc0,0x1d,0x21,0xe2,0x1f,0x51,0xd1,0x44,0x00,0x41,0x02
  ,0x11,0xf0,0x51,0x13,0xdf,0xbc,0x4f,0xf1,0xfe,0xe0,0xde,0xdd,0x23
  ,0x00,0x10,0xe1,0xff,0x40,0x33,0xc1,0xfd,0x10,0xe0,0xfd,0x00,0xf1
  ,0xff,0x21,0x44,0x00,0xd3,0x1d,0x52,0xf2,0x0f,0x3f,0xf1,0x10,0x44
  ,0x25,0xd0,0x6f,0x23,0x12,0x24,0x00,0xcf,0x40,0x15,0xf1,0x10,0x22
  ,0xd1,0xe0,0x12,0xc0,0xba,0x1e,0xef,0xfc,0x24,0x00,0xff,0xfe,0x0f
  ,0xe0,0xfe,0x10,0x63,0x34,0x9f,0x1b,0xd1,0xdd,0xbe,0x4e,0x44,0x00
  ,0xd2,0x2c,0x11,0x00,0xd0,0x20,0x34,0xf1,0x00,0xf0,0x31,0x53,0x13
  ,0xef,0x24,0x00,0x30,0xf4,0xfe,0x00,0x12,0x04,0x01,0x10,0xf1,0xff
  ,0x1f,0xef,0xf0,0xdf,0x23,0x00,0xee,0x20,0xd1,0xed,0xf1,0x00,0xff
  ,0xe0,0x01,0x23,0x03,0xf0,0xee,0x1f,0x23,0x00,0xc1,0xfb,0x13,0xf1
  ,0x1e,0x22,0x11,0x0f,0x20,0x04,0x01,0xf0,0x00,0x01,0x24,0x00,0x42
  ,0x03,0x1d,0x20,0x03,0xc1,0x1d,0x24,0x02,0x10,0x12,0xf0,0xff,0xf0
  ,0x44,0x00,0x22,0xdf,0xeb,0x11,0xf2,0xce,0xfd,0xff,0xff,0xdf,0xea
  ,0xfd,0x32,0xd6,0x24,0x00,0xcd,0x0e,0xc2,0xf9,0xef,0xff,0x02,0x01
  ,0x12,0x23,0x01,0x4e,0x44,0x20,0x25,0x00,0xd1,0x2c,0x35,0x54,0x36
  ,0xf0,0x2f,0x43,0xc3,0x1b,0x44,0x20,0x11,0x52,0x24,0x00,0xf2,0xfb
  ,0x2f,0x21,0xdf,0xda,0x0e,0x00,0xcf,0xfc,0x20,0xc0,0xfb,0x03,0x23
  ,0x00,0xe0,0x2f,0x33,0xd1,0xfc,0x02,0xfd,0xe0,0x10,0xe1,0x1f,0x33
  ,0x1f,0x0f,0x44,0x00,0x4d,0x26,0x0e,0x2e,0x02,0x20,0x52,0x33,0x2f
  ,0x14,0x3f,0x13,0xf0,0x02,0x45,0x00,0x47,0x65,0x14,0x0d,0x11,0x33
  ,0x27,0xde,0xac,0x0b,0xe2,0xc9,0xdf,0xcd,0x23,0x00,0xf0,0xf1,0xe2
  ,0xef,0x20,0x24,0xf1,0xed,0x00,0xee,0x0f,0x00,0x00,0x20,0x24,0x00
  ,0x44,0x00,0x00,0x1f,0x12,0x20,0x13,0xe0,0x1e,0x64,0x35,0xff,0x0f
  ,0x24,0x24,0x00,0xf0,0xeb,0x1f,0x1e,0x34,0xf0,0x00,0x0f,0x11,0x10
  ,0xe4,0xab,0xce,0x0f,0x44,0x00,0x02,0xce,0xda,0x21,0x0f,0xdd,0xd9
  ,0x3f,0x35,0xde,0xc9,0xef,0xfe,0xef,0x24,0x00,0xfd,0x32,0x00,0x01
  ,0x35,0xff,0xfe,0x31,0x44,0xf2,0xde,0x20,0x45,0x44,0x24,0x00,0x02
  ,0xee,0x30,0x23,0xbc,0x0d,0x20,0x13,0xf2,0x01,0x00,0xff,0x12,0x25
  ,0x44,0x00,0xca,0xdd,0xf1,0x03,0xab,0x1d,0x14,0xbb,0x0e,0xf0,0xba
  ,0x1e,0x24,0xce,0x24,0x00,0xcd,0x21,0xf0,0xdb,0x32,0x0f,0x1d,0x34
  ,0xd0,0xfe,0x30,0x35,0x13,0x10,0x24,0x00,0x22,0x00,0x21,0x24,0xf2
  ,0x0f,0x31,0x12,0xdf,0xdd,0x33,0x01,0x10,0x01,0x24,0x00,0x00,0x0f
  ,0x23,0xf0,0xce,0xef,0xee,0xcc,0xff,0xdd,0x11,0x00,0xef,0xdd,0x24
  ,0x00,0x13,0x01,0x22,0x02,0xbc,0x20,0x00,0xdc,0xfe,0x33,0x11,0x0f
  ,0x20,0xf0,0x44,0x00,0x1e,0x55,0xdf,0x22,0x11,0x12,0x33,0x12,0x21
  ,0x22,0x12,0x01,0xee,0x62,0x45,0x00,0x57,0x46,0xe3,0x0f,0x74,0x22
  ,0xf0,0x00,0xbb,0x31,0xae,0xf0,0xce,0x20,0x44,0x00,0xd0,0xce,0x0e
  ,0xcc,0xfd,0x00,0x0f,0x32,0xce,0xfe,0xed,0xde,0xff,0x0f,0x45,0x00
  ,0x0d,0xf0,0xff,0x34,0x02,0x63,0xf3,0x0e,0x63,0xcf,0x20,0x45,0x55
  ,0x76,0x25,0x00,0x01,0x52,0x03,0xbe,0xfe,0x01,0xf2,0xe0,0x01,0xef
  ,0x41,0x65,0xf1,0xcd,0x44,0x00,0xfe,0xfe,0xfd,0x0f,0xed,0x1f,0xf0
  ,0xed,0xdd,0xff,0xed,0x20,0x22,0xbe,0x24,0x00,0xce,0x1e,0xef,0xdc
  ,0x30,0x32,0x21,0x11,0x10,0x0e,0x31,0x13,0x00,0x22,0x25,0x00,0xe1
  ,0x1e,0x30,0x74,0x35,0x64,0xf4,0xad,0xbc,0x1f,0x20,0x54,0x03,0x32
  ,0x24,0x00,0xf1,0xe0,0x1f,0x01,0xef,0xed,0xdd,0xed,0x2f,0xf1,0xf0
  ,0x00,0xe0,0xac,0x24,0x00,0x1e,0xf2,0xbd,0x30,0x56,0xc1,0xfd,0x11
  ,0xef,0x1f,0x00,0xe0,0x00,0x03,0x24,0x00,0xf1,0x42,0x33,0xf2,0x11
  ,0x20,0xef,0x0f,0x22,0x24,0x22,0x11,0x21,0xf2,0x45,0x00,0xe2,0x40
  ,0x54,0x44,0xe1,0x52,0xf3,0x30,0x55,0x33,0x9e,0xba,0x1c,0x0f,0x24
  ,0x00,0xef,0xee,0xff,0x11,0xcf,0xeb,0x00,0xe1,0x1f,0x41,0x12,0xbe
  ,0x2e,0x03,0x24,0x00,0xdd,0x3e,0x22,0xe0,0x2d,0x01,0xff,0x42,0x25
  ,0xd0,0x3d,0x14,0xe0,0x5f,0x24,0x00,0x55,0x11,0x10,0x02,0x00,0xcf
  ,0x0e,0x31,0x11,0xe1,0xef,0x20,0x31,0x11,0x24,0x00,0x10,0xf0,0xdc
  ,0x0f,0xdf,0xfd,0x01,0xe1,0xf1,0xdf,0xeb,0xfe,0xf0,0xff,0x44,0x00
  ,0xec,0x32,0xd4,0xfc,0xf1,0xcf,0x1b,0xef,0xde,0x2f,0x02,0x12,0xe2
  ,0x10,0x44,0x00,0xd2,0x20,0x33,0xd2,0xed,0x31,0x34,0x12,0x42,0x43
  ,0xf2,0x01,0xf3,0xff,0x24,0x00,0x0f,0x13,0x30,0x01,0x0d,0x30,0x12
  ,0x12,0xf0,0xeb,0xdc,0xfe,0xed,0x0c,0x24,0x00,0x12,0xe1,0x0e,0xe2
  ,0xae,0xfc,0xe2,0x0d,0x22,0x33,0xe2,0x3d,0x12,0xcc,0x44,0x00,0x0b
  ,0x22,0x0f,0xfe,0x2f,0x12,0x2f,0x32,0x00,0x10,0xf2,0xe1,0x10,0x32
  ,0x24,0x00,0x43,0x24,0x21,0x13,0xde,0xff,0xf1,0x01,0x02,0x11,0x20
  ,0x00,0x0e,0x11,0x24,0x00,0x21,0xd1,0xdc,0xed,0xfc,0xe0,0x0f,0x0f
  ,0x1f,0xf0,0xcc,0xfe,0xfe,0xe0,0x24,0x00,0x10,0x20,0x11,0xf1,0x1f
  ,0xf3,0xfc,0xff,0x1e,0x11,0xef,0x01,0x32,0x24,0x24,0x00,0x11,0x12
  ,0x01,0x11,0x0e,0x1f,0x41,0x33,0x13,0x22,0x20,0xf0,0xfd,0x1e,0x25
  ,0x00,0x23,0x0c,0x10,0x2f,0x01,0x21,0x43,0x14,0xcb,0xab,0xca,0xef
  ,0xed,0xed,0x44,0x00,0x1f,0xe2,0xdc,0xd0,0xde,0xde,0xdc,0xe0,0xee
  ,0xde,0x0f,0x23,0x03,0xcc,0x44,0x00,0xde,0xff,0xcc,0xfa,0x35,0x22
  ,0x14,0x00,0x01,0x0f,0x02,0x1f,0x22,0x11,0x44,0x00,0x1f,0x21,0x44
  ,0x43,0x11,0x23,0x23,0xd1,0xfc,0x31,0x35,0x10,0x32,0x23,0x25,0x00
  ,0xed,0xef,0xfe,0xed,0xe1,0xde,0xca,0xdb,0x00,0x0f,0x13,0xef,0xdd
  ,0xcd,0x44,0x00,0xdb,0xfd,0xed,0xf0,0xee,0xf1,0xfe,0x12,0xe1,0xcd
  ,0xef,0xef,0xeb,0x00,0x44,0x00,0x13,0x35,0x31,0x23,0xff,0xfe,0xf0
  ,0x11,0x32,0x22,0x23,0x32,0x32,0x33,0x44,0x00,0x22,0x21,0x11,0xff
  ,0x0e,0x31,0x32,0x43,0x33,0x12,0xfd,0xee,0xf0,0xf0,0x25,0x00,0xdd
  ,0x12,0xef,0xcd,0xfe,0x11,0xe0,0xd0,0xcd,0x9a,0x9a,0xfd,0x10,0x01
  ,0x25,0x00,0x35,0x12,0xdc,0x22,0xfe,0xde,0x0f,0x12,0xef,0x20,0x52
  ,0x44,0x44,0x45,0x25,0x00,0x23,0x0f,0x2e,0x30,0x11,0x43,0x46,0x22
  ,0x34,0x14,0x10,0x20,0x11,0xf0,0x45,0x00,0x21,0x54,0x35,0x14,0x45
  ,0x23,0xdf,0xcc,0xff,0xdf,0xee,0xe0,0xee,0x0f,0x26,0x00,0x8c,0xac
  ,0xac,0xee,0xab,0xba,0xba,0xc9,0xec,0x11,0xbe,0xdc,0xdd,0xde,0x45
  ,0x00,0x1f,0x0e,0x0d,0x2f,0xff,0x0e,0x0f,0x44,0x46,0x32,0x32,0x22
  ,0x22,0x52,0x25,0x00,0x32,0x03,0x23,0x01,0x02,0x33,0x21,0x54,0x56
  ,0xf1,0xef,0xcf,0xef,0x0f,0x45,0x00,0x43,0x02,0x20,0xac,0xed,0x0f
  ,0xfe,0xcf,0xcd,0xfe,0xab,0xdc,0xce,0xce,0x45,0x00,0xdf,0x9c,0x99
  ,0xdc,0xbc,0xcd,0xe0,0xdd,0xcb,0xdd,0xcc,0xec,0x53,0x23,0x25,0x00
  ,0x55,0x13,0x11,0xde,0x0f,0x20,0x53,0x45,0x63,0x33,0x11,0xee,0x20
  ,0x00,0x25,0x00,0x32,0x33,0xf0,0x32,0x32,0x32,0x34,0x04,0xcf,0xba
  ,0xbc,0xff,0x00,0x21,0x45,0x00,0x12,0xde,0xdd,0xab,0xfc,0xde,0xf0
  ,0xff,0xad,0xb9,0xeb,0x00,0xae,0xdb,0x25,0x00,0xef,0xac,0xfc,0xef
  ,0xef,0x31,0xf2,0xef,0xff,0xff,0x3f,0x64,0x57,0x14,0x25,0x00,0x31
  ,0x10,0x00,0xdf,0x4f,0x65,0x46,0x32,0x02,0xe0,0x21,0x12,0x22,0x33
  ,0x45,0x00,0x24,0x22,0x51,0x33,0x35,0x54,0x23,0xe0,0xde,0x1f,0x12
  ,0x22,0xe1,0xf0,0x45,0x00,0xde,0xbb,0xdb,0x2e,0x0f,0xcd,0xbc,0xbc
  ,0xdd,0xcc,0xdb,0xff,0xbe,0xbc,0x45,0x00,0xbd,0xbc,0xdd,0x0f,0xfd
  ,0xdd,0x0d,0xbf,0xff,0x53,0xf5,0x01,0x13,0x21,0x25,0x00,0xce,0x3d
  ,0x44,0x44,0x44,0x33,0x11,0x1f,0xfe,0x11,0x22,0x23,0x12,0x0f,0x45
  ,0x00,0x43,0x34,0x43,0x24,0x12,0xbf,0xfd,0x10,0x20,0x01,0x02,0xb0
  ,0xac,0xcd,0x25,0x00,0xdf,0xee,0x0f,0x0f,0xfe,0xfe,0xef,0xff,0x10
  ,0xf0,0xfd,0xcf,0xbd,0x2e,0x45,0x00,0xe0,0x0f,0x01,0xe0,0xed,0xfe
  ,0xff,0x2e,0x11,0xf1,0x31,0x55,0x45,0x15,0x24,0x00,0x21,0x1f,0xe0
  ,0xee,0xfe,0x11,0x32,0x43,0x33,0x10,0xfe,0xee,0xdf,0x0f,0x45,0x00
  ,0x44,0x44,0x03,0x12,0x02,0xf2,0xef,0xde,0xcc,0xec,0xee,0x20,0x13
  ,0x12,0x25,0x00,0xf2,0xdf,0xba,0xa8,0xca,0x2f,0x44,0x24,0x00,0xf1
  ,0xd1,0xfd,0xed,0xee,0x45,0x00,0xf0,0xee,0x0e,0x03,0x00,0x23,0xe2
  ,0xde,0xee,0xfe,0x0f,0x21,0x43,0x45,0x45,0x00,0x46,0x24,0x01,0x00
  ,0xe0,0x20,0x21,0x52,0x55,0x66,0x16,0x20,0x03,0x0f,0x45,0x00,0xf0
  ,0x20,0x22,0x2e,0x21,0x43,0x33,0x12,0xd1,0xce,0xcb,0xdb,0x0e,0x2f
  ,0x25,0x00,0x23,0x12,0x13,0xcf,0xbc,0xdb,0xdd,0xfe,0x0e,0x21,0x21
  ,0x02,0xf1,0x12,0x45,0x00,0xce,0xbc,0xce,0xfd,0x0f,0x31,0x04,0xfd
  ,0x14,0xde,0xec,0x02,0x30,0x47,0x25,0x00,0x45,0x25,0x0f,0x02,0xf1
  ,0x0f,0x52,0x25,0x0f,0xd0,0x0d,0x12,0x21,0x34,0x45,0x00,0x13,0xf1
  ,0xff,0x3f,0x22,0x22,0x24,0xf0,0xee,0xca,0x0c,0x01,0x2f,0xff,0x25
  ,0x00,0xec,0xde,0xbb,0xfe,0x1f,0x12,0x10,0xf0,0xd0,0xdc,0xfe,0x22
  ,0x13,0x0e,0x46,0x00,0xcc,0xcc,0xbe,0x09,0x66,0x03,0xfe,0x31,0xf0
  ,0x3f,0x67,0x65,0x45,0x11,0x24,0x00,0xe0,0xef,0x10,0x21,0x43,0x32
  ,0x20,0xf2,0xcd,0xed,0x00,0x11,0x21,0x33,0x45,0x00,0x25,0xff,0xec
  ,0xfe,0xdf,0xee,0x22,0x13,0xf0,0x00,0x00,0xe0,0xcd,0xca,0x25,0x00
  ,0xcc,0xde,0xde,0x10,0x54,0x34,0xf2,0xee,0xde,0xab,0xfb,0x20,0x10
  ,0x53,0x46,0x00,0x35,0xe2,0xcc,0xce,0xd9,0x21,0x0f,0x31,0x43,0x66
  ,0x46,0xf1,0x2f,0x34,0x45,0x00,0xef,0xed,0x31,0x01,0x0f,0x44,0x03
  ,0xff,0x1e,0x22,0x01,0xe1,0x01,0x11,0x25,0x00,0xef,0xed,0x31,0x53
  ,0x35,0x04,0xde,0xbc,0xcb,0xfd,0x41,0x56,0x12,0x00,0x45,0x00,0x00
  ,0xca,0x20,0x23,0x10,0xfd,0xff,0x1f,0x2f,0x1f,0x13,0xe2,0xad,0xcb
  ,0x45,0x00,0xcc,0x00,0x24,0x35,0xf1,0xdf,0xcc,0xdd,0xed,0x00,0x31
  ,0x10,0x0f,0xed,0x45,0x00,0x21,0xe0,0xe0,0x00,0xef,0xde,0xdd,0x00
  ,0x22,0x21,0x56,0x47,0xe2,0x9b,0x24,0x00,0xff,0xee,0xff,0x30,0x62
  ,0x43,0x01,0xdf,0xfe,0xfe,0x0f,0x30,0x21,0xff,0x44,0x00,0x1f,0x11
  ,0x11,0x13,0x01,0xdf,0xbe,0xde,0x10,0x23,0x12,0x01,0xdf,0xde,0x44
  ,0x00,0xbb,0xfe,0x00,0x02,0xf0,0xf0,0xff,0xfe,0xff,0x00,0xe0,0xf0
  ,0xef,0x0e,0x45,0x00,0x3d,0x22,0x64,0x12,0xd1,0xcd,0x00,0xf0,0x22
  ,0x54,0x45,0x23,0x00,0xff,0x25,0x00,0xcc,0x0c,0x20,0x63,0x33,0x32
  ,0x12,0x02,0xcf,0xdc,0x0e,0xf1,0x11,0x34,0x25,0x00,0x35,0x02,0xcd
  ,0xcc,0xcb,0xcb,0x0f,0x33,0x32,0x22,0xf1,0xd0,0xbc,0xbc,0x25,0x00
  ,0x11,0x00,0x0f,0x0e,0x11,0x11,0x0f,0xf0,0x11,0xef,0xcd,0x0e,0x42
  ,0x22,0x45,0x00,0x23,0x23,0xef,0xee,0xff,0x10,0x2f,0x21,0x44,0x02
  ,0x00,0x0f,0x20,0x21,0x45,0x00,0xdf,0x20,0x11,0xf1,0xff,0x40,0x11
  ,0x0e,0xdd,0x0e,0xed,0xfd,0x2e,0x62,0x45,0x00,0x34,0xf1,0xfe,0xdf
  ,0xdb,0xff,0x43,0x46,0x46,0xf2,0xff,0xcf,0xed,0x01,0x45,0x00,0x64
  ,0x03,0x11,0xe0,0x0f,0x11,0x32,0x13,0xf2,0xbd,0xeb,0x10,0x40,0x42
  ,0x45,0x00,0x21,0xff,0xad,0x99,0xec,0x3f,0x31,0x11,0xf0,0xde,0xec
  ,0xee,0xff,0x3f,0x45,0x00,0xe2,0x0f,0xde,0xfe,0x1f,0x42,0x02,0xe0
  ,0xee,0xee,0xef,0x10,0x20,0x41,0x24,0x00,0x12,0x20,0x20,0x31,0x22
  ,0x00,0x1e,0xff,0xed,0x00,0x42,0x53,0x03,0xd0,0x45,0x00,0xdc,0xbe
  ,0x2e,0x66,0x56,0x01,0x0e,0xce,0x0c,0xf2,0xf1,0xf0,0x8e,0xca,0x24
  ,0x00,0xfe,0x1f,0x31,0x22,0x00,0xde,0xbd,0xee,0x0f,0x31,0x33,0x33
  ,0xf1,0xef,0x26,0x00,0xb9,0x1b,0x23,0x34,0x44,0xf3,0x00,0x32,0x66
  ,0x47,0x23,0x12,0xce,0xdc,0x25,0x00,0x20,0x53,0x45,0x25,0xe1,0xed
  ,0xcd,0xeb,0xfe,0x21,0x11,0xef,0xee,0xde,0x25,0x00,0xcf,0x0e,0x43
  ,0xf3,0x20,0x22,0xde,0xea,0xfe,0x01,0xe1,0xe0,0x10,0x11,0x45,0x00
  ,0xd0,0xed,0xc0,0xfc,0xf0,0x0f,0x21,0x53,0x32,0xf0,0x0f,0xef,0xdc
  ,0x30,0x25,0x00,0x22,0x22,0x43,0x12,0xdf,0xee,0xfe,0x11,0xf1,0x11
  ,0x41,0x24,0x11,0x33,0x45,0x00,0x22,0x1f,0xde,0xfe,0x1f,0x21,0x10
  ,0x21,0x01,0xed,0xec,0xde,0x0a,0x20,0x25,0x00,0x03,0x10,0x04,0xf0
  ,0x00,0xdf,0xeb,0xf0,0xfd,0xee,0xfe,0x10,0xf0,0xef,0x24,0x00,0x0f
  ,0x01,0xef,0xf0,0x20,0x43,0x34,0x35,0x13,0xef,0xee,0xec,0x1f,0x32
  ,0x24,0x00,0x45,0x34,0xff,0xdd,0xce,0x0d,0x21,0x32,0x34,0x01,0xfe
  ,0xfe,0x10,0x21,0x44,0x00,0xf2,0xde,0xdf,0xfd,0x0f,0x03,0x12,0xf1
  ,0xdd,0xcc,0xdc,0xfd,0x22,0x12,0x45,0x00,0x03,0xdf,0xbb,0xac,0xdd
  ,0x2f,0x34,0x10,0x1c,0xf0,0xed,0x31,0x33,0x23,0x44,0x00,0xf1,0x0f
  ,0x1e,0x00,0x21,0x33,0x21,0x12,0xe0,0xdc,0x1f,0x12,0xf1,0x0f,0x44
  ,0x00,0x04,0xef,0x0e,0x20,0x22,0x02,0xfe,0xef,0xd0,0xec,0x43,0x33
  ,0x25,0x10,0x44,0x00,0xdd,0xeb,0xec,0xee,0x34,0x43,0x13,0xe0,0xff
  ,0xef,0xed,0x20,0x32,0x1f,0x45,0x00,0x0f,0xe0,0xfd,0x02,0x32,0x12
  ,0xd1,0xbd,0xbb,0x10,0x22,0x55,0x46,0x13,0x25,0x00,0xce,0xaa,0xef
  ,0xf0,0x10,0x57,0x05,0xdd,0xee,0xcc,0xfe,0xff,0x1f,0x10,0x45,0x00
  ,0xee,0xf0,0xee,0x20,0x14,0xdd,0xed,0xdd,0xef,0xfe,0x12,0x02,0xff
  ,0xec,0x24,0x00,0xde,0xde,0xf0,0x21,0x64,0x33,0x24,0xf1,0xff,0xdc
  ,0x0e,0x31,0x55,0x24,0x44,0x00,0x11,0xff,0xef,0xde,0x20,0x43,0x24
  ,0x02,0xe0,0x0e,0x00,0x10,0x2f,0x21,0x44,0x00,0xcd,0xdf,0xe0,0x1f
  ,0x30,0x00,0x01,0xce,0xbb,0xed,0x00,0x21,0x11,0x13,0x25,0x00,0x33
  ,0xdd,0xbb,0xfe,0x12,0x23,0x42,0x33,0xcf,0x0e,0x01,0x11,0x32,0x0f
  ,0x45,0x00,0x1e,0x10,0x20,0x31,0x67,0x13,0x10,0xed,0xed,0xee,0x12
  ,0x24,0x33,0xbe,0x44,0x00,0x0e,0xff,0xde,0xfe,0x00,0xfe,0xed,0x21
  ,0x21,0x31,0x0e,0x0f,0xbd,0xdd,0x44,0x00,0x0d,0x42,0x43,0x55,0x03
  ,0xef,0xbc,0xed,0x0c,0x51,0x65,0x24,0x33,0xf1,0x45,0x00,0x8d,0xdc
  ,0x20,0x01,0x73,0x33,0xf1,0xf1,0xe0,0x01,0xf1,0xef,0xcd,0xb9,0x44
  ,0x00,0x0e,0x20,0x22,0x32,0xe2,0xdf,0xbc,0xec,0x0e,0x12,0x24,0x12
  ,0xf0,0xfe,0x45,0x00,0xdc,0xec,0x00,0x20,0x44,0x12,0x10,0x31,0x43
  ,0xe1,0x1f,0x00,0xcc,0xfe,0x45,0x00,0x11,0x42,0x31,0x01,0xef,0xbc
  ,0xbd,0xdb,0x3f,0xf2,0x12,0x04,0xdf,0xda,0x45,0x00,0xdc,0xde,0x0f
  ,0x1f,0x52,0x33,0x00,0xff,0x12,0xdf,0x1e,0x22,0x43,0x75,0x45,0x00
  ,0x77,0x33,0x01,0xd0,0xef,0x00,0x42,0x64,0x45,0x22,0x00,0xde,0xee
  ,0xcf,0x25,0x00,0xfd,0x1f,0x21,0xf1,0x00,0x00,0xd1,0xee,0xed,0xbd
  ,0xed,0x0f,0x10,0x01,0x45,0x00,0x11,0xf0,0xce,0xdc,0xee,0xf0,0x11
  ,0x43,0x34,0x01,0x11,0xf1,0x0e,0x10,0x26,0x00,0x0f,0x62,0x14,0x23
  ,0x63,0xd2,0xfe,0xe0,0xdd,0xee,0xbe,0xec,0x40,0x13,0x25,0x00,0xe0
  ,0xe0,0xef,0xdc,0xdd,0xe0,0x1f,0x11,0xf0,0x2f,0xe0,0x0d,0xe0,0xde
  ,0x24,0x00,0xff,0xf0,0x0f,0x32,0x25,0x24,0x33,0x02,0xde,0xdd,0x1e
  ,0x11,0x42,0x45,0x44,0x00,0x25,0xe2,0xf0,0xdf,0xfd,0x0f,0x23,0x24
  ,0x54,0x13,0xe0,0xce,0xbd,0xcd,0x24,0x00,0xfd,0x2f,0x22,0x03,0x21
  ,0xe1,0xbc,0xdd,0xee,0xff,0xe0,0x20,0x23,0x43,0x44,0x00,0xf1,0x0e
  ,0xee,0xfd,0xfe,0x2e,0x33,0x41,0x15,0x02,0x02,0xf0,0x0f,0x10,0x24
  ,0x00,0x1f,0x42,0x33,0x22,0x12,0x0f,0xee,0xde,0xec,0x0e,0xff,0xfe
  ,0x1f,0x00,0x25,0x00,0x0e,0xcc,0xcb,0xdb,0xed,0xee,0x4f,0x55,0x14
  ,0xf1,0xe0,0xef,0xed,0xff,0x25,0x00,0xff,0x10,0x34,0x23,0x21,0x43
  ,0x23,0x21,0x21,0x33,0x44,0x43,0x73,0x23,0x25,0x00,0x1e,0x02,0xdf
  ,0xcc,0xed,0x1f,0x0f,0xfd,0x1e,0xff,0xdc,0xdc,0xdd,0x1e,0x25,0x00
  ,0x10,0x00,0x1f,0x0f,0xcd,0xeb,0x0e,0xff,0xde,0xe0,0x20,0xf2,0x0e
  ,0x41,0x25,0x00,0x15,0x0f,0x33,0x43,0x40,0x42,0x23,0x23,0x21,0x00
  ,0x0f,0x2e,0x22,0xf0,0x25,0x00,0x1f,0x13,0x00,0x1f,0x10,0x01,0xe0
  ,0xf0,0x00,0x0e,0xe0,0xe0,0xdf,0xdc,0x25,0x00,0xcd,0xcd,0xdf,0xdf
  ,0xfd,0x10,0x00,0xde,0x1f,0x31,0xf2,0x0d,0x22,0x23,0x26,0x00,0x0d
  ,0x2d,0x23,0x12,0x11,0x12,0x11,0x21,0x00,0x1e,0x43,0x34,0x41,0x34
  ,0x45,0x00,0xf1,0xde,0x10,0x66,0x46,0x32,0x47,0xe0,0xbc,0xcc,0x0d
  ,0x24,0x42,0x65,0x44,0x00,0x22,0x00,0xed,0xcd,0xfd,0xee,0x0f,0x23
  ,0x32,0x12,0xf0,0xef,0xcc,0xeb,0x45,0x00,0xfd,0x02,0x23,0x65,0x56
  ,0xe0,0xc9,0xdb,0xee,0x0f,0x42,0x54,0x44,0x24,0x45,0x00,0x02,0x21
  ,0x10,0x01,0xec,0xfe,0x01,0x33,0x51,0x57,0x12,0xdd,0xbd,0xab,0x45
  ,0x00,0xec,0x21,0x64,0x75,0x12,0xac,0xbe,0xbe,0xcc,0x1f,0x22,0xf1
  ,0xfd,0x0e,0x45,0x00,0x00,0xfe,0xde,0xde,0xdf,0xed,0xed,0x2e,0x54
  ,0x12,0xe0,0xd0,0xcc,0xdc,0x44,0x00,0xef,0x12,0x23,0x20,0x20,0xf1
  ,0xfe,0x00,0x00,0x10,0x21,0x00,0x21,0x45,0x45,0x00,0x12,0x31,0x43
  ,0xe1,0xba,0x1e,0x53,0x56,0x45,0x36,0x03,0x9d,0xab,0xdd,0x45,0x00
  ,0xff,0x20,0x12,0x23,0x0f,0xdc,0xde,0xde,0xbb,0xca,0x0e,0xf0,0xfd
  ,0x22,0x45,0x00,0x14,0xef,0xed,0xdb,0xec,0xfe,0x11,0x64,0x65,0x35
  ,0x11,0x0e,0xee,0xf0,0x25,0x00,0xee,0x10,0x42,0x54,0x13,0x12,0xf0
  ,0xde,0xdf,0xef,0xdc,0x00,0x20,0x32,0x45,0x00,0x0f,0x1f,0xce,0xba
  ,0xc9,0xfc,0x0d,0x10,0x00,0x0f,0xfd,0xcc,0xcc,0xcc,0x46,0x00,0xdd
  ,0x10,0x32,0x2f,0x65,0xe2,0xdd,0x31,0x0f,0xee,0x52,0x54,0x54,0x55
  ,0x25,0x00,0x43,0x34,0x13,0xde,0xde,0xf0,0xcc,0xfd,0x20,0x55,0x22
  ,0x21,0x24,0xe2,0x45,0x00,0xbc,0xfc,0xee,0xff,0x00,0x45,0x35,0x02
  ,0xd0,0xce,0xaa,0x9a,0xed,0x21,0x44,0x00,0x12,0x23,0x22,0x02,0xde
  ,0xde,0xfd,0xed,0x1f,0x32,0x44,0x23,0x01,0xf0,0x45,0x00,0xab,0x9b
  ,0xcd,0x42,0x74,0x74,0x44,0x34,0xef,0xbc,0xee,0xde,0xfe,0x11,0x45
  ,0x00,0x21,0x42,0x32,0x01,0xd0,0x9c,0xcb,0xcb,0x1f,0x2f,0x74,0x56
  ,0xf4,0xce,0x45,0x00,0xcc,0xcc,0xde,0x0f,0x43,0x43,0x44,0xe1,0xee
  ,0x1e,0xde,0xdf,0xff,0x10,0x45,0x00,0x30,0x31,0x22,0xf1,0xf1,0xd0
  ,0x8c,0xdc,0xf0,0x32,0x01,0x22,0x13,0xc0,0x25,0x00,0x00,0xbe,0xdb
  ,0x1e,0x31,0x12,0x23,0x43,0x46,0x24,0x21,0x11,0xd0,0xbc,0x25,0x00
  ,0xcb,0x31,0x35,0x43,0x64,0x05,0xa0,0xba,0xba,0xcc,0x1e,0x13,0x34
  ,0x32,0x25,0x00,0xe1,0xe0,0xcd,0xdb,0xeb,0xdc,0x1e,0x10,0x41,0x44
  ,0x03,0xef,0x1f,0xcf,0x45,0x00,0xcd,0x10,0x52,0x43,0x34,0x01,0x01
  ,0x00,0xfe,0x0e,0x31,0x32,0x22,0x52,0x45,0x00,0x53,0x02,0xf0,0x0f
  ,0xef,0xef,0x21,0x23,0x12,0x32,0xf1,0xde,0xdd,0xdc,0x46,0x00,0xcb
  ,0xed,0xfe,0xff,0xef,0xde,0xba,0xd9,0xdd,0xab,0xca,0x20,0xf1,0xfd
  ,0x45,0x00,0x11,0xe3,0xf0,0xff,0xf0,0x01,0x00,0x10,0x43,0x23,0x03
  ,0x11,0x21,0x01,0x46,0x00,0x1f,0x23,0x65,0x25,0x32,0x24,0x00,0xcc
  ,0xfb,0x10,0xd2,0x40,0x66,0x15,0x45,0x00,0x1f,0xfe,0xfe,0xd0,0xec
  ,0x0f,0x12,0x32,0xf3,0x01,0xf1,0xcd,0xad,0xed,0x45,0x00,0xf0,0x20
  ,0x31,0x46,0x23,0xf0,0xee,0xee,0xbe,0xfd,0x20,0x43,0x45,0x13,0x45
  ,0x00,0x12,0xff,0xbc,0xeb,0x1e,0x21,0x31,0x43,0x24,0x01,0xfe,0xff
  ,0xff,0xee,0x45,0x00,0xdd,0x0f,0x10,0x00,0x10,0x22,0xe1,0xcd,0xdb
  ,0xec,0xfe,0xf1,0x52,0x34,0x46,0x00,0x04,0x22,0xdf,0xcc,0xbd,0x2b
  ,0x54,0x45,0x36,0x43,0x45,0xe1,0x1b,0x14,0x45,0x00,0xef,0x0d,0x10
  ,0x2f,0x31,0x00,0x10,0xd1,0xcd,0xbc,0xdd,0xfe,0xf0,0x20,0x45,0x00
  ,0x02,0xd0,0xef,0xe1,0xee,0xed,0x02,0x01,0x1e,0x41,0x14,0xf0,0x02
  ,0x10,0x25,0x00,0x11,0x12,0x12,0x31,0x42,0x23,0xff,0x22,0x03,0xee
  ,0x0f,0x1f,0xf0,0xef,0x46,0x00,0x10,0xdf,0xba,0xfe,0xdd,0xed,0xec
  ,0xfd,0xdf,0xc9,0xba,0xca,0xbc,0xa9,0x26,0x00,0xfc,0x13,0x11,0x10
  ,0x00,0x21,0xf3,0xfd,0x3f,0x46,0x56,0x45,0x54,0x45,0x46,0x00,0x44
  ,0x43,0x32,0x22,0x11,0x11,0x45,0x65,0x45,0x33,0x0f,0xdd,0xfc,0x1f
  ,0x46,0x00,0x14,0x23,0x12,0xf1,0xbc,0xac,0xaa,0xed,0xde,0xcc,0xee
  ,0xee,0xbd,0xcc,0x47,0x00,0xbc,0xba,0xbc,0xcc,0xdb,0x11,0xf2,0x1d
  ,0x75,0x35,0xef,0x0e,0x11,0xf3,0x25,0x00,0x0e,0x42,0x14,0x1f,0x32
  ,0x11,0x0f,0x10,0x11,0x02,0x00,0x10,0xfe,0x0e,0x45,0x00,0xf2,0xef
  ,0xff,0xde,0xfe,0x00,0x20,0x34,0x20,0x11,0xde,0xcb,0xde,0xed,0x45
  ,0x00,0x11,0x31,0x46,0x14,0xef,0xef,0xbb,0xdd,0xed,0x1f,0x54,0x53
  ,0x43,0x14,0x45,0x00,0x02,0xee,0xbc,0xbd,0xef,0x10,0x56,0x55,0x24
  ,0xf1,0xbc,0xbb,0xbb,0x1f,0x45,0x00,0x20,0x43,0x24,0x01,0x01,0xdf
  ,0xff,0xef,0xee,0xdd,0xdd,0x21,0x10,0x23,0x45,0x00,0x43,0xf0,0xef
  ,0xcc,0xdc,0xee,0x23,0x63,0x63,0x43,0x02,0xef,0xee,0xfd,0x46,0x00
  ,0x10,0x23,0x45,0x33,0x52,0x56,0xef,0x10,0x13,0xae,0x9a,0xcb,0x2e
  ,0x42,0x45,0x00,0x21,0x32,0xcf,0xed,0xaa,0xcb,0x0d,0xff,0x22,0x13
  ,0x01,0xfd,0x0f,0xff,0x26,0x00,0xbc,0x30,0x11,0xfe,0x64,0x22,0x21
  ,0x66,0x02,0x10,0xcd,0xec,0xec,0x62,0x45,0x00,0x55,0x54,0x03,0x14
  ,0xe0,0xdd,0x0f,0x1f,0x12,0xf2,0x13,0xde,0x0f,0xcd,0x26,0x00,0xdd
  ,0xdd,0xcd,0xfe,0xef,0x40,0x43,0x43,0x45,0xe0,0xce,0x9d,0xbb,0xed
  ,0x46,0x00,0x0f,0x44,0x13,0x31,0x32,0xe0,0x21,0x02,0x53,0x53,0x54
  ,0x55,0x24,0x44,0x26,0x00,0x01,0xfd,0x00,0x9e,0xaa,0xba,0xbb,0x20
  ,0x31,0x45,0x14,0x00,0xac,0xcb,0x26,0x00,0x0e,0x10,0xfe,0x20,0xf0
  ,0xf0,0xce,0x0e,0xff,0xfe,0x10,0xad,0x40,0x35,0x25,0x00,0x12,0x34
  ,0x23,0x13,0xf1,0xdf,0xdf,0x00,0x10,0x00,0x40,0x02,0xff,0xef,0x46
  ,0x00,0xef,0x2e,0x01,0x21,0x12,0xf0,0x3f,0x11,0xdf,0xef,0xff,0xcd
  ,0xdc,0xed,0x45,0x00,0xf0,0x11,0xf1,0xef,0x0f,0xde,0xee,0x00,0x12
  ,0x53,0x15,0x12,0xf1,0xd0,0x45,0x00,0xff,0xfe,0x30,0x42,0x22,0x53
  ,0x03,0x1f,0xe0,0xef,0xee,0xff,0x11,0x11,0x45,0x00,0x33,0x43,0xf2
  ,0xd0,0xcd,0x9c,0xbb,0x0d,0x20,0x21,0x43,0xf1,0xde,0xdd,0x25,0x00
  ,0xdd,0xdd,0x1e,0x31,0x53,0x33,0x13,0x01,0xf2,0x00,0x0f,0x1e,0xde
  ,0xed,0x45,0x00,0x11,0x12,0x42,0x54,0x23,0xf0,0xee,0xde,0xfd,0x10
  ,0x23,0x43,0x22,0xff,0x45,0x00,0xef,0xef,0xee,0x0f,0x0f,0x00,0x00
  ,0x0f,0x0f,0x11,0x10,0x00,0xfe,0xbe,0x45,0x00,0xdd,0xef,0xf0,0x22
  ,0x22,0x01,0xfe,0xfe,0xef,0x0d,0x1e,0x01,0x22,0x32,0x46,0x00,0xd1
  ,0x1d,0x12,0x00,0xf0,0x30,0x12,0x1f,0x20,0x11,0x41,0x55,0xe5,0xef
  ,0x25,0x00,0x00,0xff,0xef,0x1f,0x42,0x03,0x1f,0x01,0xdf,0xfc,0xf0
  ,0xff,0xf0,0x1f,0x46,0x00,0x01,0xec,0x10,0xe2,0x0e,0x00,0xbe,0xcc
  ,0x0e,0xef,0x0d,0x40,0x34,0xa0,0x26,0x00,0xfd,0x02,0xde,0xdd,0x1f
  ,0x32,0x34,0x14,0x23,0x31,0x20,0xf1,0x00,0x11,0x47,0x00,0x05,0x1f
  ,0x62,0x55,0x43,0x41,0x43,0xe1,0xeb,0xb0,0xaa,0x0b,0x10,0x50,0x26
  ,0x00,0x13,0x22,0xd2,0xbd,0xfd,0xef,0x2c,0x42,0x12,0x2f,0x23,0x14
  ,0xf0,0xef,0x46,0x00,0xd1,0xe0,0x2f,0x13,0x10,0x53,0x24,0x00,0x2e
  ,0x20,0xcf,0xfb,0x34,0xf0,0x26,0x00,0x3d,0x16,0xd0,0x0d,0xd0,0xec
  ,0xed,0xec,0xd0,0x0f,0x33,0x22,0x10,0x34,0x46,0x00,0xff,0xcd,0x1f
  ,0xe4,0xcc,0x11,0x12,0xe1,0x00,0x33,0x12,0x4f,0x55,0x24,0x46,0x00
  ,0x23,0x25,0x01,0xf1,0xf0,0x11,0x24,0x35,0x26,0x23,0x02,0xce,0xca
  ,0xdc,0x45,0x00,0xff,0x0e,0x1f,0x21,0x11,0x11,0xfe,0xde,0xcd,0xda
  ,0xec,0x0f,0x11,0x22,0x46,0x00,0x25,0xf1,0xcd,0xca,0xcb,0xfe,0x12
  ,0x54,0x67,0x44,0x24,0x20,0x21,0x31,0x46,0x00,0x43,0x1f,0x0f,0x10
  ,0x2f,0x31,0x65,0x56,0x14,0xe1,0xcd,0xaa,0xd9,0x1f,0x26,0x00,0x1f
  ,0x34,0x32,0x14,0xff,0xdf,0xcb,0xee,0xdd,0xdb,0xfd,0x03,0x11,0x62
  ,0x46,0x00,0x33,0x01,0xed,0xde,0xcd,0xda,0x10,0x31,0x56,0x56,0x31
  ,0xf1,0xeb,0x0f,0x46,0x00,0xfc,0x21,0x13,0x10,0x45,0x0f,0x03,0xf0
  ,0x11,0xf2,0xdc,0x12,0xdb,0x00,0x25,0x00,0x11,0x11,0x24,0x01,0x01
  ,0x0f,0xde,0xf0,0xee,0x34,0x01,0x31,0x22,0xef,0x46,0x00,0xf3,0xfe
  ,0x00,0x0f,0x1e,0x11,0x00,0x33,0x00,0xf0,0xe1,0xdd,0xbd,0xdf,0x46
  ,0x00,0xf0,0x20,0x3f,0x22,0xef,0xdf,0xe1,0xdb,0x0d,0xfe,0x00,0x22
  ,0x11,0x22,0x27,0x00,0x21,0x54,0x00,0xfb,0x42,0xed,0x30,0x22,0x65
  ,0x55,0x21,0x43,0xe0,0xac,0x46,0x00,0xe0,0xee,0x10,0x0f,0x31,0x20
  ,0x12,0xdf,0xdc,0xfe,0xcc,0x1f,0x00,0x20,0x47,0x00,0xeb,0x0f,0xee
  ,0xcc,0xcc,0xcc,0xef,0x0e,0x13,0xee,0x67,0xd0,0x32,0x53,0x46,0x00
  ,0x12,0xfe,0x2e,0x20,0xf1,0x23,0x10,0x11,0x00,0x02,0xf2,0xdd,0x13
  ,0xbc,0x26,0x00,0x20,0x12,0x10,0x21,0x11,0x03,0xcd,0x2f,0xe0,0xbc
  ,0xce,0xe0,0xff,0xfd,0x45,0x00,0x53,0x02,0x32,0x11,0xef,0xf0,0xf0
  ,0xff,0x20,0x22,0x32,0x12,0x42,0x10,0x45,0x00,0xfe,0xef,0xef,0xef
  ,0xf0,0x02,0x21,0x23,0x22,0x0f,0xef,0xed,0xbb,0xec,0x46,0x00,0x0f
  ,0x00,0x42,0x53,0x04,0xde,0xcc,0xca,0xca,0x21,0xf0,0x53,0x14,0xf1
  ,0x46,0x00,0x22,0x01,0x23,0x12,0x32,0xf1,0xee,0x0f,0x20,0x53,0x63
  ,0x55,0x24,0xfe,0x46,0x00,0xcc,0xde,0xce,0x21,0x00,0x20,0x31,0xef
  ,0xed,0xed,0xcc,0xfd,0xff,0xff,0x46,0x00,0xdd,0xef,0xf0,0x00,0x12
  ,0x24,0xc0,0xfe,0xee,0xfd,0x0e,0x22,0x35,0x33,0x46,0x00,0x32,0x21
  ,0xce,0x10,0x00,0x1f,0x32,0xe0,0x11,0xf1,0x21,0xf2,0x11,0x64,0x46
  ,0x00,0x90,0x0d,0x00,0x9d,0x1e,0x11,0x32,0xf2,0x4f,0xf3,0xee,0x30
  ,0xd2,0x0f,0x26,0x00,0xd1,0xd0,0x00,0xfe,0x3f,0xf2,0x2f,0x44,0xc1
  ,0x2e,0xb1,0xdc,0xff,0xf0,0x47,0x00,0x30,0x02,0x2f,0x01,0xc0,0x5f
  ,0xb0,0xba,0x0d,0x9d,0x0b,0xef,0x62,0x44,0x47,0x00,0x23,0x34,0xa2
  ,0xdc,0xcc,0xdb,0x60,0x24,0x51,0x56,0x36,0x01,0xff,0x53,0x46,0x00
  ,0xe1,0x0e,0xf1,0xf0,0x00,0xff,0x1f,0x24,0x13,0xee,0xfe,0xcc,0xfb
  ,0xfd,0x46,0x00,0x20,0xd3,0x30,0x22,0xe0,0x2d,0xd0,0x0e,0xc0,0x1e
  ,0x00,0xf1,0x31,0x02,0x46,0x00,0x40,0x35,0xe1,0x1e,0xf0,0xff,0x0f
  ,0x4e,0x02,0x11,0x33,0xf1,0x0f,0x0f,0x46,0x00,0x90,0x0a,0x11,0x0f
  ,0x0d,0x3f,0xf3,0xe0,0x1e,0xd1,0xbb,0xdb,0x1f,0x00,0x25,0x00,0x30
  ,0x54,0x35,0x42,0xe2,0x0d,0xcd,0xeb,0x00,0x1f,0x72,0x26,0x31,0xf1
  ,0x46,0x00,0x0e,0xa1,0xf8,0xf0,0x20,0x62,0x15,0x30,0x11,0xe0,0xbb
  ,0xd9,0xac,0x0a,0x46,0x00,0xe1,0x1e,0xf2,0xef,0x3e,0xc1,0xfc,0x00
  ,0xfd,0x0e,0xc0,0xdd,0xf0,0x31,0x46,0x00,0x43,0x74,0x36,0xe1,0xfc
  ,0x0f,0x00,0x3f,0x44,0x46,0x22,0x11,0x12,0x02,0x25,0x00,0xf0,0xff
  ,0xfd,0x0f,0xee,0xf0,0x1f,0x00,0x21,0x20,0x00,0xef,0xcc,0xee,0x47
  ,0x00,0xee,0x1f,0x24,0x11,0xc0,0xbd,0xce,0xdd,0xde,0x1e,0x44,0x25
  ,0x3f,0x02,0x45,0x00,0x0f,0x31,0x21,0x0e,0x13,0xe1,0xef,0x1f,0x24
  ,0xf0,0x30,0x25,0xd2,0xff,0x45,0x00,0x13,0xd0,0x19,0x44,0xf0,0x0c
  ,0x01,0xd0,0xfd,0x32,0xf4,0xfe,0x11,0xc2,0x25,0x00,0xdd,0x10,0xf2
  ,0xed,0x30,0x12,0xef,0x0f,0xf2,0xdd,0x1f,0x33,0x0f,0x2e,0x46,0x00
  ,0x12,0xfc,0x40,0x44,0xf0,0x0f,0x23,0xef,0x09,0x04,0xef,0x2f,0x33
  ,0x13,0x47,0x00,0xfd,0x02,0xed,0x0e,0x32,0x03,0xff,0x1d,0x03,0xda
  ,0x1f,0x10,0x00,0x00,0x27,0x00,0x24,0x01,0xed,0xff,0x11,0x20,0x42
  ,0x11,0xdb,0xde,0xcf,0xde,0x0f,0x02,0x47,0x00,0xee,0x22,0xc0,0xcb
  ,0x11,0x1e,0x11,0x20,0x35,0xee,0xdd,0xf1,0x0b,0x41,0x47,0x00,0x12
  ,0x0d,0x32,0x32,0x23,0x0e,0x41,0x26,0xcc,0x2f,0x26,0xdb,0x2f,0x63
  ,0x26,0x00,0x15,0xea,0x34,0xde,0xec,0x12,0xdf,0xed,0x12,0xe3,0xc9
  ,0x32,0xf0,0x1d,0x45,0x00,0x33,0x23,0xfe,0x00,0xff,0xdd,0x10,0x1f
  ,0x00,0x12,0x35,0x00,0x20,0x10,0x46,0x00,0xba,0xfe,0x03,0xef,0x21
  ,0x54,0x13,0x22,0x11,0xde,0xcc,0xec,0xe0,0x00,0x46,0x00,0x11,0xef
  ,0x10,0xe0,0x00,0x1f,0x21,0xf2,0xcd,0xde,0xcc,0xdc,0x0f,0x34,0x46
  ,0x00,0x45,0x34,0xf2,0xdd,0xdc,0x1f,0x10,0x55,0x14,0xf0,0x1f,0x01
  ,0x22,0x12,0x26,0x00,0x21,0xf0,0xcc,0xed,0xcd,0xde,0x10,0x52,0x45
  ,0x12,0xf0,0xac,0xde,0xef,0x47,0x00,0x9a,0x21,0xe0,0xdd,0x1d,0x43
  ,0xd0,0xca,0x23,0xde,0x41,0x24,0xab,0x66,0x26,0x00,0xdf,0x0e,0x53
  ,0x12,0xe1,0xff,0x21,0xcc,0xfc,0x53,0x12,0x20,0x53,0x02,0x46,0x00
  ,0xe0,0x10,0x32,0xf0,0xff,0x01,0xac,0x30,0x0f,0x01,0x32,0x14,0xf1
  ,0xed,0x46,0x00,0x10,0xdf,0xdc,0x41,0xf0,0xff,0x01,0x00,0xed,0x10
  ,0xf0,0x00,0xf0,0xe1,0x26,0x00,0xcd,0x32,0xf1,0xf1,0x33,0x23,0x00
  ,0xfe,0xf0,0xcf,0xce,0x21,0x0f,0x20,0x47,0x00,0x13,0x11,0x53,0x04
  ,0x00,0x31,0x12,0xce,0x0f,0x42,0x03,0x21,0x52,0x13,0x27,0x00,0xee
  ,0xdd,0x2f,0xef,0xed,0x0e,0xcd,0x0f,0xf0,0xcd,0x4f,0xe3,0xac,0x6f
  ,0x47,0x00,0xd0,0xde,0xac,0x61,0xa0,0xdb,0x63,0xc0,0x3e,0x34,0xe0
  ,0x20,0xf0,0x0e,0x46,0x00,0x00,0x32,0x13,0xf0,0x41,0xf3,0xff,0x51
  ,0xe1,0x2f,0xf0,0x0f,0x01,0xbd,0x46,0x00,0x3f,0xd0,0x20,0x33,0x22
  ,0x44,0xd1,0xfe,0xce,0xee,0xde,0xed,0x51,0x23,0x46,0x00,0x12,0x43
  ,0xe1,0xef,0xd0,0xee,0x0f,0xee,0x4f,0x22,0x22,0x03,0xf1,0xfe,0x47
  ,0x00,0x9d,0xfb,0xef,0x1f,0x10,0xec,0x4f,0xd1,0xfc,0x71,0x36,0x43
  ,0xe1,0xae,0x46,0x00,0xcd,0xcd,0x0e,0x41,0x53,0x44,0x11,0x3f,0xef
  ,0x0e,0x01,0x21,0x31,0xf0,0x47,0x00,0xee,0x3f,0xe1,0x61,0x36,0x02
  ,0xef,0xbc,0xcb,0x9b,0x0b,0x3f,0xb0,0x2c,0x47,0x00,0xad,0xeb,0xde
  ,0xed,0xff,0xbc,0xdb,0xed,0xef,0x30,0x23,0xf1,0xf0,0x63,0x27,0x00
  ,0xd7,0x0f,0x10,0xff,0xce,0x3e,0x57,0xf3,0x52,0x56,0x25,0x22,0x12
  ,0xc0,0x47,0x00,0x3e,0x23,0x52,0x12,0x21,0xf0,0xfd,0x10,0xd2,0xff
  ,0x00,0xff,0xed,0xdf,0x27,0x00,0xff,0xce,0x1d,0x01,0x0f,0xef,0xe0
  ,0xfe,0x0f,0x10,0x11,0xe1,0xff,0xff,0x27,0x00,0x1f,0x31,0x31,0x33
  ,0x14,0x13,0xe1,0xee,0xff,0xf0,0x10,0x32,0x14,0x1f,0x28,0x00,0x23
  ,0x14,0x31,0x23,0x0f,0xef,0xed,0xcf,0x1d,0x24,0x33,0x54,0x25,0xd0
  ,0x47,0x00,0xed,0xfc,0xe0,0xe0,0xee,0xcf,0xdf,0xce,0x0c,0xe1,0xee
  ,0xdf,0xdd,0x0e,0x28,0x00,0xd4,0x3b,0xd5,0x49,0xd7,0x19,0x33,0x10
  ,0x21,0x20,0x52,0xe4,0x19,0x55,0x46,0x00,0x01,0x10,0x22,0x2f,0x01
  ,0xff,0xf0,0x01,0x21,0x30,0x32,0x24,0x21,0x00,0x47,0x00,0xed,0xbd
  ,0xfd,0x01,0x51,0x44,0x32,0x34,0x03,0xff,0xec,0xcc,0xed,0xe0,0x28
  ,0x00,0xf9,0x43,0x43,0x42,0xf3,0xbc,0xca,0xea,0xcd,0xec,0xd0,0xbc
  ,0xec,0x1f,0x47,0x00,0x1e,0x32,0x22,0x22,0xff,0xfd,0xcd,0xd9,0x10
  ,0x53,0x55,0x53,0x35,0xe1,0x27,0x00,0xff,0x00,0x11,0x21,0x24,0xd0
  ,0xdd,0xec,0xfe,0x10,0x30,0x31,0x1f,0xff,0x27,0x00,0xdd,0xdc,0xdd
  ,0xfe,0x13,0xcf,0xca,0xd0,0xfe,0x21,0x12,0xf2,0xef,0xfd,0x27,0x00
  ,0xe2,0xfd,0x31,0x22,0x0f,0x53,0x36,0xf0,0x1e,0x33,0xdf,0x1d,0x24
  ,0xcd,0x46,0x00,0x01,0x32,0x42,0x41,0x24,0x12,0x0f,0x01,0x0f,0xff
  ,0x12,0xf2,0x11,0x22,0x27,0x00,0x12,0x0d,0x32,0x0f,0xe0,0xef,0xed
  ,0xee,0xfc,0x11,0xe0,0xf1,0xdc,0xed,0x27,0x00,0xfe,0x0f,0x01,0x00
  ,0x01,0xe1,0xfd,0x20,0x10,0x31,0x33,0x43,0xf1,0xee,0x47,0x00,0xee
  ,0x01,0x10,0x33,0x34,0x24,0x1f,0x34,0x14,0x20,0x22,0x01,0xf0,0x0f
  ,0x27,0x00,0xcb,0xed,0x20,0x66,0x01,0x12,0x14,0xbd,0xdb,0x32,0xd1
  ,0xcc,0x1f,0xd2,0x26,0x00,0xcb,0x2f,0x22,0xef,0x11,0x23,0xde,0xef
  ,0xf1,0xe0,0x00,0x23,0xee,0x0f,0x47,0x00,0x03,0xdc,0x64,0x44,0x04
  ,0x10,0x34,0xcf,0xcb,0x23,0x01,0x54,0x42,0x57,0x27,0x00,0x14,0x14
  ,0x00,0x10,0x01,0xde,0xff,0xec,0x11,0xee,0x42,0x02,0x0f,0xee,0x47
  ,0x00,0x1e,0xff,0xed,0x0e,0xff,0xcc,0xfe,0x0e,0x20,0x0e,0x32,0xe0
  ,0xdf,0xcc,0x47,0x00,0xb9,0x0d,0xed,0x32,0x23,0x22,0xf0,0x01,0x12
  ,0x02,0x34,0xe1,0xde,0xee,0x47,0x00,0xff,0x21,0x31,0x44,0x13,0x24
  ,0xc0,0xee,0xfd,0x1e,0x0e,0x10,0xf0,0xff,0x47,0x00,0xee,0x30,0x01
  ,0xef,0x45,0xbe,0xfd,0xdd,0xee,0xef,0x1f,0x53,0xde,0x43,0x47,0x00
  ,0xe1,0xee,0x21,0x0f,0x21,0xf1,0xff,0xee,0x1d,0x2f,0x32,0x42,0x43
  ,0x23,0x48,0x00,0xd3,0x00,0x22,0xae,0x2f,0x33,0xcf,0x53,0x33,0x00
  ,0x73,0x55,0xe0,0x32,0x48,0x00,0x9d,0x1e,0xbc,0x41,0x33,0xef,0x20
  ,0xff,0xed,0xee,0x41,0xe1,0xff,0xbe,0x48,0x00,0xab,0xca,0xdd,0x1f
  ,0x63,0x33,0x01,0xde,0xf0,0xbc,0xdb,0x31,0x02,0xe0,0x47,0x00,0x00
  ,0x0f,0x11,0x12,0x33,0x14,0x13,0xe0,0xdd,0xfe,0xfe,0x0f,0x21,0x01
  ,0x47,0x00,0x20,0xc0,0x20,0x01,0xef,0x40,0xe0,0xfd,0xdc,0x2e,0xe0
  ,0xfe,0x41,0x02,0x47,0x00,0xde,0x2e,0x00,0xc0,0x20,0x01,0xf0,0xfe
  ,0xe0,0xef,0x1e,0xf1,0x21,0x24,0x47,0x00,0x14,0x22,0x01,0x1e,0xe0
  ,0xae,0x40,0xe1,0x4e,0x33,0x34,0x01,0x34,0xc2,0x47,0x00,0x1e,0x01
  ,0xdd,0x2f,0x10,0x2f,0x22,0x21,0x01,0x1e,0x1f,0xff,0x0f,0xf1,0x48
  ,0x00,0xd0,0xec,0x2d,0xef,0xed,0x52,0xc2,0x40,0xe5,0xdc,0xcc,0xdc
  ,0xed,0x0e,0x48,0x00,0x20,0x13,0x12,0x11,0x0f,0x10,0x00,0x61,0x03
  ,0x01,0xdf,0xeb,0xef,0x30,0x48,0x00,0x52,0x14,0x11,0xe0,0xad,0xec
  ,0x40,0xc1,0x5b,0x64,0xb1,0xcc,0xfe,0x31,0x47,0x00,0xc0,0x4f,0x03
  ,0x9f,0xeb,0x20,0xf0,0x0e,0x53,0xd6,0xdc,0x21,0xd2,0xdd,0x27,0x00
  ,0x20,0x02,0x0e,0x40,0x24,0xef,0x51,0x05,0xed,0x0e,0xf1,0xbc,0x2c
  ,0x34,0x48,0x00,0x10,0x62,0x26,0x3f,0xb1,0x19,0xe2,0xdb,0xfe,0x20
  ,0x03,0xef,0x40,0xe4,0x29,0x00,0x2a,0x46,0xe2,0xcb,0xba,0xba,0xcc
  ,0x4f,0x07,0x2d,0x42,0xf4,0xcd,0xeb,0x48,0x00,0x11,0x01,0x2f,0x44
  ,0x21,0xef,0x00,0x23,0x02,0x1f,0x13,0xff,0x1f,0x32,0x48,0x00,0x33
  ,0x21,0x12,0xf1,0x10,0x00,0xd0,0x0f,0x30,0xf1,0xdd,0xf1,0xd1,0xbb
  ,0x48,0x00,0xec,0xd1,0xde,0xff,0x10,0xf3,0xde,0xff,0xc0,0xeb,0x0e
  ,0x00,0xdf,0x2d,0x49,0x00,0x33,0xdc,0x2e,0x17,0xe2,0x01,0x31,0xc1
  ,0xfc,0x34,0x03,0x01,0x33,0x14,0x4a,0x00,0x19,0x42,0xf4,0x3f,0x32
  ,0x13,0x00,0x0e,0x03,0x00,0x10,0xf2,0x01,0x1f,0x0c,0x00,0xef,0xfe
  ,0xee,0xfe,0xff,0xff,0xef,0xef,0xee,0xff,0xfe,0xef,0xee,0xef,0x0c
  ,0x00,0xee,0xee,0xee,0xff,0xff,0xef,0xef,0xff,0xff,0xef,0xef,0xee
  ,0xee,0xff,0x0c,0x00,0xfe,0xff,0xfe,0xff,0xef,0xef,0xee,0xff,0xef
  ,0xff,0xef,0xfe,0xef,0xff,0x0c,0x00,0xee,0xef,0xee,0xee,0xff,0xff
  ,0xef,0xfe,0xff,0xfe,0xff,0xff,0xee,0xfe,0x0c,0x00,0xef,0xff,0xff
  ,0xee,0xff,0xef,0xfe,0xff,0xff,0xee,0xfe,0xff,0xee,0xff,0x0c,0x00
  ,0xff,0xf0,0xef,0xee,0xef,0xee,0xfe,0xee,0xff,0xee,0xee,0xef,0xff
  ,0xfe,0x0c,0x00,0xef,0xff,0xff,0xee,0xff,0xff,0xff,0xff,0xfe,0xfe
  ,0xfe,0xef,0xfe,0xee,0x0c,0x00,0xfe,0xef,0xfe,0xee,0xff,0xfe,0xff
  ,0xff,0xef,0xfe,0xef,0xff,0xfe,0xef,0x0c,0x00,0xef,0xef,0xfe,0xff
  ,0xfe,0xff,0xee,0xfe,0xfe,0xff,0xfe,0xee,0xee,0xff,0x0c,0x00,0xff
  ,0xef,0xfe,0xff,0xef,0xef,0xfe,0xff,0xef,0xee,0xff,0xfe,0xff,0xff
  ,0x0c,0x00,0xff,0xff,0xff,0xee,0xef,0xee,0xfe,0xfe,0xff,0xff,0xee
  ,0xfe,0xee,0xff,0x0c,0x00,0xff,0xfe,0xff,0xff,0xef,0xff,0xee,0xee
  ,0xfe,0xee,0xfe,0xfe,0xfe,0xff,0x0c,0x00,0xee,0xff,0xef,0xff,0xfe
  ,0xff,0xef,0xff,0xfe,0xee,0xee,0xef,0xfe,0xfe,0x0c,0x00,0xef,0xff
  ,0xfe,0xff,0xfe,0xef,0xfe,0xee,0xee,0xfe,0xef,0xef,0xef,0xfe,0x0c
  ,0x00,0xfe,0xff,0xfe,0xff,0xff,0xee,0xee,0xff,0xef,0xfe,0xef,0xef
  ,0xff,0xfe,0x0c,0x00,0xfe,0xef,0xef,0xfe,0xff,0xee,0xef,0xff,0xff
  ,0xff,0xff,0xef,0xfe,0xfe,0x0c,0x00,0xef,0xff,0xef,0xef,0xef,0xff
  ,0xef,0xef,0xef,0xff,0xef,0xef,0xef,0xee,0x0c,0x00,0xff,0xfe,0xff
  ,0xff,0xef,0xef,0xfe,0xfe,0xef,0xef,0xee,0xff,0xef,0xef,0x0c,0x00
  ,0xfe,0xff,0xff,0xef,0xff,0xee,0xfe,0xff,0xee,0xff,0xff,0xff,0xff
  ,0xef,0x0c,0x00,0xff,0xef,0xee,0xff,0xef,0xff,0xfe,0xff,0xff,0xef
  ,0xee,0xee,0xff,0xfe,0x0c,0x00,0xfe,0xff,0xee,0xee,0xff,0xff,0xef
  ,0xfe,0xfe,0xff,0xff,0xff,0xef,0xff,0x0c,0x00,0xef,0xef,0xfe,0xef
  ,0xee,0xfe,0xef,0xee,0xef,0xef,0xee,0xff,0xff,0xff,0x0c,0x00,0xee
  ,0xef,0xfe,0xff,0xff,0xff,0xef,0xef,0xee,0xef,0xef,0xfe,0xfe,0xee
  ,0x0c,0x00,0xef,0xef,0xfe,0xff,0xee,0xff,0xef,0xff,0xff,0xff,0xef
  ,0xfe,0xfe,0xff,0x0c,0x00,0xff,0xff,0xfe,0xef,0xef,0xee,0xff,0xff
  ,0xee,0xfe,0xee,0xef,0xff,0xee,0x0c,0x00,0xee,0xff,0xef,0xff,0xef
  ,0xef,0xef,0xff,0xfe,0xfe,0xfe,0xef,0xfe,0xfe,0x0c,0x00,0xff,0xee
  ,0xff,0xef,0xff,0xff,0xef,0xfe,0xff,0xee,0xef,0xef,0xef,0xfe,0x0c
  ,0x00,0xff,0xfe,0xff,0xfe,0xff,0xff,0xfe,0xff,0xef,0xfe,0xee,0xee
  ,0xee,0xff,0x0c,0x01,0xef,0xee,0xef,0xfe,0xef,0xee,0xfe,0xef,0xfe
  ,0xff,0xfe,0xff,0x0e,0x00,0x0c,0x00,0xfe,0xee,0xee,0xef,0xff,0xff
  ,0xee,0xff,0xff,0xff,0xff,0xef,0xfe,0xff,0x0c,0x00,0xef,0xee,0xee
  ,0xef,0xee,0xff,0xff,0xee,0xff,0xfe,0xff,0xef,0xfe,0xff,0x0c,0x00
  ,0xee,0xef,0xfe,0xfe,0xff,0xee,0xff,0xfe,0xfe,0xef,0xee,0xff,0xef
  ,0xff,0x0c,0x00,0xfe,0xef,0xfe,0xee,0xff,0xff,0xff,0xee,0xff,0xff
  ,0xfe,0xff,0xff,0xee,0x0c,0x00,0xfe,0xff,0xef,0xef,0xef,0xff,0xef
  ,0xfe,0xff,0xef,0xef,0xee,0xef,0xef,0x0c,0x00,0xff,0xfe,0xff,0xef
  ,0xff,0xee,0xfe,0xff,0xff,0xfe,0xfe,0xfe,0xff,0xff,0x0c,0x00,0xff
  ,0xef,0xee,0xff,0xee,0xfe,0xff,0xff,0xff,0xee,0xee,0xef,0xfe,0xef
  ,0x0c,0x00,0xef,0xfe,0xff,0xff,0xff,0xfe,0xfe,0xef,0xef,0xef,0xff
  ,0xee,0xff,0xfe,0x0c,0x00,0xef,0xfe,0xef,0xee,0xee,0xfe,0xfe,0xfe
  ,0xff,0xfe,0xfe,0xfe,0xfe,0xff,0x0c,0x00,0xff,0xfe,0xfe,0xff,0xee
  ,0xff,0xfe,0xfe,0xee,0xfe,0xef,0xff,0xee,0xef,0x0c,0x00,0x0f,0xff
  ,0xff,0xef,0xee,0xef,0xff,0xff,0xef,0xee,0xff,0xff,0xff,0xee,0x0c
  ,0x00,0xff,0xff,0xee,0xff,0xef,0xff,0xff,0xef,0xff,0xfe,0xee,0xfe
  ,0xfe,0xee,0x0c,0x00,0xfe,0xfe,0xee,0xee,0xff,0xef,0xfe,0xee,0xfe
  ,0xee,0xfe,0xee,0xee,0xef,0x0c,0x00,0xee,0xff,0xee,0xff,0xef,0xfe
  ,0xef,0xfe,0xee,0xff,0xef,0xee,0xff,0xff,0x0c,0x00,0xff,0xee,0xfe
  ,0xee,0xff,0xee,0xff,0xef,0xff,0xff,0xfe,0xfe,0xff,0xee,0x0c,0x00
  ,0xfe,0xff,0xff,0xfe,0xff,0xee,0xef,0xfe,0xee,0xfe,0xef,0xef,0xfe
  ,0xef,0x0c,0x00,0xff,0xff,0xff,0xee,0xfe,0xfe,0xee,0xef,0xee,0xff
  ,0xff,0xfe,0xff,0xff,0x0c,0x00,0xee,0xfe,0xff,0xfe,0xfe,0xff,0xef
  ,0xff,0xff,0xee,0xff,0xff,0xef,0xff,0x0c,0x00,0xfe,0xee,0xee,0xef
  ,0xff,0xff,0xfe,0xfe,0xee,0xfe,0xef,0xef,0xfe,0xff,0x0c,0x00,0xff
  ,0xee,0xfe,0xef,0xfe,0xff,0xff,0xee,0xee,0xef,0xff,0xfe,0xfe,0xfe
  ,0x0c,0x00,0xef,0xef,0xef,0xff,0xff,0xef,0xff,0xff,0xfe,0xff,0xff
  ,0xef,0xfe,0xef,0x0c,0x00,0xff,0xff,0xef,0xef,0xef,0xfe,0xff,0xef
  ,0xff,0xee,0xfe,0xfe,0xee,0xfe,0x0c,0x00,0xee,0xff,0xef,0xef,0xff
  ,0xff,0xee,0xef,0xfe,0xee,0xff,0xff,0xee,0xfe,0x0c,0x00,0xee,0xff
  ,0xef,0xff,0xef,0xef,0xfe,0xef,0xef,0xff,0xff,0xfe,0xff,0xee,0x0c
  ,0x00,0xff,0xff,0xff,0xee,0xff,0xfe,0xef,0xff,0xee,0xff,0xff,0xfe
  ,0xff,0xfe,0x0c,0x00,0xee,0xfe,0xfe,0xfe,0xee,0xff,0xfe,0xff,0xff
  ,0xef,0xfe,0xfe,0xef,0xef,0x0c,0x00,0xfe,0xef,0xff,0xff,0xee,0xef
  ,0xff,0xef,0xfe,0xef,0xef,0xff,0xff,0xff,0x0c,0x00,0xee,0xef,0xff
  ,0xfe,0xef,0xee,0xff,0xff,0xfe,0xfe,0xee,0xee,0xee,0xe0,0x0c,0x00
  ,0xee,0xff,0xff,0xfe,0xfe,0xef,0xfe,0xfe,0xfe,0xff,0xee,0xee,0xef
  ,0xef,0x0c,0x00,0xff,0xff,0xfe,0xff,0xff,0xfe,0xff,0xff,0xff,0xef
  ,0xef,0xef,0xee,0xee,0x0c,0x00,0xfe,0xee,0xef,0xff,0xff,0xee,0xff
  ,0xff,0xef,0xef,0xef,0xee,0xff,0xfe,0x0c,0x00,0xef,0xff,0xfe,0xfe
  ,0xef,0xef,0xfe,0xfe,0xfe,0xef,0xef,0xff,0xff,0xef,0x0c,0x00,0xee
  ,0xff,0xee,0xff,0xee,0xfe,0xff,0xef,0xff,0xee,0xee,0xff,0xff,0xff
  ,0x0c,0x00,0xee,0xff,0xff,0xef,0xff,0xfe,0xff,0xff,0xff,0xee,0xee
  ,0xef,0xfe,0xef,0x0c,0x00,0xff,0xff,0xff,0xff,0xfe,0xff,0xff,0xff
  ,0xff,0xff,0xee,0xff,0xee,0xff,0x0c,0x00,0xfe,0xfe,0xef,0xef,0xef
  ,0xff,0xff,0xef,0xfe,0xef,0xff,0xee,0xff,0xee,0x0c,0x00,0xee,0xfe
  ,0xff,0xee,0xfe,0xff,0xfe,0xef,0xfe,0xff,0xff,0xef,0xef,0xef,0x0c
  ,0x00,0xef,0xef,0xef,0xef,0xef,0xff,0xef,0xef,0xfe,0xff,0xee,0xfe
  ,0xee,0xfe,0x0c,0x00,0xff,0xef,0xee,0xee,0xfe,0xfe,0xff,0xff,0xfe
  ,0xfe,0xff,0xef,0xef,0xef,0x0c,0x00,0xff,0xef,0xfe,0xff,0xff,0xef
  ,0xff,0xff,0xef,0xff,0xff,0xef,0xff,0xef,0x0c,0x00,0xfe,0xef,0xef
  ,0xfe,0xff,0xef,0xef,0xfe,0xef,0xee,0xff,0xef,0xfe,0xfe,0x0c,0x00
  ,0xfe,0xff,0xee,0xee,0xef,0xfe,0xff,0xfe,0xee,0xee,0xff,0xfe,0xff
  ,0xef,0x0c,0x00,0xee,0xff,0xfe,0xff,0xfe,0xee,0xef,0xee,0xfe,0xff
  ,0xff,0xff,0xee,0xff,0x0c,0x00,0xef,0xff,0xff,0xee,0xff,0xee,0xef
  ,0xfe,0xee,0xfe,0x0f,0xff,0xee,0xff,0x0c,0x00,0xef,0xef,0xff,0xfe
  ,0xff,0xff,0xfe,0xfe,0xff,0xff,0xef,0xff,0xff,0xef,0x0c,0x00,0xff
  ,0xff,0xff,0xee,0xfe,0xef,0xee,0xee,0xfe,0xfe,0xff,0xee,0xef,0xfe
  ,0x0c,0x00,0xfe,0xfe,0xff,0xee,0xfe,0xee,0xee,0xff,0xef,0xff,0xff
  ,0xee,0xef,0xff,0x0c,0x00,0xff,0xff,0xff,0xfe,0xef,0xff,0xff,0xff
  ,0xff,0xff,0xef,0xff,0xff,0xfe,0x0c,0x00,0xff,0xef,0xee,0xee,0xff
  ,0xee,0xfe,0xff,0xff,0xff,0xff,0xef,0xff,0xff,0x0c,0x00,0xff,0xfe
  ,0xfe,0xfe,0xff,0xff,0xff,0xfe,0xef,0xfe,0xef,0xff,0xfe,0xfe,0x0c
  ,0x00,0xee,0xff,0xee,0xf0,0xfe,0xee,0xfe,0xff,0xfe,0xef,0xef,0xef
  ,0xff,0xfe,0x0c,0x00,0xff,0xef,0xef,0xef,0xff,0xfe,0xff,0xff,0xef
  ,0xff,0xef,0xee,0xff,0xef,0x29,0x00,0x00,0x00,0x00,0x10,0x21,0x11
  ,0x10,0x05,0xdc,0x0e,0x15,0xbd,0x1c,0x35,0x49,0x00,0xde,0x0c,0x35
  ,0x01,0x0e,0x21,0x1f,0xdd,0xde,0xde,0xf0,0xdd,0x32,0x27,0x49,0x00
  ,0x00,0x11,0xe2,0xca,0x10,0xef,0xe9,0x34,0xe1,0xfc,0x46,0xf0,0x12
  ,0x01,0x29,0x00,0x1e,0x24,0xcf,0xea,0x46,0xbd,0x09,0x56,0xff,0x30
  ,0x46,0xef,0x11,0xdf,0x49,0x00,0xeb,0xf3,0xbe,0x10,0x46,0xef,0xf0
  ,0xf3,0xeb,0x33,0xf0,0xda,0x15,0xac,0x49,0x00,0xdb,0x22,0xe0,0xff
  ,0x01,0x1f,0x34,0xef,0xed,0x27,0xac,0xfc,0x55,0xfe,0x2a,0x00,0xfc
  ,0x57,0x34,0x54,0x37,0xed,0x43,0xd0,0xfd,0x54,0xdf,0xec,0xff,0x0b
  ,0x48,0x00,0x42,0xf1,0xfe,0x32,0x01,0xcc,0x01,0xe0,0xdc,0xef,0x00
  ,0x12,0x11,0x0f,0x49,0x00,0x35,0xef,0xa9,0xff,0xbd,0xcb,0x0f,0xe0
  ,0x11,0x24,0xef,0x31,0x36,0xef,0x28,0x00,0x20,0x10,0x0f,0xfd,0xff
  ,0x31,0x02,0x1f,0x43,0x23,0xde,0x12,0xe0,0xec,0x48,0x00,0x0f,0x10
  ,0x11,0x12,0x11,0x2f,0x10,0x1f,0x0e,0xed,0xf0,0xdf,0xcc,0x1e,0x48
  ,0x00,0x02,0xdc,0x2f,0x34,0xcd,0x20,0xff,0xcc,0xce,0xfe,0x1f,0x01
  ,0xf0,0x23,0x48,0x00,0xf2,0x01,0x21,0xff,0x1e,0x00,0xee,0x30,0x44
  ,0xff,0x30,0x64,0x01,0x20,0x28,0x00,0x11,0x01,0xd0,0xcd,0x20,0xe0
  ,0xed,0x3f,0x54,0xf0,0x20,0x23,0xce,0xed,0x48,0x00,0xff,0x0f,0xde
  ,0x0f,0xce,0xff,0xce,0xed,0xde,0x2f,0x22,0xcd,0x11,0xf2,0x27,0x00
  ,0xce,0xfe,0x10,0xef,0x1f,0x30,0x12,0x00,0x10,0x01,0x10,0xf0,0x20
  ,0x31,0x28,0x00,0xf0,0x21,0x22,0x01,0x22,0x02,0x32,0x12,0xdf,0x0d
  ,0xfe,0xed,0xdd,0xdd,0x28,0x00,0x22,0x25,0xd0,0x32,0x35,0xac,0x1d
  ,0x11,0xbf,0xdb,0xfe,0xed,0xdc,0xf0,0x28,0x00,0x21,0x10,0xef,0x00
  ,0xcf,0x00,0x0f,0xbe,0x3f,0x53,0xd0,0x40,0x45,0xc2,0x27,0x00,0x1f
  ,0x22,0xf1,0xef,0xe0,0x11,0x11,0xf1,0x22,0x44,0xe0,0x5f,0x12,0xe1
  ,0x47,0x00,0x12,0x11,0x2f,0x32,0xf0,0x31,0x23,0xe1,0x21,0x13,0xff
  ,0x2f,0xde,0x1d,0x27,0x00,0x01,0xae,0x1e,0x12,0xbd,0x2d,0xd0,0xcc
  ,0xfd,0x00,0x01,0x32,0x04,0x10,0x47,0x00,0xdd,0xfd,0xfe,0x0e,0x0f
  ,0x1f,0xcf,0x1f,0x12,0xf1,0x23,0x01,0x00,0x52,0x27,0x00,0x14,0x20
  ,0x31,0x01,0x00,0x1f,0x32,0x33,0xe0,0x1f,0x11,0xee,0xeb,0xce,0x46
  ,0x00,0xf1,0xe1,0x20,0x11,0xf1,0xff,0x3f,0xe0,0xff,0x01,0xaf,0x0e
  ,0xf1,0xef,0x47,0x00,0xff,0x11,0xd0,0xec,0x0e,0x50,0xc2,0x9a,0xdd
  ,0xce,0x1b,0x2f,0x10,0x21,0x47,0x00,0x22,0xf0,0x31,0xc4,0xcb,0x0e
  ,0x22,0x2f,0x41,0xf6,0x12,0x34,0x53,0x74,0x47,0x00,0x05,0xef,0x2e
  ,0x23,0x12,0x21,0xf2,0x52,0x34,0x64,0x47,0xe2,0xfd,0x0f,0x26,0x00
  ,0xde,0xfd,0xf0,0xcf,0xdd,0xf0,0xf0,0xf0,0x01,0xde,0xbd,0xed,0xf0
  ,0xce,0x26,0x00,0x1e,0x35,0x12,0x41,0x24,0xc1,0xed,0x00,0xf0,0xff
  ,0x00,0x10,0x21,0x11,0x46,0x00,0x32,0x26,0x11,0x31,0x31,0x23,0x22
  ,0x22,0x11,0x41,0x44,0x43,0x35,0x12,0x26,0x00,0xcf,0xed,0xf0,0xe1
  ,0xfe,0x0f,0x11,0xde,0xfa,0x0f,0xb0,0xeb,0x42,0xf5,0x26,0x00,0xbd
  ,0xfe,0xf1,0xfe,0xf1,0xf0,0x40,0xd3,0xca,0x0f,0x02,0xef,0xfc,0x0e
  ,0x44,0x00,0x01,0xe2,0xfd,0x2f,0xf1,0xfd,0x30,0x23,0xf0,0x00,0x20
  ,0x00,0xef,0x00,0x25,0x00,0x12,0x02,0x0f,0x21,0x12,0x20,0xff,0x2d
  ,0x54,0x04,0xdd,0x10,0xf4,0xed,0x46,0x00,0x44,0x45,0x14,0x00,0x21
  ,0x02,0xc2,0xb9,0x2d,0x06,0xed,0x10,0x00,0xd2,0x25,0x00,0xee,0xee
  ,0x22,0x10,0xde,0xec,0xfd,0xef,0xdd,0x0b,0x32,0x01,0xfe,0x23,0x25
  ,0x00,0xf0,0xdc,0x1e,0x11,0x32,0x24,0x31,0x42,0x11,0xee,0x10,0x22
  ,0xfe,0x1f,0x25,0x00,0x23,0x23,0xf2,0x12,0x32,0x21,0x31,0x34,0x00
  ,0xf2,0xef,0xee,0x01,0x00,0x46,0x00,0x3d,0x56,0xf2,0xd9,0xe0,0xbd
  ,0xdd,0xee,0x0e,0xf0,0xbd,0x8a,0xab,0xc9,0x25,0x00,0x00,0xed,0x1e
  ,0x01,0xde,0xdc,0x10,0xf0,0xff,0x00,0x22,0xf3,0xef,0x10,0x45,0x00
  ,0x11,0xed,0x31,0x33,0xf1,0x01,0xf1,0x11,0x13,0x12,0x20,0x13,0x01
  ,0x20,0x25,0x00,0x10,0x43,0x35,0x24,0x24,0x35,0xdc,0xee,0xef,0xff
  ,0x0f,0x30,0x22,0xf1,0x26,0x00,0xcc,0x0e,0xfe,0xed,0x10,0xd0,0xbb
  ,0xe0,0xba,0x1f,0x02,0x1f,0x21,0x13,0x45,0x00,0xde,0xcd,0xed,0xdc
  ,0xef,0x11,0x0f,0xee,0xf0,0xef,0xed,0xff,0x0f,0x00,0x25,0x00,0xf0
  ,0xba,0x31,0x15,0xcb,0x4f,0x37,0xd1,0x11,0x01,0xcb,0xfe,0xfe,0x3f
  ,0x24,0x00,0x33,0x44,0x31,0x11,0x11,0xef,0xfe,0x12,0xf0,0x0e,0x23
  ,0x03,0xf0,0x10,0x45,0x00,0x1f,0x33,0x34,0xf0,0x11,0xe2,0xbc,0x30
  ,0x23,0xe0,0x21,0x01,0xdd,0xcc,0x25,0x00,0xdc,0xeb,0xdc,0xff,0x00
  ,0x42,0x0f,0xa9,0x1d,0x33,0xe2,0x32,0x24,0xde,0x45,0x00,0xee,0xff
  ,0xec,0x31,0xf2,0x20,0x14,0xe1,0x31,0xe0,0x0f,0x32,0x42,0x33,0x45
  ,0x00,0xbd,0xfd,0x22,0x10,0xfe,0x41,0xff,0xed,0x1f,0x43,0x25,0xf1
  ,0x3f,0x33,0x45,0x00,0xac,0x2c,0x64,0xf0,0x32,0x23,0x24,0x44,0xcf
  ,0xbe,0x43,0x12,0xef,0x32,0x25,0x00,0x13,0x00,0xfe,0x42,0x34,0xbe
  ,0x5f,0xd0,0xcd,0xdb,0xba,0x30,0xf2,0xce,0x24,0x00,0x10,0x24,0xdf
  ,0xfc,0x31,0x02,0x00,0xef,0x10,0xd0,0xff,0xf1,0x00,0x10,0x45,0x00
  ,0xbe,0x1f,0x02,0x9d,0xdb,0x74,0xc2,0xcd,0x73,0xf3,0xae,0xee,0x0f
  ,0x31,0x24,0x00,0xdf,0x10,0x43,0x23,0x23,0x22,0x10,0xde,0x0e,0xe0
  ,0x21,0x12,0x41,0x33,0x45,0x00,0xf2,0x00,0xc0,0x71,0x23,0xfe,0x10
  ,0x14,0xbe,0xfc,0x31,0xe3,0x21,0x00,0x45,0x00,0xed,0xac,0xab,0xea
  ,0xdc,0x0e,0x01,0xe0,0x0f,0xdd,0x9b,0x0e,0x13,0xd0,0x45,0x00,0xfe
  ,0x30,0xcf,0xfd,0x20,0x53,0x03,0x40,0x02,0xbd,0x0c,0xf0,0xfe,0x0d
  ,0x44,0x00,0x20,0x00,0x21,0xe1,0xdf,0x10,0xd0,0xee,0x1f,0xd1,0x2f
  ,0x45,0xd3,0x20,0x24,0x00,0x24,0xd2,0xcd,0x00,0x02,0x10,0x10,0x33
  ,0x02,0x11,0x12,0xc0,0x30,0x13,0x44,0x00,0xe0,0x20,0x02,0xcc,0x6f
  ,0x15,0xee,0x3f,0xf2,0xfe,0xdd,0xed,0xef,0x00,0x25,0x00,0xed,0x0c
  ,0x42,0xe3,0x1e,0x13,0x41,0x04,0x21,0xcf,0xbb,0xed,0xe0,0x21,0x45
  ,0x00,0x55,0xd3,0xed,0x21,0xa1,0xda,0x2f,0xd0,0xdd,0x20,0x11,0xde
  ,0xec,0xed,0x24,0x00,0x0f,0xf0,0x11,0x31,0x42,0x33,0x01,0x10,0x02
  ,0xde,0x2d,0x32,0x24,0x22,0x26,0x00,0x65,0x37,0x53,0xb2,0xf9,0x63
  ,0xe6,0x0c,0x63,0xe6,0xcb,0x0c,0x41,0xf2,0x24,0x00,0xf0,0xe1,0xcf
  ,0xdc,0xeb,0xfd,0x12,0xd0,0xed,0x31,0xd2,0xed,0x32,0x03,0x25,0x00
  ,0xa9,0x1c,0xf5,0xde,0x0f,0x12,0x22,0x03,0x1f,0x10,0xf0,0xae,0xda
  ,0x2f,0x44,0x00,0x21,0xff,0x00,0x51,0xe4,0xfc,0x31,0x32,0xf2,0x0b
  ,0x11,0x02,0xd0,0xed,0x24,0x00,0x11,0x13,0x22,0x43,0x24,0x14,0xe2
  ,0xfd,0x0f,0xe2,0xdf,0x3f,0x46,0x04,0x45,0x00,0x5d,0x16,0xae,0xbc
  ,0x1d,0x41,0x02,0xcd,0x0e,0x10,0xe2,0xed,0x3e,0x12,0x45,0x00,0xbc
  ,0xbb,0xdd,0xbd,0xb9,0x1d,0x23,0x20,0xe2,0xef,0xdf,0xce,0xfc,0x21
  ,0x45,0x00,0x12,0x1f,0x4f,0x35,0x13,0x2f,0x43,0x43,0x02,0xed,0x0f
  ,0xf2,0xdf,0x1c,0x24,0x00,0x12,0x23,0x20,0x20,0x1f,0xe0,0xde,0x0e
  ,0x1e,0xff,0xec,0xfe,0x02,0xcd,0x44,0x00,0xdb,0x10,0x00,0xf1,0x2f
  ,0x24,0xe1,0xed,0x0e,0x02,0x11,0x3f,0x45,0x44,0x44,0x00,0x23,0x0e
  ,0x22,0xf0,0xfe,0x21,0x44,0x23,0xff,0x20,0x22,0x03,0x1f,0x33,0x45
  ,0x00,0x17,0xde,0xde,0xfe,0xdd,0xfc,0x32,0x23,0xf3,0xdf,0xbc,0x9a
  ,0xba,0xfb,0x45,0x00,0x10,0x12,0xee,0xed,0x0f,0x01,0xfe,0xf2,0x0e
  ,0x0f,0xcd,0xc9,0xdd,0xec,0x25,0x00,0xfe,0x30,0x45,0x24,0x12,0xcf
  ,0xda,0x42,0x01,0xee,0x20,0x15,0x8c,0xdd,0x24,0x00,0x00,0xee,0xfe
  ,0x41,0x45,0x11,0x23,0x01,0x1f,0x1e,0x01,0x0f,0x52,0x36,0x25,0x00
  ,0x0c,0x75,0x32,0xdf,0xb9,0x42,0xf1,0xcc,0x44,0xef,0xff,0x0f,0x52
  ,0x32,0x24,0x00,0x00,0x01,0xe0,0x00,0xdc,0xfd,0x1f,0x01,0xdf,0xff
  ,0xf0,0xde,0xcd,0x0f,0x45,0x00,0xfe,0xe0,0xbc,0xdf,0xde,0xfd,0x12
  ,0xd0,0xdb,0x10,0x02,0xad,0xde,0xfe,0x24,0x00,0x10,0x10,0x01,0x22
  ,0x21,0x01,0x00,0x21,0x11,0x21,0x43,0x00,0x01,0x01,0x44,0x00,0x03
  ,0x01,0x21,0x10,0xff,0x22,0xdc,0xfc,0xef,0x10,0x0f,0x41,0x22,0x11
  ,0x44,0x00,0x44,0xdf,0xbb,0xee,0xff,0xee,0x21,0x45,0x21,0x33,0xf1
  ,0xcd,0xdd,0xde,0x44,0x00,0xce,0x10,0x22,0x31,0x34,0x34,0xff,0x1f
  ,0x00,0x01,0xf0,0xff,0x10,0x10,0x45,0x00,0x30,0x10,0x65,0x05,0xef
  ,0x11,0xce,0xed,0xfe,0x31,0xed,0x52,0x66,0x04,0x45,0x00,0xdf,0x00
  ,0xef,0xcc,0xcb,0xdb,0xed,0xef,0xff,0xde,0x00,0xf0,0xee,0xee,0x44
  ,0x00,0xee,0xde,0xfd,0x1e,0x00,0xdf,0x21,0x22,0xee,0xde,0x00,0xe0
  ,0xdd,0x2d,0x44,0x00,0xf0,0x00,0x00,0x10,0x0f,0xe0,0x10,0xf0,0x41
  ,0x23,0xf1,0x42,0x03,0x02,0x24,0x00,0xee,0x1e,0x10,0x0f,0x41,0x43
  ,0x24,0x01,0xf0,0xf0,0xef,0x01,0x10,0x31,0x45,0x00,0x63,0xf2,0x54
  ,0xd1,0xde,0x00,0x32,0xce,0x9a,0xfc,0xee,0xfe,0xdd,0xec,0x25,0x00
  ,0xff,0xef,0xce,0x9b,0x2d,0xe0,0x00,0x01,0x42,0x02,0xf1,0xf1,0xbc
  ,0xfd,0x25,0x00,0x1f,0x1f,0xff,0xde,0x51,0x34,0x62,0x22,0x64,0x45
  ,0xcd,0x50,0xf4,0x31,0x24,0x00,0xdf,0x3f,0x44,0xe3,0xde,0x0e,0x2f
  ,0xbf,0xfe,0xe0,0xef,0xcc,0x1d,0xf1,0x44,0x00,0xde,0x1f,0x53,0xf2
  ,0x2f,0xf1,0x00,0xd0,0xed,0x20,0x22,0x63,0x04,0x31,0x44,0x00,0x23
  ,0x32,0xcf,0xfd,0x22,0xe1,0x3f,0x35,0x02,0x20,0x12,0x34,0x03,0x0e
  ,0x24,0x00,0xf0,0xde,0xca,0x0c,0xff,0x1f,0x0f,0xee,0x20,0xe1,0xbc
  ,0xdc,0x10,0x00,0x24,0x00,0xdf,0x30,0x33,0x02,0x1f,0x20,0x22,0xd0
  ,0xfc,0x0f,0xc0,0xee,0xf1,0x22,0x25,0x00,0xe4,0x40,0x46,0xd2,0x0c
  ,0x01,0x31,0x13,0x42,0x54,0x24,0x64,0xe3,0xdc,0x45,0x00,0x33,0xf4
  ,0xbf,0x0d,0x60,0xb3,0xcc,0xcf,0xff,0xe0,0xdc,0x1f,0xa1,0x2a,0x45
  ,0x00,0x35,0xe3,0xce,0x1e,0x25,0xc0,0x2d,0x54,0x42,0x22,0x33,0x14
  ,0xde,0x2d,0x45,0x00,0x13,0x0f,0x23,0x63,0x34,0xf3,0x22,0x14,0x40
  ,0x24,0xf1,0x3f,0x33,0xf2,0x25,0x00,0xbc,0xfc,0x0f,0xcd,0x0b,0xde
  ,0xdc,0xdd,0xfc,0xe0,0x0c,0x30,0x13,0x3f,0x25,0x00,0x14,0xc0,0xfd
  ,0x51,0xe2,0xca,0x3e,0xf7,0xbe,0x0d,0x43,0xd3,0xda,0x4e,0x24,0x00
  ,0x23,0x0f,0x2f,0x14,0x20,0x02,0x11,0x10,0x30,0x01,0xd0,0x1f,0x13
  ,0xef,0x24,0x00,0x0c,0x10,0xe0,0xfe,0xf1,0xcd,0xde,0x10,0xe4,0xdb
  ,0xff,0x11,0x03,0xf0,0x44,0x00,0x10,0xe3,0x1b,0x23,0xd1,0xde,0x20
  ,0x13,0x10,0x31,0x22,0x02,0x11,0x02,0x44,0x00,0xd0,0x10,0x33,0xe3
  ,0x0d,0x53,0x24,0x1e,0x22,0x01,0x00,0x12,0x01,0x0d,0x44,0x00,0x10
  ,0xf2,0x1f,0x22,0xff,0xff,0x00,0xf0,0xdb,0x0c,0xf3,0xd0,0xef,0x01
  ,0x45,0x00,0x06,0xbd,0xda,0x02,0xcf,0xbb,0x0d,0x03,0xcc,0x2d,0x25
  ,0xde,0xfd,0x01,0x45,0x00,0x00,0xde,0x0d,0x02,0x0d,0x32,0x02,0x1f
  ,0x35,0x01,0x1f,0x03,0xfe,0x10,0x44,0x00,0xff,0xd0,0xff,0x04,0xce
  ,0x1e,0x01,0xbb,0xfe,0x12,0xf2,0xde,0x1f,0x25,0x25,0x00,0x07,0xdc
  ,0x40,0x67,0x13,0x30,0x57,0x10,0x13,0x22,0xd0,0xcc,0xf0,0xde,0x24
  ,0x00,0x0f,0x33,0x1f,0x2f,0x35,0x00,0xfc,0x21,0x02,0xdd,0x0e,0x10
  ,0xfe,0x0f,0x24,0x00,0xf0,0xdd,0xff,0xe0,0xcc,0x0d,0x10,0xfe,0x0f
  ,0x31,0x31,0x2f,0x20,0x21,0x24,0x00,0xff,0xfe,0x20,0x12,0xfe,0x1e
  ,0x43,0x12,0xed,0x0e,0x22,0xf0,0xdf,0x10,0x44,0x00,0x13,0xf1,0x11
  ,0x20,0x02,0xff,0x01,0x03,0xf2,0xdd,0x10,0x33,0xcd,0xca,0x24,0x00
  ,0x32,0x02,0xbc,0xed,0x1f,0x0f,0xed,0x1f,0x11,0x10,0x20,0x34,0xe0
  ,0x32,0x24,0x00,0x24,0xef,0x41,0x22,0xdd,0x31,0x35,0xe1,0x0e,0x32
  ,0x13,0xcd,0x00,0x42,0x24,0x00,0xef,0x00,0x44,0x10,0x22,0x23,0xef
  ,0x21,0xf2,0xee,0x00,0xef,0xdd,0x00,0x25,0x00,0xd1,0xce,0x9a,0x0e
  ,0xee,0xcc,0xca,0x30,0x00,0x0f,0x1f,0x22,0x0f,0x2e,0x25,0x00,0x21
  ,0xcf,0x0d,0x43,0xce,0x0c,0x33,0xce,0x0f,0x13,0xbd,0x1f,0x33,0x00
  ,0x44,0x00,0x00,0x01,0x32,0xe1,0xf0,0x33,0x22,0xff,0x10,0x21,0x23
  ,0xe1,0xfc,0x31,0x44,0x00,0x13,0xab,0x1f,0xe1,0xfe,0xef,0xee,0x0f
  ,0x11,0xee,0x0e,0x21,0x0f,0xed,0x45,0x00,0x54,0x13,0xef,0x41,0x24
  ,0x35,0xe1,0x41,0x33,0x34,0xf1,0x0f,0x22,0x24,0x24,0x00,0x20,0x0e
  ,0x42,0x34,0x00,0x31,0x13,0xe0,0xff,0x21,0xe0,0xee,0x01,0x01,0x25
  ,0x00,0xab,0xed,0xdd,0xee,0xcd,0xdd,0xdb,0x32,0xe3,0xde,0x30,0x34
  ,0xc1,0xee,0x25,0x00,0x32,0xf0,0xdd,0x1f,0xff,0x11,0xdf,0xfd,0x11
  ,0xb0,0xfd,0x00,0xf1,0x10,0x44,0x00,0x0f,0x01,0x10,0x0f,0x10,0xe0
  ,0x21,0x00,0xef,0x22,0xf2,0xde,0x2f,0xf3,0x44,0x00,0xce,0xfd,0x10
  ,0xff,0x0e,0xdf,0x1f,0x24,0xb0,0x2f,0x23,0xe1,0x0e,0x21,0x24,0x00
  ,0x32,0x02,0x21,0x33,0x01,0x2f,0x12,0xbf,0x2d,0xf0,0xde,0x1f,0x43
  ,0xd1,0x25,0x00,0x4d,0x66,0xd1,0xfd,0x20,0xf0,0xfe,0x01,0xef,0x3f
  ,0xf0,0xdc,0xee,0xd0,0x45,0x00,0x9d,0xbb,0x1e,0xbf,0xbc,0xfe,0xf0
  ,0xe0,0x9e,0xfc,0x10,0xa1,0xdc,0x30,0x45,0x00,0x23,0xdf,0x2e,0x33
  ,0xd1,0xff,0xf0,0xe0,0x01,0xd0,0x2e,0x21,0x42,0xd1,0x24,0x00,0x1e
  ,0x31,0x12,0xff,0x0e,0x31,0xe4,0xcf,0x2f,0x12,0xe0,0xe0,0xdf,0xfe
  ,0x45,0x00,0xed,0xcc,0xcb,0xee,0xef,0x0f,0x11,0x00,0xdd,0xee,0x22
  ,0xf1,0xfd,0x30,0x45,0x00,0x65,0x26,0x24,0x34,0x54,0x14,0xc0,0x4c
  ,0x55,0xf3,0x2f,0x53,0x44,0x41,0x45,0x00,0x33,0x32,0x12,0x2f,0x33
  ,0x43,0x01,0x11,0x42,0x42,0xf2,0x0f,0x1f,0xd0,0x45,0x00,0xc9,0xec
  ,0xdf,0xfd,0xed,0xdc,0xfe,0xce,0xcb,0xcd,0xcd,0xcc,0xec,0xf1,0x45
  ,0x00,0xc1,0xee,0xf0,0xff,0xc1,0x0c,0xe0,0xde,0xee,0x00,0x00,0xf1
  ,0x01,0x33,0x46,0x00,0x05,0xed,0x50,0x47,0xf2,0x1e,0x54,0x34,0x65
  ,0x06,0x0b,0xf1,0xbe,0xcb,0x44,0x00,0xef,0xfe,0xf1,0x10,0x30,0x02
  ,0xfd,0x11,0xe2,0xfe,0x1e,0x13,0x31,0x33,0x45,0x00,0x37,0x41,0x37
  ,0xef,0xfd,0x10,0x21,0x20,0x33,0x25,0x01,0x22,0x11,0xcf,0x45,0x00
  ,0x19,0x13,0xef,0x10,0x04,0x0f,0x33,0xf5,0xec,0x2e,0xff,0xcc,0xeb
  ,0xe1,0x45,0x00,0xef,0x1f,0xf2,0xfe,0x0f,0xcd,0xed,0xe1,0xdd,0xed
  ,0x20,0x34,0xe2,0xfc,0x45,0x00,0x22,0xf2,0xdd,0xdd,0x1d,0x11,0x01
  ,0xe0,0x1e,0x11,0xff,0x1f,0xff,0xeb,0x45,0x00,0x2f,0x13,0xff,0x20
  ,0x13,0xe1,0x2b,0x37,0xab,0xfa,0x17,0xbb,0x1c,0x02,0x45,0x00,0x0c
  ,0x23,0x02,0xef,0xfe,0x12,0x0d,0x0f,0x1f,0x76,0x46,0x21,0x65,0xf6
  ,0x24,0x00,0x0d,0x13,0xed,0xff,0xff,0x0e,0x25,0xf0,0x0c,0x42,0x00
  ,0xfc,0x00,0x1f,0x45,0x00,0x2e,0xf2,0x1c,0x35,0xff,0x00,0xf0,0xee
  ,0xcf,0xdc,0x10,0xfe,0xed,0xfe,0x25,0x00,0x23,0xf1,0xde,0xef,0xed
  ,0x01,0xdf,0x0f,0x44,0x13,0x21,0x12,0x10,0x03,0x46,0x00,0xbb,0xfc
  ,0x23,0xf0,0x12,0x11,0x13,0xed,0x12,0x00,0xe0,0xba,0xfd,0x16,0x45
  ,0x00,0xff,0x03,0xdf,0xfe,0x25,0xdf,0xdc,0xef,0xed,0xff,0xef,0x0f
  ,0x41,0x23,0x44,0x00,0xff,0x1f,0xf0,0xff,0x10,0x20,0x30,0x41,0x42
  ,0x33,0x00,0x10,0x03,0x01,0x25,0x00,0x1f,0xee,0xed,0x64,0x15,0xfd
  ,0x10,0x00,0xdc,0xff,0xee,0xfd,0x10,0x10,0x45,0x00,0x1f,0x2f,0x0f
  ,0xde,0xdf,0xbd,0xca,0x00,0xf1,0xdc,0x0e,0x10,0xee,0xdf,0x25,0x00
  ,0xcd,0xdb,0x22,0xde,0x0f,0x23,0x32,0x24,0x12,0xef,0x12,0x00,0x0e
  ,0xfe,0x25,0x00,0xfe,0x20,0x34,0xff,0x1f,0x22,0xff,0x0e,0xbd,0x0f
  ,0x22,0xef,0x10,0x1f,0x45,0x00,0x10,0x01,0xdf,0xac,0xc9,0x65,0xe0
  ,0xca,0x74,0x23,0x10,0xfe,0xcd,0x0f,0x24,0x00,0x01,0x10,0x0f,0x43
  ,0x23,0x13,0x12,0xf1,0xef,0xff,0x02,0xed,0x2f,0x32,0x25,0x00,0x1f
  ,0x63,0xc0,0xca,0x52,0xc2,0x9a,0xfe,0x22,0xde,0x51,0x23,0xde,0x20
  ,0x44,0x00,0xe1,0xcd,0xfe,0x10,0xdf,0x01,0xf0,0xff,0x22,0xd0,0xdd
  ,0xff,0xe0,0xf1,0x45,0x00,0x10,0x0e,0x00,0x55,0xd0,0xde,0xf1,0xef
  ,0x1e,0x01,0xef,0x30,0x43,0x00,0x45,0x00,0x10,0xe0,0xef,0x31,0xf1
  ,0xdd,0x2f,0x53,0xe0,0x0e,0x32,0x0f,0x10,0xce,0x45,0x00,0xdb,0xff
  ,0xcd,0xdc,0x20,0x24,0x02,0xe0,0x42,0xbe,0xcb,0x0f,0xef,0x0e,0x44
  ,0x00,0x43,0x44,0x13,0x42,0xd1,0x10,0x00,0xff,0x20,0x11,0x44,0x12
  ,0x30,0x21,0x44,0x00,0xf1,0xef,0x00,0x0e,0x0e,0x11,0x02,0x31,0x10
  ,0x1f,0x2f,0xff,0xce,0x1e,0x25,0x00,0xdc,0xcc,0x1f,0x33,0x01,0x12
  ,0x02,0xee,0xbb,0xec,0xec,0x0c,0x10,0x53,0x45,0x00,0x01,0xf2,0xd0
  ,0xed,0xed,0xee,0xef,0x1e,0x10,0x33,0xf4,0x10,0xee,0xef,0x45,0x00
  ,0xf0,0xef,0xee,0x3f,0xf1,0x01,0x13,0x00,0x0f,0xef,0xce,0x1e,0xfe
  ,0xcd,0x44,0x00,0xef,0x32,0xe2,0x00,0x40,0x02,0xef,0xfd,0x1f,0x10
  ,0x10,0x31,0x34,0x34,0x45,0x00,0x24,0x30,0x12,0xd0,0x1e,0x53,0x54
  ,0x52,0x63,0x45,0x24,0xd1,0xce,0xfe,0x25,0x00,0xfd,0xbc,0x0d,0x42
  ,0x13,0xe1,0x30,0x12,0xbd,0xcb,0xeb,0xdc,0xdd,0x0f,0x25,0x00,0x61
  ,0x26,0xd0,0x3f,0xf0,0xac,0xb9,0x0f,0xf1,0x30,0x44,0x44,0x42,0x14
  ,0x45,0x00,0xce,0xfb,0x2f,0xf1,0x00,0x33,0x42,0x12,0x21,0x03,0xff
  ,0xcc,0x1d,0x33,0x44,0x00,0x00,0x0f,0x10,0x12,0x21,0xd1,0x0c,0x2f
  ,0xe2,0xdc,0x0e,0xe2,0xf0,0x0f,0x44,0x00,0x10,0x11,0x00,0xf0,0xfd
  ,0xef,0xfe,0x1d,0x20,0x34,0x03,0x30,0x44,0xd3,0x44,0x00,0xfd,0x0f
  ,0x00,0x12,0x14,0x13,0x43,0x15,0xe1,0x0f,0x02,0xd0,0x0d,0x32,0x45
  ,0x00,0x40,0x40,0x24,0x22,0x01,0xed,0xeb,0x0f,0xee,0xcc,0x2e,0x34
  ,0xf3,0xff,0x45,0x00,0x0d,0xd0,0xbc,0xda,0xeb,0xfe,0xff,0xf0,0x31
  ,0x03,0xee,0xec,0xcf,0xcd,0x25,0x00,0xdc,0xdd,0x2f,0x34,0x21,0x31
  ,0x23,0xd0,0xdc,0xef,0xee,0xef,0x2e,0x43,0x45,0x00,0x12,0x20,0xe1
  ,0x2f,0xf4,0xca,0x1c,0x21,0x11,0xdf,0xee,0x02,0x01,0x0e,0x44,0x00
  ,0xf0,0x10,0x01,0xff,0x01,0xf1,0xff,0x02,0x30,0x24,0x21,0x32,0x23
  ,0xf0,0x45,0x00,0xf1,0xef,0x31,0x47,0x33,0x42,0x75,0x17,0xbd,0x0d
  ,0xf0,0xfd,0x00,0x30,0x45,0x00,0x53,0x03,0x2d,0x03,0xcc,0xcc,0xee
  ,0xff,0xf1,0xec,0x21,0xf3,0xde,0xf0,0x26,0x00,0xca,0xca,0xbe,0xab
  ,0xca,0x40,0x46,0x30,0x66,0x37,0xfe,0xf0,0xc0,0xcb,0x46,0x00,0xef
  ,0x21,0x45,0x15,0x00,0x20,0xf4,0xbd,0xb9,0x2c,0x34,0xfd,0x32,0x12
  ,0x25,0x00,0x22,0x02,0xde,0xd1,0xdd,0x01,0xdf,0xfd,0x11,0xf0,0xbc
  ,0xfe,0xef,0xcd,0x25,0x00,0x1d,0x63,0x22,0x24,0x00,0x34,0xf2,0xee
  ,0x1e,0x67,0x34,0x46,0x66,0x24,0x25,0x00,0xf0,0x02,0xdd,0xe0,0xee
  ,0x33,0x32,0x31,0x14,0xed,0xff,0x03,0xcb,0xff,0x45,0x00,0x22,0x21
  ,0x01,0x0e,0x11,0xf3,0xbc,0xff,0x11,0xb8,0xed,0xf3,0xbe,0xef,0x45
  ,0x00,0xe0,0xed,0xdd,0xab,0xcd,0xed,0xef,0xdf,0xfd,0x32,0xd0,0xfd
  ,0x0e,0x0f,0x45,0x00,0xed,0x00,0x0f,0x32,0x02,0x00,0x31,0x24,0xbe
  ,0xfe,0x22,0x01,0xef,0x13,0x25,0x00,0x22,0x23,0xf2,0xf0,0xf1,0xdf
  ,0xdf,0xfe,0xfe,0x10,0xdd,0x1d,0x10,0xbc,0x45,0x00,0xff,0x1f,0x00
  ,0x0e,0x00,0xff,0xf0,0xff,0xfe,0x31,0x76,0x21,0x55,0x02,0x25,0x00
  ,0x13,0xf0,0x0f,0xee,0xf0,0x31,0x45,0x02,0x31,0x10,0xee,0xff,0xee
  ,0xed,0x45,0x00,0x54,0x22,0x01,0x21,0x01,0xf0,0x00,0xcc,0x1f,0x00
  ,0xfc,0x2f,0xef,0xdf,0x25,0x00,0xf1,0xe0,0xcd,0xee,0xed,0xce,0xf1
  ,0x11,0x00,0x22,0x03,0xf0,0xee,0x00,0x26,0x00,0xdd,0xfd,0x31,0x02
  ,0x42,0x44,0xdf,0x0c,0xee,0xce,0x10,0x10,0x30,0x11,0x45,0x00,0x32
  ,0x01,0x11,0xed,0x1f,0x31,0xce,0x1f,0x41,0x11,0xff,0xce,0xf1,0xd0
  ,0x25,0x00,0xbc,0xfd,0x00,0x30,0x31,0x63,0x33,0x11,0x01,0xff,0x0e
  ,0x53,0x02,0x52,0x44,0x00,0x44,0xf3,0x0f,0x22,0x13,0xee,0x30,0x33
  ,0x11,0x21,0x20,0x30,0x01,0xe0,0x45,0x00,0x1e,0x41,0xf2,0xff,0x52
  ,0x03,0xef,0x21,0xf0,0xdd,0xef,0xcd,0x0e,0xf1,0x25,0x00,0xce,0xed
  ,0x41,0xe2,0xbc,0xdc,0x3f,0xdf,0xdd,0x2f,0x42,0x23,0x00,0x31,0x25
  ,0x00,0x03,0x01,0xdd,0x21,0x03,0xfd,0x40,0x22,0x10,0x01,0xf1,0xfe
  ,0x00,0xef,0x46,0x00,0xfc,0x63,0xf6,0x03,0xfc,0x33,0x15,0x9b,0xfa
  ,0x03,0xcb,0xcc,0xff,0x34,0x25,0x00,0xf2,0xbb,0xfe,0x01,0xdf,0xdd
  ,0x1f,0x00,0x30,0x52,0x34,0xef,0x02,0x11,0x45,0x00,0x10,0x21,0x32
  ,0x52,0x73,0x35,0x20,0x45,0x04,0x10,0x23,0x46,0x45,0x45,0x25,0x00
  ,0x24,0x0f,0x20,0xf2,0xee,0xff,0x0f,0x10,0x12,0x12,0x0f,0xfe,0xdf
  ,0xdf,0x25,0x00,0xee,0xdc,0xdc,0x00,0xec,0xee,0x01,0xee,0xce,0xee
  ,0xde,0xed,0x00,0xf0,0x25,0x00,0xdd,0x42,0x43,0xf0,0x02,0xf1,0x0f
  ,0x10,0xff,0x11,0x11,0x11,0x33,0x01,0x45,0x00,0x10,0x1f,0x11,0x0f
  ,0xfd,0x35,0x02,0x22,0x12,0xf0,0x00,0x22,0xf1,0xec,0x25,0x00,0x1d
  ,0x33,0xef,0x01,0xe1,0xdf,0x0f,0xdb,0x0f,0xed,0xec,0x0f,0x11,0x54
  ,0x45,0x00,0xdd,0x0f,0x21,0xcd,0xff,0x33,0x24,0x0e,0x63,0x46,0x01
  ,0x46,0x03,0xfe,0x25,0x00,0x34,0xe0,0x01,0x12,0x00,0x11,0x20,0x32
  ,0xdf,0x0d,0x42,0xdc,0x2f,0xf2,0x45,0x00,0xf1,0x22,0xf1,0xdf,0xff
  ,0x01,0xad,0xed,0xf0,0xbe,0x00,0xff,0xca,0xfe,0x25,0x00,0xff,0xdc
  ,0xf0,0xef,0xe0,0x10,0x52,0x33,0xef,0x23,0xf1,0x0f,0xff,0x00,0x25
  ,0x00,0x12,0x00,0x11,0x11,0x11,0x01,0xfe,0xee,0x10,0xf0,0x00,0x11
  ,0x45,0xce,0x45,0x00,0x1e,0x75,0xce,0xde,0x00,0x02,0x12,0x00,0xde
  ,0xff,0xf1,0xd0,0xcd,0xee,0x26,0x00,0xcd,0xbb,0xda,0xed,0x62,0xb0
  ,0x30,0x75,0x44,0xcd,0x72,0x35,0x11,0x63,0x45,0x00,0x64,0x46,0xf2
  ,0x41,0x33,0x45,0x25,0xf2,0x53,0x66,0x53,0x32,0x43,0x13,0x25,0x00
  ,0xff,0x10,0x10,0x10,0x11,0xe1,0x42,0x02,0xef,0x2f,0xdf,0xde,0xcc
  ,0x1d,0x25,0x00,0x0f,0xbd,0xec,0xed,0xfe,0xfe,0xbb,0xdd,0xe0,0xef
  ,0xfe,0x10,0x11,0xee,0x26,0x00,0x5f,0x36,0xc1,0x0d,0x41,0x32,0x12
  ,0x01,0x41,0x23,0x23,0xef,0x5f,0x67,0x25,0x00,0xe0,0x0f,0x22,0x11
  ,0x01,0x01,0x12,0x11,0xe1,0x0f,0x21,0xe1,0xbd,0x3f,0x25,0x00,0x13
  ,0xe0,0xed,0xfd,0x0e,0xe0,0xcb,0xfc,0x23,0xc3,0xad,0x2e,0x03,0xad
  ,0x24,0x00,0xfe,0x22,0x00,0x1f,0x22,0xf3,0xf1,0x31,0xe0,0x2e,0x32
  ,0xf1,0x0f,0x52,0x25,0x00,0x35,0xdd,0x5e,0x45,0xb0,0x3d,0x33,0x13
  ,0x20,0x01,0x10,0x21,0x22,0x02,0x25,0x00,0x0f,0x50,0xd1,0x0c,0x30
  ,0xd0,0x0e,0xdf,0xff,0xf1,0xcd,0xcc,0x1d,0xdd,0x25,0x00,0xcc,0xfe
  ,0x1f,0xe1,0xec,0xff,0xef,0x0f,0xef,0xfd,0x11,0x02,0x2e,0x20,0x26
  ,0x00,0x13,0x00,0x0f,0x00,0x32,0x12,0xf1,0x30,0x54,0xe3,0x2d,0x74
  ,0xd3,0x0b,0x26,0x00,0x42,0xf2,0x0f,0x30,0xe0,0xff,0x41,0xe2,0xed
  ,0x1f,0xb1,0xdc,0x10,0x21,0x25,0x00,0xe0,0xef,0x0e,0x01,0xe2,0xbd
  ,0x0d,0x12,0xd1,0xee,0x20,0xf1,0xff,0x32,0x25,0x00,0xc4,0x1c,0x54
  ,0xd3,0x1e,0x73,0xd4,0x2d,0x66,0xd5,0x0c,0x54,0x15,0xfe,0x25,0x00
  ,0x2f,0x03,0x00,0x1f,0x32,0xe3,0x0e,0x42,0xd3,0x0b,0x32,0xe1,0x2c
  ,0x44,0x25,0x00,0xd1,0x2d,0x14,0xce,0x1d,0xe2,0xcc,0x0e,0xe2,0xdc
  ,0x0d,0x01,0xec,0xeb,0x25,0x00,0x0c,0xe0,0xdc,0x00,0xf0,0xed,0x1f
  ,0x10,0xef,0x1f,0x01,0xff,0x02,0x02,0x25,0x00,0x11,0xf2,0x10,0x12
  ,0xf0,0xf0,0x23,0xd3,0xfd,0x22,0x05,0xfe,0x01,0x10,0x46,0x00,0x11
  ,0x21,0x15,0xe0,0x3e,0x44,0x02,0x0d,0x35,0xc2,0x1a,0x06,0xef,0xd1
  ,0x25,0x00,0xff,0x0f,0xe1,0xfc,0x11,0x0f,0xef,0xed,0x0f,0x02,0x1f
  ,0x21,0xf0,0x3f,0x25,0x00,0x25,0x0e,0x11,0x14,0x01,0x12,0x4e,0x37
  ,0xf0,0x20,0x23,0x1e,0x12,0xd2,0x25,0x00,0x0f,0x26,0xf0,0x0e,0x34
  ,0x16,0xdf,0x1d,0x45,0xe1,0x0e,0x14,0xe1,0x2d,0x45,0x00,0x24,0x0f
  ,0x20,0x00,0xed,0xee,0xf1,0xe0,0xe9,0x0f,0xee,0xcd,0xdb,0xde,0x25
  ,0x00,0xd1,0xbb,0xff,0x02,0xee,0x02,0x0d,0x3f,0x02,0xdd,0x21,0xf0
  ,0x0f,0x01,0x47,0x00,0xde,0x25,0xcf,0xeb,0x20,0x45,0x15,0xfe,0x20
  ,0x65,0x66,0x47,0x43,0x37,0x26,0x00,0xef,0x22,0x37,0xd0,0xf0,0x04
  ,0x00,0xf3,0xeb,0x43,0xf2,0xba,0xfc,0x13,0x25,0x00,0xde,0xf0,0xf2
  ,0xdc,0x1f,0x24,0xbe,0x0e,0x12,0xdf,0x00,0x54,0x03,0xeb,0x24,0x00
  ,0x31,0x23,0xec,0x00,0x14,0xef,0x11,0x35,0xf0,0xff,0x34,0xd0,0xec
  ,0x33,0x25,0x00,0x02,0xfd,0x53,0x45,0x10,0x11,0x00,0xef,0xef,0x00
  ,0x11,0x24,0x22,0x0e,0x25,0x00,0x31,0xe0,0xbb,0xfe,0xde,0xea,0x31
  ,0xe0,0xca,0x41,0xef,0xb9,0x0e,0xe1,0x24,0x00,0xec,0x1f,0x0f,0x01
  ,0x0f,0x1f,0x12,0xee,0x0f,0x10,0xff,0x0f,0x10,0x10,0x26,0x00,0x02
  ,0x23,0x03,0xfe,0x21,0xee,0xfe,0x10,0x64,0x25,0xf0,0x74,0x56,0xff
  ,0x45,0x00,0x12,0xe2,0x11,0x31,0x31,0x13,0x00,0x23,0x01,0x00,0x20
  ,0xf0,0xcc,0x22,0x25,0x00,0x01,0xed,0x42,0x02,0xbe,0x21,0xe1,0xdd
  ,0x00,0x22,0x10,0x10,0x44,0x13,0x25,0x00,0xcf,0x31,0x01,0xfe,0x54
  ,0x02,0xcd,0x65,0x34,0xde,0x41,0x13,0xbc,0x1f,0x25,0x00,0x54,0xf1
  ,0x20,0x01,0x32,0x22,0xee,0x21,0xcf,0x1f,0x31,0xde,0x3f,0x03,0x25
  ,0x00,0xbe,0xfe,0xe0,0xce,0x1e,0xbd,0xed,0x10,0xce,0xfe,0x23,0xbd
  ,0xfa,0x30,0x26,0x00,0xd0,0xcb,0x0f,0xbe,0x73,0xe2,0xfd,0x31,0xe1
  ,0xef,0xee,0x20,0x45,0xae,0x25,0x00,0x3f,0x33,0xef,0x30,0x13,0xd1
  ,0x01,0xd1,0x11,0x33,0xe1,0xef,0x42,0x11,0x26,0x00,0x0e,0x00,0xbd
  ,0x20,0xe1,0xdc,0x71,0xe3,0xbc,0x6f,0xf1,0xae,0xbc,0x1f,0x45,0x00
  ,0x01,0xef,0x1e,0x0f,0xe0,0xf0,0xde,0x0e,0x21,0xe0,0xee,0x41,0x14
  ,0xd0,0x25,0x00,0x30,0x23,0xd0,0x42,0x02,0x32,0x24,0x10,0x30,0x23
  ,0x01,0xe0,0x10,0x42,0x45,0x00,0x04,0x11,0x52,0x13,0x01,0x13,0x03
  ,0x00,0x41,0x01,0x0f,0x41,0xc0,0xfd,0x25,0x00,0x21,0xcf,0xcb,0x1e
  ,0xcf,0xfe,0xce,0xed,0x0e,0xdf,0xdd,0xfe,0xdf,0xff,0x25,0x00,0x0f
  ,0xfe,0xe0,0x11,0xf1,0xff,0x12,0xf2,0x00,0x20,0x22,0x00,0x0e,0x30
  ,0x46,0x00,0x47,0xc0,0x5f,0x56,0xe3,0x4f,0x74,0x34,0x30,0x42,0x55
  ,0x33,0x20,0x73,0x25,0x00,0xe2,0xdf,0x5f,0xf3,0xef,0x2e,0x11,0xdf
  ,0x0d,0x01,0xd0,0xfe,0x11,0xf0,0x25,0x00,0x0e,0x1e,0xf0,0xcf,0x0d
  ,0x22,0xe1,0xfd,0x10,0xe3,0xef,0x10,0x12,0x01,0x25,0x00,0xf1,0x20
  ,0x22,0x12,0x20,0x20,0x00,0x32,0x34,0xf0,0x30,0x25,0xe0,0x2f,0x26
  ,0x00,0x66,0xf2,0x1f,0x34,0x51,0x33,0x01,0x20,0xe2,0x1d,0x13,0xe0
  ,0x40,0xb2,0x25,0x00,0xdd,0x30,0xf3,0xbb,0xfc,0x0f,0xcd,0x0c,0xe1
  ,0xdc,0x0d,0xc0,0xdb,0x1e,0x25,0x00,0xc0,0xed,0xf0,0xfe,0x00,0xe0
  ,0x00,0x02,0x0e,0x0e,0x11,0x10,0x01,0xe0,0x26,0x00,0x41,0x47,0xf2
  ,0x3b,0x42,0xf2,0x1f,0x61,0x07,0xfd,0x53,0x37,0x4f,0x24,0x25,0x00
  ,0xf0,0x31,0x22,0x00,0x0f,0x1f,0x22,0x01,0x0e,0x0f,0xf0,0x0f,0xe2
  ,0xfc,0x25,0x00,0x10,0xe1,0xec,0x20,0xf3,0xdd,0x1d,0x23,0xc0,0x0a
  ,0x33,0xe1,0xfd,0x11,0x45,0x00,0xff,0xed,0x22,0xf2,0xcc,0x10,0x03
  ,0xfe,0x12,0xf3,0xff,0x42,0xf5,0xe0,0x24,0x00,0x30,0x12,0x0d,0x21
  ,0x05,0x0f,0x20,0x13,0xd1,0x0e,0x22,0x00,0x0d,0x21,0x45,0x00,0x03
  ,0xfd,0x22,0x03,0xdd,0xfd,0x12,0xd1,0xed,0x1f,0xef,0xde,0xfc,0xfd
  ,0x25,0x00,0xfe,0xde,0xfc,0x01,0xd0,0xec,0x11,0xf0,0xde,0xec,0x21
  ,0x00,0xee,0x00,0x26,0x00,0xe5,0x0e,0x45,0x13,0x10,0x20,0x44,0x13
  ,0x21,0x34,0x10,0x21,0x42,0x23,0x26,0x00,0x20,0x22,0x12,0x00,0x00
  ,0x12,0x03,0xf1,0x0f,0x12,0x12,0x15,0xcd,0xfe,0x26,0x00,0x02,0xfe
  ,0x31,0xf1,0xcb,0x10,0xf0,0xcb,0xec,0x0f,0xdf,0xaa,0x0b,0x12,0x45
  ,0x00,0xdf,0xdd,0x00,0xf1,0xfd,0x1e,0xf2,0xdd,0x00,0x01,0x31,0x24
  ,0x01,0x1e,0x25,0x00,0x43,0x32,0xff,0xf1,0x1f,0x43,0x10,0x1f,0x43
  ,0x01,0xe1,0xf0,0x00,0x22,0x25,0x00,0xee,0x0f,0x32,0xff,0xf0,0x21
  ,0xe1,0xec,0x0e,0xed,0xf0,0xd0,0xcc,0x1e,0x26,0x00,0x10,0x99,0xee
  ,0xcc,0xab,0xe0,0xca,0xfb,0x22,0xcd,0xfe,0x24,0xff,0x01,0x46,0x00
  ,0xdd,0xef,0xf0,0xeb,0x52,0x13,0xff,0x10,0x34,0x14,0x12,0x32,0x42
  ,0x55,0x25,0x00,0x10,0x20,0x43,0xf1,0x0f,0x22,0xe0,0x21,0x00,0x0f
  ,0x11,0x00,0xfe,0x21,0x25,0x00,0xfe,0xee,0xff,0x00,0x0f,0xed,0x0d
  ,0x12,0xee,0xec,0x20,0x10,0xdf,0xdc,0x25,0x00,0x2f,0x22,0x00,0xdc
  ,0x22,0xe2,0xce,0x42,0x00,0xee,0x21,0x00,0x43,0x23,0x25,0x00,0xff
  ,0x21,0x00,0x44,0xf2,0xff,0x53,0x44,0xe1,0xff,0x64,0x13,0xed,0x51
  ,0x26,0x00,0x36,0xae,0x0f,0x34,0x24,0x9c,0x0e,0x53,0xd0,0xed,0xfd
  ,0xca,0x43,0x9e,0x45,0x00,0xcc,0x30,0xe0,0xcb,0x0f,0xce,0xcf,0xcc
  ,0xec,0xed,0xfd,0xcc,0xcc,0x02,0x25,0x00,0xcf,0xeb,0x32,0xe1,0xfe
  ,0xf0,0x12,0x43,0xef,0x43,0x12,0x1f,0x22,0x12,0x26,0x00,0x10,0x42
  ,0x23,0x31,0x65,0xbf,0x50,0x13,0x0e,0x41,0xcf,0x2e,0x21,0x23,0x25
  ,0x00,0xe0,0x01,0x03,0xdf,0x1f,0x12,0xef,0xfe,0x10,0xf0,0xfe,0xef
  ,0x10,0xcf,0x26,0x00,0xba,0xee,0xef,0xdc,0xcc,0x1f,0xf2,0xce,0x0d
  ,0x32,0xd0,0xcc,0x71,0x45,0x25,0x00,0xf0,0x10,0x12,0x00,0x30,0x32
  ,0x00,0x11,0x02,0x31,0xf0,0x21,0x63,0xc0,0x25,0x00,0x0e,0x74,0xf3
  ,0xfe,0x41,0x24,0x01,0x00,0x42,0x11,0xe0,0x0f,0x01,0x00,0x25,0x00
  ,0xf0,0x1f,0xe1,0xde,0x1f,0xe1,0xcc,0xdb,0x1f,0xdf,0xde,0x1f,0x10
  ,0x9d,0x25,0x00,0x4d,0xe3,0xbd,0xfd,0x21,0xef,0x1d,0xff,0x20,0xe2
  ,0xfe,0x20,0xdf,0x0f,0x25,0x00,0x22,0x00,0x1f,0x11,0x21,0x12,0x23
  ,0xf2,0x10,0x42,0x04,0x10,0x12,0x03,0x45,0x00,0x13,0x13,0x33,0x12
  ,0x12,0x11,0x11,0x22,0x10,0xff,0x21,0x11,0xdf,0x1d,0x25,0x00,0x22
  ,0xc0,0xee,0x0e,0x2e,0xf0,0xe0,0xf0,0x1f,0xd1,0xed,0x2e,0x0f,0xcd
  ,0x26,0x00,0x0a,0x32,0xe0,0xff,0xd0,0x4e,0x04,0xe1,0x11,0x13,0x32
  ,0x34,0x33,0x33,0x26,0x00,0x52,0x66,0x26,0x10,0x52,0x45,0xe2,0x4e
  ,0x37,0x21,0x21,0x55,0x16,0xe1,0x45,0x00,0x31,0x32,0x12,0x22,0x11
  ,0x41,0x23,0xef,0x30,0x03,0xdf,0xfd,0x10,0xee,0x25,0x00,0xee,0xe0
  ,0xde,0xde,0xfe,0xd0,0xdb,0xee,0xff,0xef,0xef,0x00,0xf2,0xdf,0x26
  ,0x00,0x2e,0x25,0xa1,0x2b,0x54,0x11,0x0e,0x12,0x6f,0x35,0xe2,0x4f
  ,0xf5,0x5d,0x26,0x00,0x35,0x10,0x33,0x34,0x02,0x62,0x37,0x03,0x0f
  ,0x3f,0x15,0xfe,0x0e,0xe2,0x25,0x00,0x0f,0xe1,0xff,0xff,0x01,0xf0
  ,0xde,0xed,0x21,0xd0,0xdd,0xff,0x11,0xde,0x26,0x00,0x1c,0x05,0xcd
  ,0xdc,0xff,0xee,0x10,0xc0,0xdc,0x22,0x02,0xf1,0x41,0x15,0x24,0x00
  ,0x00,0x01,0x00,0x00,0x22,0x12,0xff,0x21,0x14,0xf0,0x10,0x12,0x00
  ,0x00,0x25,0x00,0x44,0x33,0xf1,0x2e,0x24,0xf0,0x0f,0xf1,0x10,0x11
  ,0x01,0xfe,0x00,0xf1,0x25,0x00,0xd0,0xed,0xfe,0xdf,0xef,0xe0,0xdc
  ,0xfd,0xf2,0xdc,0xff,0xdf,0xeb,0x11,0x26,0x00,0xba,0x0d,0xe0,0xdb
  ,0x11,0xe2,0xed,0x0f,0x12,0xf0,0x0f,0x33,0x24,0x12,0x25,0x00,0x12
  ,0x01,0x00,0x32,0x21,0x01,0x20,0x53,0x01,0x0f,0x23,0x02,0xff,0x10
  ,0x25,0x00,0x13,0xff,0x12,0x01,0x01,0xf1,0xe0,0xef,0xf0,0xf2,0xf0
  ,0xce,0x0d,0x32,0x25,0x00,0xdf,0xd8,0x30,0xf3,0xcc,0xdd,0x00,0xf1
  ,0xec,0xf0,0xe1,0xdf,0x10,0x24,0x25,0x00,0xfe,0x0f,0xf0,0x11,0x23
  ,0x12,0xec,0x20,0x46,0x02,0x21,0x34,0xfe,0x52,0x24,0x00,0x13,0xef
  ,0x0f,0x34,0x00,0x00,0x31,0x22,0xf0,0xf0,0x13,0xff,0x0e,0x11,0x45
  ,0x00,0x22,0x20,0x12,0x10,0x11,0x02,0xcd,0x0a,0x22,0xbe,0xfd,0x1f
  ,0xed,0xdd,0x25,0x00,0xe0,0xcd,0xe0,0xcf,0xdd,0x0f,0x10,0xfe,0x0f
  ,0x02,0x00,0x0f,0xdf,0xf0,0x25,0x00,0x10,0xf1,0x00,0x21,0x22,0x12
  ,0x00,0x31,0x01,0xe0,0x21,0x43,0x0f,0x21,0x25,0x00,0x31,0x44,0x12
  ,0xde,0x02,0x12,0xef,0x00,0x12,0xff,0x20,0x11,0xfe,0xee,0x26,0x00
  ,0x1f,0xad,0xdb,0xee,0xde,0xdf,0x00,0x13,0xbc,0xdc,0x11,0xac,0xbb
  ,0xff,0x45,0x00,0xee,0xff,0xef,0xdf,0xff,0x00,0xed,0xed,0x11,0xff
  ,0x0d,0x24,0xf2,0x01,0x25,0x00,0x33,0x13,0x12,0x13,0x00,0x21,0x33
  ,0x22,0x10,0x21,0x44,0xf1,0x10,0x11,0x45,0x00,0x11,0x33,0x33,0x00
  ,0x32,0x23,0x00,0x10,0x12,0xe0,0xfe,0x11,0xf0,0xdc,0x26,0x00,0x1c
  ,0xe0,0xdd,0xde,0xab,0xcd,0xcb,0xcc,0xac,0xdc,0x20,0xbf,0xfe,0x10
  ,0x26,0x00,0xf0,0xde,0xf0,0xfe,0x1f,0x10,0x52,0x13,0xf0,0x53,0x44
  ,0xf2,0x01,0x20,0x26,0x00,0x40,0x42,0x32,0x43,0x23,0x33,0x43,0x10
  ,0x1f,0x00,0x20,0xf1,0x2f,0x31,0x26,0x00,0xf0,0x10,0x00,0xcd,0xef
  ,0xdf,0xdf,0xce,0xed,0x0f,0x00,0xde,0x0d,0xef,0x26,0x00,0xbc,0xca
  ,0x2e,0xdf,0xdd,0xff,0x43,0xe1,0xbc,0x2e,0xc0,0xdd,0x2f,0x24,0x25
  ,0x00,0x00,0x11,0x32,0x01,0x20,0x20,0x21,0x01,0x44,0x03,0xf0,0x53
  ,0x34,0xe0,0x25,0x00,0x1e,0x62,0x24,0xcf,0x51,0x24,0xdf,0x1e,0x41
  ,0xf1,0xff,0xff,0x61,0xe0,0x25,0x00,0xed,0x00,0xc0,0xef,0xe0,0xf0
  ,0xee,0xef,0xff,0xde,0xde,0x1f,0xae,0xfb,0x26,0x00,0x21,0xb0,0xab
  ,0x2d,0xf2,0xdf,0xbc,0x70,0xe4,0xdb,0x3e,0x32,0x22,0xcf,0x26,0x00
  ,0x30,0x47,0xe4,0x2f,0x64,0x34,0x10,0xf0,0x72,0x45,0x21,0x41,0x24
  ,0x42,0x26,0x00,0x32,0xef,0x3e,0x02,0x30,0x10,0x0e,0x1f,0xc0,0xcc
  ,0xfe,0xe0,0xbe,0xda,0x25,0x00,0x1f,0x10,0xde,0x0c,0xff,0x00,0xde
  ,0xfe,0x10,0xe0,0xfe,0x0f,0x00,0xe0,0x45,0x00,0xde,0xff,0x1f,0xdf
  ,0xfe,0xf1,0x0f,0x01,0x00,0xf0,0x20,0x42,0x12,0x0f,0x25,0x00,0x51
  ,0x24,0x02,0x31,0x13,0xf1,0x22,0x03,0x11,0x03,0x11,0x21,0x10,0x20
  ,0x45,0x00,0x13,0x10,0x41,0x13,0x00,0x11,0x11,0x11,0xe0,0x0e,0x0f
  ,0xff,0xef,0xcd,0x25,0x00,0xfd,0x00,0xce,0x0d,0xf0,0xed,0xee,0xee
  ,0x1f,0xd1,0xec,0x2f,0x02,0xef,0x27,0x00,0x2e,0x14,0x40,0xb3,0x4b
  ,0x56,0x23,0x11,0x53,0x37,0x42,0x57,0x67,0x37,0x26,0x00,0x42,0x33
  ,0x12,0x41,0x23,0x21,0x12,0x23,0x23,0x02,0x0d,0x0f,0xf1,0xee,0x26
  ,0x00,0xdf,0xff,0xe1,0xff,0xf0,0xdd,0xfc,0xee,0xdc,0xef,0xa0,0x0a
  ,0x02,0xde,0x26,0x00,0xff,0xce,0xfd,0xf1,0xde,0xe0,0xdf,0xec,0x11
  ,0xd2,0xee,0x30,0x13,0x0b,0x46,0x00,0x1e,0x21,0xe4,0x0a,0x71,0x16
  ,0x2e,0x55,0x33,0x46,0x67,0x75,0x24,0x50,0x25,0x00,0x33,0x04,0xfd
  ,0x42,0x15,0x0e,0x12,0xf2,0x0f,0xf0,0xf0,0x01,0x00,0x01,0x45,0x00
  ,0x00,0x20,0xd3,0xcd,0x1f,0x12,0xcd,0xed,0x0f,0xef,0xce,0xdd,0xde
  ,0xcd,0x26,0x00,0xde,0xc0,0xda,0x00,0xdf,0x0d,0x02,0xfb,0x11,0xff
  ,0x01,0x33,0xf0,0xec,0x25,0x00,0x31,0x32,0x00,0x0f,0x22,0x24,0x0f
  ,0x10,0x32,0x13,0x01,0x30,0x23,0x00,0x26,0x00,0x22,0x24,0xf2,0xf1
  ,0x00,0x0f,0x11,0xff,0xde,0xdc,0x12,0xe0,0xba,0xec,0x26,0x00,0x1f
  ,0xff,0xcc,0xec,0xf0,0xf0,0xce,0xdc,0x0d,0xf1,0xde,0xfc,0x02,0xdd
  ,0x26,0x00,0xff,0x00,0x01,0xdd,0xfe,0x2f,0x22,0xf0,0xff,0x31,0x44
  ,0x22,0x12,0x10,0x25,0x00,0x30,0x44,0x0f,0x1f,0x42,0x34,0x10,0x02
  ,0x03,0x02,0x01,0x12,0x10,0x1f,0x26,0x00,0x33,0x13,0x23,0x01,0x10
  ,0xf0,0x1e,0x10,0xdf,0xec,0x22,0x00,0xcd,0xce,0x45,0x00,0x0f,0x01
  ,0xcb,0xfc,0x00,0xed,0xed,0xdc,0xff,0xed,0xcc,0xfe,0xdd,0xdd,0x46
  ,0x00,0xdc,0xcb,0xed,0xdc,0xdc,0xdf,0xef,0x00,0xcd,0x1f,0x34,0xed
  ,0x1f,0x32,0x26,0x00,0x34,0x25,0x12,0x43,0x24,0x11,0x44,0x23,0x12
  ,0x12,0x11,0x53,0x02,0xe0,0x26,0x00,0xf0,0x01,0x00,0xcc,0xfc,0x0f
  ,0xff,0xee,0xed,0xfe,0xff,0xcc,0xff,0xde,0x26,0x00,0xdd,0xee,0x0e
  ,0xf0,0xbd,0x0d,0x3f,0xf0,0xbb,0xfc,0x00,0x10,0xff,0xf0,0x26,0x00
  ,0x11,0x10,0x43,0x10,0x2f,0x21,0x00,0x01,0x23,0x43,0x01,0x10,0x65
  ,0x12,0x26,0x00,0x00,0x20,0x33,0x12,0x23,0x21,0x43,0x34,0x44,0x02
  ,0xf0,0x54,0xe3,0xde,0x46,0x00,0x54,0x66,0x12,0x00,0x65,0xf4,0xbd
  ,0xfe,0x64,0xd0,0xac,0x1e,0xf2,0xd0,0x25,0x00,0xee,0x1e,0x00,0xce
  ,0x0e,0xff,0x0f,0x0e,0xff,0xdf,0x10,0x0e,0x0f,0xee,0x26,0x00,0x3f
  ,0xf0,0xbd,0x21,0x33,0x12,0xbe,0x52,0x46,0xd1,0xff,0x44,0x45,0xf0
  ,0x26,0x00,0x2f,0x64,0x34,0xe0,0x32,0x23,0x21,0x11,0xf1,0x42,0x21
  ,0x0f,0x20,0x02,0x26,0x00,0x02,0xde,0xdd,0x10,0xcf,0xde,0xee,0xfd
  ,0xe0,0xae,0x0d,0xff,0xdb,0xeb,0x27,0x00,0x8b,0xdd,0xef,0xcc,0x0f
  ,0xbd,0x30,0xc0,0x2d,0x33,0xce,0xdc,0x32,0x54,0x26,0x00,0x22,0xef
  ,0x40,0x46,0xd1,0x1f,0x24,0x13,0x00,0x30,0x63,0xe2,0x20,0x34,0x25
  ,0x00,0xe0,0xff,0x42,0xf1,0x0f,0x30,0x42,0xe1,0x0e,0x33,0x02,0xdd
  ,0x3f,0x03,0x46,0x00,0x02,0x21,0x23,0x43,0xc0,0x2e,0x42,0xce,0x1d
  ,0x00,0x01,0xe0,0xfd,0x10,0x26,0x00,0xcf,0x1d,0xf1,0xbb,0x0d,0x21
  ,0xbf,0xec,0x20,0x22,0xb0,0x0b,0x10,0xdf,0x26,0x00,0xdb,0x4f,0xf1
  ,0x0e,0xff,0x32,0x02,0xef,0x10,0x02,0xee,0x50,0x24,0x00,0x26,0x00
  ,0x42,0x15,0x11,0x01,0x21,0x01,0x01,0x22,0x01,0x42,0x23,0x2f,0x00
  ,0x0f,0x25,0x00,0x00,0xf1,0xd0,0xf0,0xf1,0x0e,0x10,0xf0,0xff,0x0d
  ,0x1f,0xf2,0xdd,0x0c,0x26,0x00,0xf1,0xf0,0xdf,0x3e,0xf2,0xde,0x10
  ,0xd0,0xec,0xdf,0x00,0x12,0xe1,0x20,0x26,0x00,0x32,0x32,0xe2,0xfe
  ,0x00,0x1e,0x50,0x34,0xd0,0x2e,0x66,0x05,0xed,0xff,0x26,0x00,0x22
  ,0x02,0xd0,0x20,0x03,0xfd,0x40,0x13,0xed,0x0e,0x12,0xf2,0x40,0x14
  ,0x45,0x00,0x10,0x0f,0x41,0xe3,0xed,0x31,0x44,0xf0,0xdf,0x21,0x25
  ,0xc1,0x1c,0x23,0x26,0x00,0xe1,0xed,0x2e,0x33,0xe1,0xca,0x4e,0x04
  ,0xbd,0x0d,0x12,0xe2,0xee,0xe0,0x26,0x00,0xdf,0x0d,0x03,0xbd,0xea
  ,0x21,0xf0,0xde,0xcd,0x3f,0xf3,0xde,0xfc,0x43,0x26,0x00,0xd3,0x0b
  ,0x14,0x33,0x02,0x1c,0x52,0x15,0x1e,0x12,0x22,0x22,0xf1,0x10,0x26
  ,0x00,0x33,0x01,0x23,0xf3,0x3d,0x04,0x1e,0x11,0xd0,0x1e,0x33,0xff
  ,0x1e,0xf2,0x26,0x00,0xfd,0xef,0xfc,0x0d,0xde,0xec,0x0f,0xff,0xdc
  ,0xfc,0xff,0xef,0xef,0x0d,0x27,0x00,0xed,0xed,0xe0,0xde,0x10,0xf1
  ,0x0f,0x34,0xf1,0x0f,0x24,0x00,0x1f,0x55,0x26,0x00,0x14,0xf0,0x3f
  ,0x37,0x1f,0x13,0x30,0x25,0xff,0x2e,0x25,0xff,0x0d,0x34,0x26,0x00
  ,0xf1,0xfe,0x12,0xe0,0x0e,0x00,0xf1,0xf0,0x0f,0x02,0x0d,0x40,0x15
  ,0xfb,0x26,0x00,0x30,0x12,0xf1,0xf1,0xde,0x1d,0x35,0xdf,0xff,0x0e
  ,0x33,0xe0,0xfa,0x10,0x26,0x00,0xdf,0xfb,0x14,0xe0,0xed,0x20,0x13
  ,0xfe,0x01,0xef,0xff,0x13,0xe0,0xfa,0x27,0x00,0x73,0x06,0xbb,0x12
  ,0xdd,0xfd,0x23,0xdd,0xec,0x21,0x13,0x0f,0x55,0x01,0x27,0x00,0xff
  ,0x53,0x34,0xf1,0x0f,0x41,0x57,0x05,0xff,0x33,0x34,0x21,0xd0,0xdb
  ,0x27,0x00,0x57,0xf0,0x0e,0x34,0xf4,0xde,0x10,0xf1,0xbf,0xcc,0xfc
  ,0x0f,0xf2,0xab,0x26,0x00,0xec,0x0f,0xe0,0xcc,0xff,0xfd,0xfd,0x00
  ,0xe0,0xe0,0xed,0x10,0x22,0xec,0x27,0x00,0x0b,0x34,0x00,0x13,0x0f
  ,0x42,0x23,0x00,0x67,0xf1,0x32,0x57,0x0f,0x45,0x27,0x00,0x23,0x33
  ,0x55,0x44,0x34,0xf2,0x11,0x11,0x1f,0x21,0xf4,0xaa,0x63,0x24,0x46
  ,0x00,0xe0,0xfc,0x1f,0xf3,0xbb,0x2e,0x23,0xaa,0x0f,0x11,0xef,0xdd
  ,0xee,0xed,0x46,0x00,0xfe,0xdd,0xde,0x33,0x12,0xbd,0x20,0x11,0xed
  ,0x3f,0x01,0xec,0x52,0x44,0x26,0x00,0x0f,0x42,0x11,0x02,0xff,0x21
  ,0x14,0xde,0x2f,0x33,0xf0,0xff,0x12,0x10,0x26,0x00,0xef,0xef,0xdd
  ,0x00,0x12,0xcc,0x2d,0x45,0xce,0x22,0xe1,0xee,0x0f,0xe0,0x26,0x00
  ,0x0f,0x1f,0x11,0xe0,0x00,0x11,0x13,0xbe,0xfe,0x12,0xd1,0xff,0x32
  ,0x24,0x47,0x00,0xff,0xdc,0x20,0x44,0x04,0xac,0x70,0x44,0xe0,0x40
  ,0x55,0xbe,0x0d,0x11,0x26,0x00,0xee,0xef,0xef,0x1f,0xde,0x20,0xf1
  ,0xbd,0x33,0xe3,0xcb,0x0e,0x02,0x01,0x46,0x00,0xf0,0xde,0xee,0x53
  ,0xd1,0xbb,0x1f,0x34,0xcf,0x1d,0x51,0xf0,0x0f,0x42,0x26,0x00,0x24
  ,0xcf,0x40,0x33,0xf0,0x1f,0xbf,0x2f,0x66,0xb0,0x9a,0x60,0x44,0xdf
  ,0x26,0x00,0xfe,0xde,0x0e,0x10,0x0f,0xfd,0x10,0x00,0xff,0x40,0x02
  ,0x9c,0x3e,0x44,0x26,0x00,0xbe,0xfc,0x31,0x13,0xe0,0xee,0xff,0x1f
  ,0x62,0xc2,0xee,0x31,0xf3,0x21,0x26,0x00,0x12,0x00,0xf0,0x63,0x14
  ,0xef,0x1f,0x41,0xdf,0x41,0x24,0xcd,0x4f,0x46,0x46,0x00,0xc2,0x3f
  ,0x32,0x31,0x21,0xf1,0xf0,0x41,0x33,0xef,0x0e,0x11,0xf1,0x0f,0x26
  ,0x00,0xf1,0xce,0xee,0x10,0xf1,0xed,0x1f,0xdf,0x0f,0x13,0xc1,0xdd
  ,0x1f,0x13,0x26,0x00,0xc0,0xfc,0x40,0xf1,0x00,0xe0,0x10,0x11,0x01
  ,0xe0,0x21,0x21,0x10,0x30,0x26,0x00,0x24,0xe3,0x2f,0x42,0xf2,0x0f
  ,0x00,0x00,0x22,0xe2,0x0e,0x1f,0xf2,0x01,0x27,0x00,0xbe,0xcb,0x3e
  ,0xf2,0xcf,0xbc,0xfc,0x00,0xcf,0xba,0xbc,0xcc,0xbd,0xcb,0x26,0x00
  ,0x0f,0xc0,0xee,0x12,0xf3,0xde,0xee,0x20,0xf1,0xff,0xf1,0x32,0x33
  ,0x01,0x26,0x00,0xfe,0x20,0x22,0x01,0xee,0x4e,0x35,0xe2,0x2e,0x21
  ,0x00,0x00,0xf0,0x10,0x46,0x00,0x43,0x12,0x01,0x30,0x42,0xb0,0x1c
  ,0x44,0xd2,0x0e,0x02,0x0e,0x22,0xd0,0x46,0x00,0x1d,0xe0,0x0c,0x3f
  ,0x92,0x0b,0x44,0xa2,0x4b,0x35,0xcf,0x2d,0x52,0xc1,0x25,0x00,0xfd
  ,0x41,0xe4,0x0d,0x52,0xe4,0x1c,0x22,0x00,0x10,0xf1,0x1f,0x03,0x10
  ,0x45,0x00,0x22,0x00,0x2f,0x24,0xef,0x0d,0x34,0xd2,0xfb,0x41,0xf5
  ,0xdb,0x2f,0xd5,0x25,0x00,0xec,0x10,0xd1,0x1e,0x03,0xde,0x0e,0x21
  ,0xf1,0xef,0xff,0x02,0xe1,0xec,0x26,0x00,0x32,0xf4,0xfe,0x10,0x13
  ,0x10,0x3f,0xf4,0x0d,0x24,0xf2,0xfc,0x52,0x14,0x27,0x00,0xeb,0x14
  ,0x0f,0x11,0xd0,0x1c,0xf3,0xea,0x0e,0xf0,0x2d,0x37,0xb0,0xf9,0x26
  ,0x00,0x32,0xd1,0xdb,0x1f,0xff,0xec,0x1f,0x0f,0x1e,0xd0,0xed,0xfe
  ,0xe0,0xfe,0x26,0x00,0x11,0xee,0x1d,0x23,0x1f,0x23,0xc1,0x0b,0x14
  ,0xf1,0x01,0x01,0x21,0x14,0x27,0x00,0x33,0x64,0x64,0x37,0xdf,0xfb
  ,0x44,0x15,0x01,0x21,0x42,0x27,0xee,0x1e,0x45,0x00,0x11,0xe1,0x00
  ,0x10,0x13,0xf1,0xfb,0x12,0x03,0xff,0x0d,0x0f,0x0e,0x01,0x26,0x00
  ,0xdd,0xfe,0x3f,0x25,0xa9,0x00,0x24,0xcd,0xea,0x13,0xe1,0x01,0x43
  ,0x36,0x45,0x00,0xfe,0x11,0xe0,0x0e,0x34,0x02,0xf9,0x53,0x07,0xde
  ,0x10,0x35,0x00,0x00,0x26,0x00,0x00,0x0f,0x33,0xe2,0xee,0x31,0x35
  ,0xde,0xfc,0x15,0xdf,0xfd,0x11,0xf2,0x26,0x00,0xef,0xfd,0x26,0xfd
  ,0x3f,0x01,0xc8,0x3f,0x04,0xba,0x23,0xf2,0xee,0xff,0x27,0x00,0xe2
  ,0xba,0x1e,0x02,0x9c,0x0c,0x44,0x01,0x0e,0x31,0x35,0xbb,0x1e,0x27
  ,0x46,0x00,0xed,0x20,0x24,0x0c,0x53,0xf2,0xec,0x44,0x12,0xed,0x10
  ,0x23,0x01,0x11,0x26,0x00,0x43,0x01,0xfd,0x12,0xee,0xed,0x11,0xf1
  ,0xdc,0x41,0x13,0xda,0x42,0xf2,0x26,0x00,0xcb,0x0e,0x11,0xdc,0x21
  ,0x00,0xf0,0x00,0x22,0xde,0xde,0x2f,0x11,0xec,0x26,0x00,0x20,0x01
  ,0xef,0x33,0x34,0xdd,0x20,0x12,0xff,0x21,0x12,0xdf,0x51,0x24,0x46
  ,0x00,0xcf,0x40,0x31,0xff,0x0d,0x20,0x2f,0x21,0x01,0x10,0xfe,0x1f
  ,0xf2,0xbd,0x28,0x00,0x28,0x00,0xdd,0x34,0xd0,0xfe,0x12,0xf0,0xce
  ,0xbd,0xb9,0x30,0x23,0x00,0x27,0x00,0x32,0x1f,0x41,0x12,0xce,0x21
  ,0x13,0x12,0x01,0xf0,0x32,0x53,0xd1,0xde,0x27,0x00,0x21,0xf1,0x11
  ,0x10,0x0f,0x20,0x42,0xff,0x00,0x21,0x00,0x21,0xee,0xcc,0x46,0x00
  ,0x21,0x13,0xce,0x20,0x03,0xbd,0x31,0x00,0xed,0x1f,0x01,0x11,0xc0
  ,0xff,0x26,0x00,0x32,0xe1,0x01,0xdf,0xdd,0x21,0x24,0xdd,0x2d,0x54
  ,0xb0,0x3f,0x25,0xae,0x26,0x00,0x6f,0x13,0xdd,0x3e,0xff,0xf0,0x32
  ,0x44,0x02,0x31,0x22,0xcd,0x2d,0x1f,0x25,0x00,0x00,0x10,0xef,0x22
  ,0x03,0xfe,0x31,0xf1,0xfd,0x20,0x01,0xde,0x20,0x12,0x25,0x00,0xdf
  ,0x00,0x03,0xc0,0x0f,0xf0,0xe0,0xfe,0x10,0x02,0xee,0x31,0xf3,0xbe
  ,0x26,0x00,0x6e,0xd4,0xba,0x6f,0x24,0xed,0x2e,0x13,0xff,0xee,0x11
  ,0xc0,0x0e,0x42,0x26,0x00,0xe1,0xfe,0x51,0x13,0xbd,0x61,0x25,0x9f
  ,0x5e,0xd2,0xcc,0x51,0xf5,0xcf,0x46,0x00,0x30,0xf3,0x1f,0xef,0x0f
  ,0xf1,0xff,0x32,0x11,0xef,0x10,0xf2,0xde,0x1e,0x46,0x00,0x01,0xef
  ,0x1f,0xe1,0xdd,0x41,0x02,0xcc,0xfe,0x1f,0xff,0xf0,0x01,0x00,0x27
  ,0x00,0x0e,0x40,0xf0,0x20,0x14,0xd1,0xcc,0x1e,0x53,0x13,0x01,0x22
  ,0x01,0x00,0x27,0x00,0x54,0x15,0xde,0x0c,0xff,0x0f,0x42,0xe4,0xee
  ,0x2e,0xe2,0xae,0x1d,0x13,0x27,0x00,0x9f,0xda,0x41,0x34,0x10,0xe0
  ,0xfd,0x3e,0x31,0xde,0xec,0x2f,0xdf,0xfc,0x47,0x00,0x72,0xd5,0xcd
  ,0x1e,0xff,0xfc,0x1e,0x22,0x34,0x12,0x02,0xf2,0x10,0x44,0x26,0x00
  ,0xd0,0x0d,0x31,0xe3,0x00,0x22,0xe1,0xfe,0x31,0xe2,0x2d,0x53,0xc1
  ,0x0c,0x27,0x00,0x47,0xe2,0x2c,0x22,0x0f,0x00,0xee,0x11,0xc2,0x0a
  ,0x10,0xf1,0x42,0x46,0x47,0x00,0xae,0xfc,0x64,0xc4,0x1c,0x62,0xb3
  ,0xea,0x31,0xc3,0x1e,0x15,0xf1,0xde,0x47,0x00,0x1e,0x21,0xcf,0x1c
  ,0x02,0xde,0x2d,0x35,0xee,0x0a,0x31,0xd3,0xfb,0x00,0x27,0x00,0xd0
  ,0x0b,0xf4,0xff,0xef,0x2e,0x34,0xf4,0x1c,0xf3,0xd0,0x0c,0xf0,0xe0
  ,0x27,0x00,0x1e,0x33,0xc2,0xca,0x1f,0xf2,0xdc,0xee,0x00,0xf2,0xfe
  ,0xf1,0x21,0x13,0x27,0x00,0x10,0xe0,0xce,0x0c,0xf3,0xcf,0x2e,0x15
  ,0xb0,0x1c,0x35,0xdf,0xeb,0x13,0x47,0x00,0xe2,0xde,0x3f,0x16,0xce
  ,0xfe,0xe2,0xfc,0x22,0x02,0xcf,0x1c,0x55,0xd1,0x27,0x00,0xf9,0x33
  ,0x03,0x0f,0xff,0xf0,0xec,0xfe,0x22,0x32,0x21,0x10,0xff,0x10,0x27
  ,0x00,0x13,0xe0,0x1f,0x33,0xff,0x1e,0x42,0x24,0x03,0xd1,0xdd,0x20
  ,0x35,0xfe,0x27,0x00,0x0f,0x01,0x1f,0x40,0x15,0xdf,0xee,0x00,0x01
  ,0x01,0x0f,0x13,0xfe,0x1e,0x27,0x00,0x36,0xff,0xef,0xef,0xfd,0x31
  ,0x23,0x1e,0x22,0xff,0x0e,0x32,0x24,0xfe,0x48,0x00,0x11,0x34,0x20
  ,0x33,0xee,0xfc,0x12,0x1f,0x24,0x13,0xe2,0xbd,0x0b,0x42,0x48,0x00
  ,0x35,0x02,0xde,0xfd,0x22,0xff,0xfe,0x23,0xef,0xec,0x44,0x03,0xe0
  ,0xee,0x28,0x00,0xee,0x20,0x44,0x23,0xdd,0xf0,0xdb,0xfc,0x34,0xf0
  ,0xed,0xff,0xff,0xf0,0x28,0x00,0x0d,0x11,0xdd,0x1d,0x43,0xdf,0xee
  ,0x0e,0x01,0xfe,0x2f,0x22,0xdd,0x01,0x28,0x00,0xd0,0xda,0x31,0xef
  ,0xec,0x11,0x10,0x33,0xe0,0xff,0xf0,0xef,0x10,0x41,0x48,0x00,0x00
  ,0xfd,0x0e,0xee,0x21,0x13,0xcc,0x1e,0xe1,0xcb,0x0e,0x34,0x0f,0x13
  ,0x48,0x00,0xd0,0xdd,0x21,0xdd,0xed,0x23,0xde,0xdb,0x43,0x23,0xeb
  ,0x1e,0x01,0x0e,0x38,0x00,0x0d,0xf0,0xdd,0x0f,0xcf,0xcc,0x0e,0x0f
  ,0x1f,0x33,0x44,0x23,0x13,0x12,0x28,0x00,0xff,0x1f,0x32,0x44,0xef
  ,0x00,0xfe,0x22,0x11,0xf1,0xbc,0x0d,0x63,0xf1,0x28,0x00,0x43,0x37
  ,0x9d,0x0c,0x21,0x11,0x33,0x54,0x11,0x32,0x43,0x34,0xd0,0xdf,0x48
  ,0x00,0xef,0x53,0x65,0x55,0xfe,0x32,0x15,0xe0,0x12,0xbd,0x21,0x13
  ,0x44,0xf1,0x28,0x00,0xff,0x00,0xfe,0xdb,0x4f,0x32,0xbc,0x0f,0x00
  ,0x31,0x65,0x02,0xab,0xcb,0x47,0x00,0x11,0xf0,0x11,0xd0,0xfe,0x73
  ,0xef,0x0c,0x1f,0xf0,0x0e,0x21,0x1f,0x2f,0x48,0x00,0x13,0x22,0xbf
  ,0x0d,0x44,0xf2,0x1e,0x32,0xdf,0x52,0x22,0xbd,0x20,0x57,0x28,0x00
  ,0xc1,0xdc,0x1e,0xce,0x30,0xf0,0xef,0xe0,0x20,0xf1,0xcd,0xec,0xec
  ,0xff,0x28,0x00,0x12,0xd0,0xdd,0x40,0x54,0xe0,0x20,0xce,0x1e,0x42
  ,0xb0,0x2f,0x14,0xb0,0x28,0x00,0x30,0x14,0xf0,0x33,0xa1,0xdb,0x31
  ,0x32,0x10,0x32,0xf2,0xff,0x21,0xe0,0x28,0x00,0xde,0x1d,0x01,0xd0
  ,0x0d,0x00,0xee,0xfd,0x11,0xdf,0xce,0xf0,0xd0,0xfe,0x28,0x00,0x11
  ,0x01,0xef,0xee,0xde,0x2f,0x53,0xd2,0xcc,0x2e,0x22,0x12,0x11,0x31
  ,0x27,0x00,0x10,0x00,0xe1,0xff,0x40,0x13,0xe0,0x11,0xf0,0x10,0x00
  ,0x0f,0x10,0x00,0x29,0x00,0x5f,0xf3,0xbd,0xec,0x43,0x13,0xf1,0xaf
  ,0xcb,0x1e,0x31,0xde,0x2d,0x00,0x28,0x00,0xe0,0x01,0xe0,0x1e,0x31
  ,0xf2,0xef,0xff,0x21,0x22,0x01,0xcf,0xef,0x33,0x49,0x00,0x17,0x21
  ,0x54,0x13,0xef,0x61,0x44,0x14,0x65,0x75,0x45,0x54,0x32,0x42,0x29
  ,0x00,0x31,0x63,0x22,0x20,0x43,0x03,0xbc,0x5f,0x45,0x32,0x00,0xcb
  ,0x0c,0x32,0x49,0x00,0xc2,0x4d,0x55,0xd0,0x0d,0x10,0xde,0x0b,0xcd
  ,0x1c,0xf0,0xcf,0xfd,0xff,0x29,0x00,0xd2,0xdd,0xcd,0x0e,0x31,0xe1
  ,0xcf,0xfd,0x2f,0x52,0x12,0xdf,0xfe,0x11,0x29,0x00,0xcf,0x1c,0x03
  ,0x0f,0x63,0xe5,0xbb,0x1b,0xd0,0xfc,0x00,0xa0,0x0c,0x24,0x29,0x00
  ,0xe3,0xdb,0xff,0x11,0x21,0xb2,0xcb,0x2d,0x01,0xce,0xdd,0x00,0xef
  ,0xef,0x28,0x00,0xdf,0xfe,0xe1,0x01,0x1f,0x10,0x0f,0x1f,0x01,0x00
  ,0xff,0xcf,0xfc,0x21,0x29,0x00,0x05,0xdd,0x3e,0x66,0x12,0x30,0x14
  ,0x00,0x10,0xe3,0x20,0x63,0x34,0x10,0x49,0x00,0x40,0x31,0x21,0x02
  ,0x4f,0x44,0xf2,0x10,0x24,0x22,0xe2,0xdc,0xfd,0x12,0x2a,0x00,0x12
  ,0xb0,0x1e,0x44,0x02,0x21,0x13,0xce,0xdd,0x11,0xde,0xfc,0x11,0x10
  ,0x29,0x00,0x20,0x01,0x0e,0x31,0x02,0x0f,0x41,0xe2,0x2c,0x36,0x02
  ,0xed,0x22,0x24,0x29,0x00,0x2e,0x22,0xf0,0x20,0x15,0x01,0x31,0x13
  ,0x0f,0x12,0x1f,0x2f,0x0f,0xfd,0x49,0x00,0x23,0x01,0x1d,0x32,0x05
  ,0xfc,0x11,0xf1,0xfd,0x01,0xee,0xfc,0x32,0xf1,0x2a,0x00,0xe2,0x42
  ,0x47,0xd1,0xed,0x20,0xd0,0xfc,0x35,0xfd,0x33,0x33,0xe1,0xde,0x29
  ,0x00,0x1f,0x01,0xfe,0x3e,0x24,0x0f,0x31,0x25,0xcf,0x1d,0x15,0xdd
  ,0x0d,0x23,0x49,0x00,0xd2,0x1d,0x33,0xe2,0xfb,0x22,0xf1,0xec,0x11
  ,0xfe,0xfd,0x02,0xdf,0xeb,0x29,0x00,0x31,0x01,0xbc,0xfd,0x12,0xde
  ,0x00,0xf2,0xee,0x20,0x03,0xd0,0xf1,0xf0,0x2a,0x00,0xfe,0x0f,0xde
  ,0xec,0x0f,0x23,0xee,0xfe,0x00,0xff,0xfc,0x01,0xde,0xfc,0x29,0x00
  ,0x20,0x02,0x0e,0x20,0x12,0x0e,0xe0,0xbd,0xfd,0x13,0xff,0x21,0x02
  ,0xff,0x4a,0x00,0x02,0xe2,0xcd,0xee,0x11,0xd1,0x0f,0x36,0xdc,0x0b
  ,0x36,0xec,0x0a,0x23,0x4a,0x00,0xd0,0xdd,0x02,0x11,0x02,0x20,0x3f
  ,0x12,0xf1,0xff,0xfd,0x23,0xe3,0xdd,0x29,0x00,0x20,0x45,0xd1,0xee
  ,0x11,0xf1,0xfe,0x23,0xf2,0xef,0x33,0x04,0xe0,0x01,0x2a,0x00,0x15
  ,0xfe,0x31,0xe0,0xeb,0x51,0x66,0xce,0x20,0x54,0xdf,0x20,0x14,0xbe
  ,0x29,0x00,0x2f,0x34,0xf2,0x0f,0x21,0x13,0xe0,0xe0,0xcf,0xed,0x31
  ,0x01,0xdf,0x10,0x4a,0x00,0x33,0x0f,0xee,0xee,0x1f,0x1e,0x32,0xce
  ,0x1f,0x23,0xd0,0x22,0x31,0x00,0x4a,0x00,0xe0,0x13,0x43,0x11,0x62
  ,0x34,0x01,0x22,0x1f,0x42,0x35,0xbf,0xfd,0x75,0x2a,0x00,0x23,0x02
  ,0xfd,0xf0,0xe1,0xef,0xfd,0x32,0xf1,0xef,0x11,0xbf,0xef,0x11,0x29
  ,0x00,0xff,0x10,0x21,0xdd,0x2d,0x10,0xf0,0x11,0xf1,0x1f,0x2f,0xef
  ,0xf0,0x11,0x4a,0x00,0xdc,0xfc,0x10,0x44,0x01,0xbb,0x1f,0x03,0xce
  ,0x0d,0x30,0x00,0x21,0xf0,0x4a,0x00,0xfe,0x31,0xe1,0xbb,0x11,0xdf
  ,0xde,0xdc,0xfe,0xfe,0x11,0xde,0xec,0xee,0x29,0x00,0xce,0x0e,0x21
  ,0xd0,0xdf,0xf0,0xd0,0x00,0x22,0xd0,0x1e,0x11,0xcd,0xfc,0x2a,0x00
  ,0x50,0xf1,0x1e,0x25,0xef,0x40,0x04,0xdc,0xfd,0x10,0xf1,0x02,0x13
  ,0x11,0x4a,0x00,0xe1,0x1f,0x0f,0x00,0x3f,0x02,0xd1,0x20,0x21,0x02
  ,0x03,0x64,0xe2,0xff,0x2a,0x00,0x31,0x01,0xcd,0x5f,0x13,0xde,0x30
  ,0x23,0xc0,0x3f,0x11,0xfe,0x3f,0x31,0x29,0x00,0x11,0xf0,0x0f,0x22
  ,0x11,0x10,0x11,0xf1,0x30,0x21,0xbf,0x21,0x03,0xde,0x29,0x00,0x30
  ,0x12,0xf0,0x10,0xe1,0xde,0x31,0x13,0x0f,0x31,0x11,0xf0,0x10,0x02
  ,0x2a,0x00,0xc1,0x2c,0x32,0x43,0x01,0x0f,0x32,0x12,0x20,0xef,0x2f
  ,0x54,0x13,0xdd,0x4a,0x00,0x3f,0x45,0x02,0x20,0x03,0xd1,0x1e,0x10
  ,0xb0,0x1f,0x01,0x10,0x12,0xe1,0x2a,0x00,0xfe,0x2f,0xe0,0xce,0xfd
  ,0xff,0x11,0x14,0xd0,0xfe,0x22,0xa1,0xeb,0x11,0x2a,0x00,0xe0,0x3e
  ,0x11,0xd0,0x2e,0xf2,0xd1,0x1f,0xd0,0xcc,0x2d,0xf4,0xe0,0xfe,0x49
  ,0x00,0x00,0x21,0xff,0xfe,0x0f,0xcf,0x0d,0x01,0xf0,0x1f,0xe0,0xef
  ,0xf0,0xe0,0x2a,0x00,0xeb,0xdc,0x0f,0xe0,0xed,0x23,0xd3,0xec,0x01
  ,0x3f,0x01,0xee,0x0f,0xff,0x2b,0x00,0xd0,0x2c,0x41,0x31,0xd2,0x0a
  ,0x30,0xe2,0x9d,0xdd,0x0e,0x02,0xe2,0x01,0x2b,0x00,0x50,0xc0,0xdb
  ,0xef,0x11,0xd0,0xae,0x1e,0x01,0xbe,0x10,0x01,0x21,0x41,0x2c,0x00
  ,0x05,0xe0,0x21,0xeb,0xf4,0x03,0xbf,0x1d,0x20,0x50,0x20,0xfd,0x40
  ,0xd6,0x4b,0x00,0xfc,0x32,0xe3,0xff,0x30,0x11,0x2f,0x21,0x1f,0x1f
  ,0x2e,0x3f,0x2e,0x01,0x4c,0x00,0x02,0x00,0x04,0xf2,0x2f,0x00,0x10
  ,0x1d,0xf2,0xc4,0x12,0x0f,0xf0,0x01,0x0c,0x00,0xee,0xfe,0xfe,0xef
  ,0xef,0xff,0xff,0xff,0xff,0xff,0xee,0xef,0xff,0xff,0x0c,0x00,0xff
  ,0xee,0xfe,0xff,0xff,0xff,0xff,0xfe,0xef,0xff,0xfe,0xff,0xef,0xfe
  ,0x0c,0x00,0xff,0xfe,0xee,0xef,0xfe,0xff,0xfe,0xef,0xee,0xfe,0xfe
  ,0xef,0xfe,0xee,0x0c,0x00,0xfe,0xfe,0xee,0xff,0xee,0xef,0xef,0xff
  ,0xfe,0xfe,0xfe,0xff,0xff,0xfe,0x0c,0x00,0xfe,0xff,0xfe,0xfe,0xff
  ,0xef,0xff,0xff,0xff,0xef,0xfe,0xff,0xfe,0xff,0x0c,0x00,0xff,0xff
  ,0xef,0xff,0xff,0x0e,0xff,0xef,0xff,0xff,0xff,0xfe,0xef,0xff,0x0c
  ,0x00,0xfe,0xff,0xfe,0xff,0xfe,0xff,0xfe,0xff,0xee,0xfe,0xef,0xff
  ,0x0f,0xef,0x0c,0x00,0xfe,0xfe,0xfe,0xfe,0xfe,0xef,0xff,0xfe,0xfe
  ,0xfe,0xff,0xff,0xee,0xff,0x0c,0x00,0xfe,0xee,0xef,0xfe,0xff,0xfe
  ,0xff,0xfe,0xee,0xee,0xff,0xff,0xef,0xff,0x0c,0x00,0xff,0xff,0xff
  ,0xef,0xef,0xfe,0xfe,0xff,0xff,0xff,0xef,0xff,0xff,0xef,0x0c,0x00
  ,0xfe,0xee,0xfe,0xfe,0xfe,0xff,0xee,0xff,0xef,0xee,0xfe,0xfe,0xff
  ,0xff,0x0c,0x00,0xff,0xff,0xef,0xff,0xff,0xef,0xee,0xff,0xee,0xfe
  ,0xff,0xff,0xff,0xfe,0x0c,0x00,0xff,0xff,0xef,0xee,0xfe,0xfe,0xff
  ,0xee,0xfe,0xff,0xff,0xef,0xff,0xfe,0x0c,0x00,0xff,0xee,0xef,0xff
  ,0xee,0xfe,0xff,0xee,0xef,0xef,0xff,0xfe,0xfe,0xfe,0x0c,0x00,0xfe
  ,0xef,0xfe,0xfe,0xee,0xee,0xff,0xef,0xee,0xff,0xfe,0xef,0xef,0xfe
  ,0x0c,0x00,0xff,0xfe,0xef,0xff,0xfe,0xfe,0xff,0xef,0xee,0xff,0xfe
  ,0xef,0xef,0xef,0x0c,0x00,0xff,0xee,0xff,0xff,0xff,0xfe,0xef,0xff
  ,0x0f,0xee,0xfe,0xef,0xff,0xfe,0x0c,0x00,0xef,0xef,0xff,0xfe,0xef
  ,0xef,0xfe,0xfe,0xef,0xef,0xfe,0xef,0xfe,0xef,0x0c,0x00,0xfe,0xff
  ,0xee,0xff,0xff,0xff,0xff,0xff,0xfe,0xfe,0xef,0xee,0xff,0xef,0x0c
  ,0x00,0xef,0xff,0xff,0xee,0xff,0xfe,0xfe,0xef,0xef,0xfe,0xfe,0xef
  ,0xef,0xef,0x0c,0x00,0xff,0xff,0xef,0xff,0xee,0xff,0xfe,0xef,0xee
  ,0xfe,0xff,0xef,0xfe,0xee,0x0c,0x00,0xff,0xff,0xfe,0xef,0xfe,0xfe
  ,0xff,0xff,0xef,0xff,0xef,0xef,0xff,0xfe,0x0c,0x00,0xfe,0xfe,0xee
  ,0xfe,0xfe,0xff,0xff,0xff,0xfe,0xff,0xff,0xef,0xff,0xff,0x0c,0x00
  ,0xff,0xff,0xfe,0xff,0xee,0xff,0xfe,0xff,0xff,0xfe,0xff,0xef,0xef
  ,0xef,0x0c,0x00,0xee,0xff,0xef,0xff,0xfe,0xfe,0xee,0xff,0xfe,0xff
  ,0xff,0xff,0xee,0xff,0x0c,0x00,0xff,0xff,0xef,0xfe,0xfe,0xef,0xff
  ,0xee,0xff,0xff,0xfe,0xfe,0xff,0xff,0x0c,0x00,0xef,0xff,0xff,0xfe
  ,0xff,0xef,0xfe,0xff,0xff,0xef,0xef,0xef,0xef,0xff,0x0c,0x00,0xef
  ,0xef,0xff,0xfe,0xff,0xff,0xff,0xff,0xff,0xfe,0xff,0xef,0xef,0xef
  ,0x0c,0x00,0xef,0xfe,0xfe,0xff,0xee,0xfe,0xfe,0xff,0xfe,0xfe,0xfe
  ,0xff,0xff,0xfe,0x0c,0x00,0xff,0xfe,0xff,0xef,0xff,0xef,0xfe,0xfe
  ,0xef,0xee,0xfe,0xee,0xfe,0xff,0x0c,0x00,0xfe,0xff,0xee,0xef,0xff
  ,0xff,0xff,0xfe,0xff,0xfe,0xef,0x0e,0xfe,0xff,0x0c,0x00,0xff,0xff
  ,0xff,0xfe,0xef,0xfe,0xee,0xff,0xff,0xff,0xee,0xef,0xee,0xfe,0x0c
  ,0x00,0x0f,0xef,0xff,0xee,0xee,0xfe,0xff,0xfe,0xee,0xff,0xef,0xef
  ,0xfe,0xee,0x0c,0x00,0xff,0xee,0xee,0xfe,0xef,0xef,0xef,0xfe,0xef
  ,0xff,0xff,0xff,0xfe,0xee,0x0c,0x00,0xee,0xfe,0xee,0xff,0xef,0xee
  ,0xef,0xef,0xee,0xff,0xee,0xef,0xfe,0xee,0x0c,0x00,0xff,0xef,0xfe
  ,0xef,0xff,0xfe,0xff,0xef,0xff,0xfe,0xef,0xee,0xff,0xee,0x0c,0x00
  ,0xef,0xff,0xff,0xff,0xff,0xfe,0xfe,0xee,0xef,0xee,0xee,0xfe,0xef
  ,0xee,0x0c,0x00,0xee,0xff,0xff,0xff,0xfe,0xfe,0xee,0xef,0xff,0xee
  ,0xff,0xff,0xff,0xef,0x0c,0x00,0xff,0xef,0xfe,0xee,0xee,0xff,0xfe
  ,0xfe,0xfe,0xee,0xfe,0xfe,0xfe,0xff,0x0c,0x00,0xff,0xfe,0xfe,0xee
  ,0xef,0xfe,0xef,0xff,0xef,0xff,0xfe,0xfe,0xee,0xef,0x0c,0x00,0xff
  ,0xef,0xfe,0xfe,0xff,0xff,0xef,0xef,0xff,0xfe,0xff,0xfe,0xff,0xfe
  ,0x0c,0x00,0xee,0xef,0xee,0xfe,0xfe,0xfe,0xee,0xfe,0xee,0xfe,0xee
  ,0xfe,0xfe,0xee,0x0c,0x00,0xfe,0xff,0xfe,0xfe,0xfe,0xff,0xff,0xfe
  ,0xff,0xff,0xee,0xfe,0xff,0xff,0x0c,0x00,0xfe,0xff,0xff,0xff,0xee
  ,0xee,0xfe,0xef,0xff,0xfe,0xef,0xff,0xef,0xff,0x0c,0x00,0xef,0xff
  ,0xef,0xef,0xff,0xff,0xff,0xff,0xee,0xff,0xef,0xff,0xfe,0xff,0x0c
  ,0x00,0xfe,0xff,0xff,0xef,0xfe,0xff,0xff,0xee,0xee,0xef,0xef,0xfe
  ,0xfe,0xff,0x0c,0x00,0xfe,0xef,0xfe,0xef,0xff,0xef,0xff,0xef,0xff
  ,0xfe,0xff,0xfe,0xff,0xee,0x0c,0x00,0xfe,0xef,0xff,0xff,0xfe,0xee
  ,0xfe,0xff,0xef,0xff,0xee,0xef,0xff,0xff,0x0c,0x00,0xfe,0xfe,0xee
  ,0xfe,0xff,0xee,0xee,0xef,0xee,0xfe,0xef,0xfe,0xff,0xee,0x0c,0x00
  ,0xff,0xff,0xff,0xff,0xfe,0xfe,0xfe,0xef,0xee,0xfe,0xef,0xff,0xfe
  ,0xff,0x0c,0x00,0xef,0xfe,0xff,0xff,0xfe,0xfe,0xff,0xfe,0xff,0xef
  ,0xef,0xef,0xff,0xff,0x0c,0x00,0xfe,0xff,0xee,0xee,0xef,0xff,0xee
  ,0xfe,0xff,0xee,0xfe,0xff,0xfe,0xfe,0x0c,0x00,0xee,0xfe,0xfe,0xfe
  ,0xff,0xff,0xff,0xfe,0xfe,0xfe,0xef,0xfe,0xfe,0xef,0x0c,0x00,0xfe
  ,0xff,0x0e,0xff,0xee,0xfe,0xef,0xff,0xef,0xfe,0xee,0xee,0xfe,0xee
  ,0x0c,0x00,0xee,0xfe,0xef,0xee,0xef,0xfe,0xfe,0xff,0xef,0xff,0xef
  ,0xff,0xfe,0xff,0x0c,0x00,0xfe,0xfe,0xef,0xef,0xfe,0xfe,0xfe,0xee
  ,0xff,0xee,0xef,0xff,0xef,0xee,0x0c,0x00,0xfe,0xfe,0xfe,0xef,0xff
  ,0xfe,0xfe,0xee,0xee,0xff,0xff,0xff,0xff,0xee,0x0c,0x00,0xee,0xfe
  ,0xff,0xfe,0xff,0xef,0xff,0xfe,0xef,0xff,0xfe,0xff,0xee,0xee,0x0c
  ,0x00,0xff,0xff,0xfe,0xef,0xfe,0xee,0xff,0xff,0xfe,0xff,0xee,0xef
  ,0x0f,0xef,0x0c,0x01,0xff,0xef,0xee,0x00,0x00,0x00,0x00,0x00,0x00
  ,0x00,0x00,0x00,0x00,0x00
  };

