<?xml version="1.0" encoding="utf-8"?>
<COLLADA xmlns="http://www.collada.org/2005/11/COLLADASchema" version="1.4.1">
  <asset>
    <contributor>
      <author>Dave_Fletcher</author>
      <authoring_tool>Maya2008 | ColladaMaya v3.05B</authoring_tool>
      <comments>ColladaMaya export options: bakeTransforms=0;exportPolygonMeshes=1;bakeLighting=0;isSampling=0;
curveConstrainSampling=0;removeStaticCurves=1;exportCameraAsLookat=0;
exportLights=0;exportCameras=0;exportJointsAndSkin=1;
exportAnimations=1;exportTriangles=0;exportInvisibleNodes=0;
exportNormals=1;exportTexCoords=1;
exportVertexColors=1;exportVertexColorsAnimation=0;exportTangents=0;
exportTexTangents=0;exportConstraints=1;exportPhysics=0;exportXRefs=0;
dereferenceXRefs=0;cameraXFov=0;cameraYFov=1</comments>
      <source_data>file:///H:/Accounts/Dave%20Fletcher/public/HomeMan/Anim02_Dance.mb</source_data>
    </contributor>
    <contributor>
      <author>Tim_Dann</author>
      <authoring_tool>Maya 8.5P01 | ColladaMaya v3.02 | FCollada v3.2</authoring_tool>
      <comments>Collada Maya Export Options: bakeTransforms=1;exportPolygonMeshes=1;bakeLighting=0;isSampling=1;
curveConstrainSampling=0;exportCameraAsLookat=0;
exportLights=1;exportCameras=1;exportJointsAndSkin=1;
exportAnimations=1;exportTriangles=0;exportInvisibleNodes=0;
exportNormals=1;exportTexCoords=1;exportVertexColors=0;exportTangents=0;
exportTexTangents=1;exportConstraints=1;exportPhysics=1;exportXRefs=1;
dereferenceXRefs=0;cameraXFov=0;cameraYFov=1</comments>
      <source_data>file:///D:/ship/edge/latest/samples/edge/common/assets/anim-dance.dae</source_data>
    </contributor>
    <created>2008-05-21T12:54:45Z</created>
    <modified>2008-05-28T14:39:28Z</modified>
    <unit meter="1" name="meter"/>
    <up_axis>Y_UP</up_axis>
  </asset>
  <library_animations>
    <animation id="Pelvis_matrix">
      <source id="Pelvis_matrix_Pelvis_transform-input">
        <float_array id="Pelvis_matrix_Pelvis_transform-input-array" count="56">0 0.041666 0.083333 0.125 0.166667 0.208333 0.25 0.291667 0.333333 0.375 0.416667 0.458333 0.5 0.541667 0.583333 0.625 0.666667 0.708333 0.75 0.791667 0.833333 0.875 0.916667 0.958333 1 1.04167 1.08333 1.125 1.16667 1.20833 1.25 1.29167 1.33333 1.375 1.41667 1.45833 1.5 1.54167 1.58333 1.625 1.66667 1.70833 1.75 1.79167 1.83333 1.875 1.91667 1.95833 2 2.04167 2.08333 2.125 2.16667 2.20833 2.25 2.29167</float_array>
        <technique_common>
          <accessor source="#Pelvis_matrix_Pelvis_transform-input-array" count="56" stride="1">
            <param name="TIME" type="float"/>
          </accessor>
        </technique_common>
        <technique profile="MAYA">
          <pre_infinity>CONSTANT</pre_infinity>
          <post_infinity>CONSTANT</post_infinity>
        </technique>
      </source>
      <source id="Pelvis_matrix_Pelvis_transform-output">
        <float_array id="Pelvis_matrix_Pelvis_transform-output-array" count="896">0.909624 0.029352 0.414394 -0.143027 -0.016242 0.999251 -0.035125 0.98707 -0.415115 0.025219 0.909419 0.013446 0 0 0 1 0.915976 0.028035 0.400251 -0.143548 -0.011975 0.999022 -0.04257 0.987662 -0.401053 0.034199 0.915416 0.012252 0 0 0 1 0.919163 0.029274 0.392789 -0.14518 -0.006841 0.99827 -0.058391 0.990003 -0.393819 0.050983 0.917773 0.00821 0 0 0 1 0.928218 0.038868 0.370002 -0.14745 -0.012593 0.99724 -0.073165 0.990131 -0.371824 0.063253 0.926146 0.00318 0 0 0 1 0.942515 0.050027 0.330398 -0.147803 -0.025716 0.996657 -0.077547 0.986125 -0.333173 0.064593 0.94065 -0.001291 0 0 0 1 0.957334 0.053792 0.283932 -0.146002 -0.033471 0.99655 -0.075946 0.979605 -0.287038 0.063202 0.955832 -0.004645 0 0 0 1 0.967431 0.05651 0.246745 -0.141416 -0.039289 0.996471 -0.07417 0.974043 -0.250066 0.06206 0.966238 -0.00644 0 0 0 1 0.977824 0.058545 0.201077 -0.133768 -0.044267 0.996216 -0.074788 0.974048 -0.204695 0.064229 0.976716 -0.004567 0 0 0 1 0.988346 0.056337 0.141417 -0.123712 -0.045937 0.996067 -0.075764 0.98001 -0.145129 0.068385 0.987047 0.000395 0 0 0 1 0.994982 0.055003 0.083583 -0.112028 -0.048189 0.99551 -0.081467 0.9873 -0.087689 0.077031 0.993165 0.005528 0 0 0 1 0.998169 0.056297 0.022136 -0.099272 -0.054169 0.994718 -0.087184 0.99165 -0.026927 0.085825 0.995946 0.010677 0 0 0 1 0.997671 0.059466 -0.033423 -0.086069 -0.062204 0.994181 -0.087942 0.9913 0.027999 0.089817 0.995565 0.014582 0 0 0 1 0.995451 0.061404 -0.07285 -0.073264 -0.067538 0.994093 -0.08496 0.988155 0.067202 0.089493 0.993718 0.01551 0 0 0 1 0.992348 0.057423 -0.109309 -0.060455 -0.06689 0.994132 -0.085013 0.986988 0.103786 0.091674 0.990366 0.011949 0 0 0 1 0.98671 0.049299 -0.154829 -0.046414 -0.066214 0.992152 -0.106063 0.98756 0.148385 0.114905 0.982231 0.004049 0 0 0 1 0.977293 0.042508 -0.207586 -0.031947 -0.070511 0.989079 -0.129425 0.983938 0.199818 0.141123 0.969617 -0.005795 0 0 0 1 0.962345 0.029047 -0.270273 -0.01797 -0.068957 0.987837 -0.139368 0.985326 0.262938 0.152757 0.952643 -0.01699 0 0 0 1 0.943224 0.011056 -0.331972 -0.004962 -0.059611 0.988853 -0.136441 0.983424 0.326763 0.148484 0.933369 -0.02794 0 0 0 1 0.927507 -0.003361 -0.37379 0.006282 -0.048169 0.990548 -0.128433 0.977225 0.370689 0.137128 0.918578 -0.03605 0 0 0 1 0.918957 -0.003753 -0.394339 0.014269 -0.046091 0.992079 -0.116854 0.974548 0.391654 0.125559 0.911505 -0.039186 0 0 0 1 0.912809 0.007107 -0.408325 0.018215 -0.052935 0.993472 -0.101046 0.975346 0.404942 0.11385 0.907227 -0.037263 0 0 0 1 0.90755 0.022981 -0.419315 0.018161 -0.064727 0.994225 -0.085601 0.979293 0.414926 0.104829 0.903796 -0.031017 0 0 0 1 0.906102 0.038786 -0.421277 0.01569 -0.074809 0.994786 -0.069315 0.98407 0.416392 0.094322 0.904279 -0.021544 0 0 0 1 0.909945 0.050107 -0.411692 0.01209 -0.07696 0.995834 -0.048896 0.98657 0.407527 0.076176 0.91001 -0.010147 0 0 0 1 0.912928 0.059859 -0.403707 0.008739 -0.072869 0.997198 -0.016926 0.985618 0.401563 0.04487 0.914732 0.000839 0 0 0 1 0.909039 0.072902 -0.410284 0.006636 -0.069355 0.997314 0.023544 0.982876 0.410899 0.007052 0.911654 0.010384 0 0 0 1 0.906643 0.090722 -0.412029 0.005792 -0.074828 0.995701 0.054582 0.980495 0.415209 -0.018655 0.909535 0.015729 0 0 0 1 0.912101 0.094254 -0.398983 0.006368 -0.07944 0.995401 0.053543 0.981407 0.402195 -0.017142 0.915394 0.015939 0 0 0 1 0.921495 0.090144 -0.377785 0.008959 -0.084758 0.995922 0.030899 0.984802 0.37903 0.003546 0.925377 0.011641 0 0 0 1 0.930783 0.085678 -0.35539 0.013047 -0.090949 0.995854 0.001882 0.987641 0.354078 0.03057 0.934716 0.003855 0 0 0 1 0.940099 0.072377 -0.333129 0.018137 -0.087297 0.99573 -0.030019 0.989054 0.329534 0.057302 0.942403 -0.007192 0 0 0 1 0.949651 0.056423 -0.308188 0.022591 -0.076395 0.995662 -0.053117 0.987044 0.303854 0.073987 0.949841 -0.019493 0 0 0 1 0.959862 0.041121 -0.277443 0.02518 -0.060747 0.996194 -0.062512 0.981937 0.273817 0.076857 0.958706 -0.029858 0 0 0 1 0.970103 0.02968 -0.240873 0.024923 -0.048369 0.996228 -0.072046 0.977446 0.237826 0.081543 0.967879 -0.037385 0 0 0 1 0.979075 0.02914 -0.201402 0.020717 -0.047129 0.995256 -0.085112 0.976601 0.197966 0.092823 0.975804 -0.041036 0 0 0 1 0.986515 0.035231 -0.159836 0.013358 -0.051658 0.993664 -0.099812 0.980013 0.155307 0.106723 0.982084 -0.040206 0 0 0 1 0.992882 0.044516 -0.110473 0.003142 -0.057089 0.991909 -0.113393 0.985457 0.104532 0.118893 0.987389 -0.035982 0 0 0 1 0.997308 0.053683 -0.049952 -0.008795 -0.059597 0.990289 -0.125604 0.990003 0.042724 0.128243 0.990822 -0.02987 0 0 0 1 0.998276 0.056978 0.014056 -0.022148 -0.054595 0.989511 -0.133747 0.991806 -0.02153 0.132749 0.990916 -0.023338 0 0 0 1 0.995661 0.061859 0.069514 -0.036701 -0.051785 0.989024 -0.138386 0.991978 -0.077312 0.134186 0.987936 -0.018156 0 0 0 1 0.990759 0.076539 0.111973 -0.051866 -0.059537 0.987193 -0.148002 0.9922 -0.121867 0.139968 0.982628 -0.016908 0 0 0 1 0.983463 0.089934 0.157201 -0.067617 -0.06332 0.983958 -0.166786 0.992418 -0.169679 0.154074 0.973381 -0.020354 0 0 0 1 0.969631 0.099487 0.223421 -0.084674 -0.057311 0.980517 -0.187888 0.991537 -0.237761 0.169377 0.956442 -0.027126 0 0 0 1 0.946489 0.114696 0.301668 -0.102433 -0.054192 0.977929 -0.201785 0.988292 -0.318154 0.17464 0.931815 -0.034778 0 0 0 1 0.922667 0.130859 0.362715 -0.118677 -0.058703 0.97736 -0.203279 0.983451 -0.381104 0.166266 0.909459 -0.041498 0 0 0 1 0.908111 0.138704 0.39509 -0.132658 -0.061558 0.977514 -0.201683 0.979166 -0.41418 0.15883 0.89623 -0.046445 0 0 0 1 0.89927 0.137867 0.415097 -0.143874 -0.058413 0.978378 -0.198402 0.976653 -0.433475 0.15417 0.88788 -0.048218 0 0 0 1 0.892834 0.132867 0.430342 -0.152558 -0.053446 0.98 -0.191686 0.976402 -0.447204 0.148143 0.882078 -0.046491 0 0 0 1 0.886963 0.126054 0.444305 -0.157833 -0.04729 0.981763 -0.184131 0.978913 -0.459412 0.142306 0.876749 -0.0422 0 0 0 1 0.88116 0.116687 0.458194 -0.15934 -0.039362 0.983809 -0.174846 0.983892 -0.471178 0.136032 0.871485 -0.035764 0 0 0 1 0.878285 0.105639 0.466321 -0.158439 -0.032226 0.986149 -0.162704 0.989662 -0.47705 0.127873 0.869524 -0.026992 0 0 0 1 0.879182 0.094814 0.466958 -0.155772 -0.027344 0.988427 -0.149212 0.993928 -0.475701 0.118416 0.8716 -0.016955 0 0 0 1 0.882128 0.083189 0.463605 -0.152107 -0.025465 0.991263 -0.129418 0.9952 -0.47032 0.102357 0.87654 -0.006594 0 0 0 1 0.887855 0.067246 0.455183 -0.148312 -0.024469 0.994763 -0.099234 0.993512 -0.459472 0.076967 0.884851 0.002701 0 0 0 1 0.89702 0.043735 0.43982 -0.144914 -0.019074 0.997996 -0.060338 0.990219 -0.441577 0.045735 0.896057 0.009998 0 0 0 1 0.90755 0.030668 0.418824 -0.143233 -0.016306 0.999151 -0.037828 0.987505 -0.419628 0.027501 0.907279 0.013139 0 0 0 1</float_array>
        <technique_common>
          <accessor source="#Pelvis_matrix_Pelvis_transform-output-array" count="56" stride="16">
            <param name="TRANSFORM" type="float4x4"/>
          </accessor>
        </technique_common>
      </source>
      <source id="Pelvis_matrix_Pelvis_transform-interpolations">
        <Name_array id="Pelvis_matrix_Pelvis_transform-interpolations-array" count="56">LINEAR LINEAR LINEAR LINEAR LINEAR LINEAR LINEAR LINEAR LINEAR LINEAR LINEAR LINEAR LINEAR LINEAR LINEAR LINEAR LINEAR LINEAR LINEAR LINEAR LINEAR LINEAR LINEAR LINEAR LINEAR LINEAR LINEAR LINEAR LINEAR LINEAR LINEAR LINEAR LINEAR LINEAR LINEAR LINEAR LINEAR LINEAR LINEAR LINEAR LINEAR LINEAR LINEAR LINEAR LINEAR LINEAR LINEAR LINEAR LINEAR LINEAR LINEAR LINEAR LINEAR LINEAR LINEAR LINEAR</Name_array>
        <technique_common>
          <accessor source="#Pelvis_matrix_Pelvis_transform-interpolations-array" count="56" stride="1">
            <param name="INTERPOLATION" type="Name"/>
          </accessor>
        </technique_common>
      </source>
      <sampler id="Pelvis_matrix_Pelvis_transform-sampler">
        <input semantic="INPUT" source="#Pelvis_matrix_Pelvis_transform-input"/>
        <input semantic="OUTPUT" source="#Pelvis_matrix_Pelvis_transform-output"/>
        <input semantic="INTERPOLATION" source="#Pelvis_matrix_Pelvis_transform-interpolations"/>
      </sampler>
      <channel source="#Pelvis_matrix_Pelvis_transform-sampler" target="Pelvis/transform"/>
    </animation>
    <animation id="LeftUpLeg_Helper1_matrix">
      <source id="LeftUpLeg_Helper1_matrix_LeftUpLeg_Helper1_transform-input">
        <float_array id="LeftUpLeg_Helper1_matrix_LeftUpLeg_Helper1_transform-input-array" count="56">0 0.041666 0.083333 0.125 0.166667 0.208333 0.25 0.291667 0.333333 0.375 0.416667 0.458333 0.5 0.541667 0.583333 0.625 0.666667 0.708333 0.75 0.791667 0.833333 0.875 0.916667 0.958333 1 1.04167 1.08333 1.125 1.16667 1.20833 1.25 1.29167 1.33333 1.375 1.41667 1.45833 1.5 1.54167 1.58333 1.625 1.66667 1.70833 1.75 1.79167 1.83333 1.875 1.91667 1.95833 2 2.04167 2.08333 2.125 2.16667 2.20833 2.25 2.29167</float_array>
        <technique_common>
          <accessor source="#LeftUpLeg_Helper1_matrix_LeftUpLeg_Helper1_transform-input-array" count="56" stride="1">
            <param name="TIME" type="float"/>
          </accessor>
        </technique_common>
        <technique profile="MAYA">
          <pre_infinity>CONSTANT</pre_infinity>
          <post_infinity>CONSTANT</post_infinity>
        </technique>
      </source>
      <source id="LeftUpLeg_Helper1_matrix_LeftUpLeg_Helper1_transform-output">
        <float_array id="LeftUpLeg_Helper1_matrix_LeftUpLeg_Helper1_transform-output-array" count="896">-0.987842 0.155149 0.009857 0.087164 -0.152041 -0.97739 0.146945 -0.000001 0.032432 0.14366 0.989096 0 0 0 0 1 -0.98872 0.149464 0.0097 0.087164 -0.146078 -0.976576 0.157988 -0.000001 0.033086 0.154789 0.987393 0 0 0 0 1 -0.989097 0.147086 0.00723 0.087164 -0.142196 -0.966681 0.212857 -0.000001 0.038297 0.209509 0.977057 0 0 0 0 1 -0.986829 0.161672 0.005627 0.087164 -0.153604 -0.947362 0.280912 -0.000001 0.050747 0.276348 0.959717 0 0 0 0 1 -0.982201 0.187783 0.004289 0.087164 -0.175353 -0.924894 0.337377 -0.000001 0.067321 0.33062 0.94136 0 0 0 0 1 -0.9785 0.206239 0.001633 0.087164 -0.191367 -0.910835 0.36573 -0.000001 0.076915 0.357554 0.930719 0 0 0 0 1 -0.976718 0.214512 -0.00265 0.087164 -0.200274 -0.907318 0.369681 -0.000001 0.076895 0.361605 0.929155 0 0 0 0 1 -0.975638 0.219304 -0.00603 0.087164 -0.20819 -0.916825 0.340719 -0.000001 0.069191 0.333674 0.940146 0 0 0 0 1 -0.975598 0.219404 -0.00835 0.087164 -0.213222 -0.937669 0.274432 -0.000001 0.052381 0.269516 0.96157 0 0 0 0 1 -0.976684 0.214369 -0.011585 0.087164 -0.212556 -0.958028 0.192361 -0.000001 0.030137 0.190338 0.981256 0 0 0 0 1 -0.977124 0.212277 -0.012951 0.087164 -0.212271 -0.969742 0.120591 -0.000001 0.013039 0.120582 0.992618 0 0 0 0 1 -0.97733 0.211513 -0.009391 0.087164 -0.211533 -0.973629 0.085442 -0.000001 0.008928 0.085492 0.996299 0 0 0 0 1 -0.978439 0.20652 -0.002516 0.087164 -0.205658 -0.973089 0.103933 -0.000001 0.019015 0.102209 0.994581 0 0 0 0 1 -0.980674 0.19563 0.002629 0.087164 -0.193912 -0.973673 0.11983 -0.000001 0.026002 0.117005 0.992791 0 0 0 0 1 -0.983073 0.18309 0.006688 0.087164 -0.180006 -0.972024 0.150887 -0.000001 0.034127 0.147129 0.988528 0 0 0 0 1 -0.984654 0.17429 0.00892 0.087164 -0.16894 -0.964759 0.201741 -0.000001 0.043767 0.197138 0.979398 0 0 0 0 1 -0.986868 0.161038 0.0126 0.087164 -0.154429 -0.963484 0.218745 -0.000001 0.047367 0.213926 0.975701 0 0 0 0 1 -0.988974 0.146997 0.017943 0.087164 -0.138969 -0.963102 0.230482 -0.000001 0.051161 0.225447 0.972911 0 0 0 0 1 -0.990528 0.13562 0.021469 0.087164 -0.126094 -0.960329 0.248733 -0.000001 0.05435 0.24367 0.968334 0 0 0 0 1 -0.99118 0.130497 0.023091 0.087164 -0.120617 -0.960507 0.250754 -0.000001 0.054902 0.245757 0.967775 0 0 0 0 1 -0.991129 0.130857 0.023251 0.087164 -0.121871 -0.96461 0.233825 -0.000001 0.053026 0.228917 0.972001 0 0 0 0 1 -0.990658 0.134459 0.022729 0.087164 -0.127324 -0.971712 0.198908 -0.000001 0.048831 0.194155 0.979755 0 0 0 0 1 -0.990428 0.136238 0.022153 0.087164 -0.131237 -0.979218 0.154626 -0.000001 0.042759 0.150239 0.987725 0 0 0 0 1 -0.990874 0.133067 0.021496 0.087164 -0.13001 -0.985591 0.108206 -0.000001 0.035585 0.104424 0.993896 0 0 0 0 1 -0.991697 0.126851 0.021093 0.087164 -0.125358 -0.990217 0.061283 -0.000001 0.02866 0.05813 0.997898 0 0 0 0 1 -0.992984 0.116811 0.018405 0.087164 -0.116545 -0.993073 0.014917 -0.000001 0.02002 0.012667 0.999719 0 0 0 0 1 -0.993356 0.114164 0.014478 0.087164 -0.114342 -0.993367 -0.012162 -0.000001 0.012993 -0.013736 0.999821 0 0 0 0 1 -0.993038 0.117084 0.012922 0.087164 -0.117234 -0.993037 -0.011555 -0.000001 0.011479 -0.01299 0.99985 0 0 0 0 1 -0.991802 0.126937 0.014719 0.087164 -0.126795 -0.991877 0.01018 -0.000001 0.015892 0.00823 0.99984 0 0 0 0 1 -0.990218 0.13847 0.017156 0.087164 -0.137494 -0.989294 0.048917 -0.000001 0.023746 0.04608 0.998655 0 0 0 0 1 -0.990496 0.13649 0.016957 0.087164 -0.13424 -0.986203 0.09687 -0.000001 0.029945 0.093673 0.995153 0 0 0 0 1 -0.991165 0.131453 0.017655 0.087164 -0.127451 -0.980805 0.147576 -0.000001 0.036715 0.144022 0.988893 0 0 0 0 1 -0.992407 0.121795 0.017138 0.087164 -0.116294 -0.974552 0.191636 -0.000001 0.040043 0.188188 0.981316 0 0 0 0 1 -0.99354 0.112533 0.014655 0.087164 -0.10627 -0.967906 0.227738 -0.000001 0.039813 0.224709 0.973612 0 0 0 0 1 -0.993252 0.115276 0.01272 0.087164 -0.108395 -0.961728 0.251652 -0.000001 0.041243 0.248575 0.967734 0 0 0 0 1 -0.992428 0.122414 0.010079 0.087164 -0.11564 -0.958857 0.259269 -0.000001 0.041402 0.25614 0.965753 0 0 0 0 1 -0.99139 0.130787 0.006294 0.087164 -0.124918 -0.95912 0.253939 -0.000001 0.039249 0.250966 0.9672 0 0 0 0 1 -0.990259 0.139224 0.00194 0.087164 -0.134475 -0.959914 0.245931 -0.000001 0.036102 0.243274 0.969285 0 0 0 0 1 -0.9895 0.144509 -0.002624 0.087164 -0.140877 -0.960254 0.240969 -0.000001 0.032301 0.238808 0.970529 0 0 0 0 1 -0.988396 0.151628 -0.009075 0.087164 -0.149349 -0.959158 0.240232 -0.000001 0.027721 0.2388 0.970673 0 0 0 0 1 -0.9853 0.170207 -0.014607 0.087164 -0.168416 -0.953468 0.25007 -0.000001 0.028636 0.248854 0.968117 0 0 0 0 1 -0.982287 0.186365 -0.019515 0.087164 -0.184546 -0.94409 0.273199 -0.000001 0.03249 0.271961 0.96176 0 0 0 0 1 -0.980598 0.194525 -0.024232 0.087164 -0.192551 -0.932633 0.305154 -0.000001 0.03676 0.303899 0.951995 0 0 0 0 1 -0.979321 0.200568 -0.026502 0.087164 -0.196898 -0.914798 0.352669 -0.000001 0.046489 0.350594 0.935373 0 0 0 0 1 -0.980188 0.196234 -0.026921 0.087164 -0.188635 -0.883372 0.429034 -0.000001 0.060409 0.425612 0.902887 0 0 0 0 1 -0.981288 0.191072 -0.023771 0.087164 -0.178152 -0.854151 0.488556 -0.000001 0.073045 0.483649 0.872208 0 0 0 0 1 -0.982505 0.185198 -0.019635 0.087164 -0.16817 -0.836952 0.520798 -0.000001 0.080016 0.514989 0.853454 0 0 0 0 1 -0.983764 0.178773 -0.015751 0.087164 -0.159926 -0.833447 0.528952 -0.000001 0.081434 0.522883 0.848506 0 0 0 0 1 -0.984973 0.172264 -0.012398 0.087164 -0.153823 -0.842351 0.516511 -0.000001 0.078532 0.510657 0.856191 0 0 0 0 1 -0.986298 0.164698 -0.009556 0.087164 -0.148982 -0.864308 0.480392 -0.000001 0.070859 0.475234 0.877002 0 0 0 0 1 -0.987076 0.160127 -0.006317 0.087164 -0.147545 -0.89272 0.425771 -0.000001 0.062537 0.421201 0.904809 0 0 0 0 1 -0.987604 0.156936 -0.003078 0.087164 -0.147584 -0.921715 0.358693 -0.000001 0.053454 0.354701 0.93345 0 0 0 0 1 -0.987727 0.156191 -0.000157 0.087164 -0.149774 -0.946857 0.284656 -0.000001 0.044311 0.281186 0.95863 0 0 0 0 1 -0.98777 0.155883 0.003349 0.087164 -0.151713 -0.96586 0.209995 -0.000001 0.035969 0.206918 0.977697 0 0 0 0 1 -0.988165 0.153262 0.00636 0.087164 -0.150073 -0.974519 0.166707 -0.000001 0.031748 0.163779 0.985986 0 0 0 0 1 -0.987947 0.154517 0.00925 0.087164 -0.151441 -0.977193 0.148861 -0.000001 0.032041 0.145665 0.988815 0 0 0 0 1</float_array>
        <technique_common>
          <accessor source="#LeftUpLeg_Helper1_matrix_LeftUpLeg_Helper1_transform-output-array" count="56" stride="16">
            <param name="TRANSFORM" type="float4x4"/>
          </accessor>
        </technique_common>
      </source>
      <source id="LeftUpLeg_Helper1_matrix_LeftUpLeg_Helper1_transform-interpolations">
        <Name_array id="LeftUpLeg_Helper1_matrix_LeftUpLeg_Helper1_transform-interpolations-array" count="56">LINEAR LINEAR LINEAR LINEAR LINEAR LINEAR LINEAR LINEAR LINEAR LINEAR LINEAR LINEAR LINEAR LINEAR LINEAR LINEAR LINEAR LINEAR LINEAR LINEAR LINEAR LINEAR LINEAR LINEAR LINEAR LINEAR LINEAR LINEAR LINEAR LINEAR LINEAR LINEAR LINEAR LINEAR LINEAR LINEAR LINEAR LINEAR LINEAR LINEAR LINEAR LINEAR LINEAR LINEAR LINEAR LINEAR LINEAR LINEAR LINEAR LINEAR LINEAR LINEAR LINEAR LINEAR LINEAR LINEAR</Name_array>
        <technique_common>
          <accessor source="#LeftUpLeg_Helper1_matrix_LeftUpLeg_Helper1_transform-interpolations-array" count="56" stride="1">
            <param name="INTERPOLATION" type="Name"/>
          </accessor>
        </technique_common>
      </source>
      <sampler id="LeftUpLeg_Helper1_matrix_LeftUpLeg_Helper1_transform-sampler">
        <input semantic="INPUT" source="#LeftUpLeg_Helper1_matrix_LeftUpLeg_Helper1_transform-input"/>
        <input semantic="OUTPUT" source="#LeftUpLeg_Helper1_matrix_LeftUpLeg_Helper1_transform-output"/>
        <input semantic="INTERPOLATION" source="#LeftUpLeg_Helper1_matrix_LeftUpLeg_Helper1_transform-interpolations"/>
      </sampler>
      <channel source="#LeftUpLeg_Helper1_matrix_LeftUpLeg_Helper1_transform-sampler" target="LeftUpLeg_Helper1/transform"/>
    </animation>
    <animation id="RightUpLeg_Helper1_matrix">
      <source id="RightUpLeg_Helper1_matrix_RightUpLeg_Helper1_transform-input">
        <float_array id="RightUpLeg_Helper1_matrix_RightUpLeg_Helper1_transform-input-array" count="56">0 0.041666 0.083333 0.125 0.166667 0.208333 0.25 0.291667 0.333333 0.375 0.416667 0.458333 0.5 0.541667 0.583333 0.625 0.666667 0.708333 0.75 0.791667 0.833333 0.875 0.916667 0.958333 1 1.04167 1.08333 1.125 1.16667 1.20833 1.25 1.29167 1.33333 1.375 1.41667 1.45833 1.5 1.54167 1.58333 1.625 1.66667 1.70833 1.75 1.79167 1.83333 1.875 1.91667 1.95833 2 2.04167 2.08333 2.125 2.16667 2.20833 2.25 2.29167</float_array>
        <technique_common>
          <accessor source="#RightUpLeg_Helper1_matrix_RightUpLeg_Helper1_transform-input-array" count="56" stride="1">
            <param name="TIME" type="float"/>
          </accessor>
        </technique_common>
        <technique profile="MAYA">
          <pre_infinity>CONSTANT</pre_infinity>
          <post_infinity>CONSTANT</post_infinity>
        </technique>
      </source>
      <source id="RightUpLeg_Helper1_matrix_RightUpLeg_Helper1_transform-output">
        <float_array id="RightUpLeg_Helper1_matrix_RightUpLeg_Helper1_transform-output-array" count="896">-0.999425 -0.031444 0.012675 -0.087164 -0.032212 0.997313 -0.065792 0 -0.010572 -0.066163 -0.997753 0 0 0 0 1 -0.999592 -0.025462 0.012916 -0.087164 -0.026373 0.996751 -0.076108 0 -0.010936 -0.076418 -0.997016 0 0 0 0 1 -0.999695 -0.021007 0.012975 -0.087164 -0.022089 0.995719 -0.089752 0 -0.011034 -0.090011 -0.99588 0 0 0 0 1 -0.999622 -0.024188 0.013083 -0.087164 -0.025505 0.993357 -0.112214 0 -0.010282 -0.112505 -0.993598 0 0 0 0 1 -0.999454 -0.030417 0.012869 -0.087164 -0.031948 0.989185 -0.143153 0 -0.008375 -0.143487 -0.989617 0 0 0 0 1 -0.99948 -0.030153 0.01145 -0.087164 -0.031709 0.983559 -0.177781 0 -0.005901 -0.178052 -0.984003 0 0 0 0 1 -0.99957 -0.027391 0.010471 -0.087164 -0.028936 0.979236 -0.200647 0 -0.004758 -0.200864 -0.979608 0 0 0 0 1 -0.999619 -0.026496 0.007771 -0.087164 -0.027518 0.979169 -0.201173 0 -0.002279 -0.20131 -0.979525 0 0 0 0 1 -0.999706 -0.024026 0.00312 -0.087164 -0.024199 0.983878 -0.177195 0 0.001187 -0.177219 -0.984171 0 0 0 0 1 -0.99983 -0.018266 -0.00238 -0.087164 -0.017735 0.989481 -0.143572 0 0.004978 -0.143506 -0.989637 0 0 0 0 1 -0.999914 -0.010694 -0.007556 -0.087164 -0.00974 0.993132 -0.116597 0 0.008751 -0.116513 -0.993151 0 0 0 0 1 -0.999952 -0.001723 -0.009674 -0.087164 -0.000628 0.993702 -0.112056 0 0.009806 -0.112044 -0.993655 0 0 0 0 1 -0.999915 0.006864 -0.011097 -0.087164 0.008234 0.991663 -0.128598 0 0.010122 -0.128678 -0.991635 0 0 0 0 1 -0.999706 0.018014 -0.016226 -0.087164 0.020158 0.989448 -0.143477 0 0.013471 -0.143761 -0.989521 0 0 0 0 1 -0.999304 0.030481 -0.021486 -0.087164 0.033748 0.984302 -0.173237 0 0.015868 -0.173841 -0.984646 0 0 0 0 1 -0.999055 0.034607 -0.0263 -0.087164 0.039702 0.972842 -0.228038 0 0.017694 -0.228866 -0.973297 0 0 0 0 1 -0.998706 0.041452 -0.029471 -0.087164 0.047895 0.961465 -0.270723 0 0.017113 -0.271784 -0.962206 0 0 0 0 1 -0.99916 0.027528 -0.03035 -0.087164 0.036682 0.93099 -0.363196 0 0.018257 -0.364004 -0.931218 0 0 0 0 1 -0.999448 0.017307 -0.028339 -0.087164 0.027884 0.900843 -0.433248 0 0.018031 -0.433799 -0.900829 0 0 0 0 1 -0.999667 0.008336 -0.024419 -0.087164 0.018686 0.886505 -0.462342 0 0.017794 -0.462644 -0.886365 0 0 0 0 1 -0.999756 -0.005411 -0.021412 -0.087164 0.004911 0.890756 -0.454456 0 0.021532 -0.45445 -0.890512 0 0 0 0 1 -0.999597 -0.020171 -0.019963 -0.087164 -0.010151 0.911031 -0.412212 0 0.026502 -0.411844 -0.910869 0 0 0 0 1 -0.999557 -0.023962 -0.017677 -0.087164 -0.016443 0.939109 -0.343225 0 0.024825 -0.342782 -0.939087 0 0 0 0 1 -0.999755 -0.015825 -0.015499 -0.087164 -0.011339 0.966707 -0.255635 0 0.019028 -0.255397 -0.966649 0 0 0 0 1 -0.999882 -0.005024 -0.014513 -0.087164 -0.002493 0.985546 -0.169391 0 0.015154 -0.169335 -0.985442 0 0 0 0 1 -0.999906 0.001399 -0.013605 -0.087164 0.002842 0.994291 -0.106667 0 0.013378 -0.106695 -0.994202 0 0 0 0 1 -0.999915 -0.001229 -0.01297 -0.087164 -0.000302 0.997462 -0.071199 0 0.013025 -0.071189 -0.997378 0 0 0 0 1 -0.999934 -0.002297 -0.011211 -0.087164 -0.001598 0.998076 -0.06198 0 0.011332 -0.061958 -0.998014 0 0 0 0 1 -0.999943 -0.004158 -0.009877 -0.087164 -0.003391 0.997071 -0.07641 0 0.010166 -0.076372 -0.997028 0 0 0 0 1 -0.999891 -0.010391 -0.010452 -0.087164 -0.009073 0.992845 -0.119069 0 0.011614 -0.118961 -0.992831 0 0 0 0 1 -0.999916 -0.007342 -0.010645 -0.087164 -0.005166 0.981449 -0.191652 0 0.011854 -0.191581 -0.981405 0 0 0 0 1 -0.999938 0.005002 -0.009964 -0.087164 0.007577 0.96048 -0.278246 0 0.008179 -0.278304 -0.960458 0 0 0 0 1 -0.999627 0.025454 -0.009846 -0.087164 0.02729 0.936284 -0.350181 0 0.000305 -0.350319 -0.93663 0 0 0 0 1 -0.999112 0.040364 -0.01204 -0.087164 0.041854 0.919138 -0.391706 0 -0.004744 -0.391862 -0.920012 0 0 0 0 1 -0.999007 0.041403 -0.016442 -0.087164 0.044517 0.914088 -0.403064 0 -0.001658 -0.403396 -0.915024 0 0 0 0 1 -0.999029 0.038141 -0.022048 -0.087164 0.043692 0.921949 -0.384839 0 0.005649 -0.385428 -0.92272 0 0 0 0 1 -0.998926 0.037085 -0.027779 -0.087164 0.044316 0.939748 -0.338985 0 0.013534 -0.339852 -0.940382 0 0 0 0 1 -0.998589 0.042672 -0.031601 -0.087164 0.049682 0.96091 -0.272368 0 0.018743 -0.273554 -0.961674 0 0 0 0 1 -0.998358 0.048524 -0.030427 -0.087164 0.053843 0.976281 -0.209704 0 0.01953 -0.210998 -0.977291 0 0 0 0 1 -0.998743 0.044174 -0.023667 -0.087164 0.047552 0.984415 -0.169309 0 0.015819 -0.170221 -0.985279 0 0 0 0 1 -0.999516 0.026292 -0.016653 -0.087164 0.028633 0.98654 -0.160994 0 0.012195 -0.161393 -0.986815 0 0 0 0 1 -0.999912 0.008399 -0.010236 -0.087164 0.010135 0.982973 -0.183471 0 0.00852 -0.183559 -0.982972 0 0 0 0 1 -0.999989 -0.002569 -0.00387 -0.087164 -0.001637 0.974591 -0.223988 0 0.004348 -0.223979 -0.974584 0 0 0 0 1 -0.99991 -0.013183 0.002605 -0.087164 -0.013399 0.963378 -0.26781 0 0.00102 -0.267821 -0.963468 0 0 0 0 1 -0.999594 -0.027499 0.007425 -0.087164 -0.02846 0.953346 -0.300536 0 0.001185 -0.300625 -0.953742 0 0 0 0 1 -0.999308 -0.035486 0.01112 -0.087164 -0.037174 0.944993 -0.324971 0 0.001023 -0.325159 -0.945659 0 0 0 0 1 -0.999267 -0.035135 0.015211 -0.087164 -0.038208 0.940649 -0.337225 0 -0.002459 -0.337559 -0.941301 0 0 0 0 1 -0.999179 -0.036703 0.017143 -0.087164 -0.040322 0.941717 -0.33398 0 -0.003886 -0.334397 -0.942424 0 0 0 0 1 -0.999034 -0.040421 0.017268 -0.087164 -0.043805 0.948059 -0.315063 0 -0.003636 -0.315515 -0.948914 0 0 0 0 1 -0.998976 -0.042004 0.016835 -0.087164 -0.045032 0.959417 -0.278371 0 -0.004459 -0.278844 -0.960326 0 0 0 0 1 -0.998868 -0.044825 0.015924 -0.087164 -0.04728 0.972355 -0.228669 0 -0.005233 -0.229163 -0.973374 0 0 0 0 1 -0.998733 -0.048108 0.014783 -0.087164 -0.049957 0.983238 -0.175351 0 -0.006099 -0.175867 -0.984395 0 0 0 0 1 -0.998625 -0.050583 0.013737 -0.087164 -0.051929 0.990405 -0.128067 0 -0.007127 -0.128605 -0.99167 0 0 0 0 1 -0.998723 -0.048895 0.012749 -0.087164 -0.049902 0.994053 -0.096785 0 -0.007941 -0.097298 -0.995224 0 0 0 0 1 -0.999115 -0.040197 0.012372 -0.087164 -0.041007 0.996398 -0.074227 0 -0.009344 -0.074669 -0.997165 0 0 0 0 1 -0.999387 -0.032673 0.012604 -0.087164 -0.033438 0.997245 -0.066207 0 -0.010406 -0.066588 -0.997726 0 0 0 0 1</float_array>
        <technique_common>
          <accessor source="#RightUpLeg_Helper1_matrix_RightUpLeg_Helper1_transform-output-array" count="56" stride="16">
            <param name="TRANSFORM" type="float4x4"/>
          </accessor>
        </technique_common>
      </source>
      <source id="RightUpLeg_Helper1_matrix_RightUpLeg_Helper1_transform-interpolations">
        <Name_array id="RightUpLeg_Helper1_matrix_RightUpLeg_Helper1_transform-interpolations-array" count="56">LINEAR LINEAR LINEAR LINEAR LINEAR LINEAR LINEAR LINEAR LINEAR LINEAR LINEAR LINEAR LINEAR LINEAR LINEAR LINEAR LINEAR LINEAR LINEAR LINEAR LINEAR LINEAR LINEAR LINEAR LINEAR LINEAR LINEAR LINEAR LINEAR LINEAR LINEAR LINEAR LINEAR LINEAR LINEAR LINEAR LINEAR LINEAR LINEAR LINEAR LINEAR LINEAR LINEAR LINEAR LINEAR LINEAR LINEAR LINEAR LINEAR LINEAR LINEAR LINEAR LINEAR LINEAR LINEAR LINEAR</Name_array>
        <technique_common>
          <accessor source="#RightUpLeg_Helper1_matrix_RightUpLeg_Helper1_transform-interpolations-array" count="56" stride="1">
            <param name="INTERPOLATION" type="Name"/>
          </accessor>
        </technique_common>
      </source>
      <sampler id="RightUpLeg_Helper1_matrix_RightUpLeg_Helper1_transform-sampler">
        <input semantic="INPUT" source="#RightUpLeg_Helper1_matrix_RightUpLeg_Helper1_transform-input"/>
        <input semantic="OUTPUT" source="#RightUpLeg_Helper1_matrix_RightUpLeg_Helper1_transform-output"/>
        <input semantic="INTERPOLATION" source="#RightUpLeg_Helper1_matrix_RightUpLeg_Helper1_transform-interpolations"/>
      </sampler>
      <channel source="#RightUpLeg_Helper1_matrix_RightUpLeg_Helper1_transform-sampler" target="RightUpLeg_Helper1/transform"/>
    </animation>
    <animation id="LeftUpLeg_Helper2_matrix">
      <source id="LeftUpLeg_Helper2_matrix_LeftUpLeg_Helper2_transform-input">
        <float_array id="LeftUpLeg_Helper2_matrix_LeftUpLeg_Helper2_transform-input-array" count="56">0 0.041666 0.083333 0.125 0.166667 0.208333 0.25 0.291667 0.333333 0.375 0.416667 0.458333 0.5 0.541667 0.583333 0.625 0.666667 0.708333 0.75 0.791667 0.833333 0.875 0.916667 0.958333 1 1.04167 1.08333 1.125 1.16667 1.20833 1.25 1.29167 1.33333 1.375 1.41667 1.45833 1.5 1.54167 1.58333 1.625 1.66667 1.70833 1.75 1.79167 1.83333 1.875 1.91667 1.95833 2 2.04167 2.08333 2.125 2.16667 2.20833 2.25 2.29167</float_array>
        <technique_common>
          <accessor source="#LeftUpLeg_Helper2_matrix_LeftUpLeg_Helper2_transform-input-array" count="56" stride="1">
            <param name="TIME" type="float"/>
          </accessor>
        </technique_common>
        <technique profile="MAYA">
          <pre_infinity>CONSTANT</pre_infinity>
          <post_infinity>CONSTANT</post_infinity>
        </technique>
      </source>
      <source id="LeftUpLeg_Helper2_matrix_LeftUpLeg_Helper2_transform-output">
        <float_array id="LeftUpLeg_Helper2_matrix_LeftUpLeg_Helper2_transform-output-array" count="896">-0.986662 0.155149 0.049267 0.087164 -0.146056 -0.97739 0.152895 -0.000001 0.071874 0.14366 0.987014 0 0 0 0 1 -0.987578 0.149464 0.048484 0.087164 -0.139767 -0.976576 0.163598 -0.000001 0.0718 0.154789 0.985335 0 0 0 0 1 -0.988463 0.147086 0.036142 0.087164 -0.135913 -0.966681 0.216923 -0.000001 0.066844 0.209509 0.975519 0 0 0 0 1 -0.986443 0.161672 0.028135 0.087164 -0.147156 -0.947362 0.284343 -0.000001 0.072624 0.276348 0.95831 0 0 0 0 1 -0.981976 0.187783 0.021447 0.087164 -0.169432 -0.924894 0.340389 -0.000001 0.083755 0.33062 0.94004 0 0 0 0 1 -0.978468 0.206239 0.008166 0.087164 -0.188921 -0.910835 0.367 -0.000001 0.083128 0.357554 0.930185 0 0 0 0 1 -0.976631 0.214512 -0.013253 0.087164 -0.204275 -0.907318 0.367485 -0.000001 0.066804 0.361605 0.929935 0 0 0 0 1 -0.975191 0.219304 -0.030148 0.087164 -0.216549 -0.916825 0.335468 -0.000001 0.045928 0.333674 0.941569 0 0 0 0 1 -0.974741 0.219404 -0.041738 0.087164 -0.222491 -0.937669 0.266973 -0.000001 0.019437 0.269516 0.9628 0 0 0 0 1 -0.975035 0.214369 -0.057893 0.087164 -0.22144 -0.958028 0.182063 -0.000001 -0.016434 0.190338 0.981581 0 0 0 0 1 -0.975065 0.212277 -0.064712 0.087164 -0.218363 -0.969742 0.109173 -0.000001 -0.039579 0.120582 0.991914 0 0 0 0 1 -0.976247 0.211513 -0.046939 0.087164 -0.21466 -0.973629 0.077251 -0.000001 -0.029362 0.085492 0.995906 0 0 0 0 1 -0.978361 0.20652 -0.01258 0.087164 -0.206716 -0.973089 0.101812 -0.000001 0.008784 0.102209 0.994724 0 0 0 0 1 -0.98059 0.19563 0.013146 0.087164 -0.192615 -0.973673 0.121903 -0.000001 0.036648 0.117005 0.992455 0 0 0 0 1 -0.982527 0.18309 0.033435 0.087164 -0.175833 -0.972024 0.15573 -0.000001 0.061012 0.147129 0.987234 0 0 0 0 1 -0.983685 0.17429 0.044585 0.087164 -0.161521 -0.964759 0.207729 -0.000001 0.079219 0.197138 0.97717 0 0 0 0 1 -0.984938 0.161038 0.062963 0.087164 -0.143061 -0.963484 0.226343 -0.000001 0.097113 0.213926 0.97201 0 0 0 0 1 -0.98507 0.146997 0.089601 0.087164 -0.121893 -0.963102 0.239951 -0.000001 0.121567 0.225447 0.966641 0 0 0 0 1 -0.98495 0.13562 0.107143 0.087164 -0.104087 -0.960329 0.258716 -0.000001 0.13798 0.24367 0.959993 0 0 0 0 1 -0.984732 0.130497 0.115207 0.087164 -0.096764 -0.960507 0.260889 -0.000001 0.144702 0.245757 0.95847 0 0 0 0 1 -0.984591 0.130857 0.116002 0.087164 -0.099429 -0.96461 0.244214 -0.000001 0.143854 0.228917 0.962758 0 0 0 0 1 -0.984408 0.134459 0.11341 0.087164 -0.108562 -0.971712 0.209738 -0.000001 0.138403 0.194155 0.971158 0 0 0 0 1 -0.984489 0.136238 0.110548 0.087164 -0.116899 -0.979218 0.165733 -0.000001 0.13083 0.150239 0.979955 0 0 0 0 1 -0.985284 0.133067 0.10728 0.087164 -0.120144 -0.985591 0.119065 -0.000001 0.121578 0.104424 0.987074 0 0 0 0 1 -0.986319 0.126851 0.105275 0.087164 -0.119698 -0.990217 0.071712 -0.000001 0.113342 0.05813 0.991854 0 0 0 0 1 -0.988893 0.116811 0.091901 0.087164 -0.11512 -0.993073 0.023508 -0.000001 0.094011 0.012667 0.995491 0 0 0 0 1 -0.990825 0.114164 0.07233 0.087164 -0.114857 -0.993367 -0.005479 -0.000001 0.071225 -0.013736 0.997366 0 0 0 0 1 -0.991021 0.117084 0.064567 0.087164 -0.117677 -0.993037 -0.005441 -0.000001 0.06348 -0.01299 0.997899 0 0 0 0 1 -0.989181 0.126937 0.073532 0.087164 -0.125968 -0.991877 0.017684 -0.000001 0.075179 0.00823 0.997136 0 0 0 0 1 -0.986653 0.13847 0.085679 0.087164 -0.133777 -0.989294 0.05832 -0.000001 0.092838 0.04608 0.994614 0 0 0 0 1 -0.987015 0.13649 0.084687 0.087164 -0.127297 -0.986203 0.105828 -0.000001 0.097963 0.093673 0.990772 0 0 0 0 1 -0.987394 0.131453 0.088163 0.087164 -0.116623 -0.980805 0.156274 -0.000001 0.107013 0.144022 0.983771 0 0 0 0 1 -0.988858 0.121795 0.085592 0.087164 -0.10279 -0.974552 0.199206 -0.000001 0.107677 0.188188 0.976213 0 0 0 0 1 -0.990947 0.112533 0.073215 0.087164 -0.092656 -0.967906 0.233608 -0.000001 0.097154 0.224709 0.96957 0 0 0 0 1 -0.991298 0.115276 0.06356 0.087164 -0.095367 -0.961728 0.256872 -0.000001 0.090739 0.248575 0.964353 0 0 0 0 1 -0.9912 0.122414 0.050376 0.087164 -0.105015 -0.958857 0.263751 -0.000001 0.08059 0.25614 0.963274 0 0 0 0 1 -0.990911 0.130787 0.031469 0.087164 -0.118428 -0.95912 0.257029 -0.000001 0.063799 0.250966 0.965891 0 0 0 0 1 -0.990213 0.139224 0.009704 0.087164 -0.132543 -0.959914 0.246978 -0.000001 0.0437 0.243274 0.968973 0 0 0 0 1 -0.989416 0.144509 -0.013123 0.087164 -0.143426 -0.960254 0.23946 -0.000001 0.022002 0.238808 0.970817 0 0 0 0 1 -0.987396 0.151628 -0.04536 0.087164 -0.158069 -0.959158 0.234586 -0.000001 -0.007938 0.2388 0.971036 0 0 0 0 1 -0.982703 0.170207 -0.072971 0.087164 -0.182939 -0.953468 0.23965 -0.000001 -0.028785 0.248854 0.968113 0 0 0 0 1 -0.977638 0.186365 -0.097424 0.087164 -0.205649 -0.94409 0.257688 -0.000001 -0.043953 0.271961 0.961304 0 0 0 0 1 -0.973423 0.194525 -0.120865 0.087164 -0.22172 -0.932633 0.284667 -0.000001 -0.057348 0.303899 0.950977 0 0 0 0 1 -0.970729 0.200568 -0.132124 0.087164 -0.233838 -0.914798 0.329338 -0.000001 -0.054812 0.350594 0.934922 0 0 0 0 1 -0.97133 0.196234 -0.134202 0.087164 -0.234527 -0.883372 0.405771 -0.000001 -0.038924 0.425612 0.904068 0 0 0 0 1 -0.974387 0.191072 -0.118577 0.087164 -0.224573 -0.854151 0.469033 -0.000001 -0.011663 0.483649 0.875184 0 0 0 0 1 -0.9778 0.185198 -0.098022 0.087164 -0.209216 -0.836952 0.505708 -0.000001 0.011616 0.514989 0.857118 0 0 0 0 1 -0.98074 0.178773 -0.078675 0.087164 -0.193449 -0.833447 0.517633 -0.000001 0.026966 0.522883 0.851978 0 0 0 0 1 -0.983101 0.172264 -0.061954 0.087164 -0.179622 -0.842351 0.508115 -0.000001 0.035342 0.510657 0.859058 0 0 0 0 1 -0.985187 0.164698 -0.047765 0.087164 -0.167484 -0.864308 0.474259 -0.000001 0.036825 0.475234 0.879089 0 0 0 0 1 -0.986591 0.160127 -0.031581 0.087164 -0.158395 -0.89272 0.421855 -0.000001 0.039356 0.421201 0.906113 0 0 0 0 1 -0.987489 0.156936 -0.01539 0.087164 -0.152044 -0.921715 0.356825 -0.000001 0.041813 0.354701 0.934044 0 0 0 0 1 -0.987727 0.156191 -0.000787 0.087164 -0.149956 -0.946857 0.284561 -0.000001 0.0437 0.281186 0.958658 0 0 0 0 1 -0.987634 0.155883 0.016747 0.087164 -0.148851 -0.96586 0.212033 -0.000001 0.049228 0.206918 0.977119 0 0 0 0 1 -0.987674 0.153262 0.031795 0.087164 -0.145732 -0.974519 0.170515 -0.000001 0.057118 0.163779 0.984842 0 0 0 0 1 -0.986908 0.154517 0.046237 0.087164 -0.145761 -0.977193 0.154427 -0.000001 0.069044 0.145665 0.986922 0 0 0 0 1</float_array>
        <technique_common>
          <accessor source="#LeftUpLeg_Helper2_matrix_LeftUpLeg_Helper2_transform-output-array" count="56" stride="16">
            <param name="TRANSFORM" type="float4x4"/>
          </accessor>
        </technique_common>
      </source>
      <source id="LeftUpLeg_Helper2_matrix_LeftUpLeg_Helper2_transform-interpolations">
        <Name_array id="LeftUpLeg_Helper2_matrix_LeftUpLeg_Helper2_transform-interpolations-array" count="56">LINEAR LINEAR LINEAR LINEAR LINEAR LINEAR LINEAR LINEAR LINEAR LINEAR LINEAR LINEAR LINEAR LINEAR LINEAR LINEAR LINEAR LINEAR LINEAR LINEAR LINEAR LINEAR LINEAR LINEAR LINEAR LINEAR LINEAR LINEAR LINEAR LINEAR LINEAR LINEAR LINEAR LINEAR LINEAR LINEAR LINEAR LINEAR LINEAR LINEAR LINEAR LINEAR LINEAR LINEAR LINEAR LINEAR LINEAR LINEAR LINEAR LINEAR LINEAR LINEAR LINEAR LINEAR LINEAR LINEAR</Name_array>
        <technique_common>
          <accessor source="#LeftUpLeg_Helper2_matrix_LeftUpLeg_Helper2_transform-interpolations-array" count="56" stride="1">
            <param name="INTERPOLATION" type="Name"/>
          </accessor>
        </technique_common>
      </source>
      <sampler id="LeftUpLeg_Helper2_matrix_LeftUpLeg_Helper2_transform-sampler">
        <input semantic="INPUT" source="#LeftUpLeg_Helper2_matrix_LeftUpLeg_Helper2_transform-input"/>
        <input semantic="OUTPUT" source="#LeftUpLeg_Helper2_matrix_LeftUpLeg_Helper2_transform-output"/>
        <input semantic="INTERPOLATION" source="#LeftUpLeg_Helper2_matrix_LeftUpLeg_Helper2_transform-interpolations"/>
      </sampler>
      <channel source="#LeftUpLeg_Helper2_matrix_LeftUpLeg_Helper2_transform-sampler" target="LeftUpLeg_Helper2/transform"/>
    </animation>
    <animation id="RightUpLeg_Helper2_matrix">
      <source id="RightUpLeg_Helper2_matrix_RightUpLeg_Helper2_transform-input">
        <float_array id="RightUpLeg_Helper2_matrix_RightUpLeg_Helper2_transform-input-array" count="56">0 0.041666 0.083333 0.125 0.166667 0.208333 0.25 0.291667 0.333333 0.375 0.416667 0.458333 0.5 0.541667 0.583333 0.625 0.666667 0.708333 0.75 0.791667 0.833333 0.875 0.916667 0.958333 1 1.04167 1.08333 1.125 1.16667 1.20833 1.25 1.29167 1.33333 1.375 1.41667 1.45833 1.5 1.54167 1.58333 1.625 1.66667 1.70833 1.75 1.79167 1.83333 1.875 1.91667 1.95833 2 2.04167 2.08333 2.125 2.16667 2.20833 2.25 2.29167</float_array>
        <technique_common>
          <accessor source="#RightUpLeg_Helper2_matrix_RightUpLeg_Helper2_transform-input-array" count="56" stride="1">
            <param name="TIME" type="float"/>
          </accessor>
        </technique_common>
        <technique profile="MAYA">
          <pre_infinity>CONSTANT</pre_infinity>
          <post_infinity>CONSTANT</post_infinity>
        </technique>
      </source>
      <source id="RightUpLeg_Helper2_matrix_RightUpLeg_Helper2_transform-output">
        <float_array id="RightUpLeg_Helper2_matrix_RightUpLeg_Helper2_transform-output-array" count="896">-0.997497 -0.031444 0.063334 -0.087164 -0.035506 0.997313 -0.064075 0 -0.061149 -0.066163 -0.995933 0 0 0 0 1 -0.99759 -0.025462 0.064537 -0.087164 -0.03027 0.996751 -0.074644 0 -0.062426 -0.076418 -0.99512 0 0 0 0 1 -0.997675 -0.021007 0.064833 -0.087164 -0.026716 0.995719 -0.088484 0 -0.062696 -0.090011 -0.993965 0 0 0 0 1 -0.997568 -0.024188 0.065374 -0.087164 -0.031342 0.993357 -0.110725 0 -0.062262 -0.112505 -0.991699 0 0 0 0 1 -0.997467 -0.030417 0.064302 -0.087164 -0.039275 0.989185 -0.141319 0 -0.059308 -0.143487 -0.987874 0 0 0 0 1 -0.997906 -0.030153 0.057222 -0.087164 -0.03982 0.983559 -0.176142 0 -0.05097 -0.178052 -0.9827 0 0 0 0 1 -0.998254 -0.027391 0.052335 -0.087164 -0.037316 0.979236 -0.199259 0 -0.04579 -0.200864 -0.978548 0 0 0 0 1 -0.998894 -0.026496 0.038847 -0.087164 -0.033759 0.979169 -0.20022 0 -0.032732 -0.20131 -0.978981 0 0 0 0 1 -0.99959 -0.024026 0.015599 -0.087164 -0.026409 0.983878 -0.17688 0 -0.011098 -0.177219 -0.984109 0 0 0 0 1 -0.999762 -0.018266 -0.011903 -0.087164 -0.016366 0.989481 -0.143735 0 0.014404 -0.143506 -0.989545 0 0 0 0 1 -0.999229 -0.010694 -0.037773 -0.087164 -0.006212 0.993132 -0.116838 0 0.038763 -0.116513 -0.992432 0 0 0 0 1 -0.998829 -0.001723 -0.048355 -0.087164 0.003707 0.993702 -0.111996 0 0.048243 -0.112044 -0.992531 0 0 0 0 1 -0.998437 0.006864 -0.055461 -0.087164 0.013933 0.991663 -0.128106 0 0.05412 -0.128678 -0.990209 0 0 0 0 1 -0.996547 0.018014 -0.081049 -0.087164 0.029424 0.989448 -0.141866 0 0.077638 -0.143761 -0.986562 0 0 0 0 1 -0.993767 0.030481 -0.107232 -0.087164 0.048502 0.984302 -0.169698 0 0.100376 -0.173841 -0.979645 0 0 0 0 1 -0.99076 0.034607 -0.131137 -0.087164 0.063445 0.972842 -0.222603 0 0.119872 -0.228866 -0.966049 0 0 0 0 1 -0.988291 0.041452 -0.146843 -0.087164 0.079434 0.961465 -0.263202 0 0.130274 -0.271784 -0.9535 0 0 0 0 1 -0.988121 0.027528 -0.151191 -0.087164 0.080419 0.93099 -0.356075 0 0.130955 -0.364004 -0.922145 0 0 0 0 1 -0.989823 0.017307 -0.141244 -0.087164 0.076727 0.900843 -0.42731 0 0.119843 -0.433799 -0.893004 0 0 0 0 1 -0.992519 0.008336 -0.121809 -0.087164 0.063693 0.886505 -0.458315 0 0.104163 -0.462644 -0.880403 0 0 0 0 1 -0.994259 -0.005411 -0.106865 -0.087164 0.043773 0.890756 -0.452369 0 0.097638 -0.45445 -0.885405 0 0 0 0 1 -0.994817 -0.020171 -0.099658 -0.087164 0.022771 0.911031 -0.411708 0 0.099096 -0.411844 -0.90585 0 0 0 0 1 -0.995808 -0.023962 -0.088275 -0.087164 0.007855 0.939109 -0.343529 0 0.091132 -0.342782 -0.934984 0 0 0 0 1 -0.996873 -0.015825 -0.077422 -0.087164 0.004523 0.966707 -0.255847 0 0.078893 -0.255397 -0.963612 0 0 0 0 1 -0.997355 -0.005024 -0.072505 -0.087164 0.007339 0.985546 -0.169251 0 0.072308 -0.169335 -0.982902 0 0 0 0 1 -0.997686 0.001399 -0.067975 -0.087164 0.00864 0.994291 -0.106354 0 0.067438 -0.106695 -0.992002 0 0 0 0 1 -0.997897 -0.001229 -0.06481 -0.087164 0.00339 0.997462 -0.071119 0 0.064733 -0.071189 -0.99536 0 0 0 0 1 -0.998427 -0.002297 -0.056028 -0.087164 0.001181 0.998076 -0.061989 0 0.056063 -0.061958 -0.996503 0 0 0 0 1 -0.998772 -0.004158 -0.049369 -0.087164 -0.00037 0.997071 -0.076484 0 0.049543 -0.076372 -0.995848 0 0 0 0 1 -0.998581 -0.010391 -0.052237 -0.087164 -0.004089 0.992845 -0.119344 0 0.053103 -0.118961 -0.991478 0 0 0 0 1 -0.998557 -0.007342 -0.053202 -0.087164 0.002996 0.981449 -0.191699 0 0.053622 -0.191581 -0.980011 0 0 0 0 1 -0.998746 0.005002 -0.049804 -0.087164 0.018659 0.96048 -0.277723 0 0.046447 -0.278304 -0.959369 0 0 0 0 1 -0.998464 0.025454 -0.049212 -0.087164 0.041062 0.936284 -0.348834 0 0.037197 -0.350319 -0.935891 0 0 0 0 1 -0.997372 0.040364 -0.060166 -0.087164 0.060679 0.919138 -0.389235 0 0.039589 -0.391862 -0.919172 0 0 0 0 1 -0.995762 0.041403 -0.082122 -0.087164 0.070935 0.914088 -0.399263 0 0.058536 -0.403396 -0.913151 0 0 0 0 1 -0.993196 0.038141 -0.11003 -0.087164 0.077446 0.921949 -0.379489 0 0.086967 -0.385428 -0.91863 0 0 0 0 1 -0.989672 0.037085 -0.138471 -0.087164 0.081663 0.939748 -0.331972 0 0.117816 -0.339852 -0.93307 0 0 0 0 1 -0.986616 0.042672 -0.157377 -0.087164 0.083659 0.96091 -0.26392 0 0.139963 -0.273554 -0.951619 0 0 0 0 1 -0.987254 0.048524 -0.151575 -0.087164 0.078937 0.976281 -0.201603 0 0.138197 -0.210998 -0.967668 0 0 0 0 1 -0.992022 0.044174 -0.118073 -0.087164 0.063361 0.984415 -0.164049 0 0.108986 -0.170221 -0.97936 0 0 0 0 1 -0.996188 0.026292 -0.083172 -0.087164 0.03929 0.98654 -0.15873 0 0.077879 -0.161393 -0.983813 0 0 0 0 1 -0.998655 0.008399 -0.05116 -0.087164 0.017637 0.982973 -0.182903 0 0.048752 -0.183559 -0.981799 0 0 0 0 1 -0.999809 -0.002569 -0.019353 -0.087164 0.00183 0.974591 -0.223986 0 0.019437 -0.223979 -0.9744 0 0 0 0 1 -0.999828 -0.013183 0.013027 -0.087164 -0.01619 0.963378 -0.267656 0 -0.009021 -0.267821 -0.963426 0 0 0 0 1 -0.998932 -0.027499 0.037121 -0.087164 -0.037376 0.953346 -0.299558 0 -0.027151 -0.300625 -0.953356 0 0 0 0 1 -0.997824 -0.035486 0.055574 -0.087164 -0.051597 0.944993 -0.322995 0 -0.041055 -0.325159 -0.944768 0 0 0 0 1 -0.99649 -0.035135 0.075984 -0.087164 -0.058656 0.940649 -0.334275 0 -0.059729 -0.337559 -0.939408 0 0 0 0 1 -0.995652 -0.036703 0.085617 -0.087164 -0.063128 0.941717 -0.330429 0 -0.068499 -0.334397 -0.93994 0 0 0 0 1 -0.995454 -0.040421 0.086241 -0.087164 -0.065465 0.948059 -0.311284 0 -0.069179 -0.315515 -0.946396 0 0 0 0 1 -0.995573 -0.042004 0.084082 -0.087164 -0.063679 0.959417 -0.274706 0 -0.069131 -0.278844 -0.957845 0 0 0 0 1 -0.995823 -0.044825 0.079539 -0.087164 -0.061755 0.972355 -0.225192 0 -0.067246 -0.229163 -0.971062 0 0 0 0 1 -0.996108 -0.048108 0.073852 -0.087164 -0.060245 0.983238 -0.172088 0 -0.064336 -0.175867 -0.982309 0 0 0 0 1 -0.996358 -0.050583 0.068637 -0.087164 -0.058893 0.990405 -0.125018 0 -0.061655 -0.128605 -0.989778 0 0 0 0 1 -0.99677 -0.048895 0.063705 -0.087164 -0.054776 0.994053 -0.094112 0 -0.058724 -0.097298 -0.993521 0 0 0 0 1 -0.997277 -0.040197 0.061824 -0.087164 -0.044632 0.996398 -0.072106 0 -0.058703 -0.074669 -0.995479 0 0 0 0 1 -0.99748 -0.032673 0.062982 -0.087164 -0.036734 0.997245 -0.064436 0 -0.060703 -0.066588 -0.995932 0 0 0 0 1</float_array>
        <technique_common>
          <accessor source="#RightUpLeg_Helper2_matrix_RightUpLeg_Helper2_transform-output-array" count="56" stride="16">
            <param name="TRANSFORM" type="float4x4"/>
          </accessor>
        </technique_common>
      </source>
      <source id="RightUpLeg_Helper2_matrix_RightUpLeg_Helper2_transform-interpolations">
        <Name_array id="RightUpLeg_Helper2_matrix_RightUpLeg_Helper2_transform-interpolations-array" count="56">LINEAR LINEAR LINEAR LINEAR LINEAR LINEAR LINEAR LINEAR LINEAR LINEAR LINEAR LINEAR LINEAR LINEAR LINEAR LINEAR LINEAR LINEAR LINEAR LINEAR LINEAR LINEAR LINEAR LINEAR LINEAR LINEAR LINEAR LINEAR LINEAR LINEAR LINEAR LINEAR LINEAR LINEAR LINEAR LINEAR LINEAR LINEAR LINEAR LINEAR LINEAR LINEAR LINEAR LINEAR LINEAR LINEAR LINEAR LINEAR LINEAR LINEAR LINEAR LINEAR LINEAR LINEAR LINEAR LINEAR</Name_array>
        <technique_common>
          <accessor source="#RightUpLeg_Helper2_matrix_RightUpLeg_Helper2_transform-interpolations-array" count="56" stride="1">
            <param name="INTERPOLATION" type="Name"/>
          </accessor>
        </technique_common>
      </source>
      <sampler id="RightUpLeg_Helper2_matrix_RightUpLeg_Helper2_transform-sampler">
        <input semantic="INPUT" source="#RightUpLeg_Helper2_matrix_RightUpLeg_Helper2_transform-input"/>
        <input semantic="OUTPUT" source="#RightUpLeg_Helper2_matrix_RightUpLeg_Helper2_transform-output"/>
        <input semantic="INTERPOLATION" source="#RightUpLeg_Helper2_matrix_RightUpLeg_Helper2_transform-interpolations"/>
      </sampler>
      <channel source="#RightUpLeg_Helper2_matrix_RightUpLeg_Helper2_transform-sampler" target="RightUpLeg_Helper2/transform"/>
    </animation>
    <animation id="LeftUpLeg_matrix">
      <source id="LeftUpLeg_matrix_LeftUpLeg_transform-input">
        <float_array id="LeftUpLeg_matrix_LeftUpLeg_transform-input-array" count="56">0 0.041666 0.083333 0.125 0.166667 0.208333 0.25 0.291667 0.333333 0.375 0.416667 0.458333 0.5 0.541667 0.583333 0.625 0.666667 0.708333 0.75 0.791667 0.833333 0.875 0.916667 0.958333 1 1.04167 1.08333 1.125 1.16667 1.20833 1.25 1.29167 1.33333 1.375 1.41667 1.45833 1.5 1.54167 1.58333 1.625 1.66667 1.70833 1.75 1.79167 1.83333 1.875 1.91667 1.95833 2 2.04167 2.08333 2.125 2.16667 2.20833 2.25 2.29167</float_array>
        <technique_common>
          <accessor source="#LeftUpLeg_matrix_LeftUpLeg_transform-input-array" count="56" stride="1">
            <param name="TIME" type="float"/>
          </accessor>
        </technique_common>
        <technique profile="MAYA">
          <pre_infinity>CONSTANT</pre_infinity>
          <post_infinity>CONSTANT</post_infinity>
        </technique>
      </source>
      <source id="LeftUpLeg_matrix_LeftUpLeg_transform-output">
        <float_array id="LeftUpLeg_matrix_LeftUpLeg_transform-output-array" count="896">-0.982977 0.155149 0.098411 0.087164 -0.138249 -0.97739 0.159988 -0.000001 0.121008 0.14366 0.982201 0 0 0 0 1 -0.983867 0.149346 0.098498 0.087164 -0.131537 -0.977049 0.167551 -0.000001 0.121261 0.151892 0.980931 0 0 0 0 1 -0.986745 0.145671 0.071516 0.087164 -0.126801 -0.967132 0.220402 -0.000001 0.101272 0.208412 0.972784 0 0 0 0 1 -0.985354 0.161006 0.056174 0.087164 -0.138295 -0.947246 0.289135 -0.000001 0.099763 0.277132 0.955639 0 0 0 0 1 -0.981274 0.187783 0.042884 0.087164 -0.161959 -0.924894 0.344007 -0.000001 0.104262 0.33062 0.937987 0 0 0 0 1 -0.9782 0.206929 0.017464 0.087164 -0.185915 -0.910116 0.370303 -0.000001 0.092521 0.358984 0.928747 0 0 0 0 1 -0.976278 0.214801 -0.027248 0.087164 -0.209631 -0.906189 0.367255 -0.000001 0.054194 0.364255 0.929721 0 0 0 0 1 -0.97369 0.219603 -0.060845 0.087164 -0.22725 -0.915973 0.330684 -0.000001 0.016886 0.335811 0.941778 0 0 0 0 1 -0.972063 0.219404 -0.083401 0.087164 -0.233709 -0.937669 0.25721 -0.000001 -0.021769 0.269516 0.96275 0 0 0 0 1 -0.969803 0.214209 -0.116601 0.087164 -0.231818 -0.958173 0.167823 -0.000001 -0.075775 0.189785 0.978897 0 0 0 0 1 -0.968112 0.212165 -0.13321 0.087164 -0.225067 -0.970126 0.090558 -0.000001 -0.110017 0.117652 0.986942 0 0 0 0 1 -0.972629 0.211783 -0.095608 0.087164 -0.218247 -0.973855 0.063049 -0.000001 -0.079756 0.082189 0.99342 0 0 0 0 1 -0.978119 0.20652 -0.025158 0.087164 -0.208008 -0.973089 0.099145 -0.000001 -0.004005 0.102209 0.994755 0 0 0 0 1 -0.980279 0.195781 0.026889 0.087164 -0.191078 -0.973737 0.123797 -0.000001 0.05042 0.116217 0.991943 0 0 0 0 1 -0.980775 0.182777 0.068362 0.087164 -0.17004 -0.972334 0.160164 -0.000001 0.095745 0.145461 0.98472 0 0 0 0 1 -0.980698 0.174622 0.087965 0.087164 -0.152218 -0.964216 0.217065 -0.000001 0.122722 0.199485 0.972186 0 0 0 0 1 -0.978915 0.161038 0.125669 0.087164 -0.12833 -0.963484 0.235009 -0.000001 0.158926 0.213926 0.963835 0 0 0 0 1 -0.972735 0.146817 0.179532 0.087164 -0.099332 -0.963259 0.24953 -0.000001 0.209571 0.224893 0.951579 0 0 0 0 1 -0.967317 0.135098 0.214583 0.087164 -0.074242 -0.960061 0.26976 -0.000001 0.242457 0.245012 0.938714 0 0 0 0 1 -0.964498 0.1302 0.229764 0.087164 -0.064955 -0.960251 0.271476 -0.000001 0.255978 0.246914 0.934617 0 0 0 0 1 -0.964255 0.130857 0.23041 0.087164 -0.070171 -0.96461 0.254171 -0.000001 0.255516 0.228917 0.939313 0 0 0 0 1 -0.964953 0.134531 0.225314 0.087164 -0.083765 -0.971585 0.221372 -0.000001 0.248693 0.19474 0.948803 0 0 0 0 1 -0.965931 0.13665 0.219781 0.087164 -0.098023 -0.97914 0.177978 -0.000001 0.239517 0.150371 0.959177 0 0 0 0 1 -0.967886 0.13326 0.213165 0.087164 -0.106748 -0.985562 0.131428 -0.000001 0.227601 0.104452 0.968136 0 0 0 0 1 -0.969576 0.126851 0.20936 0.087164 -0.111411 -0.990217 0.084011 -0.000001 0.217969 0.05813 0.974223 0 0 0 0 1 -0.976042 0.116306 0.183886 0.087164 -0.112136 -0.993146 0.032953 -0.000001 0.186458 0.011544 0.982395 0 0 0 0 1 -0.983269 0.1137 0.142321 0.087164 -0.11482 -0.993386 0.000347 -0.000001 0.141419 -0.016 0.98982 0 0 0 0 1 -0.985034 0.116667 0.12687 0.087164 -0.11753 -0.993069 0.000689 -0.000001 0.126071 -0.014231 0.991919 0 0 0 0 1 -0.981009 0.126937 0.14666 0.087164 -0.124311 -0.991877 0.026974 -0.000001 0.148893 0.00823 0.988819 0 0 0 0 1 -0.97508 0.139377 0.172608 0.087164 -0.129101 -0.989197 0.069448 -0.000001 0.180423 0.045434 0.982539 0 0 0 0 1 -0.976254 0.136744 0.168018 0.087164 -0.118166 -0.986191 0.116038 -0.000001 0.181565 0.093428 0.978931 0 0 0 0 1 -0.975434 0.131773 0.176535 0.087164 -0.102335 -0.980701 0.166594 -0.000001 0.195081 0.144436 0.970094 0 0 0 0 1 -0.977793 0.121795 0.170547 0.087164 -0.085228 -0.974552 0.207328 -0.000001 0.191459 0.188188 0.963291 0 0 0 0 1 -0.982996 0.111772 0.145689 0.087164 -0.074418 -0.96782 0.24039 -0.000001 0.16787 0.22546 0.959681 0 0 0 0 1 -0.985167 0.11491 0.127447 0.087164 -0.078016 -0.961422 0.263781 -0.000001 0.152841 0.249925 0.956126 0 0 0 0 1 -0.987311 0.122312 0.101277 0.087164 -0.091113 -0.958665 0.269553 -0.000001 0.13006 0.256905 0.957645 0 0 0 0 1 -0.989413 0.130787 0.062907 0.087164 -0.11021 -0.95912 0.260659 -0.000001 0.094426 0.250966 0.963379 0 0 0 0 1 -0.990041 0.139426 0.019468 0.087164 -0.130308 -0.959935 0.248084 -0.000001 0.053278 0.243076 0.968543 0 0 0 0 1 -0.989218 0.144356 -0.024665 0.087164 -0.146065 -0.960369 0.237393 -0.000001 0.010581 0.238437 0.9711 0 0 0 0 1 -0.984315 0.150867 -0.091451 0.087164 -0.168081 -0.959445 0.226304 -0.000001 -0.0536 0.238126 0.969754 0 0 0 0 1 -0.974601 0.170207 -0.145542 0.087164 -0.200183 -0.953468 0.225445 -0.000001 -0.100397 0.248854 0.963323 0 0 0 0 1 -0.963079 0.186937 -0.193734 0.087164 -0.230618 -0.944134 0.235428 -0.000001 -0.138901 0.271414 0.952387 0 0 0 0 1 -0.950577 0.194701 -0.241855 0.087164 -0.255557 -0.933016 0.253322 -0.000001 -0.176333 0.30261 0.936661 0 0 0 0 1 -0.943577 0.201253 -0.262984 0.087164 -0.276722 -0.915403 0.292339 -0.000001 -0.181902 0.348618 0.919444 0 0 0 0 1 -0.943823 0.196234 -0.265878 0.087164 -0.287855 -0.883372 0.369855 -0.000001 -0.162291 0.425612 0.890234 0 0 0 0 1 -0.952756 0.191106 -0.236081 0.087164 -0.280144 -0.853238 0.439891 -0.000001 -0.117367 0.485246 0.866465 0 0 0 0 1 -0.963181 0.185243 -0.194853 0.087164 -0.258717 -0.835754 0.484335 -0.000001 -0.073129 0.516914 0.852908 0 0 0 0 1 -0.971359 0.178786 -0.156515 0.087164 -0.234121 -0.83267 0.501845 -0.000001 -0.040602 0.524115 0.850679 0 0 0 0 1 -0.977258 0.172264 -0.123663 0.087164 -0.211225 -0.842351 0.495812 -0.000001 -0.018757 0.510657 0.85958 0 0 0 0 1 -0.981724 0.164515 -0.095667 0.087164 -0.190218 -0.863722 0.466693 -0.000001 -0.005851 0.476361 0.87923 0 0 0 0 1 -0.985095 0.160011 -0.063127 0.087164 -0.171695 -0.892329 0.417456 -0.000001 0.010467 0.422072 0.906502 0 0 0 0 1 -0.987164 0.156758 -0.030578 0.087164 -0.157341 -0.921643 0.354707 -0.000001 0.02742 0.354965 0.934477 0 0 0 0 1 -0.987726 0.156191 -0.001575 0.087164 -0.150183 -0.946857 0.284441 -0.000001 0.042935 0.281186 0.958692 0 0 0 0 1 -0.98717 0.156054 0.033788 0.087164 -0.145476 -0.966269 0.212509 -0.000001 0.065811 0.204868 0.976575 0 0 0 0 1 -0.986183 0.152939 0.063658 0.087164 -0.140027 -0.974921 0.172979 -0.000001 0.088517 0.161675 0.982866 0 0 0 0 1 -0.983685 0.154414 0.092308 0.087164 -0.138328 -0.977266 0.160676 -0.000001 0.11502 0.145286 0.982681 0 0 0 0 1</float_array>
        <technique_common>
          <accessor source="#LeftUpLeg_matrix_LeftUpLeg_transform-output-array" count="56" stride="16">
            <param name="TRANSFORM" type="float4x4"/>
          </accessor>
        </technique_common>
      </source>
      <source id="LeftUpLeg_matrix_LeftUpLeg_transform-interpolations">
        <Name_array id="LeftUpLeg_matrix_LeftUpLeg_transform-interpolations-array" count="56">LINEAR LINEAR LINEAR LINEAR LINEAR LINEAR LINEAR LINEAR LINEAR LINEAR LINEAR LINEAR LINEAR LINEAR LINEAR LINEAR LINEAR LINEAR LINEAR LINEAR LINEAR LINEAR LINEAR LINEAR LINEAR LINEAR LINEAR LINEAR LINEAR LINEAR LINEAR LINEAR LINEAR LINEAR LINEAR LINEAR LINEAR LINEAR LINEAR LINEAR LINEAR LINEAR LINEAR LINEAR LINEAR LINEAR LINEAR LINEAR LINEAR LINEAR LINEAR LINEAR LINEAR LINEAR LINEAR LINEAR</Name_array>
        <technique_common>
          <accessor source="#LeftUpLeg_matrix_LeftUpLeg_transform-interpolations-array" count="56" stride="1">
            <param name="INTERPOLATION" type="Name"/>
          </accessor>
        </technique_common>
      </source>
      <sampler id="LeftUpLeg_matrix_LeftUpLeg_transform-sampler">
        <input semantic="INPUT" source="#LeftUpLeg_matrix_LeftUpLeg_transform-input"/>
        <input semantic="OUTPUT" source="#LeftUpLeg_matrix_LeftUpLeg_transform-output"/>
        <input semantic="INTERPOLATION" source="#LeftUpLeg_matrix_LeftUpLeg_transform-interpolations"/>
      </sampler>
      <channel source="#LeftUpLeg_matrix_LeftUpLeg_transform-sampler" target="LeftUpLeg/transform"/>
    </animation>
    <animation id="LeftLeg_matrix">
      <source id="LeftLeg_matrix_LeftLeg_transform-input">
        <float_array id="LeftLeg_matrix_LeftLeg_transform-input-array" count="56">0 0.041666 0.083333 0.125 0.166667 0.208333 0.25 0.291667 0.333333 0.375 0.416667 0.458333 0.5 0.541667 0.583333 0.625 0.666667 0.708333 0.75 0.791667 0.833333 0.875 0.916667 0.958333 1 1.04167 1.08333 1.125 1.16667 1.20833 1.25 1.29167 1.33333 1.375 1.41667 1.45833 1.5 1.54167 1.58333 1.625 1.66667 1.70833 1.75 1.79167 1.83333 1.875 1.91667 1.95833 2 2.04167 2.08333 2.125 2.16667 2.20833 2.25 2.29167</float_array>
        <technique_common>
          <accessor source="#LeftLeg_matrix_LeftLeg_transform-input-array" count="56" stride="1">
            <param name="TIME" type="float"/>
          </accessor>
        </technique_common>
        <technique profile="MAYA">
          <pre_infinity>CONSTANT</pre_infinity>
          <post_infinity>CONSTANT</post_infinity>
        </technique>
      </source>
      <source id="LeftLeg_matrix_LeftLeg_transform-output">
        <float_array id="LeftLeg_matrix_LeftLeg_transform-output-array" count="896">1 0 0 0 0 0.946701 0.322115 0.513626 0 -0.322115 0.946701 0.00777 0 0 0 1 1 0 0 0 0 0.945394 0.325929 0.513626 0 -0.325929 0.945394 0.00777 0 0 0 1 1 0 0 0 0 0.919158 0.393889 0.513626 0 -0.393889 0.919158 0.00777 0 0 0 1 1 0 0 0 0 0.871701 0.490039 0.513626 0 -0.490039 0.871701 0.00777 0 0 0 1 1 0 0 0 0 0.809221 0.587504 0.513626 0 -0.587504 0.809221 0.00777 0 0 0 1 1 0 0 0 0 0.756595 0.653884 0.513626 0 -0.653884 0.756595 0.00777 0 0 0 1 1 0 0 0 0 0.738609 0.674134 0.513626 0 -0.674134 0.738609 0.00777 0 0 0 1 1 0 0 0 0 0.771361 0.636397 0.513626 0 -0.636397 0.771361 0.00777 0 0 0 1 1 0 0 0 0 0.84731 0.531098 0.513626 0 -0.531098 0.84731 0.00777 0 0 0 1 1 0 0 0 0 0.925612 0.378475 0.513626 0 -0.378475 0.925612 0.00777 0 0 0 1 1 0 0 0 0 0.968574 0.248727 0.513626 0 -0.248727 0.968574 0.00777 0 0 0 1 1 0 0 0 0 0.9776 0.210474 0.513626 0 -0.210474 0.9776 0.00777 0 0 0 1 1 0 0 0 0 0.958644 0.284607 0.513626 0 -0.284607 0.958644 0.00777 0 0 0 1 1 0 0 0 0 0.946358 0.323121 0.513626 0 -0.323121 0.946358 0.00777 0 0 0 1 1 0 0 0 0 0.940378 0.340132 0.513626 0 -0.340132 0.940378 0.00777 0 0 0 1 1 0 0 0 0 0.915435 0.402466 0.513626 0 -0.402466 0.915435 0.00777 0 0 0 1 1 0 0 0 0 0.914625 0.404303 0.513626 0 -0.404303 0.914625 0.00777 0 0 0 1 1 0 0 0 0 0.904575 0.426315 0.513626 0 -0.426315 0.904575 0.00777 0 0 0 1 1 0 0 0 0 0.878391 0.477943 0.513626 0 -0.477943 0.878391 0.00777 0 0 0 1 1 0 0 0 0 0.865682 0.500594 0.513626 0 -0.500594 0.865682 0.00777 0 0 0 1 1 0 0 0 0 0.8665 0.499177 0.513626 0 -0.499177 0.8665 0.00777 0 0 0 1 1 0 0 0 0 0.880904 0.473294 0.513626 0 -0.473294 0.880904 0.00777 0 0 0 1 1 0 0 0 0 0.901016 0.433787 0.513626 0 -0.433787 0.901016 0.00777 0 0 0 1 1 0 0 0 0 0.915467 0.402394 0.513626 0 -0.402394 0.915467 0.00777 0 0 0 1 1 0 0 0 0 0.918191 0.396138 0.513626 0 -0.396138 0.918191 0.00777 0 0 0 1 1 0 0 0 0 0.913559 0.406706 0.513626 0 -0.406706 0.913559 0.00777 0 0 0 1 1 0 0 0 0 0.904791 0.425856 0.513626 0 -0.425856 0.904791 0.00777 0 0 0 1 1 0 0 0 0 0.906139 0.422979 0.513626 0 -0.422979 0.906139 0.00777 0 0 0 1 1 0 0 0 0 0.91428 0.405082 0.513626 0 -0.405082 0.91428 0.00777 0 0 0 1 1 0 0 0 0 0.918033 0.396504 0.513626 0 -0.396504 0.918033 0.00777 0 0 0 1 1 0 0 0 0 0.918509 0.3954 0.513626 0 -0.3954 0.918509 0.00777 0 0 0 1 1 0 0 0 0 0.907984 0.419005 0.513626 0 -0.419005 0.907984 0.00777 0 0 0 1 1 0 0 0 0 0.887969 0.459903 0.513626 0 -0.459903 0.887969 0.00777 0 0 0 1 1 0 0 0 0 0.871126 0.491059 0.513626 0 -0.491059 0.871126 0.00777 0 0 0 1 1 0 0 0 0 0.867381 0.497645 0.513626 0 -0.497645 0.867381 0.00777 0 0 0 1 1 0 0 0 0 0.881029 0.473062 0.513626 0 -0.473062 0.881029 0.00777 0 0 0 1 1 0 0 0 0 0.904345 0.426802 0.513626 0 -0.426802 0.904345 0.00777 0 0 0 1 1 0 0 0 0 0.92612 0.377228 0.513626 0 -0.377228 0.92612 0.00777 0 0 0 1 1 0 0 0 0 0.940395 0.340085 0.513626 0 -0.340085 0.940395 0.00777 0 0 0 1 1 0 0 0 0 0.948421 0.317015 0.513626 0 -0.317015 0.948421 0.00777 0 0 0 1 1 0 0 0 0 0.953781 0.300504 0.513626 0 -0.300504 0.953781 0.00777 0 0 0 1 1 0 0 0 0 0.961646 0.274292 0.513626 0 -0.274292 0.961646 0.00777 0 0 0 1 1 0 0 0 0 0.971278 0.237946 0.513626 0 -0.237946 0.971278 0.00777 0 0 0 1 1 0 0 0 0 0.969319 0.245807 0.513626 0 -0.245807 0.969319 0.00777 0 0 0 1 1 0 0 0 0 0.934909 0.354886 0.513626 0 -0.354886 0.934909 0.00777 0 0 0 1 1 0 0 0 0 0.891389 0.45324 0.513626 0 -0.45324 0.891389 0.00777 0 0 0 1 1 0 0 0 0 0.856557 0.516052 0.513626 0 -0.516052 0.856557 0.00777 0 0 0 1 1 0 0 0 0 0.833393 0.552682 0.513626 0 -0.552682 0.833393 0.00777 0 0 0 1 1 0 0 0 0 0.829439 0.558598 0.513626 0 -0.558598 0.829439 0.00777 0 0 0 1 1 0 0 0 0 0.845616 0.533792 0.513626 0 -0.533792 0.845616 0.00777 0 0 0 1 1 0 0 0 0 0.876238 0.481879 0.513626 0 -0.481879 0.876238 0.00777 0 0 0 1 1 0 0 0 0 0.912378 0.409348 0.513626 0 -0.409348 0.912378 0.00777 0 0 0 1 1 0 0 0 0 0.943982 0.329997 0.513626 0 -0.329997 0.943982 0.00777 0 0 0 1 1 0 0 0 0 0.963853 0.266435 0.513626 0 -0.266435 0.963853 0.00777 0 0 0 1 1 0 0 0 0 0.958632 0.284649 0.513626 0 -0.284649 0.958632 0.00777 0 0 0 1 1 0 0 0 0 0.948589 0.31651 0.513626 0 -0.31651 0.948589 0.00777 0 0 0 1</float_array>
        <technique_common>
          <accessor source="#LeftLeg_matrix_LeftLeg_transform-output-array" count="56" stride="16">
            <param name="TRANSFORM" type="float4x4"/>
          </accessor>
        </technique_common>
      </source>
      <source id="LeftLeg_matrix_LeftLeg_transform-interpolations">
        <Name_array id="LeftLeg_matrix_LeftLeg_transform-interpolations-array" count="56">LINEAR LINEAR LINEAR LINEAR LINEAR LINEAR LINEAR LINEAR LINEAR LINEAR LINEAR LINEAR LINEAR LINEAR LINEAR LINEAR LINEAR LINEAR LINEAR LINEAR LINEAR LINEAR LINEAR LINEAR LINEAR LINEAR LINEAR LINEAR LINEAR LINEAR LINEAR LINEAR LINEAR LINEAR LINEAR LINEAR LINEAR LINEAR LINEAR LINEAR LINEAR LINEAR LINEAR LINEAR LINEAR LINEAR LINEAR LINEAR LINEAR LINEAR LINEAR LINEAR LINEAR LINEAR LINEAR LINEAR</Name_array>
        <technique_common>
          <accessor source="#LeftLeg_matrix_LeftLeg_transform-interpolations-array" count="56" stride="1">
            <param name="INTERPOLATION" type="Name"/>
          </accessor>
        </technique_common>
      </source>
      <sampler id="LeftLeg_matrix_LeftLeg_transform-sampler">
        <input semantic="INPUT" source="#LeftLeg_matrix_LeftLeg_transform-input"/>
        <input semantic="OUTPUT" source="#LeftLeg_matrix_LeftLeg_transform-output"/>
        <input semantic="INTERPOLATION" source="#LeftLeg_matrix_LeftLeg_transform-interpolations"/>
      </sampler>
      <channel source="#LeftLeg_matrix_LeftLeg_transform-sampler" target="LeftLeg/transform"/>
    </animation>
    <animation id="LeftFoot_matrix">
      <source id="LeftFoot_matrix_LeftFoot_transform-input">
        <float_array id="LeftFoot_matrix_LeftFoot_transform-input-array" count="56">0 0.041666 0.083333 0.125 0.166667 0.208333 0.25 0.291667 0.333333 0.375 0.416667 0.458333 0.5 0.541667 0.583333 0.625 0.666667 0.708333 0.75 0.791667 0.833333 0.875 0.916667 0.958333 1 1.04167 1.08333 1.125 1.16667 1.20833 1.25 1.29167 1.33333 1.375 1.41667 1.45833 1.5 1.54167 1.58333 1.625 1.66667 1.70833 1.75 1.79167 1.83333 1.875 1.91667 1.95833 2 2.04167 2.08333 2.125 2.16667 2.20833 2.25 2.29167</float_array>
        <technique_common>
          <accessor source="#LeftFoot_matrix_LeftFoot_transform-input-array" count="56" stride="1">
            <param name="TIME" type="float"/>
          </accessor>
        </technique_common>
        <technique profile="MAYA">
          <pre_infinity>CONSTANT</pre_infinity>
          <post_infinity>CONSTANT</post_infinity>
        </technique>
      </source>
      <source id="LeftFoot_matrix_LeftFoot_transform-output">
        <float_array id="LeftFoot_matrix_LeftFoot_transform-output-array" count="896">0.988298 0.012758 -0.152 0 -0.140711 0.460931 -0.876209 0.396099 0.058882 0.887344 0.457333 0 0 0 0 1 0.986968 -0.006017 -0.160804 0 -0.139469 0.466456 -0.87348 0.396099 0.080264 0.884524 0.459538 0 0 0 0 1 0.984376 -0.016793 -0.175278 0 -0.144182 0.494528 -0.857119 0.396099 0.101074 0.868999 0.48438 0 0 0 0 1 0.98198 -0.000816 -0.188984 0 -0.161312 0.517359 -0.840427 0.396099 0.098458 0.855768 0.507904 0 0 0 0 1 0.984627 0.013775 -0.174126 0 -0.157131 0.505231 -0.848558 0.396099 0.076284 0.862874 0.499629 0 0 0 0 1 0.986755 0.006649 -0.162083 0 -0.145937 0.472671 -0.869071 0.396099 0.070833 0.881214 0.467381 0 0 0 0 1 0.987509 -0.014893 -0.156858 0 -0.134466 0.439255 -0.888242 0.396099 0.082129 0.898239 0.431765 0 0 0 0 1 0.988218 -0.027437 -0.150573 0 -0.126504 0.407326 -0.904479 0.396099 0.086149 0.912871 0.399056 0 0 0 0 1 0.988649 -0.034714 -0.146176 0 -0.121036 0.392385 -0.911803 0.396099 0.089009 0.919146 0.383729 0 0 0 0 1 0.986695 -0.055731 -0.152729 0 -0.116271 0.414712 -0.902494 0.396099 0.113636 0.908245 0.402714 0 0 0 0 1 0.977029 -0.087987 -0.194096 0 -0.134525 0.451747 -0.881946 0.396099 0.165282 0.887797 0.429533 0 0 0 0 1 0.965437 -0.080574 -0.247871 0 -0.185604 0.45514 -0.870861 0.396099 0.182985 0.886767 0.424454 0 0 0 0 1 0.973141 -0.054171 -0.223745 0 -0.182509 0.410829 -0.893258 0.396099 0.14031 0.910102 0.389908 0 0 0 0 1 0.978056 -0.046904 -0.202995 0 -0.169139 0.390155 -0.905081 0.396099 0.121652 0.919554 0.37366 0 0 0 0 1 0.979575 -0.057746 -0.192607 0 -0.156153 0.385006 -0.909608 0.396099 0.126682 0.921106 0.368125 0 0 0 0 1 0.97636 -0.089346 -0.196822 0 -0.153349 0.355411 -0.922045 0.396099 0.152334 0.93043 0.333308 0 0 0 0 1 0.972142 -0.120229 -0.20121 0 -0.145973 0.361098 -0.921032 0.396099 0.183392 0.924745 0.333488 0 0 0 0 1 0.970489 -0.136981 -0.198462 0 -0.139105 0.354262 -0.924742 0.396099 0.19698 0.925059 0.324752 0 0 0 0 1 0.969022 -0.150599 -0.195745 0 -0.137776 0.328155 -0.934522 0.396099 0.204973 0.932542 0.297241 0 0 0 0 1 0.96786 -0.160783 -0.193382 0 -0.135178 0.315826 -0.939138 0.396099 0.212072 0.935095 0.283941 0 0 0 0 1 0.964502 -0.174933 -0.197823 0 -0.135761 0.314074 -0.939642 0.396099 0.226505 0.933143 0.279176 0 0 0 0 1 0.959748 -0.189967 -0.206872 0 -0.137806 0.323299 -0.936209 0.396099 0.24473 0.927033 0.284107 0 0 0 0 1 0.956747 -0.198106 -0.213046 0 -0.137542 0.337279 -0.931303 0.396099 0.256352 0.920324 0.295443 0 0 0 0 1 0.956523 -0.197852 -0.214283 0 -0.136831 0.344412 -0.928794 0.396099 0.257566 0.917733 0.302366 0 0 0 0 1 0.956616 -0.196727 -0.214904 0 -0.139878 0.336931 -0.931081 0.396099 0.255577 0.920747 0.294796 0 0 0 0 1 0.945228 -0.227468 -0.234097 0 -0.153976 0.321645 -0.934257 0.396099 0.28781 0.919131 0.269003 0 0 0 0 1 0.929136 -0.266241 -0.256558 0 -0.170492 0.307207 -0.936246 0.396099 0.328084 0.913641 0.240045 0 0 0 0 1 0.92869 -0.267861 -0.256488 0 -0.168973 0.310027 -0.935592 0.396099 0.330126 0.912214 0.242657 0 0 0 0 1 0.944497 -0.231826 -0.23277 0 -0.150522 0.324413 -0.933863 0.396099 0.292007 0.917068 0.271512 0 0 0 0 1 0.960938 -0.188659 -0.202498 0 -0.130265 0.337247 -0.93236 0.396099 0.24419 0.922319 0.299498 0 0 0 0 1 0.967181 -0.171996 -0.187024 0 -0.117293 0.350716 -0.929107 0.396099 0.225395 0.920552 0.319032 0 0 0 0 1 0.976274 -0.142522 -0.163022 0 -0.104219 0.350653 -0.930689 0.396099 0.189808 0.925597 0.32748 0 0 0 0 1 0.981889 -0.121213 -0.145607 0 -0.09692 0.339004 -0.935779 0.396099 0.16279 0.932944 0.321116 0 0 0 0 1 0.98425 -0.110168 -0.138258 0 -0.094851 0.330882 -0.938893 0.396099 0.149184 0.937219 0.315221 0 0 0 0 1 0.987921 -0.087976 -0.127563 0 -0.091411 0.333849 -0.938184 0.396099 0.125125 0.938512 0.321774 0 0 0 0 1 0.990013 -0.069019 -0.122923 0 -0.091137 0.351887 -0.931595 0.396099 0.107553 0.933495 0.342083 0 0 0 0 1 0.99088 -0.052757 -0.12399 0 -0.094924 0.37978 -0.920194 0.396099 0.095636 0.923571 0.371309 0 0 0 0 1 0.991843 -0.031181 -0.123595 0 -0.100287 0.407609 -0.907633 0.396099 0.078679 0.912624 0.401157 0 0 0 0 1 0.992289 -0.007115 -0.123742 0 -0.108846 0.427531 -0.897424 0.396099 0.059288 0.903973 0.423459 0 0 0 0 1 0.98965 -0.006227 -0.143365 0 -0.126037 0.439929 -0.889144 0.396099 0.068607 0.898011 0.434591 0 0 0 0 1 0.986832 -0.002047 -0.161735 0 -0.143404 0.451445 -0.8807 0.396099 0.074817 0.892297 0.445207 0 0 0 0 1 0.984475 0.009842 -0.175246 0 -0.159029 0.472557 -0.866833 0.396099 0.074282 0.881245 0.466786 0 0 0 0 1 0.983458 0.041264 -0.176372 0 -0.172915 0.50387 -0.846295 0.396099 0.053947 0.862794 0.50267 0 0 0 0 1 0.982864 0.084598 -0.16377 0 -0.184033 0.50076 -0.845796 0.396099 0.010456 0.861442 0.507748 0 0 0 0 1 0.976003 0.119488 -0.182049 0 -0.217465 0.491377 -0.843361 0.396099 -0.011316 0.862712 0.505569 0 0 0 0 1 0.96803 0.135451 -0.211118 0 -0.250717 0.49677 -0.83088 0.396099 -0.007666 0.857247 0.514848 0 0 0 0 1 0.962685 0.135356 -0.234344 0 -0.270563 0.500012 -0.822669 0.396099 0.005821 0.855375 0.517976 0 0 0 0 1 0.963774 0.094702 -0.249343 0 -0.262965 0.493714 -0.828913 0.396099 0.044604 0.864453 0.500732 0 0 0 0 1 0.965877 0.058562 -0.252295 0 -0.24749 0.495877 -0.832379 0.396099 0.07636 0.866416 0.49345 0 0 0 0 1 0.964414 0.055069 -0.258599 0 -0.250701 0.501177 -0.828233 0.396099 0.083993 0.863591 0.497148 0 0 0 0 1 0.965087 0.055124 -0.256063 0 -0.246966 0.517202 -0.819457 0.396099 0.087263 0.854086 0.512759 0 0 0 0 1 0.977342 0.034475 -0.208841 0 -0.194407 0.536455 -0.821232 0.396099 0.083721 0.843225 0.531002 0 0 0 0 1 0.982029 0.023653 -0.18724 0 -0.171133 0.529899 -0.830614 0.396099 0.079571 0.847731 0.524425 0 0 0 0 1 0.985887 0.014671 -0.16677 0 -0.151133 0.506506 -0.848888 0.396099 0.072015 0.862112 0.501575 0 0 0 0 1 0.988179 0.009304 -0.153021 0 -0.138482 0.482345 -0.864966 0.396099 0.06576 0.875932 0.477931 0 0 0 0 1 0.988229 0.012084 -0.152503 0 -0.140596 0.46467 -0.874251 0.396099 0.060298 0.885402 0.460899 0 0 0 0 1</float_array>
        <technique_common>
          <accessor source="#LeftFoot_matrix_LeftFoot_transform-output-array" count="56" stride="16">
            <param name="TRANSFORM" type="float4x4"/>
          </accessor>
        </technique_common>
      </source>
      <source id="LeftFoot_matrix_LeftFoot_transform-interpolations">
        <Name_array id="LeftFoot_matrix_LeftFoot_transform-interpolations-array" count="56">LINEAR LINEAR LINEAR LINEAR LINEAR LINEAR LINEAR LINEAR LINEAR LINEAR LINEAR LINEAR LINEAR LINEAR LINEAR LINEAR LINEAR LINEAR LINEAR LINEAR LINEAR LINEAR LINEAR LINEAR LINEAR LINEAR LINEAR LINEAR LINEAR LINEAR LINEAR LINEAR LINEAR LINEAR LINEAR LINEAR LINEAR LINEAR LINEAR LINEAR LINEAR LINEAR LINEAR LINEAR LINEAR LINEAR LINEAR LINEAR LINEAR LINEAR LINEAR LINEAR LINEAR LINEAR LINEAR LINEAR</Name_array>
        <technique_common>
          <accessor source="#LeftFoot_matrix_LeftFoot_transform-interpolations-array" count="56" stride="1">
            <param name="INTERPOLATION" type="Name"/>
          </accessor>
        </technique_common>
      </source>
      <sampler id="LeftFoot_matrix_LeftFoot_transform-sampler">
        <input semantic="INPUT" source="#LeftFoot_matrix_LeftFoot_transform-input"/>
        <input semantic="OUTPUT" source="#LeftFoot_matrix_LeftFoot_transform-output"/>
        <input semantic="INTERPOLATION" source="#LeftFoot_matrix_LeftFoot_transform-interpolations"/>
      </sampler>
      <channel source="#LeftFoot_matrix_LeftFoot_transform-sampler" target="LeftFoot/transform"/>
    </animation>
    <animation id="LeftToes_matrix">
      <source id="LeftToes_matrix_LeftToes_transform-input">
        <float_array id="LeftToes_matrix_LeftToes_transform-input-array" count="56">0 0.041666 0.083333 0.125 0.166667 0.208333 0.25 0.291667 0.333333 0.375 0.416667 0.458333 0.5 0.541667 0.583333 0.625 0.666667 0.708333 0.75 0.791667 0.833333 0.875 0.916667 0.958333 1 1.04167 1.08333 1.125 1.16667 1.20833 1.25 1.29167 1.33333 1.375 1.41667 1.45833 1.5 1.54167 1.58333 1.625 1.66667 1.70833 1.75 1.79167 1.83333 1.875 1.91667 1.95833 2 2.04167 2.08333 2.125 2.16667 2.20833 2.25 2.29167</float_array>
        <technique_common>
          <accessor source="#LeftToes_matrix_LeftToes_transform-input-array" count="56" stride="1">
            <param name="TIME" type="float"/>
          </accessor>
        </technique_common>
        <technique profile="MAYA">
          <pre_infinity>CONSTANT</pre_infinity>
          <post_infinity>CONSTANT</post_infinity>
        </technique>
      </source>
      <source id="LeftToes_matrix_LeftToes_transform-output">
        <float_array id="LeftToes_matrix_LeftToes_transform-output-array" count="896">1 0 0 0 0 0.779105 -0.626893 0.153519 0 0.626893 0.779105 0 0 0 0 1 1 0 0 0 0 0.775978 -0.630761 0.153519 0 0.630761 0.775978 0 0 0 0 1 1 0 0 0 0 0.746317 -0.66559 0.153519 0 0.66559 0.746317 0 0 0 0 1 1 0 0 0 0 0.714325 -0.699814 0.153519 0 0.699814 0.714325 0 0 0 0 1 1 0 0 0 0 0.721084 -0.692847 0.153519 0 0.692847 0.721084 0 0 0 0 1 1 0 0 0 0 0.750241 -0.661164 0.153519 0 0.661164 0.750241 0 0 0 0 1 1 0 0 0 0 0.759799 -0.650158 0.153519 0 0.650158 0.759799 0 0 0 0 1 1 0 0 0 0 0.768987 -0.639265 0.153519 0 0.639265 0.768987 0 0 0 0 1 1 0 0 0 0 0.779106 -0.626892 0.153519 0 0.626892 0.779106 0 0 0 0 1 1 0 0 0 0 0.778554 -0.627577 0.153519 0 0.627577 0.778554 0 0 0 0 1 1 0 0 0 0 0.777735 -0.628592 0.153519 0 0.628592 0.777735 0 0 0 0 1 1 0 0 0 0 0.779164 -0.62682 0.153519 0 0.62682 0.779164 0 0 0 0 1 1 0 0 0 0 0.779107 -0.626891 0.153519 0 0.626891 0.779107 0 0 0 0 1 1 0 0 0 0 0.779107 -0.62689 0.153519 0 0.62689 0.779107 0 0 0 0 1 1 0 0 0 0 0.779108 -0.62689 0.153519 0 0.62689 0.779108 0 0 0 0 1 1 0 0 0 0 0.779108 -0.626889 0.153519 0 0.626889 0.779108 0 0 0 0 1 1 0 0 0 0 0.779109 -0.626889 0.153519 0 0.626889 0.779109 0 0 0 0 1 1 0 0 0 0 0.77911 -0.626888 0.153519 0 0.626888 0.77911 0 0 0 0 1 1 0 0 0 0 0.77911 -0.626887 0.153519 0 0.626887 0.77911 0 0 0 0 1 1 0 0 0 0 0.779111 -0.626886 0.153519 0 0.626886 0.779111 0 0 0 0 1 1 0 0 0 0 0.779111 -0.626886 0.153519 0 0.626886 0.779111 0 0 0 0 1 1 0 0 0 0 0.779112 -0.626885 0.153519 0 0.626885 0.779112 0 0 0 0 1 1 0 0 0 0 0.779113 -0.626884 0.153519 0 0.626884 0.779113 0 0 0 0 1 1 0 0 0 0 0.779113 -0.626883 0.153519 0 0.626883 0.779113 0 0 0 0 1 1 0 0 0 0 0.779114 -0.626882 0.153519 0 0.626882 0.779114 0 0 0 0 1 1 0 0 0 0 0.779115 -0.626881 0.153519 0 0.626881 0.779115 0 0 0 0 1 1 0 0 0 0 0.779115 -0.626881 0.153519 0 0.626881 0.779115 0 0 0 0 1 1 0 0 0 0 0.779116 -0.62688 0.153519 0 0.62688 0.779116 0 0 0 0 1 1 0 0 0 0 0.779117 -0.626879 0.153519 0 0.626879 0.779117 0 0 0 0 1 1 0 0 0 0 0.779117 -0.626878 0.153519 0 0.626878 0.779117 0 0 0 0 1 1 0 0 0 0 0.779118 -0.626878 0.153519 0 0.626878 0.779118 0 0 0 0 1 1 0 0 0 0 0.779118 -0.626877 0.153519 0 0.626877 0.779118 0 0 0 0 1 1 0 0 0 0 0.779119 -0.626876 0.153519 0 0.626876 0.779119 0 0 0 0 1 1 0 0 0 0 0.779119 -0.626875 0.153519 0 0.626875 0.779119 0 0 0 0 1 1 0 0 0 0 0.77912 -0.626875 0.153519 0 0.626875 0.77912 0 0 0 0 1 1 0 0 0 0 0.77912 -0.626874 0.153519 0 0.626874 0.77912 0 0 0 0 1 1 0 0 0 0 0.779121 -0.626874 0.153519 0 0.626874 0.779121 0 0 0 0 1 1 0 0 0 0 0.779121 -0.626873 0.153519 0 0.626873 0.779121 0 0 0 0 1 1 0 0 0 0 0.779122 -0.626873 0.153519 0 0.626873 0.779122 0 0 0 0 1 1 0 0 0 0 0.779122 -0.626872 0.153519 0 0.626872 0.779122 0 0 0 0 1 1 0 0 0 0 0.779122 -0.626872 0.153519 0 0.626872 0.779122 0 0 0 0 1 1 0 0 0 0 0.779122 -0.626872 0.153519 0 0.626872 0.779122 0 0 0 0 1 1 0 0 0 0 0.779122 -0.626872 0.153519 0 0.626872 0.779122 0 0 0 0 1 1 0 0 0 0 0.779122 -0.626872 0.153519 0 0.626872 0.779122 0 0 0 0 1 1 0 0 0 0 0.779122 -0.626872 0.153519 0 0.626872 0.779122 0 0 0 0 1 1 0 0 0 0 0.772297 -0.635262 0.153519 0 0.635262 0.772297 0 0 0 0 1 1 0 0 0 0 0.765865 -0.643001 0.153519 0 0.643001 0.765865 0 0 0 0 1 1 0 0 0 0 0.774335 -0.632776 0.153519 0 0.632776 0.774335 0 0 0 0 1 1 0 0 0 0 0.777736 -0.628592 0.153519 0 0.628592 0.777736 0 0 0 0 1 1 0 0 0 0 0.770878 -0.636983 0.153519 0 0.636983 0.770878 0 0 0 0 1 1 0 0 0 0 0.758903 -0.651203 0.153519 0 0.651203 0.758903 0 0 0 0 1 1 0 0 0 0 0.74726 -0.664531 0.153519 0 0.664531 0.74726 0 0 0 0 1 1 0 0 0 0 0.757654 -0.652656 0.153519 0 0.652656 0.757654 0 0 0 0 1 1 0 0 0 0 0.777938 -0.628341 0.153519 0 0.628341 0.777938 0 0 0 0 1 1 0 0 0 0 0.779295 -0.626657 0.153519 0 0.626657 0.779295 0 0 0 0 1 1 0 0 0 0 0.779105 -0.626893 0.153519 0 0.626893 0.779105 0 0 0 0 1</float_array>
        <technique_common>
          <accessor source="#LeftToes_matrix_LeftToes_transform-output-array" count="56" stride="16">
            <param name="TRANSFORM" type="float4x4"/>
          </accessor>
        </technique_common>
      </source>
      <source id="LeftToes_matrix_LeftToes_transform-interpolations">
        <Name_array id="LeftToes_matrix_LeftToes_transform-interpolations-array" count="56">LINEAR LINEAR LINEAR LINEAR LINEAR LINEAR LINEAR LINEAR LINEAR LINEAR LINEAR LINEAR LINEAR LINEAR LINEAR LINEAR LINEAR LINEAR LINEAR LINEAR LINEAR LINEAR LINEAR LINEAR LINEAR LINEAR LINEAR LINEAR LINEAR LINEAR LINEAR LINEAR LINEAR LINEAR LINEAR LINEAR LINEAR LINEAR LINEAR LINEAR LINEAR LINEAR LINEAR LINEAR LINEAR LINEAR LINEAR LINEAR LINEAR LINEAR LINEAR LINEAR LINEAR LINEAR LINEAR LINEAR</Name_array>
        <technique_common>
          <accessor source="#LeftToes_matrix_LeftToes_transform-interpolations-array" count="56" stride="1">
            <param name="INTERPOLATION" type="Name"/>
          </accessor>
        </technique_common>
      </source>
      <sampler id="LeftToes_matrix_LeftToes_transform-sampler">
        <input semantic="INPUT" source="#LeftToes_matrix_LeftToes_transform-input"/>
        <input semantic="OUTPUT" source="#LeftToes_matrix_LeftToes_transform-output"/>
        <input semantic="INTERPOLATION" source="#LeftToes_matrix_LeftToes_transform-interpolations"/>
      </sampler>
      <channel source="#LeftToes_matrix_LeftToes_transform-sampler" target="LeftToes/transform"/>
    </animation>
    <animation id="RightUpLeg_matrix">
      <source id="RightUpLeg_matrix_RightUpLeg_transform-input">
        <float_array id="RightUpLeg_matrix_RightUpLeg_transform-input-array" count="56">0 0.041666 0.083333 0.125 0.166667 0.208333 0.25 0.291667 0.333333 0.375 0.416667 0.458333 0.5 0.541667 0.583333 0.625 0.666667 0.708333 0.75 0.791667 0.833333 0.875 0.916667 0.958333 1 1.04167 1.08333 1.125 1.16667 1.20833 1.25 1.29167 1.33333 1.375 1.41667 1.45833 1.5 1.54167 1.58333 1.625 1.66667 1.70833 1.75 1.79167 1.83333 1.875 1.91667 1.95833 2 2.04167 2.08333 2.125 2.16667 2.20833 2.25 2.29167</float_array>
        <technique_common>
          <accessor source="#RightUpLeg_matrix_RightUpLeg_transform-input-array" count="56" stride="1">
            <param name="TIME" type="float"/>
          </accessor>
        </technique_common>
        <technique profile="MAYA">
          <pre_infinity>CONSTANT</pre_infinity>
          <post_infinity>CONSTANT</post_infinity>
        </technique>
      </source>
      <source id="RightUpLeg_matrix_RightUpLeg_transform-output">
        <float_array id="RightUpLeg_matrix_RightUpLeg_transform-output-array" count="896">-0.991479 -0.031444 0.126414 -0.087164 -0.039495 0.997313 -0.061696 0 -0.124135 -0.066163 -0.990057 0 0 0 0 1 -0.991332 -0.025408 0.128902 -0.087164 -0.034955 0.996767 -0.072345 0 -0.126647 -0.076224 -0.989015 0 0 0 0 1 -0.991389 -0.020371 0.129353 -0.087164 -0.031671 0.995799 -0.085909 0 -0.127059 -0.089266 -0.98787 0 0 0 0 1 -0.991126 -0.02404 0.130731 -0.087164 -0.038334 0.993417 -0.107946 0 -0.127276 -0.111999 -0.985524 0 0 0 0 1 -0.991264 -0.030417 0.128338 -0.087164 -0.048285 0.989185 -0.1385 0 -0.122737 -0.143487 -0.982012 0 0 0 0 1 -0.993031 -0.030368 0.113876 -0.087164 -0.050059 0.983423 -0.174279 0 -0.106696 -0.178766 -0.978089 0 0 0 0 1 -0.993998 -0.027236 0.105954 -0.087164 -0.048015 0.978857 -0.19883 0 -0.098298 -0.202724 -0.97429 0 0 0 0 1 -0.996535 -0.026597 0.078808 -0.087164 -0.041955 0.978862 -0.200171 0 -0.071818 -0.202784 -0.976586 0 0 0 0 1 -0.999224 -0.024026 0.031195 -0.087164 -0.029166 0.983878 -0.176446 0 -0.026453 -0.177219 -0.983816 0 0 0 0 1 -0.999545 -0.018388 -0.023898 -0.087164 -0.014771 0.989529 -0.143577 0 0.026288 -0.143158 -0.989351 0 0 0 0 1 -0.996892 -0.010811 -0.078032 -0.087164 -0.00176 0.993349 -0.115126 0 0.078758 -0.114631 -0.990281 0 0 0 0 1 -0.995308 -0.001679 -0.096744 -0.087164 0.009055 0.993844 -0.110417 0 0.096333 -0.110775 -0.989166 0 0 0 0 1 -0.993824 0.006864 -0.110753 -0.087164 0.021017 0.991663 -0.127136 0 0.108957 -0.128678 -0.985683 0 0 0 0 1 -0.986721 0.017846 -0.161442 -0.087164 0.040528 0.989558 -0.138319 0 0.157288 -0.143026 -0.977141 0 0 0 0 1 -0.976427 0.031176 -0.213584 -0.087164 0.066717 0.984651 -0.16128 0 0.205277 -0.171728 -0.96352 0 0 0 0 1 -0.964705 0.034361 -0.261082 -0.087164 0.092332 0.972644 -0.213163 0 0.246615 -0.229745 -0.941487 0 0 0 0 1 -0.955978 0.041452 -0.290496 -0.087164 0.117255 0.961465 -0.248669 0 0.268993 -0.271784 -0.924 0 0 0 0 1 -0.953352 0.027315 -0.300622 -0.087164 0.134096 0.93056 -0.3407 0 0.270441 -0.36512 -0.890814 0 0 0 0 1 -0.9595 0.017203 -0.281181 -0.087164 0.137785 0.899254 -0.41516 0 0.245711 -0.437089 -0.865205 0 0 0 0 1 -0.97046 0.008644 -0.241108 -0.087164 0.119522 0.885333 -0.449332 0 0.209577 -0.464877 -0.860213 0 0 0 0 1 -0.977145 -0.005411 -0.212507 -0.087164 0.091866 0.890756 -0.445101 0 0.191701 -0.45445 -0.8699 0 0 0 0 1 -0.979818 -0.020816 -0.198803 -0.087164 0.063649 0.910304 -0.409017 0 0.189486 -0.413416 -0.890608 0 0 0 0 1 -0.984115 -0.024955 -0.175772 -0.087164 0.037457 0.938597 -0.342976 0 0.173538 -0.344112 -0.922752 0 0 0 0 1 -0.987994 -0.015952 -0.153664 -0.087164 0.023966 0.966788 -0.254455 0 0.152619 -0.255083 -0.954798 0 0 0 0 1 -0.989473 -0.005024 -0.14463 -0.087164 0.019592 0.985546 -0.168273 0 0.143385 -0.169335 -0.975073 0 0 0 0 1 -0.990789 0.002033 -0.135402 -0.087164 0.016228 0.994464 -0.103815 0 0.134441 -0.105056 -0.985337 0 0 0 0 1 -0.991477 -0.001359 -0.130278 -0.087164 0.007643 0.997616 -0.068584 0 0.130061 -0.068995 -0.989103 0 0 0 0 1 -0.993767 -0.002215 -0.111452 -0.087164 0.004535 0.998171 -0.060283 0 0.111382 -0.060413 -0.99194 0 0 0 0 1 -0.995117 -0.004158 -0.098619 -0.087164 0.003405 0.997071 -0.076409 0 0.098648 -0.076372 -0.992187 0 0 0 0 1 -0.994464 -0.010969 -0.104501 -0.087164 0.001398 0.993066 -0.117546 0 0.105066 -0.117042 -0.987554 0 0 0 0 1 -0.994228 -0.008116 -0.106976 -0.087164 0.012435 0.981694 -0.19006 0 0.106561 -0.190294 -0.975927 0 0 0 0 1 -0.995072 0.004501 -0.099052 -0.087164 0.031958 0.960218 -0.277418 0 0.093862 -0.279216 -0.95563 0 0 0 0 1 -0.994831 0.025454 -0.098306 -0.087164 0.058185 0.936284 -0.34639 0 0.083225 -0.350319 -0.932925 0 0 0 0 1 -0.992074 0.041263 -0.118685 -0.087164 0.084463 0.91831 -0.386746 0 0.093031 -0.393705 -0.914517 0 0 0 0 1 -0.985792 0.041761 -0.162698 -0.087164 0.103797 0.912988 -0.394562 0 0.132064 -0.405844 -0.90435 0 0 0 0 1 -0.975051 0.037995 -0.218707 -0.087164 0.118964 0.921254 -0.370323 0 0.187414 -0.387102 -0.902789 0 0 0 0 1 -0.960938 0.037085 -0.274269 -0.087164 0.126875 0.939748 -0.317454 0 0.24597 -0.339852 -0.907744 0 0 0 0 1 -0.948605 0.042615 -0.31358 -0.087164 0.124784 0.960976 -0.246887 0 0.290822 -0.273329 -0.916905 0 0 0 0 1 -0.951367 0.049374 -0.304076 -0.087164 0.109735 0.976641 -0.184745 0 0.287851 -0.209128 -0.934563 0 0 0 0 1 -0.971097 0.045004 -0.234404 -0.087164 0.082627 0.984727 -0.153247 0 0.223927 -0.168186 -0.959984 0 0 0 0 1 -0.985814 0.026292 -0.165768 -0.087164 0.05236 0.98654 -0.154911 0 0.159464 -0.161393 -0.973922 0 0 0 0 1 -0.994731 0.007914 -0.102217 -0.087164 0.026383 0.9832 -0.180617 0 0.09907 -0.182362 -0.978228 0 0 0 0 1 -0.999244 -0.002599 -0.038791 -0.087164 0.006144 0.974665 -0.223587 0 0.038389 -0.223656 -0.973912 0 0 0 0 1 -0.999544 -0.012919 0.027301 -0.087164 -0.019772 0.963187 -0.268104 0 -0.022832 -0.268522 -0.963003 0 0 0 0 1 -0.996865 -0.027499 0.074191 -0.087164 -0.048475 0.953346 -0.297963 0 -0.062535 -0.300625 -0.95169 0 0 0 0 1 -0.993211 -0.03605 0.110602 -0.087164 -0.069961 0.944721 -0.320324 0 -0.09294 -0.325887 -0.940829 0 0 0 0 1 -0.987559 -0.034976 0.153306 -0.087164 -0.084526 0.940189 -0.329999 0 -0.132595 -0.338852 -0.931449 0 0 0 0 1 -0.984483 -0.036604 0.171621 -0.087164 -0.091602 0.941375 -0.324687 0 -0.149675 -0.335369 -0.930121 0 0 0 0 1 -0.984295 -0.040421 0.171839 -0.087164 -0.092088 0.948059 -0.304472 0 -0.150607 -0.315515 -0.936893 0 0 0 0 1 -0.984921 -0.041938 0.167846 -0.087164 -0.086715 0.959179 -0.269178 0 -0.149705 -0.279674 -0.948352 0 0 0 0 1 -0.986301 -0.044786 0.158762 -0.087164 -0.07953 0.972298 -0.219797 0 -0.14452 -0.229413 -0.96254 0 0 0 0 1 -0.987926 -0.048151 0.147254 -0.087164 -0.072774 0.983317 -0.166707 0 -0.13677 -0.175411 -0.974949 0 0 0 0 1 -0.989286 -0.050583 0.136951 -0.087164 -0.067346 0.990405 -0.120674 0 -0.129533 -0.128605 -0.9832 0 0 0 0 1 -0.990701 -0.049357 0.126788 -0.087164 -0.061027 0.994082 -0.08987 0 -0.121602 -0.096772 -0.98785 0 0 0 0 1 -0.991608 -0.040099 0.122907 -0.087164 -0.04873 0.996492 -0.068035 0 -0.119748 -0.073454 -0.990083 0 0 0 0 1 -0.991539 -0.032576 0.125655 -0.087164 -0.040588 0.997267 -0.061737 0 -0.1233 -0.066315 -0.990151 0 0 0 0 1</float_array>
        <technique_common>
          <accessor source="#RightUpLeg_matrix_RightUpLeg_transform-output-array" count="56" stride="16">
            <param name="TRANSFORM" type="float4x4"/>
          </accessor>
        </technique_common>
      </source>
      <source id="RightUpLeg_matrix_RightUpLeg_transform-interpolations">
        <Name_array id="RightUpLeg_matrix_RightUpLeg_transform-interpolations-array" count="56">LINEAR LINEAR LINEAR LINEAR LINEAR LINEAR LINEAR LINEAR LINEAR LINEAR LINEAR LINEAR LINEAR LINEAR LINEAR LINEAR LINEAR LINEAR LINEAR LINEAR LINEAR LINEAR LINEAR LINEAR LINEAR LINEAR LINEAR LINEAR LINEAR LINEAR LINEAR LINEAR LINEAR LINEAR LINEAR LINEAR LINEAR LINEAR LINEAR LINEAR LINEAR LINEAR LINEAR LINEAR LINEAR LINEAR LINEAR LINEAR LINEAR LINEAR LINEAR LINEAR LINEAR LINEAR LINEAR LINEAR</Name_array>
        <technique_common>
          <accessor source="#RightUpLeg_matrix_RightUpLeg_transform-interpolations-array" count="56" stride="1">
            <param name="INTERPOLATION" type="Name"/>
          </accessor>
        </technique_common>
      </source>
      <sampler id="RightUpLeg_matrix_RightUpLeg_transform-sampler">
        <input semantic="INPUT" source="#RightUpLeg_matrix_RightUpLeg_transform-input"/>
        <input semantic="OUTPUT" source="#RightUpLeg_matrix_RightUpLeg_transform-output"/>
        <input semantic="INTERPOLATION" source="#RightUpLeg_matrix_RightUpLeg_transform-interpolations"/>
      </sampler>
      <channel source="#RightUpLeg_matrix_RightUpLeg_transform-sampler" target="RightUpLeg/transform"/>
    </animation>
    <animation id="RightLeg_matrix">
      <source id="RightLeg_matrix_RightLeg_transform-input">
        <float_array id="RightLeg_matrix_RightLeg_transform-input-array" count="56">0 0.041666 0.083333 0.125 0.166667 0.208333 0.25 0.291667 0.333333 0.375 0.416667 0.458333 0.5 0.541667 0.583333 0.625 0.666667 0.708333 0.75 0.791667 0.833333 0.875 0.916667 0.958333 1 1.04167 1.08333 1.125 1.16667 1.20833 1.25 1.29167 1.33333 1.375 1.41667 1.45833 1.5 1.54167 1.58333 1.625 1.66667 1.70833 1.75 1.79167 1.83333 1.875 1.91667 1.95833 2 2.04167 2.08333 2.125 2.16667 2.20833 2.25 2.29167</float_array>
        <technique_common>
          <accessor source="#RightLeg_matrix_RightLeg_transform-input-array" count="56" stride="1">
            <param name="TIME" type="float"/>
          </accessor>
        </technique_common>
        <technique profile="MAYA">
          <pre_infinity>CONSTANT</pre_infinity>
          <post_infinity>CONSTANT</post_infinity>
        </technique>
      </source>
      <source id="RightLeg_matrix_RightLeg_transform-output">
        <float_array id="RightLeg_matrix_RightLeg_transform-output-array" count="896">1 0 0 0 0 0.95794 0.28697 -0.513628 0 -0.28697 0.95794 -0.00777 0 0 0 1 1 0 0 0 0 0.957818 0.287376 -0.513628 0 -0.287376 0.957818 -0.00777 0 0 0 1 1 0 0 0 0 0.963186 0.268834 -0.513628 0 -0.268834 0.963186 -0.00777 0 0 0 1 1 0 0 0 0 0.963019 0.269432 -0.513628 0 -0.269432 0.963019 -0.00777 0 0 0 1 1 0 0 0 0 0.949601 0.313462 -0.513628 0 -0.313462 0.949601 -0.00777 0 0 0 1 1 0 0 0 0 0.924709 0.380675 -0.513628 0 -0.380675 0.924709 -0.00777 0 0 0 1 1 0 0 0 0 0.903463 0.428666 -0.513628 0 -0.428666 0.903463 -0.00777 0 0 0 1 1 0 0 0 0 0.904961 0.425494 -0.513628 0 -0.425494 0.904961 -0.00777 0 0 0 1 1 0 0 0 0 0.929791 0.368088 -0.513628 0 -0.368088 0.929791 -0.00777 0 0 0 1 1 0 0 0 0 0.960245 0.279159 -0.513628 0 -0.279159 0.960245 -0.00777 0 0 0 1 1 0 0 0 0 0.980351 0.197261 -0.513628 0 -0.197261 0.980351 -0.00777 0 0 0 1 1 0 0 0 0 0.984193 0.177098 -0.513628 0 -0.177098 0.984193 -0.00777 0 0 0 1 1 0 0 0 0 0.977555 0.210682 -0.513628 0 -0.210682 0.977555 -0.00777 0 0 0 1 1 0 0 0 0 0.976061 0.217496 -0.513628 0 -0.217496 0.976061 -0.00777 0 0 0 1 1 0 0 0 0 0.981386 0.192044 -0.513628 0 -0.192044 0.981386 -0.00777 0 0 0 1 1 0 0 0 0 0.975694 0.219135 -0.513628 0 -0.219135 0.975694 -0.00777 0 0 0 1 1 0 0 0 0 0.974168 0.225825 -0.513628 0 -0.225825 0.974168 -0.00777 0 0 0 1 1 0 0 0 0 0.926652 0.375921 -0.513628 0 -0.375921 0.926652 -0.00777 0 0 0 1 1 0 0 0 0 0.863417 0.504491 -0.513628 0 -0.504491 0.863417 -0.00777 0 0 0 1 1 0 0 0 0 0.817291 0.576226 -0.513628 0 -0.576226 0.817291 -0.00777 0 0 0 1 1 0 0 0 0 0.798796 0.601602 -0.513628 0 -0.601602 0.798796 -0.00777 0 0 0 1 1 0 0 0 0 0.815177 0.579212 -0.513628 0 -0.579212 0.815177 -0.00777 0 0 0 1 1 0 0 0 0 0.859601 0.510966 -0.513628 0 -0.510966 0.859601 -0.00777 0 0 0 1 1 0 0 0 0 0.911189 0.411988 -0.513628 0 -0.411988 0.911189 -0.00777 0 0 0 1 1 0 0 0 0 0.941083 0.338175 -0.513628 0 -0.338175 0.941083 -0.00777 0 0 0 1 1 0 0 0 0 0.949849 0.31271 -0.513628 0 -0.31271 0.949849 -0.00777 0 0 0 1 1 0 0 0 0 0.949188 0.314711 -0.513628 0 -0.314711 0.949188 -0.00777 0 0 0 1 1 0 0 0 0 0.954211 0.299135 -0.513628 0 -0.299135 0.954211 -0.00777 0 0 0 1 1 0 0 0 0 0.960491 0.278311 -0.513628 0 -0.278311 0.960491 -0.00777 0 0 0 1 1 0 0 0 0 0.957924 0.287022 -0.513628 0 -0.287022 0.957924 -0.00777 0 0 0 1 1 0 0 0 0 0.937189 0.348823 -0.513628 0 -0.348823 0.937189 -0.00777 0 0 0 1 1 0 0 0 0 0.890038 0.455886 -0.513628 0 -0.455886 0.890038 -0.00777 0 0 0 1 1 0 0 0 0 0.830353 0.557238 -0.513628 0 -0.557238 0.830353 -0.00777 0 0 0 1 1 0 0 0 0 0.789236 0.61409 -0.513628 0 -0.61409 0.789236 -0.00777 0 0 0 1 1 0 0 0 0 0.788068 0.615588 -0.513628 0 -0.615588 0.788068 -0.00777 0 0 0 1 1 0 0 0 0 0.825672 0.56415 -0.513628 0 -0.56415 0.825672 -0.00777 0 0 0 1 1 0 0 0 0 0.884931 0.465721 -0.513628 0 -0.465721 0.884931 -0.00777 0 0 0 1 1 0 0 0 0 0.942482 0.334258 -0.513628 0 -0.334258 0.942482 -0.00777 0 0 0 1 1 0 0 0 0 0.97396 0.226721 -0.513628 0 -0.226721 0.97396 -0.00777 0 0 0 1 1 0 0 0 0 0.986371 0.164534 -0.513628 0 -0.164534 0.986371 -0.00777 0 0 0 1 1 0 0 0 0 0.989511 0.14446 -0.513628 0 -0.14446 0.989511 -0.00777 0 0 0 1 1 0 0 0 0 0.987995 0.154486 -0.513628 0 -0.154486 0.987995 -0.00777 0 0 0 1 1 0 0 0 0 0.979339 0.202225 -0.513628 0 -0.202225 0.979339 -0.00777 0 0 0 1 1 0 0 0 0 0.962555 0.271086 -0.513628 0 -0.271086 0.962555 -0.00777 0 0 0 1 1 0 0 0 0 0.943288 0.331975 -0.513628 0 -0.331975 0.943288 -0.00777 0 0 0 1 1 0 0 0 0 0.925648 0.378386 -0.513628 0 -0.378386 0.925648 -0.00777 0 0 0 1 1 0 0 0 0 0.913671 0.406454 -0.513628 0 -0.406454 0.913671 -0.00777 0 0 0 1 1 0 0 0 0 0.911402 0.411518 -0.513628 0 -0.411518 0.911402 -0.00777 0 0 0 1 1 0 0 0 0 0.921297 0.388859 -0.513628 0 -0.388859 0.921297 -0.00777 0 0 0 1 1 0 0 0 0 0.939786 0.341762 -0.513628 0 -0.341762 0.939786 -0.00777 0 0 0 1 1 0 0 0 0 0.961708 0.274076 -0.513628 0 -0.274076 0.961708 -0.00777 0 0 0 1 1 0 0 0 0 0.97875 0.205059 -0.513628 0 -0.205059 0.97875 -0.00777 0 0 0 1 1 0 0 0 0 0.985593 0.169137 -0.513628 0 -0.169137 0.985593 -0.00777 0 0 0 1 1 0 0 0 0 0.982084 0.188444 -0.513628 0 -0.188444 0.982084 -0.00777 0 0 0 1 1 0 0 0 0 0.970462 0.241254 -0.513628 0 -0.241254 0.970462 -0.00777 0 0 0 1 1 0 0 0 0 0.959707 0.281004 -0.513628 0 -0.281004 0.959707 -0.00777 0 0 0 1</float_array>
        <technique_common>
          <accessor source="#RightLeg_matrix_RightLeg_transform-output-array" count="56" stride="16">
            <param name="TRANSFORM" type="float4x4"/>
          </accessor>
        </technique_common>
      </source>
      <source id="RightLeg_matrix_RightLeg_transform-interpolations">
        <Name_array id="RightLeg_matrix_RightLeg_transform-interpolations-array" count="56">LINEAR LINEAR LINEAR LINEAR LINEAR LINEAR LINEAR LINEAR LINEAR LINEAR LINEAR LINEAR LINEAR LINEAR LINEAR LINEAR LINEAR LINEAR LINEAR LINEAR LINEAR LINEAR LINEAR LINEAR LINEAR LINEAR LINEAR LINEAR LINEAR LINEAR LINEAR LINEAR LINEAR LINEAR LINEAR LINEAR LINEAR LINEAR LINEAR LINEAR LINEAR LINEAR LINEAR LINEAR LINEAR LINEAR LINEAR LINEAR LINEAR LINEAR LINEAR LINEAR LINEAR LINEAR LINEAR LINEAR</Name_array>
        <technique_common>
          <accessor source="#RightLeg_matrix_RightLeg_transform-interpolations-array" count="56" stride="1">
            <param name="INTERPOLATION" type="Name"/>
          </accessor>
        </technique_common>
      </source>
      <sampler id="RightLeg_matrix_RightLeg_transform-sampler">
        <input semantic="INPUT" source="#RightLeg_matrix_RightLeg_transform-input"/>
        <input semantic="OUTPUT" source="#RightLeg_matrix_RightLeg_transform-output"/>
        <input semantic="INTERPOLATION" source="#RightLeg_matrix_RightLeg_transform-interpolations"/>
      </sampler>
      <channel source="#RightLeg_matrix_RightLeg_transform-sampler" target="RightLeg/transform"/>
    </animation>
    <animation id="RightFoot_matrix">
      <source id="RightFoot_matrix_RightFoot_transform-input">
        <float_array id="RightFoot_matrix_RightFoot_transform-input-array" count="56">0 0.041666 0.083333 0.125 0.166667 0.208333 0.25 0.291667 0.333333 0.375 0.416667 0.458333 0.5 0.541667 0.583333 0.625 0.666667 0.708333 0.75 0.791667 0.833333 0.875 0.916667 0.958333 1 1.04167 1.08333 1.125 1.16667 1.20833 1.25 1.29167 1.33333 1.375 1.41667 1.45833 1.5 1.54167 1.58333 1.625 1.66667 1.70833 1.75 1.79167 1.83333 1.875 1.91667 1.95833 2 2.04167 2.08333 2.125 2.16667 2.20833 2.25 2.29167</float_array>
        <technique_common>
          <accessor source="#RightFoot_matrix_RightFoot_transform-input-array" count="56" stride="1">
            <param name="TIME" type="float"/>
          </accessor>
        </technique_common>
        <technique profile="MAYA">
          <pre_infinity>CONSTANT</pre_infinity>
          <post_infinity>CONSTANT</post_infinity>
        </technique>
      </source>
      <source id="RightFoot_matrix_RightFoot_transform-output">
        <float_array id="RightFoot_matrix_RightFoot_transform-output-array" count="896">0.981019 -0.162391 -0.10598 0 -0.031802 0.404398 -0.91403 -0.395911 0.191288 0.900051 0.391557 0.012201 0 0 0 1 0.984367 -0.147624 -0.096069 0 -0.028196 0.40633 -0.913291 -0.395911 0.17386 0.901722 0.395815 0.012201 0 0 0 1 0.985841 -0.140858 -0.090975 0 -0.023511 0.421071 -0.906723 -0.395911 0.166026 0.896024 0.411797 0.012201 0 0 0 1 0.989695 -0.121122 -0.076377 0 -0.017416 0.427609 -0.903796 -0.395911 0.142129 0.895812 0.421093 0.012201 0 0 0 1 0.994387 -0.090029 -0.055587 0 -0.013715 0.41126 -0.911415 -0.395911 0.104915 0.907061 0.407717 0.012201 0 0 0 1 0.997319 -0.062009 -0.038851 0 -0.012358 0.380572 -0.924669 -0.395911 0.072123 0.92267 0.378786 0.012201 0 0 0 1 0.999073 -0.034455 -0.025823 0 -0.011831 0.356974 -0.934039 -0.395911 0.041401 0.933479 0.356235 0.012201 0 0 0 1 0.999697 -0.013374 -0.020667 0 -0.014466 0.360101 -0.932801 -0.395911 0.019918 0.932818 0.359798 0.012201 0 0 0 1 0.999781 0.004748 -0.02037 0 -0.020599 0.392525 -0.919511 -0.395911 0.003629 0.919729 0.392537 0.012201 0 0 0 1 0.9995 0.01585 -0.027359 0 -0.031543 0.439972 -0.897458 -0.395911 -0.002187 0.897872 0.440252 0.012201 0 0 0 1 0.998965 0.030542 -0.033704 0 -0.044251 0.481208 -0.875489 -0.395911 -0.01052 0.876074 0.482062 0.012201 0 0 0 1 0.997286 0.069524 -0.02421 0 -0.055311 0.490573 -0.869643 -0.395911 -0.048583 0.868622 0.493087 0.012201 0 0 0 1 0.994814 0.099516 -0.021012 0 -0.065988 0.474293 -0.877891 -0.395911 -0.077398 0.874724 0.4784 0.012201 0 0 0 1 0.994407 0.097474 -0.040665 0 -0.082397 0.475113 -0.876058 -0.395911 -0.066072 0.874509 0.480488 0.012201 0 0 0 1 0.993095 0.101946 -0.058051 0 -0.101376 0.496706 -0.861978 -0.395911 -0.05904 0.861911 0.503611 0.012201 0 0 0 1 0.990696 0.117729 -0.068276 0 -0.117973 0.492755 -0.862134 -0.395911 -0.067854 0.862167 0.502059 0.012201 0 0 0 1 0.986209 0.148044 -0.073996 0 -0.141389 0.521201 -0.84164 -0.395911 -0.086032 0.840495 0.534945 0.012201 0 0 0 1 0.983992 0.16257 -0.073008 0 -0.150056 0.534817 -0.831537 -0.395911 -0.096136 0.829182 0.55065 0.012201 0 0 0 1 0.982096 0.171069 -0.078888 0 -0.159811 0.534848 -0.829698 -0.395911 -0.099742 0.82745 0.55261 0.012201 0 0 0 1 0.981346 0.171397 -0.087086 0 -0.165268 0.52067 -0.837609 -0.395911 -0.09822 0.836377 0.539283 0.012201 0 0 0 1 0.983383 0.15077 -0.101127 0 -0.165374 0.514131 -0.841618 -0.395911 -0.074898 0.844356 0.530521 0.012201 0 0 0 1 0.986252 0.125953 -0.106968 0 -0.157881 0.527124 -0.834993 -0.395911 -0.048784 0.840402 0.539763 0.012201 0 0 0 1 0.989744 0.10391 -0.098031 0 -0.139042 0.543223 -0.827995 -0.395911 -0.032784 0.833134 0.552099 0.012201 0 0 0 1 0.992935 0.083904 -0.083908 0 -0.115802 0.530892 -0.83949 -0.395911 -0.025891 0.843276 0.536857 0.012201 0 0 0 1 0.995034 0.067772 -0.072897 0 -0.097017 0.496706 -0.86248 -0.395911 -0.022243 0.865269 0.500814 0.012201 0 0 0 1 0.995783 0.069106 -0.06034 0 -0.085651 0.464633 -0.881351 -0.395911 -0.032871 0.882803 0.468593 0.012201 0 0 0 1 0.99577 0.074296 -0.054058 0 -0.081754 0.447917 -0.89033 -0.395911 -0.041934 0.890983 0.452096 0.012201 0 0 0 1 0.995634 0.077514 -0.051998 0 -0.081635 0.453058 -0.887735 -0.395911 -0.045253 0.888105 0.457408 0.012201 0 0 0 1 0.995148 0.073019 -0.065939 0 -0.093129 0.482955 -0.870679 -0.395911 -0.03173 0.872595 0.487412 0.012201 0 0 0 1 0.994716 0.051405 -0.08887 0 -0.102646 0.515297 -0.850843 -0.395911 0.002057 0.855469 0.51785 0.012201 0 0 0 1 0.992388 0.046129 -0.114185 0 -0.120948 0.539662 -0.833149 -0.395911 0.023188 0.840617 0.541133 0.012201 0 0 0 1 0.987847 0.066032 -0.140707 0 -0.153712 0.54929 -0.821372 -0.395911 0.023052 0.833018 0.552765 0.012201 0 0 0 1 0.980515 0.090023 -0.174604 0 -0.195348 0.540622 -0.818271 -0.395911 0.020731 0.836435 0.547674 0.012201 0 0 0 1 0.979059 0.079362 -0.187469 0 -0.201261 0.515809 -0.832727 -0.395911 0.030611 0.85302 0.52098 0.012201 0 0 0 1 0.97946 0.04607 -0.196305 0 -0.192905 0.497521 -0.845731 -0.395911 0.058703 0.866228 0.496189 0.012201 0 0 0 1 0.977721 0.025535 -0.208351 0 -0.193302 0.496481 -0.846251 -0.395911 0.081833 0.867672 0.490356 0.012201 0 0 0 1 0.974998 0.00964 -0.222003 0 -0.196039 0.507722 -0.83892 -0.395911 0.104628 0.861467 0.496918 0.012201 0 0 0 1 0.971913 -0.029708 -0.233456 0 -0.181245 0.538281 -0.823045 -0.395911 0.150116 0.842242 0.517778 0.012201 0 0 0 1 0.967121 -0.092241 -0.237 0 -0.152404 0.535832 -0.830456 -0.395911 0.203595 0.839271 0.504156 0.012201 0 0 0 1 0.971071 -0.113472 -0.210108 0 -0.120991 0.524769 -0.842602 -0.395911 0.20587 0.843648 0.495859 0.012201 0 0 0 1 0.97701 -0.097994 -0.189337 0 -0.110646 0.526058 -0.84322 -0.395911 0.182233 0.844784 0.503122 0.012201 0 0 0 1 0.981402 -0.092004 -0.168478 0 -0.09681 0.520655 -0.848261 -0.395911 0.165763 0.848795 0.502065 0.012201 0 0 0 1 0.981532 -0.103567 -0.160839 0 -0.089124 0.496383 -0.863516 -0.395911 0.169269 0.861904 0.477986 0.012201 0 0 0 1 0.979574 -0.123952 -0.158337 0 -0.083982 0.463266 -0.882231 -0.395911 0.182706 0.877508 0.443393 0.012201 0 0 0 1 0.976345 -0.150331 -0.155406 0 -0.076121 0.433743 -0.897816 -0.395911 0.202375 0.888408 0.412039 0.012201 0 0 0 1 0.976587 -0.157224 -0.146825 0 -0.069774 0.414118 -0.907545 -0.395911 0.203491 0.896541 0.393453 0.012201 0 0 0 1 0.981083 -0.146821 -0.126175 0 -0.057907 0.399354 -0.914966 -0.395911 0.184725 0.904964 0.383297 0.012201 0 0 0 1 0.981763 -0.150776 -0.115796 0 -0.047606 0.39471 -0.917572 -0.395911 0.184054 0.90635 0.380333 0.012201 0 0 0 1 0.97934 -0.166838 -0.114272 0 -0.038034 0.403031 -0.914396 -0.395911 0.198612 0.89985 0.388359 0.012201 0 0 0 1 0.97625 -0.180776 -0.119397 0 -0.032684 0.421909 -0.906049 -0.395911 0.214166 0.888433 0.40598 0.012201 0 0 0 1 0.973193 -0.192633 -0.125647 0 -0.026513 0.448711 -0.893284 -0.395911 0.228455 0.872669 0.431575 0.012201 0 0 0 1 0.971357 -0.199536 -0.129036 0 -0.019631 0.473782 -0.880423 -0.395911 0.236811 0.857739 0.456295 0.012201 0 0 0 1 0.970743 -0.201641 -0.130378 0 -0.017661 0.48154 -0.876246 -0.395911 0.239469 0.852912 0.463891 0.012201 0 0 0 1 0.971214 -0.199927 -0.129512 0 -0.022694 0.463559 -0.885775 -0.395911 0.237127 0.863216 0.445678 0.012201 0 0 0 1 0.974597 -0.187747 -0.122114 0 -0.030123 0.430393 -0.902139 -0.395911 0.221931 0.8829 0.413804 0.012201 0 0 0 1 0.979964 -0.166812 -0.10883 0 -0.031962 0.407618 -0.912593 -0.395911 0.196593 0.897787 0.39412 0.012201 0 0 0 1</float_array>
        <technique_common>
          <accessor source="#RightFoot_matrix_RightFoot_transform-output-array" count="56" stride="16">
            <param name="TRANSFORM" type="float4x4"/>
          </accessor>
        </technique_common>
      </source>
      <source id="RightFoot_matrix_RightFoot_transform-interpolations">
        <Name_array id="RightFoot_matrix_RightFoot_transform-interpolations-array" count="56">LINEAR LINEAR LINEAR LINEAR LINEAR LINEAR LINEAR LINEAR LINEAR LINEAR LINEAR LINEAR LINEAR LINEAR LINEAR LINEAR LINEAR LINEAR LINEAR LINEAR LINEAR LINEAR LINEAR LINEAR LINEAR LINEAR LINEAR LINEAR LINEAR LINEAR LINEAR LINEAR LINEAR LINEAR LINEAR LINEAR LINEAR LINEAR LINEAR LINEAR LINEAR LINEAR LINEAR LINEAR LINEAR LINEAR LINEAR LINEAR LINEAR LINEAR LINEAR LINEAR LINEAR LINEAR LINEAR LINEAR</Name_array>
        <technique_common>
          <accessor source="#RightFoot_matrix_RightFoot_transform-interpolations-array" count="56" stride="1">
            <param name="INTERPOLATION" type="Name"/>
          </accessor>
        </technique_common>
      </source>
      <sampler id="RightFoot_matrix_RightFoot_transform-sampler">
        <input semantic="INPUT" source="#RightFoot_matrix_RightFoot_transform-input"/>
        <input semantic="OUTPUT" source="#RightFoot_matrix_RightFoot_transform-output"/>
        <input semantic="INTERPOLATION" source="#RightFoot_matrix_RightFoot_transform-interpolations"/>
      </sampler>
      <channel source="#RightFoot_matrix_RightFoot_transform-sampler" target="RightFoot/transform"/>
    </animation>
    <animation id="RightToes_matrix">
      <source id="RightToes_matrix_RightToes_transform-input">
        <float_array id="RightToes_matrix_RightToes_transform-input-array" count="56">0 0.041666 0.083333 0.125 0.166667 0.208333 0.25 0.291667 0.333333 0.375 0.416667 0.458333 0.5 0.541667 0.583333 0.625 0.666667 0.708333 0.75 0.791667 0.833333 0.875 0.916667 0.958333 1 1.04167 1.08333 1.125 1.16667 1.20833 1.25 1.29167 1.33333 1.375 1.41667 1.45833 1.5 1.54167 1.58333 1.625 1.66667 1.70833 1.75 1.79167 1.83333 1.875 1.91667 1.95833 2 2.04167 2.08333 2.125 2.16667 2.20833 2.25 2.29167</float_array>
        <technique_common>
          <accessor source="#RightToes_matrix_RightToes_transform-input-array" count="56" stride="1">
            <param name="TIME" type="float"/>
          </accessor>
        </technique_common>
        <technique profile="MAYA">
          <pre_infinity>CONSTANT</pre_infinity>
          <post_infinity>CONSTANT</post_infinity>
        </technique>
      </source>
      <source id="RightToes_matrix_RightToes_transform-output">
        <float_array id="RightToes_matrix_RightToes_transform-output-array" count="896">1 0 0 0 0 0.778296 -0.627898 -0.153519 0 0.627898 0.778296 0 0 0 0 1 1 0 0 0 0 0.778159 -0.628067 -0.153519 0 0.628067 0.778159 0 0 0 0 1 1 0 0 0 0 0.778013 -0.628248 -0.153519 0 0.628248 0.778013 0 0 0 0 1 1 0 0 0 0 0.777858 -0.628441 -0.153519 0 0.628441 0.777858 0 0 0 0 1 1 0 0 0 0 0.777693 -0.628644 -0.153519 0 0.628644 0.777693 0 0 0 0 1 1 0 0 0 0 0.777521 -0.628857 -0.153519 0 0.628857 0.777521 0 0 0 0 1 1 0 0 0 0 0.777339 -0.629082 -0.153519 0 0.629082 0.777339 0 0 0 0 1 1 0 0 0 0 0.777149 -0.629316 -0.153519 0 0.629316 0.777149 0 0 0 0 1 1 0 0 0 0 0.776951 -0.629561 -0.153519 0 0.629561 0.776951 0 0 0 0 1 1 0 0 0 0 0.776744 -0.629816 -0.153519 0 0.629816 0.776744 0 0 0 0 1 1 0 0 0 0 0.77653 -0.63008 -0.153519 0 0.63008 0.77653 0 0 0 0 1 1 0 0 0 0 0.776308 -0.630354 -0.153519 0 0.630354 0.776308 0 0 0 0 1 1 0 0 0 0 0.776078 -0.630637 -0.153519 0 0.630637 0.776078 0 0 0 0 1 1 0 0 0 0 0.77584 -0.63093 -0.153519 0 0.63093 0.77584 0 0 0 0 1 1 0 0 0 0 0.775686 -0.631119 -0.153519 0 0.631119 0.775686 0 0 0 0 1 1 0 0 0 0 0.774493 -0.632583 -0.153519 0 0.632583 0.774493 0 0 0 0 1 1 0 0 0 0 0.76906 -0.639177 -0.153519 0 0.639177 0.76906 0 0 0 0 1 1 0 0 0 0 0.743578 -0.668649 -0.153519 0 0.668649 0.743578 0 0 0 0 1 1 0 0 0 0 0.734641 -0.678456 -0.153519 0 0.678456 0.734641 0 0 0 0 1 1 0 0 0 0 0.755598 -0.655036 -0.153519 0 0.655036 0.755598 0 0 0 0 1 1 0 0 0 0 0.759768 -0.650194 -0.153519 0 0.650194 0.759768 0 0 0 0 1 1 0 0 0 0 0.745399 -0.666618 -0.153519 0 0.666618 0.745399 0 0 0 0 1 1 0 0 0 0 0.712315 -0.70186 -0.153519 0 0.70186 0.712315 0 0 0 0 1 1 0 0 0 0 0.717356 -0.696706 -0.153519 0 0.696706 0.717356 0 0 0 0 1 1 0 0 0 0 0.750177 -0.661238 -0.153519 0 0.661238 0.750177 0 0 0 0 1 1 0 0 0 0 0.764088 -0.645113 -0.153519 0 0.645113 0.764088 0 0 0 0 1 1 0 0 0 0 0.766415 -0.642346 -0.153519 0 0.642346 0.766415 0 0 0 0 1 1 0 0 0 0 0.76606 -0.642769 -0.153519 0 0.642769 0.76606 0 0 0 0 1 1 0 0 0 0 0.762167 -0.647381 -0.153519 0 0.647381 0.762167 0 0 0 0 1 1 0 0 0 0 0.749075 -0.662485 -0.153519 0 0.662485 0.749075 0 0 0 0 1 1 0 0 0 0 0.720731 -0.693215 -0.153519 0 0.693215 0.720731 0 0 0 0 1 1 0 0 0 0 0.698185 -0.715917 -0.153519 0 0.715917 0.698185 0 0 0 0 1 1 0 0 0 0 0.701549 -0.712622 -0.153519 0 0.712622 0.701549 0 0 0 0 1 1 0 0 0 0 0.73736 -0.6755 -0.153519 0 0.6755 0.73736 0 0 0 0 1 1 0 0 0 0 0.767499 -0.64105 -0.153519 0 0.64105 0.767499 0 0 0 0 1 1 0 0 0 0 0.774922 -0.632057 -0.153519 0 0.632057 0.774922 0 0 0 0 1 1 0 0 0 0 0.765772 -0.643112 -0.153519 0 0.643112 0.765772 0 0 0 0 1 1 0 0 0 0 0.736928 -0.675972 -0.153519 0 0.675972 0.736928 0 0 0 0 1 1 0 0 0 0 0.754656 -0.65612 -0.153519 0 0.65612 0.754656 0 0 0 0 1 1 0 0 0 0 0.775812 -0.630965 -0.153519 0 0.630965 0.775812 0 0 0 0 1 1 0 0 0 0 0.775416 -0.631451 -0.153519 0 0.631451 0.775416 0 0 0 0 1 1 0 0 0 0 0.775936 -0.630811 -0.153519 0 0.630811 0.775936 0 0 0 0 1 1 0 0 0 0 0.780183 -0.625551 -0.153519 0 0.625551 0.780183 0 0 0 0 1 1 0 0 0 0 0.781675 -0.623686 -0.153519 0 0.623686 0.781675 0 0 0 0 1 1 0 0 0 0 0.782526 -0.622618 -0.153519 0 0.622618 0.782526 0 0 0 0 1 1 0 0 0 0 0.781045 -0.624475 -0.153519 0 0.624475 0.781045 0 0 0 0 1 1 0 0 0 0 0.780952 -0.624591 -0.153519 0 0.624591 0.780952 0 0 0 0 1 1 0 0 0 0 0.780779 -0.624807 -0.153519 0 0.624807 0.780779 0 0 0 0 1 1 0 0 0 0 0.779446 -0.62647 -0.153519 0 0.62647 0.779446 0 0 0 0 1 1 0 0 0 0 0.779214 -0.626758 -0.153519 0 0.626758 0.779214 0 0 0 0 1 1 0 0 0 0 0.779326 -0.626619 -0.153519 0 0.626619 0.779326 0 0 0 0 1 1 0 0 0 0 0.779165 -0.626819 -0.153519 0 0.626819 0.779165 0 0 0 0 1 1 0 0 0 0 0.779171 -0.626811 -0.153519 0 0.626811 0.779171 0 0 0 0 1 1 0 0 0 0 0.779114 -0.626883 -0.153519 0 0.626883 0.779114 0 0 0 0 1 1 0 0 0 0 0.778791 -0.627283 -0.153519 0 0.627283 0.778791 0 0 0 0 1 1 0 0 0 0 0.778377 -0.627797 -0.153519 0 0.627797 0.778377 0 0 0 0 1</float_array>
        <technique_common>
          <accessor source="#RightToes_matrix_RightToes_transform-output-array" count="56" stride="16">
            <param name="TRANSFORM" type="float4x4"/>
          </accessor>
        </technique_common>
      </source>
      <source id="RightToes_matrix_RightToes_transform-interpolations">
        <Name_array id="RightToes_matrix_RightToes_transform-interpolations-array" count="56">LINEAR LINEAR LINEAR LINEAR LINEAR LINEAR LINEAR LINEAR LINEAR LINEAR LINEAR LINEAR LINEAR LINEAR LINEAR LINEAR LINEAR LINEAR LINEAR LINEAR LINEAR LINEAR LINEAR LINEAR LINEAR LINEAR LINEAR LINEAR LINEAR LINEAR LINEAR LINEAR LINEAR LINEAR LINEAR LINEAR LINEAR LINEAR LINEAR LINEAR LINEAR LINEAR LINEAR LINEAR LINEAR LINEAR LINEAR LINEAR LINEAR LINEAR LINEAR LINEAR LINEAR LINEAR LINEAR LINEAR</Name_array>
        <technique_common>
          <accessor source="#RightToes_matrix_RightToes_transform-interpolations-array" count="56" stride="1">
            <param name="INTERPOLATION" type="Name"/>
          </accessor>
        </technique_common>
      </source>
      <sampler id="RightToes_matrix_RightToes_transform-sampler">
        <input semantic="INPUT" source="#RightToes_matrix_RightToes_transform-input"/>
        <input semantic="OUTPUT" source="#RightToes_matrix_RightToes_transform-output"/>
        <input semantic="INTERPOLATION" source="#RightToes_matrix_RightToes_transform-interpolations"/>
      </sampler>
      <channel source="#RightToes_matrix_RightToes_transform-sampler" target="RightToes/transform"/>
    </animation>
    <animation id="Spine_matrix">
      <source id="Spine_matrix_Spine_transform-input">
        <float_array id="Spine_matrix_Spine_transform-input-array" count="56">0 0.041666 0.083333 0.125 0.166667 0.208333 0.25 0.291667 0.333333 0.375 0.416667 0.458333 0.5 0.541667 0.583333 0.625 0.666667 0.708333 0.75 0.791667 0.833333 0.875 0.916667 0.958333 1 1.04167 1.08333 1.125 1.16667 1.20833 1.25 1.29167 1.33333 1.375 1.41667 1.45833 1.5 1.54167 1.58333 1.625 1.66667 1.70833 1.75 1.79167 1.83333 1.875 1.91667 1.95833 2 2.04167 2.08333 2.125 2.16667 2.20833 2.25 2.29167</float_array>
        <technique_common>
          <accessor source="#Spine_matrix_Spine_transform-input-array" count="56" stride="1">
            <param name="TIME" type="float"/>
          </accessor>
        </technique_common>
        <technique profile="MAYA">
          <pre_infinity>CONSTANT</pre_infinity>
          <post_infinity>CONSTANT</post_infinity>
        </technique>
      </source>
      <source id="Spine_matrix_Spine_transform-output">
        <float_array id="Spine_matrix_Spine_transform-output-array" count="896">0.999063 -0.042095 0.010024 0 0.041801 0.998735 0.027947 0.070051 -0.011188 -0.027502 0.999559 -0.000217 0 0 0 1 0.999057 -0.042408 0.009307 0 0.042148 0.99876 0.026497 0.070051 -0.010419 -0.02608 0.999606 -0.000217 0 0 0 1 0.999138 -0.041242 0.00468 0 0.041117 0.99886 0.02425 0.070051 -0.005675 -0.024037 0.999695 -0.000217 0 0 0 1 0.999083 -0.042784 0.001738 0 0.042742 0.998897 0.019427 0.070051 -0.002568 -0.019335 0.99981 -0.000217 0 0 0 1 0.998912 -0.046625 0.000714 0 0.046614 0.998845 0.011677 0.070051 -0.001258 -0.011631 0.999932 -0.000217 0 0 0 1 0.998856 -0.047802 -0.001456 0 0.047807 0.998852 0.00312 0.070051 0.001305 -0.003187 0.999994 -0.000217 0 0 0 1 0.998732 -0.050024 -0.005639 0 0.050009 0.998745 -0.002855 0.070051 0.005775 0.002569 0.99998 -0.000217 0 0 0 1 0.998671 -0.050745 -0.009039 0 0.050713 0.998707 -0.003654 0.070051 0.009212 0.00319 0.999952 -0.000217 0 0 0 1 0.998798 -0.047836 -0.010731 0 0.04783 0.998855 -0.000847 0.070051 0.010759 0.000333 0.999942 -0.000217 0 0 0 1 0.998918 -0.044568 -0.013299 0 0.044639 0.99899 0.005054 0.070051 0.013061 -0.005642 0.999899 -0.000217 0 0 0 1 0.999003 -0.042122 -0.014761 0 0.042297 0.999037 0.011698 0.070051 0.014254 -0.012311 0.999823 -0.000217 0 0 0 1 0.999066 -0.039518 -0.017496 0 0.039793 0.999085 0.015664 0.070051 0.016861 -0.016346 0.999724 -0.000217 0 0 0 1 0.999135 -0.035085 -0.022327 0 0.035439 0.999249 0.01565 0.070051 0.021761 -0.016428 0.999628 -0.000217 0 0 0 1 0.999287 -0.027473 -0.02588 0 0.027812 0.999531 0.012834 0.070051 0.025516 -0.013545 0.999583 -0.000217 0 0 0 1 0.99942 -0.019697 -0.027785 0 0.020116 0.999687 0.014883 0.070051 0.027483 -0.015434 0.999503 -0.000217 0 0 0 1 0.999506 -0.012171 -0.028975 0 0.012668 0.999775 0.017024 0.070051 0.028761 -0.017383 0.999435 -0.000217 0 0 0 1 0.999575 0.000622 -0.029133 0 -0.000191 0.99989 0.014801 0.070051 0.029139 -0.014789 0.999466 -0.000217 0 0 0 1 0.999357 0.017124 -0.031496 0 -0.016808 0.999806 0.010262 0.070051 0.031666 -0.009725 0.999451 -0.000217 0 0 0 1 0.998839 0.03087 -0.036979 0 -0.030611 0.999503 0.007556 0.070051 0.037194 -0.006415 0.999287 -0.000217 0 0 0 1 0.998457 0.036215 -0.042084 0 -0.03592 0.999325 0.007753 0.070051 0.042337 -0.006229 0.999084 -0.000217 0 0 0 1 0.99831 0.036386 -0.045307 0 -0.035937 0.999297 0.01068 0.070051 0.045663 -0.009034 0.998916 -0.000217 0 0 0 1 0.998339 0.033671 -0.046754 0 -0.032863 0.999299 0.017938 0.070051 0.047326 -0.016371 0.998745 -0.000217 0 0 0 1 0.998426 0.029975 -0.047403 0 -0.028686 0.999206 0.02763 0.070051 0.048193 -0.026227 0.998494 -0.000217 0 0 0 1 0.998417 0.027828 -0.048875 0 -0.026047 0.998986 0.036709 0.070051 0.049847 -0.035378 0.99813 -0.000217 0 0 0 1 0.998417 0.027036 -0.049315 0 -0.025063 0.998877 0.040205 0.070051 0.050346 -0.038905 0.997974 -0.000217 0 0 0 1 0.998635 0.024713 -0.04602 0 -0.022959 0.999004 0.038259 0.070051 0.046919 -0.03715 0.998208 -0.000217 0 0 0 1 0.998811 0.019909 -0.044502 0 -0.018425 0.999268 0.033524 0.070051 0.045137 -0.032664 0.998447 -0.000217 0 0 0 1 0.998762 0.017933 -0.046407 0 -0.016378 0.999299 0.033667 0.070051 0.046978 -0.032866 0.998355 -0.000217 0 0 0 1 0.998861 0.016005 -0.044955 0 -0.01445 0.999293 0.0347 0.070051 0.045479 -0.034011 0.998386 -0.000217 0 0 0 1 0.999093 0.01313 -0.0405 0 -0.011797 0.999387 0.032975 0.070051 0.040908 -0.032468 0.998635 -0.000217 0 0 0 1 0.999199 0.0148 -0.037172 0 -0.013733 0.99949 0.028818 0.070051 0.037579 -0.028285 0.998893 -0.000217 0 0 0 1 0.999194 0.019835 -0.034896 0 -0.01915 0.99962 0.019836 0.070051 0.035276 -0.019152 0.999194 -0.000217 0 0 0 1 0.999121 0.025778 -0.033059 0 -0.025557 0.999648 0.007085 0.070051 0.03323 -0.006234 0.999428 -0.000217 0 0 0 1 0.999076 0.029407 -0.031356 0 -0.02953 0.999558 -0.003486 0.070051 0.03124 0.004408 0.999502 -0.000217 0 0 0 1 0.999214 0.027613 -0.028455 0 -0.027877 0.999572 -0.008897 0.070051 0.028197 0.009684 0.999555 -0.000217 0 0 0 1 0.999464 0.022116 -0.024155 0 -0.022341 0.999709 -0.009083 0.070051 0.023947 0.009618 0.999667 -0.000217 0 0 0 1 0.999668 0.015585 -0.02053 0 -0.015712 0.999858 -0.006032 0.070051 0.020433 0.006353 0.999771 -0.000217 0 0 0 1 0.999793 0.008834 -0.018309 0 -0.008859 0.99996 -0.001286 0.070051 0.018297 0.001448 0.999832 -0.000217 0 0 0 1 0.999863 0.004256 -0.01601 0 -0.004206 0.999986 0.003169 0.070051 0.016023 -0.003102 0.999867 -0.000217 0 0 0 1 0.999933 -0.001421 -0.011486 0 0.001483 0.999984 0.005467 0.070051 0.011478 -0.005484 0.999919 -0.000217 0 0 0 1 0.999921 -0.011888 -0.004099 0 0.011913 0.999909 0.006279 0.070051 0.004024 -0.006327 0.999972 -0.000217 0 0 0 1 0.999775 -0.021187 0.0008 0 0.021181 0.999755 0.006351 0.070051 -0.000935 -0.006333 0.999979 -0.000217 0 0 0 1 0.999601 -0.028189 0.001969 0 0.02818 0.999591 0.004777 0.070051 -0.002103 -0.00472 0.999987 -0.000217 0 0 0 1 0.999273 -0.038016 0.002879 0 0.038011 0.999276 0.00184 0.070051 -0.002947 -0.001729 0.999994 -0.000217 0 0 0 1 0.998742 -0.049786 0.005906 0 0.049801 0.998756 -0.002341 0.070051 -0.005782 0.002632 0.99998 -0.000217 0 0 0 1 0.998286 -0.057646 0.010133 0 0.0577 0.998321 -0.005086 0.070051 -0.009823 0.005662 0.999936 -0.000217 0 0 0 1 0.998102 -0.060514 0.011457 0 0.060579 0.998148 -0.005483 0.070051 -0.011104 0.006167 0.999919 -0.000217 0 0 0 1 0.998093 -0.060654 0.011453 0 0.060703 0.998148 -0.003942 0.070051 -0.011192 0.00463 0.999927 -0.000217 0 0 0 1 0.998132 -0.06001 0.01149 0 0.060006 0.998198 0.000667 0.070051 -0.011509 0.000022 0.999934 -0.000217 0 0 0 1 0.998232 -0.058311 0.011544 0 0.058218 0.99827 0.008235 0.070051 -0.012004 -0.007548 0.999899 -0.000217 0 0 0 1 0.998413 -0.055094 0.011625 0 0.054891 0.998346 0.017114 0.070051 -0.012548 -0.016448 0.999786 -0.000217 0 0 0 1 0.998621 -0.051135 0.011855 0 0.050801 0.998346 0.02692 0.070051 -0.013212 -0.026281 0.999567 -0.000217 0 0 0 1 0.9988 -0.047679 0.011191 0 0.047264 0.998278 0.034752 0.070051 -0.012829 -0.034181 0.999333 -0.000217 0 0 0 1 0.998941 -0.044941 0.009818 0 0.044547 0.998313 0.037249 0.070051 -0.011475 -0.036772 0.999258 -0.000217 0 0 0 1 0.999083 -0.042038 0.008163 0 0.041746 0.99858 0.033081 0.070051 -0.009542 -0.03271 0.999419 -0.000217 0 0 0 1 0.999079 -0.041849 0.009473 0 0.041562 0.998726 0.02863 0.070051 -0.010659 -0.02821 0.999545 -0.000217 0 0 0 1</float_array>
        <technique_common>
          <accessor source="#Spine_matrix_Spine_transform-output-array" count="56" stride="16">
            <param name="TRANSFORM" type="float4x4"/>
          </accessor>
        </technique_common>
      </source>
      <source id="Spine_matrix_Spine_transform-interpolations">
        <Name_array id="Spine_matrix_Spine_transform-interpolations-array" count="56">LINEAR LINEAR LINEAR LINEAR LINEAR LINEAR LINEAR LINEAR LINEAR LINEAR LINEAR LINEAR LINEAR LINEAR LINEAR LINEAR LINEAR LINEAR LINEAR LINEAR LINEAR LINEAR LINEAR LINEAR LINEAR LINEAR LINEAR LINEAR LINEAR LINEAR LINEAR LINEAR LINEAR LINEAR LINEAR LINEAR LINEAR LINEAR LINEAR LINEAR LINEAR LINEAR LINEAR LINEAR LINEAR LINEAR LINEAR LINEAR LINEAR LINEAR LINEAR LINEAR LINEAR LINEAR LINEAR LINEAR</Name_array>
        <technique_common>
          <accessor source="#Spine_matrix_Spine_transform-interpolations-array" count="56" stride="1">
            <param name="INTERPOLATION" type="Name"/>
          </accessor>
        </technique_common>
      </source>
      <sampler id="Spine_matrix_Spine_transform-sampler">
        <input semantic="INPUT" source="#Spine_matrix_Spine_transform-input"/>
        <input semantic="OUTPUT" source="#Spine_matrix_Spine_transform-output"/>
        <input semantic="INTERPOLATION" source="#Spine_matrix_Spine_transform-interpolations"/>
      </sampler>
      <channel source="#Spine_matrix_Spine_transform-sampler" target="Spine/transform"/>
    </animation>
    <animation id="Spine1_matrix">
      <source id="Spine1_matrix_Spine1_transform-input">
        <float_array id="Spine1_matrix_Spine1_transform-input-array" count="56">0 0.041666 0.083333 0.125 0.166667 0.208333 0.25 0.291667 0.333333 0.375 0.416667 0.458333 0.5 0.541667 0.583333 0.625 0.666667 0.708333 0.75 0.791667 0.833333 0.875 0.916667 0.958333 1 1.04167 1.08333 1.125 1.16667 1.20833 1.25 1.29167 1.33333 1.375 1.41667 1.45833 1.5 1.54167 1.58333 1.625 1.66667 1.70833 1.75 1.79167 1.83333 1.875 1.91667 1.95833 2 2.04167 2.08333 2.125 2.16667 2.20833 2.25 2.29167</float_array>
        <technique_common>
          <accessor source="#Spine1_matrix_Spine1_transform-input-array" count="56" stride="1">
            <param name="TIME" type="float"/>
          </accessor>
        </technique_common>
        <technique profile="MAYA">
          <pre_infinity>CONSTANT</pre_infinity>
          <post_infinity>CONSTANT</post_infinity>
        </technique>
      </source>
      <source id="Spine1_matrix_Spine1_transform-output">
        <float_array id="Spine1_matrix_Spine1_transform-output-array" count="896">0.999065 -0.041894 0.010656 0 0.041981 0.999086 -0.008075 0.077503 -0.010308 0.008515 0.999911 0 0 0 0 1 0.999061 -0.042177 0.009919 0 0.042271 0.999061 -0.009521 0.077503 -0.009508 0.009931 0.999905 0 0 0 0 1 0.999148 -0.040925 0.005313 0 0.040985 0.999091 -0.011759 0.077503 -0.004827 0.011967 0.999917 0 0 0 0 1 0.999101 -0.042335 0.00236 0 0.042369 0.998965 -0.01657 0.077503 -0.001656 0.016655 0.99986 0 0 0 0 1 0.998939 -0.046027 0.001258 0 0.046044 0.998644 -0.024309 0.077503 -0.000137 0.024341 0.999704 0 0 0 0 1 0.998889 -0.047108 -0.001028 0 0.047049 0.998352 -0.032855 0.077503 0.002575 0.03277 0.99946 0 0 0 0 1 0.99877 -0.049301 -0.00529 0 0.049059 0.998041 -0.03882 0.077503 0.007193 0.038513 0.999232 0 0 0 0 1 0.998706 -0.050089 -0.008771 0 0.049704 0.997978 -0.039617 0.077503 0.010738 0.03913 0.999176 0 0 0 0 1 0.998824 -0.047324 -0.010567 0 0.046906 0.998221 -0.036816 0.077503 0.01229 0.036277 0.999266 0 0 0 0 1 0.998935 -0.044193 -0.013231 0 0.043767 0.998563 -0.030921 0.077503 0.014579 0.030309 0.999434 0 0 0 0 1 0.999014 -0.04183 -0.014855 0 0.041461 0.998845 -0.024285 0.077503 0.015854 0.023645 0.999595 0 0 0 0 1 0.99907 -0.039272 -0.017797 0 0.038908 0.999036 -0.020326 0.077503 0.018578 0.019615 0.999635 0 0 0 0 1 0.999133 -0.034863 -0.022772 0 0.034402 0.999201 -0.020339 0.077503 0.023463 0.019538 0.999534 0 0 0 0 1 0.999278 -0.027267 -0.026449 0 0.026657 0.999377 -0.023145 0.077503 0.027063 0.022424 0.999382 0 0 0 0 1 0.999403 -0.019525 -0.028507 0 0.018928 0.999599 -0.021084 0.077503 0.028908 0.020531 0.999371 0 0 0 0 1 0.999481 -0.012045 -0.029879 0 0.011482 0.999755 -0.018929 0.077503 0.0301 0.018576 0.999374 0 0 0 0 1 0.999542 0.000652 -0.030254 0 -0.001292 0.999776 -0.021137 0.077503 0.030233 0.021167 0.999319 0 0 0 0 1 0.999317 0.016986 -0.032825 0 -0.017832 0.999512 -0.025664 0.077503 0.032373 0.026231 0.999132 0 0 0 0 1 0.998794 0.030566 -0.038415 0 -0.031666 0.999096 -0.028359 0.077503 0.037513 0.029542 0.998859 0 0 0 0 1 0.998411 0.035827 -0.043501 0 -0.037072 0.998916 -0.028161 0.077503 0.042445 0.029729 0.998656 0 0 0 0 1 0.998262 0.035983 -0.046662 0 -0.037189 0.998989 -0.025241 0.077503 0.045707 0.026932 0.998592 0 0 0 0 1 0.998289 0.033318 -0.048053 0 -0.034216 0.999252 -0.017996 0.077503 0.047417 0.01961 0.998683 0 0 0 0 1 0.998375 0.02973 -0.048625 0 -0.030169 0.99951 -0.008319 0.077503 0.048354 0.009773 0.998782 0 0 0 0 1 0.998364 0.027712 -0.050013 0 -0.02771 0.999616 0.000747 0.077503 0.050014 0.000639 0.998748 0 0 0 0 1 0.998364 0.027 -0.050402 0 -0.026821 0.999631 0.004226 0.077503 0.050498 -0.002867 0.99872 0 0 0 0 1 0.998583 0.024702 -0.047125 0 -0.024623 0.999694 0.002252 0.077503 0.047166 -0.001088 0.998886 0 0 0 0 1 0.99876 0.019934 -0.045619 0 -0.020068 0.999795 -0.002499 0.077503 0.04556 0.003411 0.998956 0 0 0 0 1 0.99871 0.017967 -0.04749 0 -0.018099 0.999833 -0.002351 0.077503 0.04744 0.003208 0.998869 0 0 0 0 1 0.998814 0.01603 -0.045982 0 -0.016107 0.999869 -0.001311 0.077503 0.045955 0.00205 0.998941 0 0 0 0 1 0.999053 0.013147 -0.041475 0 -0.013283 0.999907 -0.003027 0.077503 0.041431 0.003575 0.999135 0 0 0 0 1 0.999165 0.014754 -0.03811 0 -0.015037 0.999861 -0.00717 0.077503 0.037999 0.007737 0.999248 0 0 0 0 1 0.999165 0.019668 -0.035813 0 -0.020256 0.999665 -0.016135 0.077503 0.035483 0.016847 0.999228 0 0 0 0 1 0.999099 0.025474 -0.033931 0 -0.026457 0.999233 -0.028868 0.077503 0.033169 0.02974 0.999007 0 0 0 0 1 0.999062 0.029006 -0.032144 0 -0.030265 0.998764 -0.039422 0.077503 0.03096 0.040358 0.998705 0 0 0 0 1 0.999205 0.027198 -0.029153 0 -0.028489 0.998589 -0.044822 0.077503 0.027893 0.045617 0.998569 0 0 0 0 1 0.999456 0.021755 -0.024771 0 -0.022855 0.998725 -0.045005 0.077503 0.02376 0.045547 0.99868 0 0 0 0 1 0.999661 0.015332 -0.021038 0 -0.016205 0.998988 -0.041958 0.077503 0.020373 0.042285 0.998898 0 0 0 0 1 0.999788 0.00872 -0.018649 0 -0.009409 0.999263 -0.037218 0.077503 0.018311 0.037385 0.999133 0 0 0 0 1 0.999861 0.00424 -0.016101 0 -0.004766 0.999452 -0.03277 0.077503 0.015953 0.032843 0.999333 0 0 0 0 1 0.999934 -0.001372 -0.011368 0 0.001025 0.999535 -0.03048 0.077503 0.011405 0.030466 0.999471 0 0 0 0 1 0.999923 -0.011782 -0.003839 0 0.011663 0.999492 -0.02967 0.077503 0.004186 0.029623 0.999552 0 0 0 0 1 0.999778 -0.021035 0.001216 0 0.021062 0.99934 -0.029591 0.077503 -0.000593 0.02961 0.999561 0 0 0 0 1 0.999605 -0.027982 0.002616 0 0.02805 0.999121 -0.031152 0.077503 -0.001742 0.031213 0.999511 0 0 0 0 1 0.999282 -0.037695 0.003798 0 0.037803 0.998704 -0.034077 0.077503 -0.002509 0.034196 0.999412 0 0 0 0 1 0.998758 -0.049324 0.00703 0 0.049558 0.998038 -0.03825 0.077503 -0.005129 0.038551 0.999243 0 0 0 0 1 0.998305 -0.057087 0.011339 0 0.057507 0.997503 -0.040991 0.077503 -0.008971 0.041573 0.999095 0 0 0 0 1 0.998124 -0.0599 0.012686 0 0.060378 0.997317 -0.041387 0.077503 -0.010172 0.042075 0.999063 0 0 0 0 1 0.998119 -0.06001 0.012508 0 0.060465 0.997374 -0.03986 0.077503 -0.010083 0.040542 0.999127 0 0 0 0 1 0.998158 -0.059366 0.01252 0 0.059774 0.997589 -0.03526 0.077503 -0.010397 0.035943 0.9993 0 0 0 0 1 0.998255 -0.057705 0.012566 0 0.058035 0.99793 -0.027705 0.077503 -0.010942 0.028386 0.999537 0 0 0 0 1 0.99843 -0.054558 0.012657 0 0.054791 0.99832 -0.018839 0.077503 -0.011608 0.019503 0.999742 0 0 0 0 1 0.998633 -0.050685 0.012809 0 0.050803 0.998668 -0.009049 0.077503 -0.012334 0.009687 0.999877 0 0 0 0 1 0.998807 -0.04732 0.012088 0 0.047339 0.998878 -0.001232 0.077503 -0.012016 0.001803 0.999926 0 0 0 0 1 0.998946 -0.04466 0.010642 0 0.04465 0.999002 0.001247 0.077503 -0.010687 -0.000771 0.999943 0 0 0 0 1 0.999085 -0.04182 0.008906 0 0.041847 0.99912 -0.002936 0.077503 -0.008775 0.003306 0.999956 0 0 0 0 1 0.999081 -0.041648 0.010124 0 0.041724 0.999102 -0.007392 0.077503 -0.009807 0.007808 0.999921 0 0 0 0 1</float_array>
        <technique_common>
          <accessor source="#Spine1_matrix_Spine1_transform-output-array" count="56" stride="16">
            <param name="TRANSFORM" type="float4x4"/>
          </accessor>
        </technique_common>
      </source>
      <source id="Spine1_matrix_Spine1_transform-interpolations">
        <Name_array id="Spine1_matrix_Spine1_transform-interpolations-array" count="56">LINEAR LINEAR LINEAR LINEAR LINEAR LINEAR LINEAR LINEAR LINEAR LINEAR LINEAR LINEAR LINEAR LINEAR LINEAR LINEAR LINEAR LINEAR LINEAR LINEAR LINEAR LINEAR LINEAR LINEAR LINEAR LINEAR LINEAR LINEAR LINEAR LINEAR LINEAR LINEAR LINEAR LINEAR LINEAR LINEAR LINEAR LINEAR LINEAR LINEAR LINEAR LINEAR LINEAR LINEAR LINEAR LINEAR LINEAR LINEAR LINEAR LINEAR LINEAR LINEAR LINEAR LINEAR LINEAR LINEAR</Name_array>
        <technique_common>
          <accessor source="#Spine1_matrix_Spine1_transform-interpolations-array" count="56" stride="1">
            <param name="INTERPOLATION" type="Name"/>
          </accessor>
        </technique_common>
      </source>
      <sampler id="Spine1_matrix_Spine1_transform-sampler">
        <input semantic="INPUT" source="#Spine1_matrix_Spine1_transform-input"/>
        <input semantic="OUTPUT" source="#Spine1_matrix_Spine1_transform-output"/>
        <input semantic="INTERPOLATION" source="#Spine1_matrix_Spine1_transform-interpolations"/>
      </sampler>
      <channel source="#Spine1_matrix_Spine1_transform-sampler" target="Spine1/transform"/>
    </animation>
    <animation id="Spine2_matrix">
      <source id="Spine2_matrix_Spine2_transform-input">
        <float_array id="Spine2_matrix_Spine2_transform-input-array" count="56">0 0.041666 0.083333 0.125 0.166667 0.208333 0.25 0.291667 0.333333 0.375 0.416667 0.458333 0.5 0.541667 0.583333 0.625 0.666667 0.708333 0.75 0.791667 0.833333 0.875 0.916667 0.958333 1 1.04167 1.08333 1.125 1.16667 1.20833 1.25 1.29167 1.33333 1.375 1.41667 1.45833 1.5 1.54167 1.58333 1.625 1.66667 1.70833 1.75 1.79167 1.83333 1.875 1.91667 1.95833 2 2.04167 2.08333 2.125 2.16667 2.20833 2.25 2.29167</float_array>
        <technique_common>
          <accessor source="#Spine2_matrix_Spine2_transform-input-array" count="56" stride="1">
            <param name="TIME" type="float"/>
          </accessor>
        </technique_common>
        <technique profile="MAYA">
          <pre_infinity>CONSTANT</pre_infinity>
          <post_infinity>CONSTANT</post_infinity>
        </technique>
      </source>
      <source id="Spine2_matrix_Spine2_transform-output">
        <float_array id="Spine2_matrix_Spine2_transform-output-array" count="896">0.999065 -0.041899 0.010635 0 0.04199 0.999083 -0.008398 0.073924 -0.010273 0.008837 0.999908 0 0 0 0 1 0.999061 -0.042182 0.009896 0 0.04228 0.999057 -0.009844 0.073924 -0.009472 0.010253 0.999903 0 0 0 0 1 0.999148 -0.040929 0.005288 0 0.04099 0.999086 -0.012082 0.073924 -0.004788 0.012289 0.999913 0 0 0 0 1 0.999101 -0.042337 0.002328 0 0.04237 0.998959 -0.016894 0.073924 -0.001611 0.016977 0.999855 0 0 0 0 1 0.998939 -0.046028 0.001219 0 0.046044 0.998636 -0.024634 0.073924 -0.000084 0.024664 0.999696 0 0 0 0 1 0.998889 -0.047106 -0.001071 0 0.047044 0.998342 -0.03318 0.073924 0.002632 0.033093 0.999449 0 0 0 0 1 0.99877 -0.049294 -0.005336 0 0.049049 0.998029 -0.039147 0.073924 0.007256 0.038837 0.999219 0 0 0 0 1 0.998706 -0.050079 -0.008819 0 0.049689 0.997966 -0.039944 0.073924 0.010801 0.039454 0.999163 0 0 0 0 1 0.998824 -0.047312 -0.01061 0 0.046889 0.998209 -0.037142 0.073924 0.012349 0.036601 0.999254 0 0 0 0 1 0.998935 -0.04418 -0.01327 0 0.043748 0.998554 -0.031247 0.073924 0.014632 0.030633 0.999424 0 0 0 0 1 0.999014 -0.041816 -0.014889 0 0.041442 0.998838 -0.024611 0.073924 0.015901 0.02397 0.999586 0 0 0 0 1 0.99907 -0.039258 -0.017826 0 0.038888 0.99903 -0.020651 0.073924 0.018619 0.019939 0.999628 0 0 0 0 1 0.999133 -0.034846 -0.022796 0 0.034377 0.999195 -0.020664 0.073924 0.023498 0.019862 0.999527 0 0 0 0 1 0.999278 -0.027246 -0.026469 0 0.026627 0.99937 -0.02347 0.073924 0.027092 0.022748 0.999374 0 0 0 0 1 0.999403 -0.0195 -0.028524 0 0.018893 0.999592 -0.021408 0.073924 0.02893 0.020856 0.999364 0 0 0 0 1 0.999481 -0.012015 -0.029891 0 0.011442 0.999749 -0.019251 0.073924 0.030115 0.018899 0.999368 0 0 0 0 1 0.999542 0.000686 -0.030256 0 -0.001336 0.999769 -0.021456 0.073924 0.030234 0.021487 0.999312 0 0 0 0 1 0.999317 0.017026 -0.032811 0 -0.017882 0.999503 -0.025978 0.073924 0.032352 0.026547 0.999124 0 0 0 0 1 0.998794 0.030615 -0.038387 0 -0.031726 0.999085 -0.028668 0.073924 0.037474 0.029851 0.998852 0 0 0 0 1 0.99841 0.035881 -0.043469 0 -0.037138 0.998905 -0.028465 0.073924 0.0424 0.030035 0.998649 0 0 0 0 1 0.998262 0.036035 -0.046633 0 -0.037255 0.998979 -0.025542 0.073924 0.045665 0.027235 0.998585 0 0 0 0 1 0.998289 0.033363 -0.04803 0 -0.034276 0.999245 -0.018297 0.073924 0.047383 0.019912 0.998678 0 0 0 0 1 0.998374 0.029765 -0.048607 0 -0.030219 0.999506 -0.00862 0.073924 0.048327 0.010075 0.998781 0 0 0 0 1 0.998364 0.027737 -0.049999 0 -0.02775 0.999615 0.000444 0.073924 0.049992 0.000944 0.998749 0 0 0 0 1 0.998364 0.027015 -0.050393 0 -0.026851 0.999632 0.00392 0.073924 0.050481 -0.00256 0.998722 0 0 0 0 1 0.998583 0.024708 -0.047122 0 -0.024644 0.999694 0.001942 0.073924 0.047155 -0.000778 0.998887 0 0 0 0 1 0.99876 0.019936 -0.045619 0 -0.020085 0.999794 -0.002811 0.073924 0.045554 0.003724 0.998955 0 0 0 0 1 0.99871 0.017969 -0.04749 0 -0.018116 0.999832 -0.002664 0.073924 0.047434 0.003521 0.998868 0 0 0 0 1 0.998814 0.016036 -0.04598 0 -0.016128 0.999869 -0.001623 0.073924 0.045948 0.002363 0.998941 0 0 0 0 1 0.999053 0.013159 -0.041472 0 -0.013308 0.999906 -0.00334 0.073924 0.041424 0.003888 0.999134 0 0 0 0 1 0.999165 0.014773 -0.038105 0 -0.015068 0.999858 -0.007482 0.073924 0.037989 0.00805 0.999246 0 0 0 0 1 0.999165 0.019695 -0.035804 0 -0.020294 0.999659 -0.016446 0.073924 0.035467 0.017159 0.999223 0 0 0 0 1 0.999099 0.025507 -0.033917 0 -0.0265 0.999223 -0.029179 0.073924 0.033146 0.030052 0.998999 0 0 0 0 1 0.999062 0.029042 -0.032125 0 -0.030311 0.99875 -0.039733 0.073924 0.030931 0.04067 0.998694 0 0 0 0 1 0.999204 0.027234 -0.029135 0 -0.028533 0.998573 -0.045135 0.073924 0.027864 0.045931 0.998556 0 0 0 0 1 0.999456 0.021786 -0.024757 0 -0.022893 0.99871 -0.045321 0.073924 0.023737 0.045863 0.998666 0 0 0 0 1 0.999661 0.015358 -0.02103 0 -0.016237 0.998974 -0.042276 0.073924 0.020359 0.042603 0.998885 0 0 0 0 1 0.999788 0.008741 -0.018648 0 -0.009437 0.999251 -0.037538 0.073924 0.018306 0.037706 0.999121 0 0 0 0 1 0.999861 0.004257 -0.016105 0 -0.004788 0.999441 -0.033092 0.073924 0.015955 0.033164 0.999323 0 0 0 0 1 0.999934 -0.001362 -0.011378 0 0.001011 0.999525 -0.030802 0.073924 0.011414 0.030789 0.999461 0 0 0 0 1 0.999923 -0.01178 -0.003859 0 0.011659 0.999482 -0.029994 0.073924 0.004211 0.029947 0.999543 0 0 0 0 1 0.999778 -0.021039 0.001184 0 0.021065 0.99933 -0.029916 0.073924 -0.000554 0.029934 0.999552 0 0 0 0 1 0.999605 -0.027989 0.002574 0 0.028056 0.999111 -0.031477 0.073924 -0.00169 0.031537 0.999501 0 0 0 0 1 0.999282 -0.037705 0.003741 0 0.037812 0.998693 -0.034402 0.073924 -0.002439 0.034519 0.999401 0 0 0 0 1 0.998758 -0.04934 0.006956 0 0.049573 0.998025 -0.038576 0.073924 -0.005039 0.038873 0.999231 0 0 0 0 1 0.998304 -0.05711 0.011254 0 0.057529 0.997489 -0.041314 0.073924 -0.008867 0.041892 0.999083 0 0 0 0 1 0.998123 -0.059926 0.012598 0 0.060404 0.997302 -0.04171 0.073924 -0.010065 0.042392 0.99905 0 0 0 0 1 0.998119 -0.060037 0.012424 0 0.060491 0.99736 -0.040182 0.073924 -0.009979 0.040858 0.999115 0 0 0 0 1 0.998157 -0.059391 0.012447 0 0.0598 0.997576 -0.03558 0.073924 -0.010304 0.036259 0.999289 0 0 0 0 1 0.998254 -0.057728 0.012496 0 0.05806 0.99792 -0.028025 0.073924 -0.010852 0.028702 0.999529 0 0 0 0 1 0.99843 -0.054578 0.012596 0 0.054814 0.998313 -0.019159 0.073924 -0.011529 0.019819 0.999737 0 0 0 0 1 0.998632 -0.050702 0.012758 0 0.050823 0.998664 -0.009368 0.073924 -0.012266 0.010004 0.999875 0 0 0 0 1 0.998807 -0.047333 0.012047 0 0.047355 0.998877 -0.001553 0.073924 -0.01196 0.002122 0.999926 0 0 0 0 1 0.998945 -0.044669 0.01061 0 0.044662 0.999002 0.000925 0.073924 -0.010641 -0.00045 0.999943 0 0 0 0 1 0.999085 -0.041826 0.008882 0 0.041856 0.999118 -0.003259 0.073924 -0.008738 0.003628 0.999955 0 0 0 0 1 0.999081 -0.041653 0.010102 0 0.041732 0.999099 -0.007715 0.073924 -0.009772 0.00813 0.999919 0 0 0 0 1</float_array>
        <technique_common>
          <accessor source="#Spine2_matrix_Spine2_transform-output-array" count="56" stride="16">
            <param name="TRANSFORM" type="float4x4"/>
          </accessor>
        </technique_common>
      </source>
      <source id="Spine2_matrix_Spine2_transform-interpolations">
        <Name_array id="Spine2_matrix_Spine2_transform-interpolations-array" count="56">LINEAR LINEAR LINEAR LINEAR LINEAR LINEAR LINEAR LINEAR LINEAR LINEAR LINEAR LINEAR LINEAR LINEAR LINEAR LINEAR LINEAR LINEAR LINEAR LINEAR LINEAR LINEAR LINEAR LINEAR LINEAR LINEAR LINEAR LINEAR LINEAR LINEAR LINEAR LINEAR LINEAR LINEAR LINEAR LINEAR LINEAR LINEAR LINEAR LINEAR LINEAR LINEAR LINEAR LINEAR LINEAR LINEAR LINEAR LINEAR LINEAR LINEAR LINEAR LINEAR LINEAR LINEAR LINEAR LINEAR</Name_array>
        <technique_common>
          <accessor source="#Spine2_matrix_Spine2_transform-interpolations-array" count="56" stride="1">
            <param name="INTERPOLATION" type="Name"/>
          </accessor>
        </technique_common>
      </source>
      <sampler id="Spine2_matrix_Spine2_transform-sampler">
        <input semantic="INPUT" source="#Spine2_matrix_Spine2_transform-input"/>
        <input semantic="OUTPUT" source="#Spine2_matrix_Spine2_transform-output"/>
        <input semantic="INTERPOLATION" source="#Spine2_matrix_Spine2_transform-interpolations"/>
      </sampler>
      <channel source="#Spine2_matrix_Spine2_transform-sampler" target="Spine2/transform"/>
    </animation>
    <animation id="Spine3_matrix">
      <source id="Spine3_matrix_Spine3_transform-input">
        <float_array id="Spine3_matrix_Spine3_transform-input-array" count="56">0 0.041666 0.083333 0.125 0.166667 0.208333 0.25 0.291667 0.333333 0.375 0.416667 0.458333 0.5 0.541667 0.583333 0.625 0.666667 0.708333 0.75 0.791667 0.833333 0.875 0.916667 0.958333 1 1.04167 1.08333 1.125 1.16667 1.20833 1.25 1.29167 1.33333 1.375 1.41667 1.45833 1.5 1.54167 1.58333 1.625 1.66667 1.70833 1.75 1.79167 1.83333 1.875 1.91667 1.95833 2 2.04167 2.08333 2.125 2.16667 2.20833 2.25 2.29167</float_array>
        <technique_common>
          <accessor source="#Spine3_matrix_Spine3_transform-input-array" count="56" stride="1">
            <param name="TIME" type="float"/>
          </accessor>
        </technique_common>
        <technique profile="MAYA">
          <pre_infinity>CONSTANT</pre_infinity>
          <post_infinity>CONSTANT</post_infinity>
        </technique>
      </source>
      <source id="Spine3_matrix_Spine3_transform-output">
        <float_array id="Spine3_matrix_Spine3_transform-output-array" count="896">0.999065 -0.041905 0.010613 0 0.041854 0.999111 0.004985 0.111876 -0.010812 -0.004536 0.999931 0 0 0 0 1 0.999061 -0.042188 0.009872 0 0.042155 0.999105 0.003539 0.111876 -0.010013 -0.00312 0.999945 0 0 0 0 1 0.999148 -0.040932 0.005261 0 0.040926 0.999161 0.001301 0.111876 -0.005309 -0.001085 0.999985 0 0 0 0 1 0.999101 -0.042339 0.002296 0 0.042347 0.999097 -0.003511 0.111876 -0.002145 0.003605 0.999991 0 0 0 0 1 0.998939 -0.046029 0.001179 0 0.046039 0.998876 -0.011253 0.111876 -0.00066 0.011295 0.999936 0 0 0 0 1 0.998889 -0.047105 -0.001115 0 0.047074 0.998695 -0.019802 0.111876 0.002046 0.019727 0.999803 0 0 0 0 1 0.99877 -0.049289 -0.005384 0 0.049135 0.99846 -0.025771 0.111876 0.006646 0.025475 0.999653 0 0 0 0 1 0.998706 -0.05007 -0.008867 0 0.049819 0.998405 -0.026569 0.111876 0.010183 0.026093 0.999608 0 0 0 0 1 0.998824 -0.047302 -0.010655 0 0.047039 0.99861 -0.023767 0.111876 0.011764 0.023237 0.999661 0 0 0 0 1 0.998935 -0.044168 -0.01331 0 0.043927 0.998875 -0.017869 0.111876 0.014084 0.017266 0.999752 0 0 0 0 1 0.999014 -0.041804 -0.014924 0 0.041639 0.99907 -0.011232 0.111876 0.01538 0.010599 0.999826 0 0 0 0 1 0.99907 -0.039244 -0.017855 0 0.03912 0.999208 -0.007272 0.111876 0.018127 0.006567 0.999814 0 0 0 0 1 0.999133 -0.034829 -0.022822 0 0.034671 0.999372 -0.007286 0.111876 0.023061 0.006489 0.999713 0 0 0 0 1 0.999278 -0.027225 -0.02649 0 0.026966 0.999585 -0.010094 0.111876 0.026754 0.009372 0.999598 0 0 0 0 1 0.999403 -0.019475 -0.028541 0 0.019253 0.999782 -0.008031 0.111876 0.028691 0.007476 0.99956 0 0 0 0 1 0.999481 -0.011985 -0.029903 0 0.011815 0.999913 -0.005873 0.111876 0.029971 0.005516 0.999536 0 0 0 0 1 0.999542 0.00072 -0.030256 0 -0.000965 0.999967 -0.008075 0.111876 0.030249 0.008101 0.99951 0 0 0 0 1 0.999316 0.017066 -0.032794 0 -0.017487 0.999768 -0.012594 0.111876 0.032571 0.013158 0.999383 0 0 0 0 1 0.998794 0.030663 -0.038355 0 -0.031268 0.999394 -0.01528 0.111876 0.037864 0.016461 0.999147 0 0 0 0 1 0.99841 0.035933 -0.043433 0 -0.036618 0.999216 -0.015076 0.111876 0.042857 0.016642 0.998943 0 0 0 0 1 0.998262 0.036087 -0.0466 0 -0.03669 0.999253 -0.012151 0.111876 0.046127 0.013839 0.99884 0 0 0 0 1 0.998288 0.033407 -0.048002 0 -0.033681 0.999421 -0.004904 0.111876 0.047811 0.006513 0.998835 0 0 0 0 1 0.998374 0.029799 -0.048585 0 -0.029602 0.99955 0.00477 0.111876 0.048705 -0.003324 0.998808 0 0 0 0 1 0.998364 0.02776 -0.049981 0 -0.0271 0.999537 0.013831 0.111876 0.050342 -0.012454 0.998654 0 0 0 0 1 0.998364 0.027028 -0.050381 0 -0.026185 0.999507 0.017304 0.111876 0.050823 -0.015956 0.99858 0 0 0 0 1 0.998584 0.024713 -0.047115 0 -0.024015 0.999594 0.015323 0.111876 0.047475 -0.01417 0.998772 0 0 0 0 1 0.99876 0.019937 -0.045616 0 -0.019474 0.999754 0.010567 0.111876 0.045816 -0.009666 0.998903 0 0 0 0 1 0.99871 0.01797 -0.047487 0 -0.01748 0.99979 0.010714 0.111876 0.047669 -0.00987 0.998814 0 0 0 0 1 0.998814 0.016041 -0.045976 0 -0.015516 0.999811 0.011756 0.111876 0.046155 -0.011029 0.998873 0 0 0 0 1 0.999053 0.013169 -0.041466 0 -0.012763 0.999868 0.010043 0.111876 0.041593 -0.009504 0.999089 0 0 0 0 1 0.999165 0.014791 -0.038096 0 -0.014576 0.999876 0.005903 0.111876 0.038179 -0.005343 0.999257 0 0 0 0 1 0.999165 0.019721 -0.035791 0 -0.019843 0.999798 -0.003059 0.111876 0.035723 0.003766 0.999355 0 0 0 0 1 0.999099 0.025539 -0.033899 0 -0.026086 0.999535 -0.015793 0.111876 0.03348 0.016663 0.9993 0 0 0 0 1 0.999061 0.029078 -0.032103 0 -0.029929 0.999205 -0.026351 0.111876 0.031312 0.027287 0.999137 0 0 0 0 1 0.999204 0.02727 -0.029114 0 -0.028192 0.999098 -0.031756 0.111876 0.028222 0.032552 0.999071 0 0 0 0 1 0.999456 0.021817 -0.02474 0 -0.022603 0.999234 -0.031944 0.111876 0.024025 0.032486 0.999183 0 0 0 0 1 0.999661 0.015384 -0.02102 0 -0.015988 0.999454 -0.028899 0.111876 0.020564 0.029225 0.999361 0 0 0 0 1 0.999788 0.008762 -0.018645 0 -0.009212 0.999666 -0.02416 0.111876 0.018427 0.024326 0.999534 0 0 0 0 1 0.999861 0.004273 -0.016107 0 -0.00459 0.999795 -0.019713 0.111876 0.016019 0.019784 0.999676 0 0 0 0 1 0.999934 -0.001352 -0.011386 0 0.001153 0.999848 -0.017423 0.111876 0.011408 0.017408 0.999783 0 0 0 0 1 0.999923 -0.011779 -0.003879 0 0.011713 0.999793 -0.016615 0.111876 0.004074 0.016568 0.999854 0 0 0 0 1 0.999778 -0.021044 0.001153 0 0.02106 0.999641 -0.016537 0.111876 -0.000805 0.016558 0.999863 0 0 0 0 1 0.999605 -0.027997 0.002531 0 0.028038 0.999443 -0.018099 0.111876 -0.002023 0.018163 0.999833 0 0 0 0 1 0.999282 -0.037716 0.003684 0 0.037786 0.999065 -0.021024 0.111876 -0.002887 0.021149 0.999772 0 0 0 0 1 0.998757 -0.049358 0.00688 0 0.049517 0.998455 -0.025198 0.111876 -0.005626 0.025507 0.999659 0 0 0 0 1 0.998304 -0.057136 0.011167 0 0.057429 0.997959 -0.027936 0.111876 -0.009548 0.028529 0.999547 0 0 0 0 1 0.998123 -0.059955 0.012508 0 0.060289 0.997779 -0.028329 0.111876 -0.010782 0.02903 0.99952 0 0 0 0 1 0.998118 -0.060065 0.012337 0 0.060378 0.997816 -0.0268 0.111876 -0.0107 0.027495 0.999565 0 0 0 0 1 0.998157 -0.059418 0.012366 0 0.059682 0.997971 -0.022196 0.111876 -0.011022 0.022893 0.999677 0 0 0 0 1 0.998254 -0.057753 0.012422 0 0.057932 0.998213 -0.014638 0.111876 -0.011554 0.015332 0.999816 0 0 0 0 1 0.99843 -0.054599 0.012531 0 0.054675 0.998488 -0.00577 0.111876 -0.012197 0.006446 0.999905 0 0 0 0 1 0.998632 -0.050718 0.012704 0 0.050671 0.998707 0.00402 0.111876 -0.012892 -0.00337 0.999911 0 0 0 0 1 0.998806 -0.047345 0.012003 0 0.047203 0.998815 0.011833 0.111876 -0.012549 -0.011252 0.999858 0 0 0 0 1 0.998945 -0.044677 0.010576 0 0.044524 0.998906 0.014311 0.111876 -0.011204 -0.013825 0.999842 0 0 0 0 1 0.999085 -0.041832 0.008856 0 0.041742 0.999077 0.010124 0.111876 -0.009272 -0.009745 0.99991 0 0 0 0 1 0.999081 -0.041659 0.01008 0 0.041603 0.999118 0.005667 0.111876 -0.010307 -0.005243 0.999933 0 0 0 0 1</float_array>
        <technique_common>
          <accessor source="#Spine3_matrix_Spine3_transform-output-array" count="56" stride="16">
            <param name="TRANSFORM" type="float4x4"/>
          </accessor>
        </technique_common>
      </source>
      <source id="Spine3_matrix_Spine3_transform-interpolations">
        <Name_array id="Spine3_matrix_Spine3_transform-interpolations-array" count="56">LINEAR LINEAR LINEAR LINEAR LINEAR LINEAR LINEAR LINEAR LINEAR LINEAR LINEAR LINEAR LINEAR LINEAR LINEAR LINEAR LINEAR LINEAR LINEAR LINEAR LINEAR LINEAR LINEAR LINEAR LINEAR LINEAR LINEAR LINEAR LINEAR LINEAR LINEAR LINEAR LINEAR LINEAR LINEAR LINEAR LINEAR LINEAR LINEAR LINEAR LINEAR LINEAR LINEAR LINEAR LINEAR LINEAR LINEAR LINEAR LINEAR LINEAR LINEAR LINEAR LINEAR LINEAR LINEAR LINEAR</Name_array>
        <technique_common>
          <accessor source="#Spine3_matrix_Spine3_transform-interpolations-array" count="56" stride="1">
            <param name="INTERPOLATION" type="Name"/>
          </accessor>
        </technique_common>
      </source>
      <sampler id="Spine3_matrix_Spine3_transform-sampler">
        <input semantic="INPUT" source="#Spine3_matrix_Spine3_transform-input"/>
        <input semantic="OUTPUT" source="#Spine3_matrix_Spine3_transform-output"/>
        <input semantic="INTERPOLATION" source="#Spine3_matrix_Spine3_transform-interpolations"/>
      </sampler>
      <channel source="#Spine3_matrix_Spine3_transform-sampler" target="Spine3/transform"/>
    </animation>
    <animation id="Neck_matrix">
      <source id="Neck_matrix_Neck_transform-input">
        <float_array id="Neck_matrix_Neck_transform-input-array" count="56">0 0.041666 0.083333 0.125 0.166667 0.208333 0.25 0.291667 0.333333 0.375 0.416667 0.458333 0.5 0.541667 0.583333 0.625 0.666667 0.708333 0.75 0.791667 0.833333 0.875 0.916667 0.958333 1 1.04167 1.08333 1.125 1.16667 1.20833 1.25 1.29167 1.33333 1.375 1.41667 1.45833 1.5 1.54167 1.58333 1.625 1.66667 1.70833 1.75 1.79167 1.83333 1.875 1.91667 1.95833 2 2.04167 2.08333 2.125 2.16667 2.20833 2.25 2.29167</float_array>
        <technique_common>
          <accessor source="#Neck_matrix_Neck_transform-input-array" count="56" stride="1">
            <param name="TIME" type="float"/>
          </accessor>
        </technique_common>
        <technique profile="MAYA">
          <pre_infinity>CONSTANT</pre_infinity>
          <post_infinity>CONSTANT</post_infinity>
        </technique>
      </source>
      <source id="Neck_matrix_Neck_transform-output">
        <float_array id="Neck_matrix_Neck_transform-output-array" count="896">0.996829 -0.030605 -0.073456 0 0.008286 0.957986 -0.286697 0.248046 0.079144 0.285179 0.955201 0 0 0 0 1 0.996953 -0.029866 -0.072066 0 0.008912 0.96137 -0.275115 0.248046 0.077499 0.273634 0.958706 0 0 0 0 1 0.99727 -0.033018 -0.06605 0 0.014498 0.964605 -0.263298 0.248046 0.072406 0.261622 0.962451 0 0 0 0 1 0.997724 -0.034404 -0.057994 0 0.018719 0.967562 -0.251938 0.248046 0.06478 0.250279 0.966004 0 0 0 0 1 0.998435 -0.030723 -0.046732 0 0.018505 0.97001 -0.242359 0.248046 0.052776 0.241115 0.96906 0 0 0 0 1 0.999159 -0.02319 -0.033818 0 0.01464 0.97211 -0.234068 0.248046 0.038303 0.233376 0.971632 0 0 0 0 1 0.999694 -0.005684 -0.024082 0 0.000033 0.973563 -0.228418 0.248046 0.024743 0.228347 0.973265 0 0 0 0 1 0.999878 0.010813 -0.011288 0 -0.01314 0.972564 -0.232265 0.248046 0.008467 0.232385 0.972587 0 0 0 0 1 0.999766 0.021301 0.003749 0 -0.019752 0.969831 -0.242978 0.248046 -0.008812 0.242847 0.970025 0 0 0 0 1 0.999364 0.031153 0.017356 0 -0.025686 0.966428 -0.255649 0.248046 -0.024737 0.255041 0.966614 0 0 0 0 1 0.998645 0.042908 0.029448 0 -0.033492 0.963008 -0.267384 0.248046 -0.039832 0.266035 0.96314 0 0 0 0 1 0.997723 0.054416 0.039836 0 -0.041461 0.96082 -0.274056 0.248046 -0.053188 0.27178 0.960888 0 0 0 0 1 0.99688 0.06517 0.04454 0 -0.05061 0.960703 -0.272925 0.248046 -0.060576 0.26982 0.961004 0 0 0 0 1 0.996124 0.074978 0.045987 0 -0.060137 0.962101 -0.26598 0.248046 -0.064187 0.262184 0.962881 0 0 0 0 1 0.995244 0.084896 0.047764 0 -0.069487 0.962384 -0.262655 0.248046 -0.068266 0.258087 0.963707 0 0 0 0 1 0.994483 0.090895 0.052367 0 -0.074111 0.962079 -0.26251 0.248046 -0.074242 0.257181 0.963507 0 0 0 0 1 0.994116 0.088695 0.062176 0 -0.069593 0.96287 -0.26084 0.248046 -0.083002 0.254979 0.963378 0 0 0 0 1 0.993352 0.084871 0.07777 0 -0.062304 0.964472 -0.256733 0.248046 -0.096797 0.250181 0.963348 0 0 0 0 1 0.991876 0.087452 0.092385 0 -0.061469 0.9653 -0.253805 0.248046 -0.111375 0.246064 0.962833 0 0 0 0 1 0.99043 0.095039 0.100078 0 -0.066985 0.965014 -0.253498 0.248046 -0.120669 0.244368 0.962145 0 0 0 0 1 0.989263 0.098413 0.10804 0 -0.068333 0.964972 -0.253298 0.248046 -0.129183 0.243196 0.961336 0 0 0 0 1 0.988206 0.097617 0.11798 0 -0.064318 0.963807 -0.258725 0.248046 -0.138966 0.248086 0.958719 0 0 0 0 1 0.987544 0.093571 0.1265 0 -0.056251 0.96078 -0.271547 0.248046 -0.146947 0.261049 0.954075 0 0 0 0 1 0.987266 0.087511 0.132843 0 -0.046269 0.956953 -0.286532 0.248046 -0.152199 0.276737 0.948816 0 0 0 0 1 0.986666 0.082706 0.140177 0 -0.038103 0.954709 -0.295092 0.248046 -0.158234 0.285816 0.94513 0 0 0 0 1 0.985404 0.081036 0.149706 0 -0.033155 0.953948 -0.298132 0.248046 -0.166972 0.288817 0.942712 0 0 0 0 1 0.984528 0.079065 0.156376 0 -0.029564 0.954573 -0.296507 0.248046 -0.172716 0.287296 0.942141 0 0 0 0 1 0.984554 0.073939 0.158705 0 -0.024292 0.955374 -0.2944 0.248046 -0.17339 0.285997 0.942413 0 0 0 0 1 0.98606 0.072399 0.149811 0 -0.026048 0.95644 -0.290766 0.248046 -0.164336 0.28281 0.944993 0 0 0 0 1 0.987954 0.077024 0.134218 0 -0.035743 0.957456 -0.286359 0.248046 -0.150564 0.278112 0.948675 0 0 0 0 1 0.989262 0.079638 0.122552 0 -0.042586 0.959186 -0.27955 0.248046 -0.139813 0.271329 0.952278 0 0 0 0 1 0.990364 0.080145 0.112937 0 -0.046989 0.961614 -0.270354 0.248046 -0.13027 0.262442 0.956114 0 0 0 0 1 0.991023 0.082355 0.105315 0 -0.052138 0.963446 -0.262779 0.248046 -0.123107 0.254929 0.959091 0 0 0 0 1 0.991522 0.083292 0.099734 0 -0.0549 0.964197 -0.259443 0.248046 -0.117774 0.251768 0.960595 0 0 0 0 1 0.992198 0.082826 0.093184 0 -0.0558 0.963406 -0.262174 0.248046 -0.11149 0.254929 0.960511 0 0 0 0 1 0.993056 0.07891 0.087257 0 -0.052846 0.961854 -0.26841 0.248046 -0.105109 0.261935 0.959345 0 0 0 0 1 0.994251 0.068472 0.082323 0 -0.043363 0.96043 -0.275125 0.248046 -0.097904 0.269973 0.957878 0 0 0 0 1 0.995672 0.054124 0.075552 0 -0.030724 0.958912 -0.282037 0.248046 -0.087712 0.278495 0.956424 0 0 0 0 1 0.997022 0.037722 0.067266 0 -0.016743 0.957281 -0.288672 0.248046 -0.075282 0.286686 0.955062 0 0 0 0 1 0.99809 0.023832 0.056999 0 -0.006097 0.9561 -0.292976 0.248046 -0.061479 0.292069 0.954419 0 0 0 0 1 0.998945 0.015847 0.043099 0 -0.002518 0.95606 -0.293159 0.248046 -0.045851 0.292741 0.955092 0 0 0 0 1 0.999554 0.007714 0.028855 0 0.000978 0.957097 -0.289765 0.248046 -0.029852 0.289664 0.956663 0 0 0 0 1 0.999925 -0.003668 0.011649 0 0.006821 0.958943 -0.283518 0.248046 -0.010131 0.283576 0.958896 0 0 0 0 1 0.999823 -0.015756 -0.010317 0 0.012314 0.961397 -0.274891 0.248046 0.01425 0.274715 0.96142 0 0 0 0 1 0.99917 -0.026434 -0.031 0 0.01728 0.964064 -0.265109 0.248046 0.036894 0.264353 0.96372 0 0 0 0 1 0.998378 -0.033403 -0.046104 0 0.020535 0.96656 -0.255616 0.248046 0.053101 0.254255 0.965678 0 0 0 0 1 0.997809 -0.035895 -0.055579 0 0.02114 0.968972 -0.246266 0.248046 0.062694 0.244551 0.967607 0 0 0 0 1 0.997378 -0.036004 -0.062778 0 0.020164 0.971362 -0.236746 0.248046 0.069504 0.234859 0.969541 0 0 0 0 1 0.996806 -0.032423 -0.072983 0 0.014812 0.97308 -0.229991 0.248046 0.078475 0.228175 0.970452 0 0 0 0 1 0.996142 -0.0278 -0.083232 0 0.007959 0.973206 -0.229797 0.248046 0.087391 0.228248 0.969673 0 0 0 0 1 0.99562 -0.026083 -0.089785 0 0.004162 0.97171 -0.236139 0.248046 0.093404 0.234731 0.967562 0 0 0 0 1 0.995406 -0.027111 -0.091826 0 0.003425 0.968541 -0.248829 0.248046 0.095684 0.247371 0.964185 0 0 0 0 1 0.995414 -0.029304 -0.091063 0 0.004271 0.964591 -0.263715 0.248046 0.095567 0.262117 0.960292 0 0 0 0 1 0.99568 -0.03267 -0.086918 0 0.007386 0.960961 -0.276586 0.248046 0.092561 0.274749 0.95705 0 0 0 0 1 0.99624 -0.0351 -0.079206 0 0.011041 0.958235 -0.285767 0.248046 0.085929 0.283818 0.95502 0 0 0 0 1 0.996747 -0.031714 -0.074087 0 0.009141 0.957874 -0.287042 0.248046 0.080069 0.285431 0.955049 0 0 0 0 1</float_array>
        <technique_common>
          <accessor source="#Neck_matrix_Neck_transform-output-array" count="56" stride="16">
            <param name="TRANSFORM" type="float4x4"/>
          </accessor>
        </technique_common>
      </source>
      <source id="Neck_matrix_Neck_transform-interpolations">
        <Name_array id="Neck_matrix_Neck_transform-interpolations-array" count="56">LINEAR LINEAR LINEAR LINEAR LINEAR LINEAR LINEAR LINEAR LINEAR LINEAR LINEAR LINEAR LINEAR LINEAR LINEAR LINEAR LINEAR LINEAR LINEAR LINEAR LINEAR LINEAR LINEAR LINEAR LINEAR LINEAR LINEAR LINEAR LINEAR LINEAR LINEAR LINEAR LINEAR LINEAR LINEAR LINEAR LINEAR LINEAR LINEAR LINEAR LINEAR LINEAR LINEAR LINEAR LINEAR LINEAR LINEAR LINEAR LINEAR LINEAR LINEAR LINEAR LINEAR LINEAR LINEAR LINEAR</Name_array>
        <technique_common>
          <accessor source="#Neck_matrix_Neck_transform-interpolations-array" count="56" stride="1">
            <param name="INTERPOLATION" type="Name"/>
          </accessor>
        </technique_common>
      </source>
      <sampler id="Neck_matrix_Neck_transform-sampler">
        <input semantic="INPUT" source="#Neck_matrix_Neck_transform-input"/>
        <input semantic="OUTPUT" source="#Neck_matrix_Neck_transform-output"/>
        <input semantic="INTERPOLATION" source="#Neck_matrix_Neck_transform-interpolations"/>
      </sampler>
      <channel source="#Neck_matrix_Neck_transform-sampler" target="Neck/transform"/>
    </animation>
    <animation id="Neck1_matrix">
      <source id="Neck1_matrix_Neck1_transform-input">
        <float_array id="Neck1_matrix_Neck1_transform-input-array" count="56">0 0.041666 0.083333 0.125 0.166667 0.208333 0.25 0.291667 0.333333 0.375 0.416667 0.458333 0.5 0.541667 0.583333 0.625 0.666667 0.708333 0.75 0.791667 0.833333 0.875 0.916667 0.958333 1 1.04167 1.08333 1.125 1.16667 1.20833 1.25 1.29167 1.33333 1.375 1.41667 1.45833 1.5 1.54167 1.58333 1.625 1.66667 1.70833 1.75 1.79167 1.83333 1.875 1.91667 1.95833 2 2.04167 2.08333 2.125 2.16667 2.20833 2.25 2.29167</float_array>
        <technique_common>
          <accessor source="#Neck1_matrix_Neck1_transform-input-array" count="56" stride="1">
            <param name="TIME" type="float"/>
          </accessor>
        </technique_common>
        <technique profile="MAYA">
          <pre_infinity>CONSTANT</pre_infinity>
          <post_infinity>CONSTANT</post_infinity>
        </technique>
      </source>
      <source id="Neck1_matrix_Neck1_transform-output">
        <float_array id="Neck1_matrix_Neck1_transform-output-array" count="896">0.996829 -0.030605 -0.073456 0 0.025165 0.996949 -0.073882 0.04828 0.075493 0.071799 0.994558 0 0 0 0 1 0.996953 -0.029866 -0.072066 0 0.025421 0.997764 -0.061817 0.04828 0.073752 0.059796 0.995482 0 0 0 0 1 0.99727 -0.033018 -0.06605 0 0.029777 0.998332 -0.049471 0.04828 0.067573 0.047369 0.996589 0 0 0 0 1 0.997724 -0.034404 -0.057994 0 0.032253 0.998772 -0.037611 0.04828 0.059216 0.035655 0.997608 0 0 0 0 1 0.998435 -0.030723 -0.046732 0 0.029454 0.999185 -0.027598 0.04828 0.047541 0.026179 0.998526 0 0 0 0 1 0.999159 -0.02319 -0.033818 0 0.022558 0.999566 -0.018948 0.04828 0.034243 0.018169 0.999248 0 0 0 0 1 0.999694 -0.005684 -0.024082 0 0.00537 0.9999 -0.013078 0.04828 0.024154 0.012945 0.999624 0 0 0 0 1 0.999878 0.010813 -0.011288 0 -0.011004 0.999795 -0.016981 0.04828 0.011102 0.017104 0.999792 0 0 0 0 1 0.999766 0.021301 0.003749 0 -0.021188 0.999383 -0.027994 0.04828 -0.004343 0.027908 0.999601 0 0 0 0 1 0.999364 0.031153 0.017356 0 -0.030418 0.998692 -0.041104 0.04828 -0.018613 0.04055 0.999004 0 0 0 0 1 0.998645 0.042908 0.029448 0 -0.041297 0.997724 -0.053311 0.04828 -0.031669 0.052023 0.998144 0 0 0 0 1 0.997723 0.054416 0.039836 0 -0.051959 0.996826 -0.060312 0.04828 -0.042991 0.058105 0.997384 0 0 0 0 1 0.99688 0.06517 0.04454 0 -0.062487 0.996289 -0.059183 0.04828 -0.048231 0.056215 0.997253 0 0 0 0 1 0.996124 0.074978 0.045987 0 -0.072568 0.996007 -0.051997 0.04828 -0.049702 0.048458 0.997588 0 0 0 0 1 0.995244 0.084896 0.047764 0 -0.082578 0.9954 -0.048571 0.04828 -0.051668 0.044396 0.997677 0 0 0 0 1 0.994483 0.090895 0.052367 0 -0.088382 0.994906 -0.048473 0.04828 -0.056506 0.043577 0.997451 0 0 0 0 1 0.994116 0.088695 0.062176 0 -0.08586 0.995204 -0.046871 0.04828 -0.066035 0.041256 0.996964 0 0 0 0 1 0.993352 0.084871 0.07777 0 -0.081718 0.995733 -0.042866 0.04828 -0.081077 0.036226 0.996049 0 0 0 0 1 0.991876 0.087452 0.092385 0 -0.084048 0.995654 -0.040118 0.04828 -0.095492 0.032028 0.994915 0 0 0 0 1 0.99043 0.095039 0.100078 0 -0.091439 0.995008 -0.039966 0.04828 -0.103377 0.030433 0.994177 0 0 0 0 1 0.989263 0.098413 0.108039 0 -0.094593 0.994714 -0.039947 0.04828 -0.1114 0.029298 0.993344 0 0 0 0 1 0.988206 0.097617 0.11798 0 -0.092782 0.994632 -0.04581 0.04828 -0.121818 0.034324 0.991959 0 0 0 0 1 0.987544 0.093571 0.1265 0 -0.086627 0.994472 -0.059332 0.04828 -0.131352 0.047634 0.990191 0 0 0 0 1 0.987266 0.087511 0.132843 0 -0.078013 0.99412 -0.075098 0.04828 -0.138634 0.063779 0.988288 0 0 0 0 1 0.986666 0.082706 0.140177 0 -0.071341 0.993887 -0.084252 0.04828 -0.146288 0.073128 0.986535 0 0 0 0 1 0.985404 0.081036 0.149706 0 -0.068395 0.993792 -0.087743 0.04828 -0.155888 0.076223 0.984829 0 0 0 0 1 0.984528 0.079065 0.156376 0 -0.066128 0.994074 -0.086279 0.04828 -0.162271 0.074603 0.983922 0 0 0 0 1 0.984554 0.073939 0.158705 0 -0.061125 0.994575 -0.084162 0.04828 -0.164067 0.073161 0.983732 0 0 0 0 1 0.98606 0.072399 0.149811 0 -0.060887 0.994929 -0.080057 0.04828 -0.154848 0.06982 0.985468 0 0 0 0 1 0.987954 0.077024 0.134218 0 -0.067382 0.994907 -0.07496 0.04828 -0.139308 0.065013 0.988113 0 0 0 0 1 0.989262 0.079638 0.122552 0 -0.071745 0.995134 -0.067534 0.04828 -0.127334 0.058016 0.990162 0 0 0 0 1 0.990364 0.080145 0.112937 0 -0.073985 0.995587 -0.057727 0.04828 -0.117066 0.048815 0.991924 0 0 0 0 1 0.991023 0.082355 0.105315 0 -0.077468 0.995756 -0.049688 0.04828 -0.108961 0.041083 0.993197 0 0 0 0 1 0.991522 0.083293 0.099734 0 -0.079015 0.995807 -0.046107 0.04828 -0.103157 0.037835 0.993945 0 0 0 0 1 0.992198 0.082826 0.093184 0 -0.078538 0.995716 -0.048793 0.04828 -0.096827 0.041093 0.994453 0 0 0 0 1 0.993056 0.07891 0.087257 0 -0.074277 0.995712 -0.055134 0.04828 -0.091234 0.04827 0.994659 0 0 0 0 1 0.994251 0.068473 0.082322 0 -0.063463 0.996056 -0.062009 0.04828 -0.086244 0.056428 0.994675 0 0 0 0 1 0.995672 0.054124 0.075552 0 -0.048923 0.996411 -0.069072 0.04828 -0.079019 0.065077 0.994747 0 0 0 0 1 0.997022 0.037723 0.067266 0 -0.032589 0.996587 -0.075847 0.04828 -0.069898 0.073429 0.994848 0 0 0 0 1 0.99809 0.023832 0.056999 0 -0.019217 0.996594 -0.08019 0.04828 -0.058716 0.078941 0.995148 0 0 0 0 1 0.998945 0.015847 0.0431 0 -0.012351 0.9967 -0.080224 0.04828 -0.044229 0.079607 0.995845 0 0 0 0 1 0.999554 0.007715 0.028855 0 -0.005485 0.997049 -0.076573 0.04828 -0.029361 0.07638 0.996646 0 0 0 0 1 0.999925 -0.003668 0.01165 0 0.004475 0.997537 -0.069992 0.04828 -0.011364 0.070039 0.997479 0 0 0 0 1 0.999823 -0.015756 -0.010316 0 0.015098 0.998022 -0.061024 0.04828 0.011258 0.060858 0.998083 0 0 0 0 1 0.99917 -0.026435 -0.030999 0 0.024832 0.998391 -0.050977 0.04828 0.032297 0.050165 0.998219 0 0 0 0 1 0.998378 -0.033404 -0.046103 0 0.031507 0.99865 -0.041286 0.04828 0.04742 0.039767 0.998083 0 0 0 0 1 0.997809 -0.035896 -0.055578 0 0.034167 0.998912 -0.03174 0.04828 0.056657 0.029771 0.99795 0 0 0 0 1 0.997378 -0.036005 -0.062777 0 0.034683 0.999156 -0.022026 0.04828 0.063517 0.019791 0.997784 0 0 0 0 1 0.996806 -0.032424 -0.072982 0 0.031392 0.999391 -0.015233 0.04828 0.073431 0.012893 0.997217 0 0 0 0 1 0.996142 -0.027801 -0.083232 0 0.026625 0.99953 -0.015211 0.04828 0.083615 0.012936 0.996414 0 0 0 0 1 0.99562 -0.026084 -0.089784 0 0.024214 0.999468 -0.021858 0.04828 0.090306 0.019588 0.995721 0 0 0 0 1 0.995406 -0.027112 -0.091826 0 0.023986 0.9991 -0.034976 0.04828 0.092691 0.032613 0.995161 0 0 0 0 1 0.995414 -0.029305 -0.091063 0 0.024787 0.998424 -0.05035 0.04828 0.092395 0.047862 0.994571 0 0 0 0 1 0.99568 -0.032671 -0.086918 0 0.02718 0.997604 -0.063615 0.04828 0.088788 0.060977 0.994182 0 0 0 0 1 0.99624 -0.0351 -0.079206 0 0.029318 0.9969 -0.073016 0.04828 0.081523 0.070419 0.994181 0 0 0 0 1 0.996747 -0.031714 -0.074087 0 0.026199 0.996895 -0.074252 0.04828 0.076212 0.07207 0.994484 0 0 0 0 1</float_array>
        <technique_common>
          <accessor source="#Neck1_matrix_Neck1_transform-output-array" count="56" stride="16">
            <param name="TRANSFORM" type="float4x4"/>
          </accessor>
        </technique_common>
      </source>
      <source id="Neck1_matrix_Neck1_transform-interpolations">
        <Name_array id="Neck1_matrix_Neck1_transform-interpolations-array" count="56">LINEAR LINEAR LINEAR LINEAR LINEAR LINEAR LINEAR LINEAR LINEAR LINEAR LINEAR LINEAR LINEAR LINEAR LINEAR LINEAR LINEAR LINEAR LINEAR LINEAR LINEAR LINEAR LINEAR LINEAR LINEAR LINEAR LINEAR LINEAR LINEAR LINEAR LINEAR LINEAR LINEAR LINEAR LINEAR LINEAR LINEAR LINEAR LINEAR LINEAR LINEAR LINEAR LINEAR LINEAR LINEAR LINEAR LINEAR LINEAR LINEAR LINEAR LINEAR LINEAR LINEAR LINEAR LINEAR LINEAR</Name_array>
        <technique_common>
          <accessor source="#Neck1_matrix_Neck1_transform-interpolations-array" count="56" stride="1">
            <param name="INTERPOLATION" type="Name"/>
          </accessor>
        </technique_common>
      </source>
      <sampler id="Neck1_matrix_Neck1_transform-sampler">
        <input semantic="INPUT" source="#Neck1_matrix_Neck1_transform-input"/>
        <input semantic="OUTPUT" source="#Neck1_matrix_Neck1_transform-output"/>
        <input semantic="INTERPOLATION" source="#Neck1_matrix_Neck1_transform-interpolations"/>
      </sampler>
      <channel source="#Neck1_matrix_Neck1_transform-sampler" target="Neck1/transform"/>
    </animation>
    <animation id="Head_matrix">
      <source id="Head_matrix_Head_transform-input">
        <float_array id="Head_matrix_Head_transform-input-array" count="56">0 0.041666 0.083333 0.125 0.166667 0.208333 0.25 0.291667 0.333333 0.375 0.416667 0.458333 0.5 0.541667 0.583333 0.625 0.666667 0.708333 0.75 0.791667 0.833333 0.875 0.916667 0.958333 1 1.04167 1.08333 1.125 1.16667 1.20833 1.25 1.29167 1.33333 1.375 1.41667 1.45833 1.5 1.54167 1.58333 1.625 1.66667 1.70833 1.75 1.79167 1.83333 1.875 1.91667 1.95833 2 2.04167 2.08333 2.125 2.16667 2.20833 2.25 2.29167</float_array>
        <technique_common>
          <accessor source="#Head_matrix_Head_transform-input-array" count="56" stride="1">
            <param name="TIME" type="float"/>
          </accessor>
        </technique_common>
        <technique profile="MAYA">
          <pre_infinity>CONSTANT</pre_infinity>
          <post_infinity>CONSTANT</post_infinity>
        </technique>
      </source>
      <source id="Head_matrix_Head_transform-output">
        <float_array id="Head_matrix_Head_transform-output-array" count="896">0.996829 -0.031872 -0.072915 0 0.048867 0.968345 0.244786 0.053577 0.062805 -0.247573 0.966832 0 0 0 0 1 0.996953 -0.031109 -0.071539 0 0.048529 0.965319 0.256524 0.053577 0.061077 -0.259214 0.963887 0 0 0 0 1 0.99727 -0.034156 -0.065468 0 0.050579 0.961924 0.268595 0.053577 0.053801 -0.271173 0.961026 0 0 0 0 1 0.997724 -0.035402 -0.057389 0 0.050131 0.958639 0.280176 0.053577 0.045096 -0.282415 0.958232 0 0 0 0 1 0.998435 -0.031528 -0.046193 0 0.043605 0.956042 0.289969 0.053577 0.03502 -0.291529 0.955921 0 0 0 0 1 0.999159 -0.023772 -0.033412 0 0.032673 0.95388 0.298405 0.053577 0.024777 -0.299246 0.953854 0 0 0 0 1 0.999694 -0.0061 -0.02398 0 0.013107 0.952554 0.304089 0.053577 0.020987 -0.30431 0.952342 0 0 0 0 1 0.999878 0.010616 -0.011474 0 -0.006678 0.953777 0.300442 0.053577 0.014133 -0.300329 0.953731 0 0 0 0 1 0.999766 0.021363 0.00338 0 -0.021426 0.956805 0.28994 0.053577 0.002959 -0.289945 0.957039 0 0 0 0 1 0.999364 0.031449 0.016814 0 -0.03488 0.960144 0.277321 0.053577 -0.007422 -0.277731 0.96063 0 0 0 0 1 0.998645 0.043412 0.028701 0 -0.049486 0.962847 0.265475 0.053577 -0.01611 -0.266535 0.963691 0 0 0 0 1 0.997723 0.055097 0.038888 0 -0.063309 0.963907 0.258601 0.053577 -0.023236 -0.260474 0.965201 0 0 0 0 1 0.99688 0.065931 0.043405 0 -0.074981 0.96279 0.259641 0.053577 -0.024671 -0.262086 0.964729 0 0 0 0 1 0.996124 0.075763 0.044682 0 -0.084977 0.96006 0.266577 0.053577 -0.022701 -0.269341 0.962777 0 0 0 0 1 0.995244 0.08571 0.046287 0 -0.09507 0.958192 0.26987 0.053577 -0.021222 -0.272987 0.961784 0 0 0 0 1 0.994483 0.091788 0.050785 0 -0.102154 0.957454 0.2699 0.053577 -0.023851 -0.273599 0.961548 0 0 0 0 1 0.994116 0.089758 0.060631 0 -0.10295 0.956985 0.271257 0.053577 -0.033675 -0.275903 0.960595 0 0 0 0 1 0.993352 0.086205 0.076289 0 -0.104053 0.955869 0.274748 0.053577 -0.049238 -0.28086 0.958485 0 0 0 0 1 0.991876 0.089038 0.090857 0 -0.11105 0.954435 0.276987 0.053577 -0.062054 -0.284826 0.956568 0 0 0 0 1 0.99043 0.096757 0.098417 0 -0.120645 0.953294 0.276904 0.053577 -0.067028 -0.286128 0.955844 0 0 0 0 1 0.989263 0.100269 0.10632 0 -0.12629 0.952634 0.276657 0.053577 -0.073543 -0.287113 0.955069 0 0 0 0 1 0.988206 0.099645 0.116272 0 -0.128052 0.954126 0.27064 0.053577 -0.08397 -0.282337 0.955633 0 0 0 0 1 0.987544 0.095747 0.124861 0 -0.125423 0.958177 0.257229 0.053577 -0.095009 -0.269685 0.95825 0 0 0 0 1 0.987266 0.089797 0.131308 0 -0.119725 0.962951 0.241644 0.053577 -0.104744 -0.254287 0.96144 0 0 0 0 1 0.986666 0.08512 0.138724 0 -0.115983 0.965685 0.23238 0.053577 -0.114183 -0.245371 0.962681 0 0 0 0 1 0.985404 0.083615 0.148281 0 -0.116401 0.966559 0.228505 0.053577 -0.124216 -0.24243 0.962184 0 0 0 0 1 0.984528 0.08176 0.154984 0 -0.116389 0.966304 0.229588 0.053577 -0.13099 -0.244074 0.960869 0 0 0 0 1 0.984554 0.076676 0.157401 0 -0.11227 0.96633 0.23152 0.053577 -0.134349 -0.245615 0.960012 0 0 0 0 1 0.98606 0.074981 0.148535 0 -0.108975 0.965628 0.235981 0.053577 -0.125735 -0.248879 0.960339 0 0 0 0 1 0.987954 0.079336 0.132864 0 -0.109925 0.964106 0.241696 0.053577 -0.10892 -0.25339 0.961213 0 0 0 0 1 0.989262 0.081748 0.121155 0 -0.110052 0.962123 0.249416 0.053577 -0.096176 -0.260071 0.960788 0 0 0 0 1 0.990364 0.082089 0.111533 0 -0.108745 0.959657 0.259294 0.053577 -0.085748 -0.268924 0.959337 0 0 0 0 1 0.991023 0.084166 0.103874 0 -0.109331 0.95738 0.267339 0.053577 -0.076945 -0.276295 0.957988 0 0 0 0 1 0.991522 0.085007 0.098277 0 -0.108856 0.956409 0.270982 0.053577 -0.070958 -0.279383 0.957554 0 0 0 0 1 0.992198 0.084427 0.091736 0 -0.106299 0.957368 0.268602 0.053577 -0.065148 -0.276257 0.958873 0 0 0 0 1 0.993056 0.080409 0.085878 0 -0.100418 0.959652 0.26265 0.053577 -0.061293 -0.26945 0.961062 0 0 0 0 1 0.994251 0.069887 0.081125 0 -0.088559 0.962579 0.256122 0.053577 -0.060189 -0.261834 0.963234 0 0 0 0 1 0.995672 0.055424 0.074603 0 -0.072444 0.965679 0.249431 0.053577 -0.058218 -0.253756 0.965515 0 0 0 0 1 0.997022 0.038882 0.066603 0 -0.054005 0.968515 0.243026 0.053577 -0.055057 -0.2459 0.96773 0 0 0 0 1 0.99809 0.024815 0.056578 0 -0.037672 0.970288 0.239001 0.053577 -0.048966 -0.240676 0.96937 0 0 0 0 1 0.998945 0.016591 0.042819 0 -0.026374 0.970613 0.239195 0.053577 -0.037592 -0.240072 0.970027 0 0 0 0 1 0.999554 0.008213 0.028717 0 -0.014949 0.969932 0.242917 0.053577 -0.025859 -0.243238 0.969622 0 0 0 0 1 0.999925 -0.003466 0.011711 0 0.000435 0.968393 0.249428 0.053577 -0.012206 -0.249404 0.968323 0 0 0 0 1 0.999823 -0.015932 -0.010042 0 0.017985 0.965943 0.258128 0.053577 0.005587 -0.258263 0.966058 0 0 0 0 1 0.99917 -0.026967 -0.030537 0 0.03417 0.962896 0.267701 0.053577 0.022184 -0.268523 0.963018 0 0 0 0 1 0.998378 -0.034197 -0.045518 0 0.045499 0.959836 0.276849 0.053577 0.034223 -0.278471 0.959835 0 0 0 0 1 0.997809 -0.036852 -0.054948 0 0.051084 0.956909 0.285858 0.053577 0.042046 -0.288039 0.956695 0 0 0 0 1 0.997378 -0.037086 -0.062144 0 0.053854 0.953974 0.295014 0.053577 0.048343 -0.297588 0.95347 0 0 0 0 1 0.996806 -0.033682 -0.07241 0 0.054053 0.952007 0.301266 0.053577 0.058787 -0.304217 0.950787 0 0 0 0 1 0.996142 -0.029238 -0.082738 0 0.052949 0.952148 0.301017 0.053577 0.069977 -0.304236 0.950023 0 0 0 0 1 0.99562 -0.027634 -0.089319 0 0.052903 0.954192 0.294482 0.053577 0.07709 -0.297917 0.951474 0 0 0 0 1 0.995406 -0.028698 -0.091343 0 0.053483 0.957964 0.281858 0.053577 0.079414 -0.285449 0.955098 0 0 0 0 1 0.995414 -0.030877 -0.090542 0 0.05414 0.962149 0.26709 0.053577 0.078868 -0.270768 0.959409 0 0 0 0 1 0.99568 -0.03417 -0.086339 0 0.055195 0.965525 0.254393 0.053577 0.07467 -0.258059 0.963239 0 0 0 0 1 0.99624 -0.036466 -0.078586 0 0.054791 0.967851 0.245485 0.053577 0.067108 -0.248868 0.96621 0 0 0 0 1 0.996747 -0.032992 -0.073527 0 0.050082 0.968378 0.244411 0.053577 0.063138 -0.247298 0.96688 0 0 0 0 1</float_array>
        <technique_common>
          <accessor source="#Head_matrix_Head_transform-output-array" count="56" stride="16">
            <param name="TRANSFORM" type="float4x4"/>
          </accessor>
        </technique_common>
      </source>
      <source id="Head_matrix_Head_transform-interpolations">
        <Name_array id="Head_matrix_Head_transform-interpolations-array" count="56">LINEAR LINEAR LINEAR LINEAR LINEAR LINEAR LINEAR LINEAR LINEAR LINEAR LINEAR LINEAR LINEAR LINEAR LINEAR LINEAR LINEAR LINEAR LINEAR LINEAR LINEAR LINEAR LINEAR LINEAR LINEAR LINEAR LINEAR LINEAR LINEAR LINEAR LINEAR LINEAR LINEAR LINEAR LINEAR LINEAR LINEAR LINEAR LINEAR LINEAR LINEAR LINEAR LINEAR LINEAR LINEAR LINEAR LINEAR LINEAR LINEAR LINEAR LINEAR LINEAR LINEAR LINEAR LINEAR LINEAR</Name_array>
        <technique_common>
          <accessor source="#Head_matrix_Head_transform-interpolations-array" count="56" stride="1">
            <param name="INTERPOLATION" type="Name"/>
          </accessor>
        </technique_common>
      </source>
      <sampler id="Head_matrix_Head_transform-sampler">
        <input semantic="INPUT" source="#Head_matrix_Head_transform-input"/>
        <input semantic="OUTPUT" source="#Head_matrix_Head_transform-output"/>
        <input semantic="INTERPOLATION" source="#Head_matrix_Head_transform-interpolations"/>
      </sampler>
      <channel source="#Head_matrix_Head_transform-sampler" target="Head/transform"/>
    </animation>
    <animation id="LeftShoulder_matrix">
      <source id="LeftShoulder_matrix_LeftShoulder_transform-input">
        <float_array id="LeftShoulder_matrix_LeftShoulder_transform-input-array" count="56">0 0.041666 0.083333 0.125 0.166667 0.208333 0.25 0.291667 0.333333 0.375 0.416667 0.458333 0.5 0.541667 0.583333 0.625 0.666667 0.708333 0.75 0.791667 0.833333 0.875 0.916667 0.958333 1 1.04167 1.08333 1.125 1.16667 1.20833 1.25 1.29167 1.33333 1.375 1.41667 1.45833 1.5 1.54167 1.58333 1.625 1.66667 1.70833 1.75 1.79167 1.83333 1.875 1.91667 1.95833 2 2.04167 2.08333 2.125 2.16667 2.20833 2.25 2.29167</float_array>
        <technique_common>
          <accessor source="#LeftShoulder_matrix_LeftShoulder_transform-input-array" count="56" stride="1">
            <param name="TIME" type="float"/>
          </accessor>
        </technique_common>
        <technique profile="MAYA">
          <pre_infinity>CONSTANT</pre_infinity>
          <post_infinity>CONSTANT</post_infinity>
        </technique>
      </source>
      <source id="LeftShoulder_matrix_LeftShoulder_transform-output">
        <float_array id="LeftShoulder_matrix_LeftShoulder_transform-output-array" count="896">-0.515206 0.856871 0.018275 0.017011 0.036609 0.043306 -0.998391 0.181867 -0.856284 -0.513708 -0.053681 0.084759 0 0 0 1 -0.511119 0.859218 0.022409 0.017011 0.03837 0.048855 -0.998069 0.181867 -0.858653 -0.509272 -0.057939 0.084759 0 0 0 1 -0.507293 0.861178 0.032031 0.017011 0.042229 0.061965 -0.997184 0.181867 -0.860738 -0.504512 -0.067802 0.084759 0 0 0 1 -0.508512 0.86 0.04262 0.017011 0.046137 0.07664 -0.995991 0.181867 -0.859818 -0.504507 -0.07865 0.084759 0 0 0 1 -0.508999 0.859383 0.048805 0.017011 0.048427 0.0852 -0.995186 0.181867 -0.859404 -0.504185 -0.084985 0.084759 0 0 0 1 -0.508593 0.859695 0.047518 0.017011 0.047975 0.0834 -0.995361 0.181867 -0.859669 -0.503954 -0.083661 0.084759 0 0 0 1 -0.503098 0.862967 0.046685 0.017011 0.048207 0.081958 -0.995469 0.181867 -0.862884 -0.498568 -0.082834 0.084759 0 0 0 1 -0.502831 0.862478 0.057381 0.017011 0.052376 0.096663 -0.993938 0.181867 -0.862797 -0.496777 -0.093778 0.084759 0 0 0 1 -0.504489 0.860551 0.070303 0.017011 0.057173 0.11454 -0.991772 0.181867 -0.861523 -0.496319 -0.106985 0.084759 0 0 0 1 -0.506721 0.857912 0.084972 0.017011 0.062511 0.134867 -0.98889 0.181867 -0.859841 -0.49578 -0.121969 0.084759 0 0 0 1 -0.505617 0.85718 0.097942 0.017011 0.067709 0.152597 -0.985966 0.181867 -0.860097 -0.49189 -0.135195 0.084759 0 0 0 1 -0.501918 0.858238 0.107269 0.017011 0.072073 0.165093 -0.983641 0.181867 -0.861907 -0.485976 -0.144719 0.084759 0 0 0 1 -0.496672 0.860687 0.111956 0.017011 0.074989 0.171063 -0.982402 0.181867 -0.864693 -0.479536 -0.149505 0.084759 0 0 0 1 -0.497921 0.860154 0.110501 0.017011 0.074153 0.169182 -0.982791 0.181867 -0.864046 -0.481158 -0.148023 0.084759 0 0 0 1 -0.499613 0.860436 0.100179 0.017011 0.06968 0.155191 -0.985424 0.181867 -0.863441 -0.48535 -0.137491 0.084759 0 0 0 1 -0.498939 0.862581 0.083754 0.017011 0.063249 0.132629 -0.989146 0.181867 -0.864326 -0.488226 -0.120732 0.084759 0 0 0 1 -0.500786 0.86316 0.064562 0.017011 0.05542 0.106411 -0.992777 0.181867 -0.863795 -0.49359 -0.101126 0.084759 0 0 0 1 -0.503756 0.862669 0.045081 0.017011 0.047516 0.079779 -0.995679 0.181867 -0.862538 -0.499437 -0.08118 0.084759 0 0 0 1 -0.498043 0.866632 0.030023 0.017011 0.042104 0.058749 -0.997384 0.181867 -0.86613 -0.495476 -0.065748 0.084759 0 0 0 1 -0.484765 0.874338 0.023162 0.017011 0.040197 0.048725 -0.998003 0.181867 -0.87372 -0.482866 -0.058767 0.084759 0 0 0 1 -0.478298 0.877807 0.026191 0.017011 0.04186 0.052578 -0.997739 0.181867 -0.877199 -0.47612 -0.061894 0.084759 0 0 0 1 -0.484994 0.873824 0.034824 0.017011 0.045016 0.064713 -0.996888 0.181867 -0.873358 -0.481917 -0.070722 0.084759 0 0 0 1 -0.4923 0.869369 0.042869 0.017011 0.047703 0.076125 -0.995956 0.181867 -0.869117 -0.488265 -0.078948 0.084759 0 0 0 1 -0.491787 0.869354 0.048675 0.017011 0.050103 0.084064 -0.9952 0.181867 -0.869273 -0.486988 -0.084899 0.084759 0 0 0 1 -0.486905 0.872034 0.049806 0.017011 0.051048 0.085335 -0.995044 0.181867 -0.871962 -0.481949 -0.086066 0.084759 0 0 0 1 -0.478391 0.877223 0.040259 0.017011 0.047807 0.071794 -0.996273 0.181867 -0.876845 -0.474684 -0.076283 0.084759 0 0 0 1 -0.471175 0.881581 0.028427 0.017011 0.043301 0.055309 -0.99753 0.181867 -0.880976 -0.46878 -0.064234 0.084759 0 0 0 1 -0.480135 0.876588 0.032614 0.017011 0.04445 0.061445 -0.99712 0.181867 -0.876068 -0.477303 -0.068466 0.084759 0 0 0 1 -0.492237 0.86948 0.041309 0.017011 0.04708 0.073981 -0.996148 0.181867 -0.869187 -0.488396 -0.077352 0.084759 0 0 0 1 -0.498588 0.865582 0.04667 0.017011 0.048634 0.081687 -0.995471 0.181867 -0.865474 -0.49406 -0.082825 0.084759 0 0 0 1 -0.503868 0.862367 0.049402 0.017011 0.049177 0.08574 -0.995103 0.181867 -0.86238 -0.498971 -0.085611 0.084759 0 0 0 1 -0.502621 0.863094 0.049405 0.017011 0.049307 0.085676 -0.995102 0.181867 -0.863099 -0.497723 -0.08562 0.084759 0 0 0 1 -0.494297 0.868125 0.045048 0.017011 0.048397 0.079224 -0.995681 0.181867 -0.867945 -0.489982 -0.081175 0.084759 0 0 0 1 -0.486776 0.87259 0.040447 0.017011 0.047202 0.072511 -0.99625 0.181867 -0.872251 -0.483041 -0.076485 0.084759 0 0 0 1 -0.486611 0.872772 0.038452 0.017011 0.046393 0.069769 -0.996484 0.181867 -0.872386 -0.483116 -0.074441 0.084759 0 0 0 1 -0.491687 0.869792 0.041293 0.017011 0.047123 0.07393 -0.996149 0.181867 -0.869496 -0.487848 -0.077338 0.084759 0 0 0 1 -0.499441 0.86484 0.051092 0.017011 0.050284 0.087812 -0.994867 0.181867 -0.864887 -0.494308 -0.087345 0.084759 0 0 0 1 -0.506117 0.860053 0.064453 0.017011 0.054704 0.106594 -0.992797 0.181867 -0.860728 -0.498946 -0.100998 0.084759 0 0 0 1 -0.511202 0.855823 0.078993 0.017011 0.059523 0.126944 -0.990122 0.181867 -0.857397 -0.501451 -0.115836 0.084759 0 0 0 1 -0.517208 0.85131 0.088129 0.017011 0.061977 0.139957 -0.988216 0.181867 -0.853613 -0.505651 -0.125149 0.084759 0 0 0 1 -0.52165 0.848804 0.086095 0.017011 0.060505 0.137466 -0.988657 0.181867 -0.851011 -0.510524 -0.123067 0.084759 0 0 0 1 -0.529545 0.844461 0.080429 0.017011 0.057235 0.130167 -0.989839 0.181867 -0.846349 -0.51956 -0.117262 0.084759 0 0 0 1 -0.529629 0.844984 0.074133 0.017011 0.055051 0.121456 -0.991069 0.181867 -0.846441 -0.520817 -0.110844 0.084759 0 0 0 1 -0.52116 0.851049 0.064098 0.017011 0.052645 0.107018 -0.992862 0.181867 -0.851834 -0.514066 -0.100577 0.084759 0 0 0 1 -0.515753 0.855083 0.053215 0.017011 0.049349 0.091661 -0.994567 0.181867 -0.855315 -0.510325 -0.089472 0.084759 0 0 0 1 -0.518628 0.853607 0.048789 0.017011 0.047432 0.085701 -0.995191 0.181867 -0.853683 -0.51382 -0.084935 0.084759 0 0 0 1 -0.523267 0.850596 0.051752 0.017011 0.048006 0.090057 -0.994779 0.181867 -0.850816 -0.51805 -0.087958 0.084759 0 0 0 1 -0.525897 0.848672 0.056459 0.017011 0.049378 0.096732 -0.994085 0.181867 -0.849114 -0.519998 -0.092777 0.084759 0 0 0 1 -0.52457 0.849368 0.05831 0.017011 0.050185 0.09922 -0.993799 0.181867 -0.849887 -0.518391 -0.094674 0.084759 0 0 0 1 -0.519327 0.85255 0.058808 0.017011 0.050982 0.099602 -0.99372 0.181867 -0.853053 -0.513068 -0.095191 0.084759 0 0 0 1 -0.517954 0.853384 0.058819 0.017011 0.051149 0.099537 -0.993718 0.181867 -0.853878 -0.511692 -0.095205 0.084759 0 0 0 1 -0.518818 0.852929 0.057797 0.017011 0.050678 0.098174 -0.993878 0.181867 -0.853381 -0.512713 -0.094159 0.084759 0 0 0 1 -0.519453 0.852855 0.052975 0.017011 0.048866 0.091543 -0.994601 0.181867 -0.8531 -0.51406 -0.089228 0.084759 0 0 0 1 -0.518656 0.853918 0.042663 0.017011 0.045223 0.077229 -0.995987 0.181867 -0.853786 -0.514645 -0.078672 0.084759 0 0 0 1 -0.516816 0.855605 0.028987 0.017011 0.040414 0.058206 -0.997486 0.181867 -0.855142 -0.514346 -0.064661 0.084759 0 0 0 1 -0.515406 0.856722 0.019613 0.017011 0.037087 0.045166 -0.998291 0.181867 -0.856143 -0.513797 -0.055052 0.084759 0 0 0 1</float_array>
        <technique_common>
          <accessor source="#LeftShoulder_matrix_LeftShoulder_transform-output-array" count="56" stride="16">
            <param name="TRANSFORM" type="float4x4"/>
          </accessor>
        </technique_common>
      </source>
      <source id="LeftShoulder_matrix_LeftShoulder_transform-interpolations">
        <Name_array id="LeftShoulder_matrix_LeftShoulder_transform-interpolations-array" count="56">LINEAR LINEAR LINEAR LINEAR LINEAR LINEAR LINEAR LINEAR LINEAR LINEAR LINEAR LINEAR LINEAR LINEAR LINEAR LINEAR LINEAR LINEAR LINEAR LINEAR LINEAR LINEAR LINEAR LINEAR LINEAR LINEAR LINEAR LINEAR LINEAR LINEAR LINEAR LINEAR LINEAR LINEAR LINEAR LINEAR LINEAR LINEAR LINEAR LINEAR LINEAR LINEAR LINEAR LINEAR LINEAR LINEAR LINEAR LINEAR LINEAR LINEAR LINEAR LINEAR LINEAR LINEAR LINEAR LINEAR</Name_array>
        <technique_common>
          <accessor source="#LeftShoulder_matrix_LeftShoulder_transform-interpolations-array" count="56" stride="1">
            <param name="INTERPOLATION" type="Name"/>
          </accessor>
        </technique_common>
      </source>
      <sampler id="LeftShoulder_matrix_LeftShoulder_transform-sampler">
        <input semantic="INPUT" source="#LeftShoulder_matrix_LeftShoulder_transform-input"/>
        <input semantic="OUTPUT" source="#LeftShoulder_matrix_LeftShoulder_transform-output"/>
        <input semantic="INTERPOLATION" source="#LeftShoulder_matrix_LeftShoulder_transform-interpolations"/>
      </sampler>
      <channel source="#LeftShoulder_matrix_LeftShoulder_transform-sampler" target="LeftShoulder/transform"/>
    </animation>
    <animation id="LeftArm_matrix">
      <source id="LeftArm_matrix_LeftArm_transform-input">
        <float_array id="LeftArm_matrix_LeftArm_transform-input-array" count="56">0 0.041666 0.083333 0.125 0.166667 0.208333 0.25 0.291667 0.333333 0.375 0.416667 0.458333 0.5 0.541667 0.583333 0.625 0.666667 0.708333 0.75 0.791667 0.833333 0.875 0.916667 0.958333 1 1.04167 1.08333 1.125 1.16667 1.20833 1.25 1.29167 1.33333 1.375 1.41667 1.45833 1.5 1.54167 1.58333 1.625 1.66667 1.70833 1.75 1.79167 1.83333 1.875 1.91667 1.95833 2 2.04167 2.08333 2.125 2.16667 2.20833 2.25 2.29167</float_array>
        <technique_common>
          <accessor source="#LeftArm_matrix_LeftArm_transform-input-array" count="56" stride="1">
            <param name="TIME" type="float"/>
          </accessor>
        </technique_common>
        <technique profile="MAYA">
          <pre_infinity>CONSTANT</pre_infinity>
          <post_infinity>CONSTANT</post_infinity>
        </technique>
      </source>
      <source id="LeftArm_matrix_LeftArm_transform-output">
        <float_array id="LeftArm_matrix_LeftArm_transform-output-array" count="896">0.853232 0.122317 0.506985 0 0.439532 0.354609 -0.825266 0.188543 -0.280725 0.92698 0.248801 0 0 0 0 1 0.837223 0.101201 0.537416 0 0.473429 0.357752 -0.804909 0.188543 -0.273719 0.928317 0.251607 0 0 0 0 1 0.830512 0.09359 0.549081 0 0.485556 0.361365 -0.796022 0.188543 -0.272919 0.927715 0.254674 0 0 0 0 1 0.830049 0.090518 0.550296 0 0.48747 0.361568 -0.794759 0.188543 -0.27091 0.927941 0.255994 0 0 0 0 1 0.833845 0.091177 0.544416 0 0.481568 0.361905 -0.798196 0.188543 -0.269804 0.927745 0.257865 0 0 0 0 1 0.836186 0.090838 0.54087 0 0.472608 0.381025 -0.794646 0.188543 -0.27827 0.920091 0.275677 0 0 0 0 1 0.828151 0.084878 0.554041 0 0.476878 0.412729 -0.776042 0.188543 -0.294538 0.90689 0.301325 0 0 0 0 1 0.810057 0.088477 0.579637 0 0.486669 0.449931 -0.74881 0.188543 -0.327049 0.88867 0.32141 0 0 0 0 1 0.789192 0.111664 0.603909 0 0.482855 0.494829 -0.722493 0.188543 -0.379508 0.861786 0.336598 0 0 0 0 1 0.764871 0.136546 0.629546 0 0.478595 0.533686 -0.697227 0.188543 -0.431183 0.834586 0.342851 0 0 0 0 1 0.742077 0.163092 0.650171 0 0.469927 0.565101 -0.678107 0.188543 -0.478006 0.808741 0.342707 0 0 0 0 1 0.723922 0.182664 0.66526 0 0.461215 0.588989 -0.663606 0.188543 -0.513048 0.787227 0.342134 0 0 0 0 1 0.717796 0.184806 0.671279 0 0.456781 0.602647 -0.654345 0.188543 -0.525472 0.776314 0.348162 0 0 0 0 1 0.731833 0.164683 0.661286 0 0.457429 0.600578 -0.655793 0.188543 -0.505152 0.782423 0.364192 0 0 0 0 1 0.767583 0.155195 0.621876 0 0.439016 0.579611 -0.686525 0.188543 -0.466991 0.799979 0.376766 0 0 0 0 1 0.820028 0.154564 0.551058 0 0.395146 0.543625 -0.740494 0.188543 -0.414022 0.824974 0.384712 0 0 0 0 1 0.87754 0.140605 0.458425 0 0.333148 0.508828 -0.793793 0.188543 -0.34487 0.849308 0.399675 0 0 0 0 1 0.926891 0.104873 0.360382 0 0.268893 0.484345 -0.83253 0.188543 -0.261859 0.868569 0.420735 0 0 0 0 1 0.961565 0.057572 0.268474 0 0.212021 0.465604 -0.859221 0.188543 -0.17447 0.883119 0.435501 0 0 0 0 1 0.978607 0.017865 0.204962 0 0.175325 0.448866 -0.876231 0.188543 -0.107655 0.893421 0.436131 0 0 0 0 1 0.984993 0.000235 0.172595 0 0.155437 0.433466 -0.887664 0.188543 -0.075023 0.90117 0.426925 0 0 0 0 1 0.985297 -0.001776 0.170841 0 0.155492 0.423679 -0.892367 0.188543 -0.070796 0.905811 0.417726 0 0 0 0 1 0.983252 0.008965 0.182029 0 0.161523 0.419733 -0.89316 0.188543 -0.084411 0.907604 0.411255 0 0 0 0 1 0.982639 0.031483 0.182839 0 0.152911 0.420673 -0.894233 0.188543 -0.105069 0.906666 0.408555 0 0 0 0 1 0.985757 0.055451 0.158773 0 0.120671 0.424377 -0.897409 0.188543 -0.117142 0.903786 0.411641 0 0 0 0 1 0.989464 0.079792 0.120803 0 0.075055 0.430809 -0.899317 0.188543 -0.123802 0.898909 0.420281 0 0 0 0 1 0.989862 0.105958 0.094587 0 0.039484 0.434416 -0.899846 0.188543 -0.136436 0.894458 0.425828 0 0 0 0 1 0.985648 0.132487 0.104615 0 0.038046 0.429429 -0.902299 0.188543 -0.164468 0.89333 0.418225 0 0 0 0 1 0.977711 0.143214 0.153527 0 0.079515 0.424189 -0.902076 0.188543 -0.194314 0.894178 0.403347 0 0 0 0 1 0.96589 0.140745 0.217367 0 0.139784 0.423221 -0.895179 0.188543 -0.217986 0.895028 0.38911 0 0 0 0 1 0.953322 0.132882 0.271143 0 0.191589 0.427864 -0.883304 0.188543 -0.233388 0.894022 0.382433 0 0 0 0 1 0.942929 0.119585 0.310779 0 0.231292 0.436213 -0.869611 0.188543 -0.239558 0.891862 0.383659 0 0 0 0 1 0.933024 0.101464 0.345212 0 0.266723 0.448925 -0.852834 0.188543 -0.241506 0.88779 0.391795 0 0 0 0 1 0.921698 0.089536 0.377433 0 0.297347 0.461773 -0.835673 0.188543 -0.249112 0.882467 0.398992 0 0 0 0 1 0.906647 0.090697 0.412025 0 0.324329 0.474753 -0.818181 0.188543 -0.269817 0.875433 0.401018 0 0 0 0 1 0.887331 0.102028 0.449705 0 0.349086 0.488581 -0.799642 0.188543 -0.301303 0.866533 0.397916 0 0 0 0 1 0.867728 0.111481 0.484377 0 0.371621 0.501641 -0.781187 0.188543 -0.330071 0.857862 0.39386 0 0 0 0 1 0.848213 0.113598 0.517329 0 0.395046 0.514919 -0.760787 0.188543 -0.352806 0.849679 0.391884 0 0 0 0 1 0.832702 0.107477 0.543191 0 0.415202 0.527844 -0.740937 0.188543 -0.366354 0.842514 0.394912 0 0 0 0 1 0.822248 0.101126 0.560074 0 0.428985 0.536572 -0.726679 0.188543 -0.374006 0.837773 0.397813 0 0 0 0 1 0.819145 0.106709 0.563574 0 0.430475 0.534966 -0.726981 0.188543 -0.379069 0.838107 0.392279 0 0 0 0 1 0.825509 0.117812 0.551956 0 0.423228 0.517773 -0.743498 0.188543 -0.373381 0.847367 0.377565 0 0 0 0 1 0.838696 0.120038 0.531206 0 0.417004 0.485822 -0.76817 0.188543 -0.350282 0.865776 0.357401 0 0 0 0 1 0.848553 0.106176 0.518348 0 0.42495 0.446914 -0.787201 0.188543 -0.31524 0.888253 0.334111 0 0 0 0 1 0.850264 0.082986 0.519773 0 0.447052 0.407396 -0.79635 0.188543 -0.27784 0.909473 0.309295 0 0 0 0 1 0.850676 0.065381 0.521609 0 0.463153 0.376162 -0.802491 0.188543 -0.248678 0.924244 0.28971 0 0 0 0 1 0.849924 0.058732 0.523622 0 0.471012 0.360746 -0.804991 0.188543 -0.236174 0.930813 0.278942 0 0 0 0 1 0.845612 0.053363 0.531124 0 0.479415 0.361622 -0.799619 0.188543 -0.234737 0.930796 0.280209 0 0 0 0 1 0.839723 0.050638 0.540649 0 0.486533 0.371988 -0.790513 0.188543 -0.241146 0.926855 0.287729 0 0 0 0 1 0.834705 0.055982 0.547845 0 0.489337 0.380953 -0.78449 0.188543 -0.252621 0.922898 0.290589 0 0 0 0 1 0.833225 0.068625 0.54866 0 0.484753 0.386673 -0.784537 0.188543 -0.265991 0.91966 0.288919 0 0 0 0 1 0.833209 0.087469 0.545997 0 0.47627 0.388158 -0.788987 0.188543 -0.280945 0.917432 0.281758 0 0 0 0 1 0.835173 0.108092 0.539261 0 0.464504 0.386371 -0.79684 0.188543 -0.294486 0.915988 0.272477 0 0 0 0 1 0.841705 0.12523 0.525214 0 0.448757 0.378664 -0.809463 0.188543 -0.300249 0.917023 0.262526 0 0 0 0 1 0.850968 0.134321 0.507752 0 0.432775 0.368437 -0.822776 0.188543 -0.29759 0.919898 0.255397 0 0 0 0 1 0.853516 0.125401 0.505752 0 0.436801 0.35702 -0.825676 0.188543 -0.284104 0.925641 0.249947 0 0 0 0 1</float_array>
        <technique_common>
          <accessor source="#LeftArm_matrix_LeftArm_transform-output-array" count="56" stride="16">
            <param name="TRANSFORM" type="float4x4"/>
          </accessor>
        </technique_common>
      </source>
      <source id="LeftArm_matrix_LeftArm_transform-interpolations">
        <Name_array id="LeftArm_matrix_LeftArm_transform-interpolations-array" count="56">LINEAR LINEAR LINEAR LINEAR LINEAR LINEAR LINEAR LINEAR LINEAR LINEAR LINEAR LINEAR LINEAR LINEAR LINEAR LINEAR LINEAR LINEAR LINEAR LINEAR LINEAR LINEAR LINEAR LINEAR LINEAR LINEAR LINEAR LINEAR LINEAR LINEAR LINEAR LINEAR LINEAR LINEAR LINEAR LINEAR LINEAR LINEAR LINEAR LINEAR LINEAR LINEAR LINEAR LINEAR LINEAR LINEAR LINEAR LINEAR LINEAR LINEAR LINEAR LINEAR LINEAR LINEAR LINEAR LINEAR</Name_array>
        <technique_common>
          <accessor source="#LeftArm_matrix_LeftArm_transform-interpolations-array" count="56" stride="1">
            <param name="INTERPOLATION" type="Name"/>
          </accessor>
        </technique_common>
      </source>
      <sampler id="LeftArm_matrix_LeftArm_transform-sampler">
        <input semantic="INPUT" source="#LeftArm_matrix_LeftArm_transform-input"/>
        <input semantic="OUTPUT" source="#LeftArm_matrix_LeftArm_transform-output"/>
        <input semantic="INTERPOLATION" source="#LeftArm_matrix_LeftArm_transform-interpolations"/>
      </sampler>
      <channel source="#LeftArm_matrix_LeftArm_transform-sampler" target="LeftArm/transform"/>
    </animation>
    <animation id="LeftForeArm_matrix">
      <source id="LeftForeArm_matrix_LeftForeArm_transform-input">
        <float_array id="LeftForeArm_matrix_LeftForeArm_transform-input-array" count="56">0 0.041666 0.083333 0.125 0.166667 0.208333 0.25 0.291667 0.333333 0.375 0.416667 0.458333 0.5 0.541667 0.583333 0.625 0.666667 0.708333 0.75 0.791667 0.833333 0.875 0.916667 0.958333 1 1.04167 1.08333 1.125 1.16667 1.20833 1.25 1.29167 1.33333 1.375 1.41667 1.45833 1.5 1.54167 1.58333 1.625 1.66667 1.70833 1.75 1.79167 1.83333 1.875 1.91667 1.95833 2 2.04167 2.08333 2.125 2.16667 2.20833 2.25 2.29167</float_array>
        <technique_common>
          <accessor source="#LeftForeArm_matrix_LeftForeArm_transform-input-array" count="56" stride="1">
            <param name="TIME" type="float"/>
          </accessor>
        </technique_common>
        <technique profile="MAYA">
          <pre_infinity>CONSTANT</pre_infinity>
          <post_infinity>CONSTANT</post_infinity>
        </technique>
      </source>
      <source id="LeftForeArm_matrix_LeftForeArm_transform-output">
        <float_array id="LeftForeArm_matrix_LeftForeArm_transform-output-array" count="896">0.243262 -0.969961 0 0.000005 0.969959 0.243262 -0.001515 0.3215 0.001469 0.000368 0.999999 0 0 0 0 1 0.241322 -0.970445 0 0.000005 0.970444 0.241322 -0.001515 0.3215 0.00147 0.000365 0.999999 0 0 0 0 1 0.214249 -0.976779 0 0.000005 0.976778 0.214249 -0.001515 0.3215 0.00148 0.000324 0.999999 0 0 0 0 1 0.191684 -0.981457 0 0.000005 0.981456 0.191683 -0.001515 0.3215 0.001487 0.00029 0.999999 0 0 0 0 1 0.189199 -0.981939 0 0.000005 0.981938 0.189199 -0.001515 0.3215 0.001487 0.000286 0.999999 0 0 0 0 1 0.18913 -0.981952 0 0.000005 0.981951 0.18913 -0.001515 0.3215 0.001487 0.000286 0.999999 0 0 0 0 1 0.191319 -0.981528 0 0.000005 0.981527 0.191319 -0.001515 0.3215 0.001487 0.000289 0.999999 0 0 0 0 1 0.177333 -0.984151 0 0.000005 0.98415 0.177333 -0.001515 0.3215 0.001491 0.000268 0.999999 0 0 0 0 1 0.130129 -0.991497 0 0.000005 0.991496 0.130129 -0.001515 0.3215 0.001502 0.000197 0.999999 0 0 0 0 1 0.079299 -0.996851 0 0.000005 0.99685 0.079299 -0.001515 0.3215 0.00151 0.00012 0.999999 0 0 0 0 1 0.030581 -0.999532 0 0.000005 0.999531 0.030581 -0.001515 0.3215 0.001514 0.000046 0.999999 0 0 0 0 1 -0.010546 -0.999944 0 0.000005 0.999943 -0.010546 -0.001515 0.3215 0.001515 -0.000015 0.999999 0 0 0 0 1 -0.034971 -0.999388 0 0.000005 0.999387 -0.034971 -0.001515 0.3215 0.001514 -0.000053 0.999999 0 0 0 0 1 -0.023857 -0.999715 0 0.000005 0.999714 -0.023857 -0.001515 0.3215 0.001514 -0.000036 0.999999 0 0 0 0 1 0.013273 -0.999912 0 0.000005 0.999911 0.013273 -0.001515 0.3215 0.001515 0.00002 0.999999 0 0 0 0 1 0.040325 -0.999187 0 0.000005 0.999185 0.040325 -0.001515 0.3215 0.001514 0.000061 0.999999 0 0 0 0 1 0.040795 -0.999168 0 0.000005 0.999166 0.040795 -0.001515 0.3215 0.001514 0.000061 0.999999 0 0 0 0 1 0.028942 -0.999581 0 0.000005 0.99958 0.028941 -0.001515 0.3215 0.001514 0.000043 0.999999 0 0 0 0 1 0.020525 -0.999789 0 0.000005 0.999788 0.020525 -0.001515 0.3215 0.001514 0.000031 0.999999 0 0 0 0 1 -0.000565 -1 0 0.000005 0.999999 -0.000565 -0.001515 0.3215 0.001515 -0.000000 0.999999 0 0 0 0 1 -0.056883 -0.998381 0 0.000005 0.99838 -0.056883 -0.001515 0.3215 0.001512 -0.000086 0.999999 0 0 0 0 1 -0.123017 -0.992405 0 0.000005 0.992403 -0.123017 -0.001515 0.3215 0.001503 -0.000186 0.999999 0 0 0 0 1 -0.174716 -0.984619 0 0.000005 0.984618 -0.174715 -0.001515 0.3215 0.001491 -0.000264 0.999999 0 0 0 0 1 -0.197794 -0.980244 0 0.000005 0.980243 -0.197793 -0.001515 0.3215 0.001485 -0.000299 0.999999 0 0 0 0 1 -0.167012 -0.985955 0 0.000005 0.985954 -0.167012 -0.001515 0.3215 0.001493 -0.000253 0.999999 0 0 0 0 1 -0.082677 -0.996576 0 0.000005 0.996575 -0.082677 -0.001515 0.3215 0.00151 -0.000125 0.999999 0 0 0 0 1 -0.020668 -0.999786 0 0.000005 0.999785 -0.020668 -0.001515 0.3215 0.001514 -0.000031 0.999999 0 0 0 0 1 -0.021374 -0.999772 0 0.000005 0.99977 -0.021374 -0.001515 0.3215 0.001514 -0.000032 0.999999 0 0 0 0 1 -0.058901 -0.998264 0 0.000005 0.998263 -0.058901 -0.001515 0.3215 0.001512 -0.000089 0.999999 0 0 0 0 1 -0.09573 -0.995407 0 0.000005 0.995406 -0.09573 -0.001515 0.3215 0.001508 -0.000145 0.999999 0 0 0 0 1 -0.107176 -0.99424 0 0.000005 0.994239 -0.107176 -0.001515 0.3215 0.001506 -0.000162 0.999999 0 0 0 0 1 -0.099874 -0.995 0 0.000005 0.994999 -0.099873 -0.001515 0.3215 0.001507 -0.000151 0.999999 0 0 0 0 1 -0.07148 -0.997442 0 0.000005 0.997441 -0.07148 -0.001515 0.3215 0.001511 -0.000108 0.999999 0 0 0 0 1 -0.034586 -0.999402 0 0.000005 0.999401 -0.034586 -0.001515 0.3215 0.001514 -0.000052 0.999999 0 0 0 0 1 -0.011011 -0.999939 0 0.000005 0.999938 -0.011011 -0.001515 0.3215 0.001515 -0.000016 0.999999 0 0 0 0 1 -0.009754 -0.999952 0 0.000005 0.999951 -0.009754 -0.001515 0.3215 0.001515 -0.000014 0.999999 0 0 0 0 1 -0.015268 -0.999883 0 0.000005 0.999882 -0.015268 -0.001515 0.3215 0.001515 -0.000023 0.999999 0 0 0 0 1 -0.028334 -0.999599 0 0.000005 0.999597 -0.028334 -0.001515 0.3215 0.001514 -0.000042 0.999999 0 0 0 0 1 -0.044896 -0.998992 0 0.000005 0.998991 -0.044895 -0.001515 0.3215 0.001513 -0.000068 0.999999 0 0 0 0 1 -0.054629 -0.998507 0 0.000005 0.998506 -0.054629 -0.001515 0.3215 0.001513 -0.000082 0.999999 0 0 0 0 1 -0.052111 -0.998641 0 0.000005 0.99864 -0.052111 -0.001515 0.3215 0.001513 -0.000078 0.999999 0 0 0 0 1 -0.036589 -0.99933 0 0.000005 0.999329 -0.036589 -0.001515 0.3215 0.001514 -0.000055 0.999999 0 0 0 0 1 -0.013608 -0.999907 0 0.000005 0.999906 -0.013608 -0.001515 0.3215 0.001515 -0.00002 0.999999 0 0 0 0 1 0.01292 -0.999917 0 0.000005 0.999915 0.01292 -0.001515 0.3215 0.001515 0.000019 0.999999 0 0 0 0 1 0.04128 -0.999148 0 0.000005 0.999146 0.04128 -0.001515 0.3215 0.001513 0.000062 0.999999 0 0 0 0 1 0.06739 -0.997727 0 0.000005 0.997726 0.06739 -0.001515 0.3215 0.001511 0.000102 0.999999 0 0 0 0 1 0.077898 -0.996961 0 0.000005 0.99696 0.077898 -0.001515 0.3215 0.00151 0.000118 0.999999 0 0 0 0 1 0.077935 -0.996958 0 0.000005 0.996957 0.077935 -0.001515 0.3215 0.00151 0.000118 0.999999 0 0 0 0 1 0.08617 -0.99628 0 0.000005 0.996279 0.08617 -0.001515 0.3215 0.001509 0.00013 0.999999 0 0 0 0 1 0.103781 -0.9946 0 0.000005 0.994599 0.103781 -0.001515 0.3215 0.001507 0.000157 0.999999 0 0 0 0 1 0.120268 -0.992741 0 0.000005 0.99274 0.120268 -0.001515 0.3215 0.001504 0.000182 0.999999 0 0 0 0 1 0.137878 -0.990449 0 0.000005 0.990448 0.137878 -0.001515 0.3215 0.0015 0.000208 0.999999 0 0 0 0 1 0.156806 -0.987629 0 0.000005 0.987628 0.156806 -0.001515 0.3215 0.001496 0.000237 0.999999 0 0 0 0 1 0.182478 -0.98321 0 0.000005 0.983209 0.182478 -0.001515 0.3215 0.001489 0.000276 0.999999 0 0 0 0 1 0.21041 -0.977613 0 0.000005 0.977612 0.21041 -0.001515 0.3215 0.001481 0.000318 0.999999 0 0 0 0 1 0.237878 -0.971295 0 0.000005 0.971294 0.237878 -0.001515 0.3215 0.001471 0.00036 0.999999 0 0 0 0 1</float_array>
        <technique_common>
          <accessor source="#LeftForeArm_matrix_LeftForeArm_transform-output-array" count="56" stride="16">
            <param name="TRANSFORM" type="float4x4"/>
          </accessor>
        </technique_common>
      </source>
      <source id="LeftForeArm_matrix_LeftForeArm_transform-interpolations">
        <Name_array id="LeftForeArm_matrix_LeftForeArm_transform-interpolations-array" count="56">LINEAR LINEAR LINEAR LINEAR LINEAR LINEAR LINEAR LINEAR LINEAR LINEAR LINEAR LINEAR LINEAR LINEAR LINEAR LINEAR LINEAR LINEAR LINEAR LINEAR LINEAR LINEAR LINEAR LINEAR LINEAR LINEAR LINEAR LINEAR LINEAR LINEAR LINEAR LINEAR LINEAR LINEAR LINEAR LINEAR LINEAR LINEAR LINEAR LINEAR LINEAR LINEAR LINEAR LINEAR LINEAR LINEAR LINEAR LINEAR LINEAR LINEAR LINEAR LINEAR LINEAR LINEAR LINEAR LINEAR</Name_array>
        <technique_common>
          <accessor source="#LeftForeArm_matrix_LeftForeArm_transform-interpolations-array" count="56" stride="1">
            <param name="INTERPOLATION" type="Name"/>
          </accessor>
        </technique_common>
      </source>
      <sampler id="LeftForeArm_matrix_LeftForeArm_transform-sampler">
        <input semantic="INPUT" source="#LeftForeArm_matrix_LeftForeArm_transform-input"/>
        <input semantic="OUTPUT" source="#LeftForeArm_matrix_LeftForeArm_transform-output"/>
        <input semantic="INTERPOLATION" source="#LeftForeArm_matrix_LeftForeArm_transform-interpolations"/>
      </sampler>
      <channel source="#LeftForeArm_matrix_LeftForeArm_transform-sampler" target="LeftForeArm/transform"/>
    </animation>
    <animation id="LeftHand_matrix">
      <source id="LeftHand_matrix_LeftHand_transform-input">
        <float_array id="LeftHand_matrix_LeftHand_transform-input-array" count="56">0 0.041666 0.083333 0.125 0.166667 0.208333 0.25 0.291667 0.333333 0.375 0.416667 0.458333 0.5 0.541667 0.583333 0.625 0.666667 0.708333 0.75 0.791667 0.833333 0.875 0.916667 0.958333 1 1.04167 1.08333 1.125 1.16667 1.20833 1.25 1.29167 1.33333 1.375 1.41667 1.45833 1.5 1.54167 1.58333 1.625 1.66667 1.70833 1.75 1.79167 1.83333 1.875 1.91667 1.95833 2 2.04167 2.08333 2.125 2.16667 2.20833 2.25 2.29167</float_array>
        <technique_common>
          <accessor source="#LeftHand_matrix_LeftHand_transform-input-array" count="56" stride="1">
            <param name="TIME" type="float"/>
          </accessor>
        </technique_common>
        <technique profile="MAYA">
          <pre_infinity>CONSTANT</pre_infinity>
          <post_infinity>CONSTANT</post_infinity>
        </technique>
      </source>
      <source id="LeftHand_matrix_LeftHand_transform-output">
        <float_array id="LeftHand_matrix_LeftHand_transform-output-array" count="896">0.996208 -0.08576 -0.014669 0.000005 0.082633 0.985376 -0.149013 0.244116 0.027234 0.147236 0.988726 0 0 0 0 1 0.996829 -0.077306 0.018853 0.000005 0.079341 0.983654 -0.16165 0.244116 -0.006048 0.162633 0.986668 0 0 0 0 1 0.996966 -0.061181 0.048112 0.000005 0.068366 0.983824 -0.165579 0.244116 -0.037204 0.168366 0.985022 0 0 0 0 1 0.996443 -0.04988 0.067928 0.000005 0.060639 0.984109 -0.166888 0.244116 -0.058524 0.170413 0.983633 0 0 0 0 1 0.995434 -0.04635 0.083438 0.000005 0.060159 0.983354 -0.171453 0.244116 -0.074102 0.17569 0.981653 0 0 0 0 1 0.998037 -0.049845 0.037926 0.000005 0.055943 0.981724 -0.1819 0.244116 -0.028166 0.183665 0.982585 0 0 0 0 1 0.998579 -0.053269 0.001214 0.000005 0.052497 0.979687 -0.193538 0.244116 0.009119 0.193327 0.981092 0 0 0 0 1 0.998745 -0.049722 0.005995 0.000005 0.049939 0.97964 -0.194451 0.244116 0.003795 0.194506 0.980894 0 0 0 0 1 0.99838 -0.046973 -0.032103 0.000005 0.040185 0.981618 -0.186576 0.244116 0.040277 0.184983 0.981916 0 0 0 0 1 0.99688 -0.042826 -0.066296 0.000005 0.030569 0.983926 -0.175943 0.244116 0.072765 0.173368 0.982165 0 0 0 0 1 0.995849 -0.041148 -0.081187 0.000005 0.02679 0.984975 -0.170608 0.244116 0.086987 0.167725 0.981988 0 0 0 0 1 0.995787 -0.043053 -0.080963 0.000005 0.028879 0.98524 -0.168724 0.244116 0.087032 0.165675 0.982333 0 0 0 0 1 0.995565 -0.050132 -0.079604 0.000005 0.036085 0.984956 -0.168996 0.244116 0.086879 0.165374 0.982397 0 0 0 0 1 0.994834 -0.070486 -0.073058 0.000005 0.056781 0.982908 -0.175122 0.244116 0.084153 0.170068 0.981832 0 0 0 0 1 0.993342 -0.094453 -0.065961 0.000005 0.080955 0.97965 -0.183664 0.244116 0.081966 0.177101 0.980774 0 0 0 0 1 0.990257 -0.1146 -0.07911 0.000005 0.098554 0.978112 -0.183258 0.244116 0.09838 0.173676 0.979876 0 0 0 0 1 0.989114 -0.127567 -0.073345 0.000005 0.11344 0.978526 -0.172097 0.244116 0.093723 0.161903 0.982346 0 0 0 0 1 0.988353 -0.141925 -0.054919 0.000005 0.132181 0.979449 -0.152339 0.244116 0.075411 0.143305 0.986801 0 0 0 0 1 0.986729 -0.155729 -0.045977 0.000005 0.148047 0.97914 -0.139163 0.244116 0.06669 0.130509 0.989202 0 0 0 0 1 0.986149 -0.162053 -0.035349 0.000005 0.15658 0.979867 -0.123868 0.244116 0.054711 0.116617 0.991669 0 0 0 0 1 0.987925 -0.154714 -0.008235 0.000005 0.152914 0.982226 -0.108855 0.244116 0.02493 0.106281 0.994024 0 0 0 0 1 0.989234 -0.143889 0.026686 0.000005 0.145853 0.984295 -0.099444 0.244116 -0.011958 0.102266 0.994685 0 0 0 0 1 0.989352 -0.135516 0.053093 0.000005 0.140064 0.985652 -0.094192 0.244116 -0.039567 0.100626 0.994137 0 0 0 0 1 0.990243 -0.127616 0.055964 0.000005 0.132825 0.985861 -0.102152 0.244116 -0.042137 0.108589 0.993193 0 0 0 0 1 0.99164 -0.118222 0.051708 0.000005 0.124206 0.983143 -0.134177 0.244116 -0.034973 0.139477 0.989607 0 0 0 0 1 0.991626 -0.129081 0.003901 0.000005 0.127818 0.976716 -0.172303 0.244116 0.01843 0.171359 0.985036 0 0 0 0 1 0.989026 -0.124971 -0.078801 0.000005 0.107297 0.974236 -0.198371 0.244116 0.101562 0.187739 0.976954 0 0 0 0 1 0.990667 -0.11572 -0.07202 0.000005 0.098741 0.97355 -0.206036 0.244116 0.093957 0.197002 0.97589 0 0 0 0 1 0.992661 -0.114202 -0.039774 0.000005 0.103518 0.972483 -0.208713 0.244116 0.062515 0.203064 0.977168 0 0 0 0 1 0.994205 -0.10644 -0.015085 0.000005 0.100855 0.972075 -0.211894 0.244116 0.037217 0.209144 0.977176 0 0 0 0 1 0.994859 -0.094182 0.037212 0.000005 0.10005 0.970944 -0.217386 0.244116 -0.015657 0.219992 0.975376 0 0 0 0 1 0.994475 -0.075598 0.07283 0.000005 0.090481 0.969071 -0.229595 0.244116 -0.053221 0.234916 0.970558 0 0 0 0 1 0.994934 -0.060874 0.08 0.000005 0.078668 0.966933 -0.242595 0.244116 -0.062587 0.24766 0.966823 0 0 0 0 1 0.995457 -0.039455 0.086653 0.000005 0.06082 0.963723 -0.259882 0.244116 -0.073256 0.263972 0.961744 0 0 0 0 1 0.99671 -0.033347 0.073878 0.000005 0.052282 0.960997 -0.27157 0.244116 -0.06194 0.274539 0.959579 0 0 0 0 1 0.998474 -0.022636 0.050361 0.000005 0.03558 0.961254 -0.273359 0.244116 -0.042222 0.274734 0.960593 0 0 0 0 1 0.998823 -0.015358 0.046017 0.000005 0.027275 0.962232 -0.270863 0.244116 -0.040119 0.271799 0.961517 0 0 0 0 1 0.999066 0.004491 0.042974 0.000005 0.007115 0.963902 -0.266162 0.244116 -0.042618 0.266219 0.96297 0 0 0 0 1 0.999279 0.017408 0.033752 0.000005 -0.008139 0.966267 -0.257413 0.244116 -0.037095 0.256952 0.965712 0 0 0 0 1 0.999052 0.022957 0.036981 0.000005 -0.013161 0.969156 -0.246098 0.244116 -0.04149 0.245378 0.968539 0 0 0 0 1 0.998641 0.02051 0.047912 0.000005 -0.008695 0.971993 -0.23485 0.244116 -0.051387 0.234114 0.97085 0 0 0 0 1 0.998536 0.009065 0.05333 0.000005 0.002912 0.975419 -0.22034 0.244116 -0.054016 0.220172 0.973964 0 0 0 0 1 0.998882 0.002792 0.04718 0.000005 0.007247 0.9774 -0.211274 0.244116 -0.046704 0.211379 0.976288 0 0 0 0 1 0.99915 -0.009634 0.040071 0.000005 0.017721 0.978253 -0.206659 0.244116 -0.037209 0.207193 0.977592 0 0 0 0 1 0.998504 -0.020618 0.050649 0.000005 0.030303 0.979608 -0.198618 0.244116 -0.045521 0.199856 0.978767 0 0 0 0 1 0.99607 -0.034438 0.081603 0.000005 0.049978 0.979164 -0.196825 0.244116 -0.073125 0.20013 0.977037 0 0 0 0 1 0.994942 -0.042457 0.091039 0.000005 0.05908 0.980294 -0.188505 0.244116 -0.081242 0.19293 0.977843 0 0 0 0 1 0.996654 -0.04706 0.066824 0.000005 0.058283 0.982408 -0.177419 0.244116 -0.057299 0.18072 0.981864 0 0 0 0 1 0.997379 -0.049908 0.052386 0.000005 0.058161 0.983698 -0.170166 0.244116 -0.043039 0.172767 0.984022 0 0 0 0 1 0.997611 -0.05576 0.040777 0.000005 0.061694 0.984734 -0.162767 0.244116 -0.031079 0.164894 0.985821 0 0 0 0 1 0.998026 -0.058186 0.023632 0.000005 0.061231 0.985177 -0.160242 0.244116 -0.013958 0.161373 0.986795 0 0 0 0 1 0.998023 -0.061481 0.013051 0.000005 0.062755 0.986235 -0.152979 0.244116 -0.003466 0.153496 0.988143 0 0 0 0 1 0.997796 -0.06616 0.005125 0.000005 0.066186 0.986669 -0.148675 0.244116 0.004779 0.148687 0.988873 0 0 0 0 1 0.997451 -0.071302 0.002799 0.000005 0.070944 0.986717 -0.146141 0.244116 0.007657 0.145967 0.98926 0 0 0 0 1 0.996857 -0.07871 -0.008951 0.000005 0.076587 0.986462 -0.145007 0.244116 0.020243 0.143865 0.98939 0 0 0 0 1 0.996304 -0.084606 -0.014845 0.000005 0.08149 0.985604 -0.148136 0.244116 0.027164 0.146378 0.988856 0 0 0 0 1</float_array>
        <technique_common>
          <accessor source="#LeftHand_matrix_LeftHand_transform-output-array" count="56" stride="16">
            <param name="TRANSFORM" type="float4x4"/>
          </accessor>
        </technique_common>
      </source>
      <source id="LeftHand_matrix_LeftHand_transform-interpolations">
        <Name_array id="LeftHand_matrix_LeftHand_transform-interpolations-array" count="56">LINEAR LINEAR LINEAR LINEAR LINEAR LINEAR LINEAR LINEAR LINEAR LINEAR LINEAR LINEAR LINEAR LINEAR LINEAR LINEAR LINEAR LINEAR LINEAR LINEAR LINEAR LINEAR LINEAR LINEAR LINEAR LINEAR LINEAR LINEAR LINEAR LINEAR LINEAR LINEAR LINEAR LINEAR LINEAR LINEAR LINEAR LINEAR LINEAR LINEAR LINEAR LINEAR LINEAR LINEAR LINEAR LINEAR LINEAR LINEAR LINEAR LINEAR LINEAR LINEAR LINEAR LINEAR LINEAR LINEAR</Name_array>
        <technique_common>
          <accessor source="#LeftHand_matrix_LeftHand_transform-interpolations-array" count="56" stride="1">
            <param name="INTERPOLATION" type="Name"/>
          </accessor>
        </technique_common>
      </source>
      <sampler id="LeftHand_matrix_LeftHand_transform-sampler">
        <input semantic="INPUT" source="#LeftHand_matrix_LeftHand_transform-input"/>
        <input semantic="OUTPUT" source="#LeftHand_matrix_LeftHand_transform-output"/>
        <input semantic="INTERPOLATION" source="#LeftHand_matrix_LeftHand_transform-interpolations"/>
      </sampler>
      <channel source="#LeftHand_matrix_LeftHand_transform-sampler" target="LeftHand/transform"/>
    </animation>
    <animation id="LeftForeArm_Helper1_matrix">
      <source id="LeftForeArm_Helper1_matrix_LeftForeArm_Helper1_transform-input">
        <float_array id="LeftForeArm_Helper1_matrix_LeftForeArm_Helper1_transform-input-array" count="56">0 0.041666 0.083333 0.125 0.166667 0.208333 0.25 0.291667 0.333333 0.375 0.416667 0.458333 0.5 0.541667 0.583333 0.625 0.666667 0.708333 0.75 0.791667 0.833333 0.875 0.916667 0.958333 1 1.04167 1.08333 1.125 1.16667 1.20833 1.25 1.29167 1.33333 1.375 1.41667 1.45833 1.5 1.54167 1.58333 1.625 1.66667 1.70833 1.75 1.79167 1.83333 1.875 1.91667 1.95833 2 2.04167 2.08333 2.125 2.16667 2.20833 2.25 2.29167</float_array>
        <technique_common>
          <accessor source="#LeftForeArm_Helper1_matrix_LeftForeArm_Helper1_transform-input-array" count="56" stride="1">
            <param name="TIME" type="float"/>
          </accessor>
        </technique_common>
        <technique profile="MAYA">
          <pre_infinity>CONSTANT</pre_infinity>
          <post_infinity>CONSTANT</post_infinity>
        </technique>
      </source>
      <source id="LeftForeArm_Helper1_matrix_LeftForeArm_Helper1_transform-output">
        <float_array id="LeftForeArm_Helper1_matrix_LeftForeArm_Helper1_transform-output-array" count="896">0.999907 0 -0.013665 0 0 1 0 0.078445 0.013665 0 0.999907 0 0 0 0 1 0.999996 0 0.002991 0 0 1 0 0.078445 -0.002991 0 0.999996 0 0 0 0 1 0.999833 0 0.01828 0 0 1 0 0.078445 -0.01828 0 0.999833 0 0 0 0 1 0.999575 0 0.029143 0 0 1 0 0.078445 -0.029143 0 0.999575 0 0 0 0 1 0.99931 0 0.037144 0 0 1 0 0.078445 -0.037144 0 0.99931 0 0 0 0 1 0.999899 0 0.014214 0 0 1 0 0.078445 -0.014214 0 0.999899 0 0 0 0 1 0.999995 0 -0.003119 0 0 1 0 0.078445 0.003119 0 0.999995 0 0 0 0 1 0.999995 0 -0.003088 0 0 1 0 0.078445 0.003088 0 0.999995 0 0 0 0 1 0.999797 0 -0.020159 0 0 1 0 0.078445 0.020159 0 0.999797 0 0 0 0 1 0.999357 0 -0.035863 0 0 1 0 0.078445 0.035863 0 0.999357 0 0 0 0 1 0.999075 0 -0.043004 0 0 1 0 0.078445 0.043004 0 0.999075 0 0 0 0 1 0.999049 0 -0.04359 0 0 1 0 0.078445 0.04359 0 0.999049 0 0 0 0 1 0.999053 0 -0.043509 0 0 1 0 0.078445 0.043509 0 0.999053 0 0 0 0 1 0.99911 0 -0.042179 0 0 1 0 0.078445 0.042179 0 0.99911 0 0 0 0 1 0.999127 0 -0.041775 0 0 1 0 0.078445 0.041775 0 0.999127 0 0 0 0 1 0.998807 0 -0.048832 0 0 1 0 0.078445 0.048832 0 0.998807 0 0 0 0 1 0.998885 0 -0.047219 0 0 1 0 0.078445 0.047219 0 0.998885 0 0 0 0 1 0.999265 0 -0.038335 0 0 1 0 0.078445 0.038335 0 0.999265 0 0 0 0 1 0.999435 0 -0.033596 0 0 1 0 0.078445 0.033596 0 0.999435 0 0 0 0 1 0.99963 0 -0.027183 0 0 1 0 0.078445 0.027183 0 0.99963 0 0 0 0 1 0.99992 0 -0.012614 0 0 1 0 0.078445 0.012614 0 0.99992 0 0 0 0 1 0.999983 0 0.005751 0 0 1 0 0.078445 -0.005751 0 0.999983 0 0 0 0 1 0.999819 0 0.01904 0 0 1 0 0.078445 -0.01904 0 0.999819 0 0 0 0 1 0.999779 0 0.020999 0 0 1 0 0.078445 -0.020999 0 0.999779 0 0 0 0 1 0.999845 0 0.017626 0 0 1 0 0.078445 -0.017626 0 0.999845 0 0 0 0 1 0.999947 0 -0.010259 0 0 1 0 0.078445 0.010259 0 0.999947 0 0 0 0 1 0.998852 0 -0.0479 0 0 1 0 0.078445 0.0479 0 0.998852 0 0 0 0 1 0.998913 0 -0.046613 0 0 1 0 0.078445 0.046613 0 0.998913 0 0 0 0 1 0.999506 0 -0.031442 0 0 1 0 0.078445 0.031442 0 0.999506 0 0 0 0 1 0.99984 0 -0.017914 0 0 1 0 0.078445 0.017914 0 0.99984 0 0 0 0 1 0.999973 0 0.007317 0 0 1 0 0.078445 -0.007317 0 0.999973 0 0 0 0 1 0.999664 0 0.025937 0 0 1 0 0.078445 -0.025937 0 0.999664 0 0 0 0 1 0.999507 0 0.031406 0 0 1 0 0.078445 -0.031406 0 0.999507 0 0 0 0 1 0.999346 0 0.036153 0 0 1 0 0.078445 -0.036153 0 0.999346 0 0 0 0 1 0.999528 0 0.030718 0 0 1 0 0.078445 -0.030718 0 0.999528 0 0 0 0 1 0.999767 0 0.021575 0 0 1 0 0.078445 -0.021575 0 0.999767 0 0 0 0 1 0.999799 0 0.020071 0 0 1 0 0.078445 -0.020071 0 0.999799 0 0 0 0 1 0.999778 0 0.021077 0 0 1 0 0.078445 -0.021077 0 0.999778 0 0 0 0 1 0.999821 0 0.018899 0 0 1 0 0.078445 -0.018899 0 0.999821 0 0 0 0 1 0.999782 0 0.020897 0 0 1 0 0.078445 -0.020897 0 0.999782 0 0 0 0 1 0.99967 0 0.025703 0 0 1 0 0.078445 -0.025703 0 0.99967 0 0 0 0 1 0.999642 0 0.026741 0 0 1 0 0.078445 -0.026741 0 0.999642 0 0 0 0 1 0.999729 0 0.023298 0 0 1 0 0.078445 -0.023298 0 0.999729 0 0 0 0 1 0.999817 0 0.019133 0 0 1 0 0.078445 -0.019133 0 0.999817 0 0 0 0 1 0.999741 0 0.022777 0 0 1 0 0.078445 -0.022777 0 0.999741 0 0 0 0 1 0.999347 0 0.036127 0 0 1 0 0.078445 -0.036127 0 0.999347 0 0 0 0 1 0.999217 0 0.039557 0 0 1 0 0.078445 -0.039557 0 0.999217 0 0 0 0 1 0.999581 0 0.028962 0 0 1 0 0.078445 -0.028962 0 0.999581 0 0 0 0 1 0.999768 0 0.021561 0 0 1 0 0.078445 -0.021561 0 0.999768 0 0 0 0 1 0.999881 0 0.015412 0 0 1 0 0.078445 -0.015412 0 0.999881 0 0 0 0 1 0.999974 0 0.007222 0 0 1 0 0.078445 -0.007222 0 0.999974 0 0 0 0 1 0.999998 0 0.001795 0 0 1 0 0.078445 -0.001795 0 0.999998 0 0 0 0 1 0.999997 0 -0.002395 0 0 1 0 0.078445 0.002395 0 0.999997 0 0 0 0 1 0.999992 0 -0.004102 0 0 1 0 0.078445 0.004102 0 0.999992 0 0 0 0 1 0.99995 0 -0.009959 0 0 1 0 0.078445 0.009959 0 0.99995 0 0 0 0 1 0.999909 0 -0.013501 0 0 1 0 0.078445 0.013501 0 0.999909 0 0 0 0 1</float_array>
        <technique_common>
          <accessor source="#LeftForeArm_Helper1_matrix_LeftForeArm_Helper1_transform-output-array" count="56" stride="16">
            <param name="TRANSFORM" type="float4x4"/>
          </accessor>
        </technique_common>
      </source>
      <source id="LeftForeArm_Helper1_matrix_LeftForeArm_Helper1_transform-interpolations">
        <Name_array id="LeftForeArm_Helper1_matrix_LeftForeArm_Helper1_transform-interpolations-array" count="56">LINEAR LINEAR LINEAR LINEAR LINEAR LINEAR LINEAR LINEAR LINEAR LINEAR LINEAR LINEAR LINEAR LINEAR LINEAR LINEAR LINEAR LINEAR LINEAR LINEAR LINEAR LINEAR LINEAR LINEAR LINEAR LINEAR LINEAR LINEAR LINEAR LINEAR LINEAR LINEAR LINEAR LINEAR LINEAR LINEAR LINEAR LINEAR LINEAR LINEAR LINEAR LINEAR LINEAR LINEAR LINEAR LINEAR LINEAR LINEAR LINEAR LINEAR LINEAR LINEAR LINEAR LINEAR LINEAR LINEAR</Name_array>
        <technique_common>
          <accessor source="#LeftForeArm_Helper1_matrix_LeftForeArm_Helper1_transform-interpolations-array" count="56" stride="1">
            <param name="INTERPOLATION" type="Name"/>
          </accessor>
        </technique_common>
      </source>
      <sampler id="LeftForeArm_Helper1_matrix_LeftForeArm_Helper1_transform-sampler">
        <input semantic="INPUT" source="#LeftForeArm_Helper1_matrix_LeftForeArm_Helper1_transform-input"/>
        <input semantic="OUTPUT" source="#LeftForeArm_Helper1_matrix_LeftForeArm_Helper1_transform-output"/>
        <input semantic="INTERPOLATION" source="#LeftForeArm_Helper1_matrix_LeftForeArm_Helper1_transform-interpolations"/>
      </sampler>
      <channel source="#LeftForeArm_Helper1_matrix_LeftForeArm_Helper1_transform-sampler" target="LeftForeArm_Helper1/transform"/>
    </animation>
    <animation id="LeftForeArm_Helper2_matrix">
      <source id="LeftForeArm_Helper2_matrix_LeftForeArm_Helper2_transform-input">
        <float_array id="LeftForeArm_Helper2_matrix_LeftForeArm_Helper2_transform-input-array" count="56">0 0.041666 0.083333 0.125 0.166667 0.208333 0.25 0.291667 0.333333 0.375 0.416667 0.458333 0.5 0.541667 0.583333 0.625 0.666667 0.708333 0.75 0.791667 0.833333 0.875 0.916667 0.958333 1 1.04167 1.08333 1.125 1.16667 1.20833 1.25 1.29167 1.33333 1.375 1.41667 1.45833 1.5 1.54167 1.58333 1.625 1.66667 1.70833 1.75 1.79167 1.83333 1.875 1.91667 1.95833 2 2.04167 2.08333 2.125 2.16667 2.20833 2.25 2.29167</float_array>
        <technique_common>
          <accessor source="#LeftForeArm_Helper2_matrix_LeftForeArm_Helper2_transform-input-array" count="56" stride="1">
            <param name="TIME" type="float"/>
          </accessor>
        </technique_common>
        <technique profile="MAYA">
          <pre_infinity>CONSTANT</pre_infinity>
          <post_infinity>CONSTANT</post_infinity>
        </technique>
      </source>
      <source id="LeftForeArm_Helper2_matrix_LeftForeArm_Helper2_transform-output">
        <float_array id="LeftForeArm_Helper2_matrix_LeftForeArm_Helper2_transform-output-array" count="896">0.999907 0 -0.013665 0 0 1 0 0.153671 0.013665 0 0.999907 0 0 0 0 1 0.999996 0 0.002991 0 0 1 0 0.153671 -0.002991 0 0.999996 0 0 0 0 1 0.999833 0 0.01828 0 0 1 0 0.153671 -0.01828 0 0.999833 0 0 0 0 1 0.999575 0 0.029143 0 0 1 0 0.153671 -0.029143 0 0.999575 0 0 0 0 1 0.99931 0 0.037144 0 0 1 0 0.153671 -0.037144 0 0.99931 0 0 0 0 1 0.999899 0 0.014214 0 0 1 0 0.153671 -0.014214 0 0.999899 0 0 0 0 1 0.999995 0 -0.003119 0 0 1 0 0.153671 0.003119 0 0.999995 0 0 0 0 1 0.999995 0 -0.003088 0 0 1 0 0.153671 0.003088 0 0.999995 0 0 0 0 1 0.999797 0 -0.020159 0 0 1 0 0.153671 0.020159 0 0.999797 0 0 0 0 1 0.999357 0 -0.035863 0 0 1 0 0.153671 0.035863 0 0.999357 0 0 0 0 1 0.999075 0 -0.043004 0 0 1 0 0.153671 0.043004 0 0.999075 0 0 0 0 1 0.999049 0 -0.04359 0 0 1 0 0.153671 0.04359 0 0.999049 0 0 0 0 1 0.999053 0 -0.043509 0 0 1 0 0.153671 0.043509 0 0.999053 0 0 0 0 1 0.99911 0 -0.042179 0 0 1 0 0.153671 0.042179 0 0.99911 0 0 0 0 1 0.999127 0 -0.041775 0 0 1 0 0.153671 0.041775 0 0.999127 0 0 0 0 1 0.998807 0 -0.048832 0 0 1 0 0.153671 0.048832 0 0.998807 0 0 0 0 1 0.998885 0 -0.047219 0 0 1 0 0.153671 0.047219 0 0.998885 0 0 0 0 1 0.999265 0 -0.038335 0 0 1 0 0.153671 0.038335 0 0.999265 0 0 0 0 1 0.999435 0 -0.033596 0 0 1 0 0.153671 0.033596 0 0.999435 0 0 0 0 1 0.99963 0 -0.027183 0 0 1 0 0.153671 0.027183 0 0.99963 0 0 0 0 1 0.99992 0 -0.012614 0 0 1 0 0.153671 0.012614 0 0.99992 0 0 0 0 1 0.999983 0 0.005751 0 0 1 0 0.153671 -0.005751 0 0.999983 0 0 0 0 1 0.999819 0 0.01904 0 0 1 0 0.153671 -0.01904 0 0.999819 0 0 0 0 1 0.999779 0 0.020999 0 0 1 0 0.153671 -0.020999 0 0.999779 0 0 0 0 1 0.999845 0 0.017626 0 0 1 0 0.153671 -0.017626 0 0.999845 0 0 0 0 1 0.999947 0 -0.010259 0 0 1 0 0.153671 0.010259 0 0.999947 0 0 0 0 1 0.998852 0 -0.0479 0 0 1 0 0.153671 0.0479 0 0.998852 0 0 0 0 1 0.998913 0 -0.046613 0 0 1 0 0.153671 0.046613 0 0.998913 0 0 0 0 1 0.999506 0 -0.031442 0 0 1 0 0.153671 0.031442 0 0.999506 0 0 0 0 1 0.99984 0 -0.017914 0 0 1 0 0.153671 0.017914 0 0.99984 0 0 0 0 1 0.999973 0 0.007317 0 0 1 0 0.153671 -0.007317 0 0.999973 0 0 0 0 1 0.999664 0 0.025937 0 0 1 0 0.153671 -0.025937 0 0.999664 0 0 0 0 1 0.999507 0 0.031406 0 0 1 0 0.153671 -0.031406 0 0.999507 0 0 0 0 1 0.999346 0 0.036153 0 0 1 0 0.153671 -0.036153 0 0.999346 0 0 0 0 1 0.999528 0 0.030718 0 0 1 0 0.153671 -0.030718 0 0.999528 0 0 0 0 1 0.999767 0 0.021575 0 0 1 0 0.153671 -0.021575 0 0.999767 0 0 0 0 1 0.999799 0 0.020071 0 0 1 0 0.153671 -0.020071 0 0.999799 0 0 0 0 1 0.999778 0 0.021077 0 0 1 0 0.153671 -0.021077 0 0.999778 0 0 0 0 1 0.999821 0 0.018899 0 0 1 0 0.153671 -0.018899 0 0.999821 0 0 0 0 1 0.999782 0 0.020897 0 0 1 0 0.153671 -0.020897 0 0.999782 0 0 0 0 1 0.99967 0 0.025703 0 0 1 0 0.153671 -0.025703 0 0.99967 0 0 0 0 1 0.999642 0 0.026741 0 0 1 0 0.153671 -0.026741 0 0.999642 0 0 0 0 1 0.999729 0 0.023298 0 0 1 0 0.153671 -0.023298 0 0.999729 0 0 0 0 1 0.999817 0 0.019133 0 0 1 0 0.153671 -0.019133 0 0.999817 0 0 0 0 1 0.999741 0 0.022777 0 0 1 0 0.153671 -0.022777 0 0.999741 0 0 0 0 1 0.999347 0 0.036127 0 0 1 0 0.153671 -0.036127 0 0.999347 0 0 0 0 1 0.999217 0 0.039557 0 0 1 0 0.153671 -0.039557 0 0.999217 0 0 0 0 1 0.999581 0 0.028962 0 0 1 0 0.153671 -0.028962 0 0.999581 0 0 0 0 1 0.999768 0 0.021561 0 0 1 0 0.153671 -0.021561 0 0.999768 0 0 0 0 1 0.999881 0 0.015412 0 0 1 0 0.153671 -0.015412 0 0.999881 0 0 0 0 1 0.999974 0 0.007222 0 0 1 0 0.153671 -0.007222 0 0.999974 0 0 0 0 1 0.999998 0 0.001795 0 0 1 0 0.153671 -0.001795 0 0.999998 0 0 0 0 1 0.999997 0 -0.002395 0 0 1 0 0.153671 0.002395 0 0.999997 0 0 0 0 1 0.999992 0 -0.004102 0 0 1 0 0.153671 0.004102 0 0.999992 0 0 0 0 1 0.99995 0 -0.009959 0 0 1 0 0.153671 0.009959 0 0.99995 0 0 0 0 1 0.999909 0 -0.013501 0 0 1 0 0.153671 0.013501 0 0.999909 0 0 0 0 1</float_array>
        <technique_common>
          <accessor source="#LeftForeArm_Helper2_matrix_LeftForeArm_Helper2_transform-output-array" count="56" stride="16">
            <param name="TRANSFORM" type="float4x4"/>
          </accessor>
        </technique_common>
      </source>
      <source id="LeftForeArm_Helper2_matrix_LeftForeArm_Helper2_transform-interpolations">
        <Name_array id="LeftForeArm_Helper2_matrix_LeftForeArm_Helper2_transform-interpolations-array" count="56">LINEAR LINEAR LINEAR LINEAR LINEAR LINEAR LINEAR LINEAR LINEAR LINEAR LINEAR LINEAR LINEAR LINEAR LINEAR LINEAR LINEAR LINEAR LINEAR LINEAR LINEAR LINEAR LINEAR LINEAR LINEAR LINEAR LINEAR LINEAR LINEAR LINEAR LINEAR LINEAR LINEAR LINEAR LINEAR LINEAR LINEAR LINEAR LINEAR LINEAR LINEAR LINEAR LINEAR LINEAR LINEAR LINEAR LINEAR LINEAR LINEAR LINEAR LINEAR LINEAR LINEAR LINEAR LINEAR LINEAR</Name_array>
        <technique_common>
          <accessor source="#LeftForeArm_Helper2_matrix_LeftForeArm_Helper2_transform-interpolations-array" count="56" stride="1">
            <param name="INTERPOLATION" type="Name"/>
          </accessor>
        </technique_common>
      </source>
      <sampler id="LeftForeArm_Helper2_matrix_LeftForeArm_Helper2_transform-sampler">
        <input semantic="INPUT" source="#LeftForeArm_Helper2_matrix_LeftForeArm_Helper2_transform-input"/>
        <input semantic="OUTPUT" source="#LeftForeArm_Helper2_matrix_LeftForeArm_Helper2_transform-output"/>
        <input semantic="INTERPOLATION" source="#LeftForeArm_Helper2_matrix_LeftForeArm_Helper2_transform-interpolations"/>
      </sampler>
      <channel source="#LeftForeArm_Helper2_matrix_LeftForeArm_Helper2_transform-sampler" target="LeftForeArm_Helper2/transform"/>
    </animation>
    <animation id="LeftArm_Helper2_matrix">
      <source id="LeftArm_Helper2_matrix_LeftArm_Helper2_transform-input">
        <float_array id="LeftArm_Helper2_matrix_LeftArm_Helper2_transform-input-array" count="56">0 0.041666 0.083333 0.125 0.166667 0.208333 0.25 0.291667 0.333333 0.375 0.416667 0.458333 0.5 0.541667 0.583333 0.625 0.666667 0.708333 0.75 0.791667 0.833333 0.875 0.916667 0.958333 1 1.04167 1.08333 1.125 1.16667 1.20833 1.25 1.29167 1.33333 1.375 1.41667 1.45833 1.5 1.54167 1.58333 1.625 1.66667 1.70833 1.75 1.79167 1.83333 1.875 1.91667 1.95833 2 2.04167 2.08333 2.125 2.16667 2.20833 2.25 2.29167</float_array>
        <technique_common>
          <accessor source="#LeftArm_Helper2_matrix_LeftArm_Helper2_transform-input-array" count="56" stride="1">
            <param name="TIME" type="float"/>
          </accessor>
        </technique_common>
        <technique profile="MAYA">
          <pre_infinity>CONSTANT</pre_infinity>
          <post_infinity>CONSTANT</post_infinity>
        </technique>
      </source>
      <source id="LeftArm_Helper2_matrix_LeftArm_Helper2_transform-output">
        <float_array id="LeftArm_Helper2_matrix_LeftArm_Helper2_transform-output-array" count="896">0.853232 0.122317 0.506985 0 0.439532 0.354609 -0.825266 0.188543 -0.280725 0.92698 0.248801 0 0 0 0 1 0.837818 0.102008 0.536336 0 0.472163 0.357812 -0.805626 0.188543 -0.274087 0.928205 0.251617 0 0 0 0 1 0.831028 0.093993 0.548232 0 0.484703 0.361135 -0.796645 0.188543 -0.272866 0.927764 0.254554 0 0 0 0 1 0.83032 0.09076 0.549847 0 0.486968 0.361598 -0.795053 0.188543 -0.270983 0.927906 0.256044 0 0 0 0 1 0.833845 0.091177 0.544416 0 0.481568 0.361905 -0.798196 0.188543 -0.269804 0.927745 0.257865 0 0 0 0 1 0.835596 0.090649 0.541813 0 0.473311 0.38184 -0.793835 0.188543 -0.278846 0.919772 0.276159 0 0 0 0 1 0.827403 0.085709 0.555029 0 0.477375 0.413256 -0.775457 0.188543 -0.295833 0.906573 0.301014 0 0 0 0 1 0.809957 0.089506 0.579619 0 0.486115 0.450452 -0.748856 0.188543 -0.328118 0.888302 0.321337 0 0 0 0 1 0.797214 0.111664 0.59328 0 0.47313 0.494829 -0.728898 0.188543 -0.374963 0.861786 0.341653 0 0 0 0 1 0.811846 0.136547 0.567681 0 0.422643 0.533378 -0.732721 0.188543 -0.402839 0.834783 0.37531 0 0 0 0 1 0.825514 0.162429 0.540502 0 0.371471 0.564623 -0.737028 0.188543 -0.424895 0.809208 0.405766 0 0 0 0 1 0.836572 0.181582 0.51689 0 0.328716 0.588413 -0.738726 0.188543 -0.438285 0.787907 0.432561 0 0 0 0 1 0.843482 0.184806 0.504365 0 0.308128 0.602647 -0.736121 0.188543 -0.439994 0.776314 0.451378 0 0 0 0 1 0.845342 0.165235 0.50803 0 0.322936 0.599496 -0.732337 0.188543 -0.42557 0.783136 0.453418 0 0 0 0 1 0.852043 0.15585 0.499734 0 0.331331 0.578523 -0.74534 0.188543 -0.405269 0.800639 0.441288 0 0 0 0 1 0.867249 0.153832 0.473513 0 0.325823 0.543766 -0.773407 0.188543 -0.376455 0.825017 0.421459 0 0 0 0 1 0.893086 0.140605 0.42735 0 0.305089 0.508828 -0.804994 0.188543 -0.330634 0.849308 0.41153 0 0 0 0 1 0.92779 0.103991 0.358316 0 0.267246 0.484932 -0.832719 0.188543 -0.260354 0.868347 0.422124 0 0 0 0 1 0.960904 0.057892 0.270764 0 0.213828 0.4661 -0.858504 0.188543 -0.175904 0.882836 0.435498 0 0 0 0 1 0.978201 0.019043 0.206785 0 0.176417 0.449075 -0.875905 0.188543 -0.109542 0.893291 0.435926 0 0 0 0 1 0.984993 0.000235 0.172595 0 0.155437 0.433466 -0.887664 0.188543 -0.075023 0.90117 0.426925 0 0 0 0 1 0.985164 -0.001014 0.171614 0 0.155845 0.424048 -0.89213 0.188543 -0.071867 0.905639 0.417914 0 0 0 0 1 0.983389 0.009866 0.181244 0 0.160397 0.420175 -0.893155 0.188543 -0.084966 0.907389 0.411613 0 0 0 0 1 0.98291 0.031542 0.181364 0 0.151518 0.420905 -0.894361 0.188543 -0.104547 0.906556 0.408932 0 0 0 0 1 0.985757 0.055451 0.158773 0 0.120671 0.424377 -0.897409 0.188543 -0.117142 0.903786 0.411641 0 0 0 0 1 0.989374 0.079865 0.121491 0 0.075659 0.430742 -0.899298 0.188543 -0.124154 0.898934 0.420123 0 0 0 0 1 0.989595 0.105902 0.097397 0 0.042141 0.433912 -0.899969 0.188543 -0.137571 0.89471 0.424934 0 0 0 0 1 0.985527 0.131519 0.10695 0 0.040589 0.429478 -0.902164 0.188543 -0.164585 0.893449 0.417924 0 0 0 0 1 0.977711 0.143214 0.153527 0 0.079515 0.424189 -0.902076 0.188543 -0.194314 0.894178 0.403347 0 0 0 0 1 0.966057 0.140419 0.216831 0 0.139333 0.423573 -0.895082 0.188543 -0.21753 0.894913 0.389631 0 0 0 0 1 0.953668 0.132473 0.270125 0 0.190722 0.428194 -0.883332 0.188543 -0.232684 0.893924 0.383089 0 0 0 0 1 0.94305 0.119344 0.310507 0 0.231059 0.436503 -0.869527 0.188543 -0.23931 0.891752 0.384068 0 0 0 0 1 0.933024 0.101464 0.345212 0 0.266723 0.448925 -0.852834 0.188543 -0.241506 0.88779 0.391795 0 0 0 0 1 0.921561 0.090344 0.377575 0 0.297139 0.461795 -0.835735 0.188543 -0.249866 0.882374 0.398728 0 0 0 0 1 0.90645 0.091459 0.412291 0 0.324231 0.47483 -0.818175 0.188543 -0.270598 0.875313 0.400755 0 0 0 0 1 0.889129 0.101881 0.446173 0 0.345974 0.488552 -0.801011 0.188543 -0.299587 0.866566 0.399138 0 0 0 0 1 0.87658 0.111481 0.468166 0 0.357038 0.501641 -0.787959 0.188543 -0.322694 0.857862 0.399926 0 0 0 0 1 0.866313 0.113141 0.486519 0 0.367652 0.514915 -0.774399 0.188543 -0.338133 0.849742 0.404481 0 0 0 0 1 0.859144 0.107499 0.500315 0 0.377266 0.527508 -0.761187 0.188543 -0.345747 0.842721 0.41265 0 0 0 0 1 0.854366 0.10183 0.509598 0 0.384448 0.535943 -0.751641 0.188543 -0.349655 0.83809 0.418743 0 0 0 0 1 0.851576 0.106709 0.513255 0 0.385945 0.534966 -0.75157 0.188543 -0.354774 0.838107 0.414381 0 0 0 0 1 0.847977 0.117386 0.516871 0 0.39223 0.516919 -0.760888 0.188543 -0.356499 0.847947 0.392293 0 0 0 0 1 0.844155 0.118835 0.522763 0 0.409929 0.485332 -0.772277 0.188543 -0.345487 0.866216 0.360982 0 0 0 0 1 0.848154 0.105506 0.519138 0 0.425896 0.44697 -0.786657 0.188543 -0.315037 0.888305 0.334165 0 0 0 0 1 0.850264 0.082986 0.519773 0 0.447052 0.407396 -0.79635 0.188543 -0.27784 0.909473 0.309295 0 0 0 0 1 0.850638 0.065966 0.521597 0 0.462702 0.377146 -0.802289 0.188543 -0.249642 0.923802 0.290292 0 0 0 0 1 0.84967 0.058866 0.524019 0 0.471022 0.362032 -0.804407 0.188543 -0.237065 0.930305 0.27988 0 0 0 0 1 0.845528 0.053553 0.531239 0 0.479325 0.362194 -0.799414 0.188543 -0.235223 0.930563 0.280575 0 0 0 0 1 0.839723 0.050638 0.540649 0 0.486533 0.371988 -0.790513 0.188543 -0.241146 0.926855 0.287729 0 0 0 0 1 0.834915 0.056391 0.547483 0 0.488922 0.380783 -0.784831 0.188543 -0.25273 0.922943 0.290351 0 0 0 0 1 0.833377 0.06908 0.54837 0 0.484426 0.386395 -0.784876 0.188543 -0.266108 0.919743 0.288548 0 0 0 0 1 0.833367 0.087571 0.545739 0 0.476039 0.388015 -0.789196 0.188543 -0.280866 0.917483 0.281671 0 0 0 0 1 0.835173 0.108092 0.539261 0 0.464504 0.386371 -0.79684 0.188543 -0.294486 0.915988 0.272477 0 0 0 0 1 0.84187 0.124769 0.52506 0 0.448776 0.378542 -0.80951 0.188543 -0.299758 0.917136 0.26269 0 0 0 0 1 0.850503 0.13299 0.508879 0 0.434247 0.368357 -0.822036 0.188543 -0.296771 0.920123 0.255538 0 0 0 0 1 0.853358 0.125108 0.50609 0 0.437211 0.357 -0.825468 0.188543 -0.283947 0.925689 0.24995 0 0 0 0 1</float_array>
        <technique_common>
          <accessor source="#LeftArm_Helper2_matrix_LeftArm_Helper2_transform-output-array" count="56" stride="16">
            <param name="TRANSFORM" type="float4x4"/>
          </accessor>
        </technique_common>
      </source>
      <source id="LeftArm_Helper2_matrix_LeftArm_Helper2_transform-interpolations">
        <Name_array id="LeftArm_Helper2_matrix_LeftArm_Helper2_transform-interpolations-array" count="56">LINEAR LINEAR LINEAR LINEAR LINEAR LINEAR LINEAR LINEAR LINEAR LINEAR LINEAR LINEAR LINEAR LINEAR LINEAR LINEAR LINEAR LINEAR LINEAR LINEAR LINEAR LINEAR LINEAR LINEAR LINEAR LINEAR LINEAR LINEAR LINEAR LINEAR LINEAR LINEAR LINEAR LINEAR LINEAR LINEAR LINEAR LINEAR LINEAR LINEAR LINEAR LINEAR LINEAR LINEAR LINEAR LINEAR LINEAR LINEAR LINEAR LINEAR LINEAR LINEAR LINEAR LINEAR LINEAR LINEAR</Name_array>
        <technique_common>
          <accessor source="#LeftArm_Helper2_matrix_LeftArm_Helper2_transform-interpolations-array" count="56" stride="1">
            <param name="INTERPOLATION" type="Name"/>
          </accessor>
        </technique_common>
      </source>
      <sampler id="LeftArm_Helper2_matrix_LeftArm_Helper2_transform-sampler">
        <input semantic="INPUT" source="#LeftArm_Helper2_matrix_LeftArm_Helper2_transform-input"/>
        <input semantic="OUTPUT" source="#LeftArm_Helper2_matrix_LeftArm_Helper2_transform-output"/>
        <input semantic="INTERPOLATION" source="#LeftArm_Helper2_matrix_LeftArm_Helper2_transform-interpolations"/>
      </sampler>
      <channel source="#LeftArm_Helper2_matrix_LeftArm_Helper2_transform-sampler" target="LeftArm_Helper2/transform"/>
    </animation>
    <animation id="LeftArm_Helper1_matrix">
      <source id="LeftArm_Helper1_matrix_LeftArm_Helper1_transform-input">
        <float_array id="LeftArm_Helper1_matrix_LeftArm_Helper1_transform-input-array" count="56">0 0.041666 0.083333 0.125 0.166667 0.208333 0.25 0.291667 0.333333 0.375 0.416667 0.458333 0.5 0.541667 0.583333 0.625 0.666667 0.708333 0.75 0.791667 0.833333 0.875 0.916667 0.958333 1 1.04167 1.08333 1.125 1.16667 1.20833 1.25 1.29167 1.33333 1.375 1.41667 1.45833 1.5 1.54167 1.58333 1.625 1.66667 1.70833 1.75 1.79167 1.83333 1.875 1.91667 1.95833 2 2.04167 2.08333 2.125 2.16667 2.20833 2.25 2.29167</float_array>
        <technique_common>
          <accessor source="#LeftArm_Helper1_matrix_LeftArm_Helper1_transform-input-array" count="56" stride="1">
            <param name="TIME" type="float"/>
          </accessor>
        </technique_common>
        <technique profile="MAYA">
          <pre_infinity>CONSTANT</pre_infinity>
          <post_infinity>CONSTANT</post_infinity>
        </technique>
      </source>
      <source id="LeftArm_Helper1_matrix_LeftArm_Helper1_transform-output">
        <float_array id="LeftArm_Helper1_matrix_LeftArm_Helper1_transform-output-array" count="896">0.853232 0.122317 0.506985 0 0.439532 0.354609 -0.825266 0.188543 -0.280725 0.92698 0.248801 0 0 0 0 1 0.837818 0.102008 0.536336 0 0.472163 0.357812 -0.805626 0.188543 -0.274087 0.928205 0.251617 0 0 0 0 1 0.831028 0.093993 0.548232 0 0.484703 0.361135 -0.796645 0.188543 -0.272866 0.927764 0.254554 0 0 0 0 1 0.83032 0.09076 0.549847 0 0.486968 0.361598 -0.795053 0.188543 -0.270983 0.927906 0.256044 0 0 0 0 1 0.833845 0.091177 0.544416 0 0.481568 0.361905 -0.798196 0.188543 -0.269804 0.927745 0.257865 0 0 0 0 1 0.835596 0.090649 0.541813 0 0.473311 0.38184 -0.793835 0.188543 -0.278846 0.919772 0.276159 0 0 0 0 1 0.827403 0.085709 0.555029 0 0.477375 0.413256 -0.775457 0.188543 -0.295833 0.906573 0.301014 0 0 0 0 1 0.809957 0.089506 0.579619 0 0.486115 0.450452 -0.748856 0.188543 -0.328118 0.888302 0.321337 0 0 0 0 1 0.793237 0.111664 0.598587 0 0.477984 0.494829 -0.725724 0.188543 -0.377235 0.861786 0.339143 0 0 0 0 1 0.78966 0.136547 0.598157 0 0.450214 0.533378 -0.716111 0.188543 -0.416827 0.834783 0.359712 0 0 0 0 1 0.787657 0.162429 0.594318 0 0.419765 0.564623 -0.710633 0.188543 -0.450993 0.809208 0.376547 0 0 0 0 1 0.787139 0.181582 0.58944 0 0.393289 0.588413 -0.706466 0.188543 -0.475116 0.787907 0.391749 0 0 0 0 1 0.788921 0.184806 0.586046 0 0.380072 0.602647 -0.701685 0.188543 -0.482855 0.776314 0.405201 0 0 0 0 1 0.796102 0.165235 0.582168 0 0.38764 0.599496 -0.700243 0.188543 -0.464712 0.783136 0.413208 0 0 0 0 1 0.814763 0.15585 0.558455 0 0.382961 0.578523 -0.720176 0.188543 -0.435318 0.800639 0.411674 0 0 0 0 1 0.845622 0.153832 0.511135 0 0.359467 0.543766 -0.758355 0.188543 -0.394598 0.825017 0.404523 0 0 0 0 1 0.885549 0.140605 0.442757 0 0.318988 0.508828 -0.799588 0.188543 -0.337713 0.849308 0.405741 0 0 0 0 1 0.927275 0.103991 0.359647 0 0.26844 0.484932 -0.832334 0.188543 -0.26096 0.868347 0.42175 0 0 0 0 1 0.960904 0.057892 0.270764 0 0.213828 0.4661 -0.858504 0.188543 -0.175904 0.882836 0.435498 0 0 0 0 1 0.978201 0.019043 0.206785 0 0.176417 0.449075 -0.875905 0.188543 -0.109542 0.893291 0.435926 0 0 0 0 1 0.984993 0.000235 0.172595 0 0.155437 0.433466 -0.887664 0.188543 -0.075023 0.90117 0.426925 0 0 0 0 1 0.985164 -0.001014 0.171614 0 0.155845 0.424048 -0.89213 0.188543 -0.071867 0.905639 0.417914 0 0 0 0 1 0.983389 0.009866 0.181244 0 0.160397 0.420175 -0.893155 0.188543 -0.084966 0.907389 0.411613 0 0 0 0 1 0.98291 0.031542 0.181364 0 0.151518 0.420905 -0.894361 0.188543 -0.104547 0.906556 0.408932 0 0 0 0 1 0.985757 0.055451 0.158773 0 0.120671 0.424377 -0.897409 0.188543 -0.117142 0.903786 0.411641 0 0 0 0 1 0.989374 0.079865 0.121491 0 0.075659 0.430742 -0.899298 0.188543 -0.124154 0.898934 0.420123 0 0 0 0 1 0.989595 0.105902 0.097397 0 0.042141 0.433912 -0.899969 0.188543 -0.137571 0.89471 0.424934 0 0 0 0 1 0.985527 0.131519 0.10695 0 0.040589 0.429478 -0.902164 0.188543 -0.164585 0.893449 0.417924 0 0 0 0 1 0.977711 0.143214 0.153527 0 0.079515 0.424189 -0.902076 0.188543 -0.194314 0.894178 0.403347 0 0 0 0 1 0.966057 0.140419 0.216831 0 0.139333 0.423573 -0.895082 0.188543 -0.21753 0.894913 0.389631 0 0 0 0 1 0.953668 0.132473 0.270125 0 0.190722 0.428194 -0.883332 0.188543 -0.232684 0.893924 0.383089 0 0 0 0 1 0.94305 0.119344 0.310507 0 0.231059 0.436503 -0.869527 0.188543 -0.23931 0.891752 0.384068 0 0 0 0 1 0.933024 0.101464 0.345212 0 0.266723 0.448925 -0.852834 0.188543 -0.241506 0.88779 0.391795 0 0 0 0 1 0.921561 0.090344 0.377575 0 0.297139 0.461795 -0.835735 0.188543 -0.249866 0.882374 0.398728 0 0 0 0 1 0.90645 0.091459 0.412291 0 0.324231 0.47483 -0.818175 0.188543 -0.270598 0.875313 0.400755 0 0 0 0 1 0.88827 0.101881 0.44788 0 0.347512 0.488552 -0.800345 0.188543 -0.300352 0.866566 0.398562 0 0 0 0 1 0.872222 0.111481 0.476236 0 0.364295 0.501641 -0.78463 0.188543 -0.326371 0.857862 0.396931 0 0 0 0 1 0.857663 0.113141 0.501611 0 0.381153 0.514915 -0.767844 0.188543 -0.345162 0.849742 0.398499 0 0 0 0 1 0.846638 0.107499 0.521199 0 0.395789 0.527508 -0.751722 0.188543 -0.355746 0.842721 0.404061 0 0 0 0 1 0.839226 0.10183 0.534164 0 0.406088 0.535943 -0.740174 0.188543 -0.361653 0.83809 0.408425 0 0 0 0 1 0.836073 0.106709 0.538141 0 0.407937 0.534966 -0.739864 0.188543 -0.366838 0.838107 0.40374 0 0 0 0 1 0.837284 0.117386 0.534018 0 0.407631 0.516919 -0.75275 0.188543 -0.364407 0.847947 0.384958 0 0 0 0 1 0.841356 0.118835 0.527255 0 0.414039 0.485332 -0.770081 0.188543 -0.347407 0.866216 0.359135 0 0 0 0 1 0.848154 0.105506 0.519138 0 0.425896 0.44697 -0.786657 0.188543 -0.315037 0.888305 0.334165 0 0 0 0 1 0.850264 0.082986 0.519773 0 0.447052 0.407396 -0.79635 0.188543 -0.27784 0.909473 0.309295 0 0 0 0 1 0.850638 0.065966 0.521597 0 0.462702 0.377146 -0.802289 0.188543 -0.249642 0.923802 0.290292 0 0 0 0 1 0.84967 0.058866 0.524019 0 0.471022 0.362032 -0.804407 0.188543 -0.237065 0.930305 0.27988 0 0 0 0 1 0.845528 0.053553 0.531239 0 0.479325 0.362194 -0.799414 0.188543 -0.235223 0.930563 0.280575 0 0 0 0 1 0.839723 0.050638 0.540649 0 0.486533 0.371988 -0.790513 0.188543 -0.241146 0.926855 0.287729 0 0 0 0 1 0.834915 0.056391 0.547483 0 0.488922 0.380783 -0.784831 0.188543 -0.25273 0.922943 0.290351 0 0 0 0 1 0.833377 0.06908 0.54837 0 0.484426 0.386395 -0.784876 0.188543 -0.266108 0.919743 0.288548 0 0 0 0 1 0.833367 0.087571 0.545739 0 0.476039 0.388015 -0.789196 0.188543 -0.280866 0.917483 0.281671 0 0 0 0 1 0.835173 0.108092 0.539261 0 0.464504 0.386371 -0.79684 0.188543 -0.294486 0.915988 0.272477 0 0 0 0 1 0.84187 0.124769 0.52506 0 0.448776 0.378542 -0.80951 0.188543 -0.299758 0.917136 0.26269 0 0 0 0 1 0.850503 0.13299 0.508879 0 0.434247 0.368357 -0.822036 0.188543 -0.296771 0.920123 0.255538 0 0 0 0 1 0.853358 0.125108 0.50609 0 0.437211 0.357 -0.825468 0.188543 -0.283947 0.925689 0.24995 0 0 0 0 1</float_array>
        <technique_common>
          <accessor source="#LeftArm_Helper1_matrix_LeftArm_Helper1_transform-output-array" count="56" stride="16">
            <param name="TRANSFORM" type="float4x4"/>
          </accessor>
        </technique_common>
      </source>
      <source id="LeftArm_Helper1_matrix_LeftArm_Helper1_transform-interpolations">
        <Name_array id="LeftArm_Helper1_matrix_LeftArm_Helper1_transform-interpolations-array" count="56">LINEAR LINEAR LINEAR LINEAR LINEAR LINEAR LINEAR LINEAR LINEAR LINEAR LINEAR LINEAR LINEAR LINEAR LINEAR LINEAR LINEAR LINEAR LINEAR LINEAR LINEAR LINEAR LINEAR LINEAR LINEAR LINEAR LINEAR LINEAR LINEAR LINEAR LINEAR LINEAR LINEAR LINEAR LINEAR LINEAR LINEAR LINEAR LINEAR LINEAR LINEAR LINEAR LINEAR LINEAR LINEAR LINEAR LINEAR LINEAR LINEAR LINEAR LINEAR LINEAR LINEAR LINEAR LINEAR LINEAR</Name_array>
        <technique_common>
          <accessor source="#LeftArm_Helper1_matrix_LeftArm_Helper1_transform-interpolations-array" count="56" stride="1">
            <param name="INTERPOLATION" type="Name"/>
          </accessor>
        </technique_common>
      </source>
      <sampler id="LeftArm_Helper1_matrix_LeftArm_Helper1_transform-sampler">
        <input semantic="INPUT" source="#LeftArm_Helper1_matrix_LeftArm_Helper1_transform-input"/>
        <input semantic="OUTPUT" source="#LeftArm_Helper1_matrix_LeftArm_Helper1_transform-output"/>
        <input semantic="INTERPOLATION" source="#LeftArm_Helper1_matrix_LeftArm_Helper1_transform-interpolations"/>
      </sampler>
      <channel source="#LeftArm_Helper1_matrix_LeftArm_Helper1_transform-sampler" target="LeftArm_Helper1/transform"/>
    </animation>
    <animation id="RightShoulder_matrix">
      <source id="RightShoulder_matrix_RightShoulder_transform-input">
        <float_array id="RightShoulder_matrix_RightShoulder_transform-input-array" count="56">0 0.041666 0.083333 0.125 0.166667 0.208333 0.25 0.291667 0.333333 0.375 0.416667 0.458333 0.5 0.541667 0.583333 0.625 0.666667 0.708333 0.75 0.791667 0.833333 0.875 0.916667 0.958333 1 1.04167 1.08333 1.125 1.16667 1.20833 1.25 1.29167 1.33333 1.375 1.41667 1.45833 1.5 1.54167 1.58333 1.625 1.66667 1.70833 1.75 1.79167 1.83333 1.875 1.91667 1.95833 2 2.04167 2.08333 2.125 2.16667 2.20833 2.25 2.29167</float_array>
        <technique_common>
          <accessor source="#RightShoulder_matrix_RightShoulder_transform-input-array" count="56" stride="1">
            <param name="TIME" type="float"/>
          </accessor>
        </technique_common>
        <technique profile="MAYA">
          <pre_infinity>CONSTANT</pre_infinity>
          <post_infinity>CONSTANT</post_infinity>
        </technique>
      </source>
      <source id="RightShoulder_matrix_RightShoulder_transform-output">
        <float_array id="RightShoulder_matrix_RightShoulder_transform-output-array" count="896">-0.364752 0.931083 -0.006315 -0.017011 -0.132646 -0.045247 0.99013 0.181869 0.921608 0.36199 0.140008 0.084759 0 0 0 1 -0.377584 0.92594 0.008081 -0.017011 -0.136756 -0.064394 0.988509 0.181869 0.915821 0.37214 0.150943 0.084759 0 0 0 1 -0.390374 0.920519 0.015916 -0.017011 -0.138464 -0.075794 0.987463 0.181869 0.910185 0.383276 0.157047 0.084759 0 0 0 1 -0.395927 0.918073 0.019575 -0.017011 -0.139176 -0.081065 0.986944 0.181869 0.907674 0.388033 0.159869 0.084759 0 0 0 1 -0.392732 0.91947 0.018318 -0.017011 -0.139015 -0.079043 0.987131 0.181869 0.909085 0.385132 0.158863 0.084759 0 0 0 1 -0.378141 0.925744 0.002679 -0.017011 -0.135084 -0.058041 0.989133 0.181869 0.91584 0.373669 0.147001 0.084759 0 0 0 1 -0.376918 0.92624 -0.003429 -0.017011 -0.133245 -0.050557 0.989793 0.181869 0.916613 0.373528 0.142473 0.084759 0 0 0 1 -0.388351 0.921496 0.005428 -0.017011 -0.135494 -0.062926 0.988778 0.181869 0.911496 0.383257 0.149295 0.084759 0 0 0 1 -0.40068 0.916106 0.014305 -0.017011 -0.137402 -0.075517 0.987632 0.181869 0.905856 0.393759 0.156133 0.084759 0 0 0 1 -0.41454 0.909598 0.028073 -0.017011 -0.140141 -0.094288 0.985632 0.181869 0.899176 0.40465 0.166558 0.084759 0 0 0 1 -0.429428 0.902059 0.04337 -0.017011 -0.142628 -0.115163 0.983054 0.181869 0.891768 0.415965 0.178112 0.084759 0 0 0 1 -0.438874 0.896907 0.054285 -0.017011 -0.144139 -0.129904 0.980994 0.181869 0.886912 0.422708 0.186291 0.084759 0 0 0 1 -0.445894 0.893354 0.05565 -0.017011 -0.14357 -0.13275 0.980696 0.181869 0.883497 0.429296 0.187451 0.084759 0 0 0 1 -0.448774 0.892325 0.048567 -0.017011 -0.141648 -0.124689 0.982033 0.181869 0.882348 0.433831 0.182353 0.084759 0 0 0 1 -0.451384 0.891174 0.0454 -0.017011 -0.140655 -0.1213 0.9826 0.181869 0.881174 0.437145 0.180101 0.084759 0 0 0 1 -0.456791 0.888461 0.044494 -0.017011 -0.139841 -0.121114 0.982739 0.181869 0.878514 0.442684 0.179567 0.084759 0 0 0 1 -0.452859 0.890831 0.036598 -0.017011 -0.138621 -0.110899 0.984117 0.181869 0.88074 0.440592 0.17371 0.084759 0 0 0 1 -0.440175 0.897582 0.024349 -0.017011 -0.137131 -0.093999 0.986083 0.181869 0.887379 0.43071 0.164462 0.084759 0 0 0 1 -0.433731 0.9009 0.016036 -0.017011 -0.135724 -0.082917 0.987271 0.181869 0.890762 0.426033 0.158238 0.084759 0 0 0 1 -0.439704 0.89798 0.017131 -0.017011 -0.135531 -0.085195 0.987103 0.181869 0.887858 0.431711 0.159165 0.084759 0 0 0 1 -0.444199 0.895683 0.020963 -0.017011 -0.136044 -0.090559 0.986555 0.181869 0.885539 0.435375 0.162079 0.084759 0 0 0 1 -0.446791 0.894338 0.023178 -0.017011 -0.136314 -0.093659 0.986228 0.181869 0.884192 0.437479 0.163757 0.084759 0 0 0 1 -0.45055 0.89245 0.023194 -0.017011 -0.135994 -0.094287 0.986213 0.181869 0.882333 0.441183 0.163849 0.084759 0 0 0 1 -0.454007 0.890745 0.021251 -0.017011 -0.1353 -0.092496 0.986478 0.181869 0.880666 0.444992 0.162512 0.084759 0 0 0 1 -0.45259 0.891583 0.015523 -0.017011 -0.134217 -0.085321 0.987272 0.181869 0.88156 0.444746 0.158281 0.084759 0 0 0 1 -0.435605 0.900134 0.002572 -0.017011 -0.132449 -0.066923 0.988928 0.181869 0.89034 0.430441 0.148374 0.084759 0 0 0 1 -0.419465 0.907742 -0.007268 -0.017011 -0.130827 -0.052526 0.990013 0.181869 0.898295 0.416227 0.14079 0.084759 0 0 0 1 -0.421292 0.906902 -0.006425 -0.017011 -0.130957 -0.05382 0.989926 0.181869 0.897421 0.417889 0.141439 0.084759 0 0 0 1 -0.433335 0.901231 -0.002014 -0.017011 -0.131515 -0.061024 0.989434 0.181869 0.891585 0.429021 0.14497 0.084759 0 0 0 1 -0.445979 0.895016 0.007002 -0.017011 -0.132865 -0.073938 0.988372 0.181869 0.885127 0.439863 0.151891 0.084759 0 0 0 1 -0.448264 0.89381 0.012745 -0.017011 -0.133948 -0.081261 0.987651 0.181869 0.883808 0.441022 0.156151 0.084759 0 0 0 1 -0.444109 0.89586 0.014179 -0.017011 -0.134555 -0.082332 0.98748 0.181869 0.885811 0.436641 0.157107 0.084759 0 0 0 1 -0.435818 0.899946 0.012636 -0.017011 -0.134781 -0.079139 0.98771 0.181869 0.889886 0.428759 0.155786 0.084759 0 0 0 1 -0.430491 0.902508 0.012506 -0.017011 -0.13511 -0.078134 0.987745 0.181869 0.892425 0.423526 0.155574 0.084759 0 0 0 1 -0.429923 0.902652 0.019647 -0.017011 -0.136871 -0.086669 0.98679 0.181869 0.892431 0.421554 0.160809 0.084759 0 0 0 1 -0.430697 0.901964 0.031006 -0.017011 -0.139555 -0.100503 0.985101 0.181869 0.891641 0.419953 0.16916 0.084759 0 0 0 1 -0.431429 0.901184 0.041676 -0.017011 -0.142075 -0.113492 0.983328 0.181869 0.890889 0.418316 0.176999 0.084759 0 0 0 1 -0.435386 0.898652 0.053512 -0.017011 -0.14449 -0.128428 0.981136 0.181869 0.888573 0.419441 0.185762 0.084759 0 0 0 1 -0.435327 0.898034 0.063441 -0.017011 -0.146892 -0.140378 0.979141 0.181869 0.888208 0.416928 0.193024 0.084759 0 0 0 1 -0.430234 0.89978 0.072764 -0.017011 -0.149893 -0.150693 0.977151 0.181869 0.890186 0.409496 0.199704 0.084759 0 0 0 1 -0.425878 0.900998 0.082647 -0.017011 -0.153048 -0.161767 0.974889 0.181869 0.891742 0.402535 0.206788 0.084759 0 0 0 1 -0.416791 0.904806 0.087237 -0.017011 -0.15568 -0.165604 0.973827 0.181869 0.895572 0.392301 0.209882 0.084759 0 0 0 1 -0.412267 0.907057 0.085342 -0.017011 -0.155897 -0.162527 0.97431 0.181869 0.897626 0.388371 0.208413 0.084759 0 0 0 1 -0.413993 0.906655 0.081153 -0.017011 -0.154541 -0.157863 0.975293 0.181869 0.897066 0.391223 0.20547 0.084759 0 0 0 1 -0.409364 0.9092 0.076005 -0.017011 -0.153818 -0.150888 0.976511 0.181869 0.899312 0.388057 0.201619 0.084759 0 0 0 1 -0.395611 0.915827 0.068939 -0.017011 -0.15361 -0.139988 0.978165 0.181869 0.905481 0.376383 0.196061 0.084759 0 0 0 1 -0.377 0.924345 0.058799 -0.017011 -0.152602 -0.124605 0.980401 0.181869 0.913556 0.360638 0.188033 0.084759 0 0 0 1 -0.359982 0.93165 0.049408 -0.017011 -0.151143 -0.110495 0.982317 0.181869 0.920635 0.346148 0.180589 0.084759 0 0 0 1 -0.355352 0.933644 0.045104 -0.017011 -0.150055 -0.104608 0.983128 0.181869 0.92261 0.342589 0.17727 0.084759 0 0 0 1 -0.361387 0.93143 0.042879 -0.017011 -0.148853 -0.103029 0.983477 0.181869 0.920458 0.349033 0.17588 0.084759 0 0 0 1 -0.370411 0.928012 0.039864 -0.017011 -0.147217 -0.101028 0.983931 0.181869 0.917128 0.35859 0.17404 0.084759 0 0 0 1 -0.386741 0.921277 0.040991 -0.017011 -0.146339 -0.105197 0.983625 0.181869 0.910503 0.37441 0.175503 0.084759 0 0 0 1 -0.404487 0.913691 0.039492 -0.017011 -0.144532 -0.106505 0.983752 0.181869 0.903051 0.392207 0.175138 0.084759 0 0 0 1 -0.40763 0.912715 0.028088 -0.017011 -0.141199 -0.093391 0.985566 0.181869 0.902165 0.39778 0.166943 0.084759 0 0 0 1 -0.386262 0.922367 0.006406 -0.017011 -0.13607 -0.063848 0.98864 0.181869 0.912298 0.381002 0.150168 0.084759 0 0 0 1 -0.367215 0.93012 -0.00544 -0.017011 -0.13291 -0.046682 0.990028 0.181869 0.920591 0.364276 0.140765 0.084759 0 0 0 1</float_array>
        <technique_common>
          <accessor source="#RightShoulder_matrix_RightShoulder_transform-output-array" count="56" stride="16">
            <param name="TRANSFORM" type="float4x4"/>
          </accessor>
        </technique_common>
      </source>
      <source id="RightShoulder_matrix_RightShoulder_transform-interpolations">
        <Name_array id="RightShoulder_matrix_RightShoulder_transform-interpolations-array" count="56">LINEAR LINEAR LINEAR LINEAR LINEAR LINEAR LINEAR LINEAR LINEAR LINEAR LINEAR LINEAR LINEAR LINEAR LINEAR LINEAR LINEAR LINEAR LINEAR LINEAR LINEAR LINEAR LINEAR LINEAR LINEAR LINEAR LINEAR LINEAR LINEAR LINEAR LINEAR LINEAR LINEAR LINEAR LINEAR LINEAR LINEAR LINEAR LINEAR LINEAR LINEAR LINEAR LINEAR LINEAR LINEAR LINEAR LINEAR LINEAR LINEAR LINEAR LINEAR LINEAR LINEAR LINEAR LINEAR LINEAR</Name_array>
        <technique_common>
          <accessor source="#RightShoulder_matrix_RightShoulder_transform-interpolations-array" count="56" stride="1">
            <param name="INTERPOLATION" type="Name"/>
          </accessor>
        </technique_common>
      </source>
      <sampler id="RightShoulder_matrix_RightShoulder_transform-sampler">
        <input semantic="INPUT" source="#RightShoulder_matrix_RightShoulder_transform-input"/>
        <input semantic="OUTPUT" source="#RightShoulder_matrix_RightShoulder_transform-output"/>
        <input semantic="INTERPOLATION" source="#RightShoulder_matrix_RightShoulder_transform-interpolations"/>
      </sampler>
      <channel source="#RightShoulder_matrix_RightShoulder_transform-sampler" target="RightShoulder/transform"/>
    </animation>
    <animation id="RightArm_matrix">
      <source id="RightArm_matrix_RightArm_transform-input">
        <float_array id="RightArm_matrix_RightArm_transform-input-array" count="56">0 0.041666 0.083333 0.125 0.166667 0.208333 0.25 0.291667 0.333333 0.375 0.416667 0.458333 0.5 0.541667 0.583333 0.625 0.666667 0.708333 0.75 0.791667 0.833333 0.875 0.916667 0.958333 1 1.04167 1.08333 1.125 1.16667 1.20833 1.25 1.29167 1.33333 1.375 1.41667 1.45833 1.5 1.54167 1.58333 1.625 1.66667 1.70833 1.75 1.79167 1.83333 1.875 1.91667 1.95833 2 2.04167 2.08333 2.125 2.16667 2.20833 2.25 2.29167</float_array>
        <technique_common>
          <accessor source="#RightArm_matrix_RightArm_transform-input-array" count="56" stride="1">
            <param name="TIME" type="float"/>
          </accessor>
        </technique_common>
        <technique profile="MAYA">
          <pre_infinity>CONSTANT</pre_infinity>
          <post_infinity>CONSTANT</post_infinity>
        </technique>
      </source>
      <source id="RightArm_matrix_RightArm_transform-output">
        <float_array id="RightArm_matrix_RightArm_transform-output-array" count="896">0.97385 -0.152453 0.168444 0 0.212107 0.344463 -0.914525 -0.188543 0.081399 0.926338 0.367792 -0.000002 0 0 0 1 0.963912 -0.146519 0.222275 0 0.260353 0.344462 -0.901977 -0.188543 0.055591 0.927296 0.370178 -0.000002 0 0 0 1 0.949221 -0.135302 0.284028 0 0.313968 0.349806 -0.882644 -0.188543 0.020069 0.927 0.374524 -0.000002 0 0 0 1 0.931688 -0.129408 0.339426 0 0.363075 0.361483 -0.858782 -0.188543 -0.011563 0.923354 0.383775 -0.000002 0 0 0 1 0.913548 -0.129849 0.385447 0 0.404788 0.382775 -0.83044 -0.188543 -0.039708 0.914671 0.402244 -0.000002 0 0 0 1 0.89224 -0.127402 0.433218 0 0.444177 0.42042 -0.791173 -0.188543 -0.081336 0.898341 0.431704 -0.000002 0 0 0 1 0.870137 -0.126566 0.47628 0 0.478348 0.449327 -0.754512 -0.188543 -0.11851 0.884357 0.451518 -0.000002 0 0 0 1 0.845039 -0.116658 0.521824 0 0.510515 0.466241 -0.722492 -0.188543 -0.159011 0.876932 0.453547 -0.000002 0 0 0 1 0.815903 -0.099071 0.569638 0 0.538711 0.488061 -0.686722 -0.188543 -0.209983 0.867169 0.451581 -0.000002 0 0 0 1 0.788723 -0.088109 0.608401 0 0.5608 0.508544 -0.653365 -0.188543 -0.251831 0.856516 0.450512 -0.000002 0 0 0 1 0.764908 -0.084529 0.638569 0 0.577737 0.528412 -0.622094 -0.188543 -0.284842 0.844769 0.453023 -0.000002 0 0 0 1 0.743773 -0.088219 0.662586 0 0.591655 0.548146 -0.591169 -0.188543 -0.311041 0.831717 0.459891 -0.000002 0 0 0 1 0.728127 -0.093288 0.679064 0 0.600154 0.56536 -0.565848 -0.188543 -0.331129 0.819552 0.467641 -0.000002 0 0 0 1 0.724305 -0.087722 0.683877 0 0.598749 0.571848 -0.560793 -0.188543 -0.341879 0.815656 0.466716 -0.000002 0 0 0 1 0.717926 -0.084129 0.691017 0 0.607005 0.561605 -0.562268 -0.188543 -0.340776 0.823117 0.454258 -0.000002 0 0 0 1 0.707991 -0.095228 0.699771 0 0.626496 0.542033 -0.560093 -0.188543 -0.325962 0.834944 0.443415 -0.000002 0 0 0 1 0.70113 -0.11424 0.703822 0 0.647051 0.516644 -0.560717 -0.188543 -0.299569 0.848545 0.436154 -0.000002 0 0 0 1 0.692679 -0.143062 0.706916 0 0.671188 0.486639 -0.559186 -0.188543 -0.264014 0.861809 0.433106 -0.000002 0 0 0 1 0.68352 -0.177111 0.708118 0 0.695468 0.45259 -0.55811 -0.188543 -0.22164 0.873953 0.432529 -0.000002 0 0 0 1 0.676101 -0.203145 0.708251 0 0.712715 0.424116 -0.558715 -0.188543 -0.186881 0.882529 0.43153 -0.000002 0 0 0 1 0.668165 -0.215218 0.712205 0 0.723161 0.412898 -0.553672 -0.188543 -0.174908 0.884984 0.431521 -0.000002 0 0 0 1 0.66475 -0.211589 0.716476 0 0.724346 0.417273 -0.548823 -0.188543 -0.182841 0.883806 0.430646 -0.000002 0 0 0 1 0.665383 -0.197422 0.719923 0 0.718593 0.430625 -0.546065 -0.188543 -0.202211 0.880674 0.428397 -0.000002 0 0 0 1 0.664216 -0.181842 0.725087 0 0.713452 0.443776 -0.542264 -0.188543 -0.223169 0.877495 0.424498 -0.000002 0 0 0 1 0.662882 -0.176739 0.727565 0 0.711307 0.452006 -0.538269 -0.188543 -0.23373 0.874331 0.425342 -0.000002 0 0 0 1 0.666273 -0.174491 0.725006 0 0.704503 0.466 -0.535276 -0.188543 -0.244452 0.867408 0.433412 -0.000002 0 0 0 1 0.66028 -0.189021 0.726843 0 0.709859 0.473072 -0.521826 -0.188543 -0.245214 0.860508 0.446539 -0.000002 0 0 0 1 0.657391 -0.201139 0.72621 0 0.716145 0.466619 -0.51904 -0.188543 -0.234465 0.861284 0.450796 -0.000002 0 0 0 1 0.673889 -0.182378 0.71597 0 0.700073 0.467368 -0.539875 -0.188543 -0.23616 0.865047 0.442632 -0.000002 0 0 0 1 0.692661 -0.15725 0.703913 0 0.680709 0.465164 -0.565913 -0.188543 -0.238445 0.871146 0.429242 -0.000002 0 0 0 1 0.710632 -0.141248 0.68924 0 0.665263 0.453718 -0.592929 -0.188543 -0.22897 0.87988 0.416394 -0.000002 0 0 0 1 0.724592 -0.141727 0.674448 0 0.656725 0.438761 -0.613352 -0.188543 -0.208993 0.887357 0.410999 -0.000002 0 0 0 1 0.733852 -0.150313 0.66247 0 0.651559 0.431633 -0.62383 -0.188543 -0.192175 0.889437 0.414693 -0.000002 0 0 0 1 0.7406 -0.161294 0.6523 0 0.646194 0.437131 -0.625579 -0.188543 -0.184238 0.884817 0.427967 -0.000002 0 0 0 1 0.742109 -0.169383 0.648525 0 0.643668 0.450015 -0.619015 -0.188543 -0.186995 0.87681 0.442986 -0.000002 0 0 0 1 0.738082 -0.169664 0.653031 0 0.642664 0.471531 -0.603856 -0.188543 -0.205472 0.865374 0.457065 -0.000002 0 0 0 1 0.728822 -0.16622 0.664221 0 0.643125 0.499085 -0.580779 -0.188543 -0.234965 0.850462 0.470644 -0.000002 0 0 0 1 0.712564 -0.164279 0.682103 0 0.647934 0.527018 -0.549941 -0.188543 -0.269137 0.833825 0.481976 -0.000002 0 0 0 1 0.688098 -0.160364 0.707676 0 0.655891 0.554611 -0.512067 -0.188543 -0.310367 0.816511 0.486808 -0.000002 0 0 0 1 0.659977 -0.161523 0.733717 0 0.665147 0.579687 -0.470683 -0.188543 -0.3493 0.79867 0.490016 -0.000002 0 0 0 1 0.638571 -0.172542 0.749971 0 0.671696 0.600569 -0.433753 -0.188543 -0.375568 0.780734 0.499402 -0.000002 0 0 0 1 0.628375 -0.189138 0.754567 0 0.67521 0.61431 -0.408308 -0.188543 -0.386312 0.766062 0.513725 -0.000002 0 0 0 1 0.642149 -0.2038 0.738992 0 0.668917 0.619828 -0.410321 -0.188543 -0.374425 0.757812 0.534348 -0.000002 0 0 0 1 0.684753 -0.210361 0.697755 0 0.643788 0.623306 -0.443876 -0.188543 -0.34154 0.753152 0.562239 -0.000002 0 0 0 1 0.743154 -0.219267 0.632174 0 0.604007 0.626365 -0.49279 -0.188543 -0.287919 0.748057 0.597925 -0.000002 0 0 0 1 0.794733 -0.243578 0.55594 0 0.568067 0.621095 -0.539945 -0.188543 -0.213773 0.744923 0.631973 -0.000002 0 0 0 1 0.834368 -0.27408 0.478237 0 0.53562 0.608021 -0.586022 -0.188543 -0.130161 0.745111 0.654116 -0.000002 0 0 0 1 0.869162 -0.290349 0.400319 0 0.492194 0.586449 -0.643291 -0.188543 -0.047987 0.756158 0.652627 -0.000002 0 0 0 1 0.898303 -0.292239 0.328097 0 0.438611 0.552382 -0.708869 -0.188543 0.025923 0.780686 0.624386 -0.000002 0 0 0 1 0.9232 -0.277332 0.266063 0 0.375967 0.508158 -0.77487 -0.188543 0.079693 0.815391 0.573399 -0.000002 0 0 0 1 0.945248 -0.24897 0.210997 0 0.306169 0.452681 -0.837461 -0.188543 0.112988 0.856209 0.504123 -0.000002 0 0 0 1 0.961229 -0.218477 0.168248 0 0.242974 0.382528 -0.891424 -0.188543 0.130396 0.897742 0.420781 -0.000002 0 0 0 1 0.970764 -0.193749 0.141701 0 0.19921 0.320956 -0.925906 -0.188543 0.133914 0.927065 0.350169 -0.000002 0 0 0 1 0.976113 -0.178444 0.123939 0 0.172985 0.293179 -0.940278 -0.188543 0.131451 0.939257 0.317044 -0.000002 0 0 0 1 0.977945 -0.167884 0.12425 0 0.171613 0.306817 -0.936169 -0.188543 0.119046 0.936845 0.328862 -0.000002 0 0 0 1 0.97498 -0.155265 0.159084 0 0.203772 0.338249 -0.91873 -0.188543 0.088836 0.92816 0.361424 -0.000002 0 0 0 1</float_array>
        <technique_common>
          <accessor source="#RightArm_matrix_RightArm_transform-output-array" count="56" stride="16">
            <param name="TRANSFORM" type="float4x4"/>
          </accessor>
        </technique_common>
      </source>
      <source id="RightArm_matrix_RightArm_transform-interpolations">
        <Name_array id="RightArm_matrix_RightArm_transform-interpolations-array" count="56">LINEAR LINEAR LINEAR LINEAR LINEAR LINEAR LINEAR LINEAR LINEAR LINEAR LINEAR LINEAR LINEAR LINEAR LINEAR LINEAR LINEAR LINEAR LINEAR LINEAR LINEAR LINEAR LINEAR LINEAR LINEAR LINEAR LINEAR LINEAR LINEAR LINEAR LINEAR LINEAR LINEAR LINEAR LINEAR LINEAR LINEAR LINEAR LINEAR LINEAR LINEAR LINEAR LINEAR LINEAR LINEAR LINEAR LINEAR LINEAR LINEAR LINEAR LINEAR LINEAR LINEAR LINEAR LINEAR LINEAR</Name_array>
        <technique_common>
          <accessor source="#RightArm_matrix_RightArm_transform-interpolations-array" count="56" stride="1">
            <param name="INTERPOLATION" type="Name"/>
          </accessor>
        </technique_common>
      </source>
      <sampler id="RightArm_matrix_RightArm_transform-sampler">
        <input semantic="INPUT" source="#RightArm_matrix_RightArm_transform-input"/>
        <input semantic="OUTPUT" source="#RightArm_matrix_RightArm_transform-output"/>
        <input semantic="INTERPOLATION" source="#RightArm_matrix_RightArm_transform-interpolations"/>
      </sampler>
      <channel source="#RightArm_matrix_RightArm_transform-sampler" target="RightArm/transform"/>
    </animation>
    <animation id="RightForeArm_matrix">
      <source id="RightForeArm_matrix_RightForeArm_transform-input">
        <float_array id="RightForeArm_matrix_RightForeArm_transform-input-array" count="56">0 0.041666 0.083333 0.125 0.166667 0.208333 0.25 0.291667 0.333333 0.375 0.416667 0.458333 0.5 0.541667 0.583333 0.625 0.666667 0.708333 0.75 0.791667 0.833333 0.875 0.916667 0.958333 1 1.04167 1.08333 1.125 1.16667 1.20833 1.25 1.29167 1.33333 1.375 1.41667 1.45833 1.5 1.54167 1.58333 1.625 1.66667 1.70833 1.75 1.79167 1.83333 1.875 1.91667 1.95833 2 2.04167 2.08333 2.125 2.16667 2.20833 2.25 2.29167</float_array>
        <technique_common>
          <accessor source="#RightForeArm_matrix_RightForeArm_transform-input-array" count="56" stride="1">
            <param name="TIME" type="float"/>
          </accessor>
        </technique_common>
        <technique profile="MAYA">
          <pre_infinity>CONSTANT</pre_infinity>
          <post_infinity>CONSTANT</post_infinity>
        </technique>
      </source>
      <source id="RightForeArm_matrix_RightForeArm_transform-output">
        <float_array id="RightForeArm_matrix_RightForeArm_transform-output-array" count="896">0.4778 -0.878469 0 -0.000005 0.878468 0.477799 -0.001515 -0.321501 0.001331 0.000723 0.999999 0 0 0 0 1 0.426671 -0.904407 0 -0.000005 0.904406 0.426671 -0.001515 -0.321501 0.00137 0.000646 0.999999 0 0 0 0 1 0.369842 -0.929095 0 -0.000005 0.929094 0.369842 -0.001515 -0.321501 0.001407 0.00056 0.999999 0 0 0 0 1 0.339619 -0.940563 0 -0.000005 0.940562 0.339618 -0.001515 -0.321501 0.001425 0.000514 0.999999 0 0 0 0 1 0.335946 -0.941881 0 -0.000005 0.94188 0.335946 -0.001515 -0.321501 0.001427 0.000509 0.999999 0 0 0 0 1 0.333382 -0.942792 0 -0.000005 0.942791 0.333382 -0.001515 -0.321501 0.001428 0.000505 0.999999 0 0 0 0 1 0.327996 -0.944679 0 -0.000005 0.944678 0.327995 -0.001515 -0.321501 0.001431 0.000497 0.999999 0 0 0 0 1 0.299553 -0.95408 0 -0.000005 0.954078 0.299553 -0.001515 -0.321501 0.001445 0.000453 0.999999 0 0 0 0 1 0.253468 -0.967344 0 -0.000005 0.967343 0.253467 -0.001515 -0.321501 0.001465 0.000384 0.999999 0 0 0 0 1 0.2099 -0.977723 0 -0.000005 0.977722 0.2099 -0.001515 -0.321501 0.001481 0.000318 0.999999 0 0 0 0 1 0.167923 -0.9858 0 -0.000005 0.985799 0.167923 -0.001515 -0.321501 0.001493 0.000254 0.999999 0 0 0 0 1 0.127667 -0.991817 0 -0.000005 0.991816 0.127667 -0.001515 -0.321501 0.001502 0.000193 0.999999 0 0 0 0 1 0.097308 -0.995254 0 -0.000005 0.995253 0.097308 -0.001515 -0.321501 0.001508 0.000147 0.999999 0 0 0 0 1 0.088558 -0.996071 0 -0.000005 0.99607 0.088558 -0.001515 -0.321501 0.001509 0.000134 0.999999 0 0 0 0 1 0.095983 -0.995383 0 -0.000005 0.995382 0.095983 -0.001515 -0.321501 0.001508 0.000145 0.999999 0 0 0 0 1 0.107092 -0.994249 0 -0.000005 0.994248 0.107092 -0.001515 -0.321501 0.001506 0.000162 0.999999 0 0 0 0 1 0.120667 -0.992693 0 -0.000005 0.992692 0.120667 -0.001515 -0.321501 0.001504 0.000182 0.999999 0 0 0 0 1 0.124856 -0.992175 0 -0.000005 0.992174 0.124856 -0.001515 -0.321501 0.001503 0.000189 0.999999 0 0 0 0 1 0.124132 -0.992266 0 -0.000005 0.992265 0.124132 -0.001515 -0.321501 0.001503 0.000188 0.999999 0 0 0 0 1 0.10793 -0.994158 0 -0.000005 0.994157 0.10793 -0.001515 -0.321501 0.001506 0.000163 0.999999 0 0 0 0 1 0.075359 -0.997156 0 -0.000005 0.997155 0.075359 -0.001515 -0.321501 0.00151 0.000114 0.999999 0 0 0 0 1 0.053928 -0.998545 0 -0.000005 0.998544 0.053927 -0.001515 -0.321501 0.001513 0.000081 0.999999 0 0 0 0 1 0.052639 -0.998614 0 -0.000005 0.998612 0.052639 -0.001515 -0.321501 0.001513 0.000079 0.999999 0 0 0 0 1 0.065114 -0.997878 0 -0.000005 0.997877 0.065114 -0.001515 -0.321501 0.001512 0.000098 0.999999 0 0 0 0 1 0.092554 -0.995708 0 -0.000005 0.995706 0.092554 -0.001515 -0.321501 0.001508 0.00014 0.999999 0 0 0 0 1 0.118012 -0.993012 0 -0.000005 0.993011 0.118012 -0.001515 -0.321501 0.001504 0.000178 0.999999 0 0 0 0 1 0.136292 -0.990669 0 -0.000005 0.990668 0.136292 -0.001515 -0.321501 0.001501 0.000206 0.999999 0 0 0 0 1 0.142678 -0.989769 0 -0.000005 0.989768 0.142678 -0.001515 -0.321501 0.001499 0.000216 0.999999 0 0 0 0 1 0.116376 -0.993205 0 -0.000005 0.993204 0.116376 -0.001515 -0.321501 0.001504 0.000176 0.999999 0 0 0 0 1 0.081429 -0.996679 0 -0.000005 0.996678 0.081428 -0.001515 -0.321501 0.00151 0.000123 0.999999 0 0 0 0 1 0.072102 -0.997397 0 -0.000005 0.997396 0.072101 -0.001515 -0.321501 0.001511 0.000109 0.999999 0 0 0 0 1 0.080303 -0.996771 0 -0.000005 0.996769 0.080303 -0.001515 -0.321501 0.00151 0.000121 0.999999 0 0 0 0 1 0.090799 -0.995869 0 -0.000005 0.995868 0.090799 -0.001515 -0.321501 0.001509 0.000137 0.999999 0 0 0 0 1 0.107143 -0.994244 0 -0.000005 0.994242 0.107143 -0.001515 -0.321501 0.001506 0.000162 0.999999 0 0 0 0 1 0.118091 -0.993003 0 -0.000005 0.993002 0.118091 -0.001515 -0.321501 0.001504 0.000178 0.999999 0 0 0 0 1 0.115183 -0.993344 0 -0.000005 0.993343 0.115183 -0.001515 -0.321501 0.001505 0.000174 0.999999 0 0 0 0 1 0.106474 -0.994316 0 -0.000005 0.994314 0.106474 -0.001515 -0.321501 0.001506 0.000161 0.999999 0 0 0 0 1 0.098586 -0.995128 0 -0.000005 0.995127 0.098586 -0.001515 -0.321501 0.001507 0.000149 0.999999 0 0 0 0 1 0.086905 -0.996217 0 -0.000005 0.996215 0.086905 -0.001515 -0.321501 0.001509 0.000131 0.999999 0 0 0 0 1 0.082188 -0.996617 0 -0.000005 0.996616 0.082188 -0.001515 -0.321501 0.00151 0.000124 0.999999 0 0 0 0 1 0.088755 -0.996053 0 -0.000005 0.996052 0.088755 -0.001515 -0.321501 0.001509 0.000134 0.999999 0 0 0 0 1 0.102251 -0.994759 0 -0.000005 0.994757 0.102251 -0.001515 -0.321501 0.001507 0.000154 0.999999 0 0 0 0 1 0.122285 -0.992495 0 -0.000005 0.992494 0.122285 -0.001515 -0.321501 0.001503 0.000185 0.999999 0 0 0 0 1 0.136627 -0.990623 0 -0.000005 0.990621 0.136627 -0.001515 -0.321501 0.001501 0.000207 0.999999 0 0 0 0 1 0.144154 -0.989555 0 -0.000005 0.989554 0.144154 -0.001515 -0.321501 0.001499 0.000218 0.999999 0 0 0 0 1 0.154851 -0.987938 0 -0.000005 0.987937 0.15485 -0.001515 -0.321501 0.001497 0.000234 0.999999 0 0 0 0 1 0.162178 -0.986762 0 -0.000005 0.98676 0.162178 -0.001515 -0.321501 0.001495 0.000245 0.999999 0 0 0 0 1 0.151547 -0.98845 0 -0.000005 0.988449 0.151547 -0.001515 -0.321501 0.001497 0.000229 0.999999 0 0 0 0 1 0.127965 -0.991779 0 -0.000005 0.991778 0.127965 -0.001515 -0.321501 0.001502 0.000193 0.999999 0 0 0 0 1 0.106026 -0.994363 0 -0.000005 0.994362 0.106026 -0.001515 -0.321501 0.001506 0.00016 0.999999 0 0 0 0 1 0.109763 -0.993958 0 -0.000005 0.993957 0.109763 -0.001515 -0.321501 0.001506 0.000166 0.999999 0 0 0 0 1 0.155366 -0.987857 0 -0.000005 0.987856 0.155366 -0.001515 -0.321501 0.001496 0.000235 0.999999 0 0 0 0 1 0.23873 -0.971086 0 -0.000005 0.971085 0.23873 -0.001515 -0.321501 0.001471 0.000361 0.999999 0 0 0 0 1 0.349833 -0.936812 0 -0.000005 0.936811 0.349833 -0.001515 -0.321501 0.001419 0.00053 0.999999 0 0 0 0 1 0.445327 -0.895368 0 -0.000005 0.895367 0.445326 -0.001515 -0.321501 0.001356 0.000674 0.999999 0 0 0 0 1 0.476332 -0.879265 0 -0.000005 0.879264 0.476332 -0.001515 -0.321501 0.001332 0.000721 0.999999 0 0 0 0 1</float_array>
        <technique_common>
          <accessor source="#RightForeArm_matrix_RightForeArm_transform-output-array" count="56" stride="16">
            <param name="TRANSFORM" type="float4x4"/>
          </accessor>
        </technique_common>
      </source>
      <source id="RightForeArm_matrix_RightForeArm_transform-interpolations">
        <Name_array id="RightForeArm_matrix_RightForeArm_transform-interpolations-array" count="56">LINEAR LINEAR LINEAR LINEAR LINEAR LINEAR LINEAR LINEAR LINEAR LINEAR LINEAR LINEAR LINEAR LINEAR LINEAR LINEAR LINEAR LINEAR LINEAR LINEAR LINEAR LINEAR LINEAR LINEAR LINEAR LINEAR LINEAR LINEAR LINEAR LINEAR LINEAR LINEAR LINEAR LINEAR LINEAR LINEAR LINEAR LINEAR LINEAR LINEAR LINEAR LINEAR LINEAR LINEAR LINEAR LINEAR LINEAR LINEAR LINEAR LINEAR LINEAR LINEAR LINEAR LINEAR LINEAR LINEAR</Name_array>
        <technique_common>
          <accessor source="#RightForeArm_matrix_RightForeArm_transform-interpolations-array" count="56" stride="1">
            <param name="INTERPOLATION" type="Name"/>
          </accessor>
        </technique_common>
      </source>
      <sampler id="RightForeArm_matrix_RightForeArm_transform-sampler">
        <input semantic="INPUT" source="#RightForeArm_matrix_RightForeArm_transform-input"/>
        <input semantic="OUTPUT" source="#RightForeArm_matrix_RightForeArm_transform-output"/>
        <input semantic="INTERPOLATION" source="#RightForeArm_matrix_RightForeArm_transform-interpolations"/>
      </sampler>
      <channel source="#RightForeArm_matrix_RightForeArm_transform-sampler" target="RightForeArm/transform"/>
    </animation>
    <animation id="RightHand_matrix">
      <source id="RightHand_matrix_RightHand_transform-input">
        <float_array id="RightHand_matrix_RightHand_transform-input-array" count="56">0 0.041666 0.083333 0.125 0.166667 0.208333 0.25 0.291667 0.333333 0.375 0.416667 0.458333 0.5 0.541667 0.583333 0.625 0.666667 0.708333 0.75 0.791667 0.833333 0.875 0.916667 0.958333 1 1.04167 1.08333 1.125 1.16667 1.20833 1.25 1.29167 1.33333 1.375 1.41667 1.45833 1.5 1.54167 1.58333 1.625 1.66667 1.70833 1.75 1.79167 1.83333 1.875 1.91667 1.95833 2 2.04167 2.08333 2.125 2.16667 2.20833 2.25 2.29167</float_array>
        <technique_common>
          <accessor source="#RightHand_matrix_RightHand_transform-input-array" count="56" stride="1">
            <param name="TIME" type="float"/>
          </accessor>
        </technique_common>
        <technique profile="MAYA">
          <pre_infinity>CONSTANT</pre_infinity>
          <post_infinity>CONSTANT</post_infinity>
        </technique>
      </source>
      <source id="RightHand_matrix_RightHand_transform-output">
        <float_array id="RightHand_matrix_RightHand_transform-output-array" count="896">0.999481 -0.017683 -0.026917 -0.000007 0.019948 0.996065 0.08635 -0.244116 0.025284 -0.086842 0.995901 0 0 0 0 1 0.999731 -0.022699 0.00468 -0.000007 0.022064 0.99396 0.107502 -0.244116 -0.007092 -0.10737 0.994194 0 0 0 0 1 0.999629 -0.024177 0.012552 -0.000007 0.022263 0.990586 0.135066 -0.244116 -0.0157 -0.134737 0.990757 0 0 0 0 1 0.999278 -0.030848 0.022181 -0.000007 0.027281 0.988874 0.146229 -0.244116 -0.026446 -0.145519 0.989002 0 0 0 0 1 0.998721 -0.045171 0.022712 -0.000007 0.041887 0.990804 0.128659 -0.244116 -0.028314 -0.127543 0.991429 0 0 0 0 1 0.998494 -0.052046 0.01737 -0.000007 0.049519 0.99114 0.123247 -0.244116 -0.023631 -0.122201 0.992224 0 0 0 0 1 0.99793 -0.041632 0.049021 -0.000007 0.034651 0.990168 0.135523 -0.244116 -0.054181 -0.133544 0.989561 0 0 0 0 1 0.998399 -0.041505 0.038416 -0.000007 0.036315 0.991221 0.12713 -0.244116 -0.043355 -0.125531 0.991142 0 0 0 0 1 0.998387 -0.044182 0.035669 -0.000007 0.038927 0.989872 0.136522 -0.244116 -0.041339 -0.134914 0.989995 0 0 0 0 1 0.995648 -0.037297 0.085403 -0.000007 0.023119 0.986626 0.161353 -0.244116 -0.090279 -0.158676 0.983195 0 0 0 0 1 0.99237 -0.035603 0.118046 -0.000007 0.015373 0.98566 0.168044 -0.244116 -0.122336 -0.164947 0.978686 0 0 0 0 1 0.991485 -0.02748 0.127287 -0.000007 0.004852 0.984597 0.174773 -0.244116 -0.130129 -0.172667 0.976346 0 0 0 0 1 0.990521 -0.015719 0.136457 -0.000007 -0.009265 0.983521 0.180557 -0.244116 -0.137046 -0.18011 0.974053 0 0 0 0 1 0.987274 -0.008007 0.158826 -0.000007 -0.021553 0.982778 0.183531 -0.244116 -0.15756 -0.184618 0.970098 0 0 0 0 1 0.988492 -0.004209 0.151217 -0.000007 -0.022186 0.984769 0.172444 -0.244116 -0.14964 -0.173814 0.973343 0 0 0 0 1 0.990376 -0.004325 0.138335 -0.000007 -0.016066 0.989162 0.145947 -0.244116 -0.137467 -0.146765 0.979573 0 0 0 0 1 0.987371 -0.01556 0.157656 -0.000007 -0.004695 0.991853 0.1273 -0.244116 -0.158353 -0.126433 0.979254 0 0 0 0 1 0.982943 -0.021342 0.182669 -0.000007 -0.000075 0.993196 0.116451 -0.244116 -0.183911 -0.114479 0.976254 0 0 0 0 1 0.978408 -0.024906 0.205176 -0.000007 0.003404 0.99452 0.10449 -0.244116 -0.206654 -0.101535 0.973131 0 0 0 0 1 0.974615 -0.019427 0.223043 -0.000007 -0.004067 0.994527 0.104402 -0.244116 -0.22385 -0.10266 0.969202 0 0 0 0 1 0.974941 -0.016161 0.221876 -0.000007 -0.008008 0.994161 0.107608 -0.244116 -0.222319 -0.106689 0.969119 0 0 0 0 1 0.971862 -0.017934 0.234869 -0.000007 -0.006533 0.994661 0.102988 -0.244116 -0.235462 -0.101625 0.966556 0 0 0 0 1 0.967528 -0.027615 0.251253 -0.000007 0.00503 0.995921 0.090089 -0.244116 -0.252715 -0.085899 0.96372 0 0 0 0 1 0.968396 -0.037384 0.246602 -0.000007 0.020748 0.997351 0.069717 -0.244116 -0.248555 -0.062397 0.966606 0 0 0 0 1 0.970021 -0.046093 0.238611 -0.000007 0.0357 0.998223 0.047701 -0.244116 -0.240386 -0.037752 0.969943 0 0 0 0 1 0.971881 -0.048158 0.230496 -0.000007 0.041463 0.998568 0.033807 -0.244116 -0.231794 -0.023299 0.972486 0 0 0 0 1 0.976358 -0.044595 0.21151 -0.000007 0.039272 0.998799 0.029303 -0.244116 -0.212562 -0.020304 0.976937 0 0 0 0 1 0.97141 -0.02717 0.235848 -0.000007 0.021015 0.999371 0.028571 -0.244116 -0.236476 -0.022798 0.97137 0 0 0 0 1 0.969509 -0.034165 0.242664 -0.000007 0.028112 0.999202 0.028364 -0.244116 -0.243439 -0.020677 0.969696 0 0 0 0 1 0.976124 -0.039504 0.213592 -0.000007 0.034733 0.999057 0.026041 -0.244116 -0.21442 -0.018 0.976576 0 0 0 0 1 0.978105 -0.030585 0.20585 -0.000007 0.02599 0.99935 0.02499 -0.244116 -0.206481 -0.019093 0.978264 0 0 0 0 1 0.979769 -0.020043 0.199128 -0.000007 0.016124 0.999643 0.021283 -0.244116 -0.199483 -0.017642 0.979742 0 0 0 0 1 0.980631 -0.005333 0.195791 -0.000007 0.000128 0.999646 0.026589 -0.244116 -0.195864 -0.026049 0.980285 0 0 0 0 1 0.977024 0.003669 0.213096 -0.000007 -0.010035 0.999535 0.028797 -0.244116 -0.212891 -0.030274 0.976607 0 0 0 0 1 0.974773 0.016565 0.222584 -0.000007 -0.023658 0.999292 0.029238 -0.244116 -0.221942 -0.033766 0.974475 0 0 0 0 1 0.975047 0.030414 0.219907 -0.000007 -0.038736 0.998683 0.033629 -0.244116 -0.218595 -0.041308 0.974941 0 0 0 0 1 0.975232 0.037664 0.217956 -0.000007 -0.047053 0.998168 0.038042 -0.244116 -0.216124 -0.047355 0.975217 0 0 0 0 1 0.976277 0.039893 0.212817 -0.000007 -0.048951 0.998098 0.037461 -0.244116 -0.210918 -0.04699 0.976374 0 0 0 0 1 0.978851 0.052018 0.197849 -0.000007 -0.062274 0.997 0.045972 -0.244116 -0.194864 -0.05732 0.979154 0 0 0 0 1 0.980753 0.061128 0.185435 -0.000007 -0.07234 0.9959 0.05431 -0.244116 -0.181355 -0.066679 0.981155 0 0 0 0 1 0.980848 0.064067 0.183934 -0.000007 -0.07568 0.995512 0.056819 -0.244116 -0.179468 -0.069651 0.981295 0 0 0 0 1 0.982264 0.063528 0.176414 -0.000007 -0.074414 0.995666 0.055789 -0.244116 -0.172105 -0.067927 0.982734 0 0 0 0 1 0.982826 0.063141 0.173397 -0.000007 -0.073813 0.99571 0.055794 -0.244116 -0.16913 -0.067635 0.98327 0 0 0 0 1 0.982112 0.063886 0.177129 -0.000007 -0.076882 0.994753 0.067496 -0.244116 -0.171887 -0.079907 0.98187 0 0 0 0 1 0.983568 0.065246 0.168338 -0.000007 -0.080486 0.993095 0.085348 -0.244116 -0.161607 -0.097494 0.982028 0 0 0 0 1 0.986232 0.073925 0.147924 -0.000007 -0.090101 0.990295 0.105815 -0.244116 -0.138666 -0.117686 0.983322 0 0 0 0 1 0.988375 0.082508 0.1277 -0.000007 -0.098203 0.987668 0.121937 -0.244116 -0.116064 -0.13306 0.984289 0 0 0 0 1 0.988084 0.086961 0.126995 -0.000007 -0.105304 0.983708 0.145706 -0.244116 -0.112256 -0.157343 0.981143 0 0 0 0 1 0.985928 0.078816 0.147424 -0.000007 -0.104815 0.978457 0.177866 -0.244116 -0.130229 -0.190815 0.972949 0 0 0 0 1 0.983602 0.056332 0.171327 -0.000007 -0.092567 0.97298 0.211523 -0.244116 -0.154783 -0.223914 0.96224 0 0 0 0 1 0.979546 0.021433 0.200075 -0.000007 -0.069801 0.968763 0.237961 -0.244116 -0.188725 -0.24706 0.950444 0 0 0 0 1 0.978501 -0.017414 0.205508 -0.000007 -0.034403 0.968687 0.24589 -0.244116 -0.203355 -0.247674 0.947262 0 0 0 0 1 0.982743 -0.03859 0.180904 -0.000007 -0.003192 0.974312 0.22518 -0.244116 -0.184947 -0.221872 0.957375 0 0 0 0 1 0.990382 -0.0546 0.127131 -0.000007 0.033546 0.986185 0.162214 -0.244116 -0.134232 -0.156389 0.978532 0 0 0 0 1 0.998152 -0.05337 0.029047 -0.000007 0.050832 0.995334 0.08201 -0.244116 -0.033288 -0.080382 0.996208 0 0 0 0 1 0.999444 -0.024238 -0.022903 -0.000007 0.025994 0.996473 0.079781 -0.244116 0.020888 -0.080332 0.996549 0 0 0 0 1</float_array>
        <technique_common>
          <accessor source="#RightHand_matrix_RightHand_transform-output-array" count="56" stride="16">
            <param name="TRANSFORM" type="float4x4"/>
          </accessor>
        </technique_common>
      </source>
      <source id="RightHand_matrix_RightHand_transform-interpolations">
        <Name_array id="RightHand_matrix_RightHand_transform-interpolations-array" count="56">LINEAR LINEAR LINEAR LINEAR LINEAR LINEAR LINEAR LINEAR LINEAR LINEAR LINEAR LINEAR LINEAR LINEAR LINEAR LINEAR LINEAR LINEAR LINEAR LINEAR LINEAR LINEAR LINEAR LINEAR LINEAR LINEAR LINEAR LINEAR LINEAR LINEAR LINEAR LINEAR LINEAR LINEAR LINEAR LINEAR LINEAR LINEAR LINEAR LINEAR LINEAR LINEAR LINEAR LINEAR LINEAR LINEAR LINEAR LINEAR LINEAR LINEAR LINEAR LINEAR LINEAR LINEAR LINEAR LINEAR</Name_array>
        <technique_common>
          <accessor source="#RightHand_matrix_RightHand_transform-interpolations-array" count="56" stride="1">
            <param name="INTERPOLATION" type="Name"/>
          </accessor>
        </technique_common>
      </source>
      <sampler id="RightHand_matrix_RightHand_transform-sampler">
        <input semantic="INPUT" source="#RightHand_matrix_RightHand_transform-input"/>
        <input semantic="OUTPUT" source="#RightHand_matrix_RightHand_transform-output"/>
        <input semantic="INTERPOLATION" source="#RightHand_matrix_RightHand_transform-interpolations"/>
      </sampler>
      <channel source="#RightHand_matrix_RightHand_transform-sampler" target="RightHand/transform"/>
    </animation>
    <animation id="RightForeArm_Helper1_matrix">
      <source id="RightForeArm_Helper1_matrix_RightForeArm_Helper1_transform-input">
        <float_array id="RightForeArm_Helper1_matrix_RightForeArm_Helper1_transform-input-array" count="56">0 0.041666 0.083333 0.125 0.166667 0.208333 0.25 0.291667 0.333333 0.375 0.416667 0.458333 0.5 0.541667 0.583333 0.625 0.666667 0.708333 0.75 0.791667 0.833333 0.875 0.916667 0.958333 1 1.04167 1.08333 1.125 1.16667 1.20833 1.25 1.29167 1.33333 1.375 1.41667 1.45833 1.5 1.54167 1.58333 1.625 1.66667 1.70833 1.75 1.79167 1.83333 1.875 1.91667 1.95833 2 2.04167 2.08333 2.125 2.16667 2.20833 2.25 2.29167</float_array>
        <technique_common>
          <accessor source="#RightForeArm_Helper1_matrix_RightForeArm_Helper1_transform-input-array" count="56" stride="1">
            <param name="TIME" type="float"/>
          </accessor>
        </technique_common>
        <technique profile="MAYA">
          <pre_infinity>CONSTANT</pre_infinity>
          <post_infinity>CONSTANT</post_infinity>
        </technique>
      </source>
      <source id="RightForeArm_Helper1_matrix_RightForeArm_Helper1_transform-output">
        <float_array id="RightForeArm_Helper1_matrix_RightForeArm_Helper1_transform-output-array" count="896">0.99992 0 -0.012645 0 0 1 -0.000006 -0.078445 0.012645 0.000006 0.99992 0.000003 0 0 0 1 0.999996 0 0.00282 0 0 1 -0.000006 -0.078445 -0.00282 0.000006 0.999996 0.000003 0 0 0 1 0.999969 0 0.007856 0 0 1 -0.000006 -0.078445 -0.007856 0.000006 0.999969 0.000003 0 0 0 1 0.999916 0 0.012949 0 0 1 -0.000006 -0.078445 -0.012949 0.000006 0.999916 0.000003 0 0 0 1 0.9999 0 0.014171 0 0 1 -0.000006 -0.078445 -0.014171 0.000006 0.9999 0.000003 0 0 0 1 0.999917 0 0.012875 0 0 1 -0.000006 -0.078445 -0.012875 0.000006 0.999917 0.000003 0 0 0 1 0.999669 0 0.025739 0 0.000000 1 -0.000006 -0.078445 -0.025739 0.000006 0.999669 0.000003 0 0 0 1 0.999756 0 0.022068 0 0.000000 1 -0.000006 -0.078445 -0.022068 0.000006 0.999756 0.000003 0 0 0 1 0.999786 0 0.02069 0 0.000000 1 -0.000006 -0.078445 -0.02069 0.000006 0.999786 0.000003 0 0 0 1 0.999 0 0.044715 0 0.000000 1 -0.000006 -0.078445 -0.044715 0.000006 0.999 0.000003 0 0 0 1 0.998175 0 0.060384 0 0.000000 1 -0.000006 -0.078445 -0.060384 0.000006 0.998175 0.000003 0 0 0 1 0.997874 0 0.065179 0 0.000000 1 -0.000006 -0.078445 -0.065179 0.000006 0.997874 0.000003 0 0 0 1 0.997638 0 0.068688 0 0.000000 1 -0.000006 -0.078445 -0.068688 0.000006 0.997638 0.000003 0 0 0 1 0.996932 0 0.078267 0 0.000000 1 -0.000006 -0.078445 -0.078267 0.000006 0.996932 0.000003 0 0 0 1 0.997191 0 0.074907 0 0.000000 1 -0.000006 -0.078445 -0.074907 0.000006 0.997191 0.000003 0 0 0 1 0.997559 0 0.069832 0 0.000000 1 -0.000006 -0.078445 -0.069832 0.000006 0.997559 0.000003 0 0 0 1 0.996841 0 0.079428 0 0.000000 1 -0.000006 -0.078445 -0.079428 0.000006 0.996841 0.000003 0 0 0 1 0.995737 0 0.092234 0 0.000000 1 -0.000006 -0.078445 -0.092234 0.000006 0.995737 0.000003 0 0 0 1 0.994614 0 0.103644 0 0.000000 1 -0.000006 -0.078445 -0.103644 0.000006 0.994614 0.000003 0 0 0 1 0.993697 0 0.112097 0 0.000000 1 -0.000006 -0.078445 -0.112097 0.000006 0.993697 0.000003 0 0 0 1 0.993723 0 0.111865 0 0.000000 1 -0.000006 -0.078445 -0.111865 0.000006 0.993723 0.000003 0 0 0 1 0.992928 0 0.118721 0 0.000000 1 -0.000006 -0.078445 -0.118721 0.000006 0.992928 0.000003 0 0 0 1 0.991951 0 0.12662 0 0.000000 1 -0.000006 -0.078445 -0.12662 0.000006 0.991951 0.000003 0 0 0 1 0.992134 0 0.125179 0 0.000000 1 -0.000006 -0.078445 -0.125179 0.000006 0.992134 0.000003 0 0 0 1 0.992633 0 0.121163 0 0.000000 1 -0.000006 -0.078445 -0.121163 0.000006 0.992633 0.000003 0 0 0 1 0.993196 0 0.116452 0 0.000000 1 -0.000006 -0.078445 -0.116452 0.000006 0.993196 0.000003 0 0 0 1 0.994099 0 0.10848 0 0.000000 1 -0.000006 -0.078445 -0.10848 0.000006 0.994099 0.000003 0 0 0 1 0.99295 0 0.118532 0 0.000000 1 -0.000006 -0.078445 -0.118532 0.000006 0.99295 0.000003 0 0 0 1 0.992444 0 0.122695 0 0.000000 1 -0.000006 -0.078445 -0.122695 0.000006 0.992444 0.000003 0 0 0 1 0.994095 0 0.108516 0 0.000000 1 -0.000006 -0.078445 -0.108516 0.000006 0.994095 0.000003 0 0 0 1 0.994585 0 0.103926 0 0.000000 1 -0.000006 -0.078445 -0.103926 0.000006 0.994585 0.000003 0 0 0 1 0.994946 0 0.100413 0 0.000000 1 -0.000006 -0.078445 -0.100413 0.000006 0.994946 0.000003 0 0 0 1 0.995146 0 0.098409 0 0.000000 1 -0.000006 -0.078445 -0.098409 0.000006 0.995146 0.000003 0 0 0 1 0.994274 0 0.106861 0 0.000000 1 -0.000006 -0.078445 -0.106861 0.000006 0.994274 0.000003 0 0 0 1 0.993794 0 0.111238 0 0.000000 1 -0.000006 -0.078445 -0.111238 0.000006 0.993794 0.000003 0 0 0 1 0.993926 0 0.110051 0 0.000000 1 -0.000006 -0.078445 -0.110051 0.000006 0.993926 0.000003 0 0 0 1 0.994061 0 0.108828 0 0.000000 1 -0.000006 -0.078445 -0.108828 0.000006 0.994061 0.000003 0 0 0 1 0.994379 0 0.105877 0 0.000000 1 -0.000006 -0.078445 -0.105877 0.000006 0.994379 0.000003 0 0 0 1 0.995168 0 0.098188 0 0.000000 1 -0.000006 -0.078445 -0.098188 0.000006 0.995168 0.000003 0 0 0 1 0.995793 0 0.091627 0 0.000000 1 -0.000006 -0.078445 -0.091627 0.000006 0.995793 0.000003 0 0 0 1 0.995909 0 0.090361 0 0.000000 1 -0.000006 -0.078445 -0.090361 0.000006 0.995909 0.000003 0 0 0 1 0.996235 0 0.086689 0 0.000000 1 -0.000006 -0.078445 -0.086689 0.000006 0.996235 0.000003 0 0 0 1 0.996356 0 0.085294 0 0.000000 1 -0.000006 -0.078445 -0.085294 0.000006 0.996356 0.000003 0 0 0 1 0.99628 0 0.086173 0 0.000000 1 -0.000006 -0.078445 -0.086173 0.000006 0.99628 0.000003 0 0 0 1 0.996687 0 0.081335 0 0.000000 1 -0.000006 -0.078445 -0.081335 0.000006 0.996687 0.000003 0 0 0 1 0.997561 0 0.069798 0 0.000000 1 -0.000006 -0.078445 -0.069798 0.000006 0.997561 0.000003 0 0 0 1 0.99825 0 0.059138 0 0.000000 1 -0.000006 -0.078445 -0.059138 0.000006 0.99825 0.000003 0 0 0 1 0.998364 0 0.057177 0 0.000000 1 -0.000006 -0.078445 -0.057177 0.000006 0.998364 0.000003 0 0 0 1 0.997845 0 0.065616 0 0.000000 1 -0.000006 -0.078445 -0.065616 0.000006 0.997845 0.000003 0 0 0 1 0.996937 0 0.078204 0 0.000000 1 -0.000006 -0.078445 -0.078204 0.000006 0.996937 0.000003 0 0 0 1 0.995546 0 0.094273 0 0.000000 1 -0.000006 -0.078445 -0.094273 0.000006 0.995546 0.000003 0 0 0 1 0.994853 0 0.101327 0 0.000000 1 -0.000006 -0.078445 -0.101327 0.000006 0.994853 0.000003 0 0 0 1 0.995678 0 0.092875 0 0.000000 1 -0.000006 -0.078445 -0.092875 0.000006 0.995678 0.000003 0 0 0 1 0.997827 0 0.065884 0 0.000000 1 -0.000006 -0.078445 -0.065884 0.000006 0.997827 0.000003 0 0 0 1 0.999833 0 0.018296 0 0 1 -0.000006 -0.078445 -0.018296 0.000006 0.999833 0.000003 0 0 0 1 0.999952 0 -0.009798 0 0 1 -0.000006 -0.078445 0.009798 0.000006 0.999952 0.000003 0 0 0 1</float_array>
        <technique_common>
          <accessor source="#RightForeArm_Helper1_matrix_RightForeArm_Helper1_transform-output-array" count="56" stride="16">
            <param name="TRANSFORM" type="float4x4"/>
          </accessor>
        </technique_common>
      </source>
      <source id="RightForeArm_Helper1_matrix_RightForeArm_Helper1_transform-interpolations">
        <Name_array id="RightForeArm_Helper1_matrix_RightForeArm_Helper1_transform-interpolations-array" count="56">LINEAR LINEAR LINEAR LINEAR LINEAR LINEAR LINEAR LINEAR LINEAR LINEAR LINEAR LINEAR LINEAR LINEAR LINEAR LINEAR LINEAR LINEAR LINEAR LINEAR LINEAR LINEAR LINEAR LINEAR LINEAR LINEAR LINEAR LINEAR LINEAR LINEAR LINEAR LINEAR LINEAR LINEAR LINEAR LINEAR LINEAR LINEAR LINEAR LINEAR LINEAR LINEAR LINEAR LINEAR LINEAR LINEAR LINEAR LINEAR LINEAR LINEAR LINEAR LINEAR LINEAR LINEAR LINEAR LINEAR</Name_array>
        <technique_common>
          <accessor source="#RightForeArm_Helper1_matrix_RightForeArm_Helper1_transform-interpolations-array" count="56" stride="1">
            <param name="INTERPOLATION" type="Name"/>
          </accessor>
        </technique_common>
      </source>
      <sampler id="RightForeArm_Helper1_matrix_RightForeArm_Helper1_transform-sampler">
        <input semantic="INPUT" source="#RightForeArm_Helper1_matrix_RightForeArm_Helper1_transform-input"/>
        <input semantic="OUTPUT" source="#RightForeArm_Helper1_matrix_RightForeArm_Helper1_transform-output"/>
        <input semantic="INTERPOLATION" source="#RightForeArm_Helper1_matrix_RightForeArm_Helper1_transform-interpolations"/>
      </sampler>
      <channel source="#RightForeArm_Helper1_matrix_RightForeArm_Helper1_transform-sampler" target="RightForeArm_Helper1/transform"/>
    </animation>
    <animation id="RightForeArm_Helper2_matrix">
      <source id="RightForeArm_Helper2_matrix_RightForeArm_Helper2_transform-input">
        <float_array id="RightForeArm_Helper2_matrix_RightForeArm_Helper2_transform-input-array" count="56">0 0.041666 0.083333 0.125 0.166667 0.208333 0.25 0.291667 0.333333 0.375 0.416667 0.458333 0.5 0.541667 0.583333 0.625 0.666667 0.708333 0.75 0.791667 0.833333 0.875 0.916667 0.958333 1 1.04167 1.08333 1.125 1.16667 1.20833 1.25 1.29167 1.33333 1.375 1.41667 1.45833 1.5 1.54167 1.58333 1.625 1.66667 1.70833 1.75 1.79167 1.83333 1.875 1.91667 1.95833 2 2.04167 2.08333 2.125 2.16667 2.20833 2.25 2.29167</float_array>
        <technique_common>
          <accessor source="#RightForeArm_Helper2_matrix_RightForeArm_Helper2_transform-input-array" count="56" stride="1">
            <param name="TIME" type="float"/>
          </accessor>
        </technique_common>
        <technique profile="MAYA">
          <pre_infinity>CONSTANT</pre_infinity>
          <post_infinity>CONSTANT</post_infinity>
        </technique>
      </source>
      <source id="RightForeArm_Helper2_matrix_RightForeArm_Helper2_transform-output">
        <float_array id="RightForeArm_Helper2_matrix_RightForeArm_Helper2_transform-output-array" count="896">0.99992 0 -0.012645 0 0 1 -0.000008 -0.15367 0.012645 0.000008 0.99992 0 0 0 0 1 0.999996 0 0.00282 0 0 1 -0.000008 -0.15367 -0.00282 0.000008 0.999996 0 0 0 0 1 0.999969 0 0.007856 0 0 1 -0.000008 -0.15367 -0.007856 0.000008 0.999969 0 0 0 0 1 0.999916 0 0.012949 0 0 1 -0.000008 -0.15367 -0.012949 0.000008 0.999916 0 0 0 0 1 0.9999 0 0.014171 0 0.000000 1 -0.000008 -0.15367 -0.014171 0.000008 0.9999 0 0 0 0 1 0.999917 0 0.012875 0 0 1 -0.000008 -0.15367 -0.012875 0.000008 0.999917 0 0 0 0 1 0.999669 0 0.025739 0 0.000000 1 -0.000008 -0.15367 -0.025739 0.000008 0.999669 0 0 0 0 1 0.999756 0 0.022068 0 0.000000 1 -0.000008 -0.15367 -0.022068 0.000008 0.999756 0 0 0 0 1 0.999786 0 0.02069 0 0.000000 1 -0.000008 -0.15367 -0.02069 0.000008 0.999786 0 0 0 0 1 0.999 0 0.044715 0 0.000000 1 -0.000008 -0.15367 -0.044715 0.000008 0.999 0 0 0 0 1 0.998175 0 0.060384 0 0.000000 1 -0.000008 -0.15367 -0.060384 0.000008 0.998175 0 0 0 0 1 0.997874 0 0.065179 0 0.000000 1 -0.000008 -0.15367 -0.065179 0.000008 0.997874 0 0 0 0 1 0.997638 0 0.068688 0 0.000000 1 -0.000008 -0.15367 -0.068688 0.000008 0.997638 0 0 0 0 1 0.996932 0 0.078267 0 0.000000 1 -0.000008 -0.15367 -0.078267 0.000008 0.996932 0 0 0 0 1 0.997191 0 0.074907 0 0.000000 1 -0.000008 -0.15367 -0.074907 0.000008 0.997191 0 0 0 0 1 0.997559 0 0.069832 0 0.000000 1 -0.000008 -0.15367 -0.069832 0.000008 0.997559 0 0 0 0 1 0.996841 0 0.079428 0 0.000000 1 -0.000008 -0.15367 -0.079428 0.000008 0.996841 0 0 0 0 1 0.995737 0 0.092234 0 0.000000 1 -0.000008 -0.15367 -0.092234 0.000008 0.995737 0 0 0 0 1 0.994614 0 0.103644 0 0.000000 1 -0.000008 -0.15367 -0.103644 0.000008 0.994614 0 0 0 0 1 0.993697 0 0.112097 0 0.000000 1 -0.000008 -0.15367 -0.112097 0.000008 0.993697 0 0 0 0 1 0.993723 0 0.111865 0 0.000000 1 -0.000008 -0.15367 -0.111865 0.000008 0.993723 0 0 0 0 1 0.992928 0 0.118721 0 0.000001 1 -0.000008 -0.15367 -0.118721 0.000008 0.992928 0 0 0 0 1 0.991951 0 0.12662 0 0.000001 1 -0.000008 -0.15367 -0.12662 0.000008 0.991951 0 0 0 0 1 0.992134 0 0.125179 0 0.000001 1 -0.000008 -0.15367 -0.125179 0.000008 0.992134 0 0 0 0 1 0.992633 0 0.121163 0 0.000001 1 -0.000008 -0.15367 -0.121163 0.000008 0.992633 0 0 0 0 1 0.993196 0 0.116452 0 0.000001 1 -0.000008 -0.15367 -0.116452 0.000008 0.993196 0 0 0 0 1 0.994099 0 0.10848 0 0.000000 1 -0.000008 -0.15367 -0.10848 0.000008 0.994099 0 0 0 0 1 0.99295 0 0.118532 0 0.000001 1 -0.000008 -0.15367 -0.118532 0.000008 0.99295 0 0 0 0 1 0.992444 0 0.122695 0 0.000001 1 -0.000008 -0.15367 -0.122695 0.000008 0.992444 0 0 0 0 1 0.994095 0 0.108516 0 0.000000 1 -0.000008 -0.15367 -0.108516 0.000008 0.994095 0 0 0 0 1 0.994585 0 0.103926 0 0.000000 1 -0.000008 -0.15367 -0.103926 0.000008 0.994585 0 0 0 0 1 0.994946 0 0.100413 0 0.000000 1 -0.000008 -0.15367 -0.100413 0.000008 0.994946 0 0 0 0 1 0.995146 0 0.098409 0 0.000000 1 -0.000008 -0.15367 -0.098409 0.000008 0.995146 0 0 0 0 1 0.994274 0 0.106861 0 0.000000 1 -0.000008 -0.15367 -0.106861 0.000008 0.994274 0 0 0 0 1 0.993794 0 0.111238 0 0.000000 1 -0.000008 -0.15367 -0.111238 0.000008 0.993794 0 0 0 0 1 0.993926 0 0.110051 0 0.000000 1 -0.000008 -0.15367 -0.110051 0.000008 0.993926 0 0 0 0 1 0.994061 0 0.108828 0 0.000000 1 -0.000008 -0.15367 -0.108828 0.000008 0.994061 0 0 0 0 1 0.994379 0 0.105877 0 0.000000 1 -0.000008 -0.15367 -0.105877 0.000008 0.994379 0 0 0 0 1 0.995168 0 0.098188 0 0.000000 1 -0.000008 -0.15367 -0.098188 0.000008 0.995168 0 0 0 0 1 0.995793 0 0.091627 0 0.000000 1 -0.000008 -0.15367 -0.091627 0.000008 0.995793 0 0 0 0 1 0.995909 0 0.090361 0 0.000000 1 -0.000008 -0.15367 -0.090361 0.000008 0.995909 0 0 0 0 1 0.996235 0 0.086689 0 0.000000 1 -0.000008 -0.15367 -0.086689 0.000008 0.996235 0 0 0 0 1 0.996356 0 0.085294 0 0.000000 1 -0.000008 -0.15367 -0.085294 0.000008 0.996356 0 0 0 0 1 0.99628 0 0.086173 0 0.000000 1 -0.000008 -0.15367 -0.086173 0.000008 0.99628 0 0 0 0 1 0.996687 0 0.081335 0 0.000000 1 -0.000008 -0.15367 -0.081335 0.000008 0.996687 0 0 0 0 1 0.997561 0 0.069798 0 0.000000 1 -0.000008 -0.15367 -0.069798 0.000008 0.997561 0 0 0 0 1 0.99825 0 0.059138 0 0.000000 1 -0.000008 -0.15367 -0.059138 0.000008 0.99825 0 0 0 0 1 0.998364 0 0.057177 0 0.000000 1 -0.000008 -0.15367 -0.057177 0.000008 0.998364 0 0 0 0 1 0.997845 0 0.065616 0 0.000000 1 -0.000008 -0.15367 -0.065616 0.000008 0.997845 0 0 0 0 1 0.996937 0 0.078204 0 0.000000 1 -0.000008 -0.15367 -0.078204 0.000008 0.996937 0 0 0 0 1 0.995546 0 0.094273 0 0.000000 1 -0.000008 -0.15367 -0.094273 0.000008 0.995546 0 0 0 0 1 0.994853 0 0.101327 0 0.000000 1 -0.000008 -0.15367 -0.101327 0.000008 0.994853 0 0 0 0 1 0.995678 0 0.092875 0 0.000000 1 -0.000008 -0.15367 -0.092875 0.000008 0.995678 0 0 0 0 1 0.997827 0 0.065884 0 0.000000 1 -0.000008 -0.15367 -0.065884 0.000008 0.997827 0 0 0 0 1 0.999833 0 0.018296 0 0.000000 1 -0.000008 -0.15367 -0.018296 0.000008 0.999833 0 0 0 0 1 0.999952 0 -0.009798 0 0 1 -0.000008 -0.15367 0.009798 0.000008 0.999952 0 0 0 0 1</float_array>
        <technique_common>
          <accessor source="#RightForeArm_Helper2_matrix_RightForeArm_Helper2_transform-output-array" count="56" stride="16">
            <param name="TRANSFORM" type="float4x4"/>
          </accessor>
        </technique_common>
      </source>
      <source id="RightForeArm_Helper2_matrix_RightForeArm_Helper2_transform-interpolations">
        <Name_array id="RightForeArm_Helper2_matrix_RightForeArm_Helper2_transform-interpolations-array" count="56">LINEAR LINEAR LINEAR LINEAR LINEAR LINEAR LINEAR LINEAR LINEAR LINEAR LINEAR LINEAR LINEAR LINEAR LINEAR LINEAR LINEAR LINEAR LINEAR LINEAR LINEAR LINEAR LINEAR LINEAR LINEAR LINEAR LINEAR LINEAR LINEAR LINEAR LINEAR LINEAR LINEAR LINEAR LINEAR LINEAR LINEAR LINEAR LINEAR LINEAR LINEAR LINEAR LINEAR LINEAR LINEAR LINEAR LINEAR LINEAR LINEAR LINEAR LINEAR LINEAR LINEAR LINEAR LINEAR LINEAR</Name_array>
        <technique_common>
          <accessor source="#RightForeArm_Helper2_matrix_RightForeArm_Helper2_transform-interpolations-array" count="56" stride="1">
            <param name="INTERPOLATION" type="Name"/>
          </accessor>
        </technique_common>
      </source>
      <sampler id="RightForeArm_Helper2_matrix_RightForeArm_Helper2_transform-sampler">
        <input semantic="INPUT" source="#RightForeArm_Helper2_matrix_RightForeArm_Helper2_transform-input"/>
        <input semantic="OUTPUT" source="#RightForeArm_Helper2_matrix_RightForeArm_Helper2_transform-output"/>
        <input semantic="INTERPOLATION" source="#RightForeArm_Helper2_matrix_RightForeArm_Helper2_transform-interpolations"/>
      </sampler>
      <channel source="#RightForeArm_Helper2_matrix_RightForeArm_Helper2_transform-sampler" target="RightForeArm_Helper2/transform"/>
    </animation>
    <animation id="RightArm_Helper2_matrix">
      <source id="RightArm_Helper2_matrix_RightArm_Helper2_transform-input">
        <float_array id="RightArm_Helper2_matrix_RightArm_Helper2_transform-input-array" count="56">0 0.041666 0.083333 0.125 0.166667 0.208333 0.25 0.291667 0.333333 0.375 0.416667 0.458333 0.5 0.541667 0.583333 0.625 0.666667 0.708333 0.75 0.791667 0.833333 0.875 0.916667 0.958333 1 1.04167 1.08333 1.125 1.16667 1.20833 1.25 1.29167 1.33333 1.375 1.41667 1.45833 1.5 1.54167 1.58333 1.625 1.66667 1.70833 1.75 1.79167 1.83333 1.875 1.91667 1.95833 2 2.04167 2.08333 2.125 2.16667 2.20833 2.25 2.29167</float_array>
        <technique_common>
          <accessor source="#RightArm_Helper2_matrix_RightArm_Helper2_transform-input-array" count="56" stride="1">
            <param name="TIME" type="float"/>
          </accessor>
        </technique_common>
        <technique profile="MAYA">
          <pre_infinity>CONSTANT</pre_infinity>
          <post_infinity>CONSTANT</post_infinity>
        </technique>
      </source>
      <source id="RightArm_Helper2_matrix_RightArm_Helper2_transform-output">
        <float_array id="RightArm_Helper2_matrix_RightArm_Helper2_transform-output-array" count="896">0.97385 -0.152453 0.168444 0 0.212107 0.344463 -0.914525 -0.188543 0.081399 0.926338 0.367792 -0.000002 0 0 0 1 0.963845 -0.146206 0.22277 0 0.260719 0.344796 -0.901743 -0.188543 0.05503 0.927221 0.370449 -0.000002 0 0 0 1 0.949282 -0.135715 0.28363 0 0.313764 0.350339 -0.882505 -0.188543 0.020402 0.926738 0.375153 -0.000002 0 0 0 1 0.931807 -0.129812 0.338945 0 0.362778 0.362067 -0.858661 -0.188543 -0.011255 0.923069 0.38447 -0.000002 0 0 0 1 0.913548 -0.129849 0.385447 0 0.404788 0.382775 -0.83044 -0.188543 -0.039708 0.914671 0.402244 -0.000002 0 0 0 1 0.892331 -0.12757 0.43298 0 0.444077 0.419993 -0.791455 -0.188543 -0.080882 0.898516 0.431424 -0.000002 0 0 0 1 0.870096 -0.125987 0.476508 0 0.478403 0.44848 -0.754981 -0.188543 -0.118587 0.884869 0.450493 -0.000002 0 0 0 1 0.844981 -0.116347 0.521987 0 0.510465 0.466521 -0.722346 -0.188543 -0.159475 0.876825 0.453592 -0.000002 0 0 0 1 0.816424 -0.099071 0.568891 0 0.538083 0.488061 -0.687215 -0.188543 -0.20957 0.867169 0.451773 -0.000002 0 0 0 1 0.798858 -0.088608 0.594958 0 0.549879 0.50853 -0.662594 -0.188543 -0.243843 0.856473 0.454967 -0.000002 0 0 0 1 0.787314 -0.08511 0.61065 0 0.555253 0.528412 -0.642242 -0.188543 -0.268013 0.844711 0.463284 -0.000002 0 0 0 1 0.780469 -0.088286 0.61893 0 0.556928 0.548007 -0.624115 -0.188543 -0.284077 0.831802 0.476871 -0.000002 0 0 0 1 0.778027 -0.093288 0.621266 0 0.555025 0.56536 -0.610177 -0.188543 -0.294317 0.819552 0.491642 -0.000002 0 0 0 1 0.77863 -0.0878 0.62131 0 0.550468 0.570864 -0.609179 -0.188543 -0.301197 0.816337 0.492823 -0.000002 0 0 0 1 0.766789 -0.085258 0.636212 0 0.564696 0.560865 -0.605433 -0.188543 -0.305211 0.823506 0.47821 -0.000002 0 0 0 1 0.745726 -0.095807 0.659328 0 0.59476 0.541707 -0.593981 -0.188543 -0.300255 0.83509 0.460947 -0.000002 0 0 0 1 0.723261 -0.11424 0.68106 0 0.628804 0.516644 -0.581106 -0.188543 -0.28548 0.848545 0.445503 -0.000002 0 0 0 1 0.700007 -0.143626 0.699543 0 0.665491 0.486541 -0.566039 -0.188543 -0.259058 0.861771 0.436164 -0.000002 0 0 0 1 0.683767 -0.176801 0.707958 0 0.695056 0.453202 -0.558127 -0.188543 -0.22217 0.873699 0.432771 -0.000002 0 0 0 1 0.676129 -0.202419 0.708433 0 0.712341 0.425201 -0.558367 -0.188543 -0.188202 0.882174 0.431682 -0.000002 0 0 0 1 0.668165 -0.215218 0.712205 0 0.723161 0.412898 -0.553672 -0.188543 -0.174908 0.884984 0.431521 -0.000002 0 0 0 1 0.665016 -0.210985 0.716407 0 0.72393 0.417829 -0.548947 -0.188543 -0.183516 0.883688 0.430602 -0.000002 0 0 0 1 0.6653 -0.197375 0.720013 0 0.718639 0.430664 -0.545973 -0.188543 -0.202322 0.880665 0.428362 -0.000002 0 0 0 1 0.664219 -0.182498 0.72492 0 0.713644 0.4435 -0.542236 -0.188543 -0.222545 0.877498 0.424819 -0.000002 0 0 0 1 0.662882 -0.176739 0.727565 0 0.711307 0.452006 -0.538269 -0.188543 -0.23373 0.874331 0.425342 -0.000002 0 0 0 1 0.667341 -0.175393 0.723804 0 0.703992 0.46567 -0.536233 -0.188543 -0.243003 0.867403 0.434237 -0.000002 0 0 0 1 0.667647 -0.188782 0.720145 0 0.704721 0.472137 -0.52958 -0.188543 -0.240032 0.861074 0.448259 -0.000002 0 0 0 1 0.664967 -0.199379 0.719769 0 0.710207 0.467042 -0.526761 -0.188543 -0.231138 0.861464 0.452168 -0.000002 0 0 0 1 0.676853 -0.182378 0.713168 0 0.697827 0.467368 -0.542774 -0.188543 -0.234322 0.865047 0.443608 -0.000002 0 0 0 1 0.692619 -0.157769 0.703838 0 0.680991 0.464673 -0.565977 -0.188543 -0.237761 0.871314 0.42928 -0.000002 0 0 0 1 0.710347 -0.142487 0.689278 0 0.665844 0.453492 -0.592451 -0.188543 -0.228165 0.879797 0.41701 -0.000002 0 0 0 1 0.724353 -0.142204 0.674604 0 0.65693 0.439245 -0.612786 -0.188543 -0.209176 0.887041 0.411587 -0.000002 0 0 0 1 0.733852 -0.150313 0.66247 0 0.651559 0.431633 -0.62383 -0.188543 -0.192175 0.889437 0.414693 -0.000002 0 0 0 1 0.74031 -0.161109 0.652675 0 0.646338 0.4376 -0.625103 -0.188543 -0.184901 0.884619 0.42809 -0.000002 0 0 0 1 0.741669 -0.168821 0.649173 0 0.643824 0.450703 -0.618351 -0.188543 -0.188193 0.876565 0.442964 -0.000002 0 0 0 1 0.740956 -0.169517 0.649806 0 0.639876 0.47189 -0.60653 -0.188543 -0.20382 0.865207 0.45812 -0.000002 0 0 0 1 0.743481 -0.16622 0.647771 0 0.629988 0.499085 -0.595004 -0.188543 -0.224391 0.850462 0.475776 -0.000002 0 0 0 1 0.743059 -0.16426 0.648754 0 0.622063 0.527004 -0.579054 -0.188543 -0.246781 0.833838 0.493775 -0.000002 0 0 0 1 0.739091 -0.160829 0.654124 0 0.615951 0.554448 -0.559636 -0.188543 -0.272672 0.81653 0.50885 -0.000002 0 0 0 1 0.734429 -0.162092 0.659045 0 0.611429 0.579485 -0.538843 -0.188543 -0.294565 0.798701 0.524699 -0.000002 0 0 0 1 0.733679 -0.172542 0.657225 0 0.607222 0.600569 -0.520191 -0.188543 -0.304954 0.780734 0.545396 -0.000002 0 0 0 1 0.737103 -0.189011 0.64881 0 0.604395 0.613868 -0.507812 -0.188543 -0.302302 0.766447 0.566721 -0.000002 0 0 0 1 0.750181 -0.203212 0.629233 0 0.596104 0.619667 -0.510562 -0.188543 -0.286162 0.758102 0.585998 -0.000002 0 0 0 1 0.778225 -0.210511 0.591651 0 0.573101 0.623266 -0.532066 -0.188543 -0.25675 0.753143 0.605685 -0.000002 0 0 0 1 0.814677 -0.219267 0.536864 0 0.539428 0.626365 -0.562747 -0.188543 -0.212881 0.748057 0.628564 -0.000002 0 0 0 1 0.841439 -0.243982 0.482134 0 0.517483 0.620683 -0.589036 -0.188543 -0.155538 0.745134 0.648524 -0.000002 0 0 0 1 0.85937 -0.273109 0.432312 0 0.502534 0.607405 -0.615239 -0.188543 -0.094561 0.74597 0.659232 -0.000002 0 0 0 1 0.876723 -0.289605 0.384039 0 0.479666 0.585743 -0.653319 -0.188543 -0.035743 0.75699 0.652448 -0.000002 0 0 0 1 0.895349 -0.292239 0.336077 0 0.4449 0.552382 -0.704938 -0.188543 0.020367 0.780686 0.624592 -0.000002 0 0 0 1 0.918394 -0.276668 0.282855 0 0.389599 0.507623 -0.76846 -0.188543 0.069024 0.815949 0.573988 -0.000002 0 0 0 1 0.943362 -0.249016 0.219222 0 0.313363 0.451793 -0.835276 -0.188543 0.108954 0.856664 0.504237 -0.000002 0 0 0 1 0.960913 -0.219032 0.169325 0 0.2443 0.383119 -0.890807 -0.188543 0.130243 0.897354 0.421654 -0.000002 0 0 0 1 0.970764 -0.193749 0.141701 0 0.19921 0.320956 -0.925906 -0.188543 0.133914 0.927065 0.350169 -0.000002 0 0 0 1 0.975914 -0.178772 0.125029 0 0.174483 0.295621 -0.939236 -0.188543 0.130948 0.938429 0.319694 -0.000002 0 0 0 1 0.977615 -0.167914 0.126783 0 0.174234 0.308291 -0.9352 -0.188543 0.117947 0.936356 0.330646 -0.000002 0 0 0 1 0.974893 -0.155288 0.159592 0 0.204264 0.3383 -0.918602 -0.188543 0.088658 0.928137 0.361526 -0.000002 0 0 0 1</float_array>
        <technique_common>
          <accessor source="#RightArm_Helper2_matrix_RightArm_Helper2_transform-output-array" count="56" stride="16">
            <param name="TRANSFORM" type="float4x4"/>
          </accessor>
        </technique_common>
      </source>
      <source id="RightArm_Helper2_matrix_RightArm_Helper2_transform-interpolations">
        <Name_array id="RightArm_Helper2_matrix_RightArm_Helper2_transform-interpolations-array" count="56">LINEAR LINEAR LINEAR LINEAR LINEAR LINEAR LINEAR LINEAR LINEAR LINEAR LINEAR LINEAR LINEAR LINEAR LINEAR LINEAR LINEAR LINEAR LINEAR LINEAR LINEAR LINEAR LINEAR LINEAR LINEAR LINEAR LINEAR LINEAR LINEAR LINEAR LINEAR LINEAR LINEAR LINEAR LINEAR LINEAR LINEAR LINEAR LINEAR LINEAR LINEAR LINEAR LINEAR LINEAR LINEAR LINEAR LINEAR LINEAR LINEAR LINEAR LINEAR LINEAR LINEAR LINEAR LINEAR LINEAR</Name_array>
        <technique_common>
          <accessor source="#RightArm_Helper2_matrix_RightArm_Helper2_transform-interpolations-array" count="56" stride="1">
            <param name="INTERPOLATION" type="Name"/>
          </accessor>
        </technique_common>
      </source>
      <sampler id="RightArm_Helper2_matrix_RightArm_Helper2_transform-sampler">
        <input semantic="INPUT" source="#RightArm_Helper2_matrix_RightArm_Helper2_transform-input"/>
        <input semantic="OUTPUT" source="#RightArm_Helper2_matrix_RightArm_Helper2_transform-output"/>
        <input semantic="INTERPOLATION" source="#RightArm_Helper2_matrix_RightArm_Helper2_transform-interpolations"/>
      </sampler>
      <channel source="#RightArm_Helper2_matrix_RightArm_Helper2_transform-sampler" target="RightArm_Helper2/transform"/>
    </animation>
    <animation id="RightArm_Helper1_matrix">
      <source id="RightArm_Helper1_matrix_RightArm_Helper1_transform-input">
        <float_array id="RightArm_Helper1_matrix_RightArm_Helper1_transform-input-array" count="56">0 0.041666 0.083333 0.125 0.166667 0.208333 0.25 0.291667 0.333333 0.375 0.416667 0.458333 0.5 0.541667 0.583333 0.625 0.666667 0.708333 0.75 0.791667 0.833333 0.875 0.916667 0.958333 1 1.04167 1.08333 1.125 1.16667 1.20833 1.25 1.29167 1.33333 1.375 1.41667 1.45833 1.5 1.54167 1.58333 1.625 1.66667 1.70833 1.75 1.79167 1.83333 1.875 1.91667 1.95833 2 2.04167 2.08333 2.125 2.16667 2.20833 2.25 2.29167</float_array>
        <technique_common>
          <accessor source="#RightArm_Helper1_matrix_RightArm_Helper1_transform-input-array" count="56" stride="1">
            <param name="TIME" type="float"/>
          </accessor>
        </technique_common>
        <technique profile="MAYA">
          <pre_infinity>CONSTANT</pre_infinity>
          <post_infinity>CONSTANT</post_infinity>
        </technique>
      </source>
      <source id="RightArm_Helper1_matrix_RightArm_Helper1_transform-output">
        <float_array id="RightArm_Helper1_matrix_RightArm_Helper1_transform-output-array" count="896">0.97385 -0.152453 0.168444 0 0.212107 0.344463 -0.914525 -0.188543 0.081399 0.926338 0.367792 -0.000002 0 0 0 1 0.963845 -0.146206 0.22277 0 0.260719 0.344796 -0.901743 -0.188543 0.05503 0.927221 0.370449 -0.000002 0 0 0 1 0.949282 -0.135715 0.28363 0 0.313764 0.350339 -0.882505 -0.188543 0.020402 0.926738 0.375153 -0.000002 0 0 0 1 0.931807 -0.129812 0.338945 0 0.362778 0.362067 -0.858661 -0.188543 -0.011255 0.923069 0.38447 -0.000002 0 0 0 1 0.913548 -0.129849 0.385447 0 0.404788 0.382775 -0.83044 -0.188543 -0.039708 0.914671 0.402244 -0.000002 0 0 0 1 0.892331 -0.12757 0.43298 0 0.444077 0.419993 -0.791455 -0.188543 -0.080882 0.898516 0.431424 -0.000002 0 0 0 1 0.870096 -0.125987 0.476508 0 0.478403 0.44848 -0.754981 -0.188543 -0.118587 0.884869 0.450493 -0.000002 0 0 0 1 0.844981 -0.116347 0.521987 0 0.510465 0.466521 -0.722346 -0.188543 -0.159475 0.876825 0.453592 -0.000002 0 0 0 1 0.816163 -0.099071 0.569265 0 0.538397 0.488061 -0.686968 -0.188543 -0.209777 0.867169 0.451677 -0.000002 0 0 0 1 0.794008 -0.088608 0.601414 0 0.555232 0.50853 -0.658114 -0.188543 -0.247523 0.856473 0.452975 -0.000002 0 0 0 1 0.776577 -0.08511 0.624247 0 0.566336 0.528412 -0.632491 -0.188543 -0.276028 0.844711 0.458554 -0.000002 0 0 0 1 0.763082 -0.088286 0.640244 0 0.573948 0.548007 -0.6085 -0.188543 -0.297136 0.831802 0.468846 -0.000002 0 0 0 1 0.754464 -0.093288 0.649678 0 0.57726 0.56536 -0.589185 -0.188543 -0.312338 0.819552 0.480395 -0.000002 0 0 0 1 0.753039 -0.0878 0.652092 0 0.574499 0.570864 -0.586571 -0.188543 -0.320755 0.816337 0.480324 -0.000002 0 0 0 1 0.743512 -0.085258 0.663265 0 0.586016 0.560865 -0.584821 -0.188543 -0.322141 0.823506 0.466973 -0.000002 0 0 0 1 0.727668 -0.095807 0.679205 0 0.610567 0.541707 -0.577721 -0.188543 -0.31258 0.83509 0.45268 -0.000002 0 0 0 1 0.712438 -0.11424 0.692373 0 0.637884 0.516644 -0.571125 -0.188543 -0.292465 0.848545 0.440949 -0.000002 0 0 0 1 0.6964 -0.143626 0.703134 0 0.668393 0.486541 -0.562608 -0.188543 -0.261298 0.861771 0.434826 -0.000002 0 0 0 1 0.683767 -0.176801 0.707958 0 0.695056 0.453202 -0.558127 -0.188543 -0.22217 0.873699 0.432771 -0.000002 0 0 0 1 0.676129 -0.202419 0.708433 0 0.712341 0.425201 -0.558367 -0.188543 -0.188202 0.882174 0.431682 -0.000002 0 0 0 1 0.668165 -0.215218 0.712205 0 0.723161 0.412898 -0.553672 -0.188543 -0.174908 0.884984 0.431521 -0.000002 0 0 0 1 0.665016 -0.210985 0.716407 0 0.72393 0.417829 -0.548947 -0.188543 -0.183516 0.883688 0.430602 -0.000002 0 0 0 1 0.6653 -0.197375 0.720013 0 0.718639 0.430664 -0.545973 -0.188543 -0.202322 0.880665 0.428362 -0.000002 0 0 0 1 0.664219 -0.182498 0.72492 0 0.713644 0.4435 -0.542236 -0.188543 -0.222545 0.877498 0.424819 -0.000002 0 0 0 1 0.662882 -0.176739 0.727565 0 0.711307 0.452006 -0.538269 -0.188543 -0.23373 0.874331 0.425342 -0.000002 0 0 0 1 0.666569 -0.175393 0.724516 0 0.704564 0.46567 -0.535482 -0.188543 -0.243466 0.867403 0.433977 -0.000002 0 0 0 1 0.664125 -0.188782 0.723394 0 0.707297 0.472137 -0.526135 -0.188543 -0.242217 0.861074 0.447083 -0.000002 0 0 0 1 0.661753 -0.199379 0.722725 0 0.712548 0.467042 -0.523591 -0.188543 -0.23315 0.861464 0.451133 -0.000002 0 0 0 1 0.675376 -0.182378 0.714567 0 0.698949 0.467368 -0.541329 -0.188543 -0.23524 0.865047 0.443122 -0.000002 0 0 0 1 0.692619 -0.157769 0.703838 0 0.680991 0.464673 -0.565977 -0.188543 -0.237761 0.871314 0.42928 -0.000002 0 0 0 1 0.710347 -0.142487 0.689278 0 0.665844 0.453492 -0.592451 -0.188543 -0.228165 0.879797 0.41701 -0.000002 0 0 0 1 0.724353 -0.142204 0.674604 0 0.65693 0.439245 -0.612786 -0.188543 -0.209176 0.887041 0.411587 -0.000002 0 0 0 1 0.733852 -0.150313 0.66247 0 0.651559 0.431633 -0.62383 -0.188543 -0.192175 0.889437 0.414693 -0.000002 0 0 0 1 0.74031 -0.161109 0.652675 0 0.646338 0.4376 -0.625103 -0.188543 -0.184901 0.884619 0.42809 -0.000002 0 0 0 1 0.741669 -0.168821 0.649173 0 0.643824 0.450703 -0.618351 -0.188543 -0.188193 0.876565 0.442964 -0.000002 0 0 0 1 0.739366 -0.169517 0.651615 0 0.641356 0.47189 -0.604964 -0.188543 -0.204939 0.865207 0.457621 -0.000002 0 0 0 1 0.736288 -0.16622 0.655935 0 0.636515 0.499085 -0.588017 -0.188543 -0.229627 0.850462 0.473272 -0.000002 0 0 0 1 0.728165 -0.16426 0.665428 0 0.635027 0.527004 -0.564807 -0.188543 -0.257908 0.833838 0.488055 -0.000002 0 0 0 1 0.714934 -0.160829 0.680444 0 0.6358 0.554448 -0.536978 -0.188543 -0.290909 0.81653 0.498649 -0.000002 0 0 0 1 0.700174 -0.162092 0.695329 0 0.637887 0.579485 -0.507245 -0.188543 -0.320713 0.798701 0.509137 -0.000002 0 0 0 1 0.690485 -0.172542 0.702466 0 0.639014 0.600569 -0.480602 -0.188543 -0.338955 0.780734 0.524941 -0.000002 0 0 0 1 0.689088 -0.189011 0.699595 0 0.638983 0.613868 -0.463537 -0.188543 -0.341845 0.766447 0.543784 -0.000002 0 0 0 1 0.703287 -0.203212 0.681243 0 0.631072 0.619667 -0.466649 -0.188543 -0.327315 0.758102 0.564045 -0.000002 0 0 0 1 0.737487 -0.210511 0.641715 0 0.606962 0.623266 -0.493089 -0.188543 -0.296158 0.753143 0.587423 -0.000002 0 0 0 1 0.783213 -0.219267 0.581807 0 0.570207 0.626365 -0.531537 -0.188543 -0.247875 0.748057 0.615605 -0.000002 0 0 0 1 0.820713 -0.243982 0.516626 0 0.541473 0.620683 -0.567061 -0.188543 -0.182308 0.745134 0.641513 -0.000002 0 0 0 1 0.848293 -0.273109 0.453664 0 0.51776 0.607405 -0.602481 -0.188543 -0.111015 0.74597 0.656662 -0.000002 0 0 0 1 0.873292 -0.289605 0.391778 0 0.485425 0.585743 -0.649051 -0.188543 -0.041512 0.75699 0.652106 -0.000002 0 0 0 1 0.896748 -0.292239 0.332326 0 0.441945 0.552382 -0.706794 -0.188543 0.022981 0.780686 0.624501 -0.000002 0 0 0 1 0.92075 -0.276668 0.275091 0 0.383097 0.507623 -0.771722 -0.188543 0.073867 0.815949 0.573385 -0.000002 0 0 0 1 0.944149 -0.249016 0.215809 0 0.310341 0.451793 -0.836404 -0.188543 0.110777 0.856664 0.50384 -0.000002 0 0 0 1 0.960913 -0.219032 0.169325 0 0.2443 0.383119 -0.890807 -0.188543 0.130243 0.897354 0.421654 -0.000002 0 0 0 1 0.970764 -0.193749 0.141701 0 0.19921 0.320956 -0.925906 -0.188543 0.133914 0.927065 0.350169 -0.000002 0 0 0 1 0.975914 -0.178772 0.125029 0 0.174483 0.295621 -0.939236 -0.188543 0.130948 0.938429 0.319694 -0.000002 0 0 0 1 0.977615 -0.167914 0.126783 0 0.174234 0.308291 -0.9352 -0.188543 0.117947 0.936356 0.330646 -0.000002 0 0 0 1 0.974893 -0.155288 0.159592 0 0.204264 0.3383 -0.918602 -0.188543 0.088658 0.928137 0.361526 -0.000002 0 0 0 1</float_array>
        <technique_common>
          <accessor source="#RightArm_Helper1_matrix_RightArm_Helper1_transform-output-array" count="56" stride="16">
            <param name="TRANSFORM" type="float4x4"/>
          </accessor>
        </technique_common>
      </source>
      <source id="RightArm_Helper1_matrix_RightArm_Helper1_transform-interpolations">
        <Name_array id="RightArm_Helper1_matrix_RightArm_Helper1_transform-interpolations-array" count="56">LINEAR LINEAR LINEAR LINEAR LINEAR LINEAR LINEAR LINEAR LINEAR LINEAR LINEAR LINEAR LINEAR LINEAR LINEAR LINEAR LINEAR LINEAR LINEAR LINEAR LINEAR LINEAR LINEAR LINEAR LINEAR LINEAR LINEAR LINEAR LINEAR LINEAR LINEAR LINEAR LINEAR LINEAR LINEAR LINEAR LINEAR LINEAR LINEAR LINEAR LINEAR LINEAR LINEAR LINEAR LINEAR LINEAR LINEAR LINEAR LINEAR LINEAR LINEAR LINEAR LINEAR LINEAR LINEAR LINEAR</Name_array>
        <technique_common>
          <accessor source="#RightArm_Helper1_matrix_RightArm_Helper1_transform-interpolations-array" count="56" stride="1">
            <param name="INTERPOLATION" type="Name"/>
          </accessor>
        </technique_common>
      </source>
      <sampler id="RightArm_Helper1_matrix_RightArm_Helper1_transform-sampler">
        <input semantic="INPUT" source="#RightArm_Helper1_matrix_RightArm_Helper1_transform-input"/>
        <input semantic="OUTPUT" source="#RightArm_Helper1_matrix_RightArm_Helper1_transform-output"/>
        <input semantic="INTERPOLATION" source="#RightArm_Helper1_matrix_RightArm_Helper1_transform-interpolations"/>
      </sampler>
      <channel source="#RightArm_Helper1_matrix_RightArm_Helper1_transform-sampler" target="RightArm_Helper1/transform"/>
    </animation>
  </library_animations>
  <library_physics_scenes>
    <physics_scene id="MayaNativePhysicsScene">
      <technique_common>
        <gravity>0 -980 0</gravity>
        <time_step>0.083</time_step>
      </technique_common>
    </physics_scene>
  </library_physics_scenes>
  <library_images>
    <image id="file69" name="file69">
      <init_from>file:///H:/Accounts/Dave%20Fletcher/public/HomeMan/Male01_legs_jeans_regular_C.dds</init_from>
    </image>
    <image id="file81" name="file81">
      <init_from>file:///H:/Accounts/Dave%20Fletcher/public/HomeMan/male01_tshirt_generic_C.dds</init_from>
    </image>
    <image id="imported_file76" name="imported_file76">
      <init_from>file:///H:/Accounts/Dave%20Fletcher/public/HomeMan/male01_body_Cauc_C.dds</init_from>
    </image>
    <image id="file76" name="file76">
      <init_from>file:///H:/Accounts/Dave%20Fletcher/public/HomeMan/male01_feet_shoes_generic_C.dds</init_from>
    </image>
    <image id="file72" name="file72">
      <init_from>file:///H:/Accounts/Dave%20Fletcher/public/HomeMan/male01_head_Cauc_C.dds</init_from>
    </image>
  </library_images>
  <library_materials>
    <material id="imported_lambert2SG1" name="imported_lambert2SG1">
      <instance_effect url="#imported_lambert2SG1-fx"/>
    </material>
    <material id="initialShadingGroup2" name="initialShadingGroup2">
      <instance_effect url="#initialShadingGroup2-fx"/>
    </material>
    <material id="imported_lambert4" name="imported_lambert4">
      <instance_effect url="#imported_lambert4-fx"/>
    </material>
    <material id="imported_lambert2SG3" name="imported_lambert2SG3">
      <instance_effect url="#imported_lambert2SG3-fx"/>
    </material>
    <material id="imported_lambert14" name="imported_lambert14">
      <instance_effect url="#imported_lambert14-fx"/>
    </material>
    <material id="imported_lambert15" name="imported_lambert15">
      <instance_effect url="#imported_lambert15-fx"/>
    </material>
  </library_materials>
  <library_effects>
    <effect id="imported_lambert2SG1-fx">
      <profile_COMMON>
        <newparam sid="file69-surface">
          <surface type="2D">
            <init_from>file69</init_from>
            <format>A8R8G8B8</format>
          </surface>
        </newparam>
        <newparam sid="file69-sampler">
          <sampler2D>
            <source>file69-surface</source>
            <minfilter>LINEAR_MIPMAP_LINEAR</minfilter>
            <magfilter>LINEAR</magfilter>
          </sampler2D>
        </newparam>
        <technique sid="common">
          <lambert>
            <emission>
              <color>0 0 0 1</color>
            </emission>
            <ambient>
              <color>0 0 0 1</color>
            </ambient>
            <diffuse>
              <texture texture="file69-sampler" texcoord="TEX0">
                <extra>
                  <technique profile="MAYA">
                    <wrapU>1</wrapU>
                    <wrapV>1</wrapV>
                    <mirrorU>0</mirrorU>
                    <mirrorV>0</mirrorV>
                    <coverageU>1</coverageU>
                    <coverageV>1</coverageV>
                    <translateFrameU>48</translateFrameU>
                    <translateFrameV>48</translateFrameV>
                    <rotateFrame>48</rotateFrame>
                    <stagger>0</stagger>
                    <fast>0</fast>
                    <repeatU>1</repeatU>
                    <repeatV>1</repeatV>
                    <offsetU>48</offsetU>
                    <offsetV>48</offsetV>
                    <rotateUV>48</rotateUV>
                    <noiseU>48</noiseU>
                    <noiseV>48</noiseV>
                    <blend_mode>NONE</blend_mode>
                  </technique>
                </extra>
              </texture>
            </diffuse>
            <transparent opaque="A_ONE">
              <color>0 0 0 1</color>
            </transparent>
            <transparency>
              <float>1</float>
            </transparency>
            <index_of_refraction>
              <float>1</float>
            </index_of_refraction>
          </lambert>
          <extra>
            <technique profile="FCOLLADA"/>
          </extra>
        </technique>
      </profile_COMMON>
    </effect>
    <effect id="initialShadingGroup2-fx">
      <profile_COMMON>
        <newparam sid="file81-surface">
          <surface type="2D">
            <init_from>file81</init_from>
            <format>A8R8G8B8</format>
          </surface>
        </newparam>
        <newparam sid="file81-sampler">
          <sampler2D>
            <source>file81-surface</source>
            <minfilter>LINEAR_MIPMAP_LINEAR</minfilter>
            <magfilter>LINEAR</magfilter>
          </sampler2D>
        </newparam>
        <technique sid="common">
          <lambert>
            <emission>
              <color>0 0 0 1</color>
            </emission>
            <ambient>
              <color>0 0 0 1</color>
            </ambient>
            <diffuse>
              <texture texture="file81-sampler" texcoord="TEX0">
                <extra>
                  <technique profile="MAYA">
                    <wrapU>1</wrapU>
                    <wrapV>1</wrapV>
                    <mirrorU>0</mirrorU>
                    <mirrorV>0</mirrorV>
                    <coverageU>1</coverageU>
                    <coverageV>1</coverageV>
                    <translateFrameU>48</translateFrameU>
                    <translateFrameV>48</translateFrameV>
                    <rotateFrame>48</rotateFrame>
                    <stagger>0</stagger>
                    <fast>0</fast>
                    <repeatU>1</repeatU>
                    <repeatV>1</repeatV>
                    <offsetU>48</offsetU>
                    <offsetV>48</offsetV>
                    <rotateUV>48</rotateUV>
                    <noiseU>48</noiseU>
                    <noiseV>48</noiseV>
                    <blend_mode>NONE</blend_mode>
                  </technique>
                </extra>
              </texture>
            </diffuse>
            <transparent opaque="A_ONE">
              <color>0 0 0 1</color>
            </transparent>
            <transparency>
              <float>1</float>
            </transparency>
            <index_of_refraction>
              <float>1</float>
            </index_of_refraction>
          </lambert>
          <extra>
            <technique profile="FCOLLADA"/>
          </extra>
        </technique>
      </profile_COMMON>
    </effect>
    <effect id="imported_lambert4-fx">
      <profile_COMMON>
        <newparam sid="imported_file76-surface">
          <surface type="2D">
            <init_from>imported_file76</init_from>
            <format>A8R8G8B8</format>
          </surface>
        </newparam>
        <newparam sid="imported_file76-sampler">
          <sampler2D>
            <source>imported_file76-surface</source>
            <minfilter>LINEAR_MIPMAP_LINEAR</minfilter>
            <magfilter>LINEAR</magfilter>
          </sampler2D>
        </newparam>
        <technique sid="common">
          <lambert>
            <emission>
              <color>0 0 0 1</color>
            </emission>
            <ambient>
              <color>0 0 0 1</color>
            </ambient>
            <diffuse>
              <texture texture="imported_file76-sampler" texcoord="TEX0">
                <extra>
                  <technique profile="MAYA">
                    <wrapU>1</wrapU>
                    <wrapV>1</wrapV>
                    <mirrorU>0</mirrorU>
                    <mirrorV>0</mirrorV>
                    <coverageU>1</coverageU>
                    <coverageV>1</coverageV>
                    <translateFrameU>48</translateFrameU>
                    <translateFrameV>48</translateFrameV>
                    <rotateFrame>48</rotateFrame>
                    <stagger>0</stagger>
                    <fast>0</fast>
                    <repeatU>1</repeatU>
                    <repeatV>1</repeatV>
                    <offsetU>48</offsetU>
                    <offsetV>48</offsetV>
                    <rotateUV>48</rotateUV>
                    <noiseU>48</noiseU>
                    <noiseV>48</noiseV>
                    <blend_mode>NONE</blend_mode>
                  </technique>
                </extra>
              </texture>
            </diffuse>
            <transparent opaque="A_ONE">
              <color>0 0 0 1</color>
            </transparent>
            <transparency>
              <float>1</float>
            </transparency>
            <index_of_refraction>
              <float>1</float>
            </index_of_refraction>
          </lambert>
          <extra>
            <technique profile="FCOLLADA"/>
          </extra>
        </technique>
      </profile_COMMON>
    </effect>
    <effect id="imported_lambert2SG3-fx">
      <profile_COMMON>
        <newparam sid="file76-surface">
          <surface type="2D">
            <init_from>file76</init_from>
            <format>A8R8G8B8</format>
          </surface>
        </newparam>
        <newparam sid="file76-sampler">
          <sampler2D>
            <source>file76-surface</source>
            <minfilter>LINEAR_MIPMAP_LINEAR</minfilter>
            <magfilter>LINEAR</magfilter>
          </sampler2D>
        </newparam>
        <technique sid="common">
          <lambert>
            <emission>
              <color>0 0 0 1</color>
            </emission>
            <ambient>
              <color>0 0 0 1</color>
            </ambient>
            <diffuse>
              <texture texture="file76-sampler" texcoord="TEX0">
                <extra>
                  <technique profile="MAYA">
                    <wrapU>1</wrapU>
                    <wrapV>1</wrapV>
                    <mirrorU>0</mirrorU>
                    <mirrorV>0</mirrorV>
                    <coverageU>1</coverageU>
                    <coverageV>1</coverageV>
                    <translateFrameU>48</translateFrameU>
                    <translateFrameV>48</translateFrameV>
                    <rotateFrame>48</rotateFrame>
                    <stagger>0</stagger>
                    <fast>0</fast>
                    <repeatU>1</repeatU>
                    <repeatV>1</repeatV>
                    <offsetU>48</offsetU>
                    <offsetV>48</offsetV>
                    <rotateUV>48</rotateUV>
                    <noiseU>48</noiseU>
                    <noiseV>48</noiseV>
                    <blend_mode>NONE</blend_mode>
                  </technique>
                </extra>
              </texture>
            </diffuse>
            <transparent opaque="A_ONE">
              <color>0 0 0 1</color>
            </transparent>
            <transparency>
              <float>1</float>
            </transparency>
            <index_of_refraction>
              <float>1</float>
            </index_of_refraction>
          </lambert>
          <extra>
            <technique profile="FCOLLADA"/>
          </extra>
        </technique>
      </profile_COMMON>
    </effect>
    <effect id="imported_lambert14-fx">
      <profile_COMMON>
        <newparam sid="file72-surface">
          <surface type="2D">
            <init_from>file72</init_from>
            <format>A8R8G8B8</format>
          </surface>
        </newparam>
        <newparam sid="file72-sampler">
          <sampler2D>
            <source>file72-surface</source>
            <minfilter>LINEAR_MIPMAP_LINEAR</minfilter>
            <magfilter>LINEAR</magfilter>
          </sampler2D>
        </newparam>
        <technique sid="common">
          <lambert>
            <emission>
              <color>0 0 0 1</color>
            </emission>
            <ambient>
              <color>0 0 0 1</color>
            </ambient>
            <diffuse>
              <texture texture="file72-sampler" texcoord="TEX0">
                <extra>
                  <technique profile="MAYA">
                    <wrapU>1</wrapU>
                    <wrapV>1</wrapV>
                    <mirrorU>0</mirrorU>
                    <mirrorV>0</mirrorV>
                    <coverageU>1</coverageU>
                    <coverageV>1</coverageV>
                    <translateFrameU>48</translateFrameU>
                    <translateFrameV>48</translateFrameV>
                    <rotateFrame>48</rotateFrame>
                    <stagger>0</stagger>
                    <fast>0</fast>
                    <repeatU>1</repeatU>
                    <repeatV>1</repeatV>
                    <offsetU>48</offsetU>
                    <offsetV>48</offsetV>
                    <rotateUV>48</rotateUV>
                    <noiseU>48</noiseU>
                    <noiseV>48</noiseV>
                    <blend_mode>NONE</blend_mode>
                  </technique>
                </extra>
              </texture>
            </diffuse>
            <transparent opaque="A_ONE">
              <color>0 0 0 1</color>
            </transparent>
            <transparency>
              <float>1</float>
            </transparency>
            <index_of_refraction>
              <float>1</float>
            </index_of_refraction>
          </lambert>
          <extra>
            <technique profile="FCOLLADA"/>
          </extra>
        </technique>
      </profile_COMMON>
    </effect>
    <effect id="imported_lambert15-fx">
      <profile_COMMON>
        <newparam sid="imported_file76-surface">
          <surface type="2D">
            <init_from>imported_file76</init_from>
            <format>A8R8G8B8</format>
          </surface>
        </newparam>
        <newparam sid="imported_file76-sampler">
          <sampler2D>
            <source>imported_file76-surface</source>
            <minfilter>LINEAR_MIPMAP_LINEAR</minfilter>
            <magfilter>LINEAR</magfilter>
          </sampler2D>
        </newparam>
        <technique sid="common">
          <lambert>
            <emission>
              <color>0 0 0 1</color>
            </emission>
            <ambient>
              <color>0 0 0 1</color>
            </ambient>
            <diffuse>
              <texture texture="imported_file76-sampler" texcoord="TEX0">
                <extra>
                  <technique profile="MAYA">
                    <wrapU>1</wrapU>
                    <wrapV>1</wrapV>
                    <mirrorU>0</mirrorU>
                    <mirrorV>0</mirrorV>
                    <coverageU>1</coverageU>
                    <coverageV>1</coverageV>
                    <translateFrameU>48</translateFrameU>
                    <translateFrameV>48</translateFrameV>
                    <rotateFrame>48</rotateFrame>
                    <stagger>0</stagger>
                    <fast>0</fast>
                    <repeatU>1</repeatU>
                    <repeatV>1</repeatV>
                    <offsetU>48</offsetU>
                    <offsetV>48</offsetV>
                    <rotateUV>48</rotateUV>
                    <noiseU>48</noiseU>
                    <noiseV>48</noiseV>
                    <blend_mode>NONE</blend_mode>
                  </technique>
                </extra>
              </texture>
            </diffuse>
            <transparent opaque="A_ONE">
              <color>0 0 0 1</color>
            </transparent>
            <transparency>
              <float>1</float>
            </transparency>
            <index_of_refraction>
              <float>1</float>
            </index_of_refraction>
          </lambert>
          <extra>
            <technique profile="FCOLLADA"/>
          </extra>
        </technique>
      </profile_COMMON>
    </effect>
  </library_effects>
  <library_visual_scenes>
    <visual_scene id="VisualSceneNode" name="anim-dance">
      <node id="pointLight1" name="pointLight1" type="NODE">
        <matrix sid="transform">1 0 0 -0.637677 0 1 0 1.94601 0 0 1 1.31159 0 0 0 1</matrix>
      </node>
      <node id="ambientLight1" name="ambientLight1" type="NODE">
        <matrix sid="transform">1 0 0 0.511583 0 1 0 2.19624 0 0 1 1.15508 0 0 0 1</matrix>
      </node>
      <node id="PelvisRoot" name="PelvisRoot" type="JOINT">
        <matrix sid="transform">1 0 0 0 0 1 0 0 0 0 1 0 0 0 0 1</matrix>
        <node id="Pelvis" name="Pelvis" type="JOINT">
          <matrix sid="transform">0.915976 0.028035 0.400251 -0.143548 -0.011975 0.999022 -0.04257 0.987662 -0.401053 0.034199 0.915416 0.012252 0 0 0 1</matrix>
          <node id="Hips" name="Hips" type="JOINT">
            <matrix sid="transform">1 0 0 0 0 1 0 0 0 0 1 0 0 0 0 1</matrix>
            <node id="LeftUpLeg_Helper1" name="LeftUpLeg_Helper1" type="JOINT">
              <matrix sid="transform">-0.98872 0.149464 0.0097 0.087164 -0.146078 -0.976576 0.157988 -0.000001 0.033086 0.154789 0.987393 0 0 0 0 1</matrix>
              <extra>
                <technique profile="MAYA">
                  <segment_scale_compensate>1</segment_scale_compensate>
                </technique>
              </extra>
            </node>
            <node id="RightUpLeg_Helper1" name="RightUpLeg_Helper1" type="JOINT">
              <matrix sid="transform">-0.999592 -0.025462 0.012916 -0.087164 -0.026373 0.996751 -0.076108 0 -0.010936 -0.076418 -0.997016 0 0 0 0 1</matrix>
              <extra>
                <technique profile="MAYA">
                  <segment_scale_compensate>1</segment_scale_compensate>
                </technique>
              </extra>
            </node>
            <node id="LeftUpLeg_Helper2" name="LeftUpLeg_Helper2" type="JOINT">
              <matrix sid="transform">-0.987578 0.149464 0.048484 0.087164 -0.139767 -0.976576 0.163598 -0.000001 0.0718 0.154789 0.985335 0 0 0 0 1</matrix>
              <extra>
                <technique profile="MAYA">
                  <segment_scale_compensate>1</segment_scale_compensate>
                </technique>
              </extra>
            </node>
            <node id="RightUpLeg_Helper2" name="RightUpLeg_Helper2" type="JOINT">
              <matrix sid="transform">-0.99759 -0.025462 0.064537 -0.087164 -0.03027 0.996751 -0.074644 0 -0.062426 -0.076418 -0.99512 0 0 0 0 1</matrix>
              <extra>
                <technique profile="MAYA">
                  <segment_scale_compensate>1</segment_scale_compensate>
                </technique>
              </extra>
            </node>
            <node id="LeftUpLeg" name="LeftUpLeg" type="JOINT">
              <matrix sid="transform">-0.983867 0.149346 0.098498 0.087164 -0.131537 -0.977049 0.167551 -0.000001 0.121261 0.151892 0.980931 0 0 0 0 1</matrix>
              <node id="LeftLeg" name="LeftLeg" type="JOINT">
                <matrix sid="transform">1 0 0 0 0 0.945394 0.325929 0.513626 0 -0.325929 0.945394 0.00777 0 0 0 1</matrix>
                <node id="LeftFoot" name="LeftFoot" type="JOINT">
                  <matrix sid="transform">0.986968 -0.006017 -0.160804 0 -0.139469 0.466456 -0.87348 0.396099 0.080264 0.884524 0.459538 0 0 0 0 1</matrix>
                  <node id="LeftToes" name="LeftToes" type="JOINT">
                    <matrix sid="transform">1 0 0 0 0 0.775978 -0.630761 0.153519 0 0.630761 0.775978 0 0 0 0 1</matrix>
                    <node id="LeftToesNull" name="LeftToesNull" type="JOINT">
                      <matrix sid="transform">1 0 0 0 0 1 0 0.093148 0 0 1 0 0 0 0 1</matrix>
                      <extra>
                        <technique profile="MAYA">
                          <segment_scale_compensate>1</segment_scale_compensate>
                        </technique>
                      </extra>
                    </node>
                    <extra>
                      <technique profile="MAYA">
                        <segment_scale_compensate>1</segment_scale_compensate>
                      </technique>
                    </extra>
                  </node>
                  <extra>
                    <technique profile="MAYA">
                      <segment_scale_compensate>1</segment_scale_compensate>
                    </technique>
                  </extra>
                </node>
                <extra>
                  <technique profile="MAYA">
                    <segment_scale_compensate>1</segment_scale_compensate>
                  </technique>
                </extra>
              </node>
              <extra>
                <technique profile="MAYA">
                  <segment_scale_compensate>1</segment_scale_compensate>
                </technique>
              </extra>
            </node>
            <node id="RightUpLeg" name="RightUpLeg" type="JOINT">
              <matrix sid="transform">-0.991332 -0.025408 0.128902 -0.087164 -0.034955 0.996767 -0.072345 0 -0.126647 -0.076224 -0.989015 0 0 0 0 1</matrix>
              <node id="RightLeg" name="RightLeg" type="JOINT">
                <matrix sid="transform">1 0 0 0 0 0.957818 0.287376 -0.513628 0 -0.287376 0.957818 -0.00777 0 0 0 1</matrix>
                <node id="RightFoot" name="RightFoot" type="JOINT">
                  <matrix sid="transform">0.984367 -0.147624 -0.096069 0 -0.028196 0.40633 -0.913291 -0.395911 0.17386 0.901722 0.395815 0.012201 0 0 0 1</matrix>
                  <node id="RightToes" name="RightToes" type="JOINT">
                    <matrix sid="transform">1 0 0 0 0 0.778159 -0.628067 -0.153519 0 0.628067 0.778159 0 0 0 0 1</matrix>
                    <node id="RightToesNull" name="RightToesNull" type="JOINT">
                      <matrix sid="transform">1 0 0 0 0 1 0 -0.093148 0 0 1 0 0 0 0 1</matrix>
                      <extra>
                        <technique profile="MAYA">
                          <segment_scale_compensate>1</segment_scale_compensate>
                        </technique>
                      </extra>
                    </node>
                    <extra>
                      <technique profile="MAYA">
                        <segment_scale_compensate>1</segment_scale_compensate>
                      </technique>
                    </extra>
                  </node>
                  <extra>
                    <technique profile="MAYA">
                      <segment_scale_compensate>1</segment_scale_compensate>
                    </technique>
                  </extra>
                </node>
                <extra>
                  <technique profile="MAYA">
                    <segment_scale_compensate>1</segment_scale_compensate>
                  </technique>
                </extra>
              </node>
              <extra>
                <technique profile="MAYA">
                  <segment_scale_compensate>1</segment_scale_compensate>
                </technique>
              </extra>
            </node>
            <extra>
              <technique profile="MAYA">
                <segment_scale_compensate>1</segment_scale_compensate>
              </technique>
            </extra>
          </node>
          <node id="Spine" name="Spine" type="JOINT">
            <matrix sid="transform">0.999057 -0.042408 0.009307 0 0.042148 0.99876 0.026497 0.070051 -0.010419 -0.02608 0.999606 -0.000217 0 0 0 1</matrix>
            <node id="Spine1" name="Spine1" type="JOINT">
              <matrix sid="transform">0.999061 -0.042177 0.009919 0 0.042271 0.999061 -0.009521 0.077503 -0.009508 0.009931 0.999905 0 0 0 0 1</matrix>
              <node id="Spine2" name="Spine2" type="JOINT">
                <matrix sid="transform">0.999061 -0.042182 0.009896 0 0.04228 0.999057 -0.009844 0.073924 -0.009472 0.010253 0.999903 0 0 0 0 1</matrix>
                <node id="Spine3" name="Spine3" type="JOINT">
                  <matrix sid="transform">0.999061 -0.042188 0.009872 0 0.042155 0.999105 0.003539 0.111876 -0.010013 -0.00312 0.999945 0 0 0 0 1</matrix>
                  <node id="Neck" name="Neck" type="JOINT">
                    <matrix sid="transform">0.996953 -0.029866 -0.072066 0 0.008912 0.96137 -0.275115 0.248046 0.077499 0.273634 0.958706 0 0 0 0 1</matrix>
                    <node id="Neck1" name="Neck1" type="JOINT">
                      <matrix sid="transform">0.996953 -0.029866 -0.072066 0 0.025421 0.997764 -0.061817 0.04828 0.073752 0.059796 0.995482 0 0 0 0 1</matrix>
                      <node id="Head" name="Head" type="JOINT">
                        <matrix sid="transform">0.996953 -0.031109 -0.071539 0 0.048529 0.965319 0.256524 0.053577 0.061077 -0.259214 0.963887 0 0 0 0 1</matrix>
                        <node id="HeadNull" name="HeadNull" type="JOINT">
                          <matrix sid="transform">1 0 0 0 0 1 0 0.180848 0 0 1 0 0 0 0 1</matrix>
                          <extra>
                            <technique profile="MAYA">
                              <segment_scale_compensate>1</segment_scale_compensate>
                            </technique>
                          </extra>
                        </node>
                        <extra>
                          <technique profile="MAYA">
                            <segment_scale_compensate>1</segment_scale_compensate>
                          </technique>
                        </extra>
                      </node>
                      <extra>
                        <technique profile="MAYA">
                          <segment_scale_compensate>1</segment_scale_compensate>
                        </technique>
                      </extra>
                    </node>
                    <extra>
                      <technique profile="MAYA">
                        <segment_scale_compensate>1</segment_scale_compensate>
                      </technique>
                    </extra>
                  </node>
                  <node id="LeftShoulder" name="LeftShoulder" type="JOINT">
                    <matrix sid="transform">-0.511119 0.859218 0.022409 0.017011 0.03837 0.048855 -0.998069 0.181867 -0.858653 -0.509272 -0.057939 0.084759 0 0 0 1</matrix>
                    <node id="LeftArm" name="LeftArm" type="JOINT">
                      <matrix sid="transform">0.837223 0.101201 0.537416 0 0.473429 0.357752 -0.804909 0.188543 -0.273719 0.928317 0.251607 0 0 0 0 1</matrix>
                      <node id="LeftForeArm" name="LeftForeArm" type="JOINT">
                        <matrix sid="transform">0.241322 -0.970445 0 0.000005 0.970444 0.241322 -0.001515 0.3215 0.00147 0.000365 0.999999 0 0 0 0 1</matrix>
                        <node id="LeftHand" name="LeftHand" type="JOINT">
                          <matrix sid="transform">0.996829 -0.077306 0.018853 0.000005 0.079341 0.983654 -0.16165 0.244116 -0.006048 0.162633 0.986668 0 0 0 0 1</matrix>
                          <node id="LeftIndex1" name="LeftIndex1" type="JOINT">
                            <matrix sid="transform">0.980528 0.184104 0.068338 -0.027238 0.030519 0.200905 -0.979135 0.104 -0.193992 0.962155 0.191374 -0.012047 0 0 0 1</matrix>
                            <node id="LeftIndex2" name="LeftIndex2" type="JOINT">
                              <matrix sid="transform">1 0.000000 0.00001 0 0.00001 -0.006705 -0.999978 0.037252 -0.000000 0.999978 -0.006705 0 0 0 0 1</matrix>
                              <node id="LeftIndex3" name="LeftIndex3" type="JOINT">
                                <matrix sid="transform">1 -0.000000 0.000001 0 0.000001 0.601853 -0.798607 0.025094 -0.000000 0.798607 0.601853 0 0 0 0 1</matrix>
                                <node id="LeftIndexNull" name="LeftIndexNull" type="JOINT">
                                  <matrix sid="transform">1 0 0 0 0 1 0 0.025118 0 0 1 0 0 0 0 1</matrix>
                                  <extra>
                                    <technique profile="MAYA">
                                      <segment_scale_compensate>1</segment_scale_compensate>
                                    </technique>
                                  </extra>
                                </node>
                                <extra>
                                  <technique profile="MAYA">
                                    <segment_scale_compensate>1</segment_scale_compensate>
                                  </technique>
                                </extra>
                              </node>
                              <extra>
                                <technique profile="MAYA">
                                  <segment_scale_compensate>1</segment_scale_compensate>
                                </technique>
                              </extra>
                            </node>
                            <extra>
                              <technique profile="MAYA">
                                <segment_scale_compensate>1</segment_scale_compensate>
                              </technique>
                            </extra>
                          </node>
                          <node id="LeftMiddle1" name="LeftMiddle1" type="JOINT">
                            <matrix sid="transform">0.999461 -0.02529 -0.020927 -0.001251 -0.016542 0.162586 -0.986556 0.107976 0.028353 0.98637 0.16208 -0.013471 0 0 0 1</matrix>
                            <node id="LeftMiddle2" name="LeftMiddle2" type="JOINT">
                              <matrix sid="transform">1 -0.000003 0.000104 0 0.000104 0.124875 -0.992173 0.039923 -0.000009 0.992173 0.124875 0 0 0 0 1</matrix>
                              <node id="LeftMiddle3" name="LeftMiddle3" type="JOINT">
                                <matrix sid="transform">1 0.000028 -0.000182 0 -0.000183 0.274539 -0.961576 0.027331 0.000022 0.961576 0.274539 0 0 0 0 1</matrix>
                                <node id="LeftMiddleNull" name="LeftMiddleNull" type="JOINT">
                                  <matrix sid="transform">1 0 0 0 0 1 0 0.026102 0 0 1 0 0 0 0 1</matrix>
                                  <extra>
                                    <technique profile="MAYA">
                                      <segment_scale_compensate>1</segment_scale_compensate>
                                    </technique>
                                  </extra>
                                </node>
                                <extra>
                                  <technique profile="MAYA">
                                    <segment_scale_compensate>1</segment_scale_compensate>
                                  </technique>
                                </extra>
                              </node>
                              <extra>
                                <technique profile="MAYA">
                                  <segment_scale_compensate>1</segment_scale_compensate>
                                </technique>
                              </extra>
                            </node>
                            <extra>
                              <technique profile="MAYA">
                                <segment_scale_compensate>1</segment_scale_compensate>
                              </technique>
                            </extra>
                          </node>
                          <node id="LeftRing1" name="LeftRing1" type="JOINT">
                            <matrix sid="transform">0.978811 -0.185372 -0.086985 0.021135 -0.028721 0.296314 -0.954659 0.102233 0.202742 0.936929 0.284711 -0.010783 0 0 0 1</matrix>
                            <node id="LeftRing2" name="LeftRing2" type="JOINT">
                              <matrix sid="transform">1 0 -0.000003 0 -0.000003 0.061941 -0.99808 0.039098 0.000000 0.99808 0.061941 0 0 0 0 1</matrix>
                              <node id="LeftRing3" name="LeftRing3" type="JOINT">
                                <matrix sid="transform">1 0 0 0 0 0.221138 -0.975242 0.027324 0 0.975242 0.221138 0 0 0 0 1</matrix>
                                <node id="LeftRingNull" name="LeftRingNull" type="JOINT">
                                  <matrix sid="transform">1 0 0 0 0 1 0 0.024717 0 0 1 0 0 0 0 1</matrix>
                                  <extra>
                                    <technique profile="MAYA">
                                      <segment_scale_compensate>1</segment_scale_compensate>
                                    </technique>
                                  </extra>
                                </node>
                                <extra>
                                  <technique profile="MAYA">
                                    <segment_scale_compensate>1</segment_scale_compensate>
                                  </technique>
                                </extra>
                              </node>
                              <extra>
                                <technique profile="MAYA">
                                  <segment_scale_compensate>1</segment_scale_compensate>
                                </technique>
                              </extra>
                            </node>
                            <extra>
                              <technique profile="MAYA">
                                <segment_scale_compensate>1</segment_scale_compensate>
                              </technique>
                            </extra>
                          </node>
                          <node id="LeftPinky1" name="LeftPinky1" type="JOINT">
                            <matrix sid="transform">0.929386 -0.297388 -0.218637 0.041258 -0.127823 0.296374 -0.94648 0.096203 0.34627 0.907592 0.237432 -0.00331 0 0 0 1</matrix>
                            <node id="LeftPinky2" name="LeftPinky2" type="JOINT">
                              <matrix sid="transform">1 0.000002 -0.000035 0 -0.000035 0.12514 -0.992139 0.032185 0.000001 0.992139 0.12514 0 0 0 0 1</matrix>
                              <node id="LeftPinky3" name="LeftPinky3" type="JOINT">
                                <matrix sid="transform">1 -0.000007 0.000024 0 0.000025 0.439083 -0.898447 0.016345 -0.000004 0.898447 0.439083 0 0 0 0 1</matrix>
                                <node id="LeftPinkyNull" name="LeftPinkyNull" type="JOINT">
                                  <matrix sid="transform">1 0 0 0 0 1 0 0.019694 0 0 1 0 0 0 0 1</matrix>
                                  <extra>
                                    <technique profile="MAYA">
                                      <segment_scale_compensate>1</segment_scale_compensate>
                                    </technique>
                                  </extra>
                                </node>
                                <extra>
                                  <technique profile="MAYA">
                                    <segment_scale_compensate>1</segment_scale_compensate>
                                  </technique>
                                </extra>
                              </node>
                              <extra>
                                <technique profile="MAYA">
                                  <segment_scale_compensate>1</segment_scale_compensate>
                                </technique>
                              </extra>
                            </node>
                            <extra>
                              <technique profile="MAYA">
                                <segment_scale_compensate>1</segment_scale_compensate>
                              </technique>
                            </extra>
                          </node>
                          <node id="LeftThumb1" name="LeftThumb1" type="JOINT">
                            <matrix sid="transform">-0.790197 0.451602 -0.414301 -0.038235 0.495959 0.868346 0.000582 0.02164 0.360019 -0.205015 -0.91014 0.002124 0 0 0 1</matrix>
                            <node id="LeftThumb2" name="LeftThumb2" type="JOINT">
                              <matrix sid="transform">0.235193 0.414568 -0.879101 0.025687 0.419652 0.772509 0.476574 0.021903 0.876685 -0.481003 0.007714 -0.017375 0 0 0 1</matrix>
                              <node id="LeftThumb3" name="LeftThumb3" type="JOINT">
                                <matrix sid="transform">0.999931 0.011355 -0.002926 0 -0.008963 0.579226 -0.815118 0.034681 -0.00756 0.815088 0.579288 0 0 0 0 1</matrix>
                                <node id="LeftThumbNull" name="LeftThumbNull" type="JOINT">
                                  <matrix sid="transform">1 0 0 0 0 1 0 0.027381 0 0 1 0 0 0 0 1</matrix>
                                  <extra>
                                    <technique profile="MAYA">
                                      <segment_scale_compensate>1</segment_scale_compensate>
                                    </technique>
                                  </extra>
                                </node>
                                <extra>
                                  <technique profile="MAYA">
                                    <segment_scale_compensate>1</segment_scale_compensate>
                                  </technique>
                                </extra>
                              </node>
                              <extra>
                                <technique profile="MAYA">
                                  <segment_scale_compensate>1</segment_scale_compensate>
                                </technique>
                              </extra>
                            </node>
                            <extra>
                              <technique profile="MAYA">
                                <segment_scale_compensate>1</segment_scale_compensate>
                              </technique>
                            </extra>
                          </node>
                          <extra>
                            <technique profile="MAYA">
                              <segment_scale_compensate>1</segment_scale_compensate>
                            </technique>
                          </extra>
                        </node>
                        <node id="LeftForeArm_Helper1" name="LeftForeArm_Helper1" type="JOINT">
                          <matrix sid="transform">0.999996 0 0.002991 0 0 1 0 0.078445 -0.002991 0 0.999996 0 0 0 0 1</matrix>
                          <node id="LeftForeArm_Helper2" name="LeftForeArm_Helper2" type="JOINT">
                            <matrix sid="transform">0.999996 0 0.002991 0 0 1 0 0.153671 -0.002991 0 0.999996 0 0 0 0 1</matrix>
                            <extra>
                              <technique profile="MAYA">
                                <segment_scale_compensate>1</segment_scale_compensate>
                              </technique>
                            </extra>
                          </node>
                          <extra>
                            <technique profile="MAYA">
                              <segment_scale_compensate>1</segment_scale_compensate>
                            </technique>
                          </extra>
                        </node>
                        <extra>
                          <technique profile="MAYA">
                            <segment_scale_compensate>1</segment_scale_compensate>
                          </technique>
                        </extra>
                      </node>
                      <extra>
                        <technique profile="MAYA">
                          <segment_scale_compensate>1</segment_scale_compensate>
                        </technique>
                      </extra>
                    </node>
                    <node id="LeftArm_Helper2" name="LeftArm_Helper2" type="JOINT">
                      <matrix sid="transform">0.837818 0.102008 0.536336 0 0.472163 0.357812 -0.805626 0.188543 -0.274087 0.928205 0.251617 0 0 0 0 1</matrix>
                      <extra>
                        <technique profile="MAYA">
                          <segment_scale_compensate>1</segment_scale_compensate>
                        </technique>
                      </extra>
                    </node>
                    <node id="LeftArm_Helper1" name="LeftArm_Helper1" type="JOINT">
                      <matrix sid="transform">0.837818 0.102008 0.536336 0 0.472163 0.357812 -0.805626 0.188543 -0.274087 0.928205 0.251617 0 0 0 0 1</matrix>
                      <extra>
                        <technique profile="MAYA">
                          <segment_scale_compensate>1</segment_scale_compensate>
                        </technique>
                      </extra>
                    </node>
                    <extra>
                      <technique profile="MAYA">
                        <segment_scale_compensate>1</segment_scale_compensate>
                      </technique>
                    </extra>
                  </node>
                  <node id="RightShoulder" name="RightShoulder" type="JOINT">
                    <matrix sid="transform">-0.377584 0.92594 0.008081 -0.017011 -0.136756 -0.064394 0.988509 0.181869 0.915821 0.37214 0.150943 0.084759 0 0 0 1</matrix>
                    <node id="RightArm" name="RightArm" type="JOINT">
                      <matrix sid="transform">0.963912 -0.146519 0.222275 0 0.260353 0.344462 -0.901977 -0.188543 0.055591 0.927296 0.370178 -0.000002 0 0 0 1</matrix>
                      <node id="RightForeArm" name="RightForeArm" type="JOINT">
                        <matrix sid="transform">0.426671 -0.904407 0 -0.000005 0.904406 0.426671 -0.001515 -0.321501 0.00137 0.000646 0.999999 0 0 0 0 1</matrix>
                        <node id="RightHand" name="RightHand" type="JOINT">
                          <matrix sid="transform">0.999731 -0.022699 0.00468 -0.000007 0.022064 0.99396 0.107502 -0.244116 -0.007092 -0.10737 0.994194 0 0 0 0 1</matrix>
                          <node id="RightIndex1" name="RightIndex1" type="JOINT">
                            <matrix sid="transform">0.980528 0.184105 0.068332 0.027237 0.030512 0.20091 -0.979134 -0.104 -0.193992 0.962154 0.191381 0.012048 0 0 0 1</matrix>
                            <node id="RightIndex2" name="RightIndex2" type="JOINT">
                              <matrix sid="transform">1 0.000000 0.00001 0 0.00001 -0.006705 -0.999978 -0.037252 -0.000000 0.999978 -0.006705 -0.000003 0 0 0 1</matrix>
                              <node id="RightIndex3" name="RightIndex3" type="JOINT">
                                <matrix sid="transform">1 0 0 0 0 0.601853 -0.798607 -0.025094 0 0.798607 0.601853 -0.000002 0 0 0 1</matrix>
                                <node id="RightIndexNull" name="RightIndexNull" type="JOINT">
                                  <matrix sid="transform">1 0 0 0 0 1 -0.000001 -0.025118 0 0.000001 1 0 0 0 0 1</matrix>
                                  <extra>
                                    <technique profile="MAYA">
                                      <segment_scale_compensate>1</segment_scale_compensate>
                                    </technique>
                                  </extra>
                                </node>
                                <extra>
                                  <technique profile="MAYA">
                                    <segment_scale_compensate>1</segment_scale_compensate>
                                  </technique>
                                </extra>
                              </node>
                              <extra>
                                <technique profile="MAYA">
                                  <segment_scale_compensate>1</segment_scale_compensate>
                                </technique>
                              </extra>
                            </node>
                            <extra>
                              <technique profile="MAYA">
                                <segment_scale_compensate>1</segment_scale_compensate>
                              </technique>
                            </extra>
                          </node>
                          <node id="RightMiddle1" name="RightMiddle1" type="JOINT">
                            <matrix sid="transform">0.999461 -0.025289 -0.020933 0.00125 -0.016548 0.162592 -0.986555 -0.107975 0.028353 0.986369 0.162086 0.013471 0 0 0 1</matrix>
                            <node id="RightMiddle2" name="RightMiddle2" type="JOINT">
                              <matrix sid="transform">1 -0.000003 0.000104 0 0.000104 0.124875 -0.992173 -0.039923 -0.000009 0.992173 0.124875 0.000005 0 0 0 1</matrix>
                              <node id="RightMiddle3" name="RightMiddle3" type="JOINT">
                                <matrix sid="transform">1 0.000028 -0.000182 0 -0.000183 0.274539 -0.961576 -0.027332 0.000022 0.961576 0.274539 -0.000005 0 0 0 1</matrix>
                                <node id="RightMiddleNull" name="RightMiddleNull" type="JOINT">
                                  <matrix sid="transform">1 0 0 0 0 1 0 -0.026101 0 0 1 0.000003 0 0 0 1</matrix>
                                  <extra>
                                    <technique profile="MAYA">
                                      <segment_scale_compensate>1</segment_scale_compensate>
                                    </technique>
                                  </extra>
                                </node>
                                <extra>
                                  <technique profile="MAYA">
                                    <segment_scale_compensate>1</segment_scale_compensate>
                                  </technique>
                                </extra>
                              </node>
                              <extra>
                                <technique profile="MAYA">
                                  <segment_scale_compensate>1</segment_scale_compensate>
                                </technique>
                              </extra>
                            </node>
                            <extra>
                              <technique profile="MAYA">
                                <segment_scale_compensate>1</segment_scale_compensate>
                              </technique>
                            </extra>
                          </node>
                          <node id="RightRing1" name="RightRing1" type="JOINT">
                            <matrix sid="transform">0.978811 -0.18537 -0.086991 -0.021136 -0.028726 0.296321 -0.954656 -0.102233 0.202742 0.936927 0.284717 0.010788 0 0 0 1</matrix>
                            <node id="RightRing2" name="RightRing2" type="JOINT">
                              <matrix sid="transform">1 -0.000000 0 0 0 0.061941 -0.99808 -0.039099 0.000000 0.99808 0.061941 -0.000001 0 0 0 1</matrix>
                              <node id="RightRing3" name="RightRing3" type="JOINT">
                                <matrix sid="transform">1 0 0 0 0 0.221135 -0.975243 -0.027324 0 0.975243 0.221135 -0.000005 0 0 0 1</matrix>
                                <node id="RightRingNull" name="RightRingNull" type="JOINT">
                                  <matrix sid="transform">1 0 0 0 0 1 -0.000005 -0.024717 0 0.000005 1 -0.000002 0 0 0 1</matrix>
                                  <extra>
                                    <technique profile="MAYA">
                                      <segment_scale_compensate>1</segment_scale_compensate>
                                    </technique>
                                  </extra>
                                </node>
                                <extra>
                                  <technique profile="MAYA">
                                    <segment_scale_compensate>1</segment_scale_compensate>
                                  </technique>
                                </extra>
                              </node>
                              <extra>
                                <technique profile="MAYA">
                                  <segment_scale_compensate>1</segment_scale_compensate>
                                </technique>
                              </extra>
                            </node>
                            <extra>
                              <technique profile="MAYA">
                                <segment_scale_compensate>1</segment_scale_compensate>
                              </technique>
                            </extra>
                          </node>
                          <node id="RightPinky1" name="RightPinky1" type="JOINT">
                            <matrix sid="transform">0.929385 -0.297386 -0.218643 -0.041259 -0.127827 0.296381 -0.946477 -0.096202 0.346271 0.90759 0.237438 0.003314 0 0 0 1</matrix>
                            <node id="RightPinky2" name="RightPinky2" type="JOINT">
                              <matrix sid="transform">1 0.000002 -0.000035 0 -0.000035 0.12514 -0.992139 -0.032185 0.000001 0.992139 0.12514 -0.000003 0 0 0 1</matrix>
                              <node id="RightPinky3" name="RightPinky3" type="JOINT">
                                <matrix sid="transform">1 -0.000007 0.000024 0 0.000025 0.439083 -0.898447 -0.016344 -0.000004 0.898447 0.439083 0.000002 0 0 0 1</matrix>
                                <node id="RightPinkyNull" name="RightPinkyNull" type="JOINT">
                                  <matrix sid="transform">1 0 0 0 0 1 0 -0.019694 0 0 1 -0.000006 0 0 0 1</matrix>
                                  <extra>
                                    <technique profile="MAYA">
                                      <segment_scale_compensate>1</segment_scale_compensate>
                                    </technique>
                                  </extra>
                                </node>
                                <extra>
                                  <technique profile="MAYA">
                                    <segment_scale_compensate>1</segment_scale_compensate>
                                  </technique>
                                </extra>
                              </node>
                              <extra>
                                <technique profile="MAYA">
                                  <segment_scale_compensate>1</segment_scale_compensate>
                                </technique>
                              </extra>
                            </node>
                            <extra>
                              <technique profile="MAYA">
                                <segment_scale_compensate>1</segment_scale_compensate>
                              </technique>
                            </extra>
                          </node>
                          <node id="RightThumb1" name="RightThumb1" type="JOINT">
                            <matrix sid="transform">-0.790188 0.451617 -0.4143 0.038235 0.495973 0.868338 0.000589 -0.02164 0.360019 -0.205015 -0.91014 -0.002127 0 0 0 1</matrix>
                            <node id="RightThumb2" name="RightThumb2" type="JOINT">
                              <matrix sid="transform">0.235193 0.414568 -0.879101 -0.025687 0.419652 0.772509 0.476574 -0.021903 0.876685 -0.481003 0.007714 0.017372 0 0 0 1</matrix>
                              <node id="RightThumb3" name="RightThumb3" type="JOINT">
                                <matrix sid="transform">0.999931 0.011355 -0.002926 0.000002 -0.008963 0.579226 -0.815118 -0.034682 -0.00756 0.815088 0.579288 0 0 0 0 1</matrix>
                                <node id="RightThumbNull" name="RightThumbNull" type="JOINT">
                                  <matrix sid="transform">1 0 0 -0.000001 0 1 0 -0.027381 0 0 1 0 0 0 0 1</matrix>
                                  <extra>
                                    <technique profile="MAYA">
                                      <segment_scale_compensate>1</segment_scale_compensate>
                                    </technique>
                                  </extra>
                                </node>
                                <extra>
                                  <technique profile="MAYA">
                                    <segment_scale_compensate>1</segment_scale_compensate>
                                  </technique>
                                </extra>
                              </node>
                              <extra>
                                <technique profile="MAYA">
                                  <segment_scale_compensate>1</segment_scale_compensate>
                                </technique>
                              </extra>
                            </node>
                            <extra>
                              <technique profile="MAYA">
                                <segment_scale_compensate>1</segment_scale_compensate>
                              </technique>
                            </extra>
                          </node>
                          <extra>
                            <technique profile="MAYA">
                              <segment_scale_compensate>1</segment_scale_compensate>
                            </technique>
                          </extra>
                        </node>
                        <node id="RightForeArm_Helper1" name="RightForeArm_Helper1" type="JOINT">
                          <matrix sid="transform">0.999996 0 0.00282 0 0 1 -0.000006 -0.078445 -0.00282 0.000006 0.999996 0.000003 0 0 0 1</matrix>
                          <node id="RightForeArm_Helper2" name="RightForeArm_Helper2" type="JOINT">
                            <matrix sid="transform">0.999996 0 0.00282 0 0 1 -0.000008 -0.15367 -0.00282 0.000008 0.999996 0 0 0 0 1</matrix>
                            <extra>
                              <technique profile="MAYA">
                                <segment_scale_compensate>1</segment_scale_compensate>
                              </technique>
                            </extra>
                          </node>
                          <extra>
                            <technique profile="MAYA">
                              <segment_scale_compensate>1</segment_scale_compensate>
                            </technique>
                          </extra>
                        </node>
                        <extra>
                          <technique profile="MAYA">
                            <segment_scale_compensate>1</segment_scale_compensate>
                          </technique>
                        </extra>
                      </node>
                      <extra>
                        <technique profile="MAYA">
                          <segment_scale_compensate>1</segment_scale_compensate>
                        </technique>
                      </extra>
                    </node>
                    <node id="RightArm_Helper2" name="RightArm_Helper2" type="JOINT">
                      <matrix sid="transform">0.963845 -0.146206 0.22277 0 0.260719 0.344796 -0.901743 -0.188543 0.05503 0.927221 0.370449 -0.000002 0 0 0 1</matrix>
                      <extra>
                        <technique profile="MAYA">
                          <segment_scale_compensate>1</segment_scale_compensate>
                        </technique>
                      </extra>
                    </node>
                    <node id="RightArm_Helper1" name="RightArm_Helper1" type="JOINT">
                      <matrix sid="transform">0.963845 -0.146206 0.22277 0 0.260719 0.344796 -0.901743 -0.188543 0.05503 0.927221 0.370449 -0.000002 0 0 0 1</matrix>
                      <extra>
                        <technique profile="MAYA">
                          <segment_scale_compensate>1</segment_scale_compensate>
                        </technique>
                      </extra>
                    </node>
                    <extra>
                      <technique profile="MAYA">
                        <segment_scale_compensate>1</segment_scale_compensate>
                      </technique>
                    </extra>
                  </node>
                  <extra>
                    <technique profile="MAYA">
                      <segment_scale_compensate>1</segment_scale_compensate>
                    </technique>
                  </extra>
                </node>
                <extra>
                  <technique profile="MAYA">
                    <segment_scale_compensate>1</segment_scale_compensate>
                  </technique>
                </extra>
              </node>
              <extra>
                <technique profile="MAYA">
                  <segment_scale_compensate>1</segment_scale_compensate>
                </technique>
              </extra>
            </node>
            <extra>
              <technique profile="MAYA">
                <segment_scale_compensate>1</segment_scale_compensate>
              </technique>
            </extra>
          </node>
          <extra>
            <technique profile="MAYA">
              <segment_scale_compensate>1</segment_scale_compensate>
            </technique>
          </extra>
        </node>
        <extra>
          <technique profile="MAYA">
            <segment_scale_compensate>1</segment_scale_compensate>
            <dynamic_attributes>
              <homeSex short_name="homeSex" type="string">man</homeSex>
            </dynamic_attributes>
          </technique>
        </extra>
      </node>
      <extra>
        <technique profile="FCOLLADA">
          <start_time>0</start_time>
          <end_time>2.3</end_time>
        </technique>
      </extra>
    </visual_scene>
  </library_visual_scenes>
  <scene>
    <instance_physics_scene url="#MayaNativePhysicsScene"/>
    <instance_visual_scene url="#VisualSceneNode"/>
  </scene>
</COLLADA>
