<?xml version="1.0" encoding="utf-8"?>
<COLLADA xmlns="http://www.collada.org/2005/11/COLLADASchema" version="1.4.1">
  <asset>
    <contributor>
      <author>Tim_Dann</author>
      <authoring_tool>Maya 8.5P01 | ColladaMaya v3.02 | FCollada v3.2</authoring_tool>
      <comments>Collada Maya Export Options: bakeTransforms=1;exportPolygonMeshes=1;bakeLighting=0;isSampling=1;
curveConstrainSampling=0;exportCameraAsLookat=0;
exportLights=1;exportCameras=1;exportJointsAndSkin=1;
exportAnimations=1;exportTriangles=0;exportInvisibleNodes=0;
exportNormals=1;exportTexCoords=1;exportVertexColors=0;exportTangents=0;
exportTexTangents=1;exportConstraints=1;exportPhysics=1;exportXRefs=1;
dereferenceXRefs=0;cameraXFov=0;cameraYFov=1</comments>
      <source_data>file:///D:/home_character/FD_M_04_P2_GORILLA.dae</source_data>
    </contributor>
    <contributor>
      <author>Tim_Dann</author>
      <authoring_tool>Maya 8.5P01 | ColladaMaya v3.02 | FCollada v3.2</authoring_tool>
      <comments>Collada Maya Export Options: bakeTransforms=1;exportPolygonMeshes=1;bakeLighting=0;isSampling=1;
curveConstrainSampling=0;exportCameraAsLookat=0;
exportLights=1;exportCameras=1;exportJointsAndSkin=1;
exportAnimations=1;exportTriangles=0;exportInvisibleNodes=0;
exportNormals=1;exportTexCoords=1;exportVertexColors=0;exportTangents=0;
exportTexTangents=1;exportConstraints=1;exportPhysics=1;exportXRefs=1;
dereferenceXRefs=0;cameraXFov=0;cameraYFov=1</comments>
      <source_data>file:///D:/ship/edge/latest/samples/edge/common/assets/anim-gorilla4.dae</source_data>
    </contributor>
    <created>2008-05-28T09:00:42Z</created>
    <modified>2008-05-28T14:42:26Z</modified>
    <unit meter="1" name="meter"/>
    <up_axis>Y_UP</up_axis>
  </asset>
  <library_animations>
    <animation id="Pelvis_matrix">
      <source id="Pelvis_matrix_Pelvis_transform-input">
        <float_array id="Pelvis_matrix_Pelvis_transform-input-array" count="24">0 0.041666 0.083333 0.125 0.166667 0.208333 0.25 0.291667 0.333333 0.375 0.416667 0.458333 0.5 0.541667 0.583333 0.625 0.666667 0.708333 0.75 0.791667 0.833333 0.875 0.916667 0.958333</float_array>
        <technique_common>
          <accessor source="#Pelvis_matrix_Pelvis_transform-input-array" count="24" stride="1">
            <param name="TIME" type="float"/>
          </accessor>
        </technique_common>
        <technique profile="MAYA">
          <pre_infinity>CONSTANT</pre_infinity>
          <post_infinity>CONSTANT</post_infinity>
        </technique>
      </source>
      <source id="Pelvis_matrix_Pelvis_transform-output">
        <float_array id="Pelvis_matrix_Pelvis_transform-output-array" count="384">0.96225 0.214417 -0.16763 0.074793 -0.257834 0.915389 -0.309169 0.85429 0.087155 0.340719 0.936117 -0.092802 0 0 0 1 0.96954 0.190854 -0.153516 0.114546 -0.229922 0.925222 -0.301829 0.837239 0.08443 0.327932 0.940921 -0.102458 0 0 0 1 0.981786 0.146628 -0.120811 0.141633 -0.17508 0.945179 -0.275654 0.829116 0.073769 0.291786 0.953635 -0.102304 0 0 0 1 0.993928 0.076725 -0.078868 0.149547 -0.093593 0.966415 -0.239341 0.84453 0.057855 0.245269 0.967727 -0.087943 0 0 0 1 0.999028 0.005299 -0.04375 0.14086 -0.014219 0.978416 -0.206157 0.891561 0.041713 0.206579 0.977541 -0.053378 0 0 0 1 0.998402 -0.054286 -0.015691 0.122554 0.050529 0.981965 -0.182188 0.951049 0.025298 0.181104 0.983139 -0.011005 0 0 0 1 0.994213 -0.106674 0.012706 0.098359 0.107224 0.97808 -0.178504 0.995752 0.006613 0.178834 0.983857 0.019401 0 0 0 1 0.987697 -0.149061 0.047268 0.069981 0.155569 0.967299 -0.200331 1.00337 -0.015862 0.20522 0.978587 0.021322 0 0 0 1 0.98048 -0.178379 0.082696 0.03421 0.192986 0.953558 -0.231267 0.982662 -0.037603 0.242712 0.96937 0.000667 0 0 0 1 0.973021 -0.198294 0.117935 -0.006762 0.223243 0.938239 -0.26433 0.947679 -0.058236 0.283528 0.957194 -0.031243 0 0 0 1 0.9659 -0.21063 0.150569 -0.048951 0.247219 0.923084 -0.294618 0.909462 -0.076932 0.321796 0.943679 -0.064931 0 0 0 1 0.962487 -0.214203 0.166539 -0.088336 0.257163 0.915906 -0.308196 0.879982 -0.086517 0.339463 0.936632 -0.090272 0 0 0 1 0.963945 -0.211457 0.16154 -0.120894 0.252122 0.91993 -0.300273 0.861904 -0.085111 0.330175 0.940075 -0.102629 0 0 0 1 0.969216 -0.20191 0.140902 -0.142714 0.234316 0.932149 -0.276033 0.853922 -0.075607 0.300552 0.950764 -0.103481 0 0 0 1 0.977636 -0.181016 0.107059 -0.149893 0.202 0.949895 -0.238531 0.864449 -0.058517 0.254823 0.965216 -0.090831 0 0 0 1 0.986275 -0.149271 0.070563 -0.142231 0.160625 0.966372 -0.20081 0.902512 -0.038215 0.209389 0.977086 -0.058823 0 0 0 1 0.992576 -0.114226 0.041762 -0.124451 0.119877 0.976799 -0.177464 0.954736 -0.020523 0.181153 0.983241 -0.016369 0 0 0 1 0.997184 -0.072856 0.017749 -0.100991 0.07484 0.98177 -0.174724 0.995552 -0.004696 0.175561 0.984458 0.016691 0 0 0 1 0.999822 -0.013312 -0.013315 -0.075053 0.010422 0.980263 -0.197426 1.00251 0.01568 0.197252 0.980228 0.02285 0 0 0 1 0.996132 0.067908 -0.055753 -0.04406 -0.079105 0.969325 -0.232706 0.978012 0.038239 0.236217 0.970948 0.003807 0 0 0 1 0.985493 0.138132 -0.098604 -0.008245 -0.15972 0.9513 -0.263663 0.938116 0.057382 0.275587 0.959562 -0.027639 0 0 0 1 0.973109 0.185391 -0.136704 0.029473 -0.218238 0.931906 -0.289696 0.894854 0.073687 0.31174 0.947306 -0.061644 0 0 0 1 0.963812 0.210904 -0.163053 0.068299 -0.252649 0.917809 -0.30626 0.859972 0.085059 0.336372 0.93788 -0.088457 0 0 0 1 0.962257 0.214397 -0.167616 0.076954 -0.257805 0.915415 -0.309117 0.853137 0.087164 0.340662 0.936137 -0.093628 0 0 0 1</float_array>
        <technique_common>
          <accessor source="#Pelvis_matrix_Pelvis_transform-output-array" count="24" stride="16">
            <param name="TRANSFORM" type="float4x4"/>
          </accessor>
        </technique_common>
      </source>
      <source id="Pelvis_matrix_Pelvis_transform-interpolations">
        <Name_array id="Pelvis_matrix_Pelvis_transform-interpolations-array" count="24">LINEAR LINEAR LINEAR LINEAR LINEAR LINEAR LINEAR LINEAR LINEAR LINEAR LINEAR LINEAR LINEAR LINEAR LINEAR LINEAR LINEAR LINEAR LINEAR LINEAR LINEAR LINEAR LINEAR LINEAR</Name_array>
        <technique_common>
          <accessor source="#Pelvis_matrix_Pelvis_transform-interpolations-array" count="24" stride="1">
            <param name="INTERPOLATION" type="Name"/>
          </accessor>
        </technique_common>
      </source>
      <sampler id="Pelvis_matrix_Pelvis_transform-sampler">
        <input semantic="INPUT" source="#Pelvis_matrix_Pelvis_transform-input"/>
        <input semantic="OUTPUT" source="#Pelvis_matrix_Pelvis_transform-output"/>
        <input semantic="INTERPOLATION" source="#Pelvis_matrix_Pelvis_transform-interpolations"/>
      </sampler>
      <channel source="#Pelvis_matrix_Pelvis_transform-sampler" target="Pelvis/transform"/>
    </animation>
    <animation id="LeftUpLeg_Helper1_matrix">
      <source id="LeftUpLeg_Helper1_matrix_LeftUpLeg_Helper1_transform-input">
        <float_array id="LeftUpLeg_Helper1_matrix_LeftUpLeg_Helper1_transform-input-array" count="24">0 0.041666 0.083333 0.125 0.166667 0.208333 0.25 0.291667 0.333333 0.375 0.416667 0.458333 0.5 0.541667 0.583333 0.625 0.666667 0.708333 0.75 0.791667 0.833333 0.875 0.916667 0.958333</float_array>
        <technique_common>
          <accessor source="#LeftUpLeg_Helper1_matrix_LeftUpLeg_Helper1_transform-input-array" count="24" stride="1">
            <param name="TIME" type="float"/>
          </accessor>
        </technique_common>
        <technique profile="MAYA">
          <pre_infinity>CONSTANT</pre_infinity>
          <post_infinity>CONSTANT</post_infinity>
        </technique>
      </source>
      <source id="LeftUpLeg_Helper1_matrix_LeftUpLeg_Helper1_transform-output">
        <float_array id="LeftUpLeg_Helper1_matrix_LeftUpLeg_Helper1_transform-output-array" count="384">-0.823682 0.567048 -0.002146 0.087164 -0.350494 -0.506138 0.788022 -0.000001 0.445759 0.649832 0.615644 0 0 0 0 1 -0.858191 0.51333 0.000583 0.087164 -0.304507 -0.509993 0.804477 -0.000001 0.413259 0.690217 0.593985 0 0 0 0 1 -0.902595 0.430467 0.004445 0.087164 -0.265632 -0.565039 0.781134 -0.000001 0.338763 0.703868 0.624348 0 0 0 0 1 -0.938008 0.346505 0.008665 0.087164 -0.2362 -0.657304 0.715655 -0.000001 0.253673 0.669244 0.698401 0 0 0 0 1 -0.964797 0.262648 0.013537 0.087164 -0.207499 -0.791824 0.57442 -0.000001 0.161589 0.55139 0.818449 0 0 0 0 1 -0.978952 0.203097 0.020106 0.087164 -0.173484 -0.879989 0.44218 -0.000001 0.107498 0.429385 0.896702 0 0 0 0 1 -0.989173 0.145236 0.021018 0.087164 -0.128699 -0.927383 0.35128 -0.000001 0.070509 0.344773 0.936035 0 0 0 0 1 -0.994267 0.104678 0.021789 0.087164 -0.073266 -0.815435 0.574194 -0.000001 0.077873 0.569306 0.81843 0 0 0 0 1 -0.996767 0.075437 0.027627 0.087164 -0.018487 -0.550046 0.83493 -0.000001 0.07818 0.83172 0.549663 0 0 0 0 1 -0.997438 0.057483 0.042561 0.087164 0.027012 -0.248237 0.968323 -0.000001 0.066227 0.966993 0.246048 0 0 0 0 1 -0.996221 0.060453 0.062353 0.087164 0.060866 -0.026129 0.997804 -0.000001 0.061949 0.997829 0.022351 0 0 0 0 1 -0.99183 0.106685 0.069933 0.087164 0.081725 0.110493 0.990511 -0.000001 0.097944 0.988135 -0.118309 0 0 0 0 1 -0.983028 0.169763 0.069535 0.087164 0.09528 0.148567 0.984302 -0.000001 0.156767 0.974222 -0.162221 0 0 0 0 1 -0.967747 0.244373 0.061213 0.087164 0.097659 0.139926 0.985335 -0.000001 0.232224 0.959533 -0.159278 0 0 0 0 1 -0.956324 0.289174 0.04268 0.087164 0.07191 0.09122 0.993231 -0.000001 0.283323 0.952921 -0.108031 0 0 0 0 1 -0.951631 0.306054 0.027001 0.087164 0.005481 -0.070956 0.997465 -0.000001 0.307193 0.949367 0.065846 0 0 0 0 1 -0.945291 0.326225 0.001374 0.087164 -0.113225 -0.332034 0.936448 -0.000001 0.305948 0.88506 0.350806 0 0 0 0 1 -0.930055 0.367399 -0.003855 0.087164 -0.22537 -0.562167 0.795724 -0.000001 0.29018 0.740937 0.605648 0 0 0 0 1 -0.903115 0.429396 0.00126 0.087164 -0.338322 -0.713368 0.613714 -0.000001 0.264424 0.553828 0.789528 0 0 0 0 1 -0.865012 0.501533 0.014799 0.087164 -0.438699 -0.770298 0.462801 -0.000001 0.24351 0.393836 0.886339 0 0 0 0 1 -0.828884 0.559383 0.006453 0.087164 -0.439352 -0.658079 0.611476 -0.000001 0.346295 0.504008 0.791237 0 0 0 0 1 -0.81444 0.580224 -0.005226 0.087164 -0.404265 -0.560945 0.722434 -0.000001 0.416241 0.590493 0.69142 0 0 0 0 1 -0.821171 0.570641 -0.006944 0.087164 -0.361108 -0.510146 0.780611 -0.000001 0.441904 0.643523 0.62498 0 0 0 0 1 -0.824208 0.566283 -0.002174 0.087164 -0.349471 -0.505615 0.788812 -0.000001 0.44559 0.650905 0.614632 0 0 0 0 1</float_array>
        <technique_common>
          <accessor source="#LeftUpLeg_Helper1_matrix_LeftUpLeg_Helper1_transform-output-array" count="24" stride="16">
            <param name="TRANSFORM" type="float4x4"/>
          </accessor>
        </technique_common>
      </source>
      <source id="LeftUpLeg_Helper1_matrix_LeftUpLeg_Helper1_transform-interpolations">
        <Name_array id="LeftUpLeg_Helper1_matrix_LeftUpLeg_Helper1_transform-interpolations-array" count="24">LINEAR LINEAR LINEAR LINEAR LINEAR LINEAR LINEAR LINEAR LINEAR LINEAR LINEAR LINEAR LINEAR LINEAR LINEAR LINEAR LINEAR LINEAR LINEAR LINEAR LINEAR LINEAR LINEAR LINEAR</Name_array>
        <technique_common>
          <accessor source="#LeftUpLeg_Helper1_matrix_LeftUpLeg_Helper1_transform-interpolations-array" count="24" stride="1">
            <param name="INTERPOLATION" type="Name"/>
          </accessor>
        </technique_common>
      </source>
      <sampler id="LeftUpLeg_Helper1_matrix_LeftUpLeg_Helper1_transform-sampler">
        <input semantic="INPUT" source="#LeftUpLeg_Helper1_matrix_LeftUpLeg_Helper1_transform-input"/>
        <input semantic="OUTPUT" source="#LeftUpLeg_Helper1_matrix_LeftUpLeg_Helper1_transform-output"/>
        <input semantic="INTERPOLATION" source="#LeftUpLeg_Helper1_matrix_LeftUpLeg_Helper1_transform-interpolations"/>
      </sampler>
      <channel source="#LeftUpLeg_Helper1_matrix_LeftUpLeg_Helper1_transform-sampler" target="LeftUpLeg_Helper1/transform"/>
    </animation>
    <animation id="RightUpLeg_Helper1_matrix">
      <source id="RightUpLeg_Helper1_matrix_RightUpLeg_Helper1_transform-input">
        <float_array id="RightUpLeg_Helper1_matrix_RightUpLeg_Helper1_transform-input-array" count="24">0 0.041666 0.083333 0.125 0.166667 0.208333 0.25 0.291667 0.333333 0.375 0.416667 0.458333 0.5 0.541667 0.583333 0.625 0.666667 0.708333 0.75 0.791667 0.833333 0.875 0.916667 0.958333</float_array>
        <technique_common>
          <accessor source="#RightUpLeg_Helper1_matrix_RightUpLeg_Helper1_transform-input-array" count="24" stride="1">
            <param name="TIME" type="float"/>
          </accessor>
        </technique_common>
        <technique profile="MAYA">
          <pre_infinity>CONSTANT</pre_infinity>
          <post_infinity>CONSTANT</post_infinity>
        </technique>
      </source>
      <source id="RightUpLeg_Helper1_matrix_RightUpLeg_Helper1_transform-output">
        <float_array id="RightUpLeg_Helper1_matrix_RightUpLeg_Helper1_transform-output-array" count="384">-0.994584 0.072059 0.074903 -0.087164 -0.083322 -0.121961 -0.989031 0 -0.062134 -0.989916 0.127305 0 0 0 0 1 -0.983407 0.170311 0.062493 -0.087164 -0.089456 -0.155547 -0.983769 0 -0.157827 -0.973036 0.168202 0 0 0 0 1 -0.969842 0.240514 0.039486 -0.087164 -0.07689 -0.148176 -0.985967 0 -0.231289 -0.959269 0.162201 0 0 0 0 1 -0.941825 0.335581 0.01874 -0.087164 -0.032867 -0.036464 -0.998794 0 -0.334493 -0.941306 0.045373 0 0 0 0 1 -0.861874 0.507037 0.009303 -0.087164 0.099122 0.186427 -0.977455 0 -0.497341 -0.841522 -0.210935 0 0 0 0 1 -0.779632 0.626098 0.013218 -0.087164 0.307524 0.401155 -0.862846 0 -0.54553 -0.668638 -0.505293 0 0 0 0 1 -0.789017 0.614112 0.017857 -0.087164 0.480498 0.63494 -0.604958 0 -0.382851 -0.468741 -0.796057 0 0 0 0 1 -0.830558 0.556619 0.018666 -0.087164 0.527722 0.797268 -0.293043 0 -0.177996 -0.233538 -0.955917 0 0 0 0 1 -0.813408 0.581607 0.010072 -0.087164 0.516642 0.730292 -0.44694 0 -0.2673 -0.35834 -0.894507 0 0 0 0 1 -0.806629 0.591046 0.003828 -0.087164 0.469443 0.64458 -0.60344 0 -0.35913 -0.484955 -0.797399 0 0 0 0 1 -0.819391 0.573235 0.00011 -0.087164 0.409892 0.586041 -0.69896 0 -0.400734 -0.572676 -0.715161 0 0 0 0 1 -0.837808 0.545963 -0.00133 -0.087164 0.355437 0.543585 -0.760381 0 -0.414418 -0.637527 -0.649475 0 0 0 0 1 -0.857347 0.514739 0.000089 -0.087164 0.318754 0.531052 -0.785098 0 -0.404169 -0.673074 -0.619371 0 0 0 0 1 -0.878785 0.477218 0.000835 -0.087164 0.300902 0.555461 -0.775191 0 -0.3704 -0.680975 -0.631725 0 0 0 0 1 -0.899311 0.437303 0.002539 -0.087164 0.299526 0.620184 -0.725022 0 -0.31863 -0.651259 -0.688721 0 0 0 0 1 -0.921835 0.38758 0.001359 -0.087164 0.31073 0.741141 -0.595112 0 -0.231662 -0.548172 -0.803641 0 0 0 0 1 -0.932171 0.361893 0.009533 -0.087164 0.312137 0.816791 -0.485204 0 -0.18338 -0.449317 -0.874349 0 0 0 0 1 -0.944557 0.328061 0.013683 -0.087164 0.298021 0.874068 -0.383652 0 -0.137823 -0.358303 -0.923376 0 0 0 0 1 -0.968219 0.249935 0.009161 -0.087164 0.202661 0.805498 -0.556868 0 -0.146561 -0.537313 -0.83055 0 0 0 0 1 -0.987977 0.15386 0.015099 -0.087164 0.076717 0.57272 -0.816153 0 -0.134222 -0.805183 -0.577637 0 0 0 0 1 -0.996084 0.079505 0.038668 -0.087164 -0.015047 0.278549 -0.960304 0 -0.087121 -0.957126 -0.276261 0 0 0 0 1 -0.99727 0.045188 0.058407 -0.087164 -0.056407 0.044363 -0.997422 0 -0.047664 -0.997993 -0.041692 0 0 0 0 1 -0.995435 0.063023 0.071676 -0.087164 -0.078323 -0.110234 -0.990814 0 -0.054543 -0.991906 0.114668 0 0 0 0 1 -0.994521 0.072979 0.074847 -0.087164 -0.083527 -0.124209 -0.988734 0 -0.062861 -0.989569 0.129624 0 0 0 0 1</float_array>
        <technique_common>
          <accessor source="#RightUpLeg_Helper1_matrix_RightUpLeg_Helper1_transform-output-array" count="24" stride="16">
            <param name="TRANSFORM" type="float4x4"/>
          </accessor>
        </technique_common>
      </source>
      <source id="RightUpLeg_Helper1_matrix_RightUpLeg_Helper1_transform-interpolations">
        <Name_array id="RightUpLeg_Helper1_matrix_RightUpLeg_Helper1_transform-interpolations-array" count="24">LINEAR LINEAR LINEAR LINEAR LINEAR LINEAR LINEAR LINEAR LINEAR LINEAR LINEAR LINEAR LINEAR LINEAR LINEAR LINEAR LINEAR LINEAR LINEAR LINEAR LINEAR LINEAR LINEAR LINEAR</Name_array>
        <technique_common>
          <accessor source="#RightUpLeg_Helper1_matrix_RightUpLeg_Helper1_transform-interpolations-array" count="24" stride="1">
            <param name="INTERPOLATION" type="Name"/>
          </accessor>
        </technique_common>
      </source>
      <sampler id="RightUpLeg_Helper1_matrix_RightUpLeg_Helper1_transform-sampler">
        <input semantic="INPUT" source="#RightUpLeg_Helper1_matrix_RightUpLeg_Helper1_transform-input"/>
        <input semantic="OUTPUT" source="#RightUpLeg_Helper1_matrix_RightUpLeg_Helper1_transform-output"/>
        <input semantic="INTERPOLATION" source="#RightUpLeg_Helper1_matrix_RightUpLeg_Helper1_transform-interpolations"/>
      </sampler>
      <channel source="#RightUpLeg_Helper1_matrix_RightUpLeg_Helper1_transform-sampler" target="RightUpLeg_Helper1/transform"/>
    </animation>
    <animation id="LeftUpLeg_Helper2_matrix">
      <source id="LeftUpLeg_Helper2_matrix_LeftUpLeg_Helper2_transform-input">
        <float_array id="LeftUpLeg_Helper2_matrix_LeftUpLeg_Helper2_transform-input-array" count="24">0 0.041666 0.083333 0.125 0.166667 0.208333 0.25 0.291667 0.333333 0.375 0.416667 0.458333 0.5 0.541667 0.583333 0.625 0.666667 0.708333 0.75 0.791667 0.833333 0.875 0.916667 0.958333</float_array>
        <technique_common>
          <accessor source="#LeftUpLeg_Helper2_matrix_LeftUpLeg_Helper2_transform-input-array" count="24" stride="1">
            <param name="TIME" type="float"/>
          </accessor>
        </technique_common>
        <technique profile="MAYA">
          <pre_infinity>CONSTANT</pre_infinity>
          <post_infinity>CONSTANT</post_infinity>
        </technique>
      </source>
      <source id="LeftUpLeg_Helper2_matrix_LeftUpLeg_Helper2_transform-output">
        <float_array id="LeftUpLeg_Helper2_matrix_LeftUpLeg_Helper2_transform-output-array" count="384">-0.823615 0.567048 -0.010732 0.087164 -0.358689 -0.506138 0.784326 -0.000001 0.439318 0.649832 0.620257 0 0 0 0 1 -0.861652 0.507499 0.000948 0.087164 -0.302242 -0.514658 0.802357 -0.000001 0.407683 0.691066 0.596844 0 0 0 0 1 -0.900396 0.434644 0.019311 0.087164 -0.255416 -0.564004 0.785279 -0.000001 0.352207 0.702129 0.618842 0 0 0 0 1 -0.937239 0.346211 0.041477 0.087164 -0.210905 -0.657595 0.723249 -0.000001 0.277672 0.669109 0.689342 0 0 0 0 1 -0.962519 0.262648 0.067633 0.087164 -0.174952 -0.791824 0.585155 -0.000001 0.207243 0.55139 0.808097 0 0 0 0 1 -0.975667 0.202214 0.084753 0.087164 -0.143121 -0.880205 0.4525 -0.000001 0.166102 0.42936 0.887728 0 0 0 0 1 -0.985378 0.143399 0.092015 0.087164 -0.101453 -0.927694 0.359293 -0.000001 0.136884 0.344704 0.928678 0 0 0 0 1 -0.989563 0.110795 0.092137 0.087164 -0.037322 -0.814645 0.578758 -0.000001 0.139183 0.569279 0.810278 0 0 0 0 1 -0.987596 0.075438 0.13771 0.087164 0.073977 -0.550047 0.831852 -0.000001 0.1385 0.83172 0.537643 0 0 0 0 1 -0.971936 0.057683 0.228062 0.087164 0.207205 -0.2491 0.946053 -0.000001 0.111382 0.966759 0.230157 0 0 0 0 1 -0.947073 0.060498 0.315268 0.087164 0.314159 -0.027275 0.948979 -0.000001 0.06601 0.997796 0.006825 0 0 0 0 1 -0.933067 0.104573 0.344168 0.087164 0.354241 0.101033 0.929681 -0.000001 0.062447 0.989372 -0.131314 0 0 0 0 1 -0.924689 0.169764 0.340779 0.087164 0.36586 0.148567 0.918736 -0.000001 0.105339 0.974222 -0.199488 0 0 0 0 1 -0.920455 0.242037 0.30689 0.087164 0.345818 0.138431 0.928035 -0.000001 0.182135 0.960342 -0.21112 0 0 0 0 1 -0.921841 0.299875 0.24553 0.087164 0.282266 0.085347 0.955533 -0.000001 0.265584 0.950154 -0.163321 0 0 0 0 1 -0.94434 0.305936 0.120938 0.087164 0.104281 -0.070282 0.992062 -0.000001 0.312007 0.949455 0.034466 0 0 0 0 1 -0.945267 0.326224 0.006872 0.087164 -0.107776 -0.332034 0.937091 -0.000001 0.307983 0.88506 0.34902 0 0 0 0 1 -0.929222 0.368924 -0.021023 0.087164 -0.240953 -0.561797 0.791408 -0.000001 0.280158 0.740459 0.610928 0 0 0 0 1 -0.902279 0.43104 0.00987 0.087164 -0.333761 -0.712777 0.61689 -0.000001 0.27294 0.553313 0.786988 0 0 0 0 1 -0.863257 0.500833 0.062877 0.087164 -0.41173 -0.770725 0.486274 -0.000001 0.292003 0.393891 0.871542 0 0 0 0 1 -0.828282 0.559383 0.032255 0.087164 -0.420102 -0.658079 0.624858 -0.000001 0.370761 0.504008 0.780073 0 0 0 0 1 -0.814363 0.580354 -0.001799 0.087164 -0.401559 -0.561231 0.72372 -0.000001 0.419003 0.590093 0.690092 0 0 0 0 1 -0.821077 0.570655 -0.013647 0.087164 -0.367665 -0.510418 0.777365 -0.000001 0.43664 0.643294 0.628902 0 0 0 0 1 -0.824139 0.566284 -0.01085 0.087164 -0.357754 -0.505615 0.78509 -0.000001 0.439097 0.650905 0.619288 0 0 0 0 1</float_array>
        <technique_common>
          <accessor source="#LeftUpLeg_Helper2_matrix_LeftUpLeg_Helper2_transform-output-array" count="24" stride="16">
            <param name="TRANSFORM" type="float4x4"/>
          </accessor>
        </technique_common>
      </source>
      <source id="LeftUpLeg_Helper2_matrix_LeftUpLeg_Helper2_transform-interpolations">
        <Name_array id="LeftUpLeg_Helper2_matrix_LeftUpLeg_Helper2_transform-interpolations-array" count="24">LINEAR LINEAR LINEAR LINEAR LINEAR LINEAR LINEAR LINEAR LINEAR LINEAR LINEAR LINEAR LINEAR LINEAR LINEAR LINEAR LINEAR LINEAR LINEAR LINEAR LINEAR LINEAR LINEAR LINEAR</Name_array>
        <technique_common>
          <accessor source="#LeftUpLeg_Helper2_matrix_LeftUpLeg_Helper2_transform-interpolations-array" count="24" stride="1">
            <param name="INTERPOLATION" type="Name"/>
          </accessor>
        </technique_common>
      </source>
      <sampler id="LeftUpLeg_Helper2_matrix_LeftUpLeg_Helper2_transform-sampler">
        <input semantic="INPUT" source="#LeftUpLeg_Helper2_matrix_LeftUpLeg_Helper2_transform-input"/>
        <input semantic="OUTPUT" source="#LeftUpLeg_Helper2_matrix_LeftUpLeg_Helper2_transform-output"/>
        <input semantic="INTERPOLATION" source="#LeftUpLeg_Helper2_matrix_LeftUpLeg_Helper2_transform-interpolations"/>
      </sampler>
      <channel source="#LeftUpLeg_Helper2_matrix_LeftUpLeg_Helper2_transform-sampler" target="LeftUpLeg_Helper2/transform"/>
    </animation>
    <animation id="RightUpLeg_Helper2_matrix">
      <source id="RightUpLeg_Helper2_matrix_RightUpLeg_Helper2_transform-input">
        <float_array id="RightUpLeg_Helper2_matrix_RightUpLeg_Helper2_transform-input-array" count="24">0 0.041666 0.083333 0.125 0.166667 0.208333 0.25 0.291667 0.333333 0.375 0.416667 0.458333 0.5 0.541667 0.583333 0.625 0.666667 0.708333 0.75 0.791667 0.833333 0.875 0.916667 0.958333</float_array>
        <technique_common>
          <accessor source="#RightUpLeg_Helper2_matrix_RightUpLeg_Helper2_transform-input-array" count="24" stride="1">
            <param name="TIME" type="float"/>
          </accessor>
        </technique_common>
        <technique profile="MAYA">
          <pre_infinity>CONSTANT</pre_infinity>
          <post_infinity>CONSTANT</post_infinity>
        </technique>
      </source>
      <source id="RightUpLeg_Helper2_matrix_RightUpLeg_Helper2_transform-output">
        <float_array id="RightUpLeg_Helper2_matrix_RightUpLeg_Helper2_transform-output-array" count="384">-0.927778 0.072059 0.366108 -0.087164 -0.372504 -0.121961 -0.919982 0 -0.021642 -0.989916 0.139995 0 0 0 0 1 -0.933778 0.169839 0.31498 -0.087164 -0.340714 -0.152832 -0.927662 0 -0.109414 -0.973549 0.200578 0 0 0 0 1 -0.950158 0.241714 0.196911 -0.087164 -0.238999 -0.159146 -0.95789 0 -0.200197 -0.957208 0.208983 0 0 0 0 1 -0.938169 0.334923 0.087556 -0.087164 -0.104287 -0.032262 -0.994024 0 -0.330096 -0.941694 0.065195 0 0 0 0 1 -0.860669 0.507038 0.046499 -0.087164 0.056837 0.186427 -0.980824 0 -0.505983 -0.841522 -0.189271 0 0 0 0 1 -0.776938 0.626644 0.060699 -0.087164 0.254764 0.401098 -0.879895 0 -0.575727 -0.66816 -0.471275 0 0 0 0 1 -0.783988 0.615185 0.083129 -0.087164 0.428715 0.633404 -0.644207 0 -0.448961 -0.469412 -0.76032 0 0 0 0 1 -0.825919 0.556417 0.090879 -0.087164 0.499945 0.797322 -0.338133 0 -0.260602 -0.233835 -0.936701 0 0 0 0 1 -0.811911 0.581607 0.050335 -0.087164 0.493879 0.730292 -0.471973 0 -0.311262 -0.35834 -0.880175 0 0 0 0 1 -0.808918 0.58764 0.018217 -0.087164 0.455972 0.646629 -0.611524 0 -0.371135 -0.486366 -0.791017 0 0 0 0 1 -0.819236 0.573387 0.008894 -0.087164 0.402511 0.586003 -0.703268 0 -0.408456 -0.572563 -0.71087 0 0 0 0 1 -0.83778 0.546004 0.002125 -0.087164 0.352353 0.543612 -0.761796 0 -0.417099 -0.637469 -0.647814 0 0 0 0 1 -0.857346 0.51474 0.000449 -0.087164 0.318425 0.531052 -0.785232 0 -0.404429 -0.673073 -0.619202 0 0 0 0 1 -0.878761 0.47725 0.003297 -0.087164 0.298758 0.555467 -0.776016 0 -0.372185 -0.680948 -0.630705 0 0 0 0 1 -0.901267 0.43316 0.009509 -0.087164 0.291137 0.621726 -0.727115 0 -0.320869 -0.652556 -0.68645 0 0 0 0 1 -0.92048 0.389534 0.031288 -0.087164 0.292802 0.740491 -0.604931 0 -0.25881 -0.547665 -0.795664 0 0 0 0 1 -0.931001 0.361893 0.047653 -0.087164 0.29203 0.816791 -0.497565 0 -0.218988 -0.449317 -0.866117 0 0 0 0 1 -0.942612 0.327904 0.062931 -0.087164 0.277467 0.874129 -0.398638 0 -0.185725 -0.3583 -0.914947 0 0 0 0 1 -0.966346 0.251082 0.055972 -0.087164 0.176422 0.80521 -0.566139 0 -0.187217 -0.537211 -0.822408 0 0 0 0 1 -0.984013 0.154271 0.08898 -0.087164 0.015594 0.57235 -0.819862 0 -0.177409 -0.805367 -0.565606 0 0 0 0 1 -0.978132 0.079505 0.192186 -0.087164 -0.163317 0.278549 -0.946435 0 -0.12878 -0.957126 -0.259474 0 0 0 0 1 -0.951639 0.047889 0.303462 -0.087164 -0.301374 0.046217 -0.952386 0 -0.059634 -0.997783 -0.02955 0 0 0 0 1 -0.933703 0.066542 0.351809 -0.087164 -0.357295 -0.109491 -0.927552 0 -0.023201 -0.991758 0.126008 0 0 0 0 1 -0.927825 0.072982 0.365805 -0.087164 -0.372384 -0.124207 -0.91973 0 -0.021688 -0.989569 0.14242 0 0 0 0 1</float_array>
        <technique_common>
          <accessor source="#RightUpLeg_Helper2_matrix_RightUpLeg_Helper2_transform-output-array" count="24" stride="16">
            <param name="TRANSFORM" type="float4x4"/>
          </accessor>
        </technique_common>
      </source>
      <source id="RightUpLeg_Helper2_matrix_RightUpLeg_Helper2_transform-interpolations">
        <Name_array id="RightUpLeg_Helper2_matrix_RightUpLeg_Helper2_transform-interpolations-array" count="24">LINEAR LINEAR LINEAR LINEAR LINEAR LINEAR LINEAR LINEAR LINEAR LINEAR LINEAR LINEAR LINEAR LINEAR LINEAR LINEAR LINEAR LINEAR LINEAR LINEAR LINEAR LINEAR LINEAR LINEAR</Name_array>
        <technique_common>
          <accessor source="#RightUpLeg_Helper2_matrix_RightUpLeg_Helper2_transform-interpolations-array" count="24" stride="1">
            <param name="INTERPOLATION" type="Name"/>
          </accessor>
        </technique_common>
      </source>
      <sampler id="RightUpLeg_Helper2_matrix_RightUpLeg_Helper2_transform-sampler">
        <input semantic="INPUT" source="#RightUpLeg_Helper2_matrix_RightUpLeg_Helper2_transform-input"/>
        <input semantic="OUTPUT" source="#RightUpLeg_Helper2_matrix_RightUpLeg_Helper2_transform-output"/>
        <input semantic="INTERPOLATION" source="#RightUpLeg_Helper2_matrix_RightUpLeg_Helper2_transform-interpolations"/>
      </sampler>
      <channel source="#RightUpLeg_Helper2_matrix_RightUpLeg_Helper2_transform-sampler" target="RightUpLeg_Helper2/transform"/>
    </animation>
    <animation id="LeftUpLeg_matrix">
      <source id="LeftUpLeg_matrix_LeftUpLeg_transform-input">
        <float_array id="LeftUpLeg_matrix_LeftUpLeg_transform-input-array" count="24">0 0.041666 0.083333 0.125 0.166667 0.208333 0.25 0.291667 0.333333 0.375 0.416667 0.458333 0.5 0.541667 0.583333 0.625 0.666667 0.708333 0.75 0.791667 0.833333 0.875 0.916667 0.958333</float_array>
        <technique_common>
          <accessor source="#LeftUpLeg_matrix_LeftUpLeg_transform-input-array" count="24" stride="1">
            <param name="TIME" type="float"/>
          </accessor>
        </technique_common>
        <technique profile="MAYA">
          <pre_infinity>CONSTANT</pre_infinity>
          <post_infinity>CONSTANT</post_infinity>
        </technique>
      </source>
      <source id="LeftUpLeg_matrix_LeftUpLeg_transform-output">
        <float_array id="LeftUpLeg_matrix_LeftUpLeg_transform-output-array" count="384">-0.823405 0.567048 -0.021462 0.087164 -0.368878 -0.506138 0.779585 -0.000001 0.431199 0.649832 0.625928 0 0 0 0 1 -0.861042 0.508497 -0.006004 0.087164 -0.308962 -0.513716 0.800399 -0.000001 0.403916 0.691034 0.599437 0 0 0 0 1 -0.902554 0.429537 0.029892 0.087164 -0.243189 -0.565824 0.787846 -0.000001 0.355323 0.703805 0.615145 0 0 0 0 1 -0.936178 0.341791 0.082155 0.087164 -0.176587 -0.659341 0.730812 -0.000001 0.303953 0.669663 0.677616 0 0 0 0 1 -0.955411 0.262647 0.134933 0.087164 -0.133506 -0.791824 0.595978 -0.000001 0.263375 0.55139 0.791582 0 0 0 0 1 -0.965573 0.20109 0.165022 0.087164 -0.104307 -0.880438 0.462546 -0.000001 0.238304 0.42941 0.871101 0 0 0 0 1 -0.973484 0.141046 0.180094 0.087164 -0.066678 -0.92806 0.366413 -0.000001 0.218819 0.344689 0.912857 0 0 0 0 1 -0.976574 0.111815 0.183848 0.087164 0.015903 -0.814546 0.579881 -0.000001 0.214592 0.569221 0.793686 0 0 0 0 1 -0.959114 0.075437 0.272782 0.087164 0.188151 -0.550046 0.813663 -0.000001 0.211423 0.83172 0.513363 0 0 0 0 1 -0.893705 0.062012 0.444347 0.087164 0.416738 -0.252127 0.873362 -0.000001 0.166192 0.965705 0.199485 0 0 0 0 1 -0.800426 0.053167 0.597069 0.087164 0.59676 -0.023256 0.802082 -0.000001 0.05653 0.998315 -0.013113 0 0 0 0 1 -0.75711 0.102381 0.645215 0.087164 0.653186 0.101251 0.750397 -0.000001 0.011497 0.989579 -0.143531 0 0 0 0 1 -0.749803 0.169763 0.639512 0.087164 0.660987 0.148567 0.735543 -0.000001 0.029857 0.974222 -0.223607 0 0 0 0 1 -0.77226 0.241351 0.587677 0.087164 0.626458 0.13544 0.767597 -0.000001 0.105665 0.96094 -0.255791 0 0 0 0 1 -0.834757 0.296042 0.464263 0.087164 0.507621 0.087116 0.857165 -0.000001 0.213312 0.951194 -0.222998 0 0 0 0 1 -0.92029 0.309275 0.239615 0.087164 0.228667 -0.071753 0.970856 -0.000001 0.317455 0.948262 -0.004686 0 0 0 0 1 -0.945192 0.326224 0.013744 0.087164 -0.100961 -0.332034 0.937848 -0.000001 0.310512 0.88506 0.346772 0 0 0 0 1 -0.927724 0.370844 -0.04245 0.087164 -0.260322 -0.561308 0.785599 -0.000001 0.267506 0.739871 0.617278 0 0 0 0 1 -0.899125 0.437369 0.016788 0.087164 -0.33346 -0.70935 0.620988 -0.000001 0.283509 0.552749 0.78364 0 0 0 0 1 -0.858199 0.498142 0.123893 0.087164 -0.374238 -0.772376 0.513207 -0.000001 0.351341 0.394069 0.849275 0 0 0 0 1 -0.826399 0.559383 0.064462 0.087164 -0.395468 -0.658079 0.640731 -0.000001 0.400835 0.504008 0.765054 0 0 0 0 1 -0.814254 0.580503 0.002514 0.087164 -0.39816 -0.561629 0.725287 -0.000001 0.422443 0.589568 0.688441 0 0 0 0 1 -0.82088 0.570675 -0.022029 0.087164 -0.375822 -0.510748 0.773236 -0.000001 0.430014 0.643014 0.633735 0 0 0 0 1 -0.823924 0.566285 -0.021692 0.087164 -0.368053 -0.505614 0.780314 -0.000001 0.430912 0.650905 0.625011 0 0 0 0 1</float_array>
        <technique_common>
          <accessor source="#LeftUpLeg_matrix_LeftUpLeg_transform-output-array" count="24" stride="16">
            <param name="TRANSFORM" type="float4x4"/>
          </accessor>
        </technique_common>
      </source>
      <source id="LeftUpLeg_matrix_LeftUpLeg_transform-interpolations">
        <Name_array id="LeftUpLeg_matrix_LeftUpLeg_transform-interpolations-array" count="24">LINEAR LINEAR LINEAR LINEAR LINEAR LINEAR LINEAR LINEAR LINEAR LINEAR LINEAR LINEAR LINEAR LINEAR LINEAR LINEAR LINEAR LINEAR LINEAR LINEAR LINEAR LINEAR LINEAR LINEAR</Name_array>
        <technique_common>
          <accessor source="#LeftUpLeg_matrix_LeftUpLeg_transform-interpolations-array" count="24" stride="1">
            <param name="INTERPOLATION" type="Name"/>
          </accessor>
        </technique_common>
      </source>
      <sampler id="LeftUpLeg_matrix_LeftUpLeg_transform-sampler">
        <input semantic="INPUT" source="#LeftUpLeg_matrix_LeftUpLeg_transform-input"/>
        <input semantic="OUTPUT" source="#LeftUpLeg_matrix_LeftUpLeg_transform-output"/>
        <input semantic="INTERPOLATION" source="#LeftUpLeg_matrix_LeftUpLeg_transform-interpolations"/>
      </sampler>
      <channel source="#LeftUpLeg_matrix_LeftUpLeg_transform-sampler" target="LeftUpLeg/transform"/>
    </animation>
    <animation id="LeftLeg_matrix">
      <source id="LeftLeg_matrix_LeftLeg_transform-input">
        <float_array id="LeftLeg_matrix_LeftLeg_transform-input-array" count="24">0 0.041666 0.083333 0.125 0.166667 0.208333 0.25 0.291667 0.333333 0.375 0.416667 0.458333 0.5 0.541667 0.583333 0.625 0.666667 0.708333 0.75 0.791667 0.833333 0.875 0.916667 0.958333</float_array>
        <technique_common>
          <accessor source="#LeftLeg_matrix_LeftLeg_transform-input-array" count="24" stride="1">
            <param name="TIME" type="float"/>
          </accessor>
        </technique_common>
        <technique profile="MAYA">
          <pre_infinity>CONSTANT</pre_infinity>
          <post_infinity>CONSTANT</post_infinity>
        </technique>
      </source>
      <source id="LeftLeg_matrix_LeftLeg_transform-output">
        <float_array id="LeftLeg_matrix_LeftLeg_transform-output-array" count="384">1 0 0 0 0 0.417648 0.908609 0.513626 0 -0.908609 0.417648 0.00777 0 0 0 1 1 0 0 0 0 0.33817 0.941085 0.513626 0 -0.941085 0.33817 0.00777 0 0 0 1 1 0 0 0 0 0.307205 0.951643 0.513626 0 -0.951643 0.307205 0.00777 0 0 0 1 1 0 0 0 0 0.367235 0.930128 0.513626 0 -0.930128 0.367235 0.00777 0 0 0 1 1 0 0 0 0 0.564979 0.825105 0.513626 0 -0.825105 0.564979 0.00777 0 0 0 1 1 0 0 0 0 0.753522 0.657422 0.513626 0 -0.657422 0.753522 0.00777 0 0 0 1 1 0 0 0 0 0.87019 0.492716 0.513626 0 -0.492716 0.87019 0.00777 0 0 0 1 1 0 0 0 0 0.586046 0.810278 0.513626 0 -0.810278 0.586046 0.00777 0 0 0 1 1 0 0 0 0 0.092579 0.995705 0.513626 0 -0.995705 0.092579 0.00777 0 0 0 1 1 0 0 0 0 -0.222435 0.974948 0.513626 0 -0.974948 -0.222435 0.00777 0 0 0 1 1 0 0 0 0 -0.304191 0.952611 0.513626 0 -0.952611 -0.304191 0.00777 0 0 0 1 1 0 0 0 0 -0.35379 0.935325 0.513626 0 -0.935325 -0.35379 0.00777 0 0 0 1 1 0 0 0 0 -0.391169 0.920319 0.513626 0 -0.920319 -0.391169 0.00777 0 0 0 1 1 0 0 0 0 -0.433004 0.901392 0.513626 0 -0.901392 -0.433004 0.00777 0 0 0 1 1 0 0 0 0 -0.477039 0.878882 0.513626 0 -0.878882 -0.477039 0.00777 0 0 0 1 1 0 0 0 0 -0.477945 0.87839 0.513626 0 -0.87839 -0.477945 0.00777 0 0 0 1 1 0 0 0 0 -0.353406 0.93547 0.513626 0 -0.93547 -0.353406 0.00777 0 0 0 1 1 0 0 0 0 -0.03041 0.999538 0.513626 0 -0.999538 -0.03041 0.00777 0 0 0 1 1 0 0 0 0 0.501118 0.865379 0.513626 0 -0.865379 0.501118 0.00777 0 0 0 1 1 0 0 0 0 0.855067 0.518518 0.513626 0 -0.518518 0.855067 0.00777 0 0 0 1 1 0 0 0 0 0.719017 0.694993 0.513626 0 -0.694993 0.719017 0.00777 0 0 0 1 1 0 0 0 0 0.544793 0.838571 0.513626 0 -0.838571 0.544793 0.00777 0 0 0 1 1 0 0 0 0 0.431247 0.902234 0.513626 0 -0.902234 0.431247 0.00777 0 0 0 1 1 0 0 0 0 0.415466 0.909609 0.513626 0 -0.909609 0.415466 0.00777 0 0 0 1</float_array>
        <technique_common>
          <accessor source="#LeftLeg_matrix_LeftLeg_transform-output-array" count="24" stride="16">
            <param name="TRANSFORM" type="float4x4"/>
          </accessor>
        </technique_common>
      </source>
      <source id="LeftLeg_matrix_LeftLeg_transform-interpolations">
        <Name_array id="LeftLeg_matrix_LeftLeg_transform-interpolations-array" count="24">LINEAR LINEAR LINEAR LINEAR LINEAR LINEAR LINEAR LINEAR LINEAR LINEAR LINEAR LINEAR LINEAR LINEAR LINEAR LINEAR LINEAR LINEAR LINEAR LINEAR LINEAR LINEAR LINEAR LINEAR</Name_array>
        <technique_common>
          <accessor source="#LeftLeg_matrix_LeftLeg_transform-interpolations-array" count="24" stride="1">
            <param name="INTERPOLATION" type="Name"/>
          </accessor>
        </technique_common>
      </source>
      <sampler id="LeftLeg_matrix_LeftLeg_transform-sampler">
        <input semantic="INPUT" source="#LeftLeg_matrix_LeftLeg_transform-input"/>
        <input semantic="OUTPUT" source="#LeftLeg_matrix_LeftLeg_transform-output"/>
        <input semantic="INTERPOLATION" source="#LeftLeg_matrix_LeftLeg_transform-interpolations"/>
      </sampler>
      <channel source="#LeftLeg_matrix_LeftLeg_transform-sampler" target="LeftLeg/transform"/>
    </animation>
    <animation id="LeftFoot_matrix">
      <source id="LeftFoot_matrix_LeftFoot_transform-input">
        <float_array id="LeftFoot_matrix_LeftFoot_transform-input-array" count="24">0 0.041666 0.083333 0.125 0.166667 0.208333 0.25 0.291667 0.333333 0.375 0.416667 0.458333 0.5 0.541667 0.583333 0.625 0.666667 0.708333 0.75 0.791667 0.833333 0.875 0.916667 0.958333</float_array>
        <technique_common>
          <accessor source="#LeftFoot_matrix_LeftFoot_transform-input-array" count="24" stride="1">
            <param name="TIME" type="float"/>
          </accessor>
        </technique_common>
        <technique profile="MAYA">
          <pre_infinity>CONSTANT</pre_infinity>
          <post_infinity>CONSTANT</post_infinity>
        </technique>
      </source>
      <source id="LeftFoot_matrix_LeftFoot_transform-output">
        <float_array id="LeftFoot_matrix_LeftFoot_transform-output-array" count="384">0.960517 0.08233 -0.26576 0 -0.274043 0.115048 -0.954811 0.396099 -0.048034 0.989942 0.133068 0 0 0 0 1 0.970685 0.050661 -0.234953 0 -0.238156 0.070865 -0.968638 0.396099 -0.032422 0.996198 0.080853 0 0 0 0 1 0.977468 0.022636 -0.209863 0 -0.21071 0.04574 -0.976478 0.396099 -0.012504 0.998697 0.049479 0 0 0 0 1 0.97916 0.00978 -0.202853 0 -0.203028 0.071709 -0.976543 0.396099 0.004995 0.997377 0.072201 0 0 0 0 1 0.977244 0.014746 -0.211603 0 -0.210852 0.176317 -0.961485 0.396099 0.023131 0.984223 0.175414 0 0 0 0 1 0.973185 0.088019 -0.212515 0 -0.227007 0.516606 -0.825581 0.396099 0.037119 0.851686 0.522735 0 0 0 0 1 0.968451 0.129881 -0.212679 0 -0.244358 0.662387 -0.708189 0.396099 0.048895 0.737817 0.673228 0 0 0 0 1 0.968235 0.165448 -0.187479 0 -0.249232 0.578261 -0.776851 0.396099 -0.020116 0.7989 0.601127 0 0 0 0 1 0.975615 0.177581 -0.128993 0 -0.206298 0.541262 -0.815154 0.396099 -0.074936 0.821888 0.564699 0 0 0 0 1 0.991327 0.113058 -0.066997 0 -0.123997 0.635769 -0.761854 0.396099 -0.043538 0.763554 0.644274 0 0 0 0 1 0.996972 0.037513 -0.068107 0 -0.07283 0.757306 -0.648985 0.396099 0.027233 0.651981 0.757746 0 0 0 0 1 0.997431 0.015936 -0.069831 0 -0.05437 0.803135 -0.59331 0.396099 0.046629 0.595584 0.801939 0 0 0 0 1 0.997985 0.031411 -0.055118 0 -0.056901 0.82739 -0.558736 0.396099 0.028054 0.560748 0.827511 0 0 0 0 1 0.997515 0.064269 -0.02885 0 -0.069444 0.828209 -0.556099 0.396099 -0.011845 0.556721 0.830615 0 0 0 0 1 0.990696 0.135407 0.013631 0 -0.098013 0.779402 -0.618809 0.396099 -0.094415 0.611716 0.785423 0 0 0 0 1 0.967752 0.251733 0.009274 0 -0.148201 0.598734 -0.787117 0.396099 -0.203695 0.76036 0.616733 0 0 0 0 1 0.946721 0.30779 -0.094787 0 -0.213191 0.37834 -0.900782 0.396099 -0.241389 0.872997 0.423801 0 0 0 0 1 0.92894 0.316855 -0.191502 0 -0.296509 0.326964 -0.897316 0.396099 -0.221704 0.890336 0.39768 0 0 0 0 1 0.929914 0.300642 -0.211836 0 -0.351845 0.559539 -0.750413 0.396099 -0.107074 0.772353 0.626103 0 0 0 0 1 0.927695 0.313562 -0.202634 0 -0.373327 0.774866 -0.510107 0.396099 -0.002935 0.548873 0.835901 0 0 0 0 1 0.934134 0.291517 -0.205938 0 -0.354444 0.689798 -0.631306 0.396099 -0.04198 0.662719 0.747691 0 0 0 0 1 0.944833 0.192479 -0.265031 0 -0.322392 0.403421 -0.856337 0.396099 -0.057907 0.89454 0.44322 0 0 0 0 1 0.957778 0.093578 -0.271851 0 -0.283075 0.141544 -0.948596 0.396099 -0.050288 0.985499 0.162058 0 0 0 0 1 0.960766 0.081645 -0.265069 0 -0.273209 0.113885 -0.955189 0.396099 -0.047798 0.990133 0.131723 0 0 0 0 1</float_array>
        <technique_common>
          <accessor source="#LeftFoot_matrix_LeftFoot_transform-output-array" count="24" stride="16">
            <param name="TRANSFORM" type="float4x4"/>
          </accessor>
        </technique_common>
      </source>
      <source id="LeftFoot_matrix_LeftFoot_transform-interpolations">
        <Name_array id="LeftFoot_matrix_LeftFoot_transform-interpolations-array" count="24">LINEAR LINEAR LINEAR LINEAR LINEAR LINEAR LINEAR LINEAR LINEAR LINEAR LINEAR LINEAR LINEAR LINEAR LINEAR LINEAR LINEAR LINEAR LINEAR LINEAR LINEAR LINEAR LINEAR LINEAR</Name_array>
        <technique_common>
          <accessor source="#LeftFoot_matrix_LeftFoot_transform-interpolations-array" count="24" stride="1">
            <param name="INTERPOLATION" type="Name"/>
          </accessor>
        </technique_common>
      </source>
      <sampler id="LeftFoot_matrix_LeftFoot_transform-sampler">
        <input semantic="INPUT" source="#LeftFoot_matrix_LeftFoot_transform-input"/>
        <input semantic="OUTPUT" source="#LeftFoot_matrix_LeftFoot_transform-output"/>
        <input semantic="INTERPOLATION" source="#LeftFoot_matrix_LeftFoot_transform-interpolations"/>
      </sampler>
      <channel source="#LeftFoot_matrix_LeftFoot_transform-sampler" target="LeftFoot/transform"/>
    </animation>
    <animation id="LeftToes_matrix">
      <source id="LeftToes_matrix_LeftToes_transform-input">
        <float_array id="LeftToes_matrix_LeftToes_transform-input-array" count="24">0 0.041666 0.083333 0.125 0.166667 0.208333 0.25 0.291667 0.333333 0.375 0.416667 0.458333 0.5 0.541667 0.583333 0.625 0.666667 0.708333 0.75 0.791667 0.833333 0.875 0.916667 0.958333</float_array>
        <technique_common>
          <accessor source="#LeftToes_matrix_LeftToes_transform-input-array" count="24" stride="1">
            <param name="TIME" type="float"/>
          </accessor>
        </technique_common>
        <technique profile="MAYA">
          <pre_infinity>CONSTANT</pre_infinity>
          <post_infinity>CONSTANT</post_infinity>
        </technique>
      </source>
      <source id="LeftToes_matrix_LeftToes_transform-output">
        <float_array id="LeftToes_matrix_LeftToes_transform-output-array" count="384">1 0 0 0 0 0.779169 -0.626814 0.153519 0 0.626814 0.779169 0 0 0 0 1 1 0 0 0 0 0.77917 -0.626813 0.153519 0 0.626813 0.77917 0 0 0 0 1 1 0 0 0 0 0.779169 -0.626814 0.153519 0 0.626814 0.779169 0 0 0 0 1 1 0 0 0 0 0.779169 -0.626814 0.153519 0 0.626814 0.779169 0 0 0 0 1 1 0 0 0 0 0.764801 -0.644266 0.153519 0 0.644266 0.764801 0 0 0 0 1 1 0 0 0 0 0.589856 -0.807508 0.153519 0 0.807508 0.589856 0 0 0 0 1 1 0 0 0 0 0.524512 -0.851403 0.153519 0 0.851403 0.524512 0 0 0 0 1 1 0 0 0 0 0.558981 -0.82918 0.153519 0 0.82918 0.558981 0 0 0 0 1 1 0 0 0 0 0.608697 -0.793403 0.153519 0 0.793403 0.608697 0 0 0 0 1 1 0 0 0 0 0.669469 -0.74284 0.153519 0 0.74284 0.669469 0 0 0 0 1 1 0 0 0 0 0.728373 -0.685181 0.153519 0 0.685181 0.728373 0 0 0 0 1 1 0 0 0 0 0.764446 -0.644688 0.153519 0 0.644688 0.764446 0 0 0 0 1 1 0 0 0 0 0.779106 -0.626892 0.153519 0 0.626892 0.779106 0 0 0 0 1 1 0 0 0 0 0.779169 -0.626814 0.153519 0 0.626814 0.779169 0 0 0 0 1 1 0 0 0 0 0.779169 -0.626814 0.153519 0 0.626814 0.779169 0 0 0 0 1 1 0 0 0 0 0.779169 -0.626814 0.153519 0 0.626814 0.779169 0 0 0 0 1 1 0 0 0 0 0.779169 -0.626814 0.153519 0 0.626814 0.779169 0 0 0 0 1 1 0 0 0 0 0.770677 -0.637226 0.153519 0 0.637226 0.770677 0 0 0 0 1 1 0 0 0 0 0.611996 -0.790861 0.153519 0 0.790861 0.611996 0 0 0 0 1 1 0 0 0 0 0.391035 -0.920376 0.153519 0 0.920376 0.391035 0 0 0 0 1 1 0 0 0 0 0.404434 -0.914567 0.153519 0 0.914567 0.404434 0 0 0 0 1 1 0 0 0 0 0.615405 -0.788211 0.153519 0 0.788211 0.615405 0 0 0 0 1 1 0 0 0 0 0.766076 -0.64275 0.153519 0 0.64275 0.766076 0 0 0 0 1 1 0 0 0 0 0.779169 -0.626814 0.153519 0 0.626814 0.779169 0 0 0 0 1</float_array>
        <technique_common>
          <accessor source="#LeftToes_matrix_LeftToes_transform-output-array" count="24" stride="16">
            <param name="TRANSFORM" type="float4x4"/>
          </accessor>
        </technique_common>
      </source>
      <source id="LeftToes_matrix_LeftToes_transform-interpolations">
        <Name_array id="LeftToes_matrix_LeftToes_transform-interpolations-array" count="24">LINEAR LINEAR LINEAR LINEAR LINEAR LINEAR LINEAR LINEAR LINEAR LINEAR LINEAR LINEAR LINEAR LINEAR LINEAR LINEAR LINEAR LINEAR LINEAR LINEAR LINEAR LINEAR LINEAR LINEAR</Name_array>
        <technique_common>
          <accessor source="#LeftToes_matrix_LeftToes_transform-interpolations-array" count="24" stride="1">
            <param name="INTERPOLATION" type="Name"/>
          </accessor>
        </technique_common>
      </source>
      <sampler id="LeftToes_matrix_LeftToes_transform-sampler">
        <input semantic="INPUT" source="#LeftToes_matrix_LeftToes_transform-input"/>
        <input semantic="OUTPUT" source="#LeftToes_matrix_LeftToes_transform-output"/>
        <input semantic="INTERPOLATION" source="#LeftToes_matrix_LeftToes_transform-interpolations"/>
      </sampler>
      <channel source="#LeftToes_matrix_LeftToes_transform-sampler" target="LeftToes/transform"/>
    </animation>
    <animation id="RightUpLeg_matrix">
      <source id="RightUpLeg_matrix_RightUpLeg_transform-input">
        <float_array id="RightUpLeg_matrix_RightUpLeg_transform-input-array" count="24">0 0.041666 0.083333 0.125 0.166667 0.208333 0.25 0.291667 0.333333 0.375 0.416667 0.458333 0.5 0.541667 0.583333 0.625 0.666667 0.708333 0.75 0.791667 0.833333 0.875 0.916667 0.958333</float_array>
        <technique_common>
          <accessor source="#RightUpLeg_matrix_RightUpLeg_transform-input-array" count="24" stride="1">
            <param name="TIME" type="float"/>
          </accessor>
        </technique_common>
        <technique profile="MAYA">
          <pre_infinity>CONSTANT</pre_infinity>
          <post_infinity>CONSTANT</post_infinity>
        </technique>
      </source>
      <source id="RightUpLeg_matrix_RightUpLeg_transform-output">
        <float_array id="RightUpLeg_matrix_RightUpLeg_transform-output-array" count="384">-0.728631 0.072059 0.681105 -0.087164 -0.684193 -0.121961 -0.719031 0 0.031255 -0.989916 0.138167 0 0 0 0 1 -0.792502 0.166006 0.58684 -0.087164 -0.60859 -0.152991 -0.778596 0 -0.03947 -0.974185 0.222276 0 0 0 0 1 -0.890519 0.236335 0.388743 -0.087164 -0.428126 -0.146284 -0.891801 0 -0.153897 -0.960598 0.23145 0 0 0 0 1 -0.926449 0.335031 0.171602 -0.087164 -0.194812 -0.036673 -0.980155 0 -0.322089 -0.941494 0.099243 0 0 0 0 1 -0.856907 0.507037 0.092863 -0.087164 0.00384 0.186427 -0.982461 0 -0.515457 -0.841522 -0.161697 0 0 0 0 1 -0.775314 0.620918 0.115538 -0.087164 0.188993 0.402644 -0.895633 0 -0.602636 -0.672562 -0.429525 0 0 0 0 1 -0.768151 0.615272 0.177155 -0.087164 0.34987 0.63509 -0.68866 0 -0.536223 -0.467014 -0.703109 0 0 0 0 1 -0.811815 0.557675 0.173076 -0.087164 0.464101 0.79612 -0.388335 0 -0.354354 -0.234931 -0.905119 0 0 0 0 1 -0.80724 0.581607 0.100478 -0.087164 0.463728 0.730292 -0.501628 0 -0.365129 -0.35834 -0.859228 0 0 0 0 1 -0.807541 0.588161 0.044097 -0.087164 0.436675 0.646458 -0.625626 0 -0.396476 -0.485963 -0.778876 0 0 0 0 1 -0.818915 0.57357 0.019881 -0.087164 0.393215 0.585973 -0.708532 0 -0.418043 -0.57241 -0.705398 0 0 0 0 1 -0.837727 0.546052 0.006446 -0.087164 0.348489 0.543649 -0.763545 0 -0.42044 -0.637396 -0.645722 0 0 0 0 1 -0.857346 0.514739 0.000898 -0.087164 0.318013 0.531052 -0.785399 0 -0.404753 -0.673073 -0.618989 0 0 0 0 1 -0.878724 0.477287 0.006373 -0.087164 0.296074 0.555472 -0.77704 0 -0.374411 -0.680917 -0.629419 0 0 0 0 1 -0.900767 0.433627 0.024216 -0.087164 0.279665 0.621799 -0.731543 0 -0.332275 -0.652177 -0.681365 0 0 0 0 1 -0.918363 0.390189 0.066043 -0.087164 0.270272 0.740309 -0.615545 0 -0.289072 -0.547444 -0.785329 0 0 0 0 1 -0.927348 0.361893 0.095181 -0.087164 0.266214 0.816792 -0.511842 0 -0.262976 -0.449317 -0.85379 0 0 0 0 1 -0.936578 0.327704 0.124222 -0.087164 0.250716 0.874186 -0.415861 0 -0.244873 -0.358342 -0.900904 0 0 0 0 1 -0.960828 0.252505 0.114239 -0.087164 0.143067 0.80493 -0.575865 0 -0.237363 -0.536964 -0.809524 0 0 0 0 1 -0.97135 0.15462 0.180476 -0.087164 -0.060972 0.571851 -0.818088 0 -0.229698 -0.805655 -0.54604 0 0 0 0 1 -0.922729 0.079505 0.377161 -0.087164 -0.342722 0.278549 -0.897191 0 -0.17639 -0.957126 -0.229777 0 0 0 0 1 -0.817971 0.04033 0.573844 -0.087164 -0.572374 0.042734 -0.818879 0 -0.057549 -0.998272 -0.011871 0 0 0 0 1 -0.7418 0.070513 0.666904 -0.087164 -0.670371 -0.105158 -0.734537 0 0.018334 -0.991953 0.125276 0 0 0 0 1 -0.728998 0.072986 0.680613 -0.087164 -0.683765 -0.124206 -0.719054 0 0.032054 -0.989569 0.140452 0 0 0 0 1</float_array>
        <technique_common>
          <accessor source="#RightUpLeg_matrix_RightUpLeg_transform-output-array" count="24" stride="16">
            <param name="TRANSFORM" type="float4x4"/>
          </accessor>
        </technique_common>
      </source>
      <source id="RightUpLeg_matrix_RightUpLeg_transform-interpolations">
        <Name_array id="RightUpLeg_matrix_RightUpLeg_transform-interpolations-array" count="24">LINEAR LINEAR LINEAR LINEAR LINEAR LINEAR LINEAR LINEAR LINEAR LINEAR LINEAR LINEAR LINEAR LINEAR LINEAR LINEAR LINEAR LINEAR LINEAR LINEAR LINEAR LINEAR LINEAR LINEAR</Name_array>
        <technique_common>
          <accessor source="#RightUpLeg_matrix_RightUpLeg_transform-interpolations-array" count="24" stride="1">
            <param name="INTERPOLATION" type="Name"/>
          </accessor>
        </technique_common>
      </source>
      <sampler id="RightUpLeg_matrix_RightUpLeg_transform-sampler">
        <input semantic="INPUT" source="#RightUpLeg_matrix_RightUpLeg_transform-input"/>
        <input semantic="OUTPUT" source="#RightUpLeg_matrix_RightUpLeg_transform-output"/>
        <input semantic="INTERPOLATION" source="#RightUpLeg_matrix_RightUpLeg_transform-interpolations"/>
      </sampler>
      <channel source="#RightUpLeg_matrix_RightUpLeg_transform-sampler" target="RightUpLeg/transform"/>
    </animation>
    <animation id="RightLeg_matrix">
      <source id="RightLeg_matrix_RightLeg_transform-input">
        <float_array id="RightLeg_matrix_RightLeg_transform-input-array" count="24">0 0.041666 0.083333 0.125 0.166667 0.208333 0.25 0.291667 0.333333 0.375 0.416667 0.458333 0.5 0.541667 0.583333 0.625 0.666667 0.708333 0.75 0.791667 0.833333 0.875 0.916667 0.958333</float_array>
        <technique_common>
          <accessor source="#RightLeg_matrix_RightLeg_transform-input-array" count="24" stride="1">
            <param name="TIME" type="float"/>
          </accessor>
        </technique_common>
        <technique profile="MAYA">
          <pre_infinity>CONSTANT</pre_infinity>
          <post_infinity>CONSTANT</post_infinity>
        </technique>
      </source>
      <source id="RightLeg_matrix_RightLeg_transform-output">
        <float_array id="RightLeg_matrix_RightLeg_transform-output-array" count="384">1 0 0 0 0 -0.335364 0.942089 -0.513628 0 -0.942089 -0.335364 -0.00777 0 0 0 1 1 0 0 0 0 -0.41764 0.908613 -0.513628 0 -0.908613 -0.41764 -0.00777 0 0 0 1 1 0 0 0 0 -0.469199 0.883093 -0.513628 0 -0.883093 -0.469199 -0.00777 0 0 0 1 1 0 0 0 0 -0.444162 0.895947 -0.513628 0 -0.895947 -0.444162 -0.00777 0 0 0 1 1 0 0 0 0 -0.307271 0.951622 -0.513628 0 -0.951622 -0.307271 -0.00777 0 0 0 1 1 0 0 0 0 0.020832 0.999783 -0.513628 0 -0.999783 0.020832 -0.00777 0 0 0 1 1 0 0 0 0 0.590191 0.807264 -0.513628 0 -0.807264 0.590191 -0.00777 0 0 0 1 1 0 0 0 0 0.971656 0.2364 -0.513628 0 -0.2364 0.971656 -0.00777 0 0 0 1 1 0 0 0 0 0.888684 0.458521 -0.513628 0 -0.458521 0.888684 -0.00777 0 0 0 1 1 0 0 0 0 0.738816 0.673908 -0.513628 0 -0.673908 0.738816 -0.00777 0 0 0 1 1 0 0 0 0 0.614251 0.789111 -0.513628 0 -0.789111 0.614251 -0.00777 0 0 0 1 1 0 0 0 0 0.519402 0.85453 -0.513628 0 -0.85453 0.519402 -0.00777 0 0 0 1 1 0 0 0 0 0.434813 0.900521 -0.513628 0 -0.900521 0.434813 -0.00777 0 0 0 1 1 0 0 0 0 0.400213 0.916422 -0.513628 0 -0.916422 0.400213 -0.00777 0 0 0 1 1 0 0 0 0 0.431654 0.90204 -0.513628 0 -0.90204 0.431654 -0.00777 0 0 0 1 1 0 0 0 0 0.586563 0.809904 -0.513628 0 -0.809904 0.586563 -0.00777 0 0 0 1 1 0 0 0 0 0.727641 0.685958 -0.513628 0 -0.685958 0.727641 -0.00777 0 0 0 1 1 0 0 0 0 0.855165 0.518357 -0.513628 0 -0.518357 0.855165 -0.00777 0 0 0 1 1 0 0 0 0 0.637159 0.770733 -0.513628 0 -0.770733 0.637159 -0.00777 0 0 0 1 1 0 0 0 0 0.151476 0.988461 -0.513628 0 -0.988461 0.151476 -0.00777 0 0 0 1 1 0 0 0 0 -0.1891 0.981958 -0.513628 0 -0.981958 -0.1891 -0.00777 0 0 0 1 1 0 0 0 0 -0.282063 0.959396 -0.513628 0 -0.959396 -0.282063 -0.00777 0 0 0 1 1 0 0 0 0 -0.325397 0.945578 -0.513628 0 -0.945578 -0.325397 -0.00777 0 0 0 1 1 0 0 0 0 -0.33564 0.941991 -0.513628 0 -0.941991 -0.33564 -0.00777 0 0 0 1</float_array>
        <technique_common>
          <accessor source="#RightLeg_matrix_RightLeg_transform-output-array" count="24" stride="16">
            <param name="TRANSFORM" type="float4x4"/>
          </accessor>
        </technique_common>
      </source>
      <source id="RightLeg_matrix_RightLeg_transform-interpolations">
        <Name_array id="RightLeg_matrix_RightLeg_transform-interpolations-array" count="24">LINEAR LINEAR LINEAR LINEAR LINEAR LINEAR LINEAR LINEAR LINEAR LINEAR LINEAR LINEAR LINEAR LINEAR LINEAR LINEAR LINEAR LINEAR LINEAR LINEAR LINEAR LINEAR LINEAR LINEAR</Name_array>
        <technique_common>
          <accessor source="#RightLeg_matrix_RightLeg_transform-interpolations-array" count="24" stride="1">
            <param name="INTERPOLATION" type="Name"/>
          </accessor>
        </technique_common>
      </source>
      <sampler id="RightLeg_matrix_RightLeg_transform-sampler">
        <input semantic="INPUT" source="#RightLeg_matrix_RightLeg_transform-input"/>
        <input semantic="OUTPUT" source="#RightLeg_matrix_RightLeg_transform-output"/>
        <input semantic="INTERPOLATION" source="#RightLeg_matrix_RightLeg_transform-interpolations"/>
      </sampler>
      <channel source="#RightLeg_matrix_RightLeg_transform-sampler" target="RightLeg/transform"/>
    </animation>
    <animation id="RightFoot_matrix">
      <source id="RightFoot_matrix_RightFoot_transform-input">
        <float_array id="RightFoot_matrix_RightFoot_transform-input-array" count="24">0 0.041666 0.083333 0.125 0.166667 0.208333 0.25 0.291667 0.333333 0.375 0.416667 0.458333 0.5 0.541667 0.583333 0.625 0.666667 0.708333 0.75 0.791667 0.833333 0.875 0.916667 0.958333</float_array>
        <technique_common>
          <accessor source="#RightFoot_matrix_RightFoot_transform-input-array" count="24" stride="1">
            <param name="TIME" type="float"/>
          </accessor>
        </technique_common>
        <technique profile="MAYA">
          <pre_infinity>CONSTANT</pre_infinity>
          <post_infinity>CONSTANT</post_infinity>
        </technique>
      </source>
      <source id="RightFoot_matrix_RightFoot_transform-output">
        <float_array id="RightFoot_matrix_RightFoot_transform-output-array" count="384">0.994164 -0.038476 -0.100784 0 -0.0301 0.798195 -0.601647 -0.395911 0.103594 0.60117 0.792378 0.012201 0 0 0 1 0.991344 -0.063161 -0.115097 0 -0.020283 0.792461 -0.609586 -0.395911 0.129712 0.606645 0.784319 0.012201 0 0 0 1 0.973871 -0.153101 -0.167734 0 -0.000248 0.73787 -0.674943 -0.395911 0.2271 0.65735 0.718552 0.012201 0 0 0 1 0.960591 -0.229524 -0.15679 0 0.011883 0.597458 -0.801813 -0.395911 0.27771 0.768352 0.576639 0.012201 0 0 0 1 0.978045 -0.176336 -0.11106 0 -0.00805 0.50056 -0.865664 -0.395911 0.20824 0.847553 0.48815 0.012201 0 0 0 1 0.993768 -0.013573 -0.11064 0 -0.087874 0.51528 -0.852505 -0.395911 0.068582 0.856915 0.510875 0.012201 0 0 0 1 0.957304 0.209057 -0.199662 0 -0.288873 0.665404 -0.688324 -0.395911 -0.011043 0.716613 0.697384 0.012201 0 0 0 1 0.920726 0.307932 -0.23967 0 -0.384784 0.818547 -0.426523 -0.395911 0.06484 0.484933 0.872144 0.012201 0 0 0 1 0.924756 0.288639 -0.248021 0 -0.38005 0.734209 -0.562582 -0.395911 0.019716 0.614512 0.788661 0.012201 0 0 0 1 0.937927 0.218367 -0.26946 0 -0.346557 0.559137 -0.753169 -0.395911 -0.013802 0.799802 0.600106 0.012201 0 0 0 1 0.953487 0.131932 -0.271029 0 -0.300699 0.353552 -0.885765 -0.395911 -0.021037 0.926065 0.376779 0.012201 0 0 0 1 0.966397 0.062982 -0.249221 0 -0.256732 0.187851 -0.948051 -0.395911 -0.012893 0.980177 0.197708 0.012201 0 0 0 1 0.973937 0.037752 -0.223657 0 -0.226773 0.142028 -0.963536 -0.395911 -0.00461 0.989143 0.146888 0.012201 0 0 0 1 0.978171 0.019624 -0.206873 0 -0.207733 0.117762 -0.971071 -0.395911 0.005305 0.992848 0.119268 0.012201 0 0 0 1 0.979426 0.009598 -0.201574 0 -0.20113 0.127865 -0.971183 -0.395911 0.016452 0.991746 0.127164 0.012201 0 0 0 1 0.977258 0.010984 -0.211768 0 -0.209759 0.196531 -0.957797 -0.395911 0.031098 0.980437 0.194365 0.012201 0 0 0 1 0.97304 0.080174 -0.216252 0 -0.227457 0.4887 -0.84228 -0.395911 0.038153 0.868761 0.493761 0.012201 0 0 0 1 0.968426 0.125728 -0.215276 0 -0.24375 0.658716 -0.711813 -0.395911 0.05231 0.741813 0.668564 0.012201 0 0 0 1 0.967808 0.15161 -0.200906 0 -0.25169 0.580316 -0.774523 -0.395911 -0.000836 0.800156 0.599792 0.012201 0 0 0 1 0.976281 0.162168 -0.143444 0 -0.207645 0.513739 -0.83244 -0.395911 -0.061302 0.842481 0.535227 0.012201 0 0 0 1 0.990963 0.101516 -0.087672 0 -0.130762 0.585518 -0.800043 -0.395911 -0.029884 0.804278 0.593501 0.012201 0 0 0 1 0.996434 0.014102 -0.083189 0 -0.068075 0.716861 -0.693884 -0.395911 0.049849 0.697074 0.715264 0.012201 0 0 0 1 0.995053 -0.026939 -0.09562 0 -0.037204 0.791427 -0.610131 -0.395911 0.092112 0.610671 0.786509 0.012201 0 0 0 1 0.994259 -0.037413 -0.100243 0 -0.030378 0.79961 -0.599752 -0.395911 0.102594 0.599355 0.793882 0.012201 0 0 0 1</float_array>
        <technique_common>
          <accessor source="#RightFoot_matrix_RightFoot_transform-output-array" count="24" stride="16">
            <param name="TRANSFORM" type="float4x4"/>
          </accessor>
        </technique_common>
      </source>
      <source id="RightFoot_matrix_RightFoot_transform-interpolations">
        <Name_array id="RightFoot_matrix_RightFoot_transform-interpolations-array" count="24">LINEAR LINEAR LINEAR LINEAR LINEAR LINEAR LINEAR LINEAR LINEAR LINEAR LINEAR LINEAR LINEAR LINEAR LINEAR LINEAR LINEAR LINEAR LINEAR LINEAR LINEAR LINEAR LINEAR LINEAR</Name_array>
        <technique_common>
          <accessor source="#RightFoot_matrix_RightFoot_transform-interpolations-array" count="24" stride="1">
            <param name="INTERPOLATION" type="Name"/>
          </accessor>
        </technique_common>
      </source>
      <sampler id="RightFoot_matrix_RightFoot_transform-sampler">
        <input semantic="INPUT" source="#RightFoot_matrix_RightFoot_transform-input"/>
        <input semantic="OUTPUT" source="#RightFoot_matrix_RightFoot_transform-output"/>
        <input semantic="INTERPOLATION" source="#RightFoot_matrix_RightFoot_transform-interpolations"/>
      </sampler>
      <channel source="#RightFoot_matrix_RightFoot_transform-sampler" target="RightFoot/transform"/>
    </animation>
    <animation id="RightToes_matrix">
      <source id="RightToes_matrix_RightToes_transform-input">
        <float_array id="RightToes_matrix_RightToes_transform-input-array" count="24">0 0.041666 0.083333 0.125 0.166667 0.208333 0.25 0.291667 0.333333 0.375 0.416667 0.458333 0.5 0.541667 0.583333 0.625 0.666667 0.708333 0.75 0.791667 0.833333 0.875 0.916667 0.958333</float_array>
        <technique_common>
          <accessor source="#RightToes_matrix_RightToes_transform-input-array" count="24" stride="1">
            <param name="TIME" type="float"/>
          </accessor>
        </technique_common>
        <technique profile="MAYA">
          <pre_infinity>CONSTANT</pre_infinity>
          <post_infinity>CONSTANT</post_infinity>
        </technique>
      </source>
      <source id="RightToes_matrix_RightToes_transform-output">
        <float_array id="RightToes_matrix_RightToes_transform-output-array" count="384">1 0 0 0 0 0.779169 -0.626814 -0.153519 0 0.626814 0.779169 0 0 0 0 1 1 0 0 0 0 0.779169 -0.626814 -0.153519 0 0.626814 0.779169 0 0 0 0 1 1 0 0 0 0 0.779169 -0.626814 -0.153519 0 0.626814 0.779169 0 0 0 0 1 1 0 0 0 0 0.779169 -0.626814 -0.153519 0 0.626814 0.779169 0 0 0 0 1 1 0 0 0 0 0.779169 -0.626814 -0.153519 0 0.626814 0.779169 0 0 0 0 1 1 0 0 0 0 0.773996 -0.633191 -0.153519 0 0.633191 0.773996 0 0 0 0 1 1 0 0 0 0 0.704172 -0.710029 -0.153519 0 0.710029 0.704172 0 0 0 0 1 1 0 0 0 0 0.604992 -0.796232 -0.153519 0 0.796232 0.604992 0 0 0 0 1 1 0 0 0 0 0.602528 -0.798098 -0.153519 0 0.798098 0.602528 0 0 0 0 1 1 0 0 0 0 0.65632 -0.754483 -0.153519 0 0.754483 0.65632 0 0 0 0 1 1 0 0 0 0 0.729581 -0.683894 -0.153519 0 0.683894 0.729581 0 0 0 0 1 1 0 0 0 0 0.774543 -0.632522 -0.153519 0 0.632522 0.774543 0 0 0 0 1 1 0 0 0 0 0.779169 -0.626814 -0.153519 0 0.626814 0.779169 0 0 0 0 1 1 0 0 0 0 0.77917 -0.626813 -0.153519 0 0.626813 0.77917 0 0 0 0 1 1 0 0 0 0 0.779169 -0.626814 -0.153519 0 0.626814 0.779169 0 0 0 0 1 1 0 0 0 0 0.761469 -0.648202 -0.153519 0 0.648202 0.761469 0 0 0 0 1 1 0 0 0 0 0.610619 -0.791924 -0.153519 0 0.791924 0.610619 0 0 0 0 1 1 0 0 0 0 0.523026 -0.852317 -0.153519 0 0.852317 0.523026 0 0 0 0 1 1 0 0 0 0 0.565819 -0.824529 -0.153519 0 0.824529 0.565819 0 0 0 0 1 1 0 0 0 0 0.634791 -0.772684 -0.153519 0 0.772684 0.634791 0 0 0 0 1 1 0 0 0 0 0.696453 -0.717602 -0.153519 0 0.717602 0.696453 0 0 0 0 1 1 0 0 0 0 0.743095 -0.669186 -0.153519 0 0.669186 0.743095 0 0 0 0 1 1 0 0 0 0 0.77391 -0.633296 -0.153519 0 0.633296 0.77391 0 0 0 0 1 1 0 0 0 0 0.779169 -0.626814 -0.153519 0 0.626814 0.779169 0 0 0 0 1</float_array>
        <technique_common>
          <accessor source="#RightToes_matrix_RightToes_transform-output-array" count="24" stride="16">
            <param name="TRANSFORM" type="float4x4"/>
          </accessor>
        </technique_common>
      </source>
      <source id="RightToes_matrix_RightToes_transform-interpolations">
        <Name_array id="RightToes_matrix_RightToes_transform-interpolations-array" count="24">LINEAR LINEAR LINEAR LINEAR LINEAR LINEAR LINEAR LINEAR LINEAR LINEAR LINEAR LINEAR LINEAR LINEAR LINEAR LINEAR LINEAR LINEAR LINEAR LINEAR LINEAR LINEAR LINEAR LINEAR</Name_array>
        <technique_common>
          <accessor source="#RightToes_matrix_RightToes_transform-interpolations-array" count="24" stride="1">
            <param name="INTERPOLATION" type="Name"/>
          </accessor>
        </technique_common>
      </source>
      <sampler id="RightToes_matrix_RightToes_transform-sampler">
        <input semantic="INPUT" source="#RightToes_matrix_RightToes_transform-input"/>
        <input semantic="OUTPUT" source="#RightToes_matrix_RightToes_transform-output"/>
        <input semantic="INTERPOLATION" source="#RightToes_matrix_RightToes_transform-interpolations"/>
      </sampler>
      <channel source="#RightToes_matrix_RightToes_transform-sampler" target="RightToes/transform"/>
    </animation>
    <animation id="Spine_matrix">
      <source id="Spine_matrix_Spine_transform-input">
        <float_array id="Spine_matrix_Spine_transform-input-array" count="24">0 0.041666 0.083333 0.125 0.166667 0.208333 0.25 0.291667 0.333333 0.375 0.416667 0.458333 0.5 0.541667 0.583333 0.625 0.666667 0.708333 0.75 0.791667 0.833333 0.875 0.916667 0.958333</float_array>
        <technique_common>
          <accessor source="#Spine_matrix_Spine_transform-input-array" count="24" stride="1">
            <param name="TIME" type="float"/>
          </accessor>
        </technique_common>
        <technique profile="MAYA">
          <pre_infinity>CONSTANT</pre_infinity>
          <post_infinity>CONSTANT</post_infinity>
        </technique>
      </source>
      <source id="Spine_matrix_Spine_transform-output">
        <float_array id="Spine_matrix_Spine_transform-output-array" count="384">1 0 0 0 0 0.99907 -0.043119 0.070051 0 0.043119 0.99907 -0.000217 0 0 0 1 1 0 0 0 0 0.999377 -0.035308 0.070051 0 0.035308 0.999377 -0.000217 0 0 0 1 1 0 0 0 0 0.99991 -0.013401 0.070051 0 0.013401 0.99991 -0.000217 0 0 0 1 1 0 0 0 0 0.999897 0.014367 0.070051 0 -0.014367 0.999897 -0.000217 0 0 0 1 1 0 0 0 0 0.99931 0.037146 0.070051 0 -0.037146 0.99931 -0.000217 0 0 0 1 1 0 0 0 0 0.998647 0.052009 0.070051 0 -0.052009 0.998647 -0.000217 0 0 0 1 1 0 0 0 0 0.998576 0.053354 0.070051 0 -0.053354 0.998576 -0.000217 0 0 0 1 1 0 0 0 0 0.999277 0.038026 0.070051 0 -0.038026 0.999277 -0.000217 0 0 0 1 1 0 0 0 0 0.999872 0.016012 0.070051 0 -0.016012 0.999872 -0.000217 0 0 0 1 1 0 0 0 0 0.999966 -0.008297 0.070051 0 0.008297 0.999966 -0.000217 0 0 0 1 1 0 0 0 0 0.999505 -0.031477 0.070051 0 0.031477 0.999505 -0.000217 0 0 0 1 1 0 0 0 0 0.999103 -0.042343 0.070051 0 0.042343 0.999103 -0.000217 0 0 0 1 1 0 0 0 0 0.999327 -0.036679 0.070051 0 0.036679 0.999327 -0.000217 0 0 0 1 1 0 0 0 0 0.999826 -0.018674 0.070051 0 0.018674 0.999826 -0.000217 0 0 0 1 1 0 0 0 0 0.999962 0.008726 0.070051 0 -0.008726 0.999962 -0.000217 0 0 0 1 1 0 0 0 0 0.999369 0.035524 0.070051 0 -0.035524 0.999369 -0.000217 0 0 0 1 1 0 0 0 0 0.998648 0.051992 0.070051 0 -0.051992 0.998648 -0.000217 0 0 0 1 1 0 0 0 0 0.998474 0.05522 0.070051 0 -0.05522 0.998474 -0.000217 0 0 0 1 1 0 0 0 0 0.999115 0.042065 0.070051 0 -0.042065 0.999115 -0.000217 0 0 0 1 1 0 0 0 0 0.99984 0.017876 0.070051 0 -0.017876 0.99984 -0.000217 0 0 0 1 1 0 0 0 0 0.99998 -0.006345 0.070051 0 0.006345 0.99998 -0.000217 0 0 0 1 1 0 0 0 0 0.999624 -0.027433 0.070051 0 0.027433 0.999624 -0.000217 0 0 0 1 1 0 0 0 0 0.999161 -0.040957 0.070051 0 0.040957 0.999161 -0.000217 0 0 0 1 1 0 0 0 0 0.99907 -0.043129 0.070051 0 0.043129 0.99907 -0.000217 0 0 0 1</float_array>
        <technique_common>
          <accessor source="#Spine_matrix_Spine_transform-output-array" count="24" stride="16">
            <param name="TRANSFORM" type="float4x4"/>
          </accessor>
        </technique_common>
      </source>
      <source id="Spine_matrix_Spine_transform-interpolations">
        <Name_array id="Spine_matrix_Spine_transform-interpolations-array" count="24">LINEAR LINEAR LINEAR LINEAR LINEAR LINEAR LINEAR LINEAR LINEAR LINEAR LINEAR LINEAR LINEAR LINEAR LINEAR LINEAR LINEAR LINEAR LINEAR LINEAR LINEAR LINEAR LINEAR LINEAR</Name_array>
        <technique_common>
          <accessor source="#Spine_matrix_Spine_transform-interpolations-array" count="24" stride="1">
            <param name="INTERPOLATION" type="Name"/>
          </accessor>
        </technique_common>
      </source>
      <sampler id="Spine_matrix_Spine_transform-sampler">
        <input semantic="INPUT" source="#Spine_matrix_Spine_transform-input"/>
        <input semantic="OUTPUT" source="#Spine_matrix_Spine_transform-output"/>
        <input semantic="INTERPOLATION" source="#Spine_matrix_Spine_transform-interpolations"/>
      </sampler>
      <channel source="#Spine_matrix_Spine_transform-sampler" target="Spine/transform"/>
    </animation>
    <animation id="Spine1_matrix">
      <source id="Spine1_matrix_Spine1_transform-input">
        <float_array id="Spine1_matrix_Spine1_transform-input-array" count="24">0 0.041666 0.083333 0.125 0.166667 0.208333 0.25 0.291667 0.333333 0.375 0.416667 0.458333 0.5 0.541667 0.583333 0.625 0.666667 0.708333 0.75 0.791667 0.833333 0.875 0.916667 0.958333</float_array>
        <technique_common>
          <accessor source="#Spine1_matrix_Spine1_transform-input-array" count="24" stride="1">
            <param name="TIME" type="float"/>
          </accessor>
        </technique_common>
        <technique profile="MAYA">
          <pre_infinity>CONSTANT</pre_infinity>
          <post_infinity>CONSTANT</post_infinity>
        </technique>
      </source>
      <source id="Spine1_matrix_Spine1_transform-output">
        <float_array id="Spine1_matrix_Spine1_transform-output-array" count="384">1 0 0 0 0 0.999779 -0.021006 0.077503 0 0.021006 0.999779 0 0 0 0 1 1 0 0 0 0 0.99983 -0.018404 0.077503 0 0.018404 0.99983 0 0 0 0 1 1 0 0 0 0 0.999938 -0.011107 0.077503 0 0.011107 0.999938 0 0 0 0 1 1 0 0 0 0 0.999998 -0.00186 0.077503 0 0.00186 0.999998 0 0 0 0 1 1 0 0 0 0 0.999983 0.005727 0.077503 0 -0.005727 0.999983 0 0 0 0 1 1 0 0 0 0 0.999943 0.01068 0.077503 0 -0.01068 0.999943 0 0 0 0 1 1 0 0 0 0 0.999938 0.011129 0.077503 0 -0.011129 0.999938 0 0 0 0 1 1 0 0 0 0 0.999982 0.00602 0.077503 0 -0.00602 0.999982 0 0 0 0 1 1 0 0 0 0 0.999999 -0.001312 0.077503 0 0.001312 0.999999 0 0 0 0 1 1 0 0 0 0 0.999955 -0.009407 0.077503 0 0.009407 0.999955 0 0 0 0 1 1 0 0 0 0 0.999853 -0.017128 0.077503 0 0.017128 0.999853 0 0 0 0 1 1 0 0 0 0 0.999784 -0.020747 0.077503 0 0.020747 0.999784 0 0 0 0 1 1 0 0 0 0 0.999822 -0.018861 0.077503 0 0.018861 0.999822 0 0 0 0 1 1 0 0 0 0 0.999917 -0.012863 0.077503 0 0.012863 0.999917 0 0 0 0 1 1 0 0 0 0 0.999993 -0.003738 0.077503 0 0.003738 0.999993 0 0 0 0 1 1 0 0 0 0 0.999986 0.005186 0.077503 0 -0.005186 0.999986 0 0 0 0 1 1 0 0 0 0 0.999943 0.010675 0.077503 0 -0.010675 0.999943 0 0 0 0 1 1 0 0 0 0 0.999931 0.011752 0.077503 0 -0.011752 0.999931 0 0 0 0 1 1 0 0 0 0 0.999973 0.007366 0.077503 0 -0.007366 0.999973 0 0 0 0 1 1 0 0 0 0 0.999999 -0.000691 0.077503 0 0.000691 0.999999 0 0 0 0 1 1 0 0 0 0 0.999961 -0.008757 0.077503 0 0.008757 0.999961 0 0 0 0 1 1 0 0 0 0 0.999875 -0.015781 0.077503 0 0.015781 0.999875 0 0 0 0 1 1 0 0 0 0 0.999794 -0.020286 0.077503 0 0.020286 0.999794 0 0 0 0 1 1 0 0 0 0 0.999779 -0.021009 0.077503 0 0.021009 0.999779 0 0 0 0 1</float_array>
        <technique_common>
          <accessor source="#Spine1_matrix_Spine1_transform-output-array" count="24" stride="16">
            <param name="TRANSFORM" type="float4x4"/>
          </accessor>
        </technique_common>
      </source>
      <source id="Spine1_matrix_Spine1_transform-interpolations">
        <Name_array id="Spine1_matrix_Spine1_transform-interpolations-array" count="24">LINEAR LINEAR LINEAR LINEAR LINEAR LINEAR LINEAR LINEAR LINEAR LINEAR LINEAR LINEAR LINEAR LINEAR LINEAR LINEAR LINEAR LINEAR LINEAR LINEAR LINEAR LINEAR LINEAR LINEAR</Name_array>
        <technique_common>
          <accessor source="#Spine1_matrix_Spine1_transform-interpolations-array" count="24" stride="1">
            <param name="INTERPOLATION" type="Name"/>
          </accessor>
        </technique_common>
      </source>
      <sampler id="Spine1_matrix_Spine1_transform-sampler">
        <input semantic="INPUT" source="#Spine1_matrix_Spine1_transform-input"/>
        <input semantic="OUTPUT" source="#Spine1_matrix_Spine1_transform-output"/>
        <input semantic="INTERPOLATION" source="#Spine1_matrix_Spine1_transform-interpolations"/>
      </sampler>
      <channel source="#Spine1_matrix_Spine1_transform-sampler" target="Spine1/transform"/>
    </animation>
    <animation id="Spine2_matrix">
      <source id="Spine2_matrix_Spine2_transform-input">
        <float_array id="Spine2_matrix_Spine2_transform-input-array" count="24">0 0.041666 0.083333 0.125 0.166667 0.208333 0.25 0.291667 0.333333 0.375 0.416667 0.458333 0.5 0.541667 0.583333 0.625 0.666667 0.708333 0.75 0.791667 0.833333 0.875 0.916667 0.958333</float_array>
        <technique_common>
          <accessor source="#Spine2_matrix_Spine2_transform-input-array" count="24" stride="1">
            <param name="TIME" type="float"/>
          </accessor>
        </technique_common>
        <technique profile="MAYA">
          <pre_infinity>CONSTANT</pre_infinity>
          <post_infinity>CONSTANT</post_infinity>
        </technique>
      </source>
      <source id="Spine2_matrix_Spine2_transform-output">
        <float_array id="Spine2_matrix_Spine2_transform-output-array" count="384">1 0 0 0 0 0.999772 -0.02133 0.073924 0 0.02133 0.999772 0 0 0 0 1 1 0 0 0 0 0.999824 -0.018727 0.073924 0 0.018727 0.999824 0 0 0 0 1 1 0 0 0 0 0.999934 -0.011431 0.073924 0 0.011431 0.999934 0 0 0 0 1 1 0 0 0 0 0.999997 -0.002183 0.073924 0 0.002183 0.999997 0 0 0 0 1 1 0 0 0 0 0.999985 0.005403 0.073924 0 -0.005403 0.999985 0 0 0 0 1 1 0 0 0 0 0.999946 0.010357 0.073924 0 -0.010357 0.999946 0 0 0 0 1 1 0 0 0 0 0.999941 0.010806 0.073924 0 -0.010806 0.999941 0 0 0 0 1 1 0 0 0 0 0.999983 0.005696 0.073924 0 -0.005696 0.999983 0 0 0 0 1 1 0 0 0 0 0.999998 -0.001636 0.073924 0 0.001636 0.999998 0 0 0 0 1 1 0 0 0 0 0.999952 -0.00973 0.073924 0 0.00973 0.999952 0 0 0 0 1 1 0 0 0 0 0.999847 -0.017451 0.073924 0 0.017451 0.999847 0 0 0 0 1 1 0 0 0 0 0.999777 -0.021071 0.073924 0 0.021071 0.999777 0 0 0 0 1 1 0 0 0 0 0.999815 -0.019184 0.073924 0 0.019184 0.999815 0 0 0 0 1 1 0 0 0 0 0.999913 -0.013187 0.073924 0 0.013187 0.999913 0 0 0 0 1 1 0 0 0 0 0.999991 -0.004062 0.073924 0 0.004062 0.999991 0 0 0 0 1 1 0 0 0 0 0.999988 0.004863 0.073924 0 -0.004863 0.999988 0 0 0 0 1 1 0 0 0 0 0.999946 0.010352 0.073924 0 -0.010352 0.999946 0 0 0 0 1 1 0 0 0 0 0.999934 0.011428 0.073924 0 -0.011428 0.999934 0 0 0 0 1 1 0 0 0 0 0.999975 0.007043 0.073924 0 -0.007043 0.999975 0 0 0 0 1 1 0 0 0 0 0.999999 -0.001015 0.073924 0 0.001015 0.999999 0 0 0 0 1 1 0 0 0 0 0.999958 -0.00908 0.073924 0 0.00908 0.999958 0 0 0 0 1 1 0 0 0 0 0.99987 -0.016104 0.073924 0 0.016104 0.99987 0 0 0 0 1 1 0 0 0 0 0.999787 -0.020609 0.073924 0 0.020609 0.999787 0 0 0 0 1 1 0 0 0 0 0.999772 -0.021333 0.073924 0 0.021333 0.999772 0 0 0 0 1</float_array>
        <technique_common>
          <accessor source="#Spine2_matrix_Spine2_transform-output-array" count="24" stride="16">
            <param name="TRANSFORM" type="float4x4"/>
          </accessor>
        </technique_common>
      </source>
      <source id="Spine2_matrix_Spine2_transform-interpolations">
        <Name_array id="Spine2_matrix_Spine2_transform-interpolations-array" count="24">LINEAR LINEAR LINEAR LINEAR LINEAR LINEAR LINEAR LINEAR LINEAR LINEAR LINEAR LINEAR LINEAR LINEAR LINEAR LINEAR LINEAR LINEAR LINEAR LINEAR LINEAR LINEAR LINEAR LINEAR</Name_array>
        <technique_common>
          <accessor source="#Spine2_matrix_Spine2_transform-interpolations-array" count="24" stride="1">
            <param name="INTERPOLATION" type="Name"/>
          </accessor>
        </technique_common>
      </source>
      <sampler id="Spine2_matrix_Spine2_transform-sampler">
        <input semantic="INPUT" source="#Spine2_matrix_Spine2_transform-input"/>
        <input semantic="OUTPUT" source="#Spine2_matrix_Spine2_transform-output"/>
        <input semantic="INTERPOLATION" source="#Spine2_matrix_Spine2_transform-interpolations"/>
      </sampler>
      <channel source="#Spine2_matrix_Spine2_transform-sampler" target="Spine2/transform"/>
    </animation>
    <animation id="Spine3_matrix">
      <source id="Spine3_matrix_Spine3_transform-input">
        <float_array id="Spine3_matrix_Spine3_transform-input-array" count="24">0 0.041666 0.083333 0.125 0.166667 0.208333 0.25 0.291667 0.333333 0.375 0.416667 0.458333 0.5 0.541667 0.583333 0.625 0.666667 0.708333 0.75 0.791667 0.833333 0.875 0.916667 0.958333</float_array>
        <technique_common>
          <accessor source="#Spine3_matrix_Spine3_transform-input-array" count="24" stride="1">
            <param name="TIME" type="float"/>
          </accessor>
        </technique_common>
        <technique profile="MAYA">
          <pre_infinity>CONSTANT</pre_infinity>
          <post_infinity>CONSTANT</post_infinity>
        </technique>
      </source>
      <source id="Spine3_matrix_Spine3_transform-output">
        <float_array id="Spine3_matrix_Spine3_transform-output-array" count="384">0.992404 0.079256 -0.094089 0 -0.084964 0.994677 -0.058289 0.111876 0.088969 0.065841 0.993856 0 0 0 0 1 0.992419 0.083267 -0.090391 0 -0.087564 0.995157 -0.044656 0.111876 0.086235 0.052233 0.994905 0 0 0 0 1 0.994273 0.074985 -0.076147 0 -0.075829 0.997086 -0.008251 0.111876 0.075307 0.013979 0.997063 0 0 0 0 1 0.996776 0.056524 -0.056941 0 -0.05442 0.9978 0.037846 0.111876 0.058955 -0.034624 0.99766 0 0 0 0 1 0.998578 0.035439 -0.039817 0 -0.032342 0.996589 0.075917 0.111876 0.042373 -0.074521 0.996319 0 0 0 0 1 0.999606 0.01416 -0.024237 0 -0.011647 0.994831 0.100868 0.111876 0.025541 -0.100545 0.994605 0 0 0 0 1 0.99995 -0.007041 -0.007104 0 0.007735 0.994664 0.102872 0.111876 0.006342 -0.102921 0.994669 0 0 0 0 1 0.999462 -0.029209 0.014894 0 0.027986 0.996671 0.076563 0.111876 -0.01708 -0.076105 0.996953 0 0 0 0 1 0.998119 -0.048107 0.038009 0 0.046609 0.998136 0.039374 0.111876 -0.039832 -0.037528 0.998501 0 0 0 0 1 0.996099 -0.063362 0.06142 0 0.063553 0.997977 -0.001158 0.111876 -0.061222 0.005057 0.998111 0 0 0 0 1 0.993729 -0.074637 0.083254 0 0.078113 0.996169 -0.039304 0.111876 -0.080001 0.045561 0.995753 0 0 0 0 1 0.992494 -0.078972 0.093374 0 0.08452 0.994788 -0.057026 0.111876 -0.088383 0.064491 0.993997 0 0 0 0 1 0.99314 -0.076824 0.088152 0 0.081253 0.995546 -0.047792 0.111876 -0.084088 0.054627 0.99496 0 0 0 0 1 0.995086 -0.068766 0.071237 0 0.070233 0.997362 -0.018294 0.111876 -0.069791 0.023208 0.997292 0 0 0 0 1 0.99759 -0.0529 0.044907 0 0.051715 0.998292 0.027146 0.111876 -0.046266 -0.024758 0.998622 0 0 0 0 1 0.999339 -0.031754 0.017727 0 0.030394 0.996918 0.072309 0.111876 -0.019968 -0.071722 0.997225 0 0 0 0 1 0.999924 -0.012081 -0.002621 0 0.012284 0.994859 0.100517 0.111876 0.001394 -0.100541 0.994932 0 0 0 0 1 0.999828 0.005473 -0.017697 0 -0.003558 0.99431 0.106464 0.111876 0.018179 -0.106382 0.994159 0 0 0 0 1 0.99902 0.028242 -0.03407 0 -0.0252 0.995922 0.086617 0.111876 0.036378 -0.085673 0.995659 0 0 0 0 1 0.997283 0.052128 -0.052055 0 -0.049553 0.997539 0.04959 0.111876 0.054512 -0.046875 0.997412 0 0 0 0 1 0.995264 0.069434 -0.068032 0 -0.068808 0.997563 0.011514 0.111876 0.068667 -0.006778 0.997617 0 0 0 0 1 0.99344 0.079711 -0.081993 0 -0.081925 0.996349 -0.02399 0.111876 0.079782 0.030551 0.996344 0 0 0 0 1 0.992506 0.080203 -0.092191 0 -0.085281 0.994971 -0.052518 0.111876 0.087516 0.059987 0.994355 0 0 0 0 1 0.992416 0.079047 -0.094137 0 -0.084779 0.994679 -0.058521 0.111876 0.08901 0.066058 0.993838 0 0 0 0 1</float_array>
        <technique_common>
          <accessor source="#Spine3_matrix_Spine3_transform-output-array" count="24" stride="16">
            <param name="TRANSFORM" type="float4x4"/>
          </accessor>
        </technique_common>
      </source>
      <source id="Spine3_matrix_Spine3_transform-interpolations">
        <Name_array id="Spine3_matrix_Spine3_transform-interpolations-array" count="24">LINEAR LINEAR LINEAR LINEAR LINEAR LINEAR LINEAR LINEAR LINEAR LINEAR LINEAR LINEAR LINEAR LINEAR LINEAR LINEAR LINEAR LINEAR LINEAR LINEAR LINEAR LINEAR LINEAR LINEAR</Name_array>
        <technique_common>
          <accessor source="#Spine3_matrix_Spine3_transform-interpolations-array" count="24" stride="1">
            <param name="INTERPOLATION" type="Name"/>
          </accessor>
        </technique_common>
      </source>
      <sampler id="Spine3_matrix_Spine3_transform-sampler">
        <input semantic="INPUT" source="#Spine3_matrix_Spine3_transform-input"/>
        <input semantic="OUTPUT" source="#Spine3_matrix_Spine3_transform-output"/>
        <input semantic="INTERPOLATION" source="#Spine3_matrix_Spine3_transform-interpolations"/>
      </sampler>
      <channel source="#Spine3_matrix_Spine3_transform-sampler" target="Spine3/transform"/>
    </animation>
    <animation id="Head_matrix">
      <source id="Head_matrix_Head_transform-input">
        <float_array id="Head_matrix_Head_transform-input-array" count="24">0 0.041666 0.083333 0.125 0.166667 0.208333 0.25 0.291667 0.333333 0.375 0.416667 0.458333 0.5 0.541667 0.583333 0.625 0.666667 0.708333 0.75 0.791667 0.833333 0.875 0.916667 0.958333</float_array>
        <technique_common>
          <accessor source="#Head_matrix_Head_transform-input-array" count="24" stride="1">
            <param name="TIME" type="float"/>
          </accessor>
        </technique_common>
        <technique profile="MAYA">
          <pre_infinity>CONSTANT</pre_infinity>
          <post_infinity>CONSTANT</post_infinity>
        </technique>
      </source>
      <source id="Head_matrix_Head_transform-output">
        <float_array id="Head_matrix_Head_transform-output-array" count="384">0.969846 -0.229651 0.0816 0 0.118816 0.737858 0.664415 0.053577 -0.212793 -0.634685 0.742895 0 0 0 0 1 0.974489 -0.207816 0.084748 0 0.106928 0.761912 0.638792 0.053577 -0.197323 -0.613434 0.764697 0 0 0 0 1 0.985018 -0.145401 0.092726 0 0.070206 0.829225 0.554487 0.053577 -0.157515 -0.53967 0.827009 0 0 0 0 1 0.994411 -0.064069 0.083912 0 0.019807 0.893915 0.447798 0.053577 -0.103701 -0.443633 0.890188 0 0 0 0 1 0.998263 0.006399 0.058564 0 -0.026225 0.938429 0.344473 0.053577 -0.052754 -0.345411 0.936967 0 0 0 0 1 0.9979 0.060408 0.023383 0 -0.064556 0.957169 0.282241 0.053577 -0.005332 -0.283158 0.959058 0 0 0 0 1 0.994882 0.100068 -0.01401 0 -0.092197 0.955743 0.279381 0.053577 0.041347 -0.276659 0.960077 0 0 0 0 1 0.990023 0.132387 -0.048247 0 -0.108532 0.934839 0.338077 0.053577 0.08986 -0.329468 0.93988 0 0 0 0 1 0.98421 0.163241 -0.068421 0 -0.116858 0.889614 0.44151 0.053577 0.132941 -0.426543 0.894643 0 0 0 0 1 0.977918 0.193754 -0.078326 0 -0.12047 0.828883 0.546296 0.053577 0.170771 -0.524797 0.833921 0 0 0 0 1 0.972012 0.220414 -0.081295 0 -0.120852 0.765877 0.631527 0.053577 0.201459 -0.604028 0.771079 0 0 0 0 1 0.970007 0.228927 -0.081725 0 -0.118929 0.740184 0.661802 0.053577 0.211997 -0.632233 0.74521 0 0 0 0 1 0.973219 0.215684 -0.079532 0 -0.115692 0.758509 0.64131 0.053577 0.198646 -0.614934 0.763148 0 0 0 0 1 0.980228 0.183636 -0.073689 0 -0.109803 0.814634 0.569486 0.053577 0.164608 -0.550135 0.818691 0 0 0 0 1 0.988927 0.139074 -0.05177 0 -0.099196 0.878984 0.466418 0.053577 0.110372 -0.456118 0.883048 0 0 0 0 1 0.995177 0.096716 -0.016387 0 -0.084392 0.929291 0.359576 0.053577 0.050005 -0.356459 0.932971 0 0 0 0 1 0.997675 0.065521 0.018736 0 -0.068146 0.956837 0.282522 0.053577 0.000583 -0.283142 0.959077 0 0 0 0 1 0.998074 0.035257 0.051025 0 -0.047687 0.962276 0.267863 0.053577 -0.039656 -0.269781 0.962104 0 0 0 0 1 0.996064 -0.016023 0.087178 0 -0.012262 0.949157 0.314562 0.053577 -0.087786 -0.314392 0.945225 0 0 0 0 1 0.989926 -0.08583 0.112603 0 0.031306 0.908311 0.417121 0.053577 -0.138081 -0.409394 0.901848 0 0 0 0 1 0.981891 -0.150348 0.115259 0 0.068566 0.849196 0.523607 0.053577 -0.176601 -0.506223 0.844127 0 0 0 0 1 0.974217 -0.201446 0.101587 0 0.098174 0.783933 0.613034 0.053577 -0.203131 -0.587255 0.783498 0 0 0 0 1 0.970225 -0.2265 0.085795 0 0.116051 0.745655 0.656147 0.053577 -0.212592 -0.626654 0.749739 0 0 0 0 1 0.969896 -0.229514 0.081385 0 0.118819 0.737753 0.664531 0.053577 -0.212562 -0.634856 0.742815 0 0 0 0 1</float_array>
        <technique_common>
          <accessor source="#Head_matrix_Head_transform-output-array" count="24" stride="16">
            <param name="TRANSFORM" type="float4x4"/>
          </accessor>
        </technique_common>
      </source>
      <source id="Head_matrix_Head_transform-interpolations">
        <Name_array id="Head_matrix_Head_transform-interpolations-array" count="24">LINEAR LINEAR LINEAR LINEAR LINEAR LINEAR LINEAR LINEAR LINEAR LINEAR LINEAR LINEAR LINEAR LINEAR LINEAR LINEAR LINEAR LINEAR LINEAR LINEAR LINEAR LINEAR LINEAR LINEAR</Name_array>
        <technique_common>
          <accessor source="#Head_matrix_Head_transform-interpolations-array" count="24" stride="1">
            <param name="INTERPOLATION" type="Name"/>
          </accessor>
        </technique_common>
      </source>
      <sampler id="Head_matrix_Head_transform-sampler">
        <input semantic="INPUT" source="#Head_matrix_Head_transform-input"/>
        <input semantic="OUTPUT" source="#Head_matrix_Head_transform-output"/>
        <input semantic="INTERPOLATION" source="#Head_matrix_Head_transform-interpolations"/>
      </sampler>
      <channel source="#Head_matrix_Head_transform-sampler" target="Head/transform"/>
    </animation>
    <animation id="LeftShoulder_matrix">
      <source id="LeftShoulder_matrix_LeftShoulder_transform-input">
        <float_array id="LeftShoulder_matrix_LeftShoulder_transform-input-array" count="24">0 0.041666 0.083333 0.125 0.166667 0.208333 0.25 0.291667 0.333333 0.375 0.416667 0.458333 0.5 0.541667 0.583333 0.625 0.666667 0.708333 0.75 0.791667 0.833333 0.875 0.916667 0.958333</float_array>
        <technique_common>
          <accessor source="#LeftShoulder_matrix_LeftShoulder_transform-input-array" count="24" stride="1">
            <param name="TIME" type="float"/>
          </accessor>
        </technique_common>
        <technique profile="MAYA">
          <pre_infinity>CONSTANT</pre_infinity>
          <post_infinity>CONSTANT</post_infinity>
        </technique>
      </source>
      <source id="LeftShoulder_matrix_LeftShoulder_transform-output">
        <float_array id="LeftShoulder_matrix_LeftShoulder_transform-output-array" count="384">-0.702315 0.698472 0.137443 0.017011 0.037595 0.229197 -0.972654 0.181867 -0.710873 -0.677942 -0.187228 0.084759 0 0 0 1 -0.697421 0.704145 0.133356 0.017011 0.037984 0.222137 -0.974275 0.181867 -0.715654 -0.674415 -0.18167 0.084759 0 0 0 1 -0.683527 0.719744 0.121488 0.017011 0.039063 0.202269 -0.978551 0.181867 -0.728879 -0.66412 -0.166372 0.084759 0 0 0 1 -0.665558 0.738837 0.105602 0.017011 0.040389 0.17694 -0.983393 0.181867 -0.745252 -0.65024 -0.147605 0.084759 0 0 0 1 -0.650519 0.753911 0.091887 0.017011 0.041448 0.156046 -0.98688 0.181867 -0.758358 -0.638175 -0.132759 0.084759 0 0 0 1 -0.640559 0.763453 0.082611 0.017011 0.042129 0.142356 -0.988919 0.181867 -0.766753 -0.62998 -0.123352 0.084759 0 0 0 1 -0.639651 0.764305 0.081759 0.017011 0.042191 0.141115 -0.989094 0.181867 -0.767507 -0.629225 -0.122512 0.084759 0 0 0 1 -0.649932 0.754483 0.091345 0.017011 0.04149 0.155238 -0.987006 0.181867 -0.758859 -0.637696 -0.132199 0.084759 0 0 0 1 -0.664481 0.739944 0.104634 0.017011 0.040462 0.175433 -0.98366 0.181867 -0.746209 -0.649389 -0.146512 0.084759 0 0 0 1 -0.680255 0.723311 0.118638 0.017011 0.039306 0.197623 -0.97949 0.181867 -0.731921 -0.661639 -0.162865 0.084759 0 0 0 1 -0.69501 0.706906 0.131324 0.017011 0.038175 0.21867 -0.975052 0.181867 -0.717986 -0.672657 -0.178965 0.084759 0 0 0 1 -0.70183 0.699038 0.137041 0.017011 0.037633 0.228497 -0.972817 0.181867 -0.71135 -0.677595 -0.186674 0.084759 0 0 0 1 -0.698282 0.703154 0.134079 0.017011 0.037915 0.223376 -0.973995 0.181867 -0.714818 -0.675039 -0.18264 0.084759 0 0 0 1 -0.686895 0.716031 0.124399 0.017011 0.038803 0.207059 -0.977559 0.181867 -0.725721 -0.666652 -0.170013 0.084759 0 0 0 1 -0.669241 0.735022 0.108903 0.017011 0.040126 0.1821 -0.982461 0.181867 -0.741961 -0.653133 -0.151363 0.084759 0 0 0 1 -0.651599 0.752856 0.092883 0.017011 0.041376 0.157538 -0.986646 0.181867 -0.757435 -0.639054 -0.133803 0.084759 0 0 0 1 -0.64057 0.763442 0.082622 0.017011 0.042129 0.142372 -0.988917 0.181867 -0.766743 -0.629989 -0.123363 0.084759 0 0 0 1 -0.638355 0.765512 0.080585 0.017011 0.042278 0.139402 -0.989333 0.181867 -0.76858 -0.628138 -0.121353 0.084759 0 0 0 1 -0.646805 0.757445 0.088992 0.017011 0.041708 0.151644 -0.987555 0.181867 -0.761514 -0.635044 -0.129676 0.084759 0 0 0 1 -0.662245 0.742049 0.103901 0.017011 0.040626 0.174022 -0.983904 0.181867 -0.748186 -0.647364 -0.145392 0.084759 0 0 0 1 -0.677627 0.725865 0.118075 0.017011 0.0395 0.19625 -0.979758 0.181867 -0.734344 -0.659247 -0.161656 0.084759 0 0 0 1 -0.691179 0.710953 0.129683 0.017011 0.038471 0.215389 -0.97577 0.181867 -0.721659 -0.669443 -0.176225 0.084759 0 0 0 1 -0.700646 0.700339 0.136456 0.017011 0.037728 0.227342 -0.973084 0.181867 -0.712511 -0.676639 -0.18571 0.084759 0 0 0 1 -0.702358 0.698431 0.137433 0.017011 0.037591 0.229195 -0.972655 0.181867 -0.710831 -0.677985 -0.187232 0.084759 0 0 0 1</float_array>
        <technique_common>
          <accessor source="#LeftShoulder_matrix_LeftShoulder_transform-output-array" count="24" stride="16">
            <param name="TRANSFORM" type="float4x4"/>
          </accessor>
        </technique_common>
      </source>
      <source id="LeftShoulder_matrix_LeftShoulder_transform-interpolations">
        <Name_array id="LeftShoulder_matrix_LeftShoulder_transform-interpolations-array" count="24">LINEAR LINEAR LINEAR LINEAR LINEAR LINEAR LINEAR LINEAR LINEAR LINEAR LINEAR LINEAR LINEAR LINEAR LINEAR LINEAR LINEAR LINEAR LINEAR LINEAR LINEAR LINEAR LINEAR LINEAR</Name_array>
        <technique_common>
          <accessor source="#LeftShoulder_matrix_LeftShoulder_transform-interpolations-array" count="24" stride="1">
            <param name="INTERPOLATION" type="Name"/>
          </accessor>
        </technique_common>
      </source>
      <sampler id="LeftShoulder_matrix_LeftShoulder_transform-sampler">
        <input semantic="INPUT" source="#LeftShoulder_matrix_LeftShoulder_transform-input"/>
        <input semantic="OUTPUT" source="#LeftShoulder_matrix_LeftShoulder_transform-output"/>
        <input semantic="INTERPOLATION" source="#LeftShoulder_matrix_LeftShoulder_transform-interpolations"/>
      </sampler>
      <channel source="#LeftShoulder_matrix_LeftShoulder_transform-sampler" target="LeftShoulder/transform"/>
    </animation>
    <animation id="LeftArm_matrix">
      <source id="LeftArm_matrix_LeftArm_transform-input">
        <float_array id="LeftArm_matrix_LeftArm_transform-input-array" count="24">0 0.041666 0.083333 0.125 0.166667 0.208333 0.25 0.291667 0.333333 0.375 0.416667 0.458333 0.5 0.541667 0.583333 0.625 0.666667 0.708333 0.75 0.791667 0.833333 0.875 0.916667 0.958333</float_array>
        <technique_common>
          <accessor source="#LeftArm_matrix_LeftArm_transform-input-array" count="24" stride="1">
            <param name="TIME" type="float"/>
          </accessor>
        </technique_common>
        <technique profile="MAYA">
          <pre_infinity>CONSTANT</pre_infinity>
          <post_infinity>CONSTANT</post_infinity>
        </technique>
      </source>
      <source id="LeftArm_matrix_LeftArm_transform-output">
        <float_array id="LeftArm_matrix_LeftArm_transform-output-array" count="384">0.496757 -0.392691 0.773968 0 0.610156 0.792214 0.01033 0.188543 -0.617205 0.46711 0.63314 0 0 0 0 1 0.494864 -0.391389 0.775838 0 0.607583 0.794148 0.01308 0.188543 -0.621251 0.464913 0.630796 0 0 0 0 1 0.488508 -0.389013 0.781043 0 0.600365 0.799405 0.022656 0.188543 -0.633184 0.457843 0.624065 0 0 0 0 1 0.478143 -0.388918 0.787478 0 0.59113 0.805635 0.038959 0.188543 -0.649573 0.446874 0.615109 0 0 0 0 1 0.466132 -0.393455 0.79241 0 0.583418 0.810026 0.059007 0.188543 -0.66509 0.434801 0.607127 0 0 0 0 1 0.451433 -0.405631 0.794778 0 0.578218 0.811372 0.085671 0.188543 -0.679612 0.42088 0.600823 0 0 0 0 1 0.428798 -0.434984 0.791784 0 0.57721 0.806137 0.130275 0.188543 -0.694954 0.401164 0.596747 0 0 0 0 1 0.392411 -0.489638 0.778633 0 0.580014 0.788733 0.203676 0.188543 -0.713861 0.371693 0.593504 0 0 0 0 1 0.354166 -0.549134 0.75698 0 0.58244 0.762812 0.280858 0.188543 -0.731662 0.341426 0.589999 0 0 0 0 1 0.319367 -0.604712 0.729609 0 0.583768 0.732036 0.351194 0.188543 -0.746471 0.313763 0.586799 0 0 0 0 1 0.294295 -0.64761 0.702846 0 0.585307 0.703494 0.403127 0.188543 -0.755517 0.292742 0.586085 0 0 0 0 1 0.295191 -0.654515 0.696041 0 0.58945 0.698096 0.406461 0.188543 -0.751939 0.290298 0.591875 0 0 0 0 1 0.32986 -0.616005 0.715354 0 0.596109 0.723498 0.348143 0.188543 -0.732015 0.311591 0.605859 0 0 0 0 1 0.401284 -0.528757 0.747922 0 0.595516 0.771023 0.225575 0.188543 -0.69594 0.35488 0.624282 0 0 0 0 1 0.497186 -0.414859 0.762036 0 0.588682 0.806493 0.054978 0.188543 -0.637385 0.421263 0.645196 0 0 0 0 1 0.590198 -0.305774 0.747107 0 0.565036 0.817457 -0.1118 0.188543 -0.576542 0.488127 0.655234 0 0 0 0 1 0.653805 -0.227087 0.721783 0 0.53274 0.81555 -0.225979 0.188543 -0.537334 0.532269 0.654188 0 0 0 0 1 0.678988 -0.197123 0.70719 0 0.519915 0.809209 -0.273623 0.188543 -0.518328 0.553465 0.65193 0 0 0 0 1 0.670209 -0.203205 0.713812 0 0.525198 0.809419 -0.262695 0.188543 -0.524392 0.550954 0.649202 0 0 0 0 1 0.635605 -0.236854 0.734783 0 0.542938 0.813774 -0.20734 0.188543 -0.548839 0.530728 0.645835 0 0 0 0 1 0.592897 -0.281503 0.754473 0 0.562537 0.815189 -0.13791 0.188543 -0.576216 0.506185 0.641679 0 0 0 0 1 0.547918 -0.331492 0.768049 0 0.582426 0.810216 -0.065806 0.188543 -0.600472 0.483388 0.637001 0 0 0 0 1 0.505979 -0.381471 0.773605 0 0.604685 0.79646 -0.002756 0.188543 -0.615095 0.469182 0.633662 0 0 0 0 1 0.496254 -0.393361 0.77395 0 0.610591 0.791871 0.010959 0.188543 -0.61718 0.467128 0.633151 0 0 0 0 1</float_array>
        <technique_common>
          <accessor source="#LeftArm_matrix_LeftArm_transform-output-array" count="24" stride="16">
            <param name="TRANSFORM" type="float4x4"/>
          </accessor>
        </technique_common>
      </source>
      <source id="LeftArm_matrix_LeftArm_transform-interpolations">
        <Name_array id="LeftArm_matrix_LeftArm_transform-interpolations-array" count="24">LINEAR LINEAR LINEAR LINEAR LINEAR LINEAR LINEAR LINEAR LINEAR LINEAR LINEAR LINEAR LINEAR LINEAR LINEAR LINEAR LINEAR LINEAR LINEAR LINEAR LINEAR LINEAR LINEAR LINEAR</Name_array>
        <technique_common>
          <accessor source="#LeftArm_matrix_LeftArm_transform-interpolations-array" count="24" stride="1">
            <param name="INTERPOLATION" type="Name"/>
          </accessor>
        </technique_common>
      </source>
      <sampler id="LeftArm_matrix_LeftArm_transform-sampler">
        <input semantic="INPUT" source="#LeftArm_matrix_LeftArm_transform-input"/>
        <input semantic="OUTPUT" source="#LeftArm_matrix_LeftArm_transform-output"/>
        <input semantic="INTERPOLATION" source="#LeftArm_matrix_LeftArm_transform-interpolations"/>
      </sampler>
      <channel source="#LeftArm_matrix_LeftArm_transform-sampler" target="LeftArm/transform"/>
    </animation>
    <animation id="LeftForeArm_matrix">
      <source id="LeftForeArm_matrix_LeftForeArm_transform-input">
        <float_array id="LeftForeArm_matrix_LeftForeArm_transform-input-array" count="24">0 0.041666 0.083333 0.125 0.166667 0.208333 0.25 0.291667 0.333333 0.375 0.416667 0.458333 0.5 0.541667 0.583333 0.625 0.666667 0.708333 0.75 0.791667 0.833333 0.875 0.916667 0.958333</float_array>
        <technique_common>
          <accessor source="#LeftForeArm_matrix_LeftForeArm_transform-input-array" count="24" stride="1">
            <param name="TIME" type="float"/>
          </accessor>
        </technique_common>
        <technique profile="MAYA">
          <pre_infinity>CONSTANT</pre_infinity>
          <post_infinity>CONSTANT</post_infinity>
        </technique>
      </source>
      <source id="LeftForeArm_matrix_LeftForeArm_transform-output">
        <float_array id="LeftForeArm_matrix_LeftForeArm_transform-output-array" count="384">0.000006 -1 0 0.000005 0.999999 0.000006 -0.001515 0.3215 0.001515 0 0.999999 0 0 0 0 1 -0.070374 -0.997521 0.000000 0.000005 0.99752 -0.070374 -0.001514 0.3215 0.001511 -0.000106 0.999999 0 0 0 0 1 -0.117501 -0.993073 0.000000 0.000005 0.993072 -0.117501 -0.001514 0.3215 0.001504 -0.000177 0.999999 0 0 0 0 1 -0.116639 -0.993174 0.000000 0.000005 0.993173 -0.116639 -0.001514 0.3215 0.001504 -0.000175 0.999999 0 0 0 0 1 -0.059723 -0.998215 0.000000 0.000005 0.998214 -0.059722 -0.001514 0.3215 0.001512 -0.000089 0.999999 0 0 0 0 1 0.116521 -0.993188 -0.000021 0.000005 0.993187 0.116521 -0.001511 0.3215 0.001504 0.000154 0.999999 0 0 0 0 1 0.333744 -0.942664 -0.000008 0.000005 0.942663 0.333744 -0.001509 0.3215 0.001425 0.000495 0.999999 0 0 0 0 1 0.485248 -0.874377 -0.000009 0.000005 0.874376 0.485247 -0.001513 0.3215 0.001328 0.000726 0.999999 0 0 0 0 1 0.480076 -0.877227 -0.000000 0.000005 0.877226 0.480075 -0.001514 0.3215 0.001329 0.000727 0.999999 0 0 0 0 1 0.351481 -0.936195 0.000016 0.000005 0.936194 0.35148 -0.001512 0.3215 0.00141 0.000546 0.999999 0 0 0 0 1 0.164228 -0.986422 0.000004 0.000005 0.986421 0.164228 -0.00151 0.3215 0.001489 0.000252 0.999999 0 0 0 0 1 0.015599 -0.999878 -0.000007 0.000005 0.999877 0.015599 -0.001513 0.3215 0.001513 0.000016 0.999999 0 0 0 0 1 -0.064662 -0.997907 0 0.000005 0.997906 -0.064661 -0.001515 0.3215 0.001512 -0.000097 0.999999 0 0 0 0 1 -0.110237 -0.993905 0.000000 0.000005 0.993904 -0.110236 -0.001514 0.3215 0.001505 -0.000166 0.999999 0 0 0 0 1 -0.118767 -0.992922 0.000000 0.000005 0.992921 -0.118767 -0.001514 0.3215 0.001504 -0.000179 0.999999 0 0 0 0 1 -0.07561 -0.997137 0.000022 0.000005 0.997136 -0.07561 -0.001514 0.3215 0.001511 -0.000092 0.999999 0 0 0 0 1 0.096301 -0.995352 -0.000000 0.000005 0.995351 0.0963 -0.001514 0.3215 0.001508 0.000145 0.999999 0 0 0 0 1 0.320301 -0.947316 -0.000028 0.000005 0.947315 0.320301 -0.001511 0.3215 0.001441 0.000457 0.999999 0 0 0 0 1 0.472446 -0.88136 -0.000022 0.000005 0.881359 0.472445 -0.001512 0.3215 0.001344 0.000695 0.999999 0 0 0 0 1 0.49138 -0.870945 -0.000000 0.000005 0.870944 0.49138 -0.001514 0.3215 0.001319 0.000743 0.999999 0 0 0 0 1 0.407173 -0.913351 -0.000000 0.000005 0.91335 0.407173 -0.001513 0.3215 0.001383 0.000615 0.999999 0 0 0 0 1 0.213512 -0.97694 0.000024 0.000005 0.976939 0.213512 -0.001512 0.3215 0.001471 0.000347 0.999999 0 0 0 0 1 0.023277 -0.999729 0.000025 0.000005 0.999728 0.023277 -0.001513 0.3215 0.001512 0.00006 0.999999 0 0 0 0 1 -0.001634 -0.999999 0.000000 0.000005 0.999998 -0.001634 -0.001515 0.3215 0.001515 -0.000002 0.999999 0 0 0 0 1</float_array>
        <technique_common>
          <accessor source="#LeftForeArm_matrix_LeftForeArm_transform-output-array" count="24" stride="16">
            <param name="TRANSFORM" type="float4x4"/>
          </accessor>
        </technique_common>
      </source>
      <source id="LeftForeArm_matrix_LeftForeArm_transform-interpolations">
        <Name_array id="LeftForeArm_matrix_LeftForeArm_transform-interpolations-array" count="24">LINEAR LINEAR LINEAR LINEAR LINEAR LINEAR LINEAR LINEAR LINEAR LINEAR LINEAR LINEAR LINEAR LINEAR LINEAR LINEAR LINEAR LINEAR LINEAR LINEAR LINEAR LINEAR LINEAR LINEAR</Name_array>
        <technique_common>
          <accessor source="#LeftForeArm_matrix_LeftForeArm_transform-interpolations-array" count="24" stride="1">
            <param name="INTERPOLATION" type="Name"/>
          </accessor>
        </technique_common>
      </source>
      <sampler id="LeftForeArm_matrix_LeftForeArm_transform-sampler">
        <input semantic="INPUT" source="#LeftForeArm_matrix_LeftForeArm_transform-input"/>
        <input semantic="OUTPUT" source="#LeftForeArm_matrix_LeftForeArm_transform-output"/>
        <input semantic="INTERPOLATION" source="#LeftForeArm_matrix_LeftForeArm_transform-interpolations"/>
      </sampler>
      <channel source="#LeftForeArm_matrix_LeftForeArm_transform-sampler" target="LeftForeArm/transform"/>
    </animation>
    <animation id="LeftHand_matrix">
      <source id="LeftHand_matrix_LeftHand_transform-input">
        <float_array id="LeftHand_matrix_LeftHand_transform-input-array" count="24">0 0.041666 0.083333 0.125 0.166667 0.208333 0.25 0.291667 0.333333 0.375 0.416667 0.458333 0.5 0.541667 0.583333 0.625 0.666667 0.708333 0.75 0.791667 0.833333 0.875 0.916667 0.958333</float_array>
        <technique_common>
          <accessor source="#LeftHand_matrix_LeftHand_transform-input-array" count="24" stride="1">
            <param name="TIME" type="float"/>
          </accessor>
        </technique_common>
        <technique profile="MAYA">
          <pre_infinity>CONSTANT</pre_infinity>
          <post_infinity>CONSTANT</post_infinity>
        </technique>
      </source>
      <source id="LeftHand_matrix_LeftHand_transform-output">
        <float_array id="LeftHand_matrix_LeftHand_transform-output-array" count="384">0.342019 -0.883267 -0.320721 0.000005 0.002094 0.342019 -0.939691 0.244116 0.939691 0.320721 0.118827 0 0 0 0 1 0.303698 -0.935315 -0.181529 0.000005 0.00557 0.192267 -0.981327 0.244116 0.952752 0.297016 0.063601 0 0 0 0 1 0.294246 -0.953363 -0.067216 0.000005 0.013792 0.074557 -0.997122 0.244116 0.95563 0.292473 0.035087 0 0 0 0 1 0.316033 -0.948728 -0.006086 0.000005 0.021308 0.013511 -0.999682 0.244116 0.948509 0.315803 0.024486 0 0 0 0 1 0.359345 -0.933195 -0.004103 0.000005 0.022907 0.013216 -0.999651 0.244116 0.932924 0.359126 0.026126 0 0 0 0 1 0.46571 -0.857365 -0.219178 0.000005 0.019212 0.257414 -0.966111 0.244116 0.884729 0.445716 0.136352 0 0 0 0 1 0.60553 -0.592473 -0.531327 0.000005 0.011051 0.67384 -0.738794 0.244116 0.795746 0.441491 0.414579 0 0 0 0 1 0.699797 -0.281899 -0.656367 0.000005 0.003679 0.920251 -0.391311 0.244116 0.714333 0.271424 0.645026 0 0 0 0 1 0.690064 -0.250711 -0.678937 0.000005 0.000924 0.938388 -0.34558 0.244116 0.723748 0.237846 0.64778 0 0 0 0 1 0.596771 -0.398059 -0.696716 0.000005 0.000628 0.868509 -0.495673 0.244116 0.802412 0.295366 0.518552 0 0 0 0 1 0.460728 -0.627194 -0.627978 0.000005 0.001452 0.70808 -0.706131 0.244116 0.88754 0.324423 0.327144 0 0 0 0 1 0.345393 -0.799353 -0.49167 0.000005 0.002034 0.524548 -0.851379 0.244116 0.938456 0.29306 0.182802 0 0 0 0 1 0.306118 -0.888484 -0.341887 0.000005 0.002094 0.359755 -0.933045 0.244116 0.951991 0.284907 0.111988 0 0 0 0 1 0.294335 -0.939592 -0.174738 0.000005 0.002094 0.18347 -0.983023 0.244116 0.9557 0.288973 0.055969 0 0 0 0 1 0.310835 -0.949741 -0.037044 0.000005 0.002097 0.03966 -0.999211 0.244116 0.950462 0.310512 0.014319 0 0 0 0 1 0.357694 -0.933681 -0.017146 0.000005 0.002098 0.019165 -0.999815 0.244116 0.933837 0.357592 0.008814 0 0 0 0 1 0.447997 -0.873514 -0.190451 0.000005 0.002094 0.214048 -0.976821 0.244116 0.894033 0.437215 0.097722 0 0 0 0 1 0.586811 -0.630851 -0.507621 0.000005 0.002143 0.628114 -0.778118 0.244116 0.809721 0.455521 0.369937 0 0 0 0 1 0.691171 -0.309328 -0.653146 0.000005 0.002123 0.904633 -0.426185 0.244116 0.722689 0.29318 0.625914 0 0 0 0 1 0.689353 -0.269473 -0.672441 0.000005 0.002094 0.928977 -0.370131 0.244116 0.724423 0.253743 0.640958 0 0 0 0 1 0.612809 -0.420221 -0.669238 0.000005 0.002094 0.847749 -0.530393 0.244116 0.790228 0.323629 0.520389 0 0 0 0 1 0.480175 -0.675895 -0.559104 0.000005 0.002062 0.638261 -0.769817 0.244116 0.87717 0.368494 0.307872 0 0 0 0 1 0.357634 -0.864261 -0.353766 0.000005 0.002049 0.379546 -0.925171 0.244116 0.93386 0.330149 0.13751 0 0 0 0 1 0.340949 -0.88468 -0.317954 0.000005 0.002094 0.338933 -0.940808 0.244116 0.94008 0.320103 0.117412 0 0 0 0 1</float_array>
        <technique_common>
          <accessor source="#LeftHand_matrix_LeftHand_transform-output-array" count="24" stride="16">
            <param name="TRANSFORM" type="float4x4"/>
          </accessor>
        </technique_common>
      </source>
      <source id="LeftHand_matrix_LeftHand_transform-interpolations">
        <Name_array id="LeftHand_matrix_LeftHand_transform-interpolations-array" count="24">LINEAR LINEAR LINEAR LINEAR LINEAR LINEAR LINEAR LINEAR LINEAR LINEAR LINEAR LINEAR LINEAR LINEAR LINEAR LINEAR LINEAR LINEAR LINEAR LINEAR LINEAR LINEAR LINEAR LINEAR</Name_array>
        <technique_common>
          <accessor source="#LeftHand_matrix_LeftHand_transform-interpolations-array" count="24" stride="1">
            <param name="INTERPOLATION" type="Name"/>
          </accessor>
        </technique_common>
      </source>
      <sampler id="LeftHand_matrix_LeftHand_transform-sampler">
        <input semantic="INPUT" source="#LeftHand_matrix_LeftHand_transform-input"/>
        <input semantic="OUTPUT" source="#LeftHand_matrix_LeftHand_transform-output"/>
        <input semantic="INTERPOLATION" source="#LeftHand_matrix_LeftHand_transform-interpolations"/>
      </sampler>
      <channel source="#LeftHand_matrix_LeftHand_transform-sampler" target="LeftHand/transform"/>
    </animation>
    <animation id="LeftIndex1_matrix">
      <source id="LeftIndex1_matrix_LeftIndex1_transform-input">
        <float_array id="LeftIndex1_matrix_LeftIndex1_transform-input-array" count="24">0 0.041666 0.083333 0.125 0.166667 0.208333 0.25 0.291667 0.333333 0.375 0.416667 0.458333 0.5 0.541667 0.583333 0.625 0.666667 0.708333 0.75 0.791667 0.833333 0.875 0.916667 0.958333</float_array>
        <technique_common>
          <accessor source="#LeftIndex1_matrix_LeftIndex1_transform-input-array" count="24" stride="1">
            <param name="TIME" type="float"/>
          </accessor>
        </technique_common>
        <technique profile="MAYA">
          <pre_infinity>CONSTANT</pre_infinity>
          <post_infinity>CONSTANT</post_infinity>
        </technique>
      </source>
      <source id="LeftIndex1_matrix_LeftIndex1_transform-output">
        <float_array id="LeftIndex1_matrix_LeftIndex1_transform-output-array" count="384">0.987483 0.157674 0.004084 -0.027238 -0.144758 0.916266 -0.373499 0.104 -0.062633 0.368232 0.927622 -0.012047 0 0 0 1 0.988678 0.149895 0.006893 -0.027238 -0.130229 0.879976 -0.456819 0.104 -0.07454 0.450748 0.889534 -0.012047 0 0 0 1 0.989947 0.140395 0.017191 -0.027238 -0.103327 0.800812 -0.589936 0.104 -0.096591 0.582228 0.807267 -0.012047 0 0 0 1 0.990064 0.138174 0.026115 -0.027238 -0.080357 0.708338 -0.701284 0.104 -0.115398 0.692217 0.712404 -0.012047 0 0 0 1 0.989974 0.138265 0.028883 -0.027238 -0.075465 0.690589 -0.7193 0.104 -0.1194 0.709908 0.694099 -0.012047 0 0 0 1 0.990096 0.138091 0.025306 -0.027238 -0.083092 0.721696 -0.687205 0.104 -0.113161 0.678295 0.726023 -0.012047 0 0 0 1 0.990082 0.139015 0.020344 -0.027238 -0.095908 0.774563 -0.625183 0.104 -0.102667 0.61703 0.780214 -0.012047 0 0 0 1 0.989753 0.142088 0.014151 -0.027238 -0.109804 0.820713 -0.560691 0.104 -0.091281 0.553391 0.827905 -0.012047 0 0 0 1 0.98923 0.145972 0.010828 -0.027238 -0.121398 0.859527 -0.496464 0.104 -0.081777 0.489802 0.86799 -0.012047 0 0 0 1 0.988585 0.150475 0.007597 -0.027238 -0.131546 0.886609 -0.443418 0.104 -0.073459 0.437357 0.896283 -0.012047 0 0 0 1 0.987881 0.155131 0.005151 -0.027238 -0.140383 0.907139 -0.396726 0.104 -0.066217 0.391194 0.917923 -0.012047 0 0 0 1 0.987514 0.157475 0.004161 -0.027238 -0.144425 0.915594 -0.375271 0.104 -0.062906 0.369984 0.926906 -0.012047 0 0 0 1 0.988311 0.15231 0.006554 -0.027238 -0.135181 0.89542 -0.424205 0.104 -0.070479 0.41836 0.905543 -0.012047 0 0 0 1 0.989679 0.142763 0.01243 -0.027238 -0.111803 0.823484 -0.556215 0.104 -0.089643 0.549084 0.830946 -0.012047 0 0 0 1 0.990114 0.138417 0.022694 -0.027238 -0.085418 0.723348 -0.68518 0.104 -0.111257 0.676467 0.728021 -0.012047 0 0 0 1 0.989987 0.138223 0.028637 -0.027238 -0.076055 0.693214 -0.716708 0.104 -0.118917 0.707352 0.696786 -0.012047 0 0 0 1 0.990089 0.138015 0.026022 -0.027238 -0.082323 0.72041 -0.688645 0.104 -0.11379 0.679676 0.724632 -0.012047 0 0 0 1 0.990108 0.13853 0.022284 -0.027238 -0.093192 0.767996 -0.633638 0.104 -0.104892 0.625292 0.773309 -0.012047 0 0 0 1 0.989844 0.141253 0.016031 -0.027238 -0.107054 0.814847 -0.569705 0.104 -0.093535 0.562202 0.821694 -0.012047 0 0 0 1 0.989272 0.145717 0.010359 -0.027238 -0.120612 0.85473 -0.504865 0.104 -0.082421 0.498199 0.863137 -0.012047 0 0 0 1 0.988621 0.15023 0.007752 -0.027238 -0.131044 0.88538 -0.446015 0.104 -0.073869 0.439923 0.894993 -0.012047 0 0 0 1 0.987992 0.154407 0.00549 -0.027238 -0.139088 0.904317 -0.403565 0.104 -0.067278 0.397955 0.914935 -0.012047 0 0 0 1 0.987566 0.157147 0.004292 -0.027238 -0.143873 0.914477 -0.378195 0.104 -0.063358 0.372874 0.925716 -0.012047 0 0 0 1 0.987487 0.157651 0.004093 -0.027238 -0.144719 0.916188 -0.373706 0.104 -0.062665 0.368437 0.927538 -0.012047 0 0 0 1</float_array>
        <technique_common>
          <accessor source="#LeftIndex1_matrix_LeftIndex1_transform-output-array" count="24" stride="16">
            <param name="TRANSFORM" type="float4x4"/>
          </accessor>
        </technique_common>
      </source>
      <source id="LeftIndex1_matrix_LeftIndex1_transform-interpolations">
        <Name_array id="LeftIndex1_matrix_LeftIndex1_transform-interpolations-array" count="24">LINEAR LINEAR LINEAR LINEAR LINEAR LINEAR LINEAR LINEAR LINEAR LINEAR LINEAR LINEAR LINEAR LINEAR LINEAR LINEAR LINEAR LINEAR LINEAR LINEAR LINEAR LINEAR LINEAR LINEAR</Name_array>
        <technique_common>
          <accessor source="#LeftIndex1_matrix_LeftIndex1_transform-interpolations-array" count="24" stride="1">
            <param name="INTERPOLATION" type="Name"/>
          </accessor>
        </technique_common>
      </source>
      <sampler id="LeftIndex1_matrix_LeftIndex1_transform-sampler">
        <input semantic="INPUT" source="#LeftIndex1_matrix_LeftIndex1_transform-input"/>
        <input semantic="OUTPUT" source="#LeftIndex1_matrix_LeftIndex1_transform-output"/>
        <input semantic="INTERPOLATION" source="#LeftIndex1_matrix_LeftIndex1_transform-interpolations"/>
      </sampler>
      <channel source="#LeftIndex1_matrix_LeftIndex1_transform-sampler" target="LeftIndex1/transform"/>
    </animation>
    <animation id="LeftIndex2_matrix">
      <source id="LeftIndex2_matrix_LeftIndex2_transform-input">
        <float_array id="LeftIndex2_matrix_LeftIndex2_transform-input-array" count="24">0 0.041666 0.083333 0.125 0.166667 0.208333 0.25 0.291667 0.333333 0.375 0.416667 0.458333 0.5 0.541667 0.583333 0.625 0.666667 0.708333 0.75 0.791667 0.833333 0.875 0.916667 0.958333</float_array>
        <technique_common>
          <accessor source="#LeftIndex2_matrix_LeftIndex2_transform-input-array" count="24" stride="1">
            <param name="TIME" type="float"/>
          </accessor>
        </technique_common>
        <technique profile="MAYA">
          <pre_infinity>CONSTANT</pre_infinity>
          <post_infinity>CONSTANT</post_infinity>
        </technique>
      </source>
      <source id="LeftIndex2_matrix_LeftIndex2_transform-output">
        <float_array id="LeftIndex2_matrix_LeftIndex2_transform-output-array" count="384">1 -0.000009 0.000003 0 0.00001 0.944694 -0.327953 0.037252 0 0.327953 0.944694 0 0 0 0 1 1 -0.000008 0.000003 0 0.00001 0.909989 -0.414631 0.037252 0 0.414631 0.909989 0 0 0 0 1 1 -0.000007 0.000005 0 0.00001 0.831831 -0.555028 0.037252 0 0.555028 0.831831 0 0 0 0 1 1 -0.000006 0.000006 0 0.00001 0.738451 -0.674307 0.037252 0 0.674307 0.738451 0 0 0 0 1 1 -0.000006 0.000006 0 0.00001 0.720246 -0.693719 0.037252 0 0.693719 0.720246 0 0 0 0 1 1 -0.000007 0.000006 0 0.00001 0.752018 -0.659143 0.037252 0 0.659143 0.752018 0 0 0 0 1 1 -0.000007 0.000005 0 0.00001 0.805488 -0.592611 0.037252 0 0.592611 0.805488 0 0 0 0 1 1 -0.000008 0.000004 0 0.00001 0.85173 -0.523982 0.037252 0 0.523982 0.85173 0 0 0 0 1 1 -0.000008 0.000004 0 0.00001 0.889943 -0.456072 0.037252 0 0.456072 0.889943 0 0 0 0 1 1 -0.000008 0.000003 0 0.00001 0.916295 -0.400505 0.037252 0 0.400505 0.916295 0 0 0 0 1 1 -0.000008 0.000003 0 0.00001 0.936013 -0.351966 0.037252 0 0.351966 0.936013 0 0 0 0 1 1 -0.000008 0.000003 0 0.00001 0.944057 -0.329782 0.037252 0 0.329782 0.944057 0 0 0 0 1 1 -0.000008 0.000003 0 0.00001 0.92479 -0.380477 0.037252 0 0.380477 0.92479 0 0 0 0 1 1 -0.000008 0.000004 0 0.00001 0.854583 -0.519315 0.037252 0 0.519315 0.854583 0 0 0 0 1 1 -0.000007 0.000006 0 0.00001 0.75388 -0.657012 0.037252 0 0.657012 0.75388 0 0 0 0 1 1 -0.000006 0.000006 0 0.00001 0.72293 -0.690921 0.037252 0 0.690921 0.72293 0 0 0 0 1 1 -0.000007 0.000006 0 0.00001 0.750667 -0.660681 0.037252 0 0.660681 0.750667 0 0 0 0 1 1 -0.000007 0.000005 0 0.00001 0.798786 -0.601616 0.037252 0 0.601616 0.798786 0 0 0 0 1 1 -0.000008 0.000005 0 0.00001 0.845807 -0.533489 0.037252 0 0.533489 0.845807 0 0 0 0 1 1 -0.000008 0.000004 0 0.00001 0.885321 -0.46498 0.037252 0 0.46498 0.885321 0 0 0 0 1 1 -0.000008 0.000003 0 0.00001 0.915109 -0.403206 0.037252 0 0.403206 0.915109 0 0 0 0 1 1 -0.000008 0.000003 0 0.00001 0.933319 -0.359047 0.037252 0 0.359047 0.933319 0 0 0 0 1 1 -0.000008 0.000003 0 0.00001 0.942998 -0.332799 0.037252 0 0.332799 0.942998 0 0 0 0 1 1 -0.000008 0.000003 0 0.00001 0.94462 -0.328167 0.037252 0 0.328167 0.94462 0 0 0 0 1</float_array>
        <technique_common>
          <accessor source="#LeftIndex2_matrix_LeftIndex2_transform-output-array" count="24" stride="16">
            <param name="TRANSFORM" type="float4x4"/>
          </accessor>
        </technique_common>
      </source>
      <source id="LeftIndex2_matrix_LeftIndex2_transform-interpolations">
        <Name_array id="LeftIndex2_matrix_LeftIndex2_transform-interpolations-array" count="24">LINEAR LINEAR LINEAR LINEAR LINEAR LINEAR LINEAR LINEAR LINEAR LINEAR LINEAR LINEAR LINEAR LINEAR LINEAR LINEAR LINEAR LINEAR LINEAR LINEAR LINEAR LINEAR LINEAR LINEAR</Name_array>
        <technique_common>
          <accessor source="#LeftIndex2_matrix_LeftIndex2_transform-interpolations-array" count="24" stride="1">
            <param name="INTERPOLATION" type="Name"/>
          </accessor>
        </technique_common>
      </source>
      <sampler id="LeftIndex2_matrix_LeftIndex2_transform-sampler">
        <input semantic="INPUT" source="#LeftIndex2_matrix_LeftIndex2_transform-input"/>
        <input semantic="OUTPUT" source="#LeftIndex2_matrix_LeftIndex2_transform-output"/>
        <input semantic="INTERPOLATION" source="#LeftIndex2_matrix_LeftIndex2_transform-interpolations"/>
      </sampler>
      <channel source="#LeftIndex2_matrix_LeftIndex2_transform-sampler" target="LeftIndex2/transform"/>
    </animation>
    <animation id="LeftIndex3_matrix">
      <source id="LeftIndex3_matrix_LeftIndex3_transform-input">
        <float_array id="LeftIndex3_matrix_LeftIndex3_transform-input-array" count="24">0 0.041666 0.083333 0.125 0.166667 0.208333 0.25 0.291667 0.333333 0.375 0.416667 0.458333 0.5 0.541667 0.583333 0.625 0.666667 0.708333 0.75 0.791667 0.833333 0.875 0.916667 0.958333</float_array>
        <technique_common>
          <accessor source="#LeftIndex3_matrix_LeftIndex3_transform-input-array" count="24" stride="1">
            <param name="TIME" type="float"/>
          </accessor>
        </technique_common>
        <technique profile="MAYA">
          <pre_infinity>CONSTANT</pre_infinity>
          <post_infinity>CONSTANT</post_infinity>
        </technique>
      </source>
      <source id="LeftIndex3_matrix_LeftIndex3_transform-output">
        <float_array id="LeftIndex3_matrix_LeftIndex3_transform-output-array" count="384">1 -0.000001 0 0 0.000001 0.974228 -0.225564 0.025094 0 0.225564 0.974228 0 0 0 0 1 1 -0.000000 0 0 0.000001 0.948944 -0.315442 0.025094 0 0.315442 0.948944 0 0 0 0 1 1 -0.000000 0.000000 0 0.000001 0.88617 -0.463359 0.025094 0 0.463359 0.88617 0 0 0 0 1 1 -0.000000 0.000000 0 0.000001 0.806012 -0.591898 0.025094 0 0.591898 0.806012 0 0 0 0 1 1 -0.000000 0.000000 0 0.000001 0.789977 -0.613136 0.025094 0 0.613136 0.789977 0 0 0 0 1 1 -0.000000 0.000000 0 0.000001 0.817889 -0.575376 0.025094 0 0.575376 0.817889 0 0 0 0 1 1 -0.000000 0.000000 0 0.000001 0.863976 -0.503533 0.025094 0 0.503533 0.863976 0 0 0 0 1 1 -0.000000 0.000000 0 0.000001 0.902651 -0.430372 0.025094 0 0.430372 0.902651 0 0 0 0 1 1 -0.000000 0.000000 0 0.000001 0.933421 -0.358781 0.025094 0 0.358781 0.933421 0 0 0 0 1 1 -0.000000 0 0 0.000001 0.95371 -0.300725 0.025094 0 0.300725 0.95371 0 0 0 0 1 1 -0.000000 0 0 0.000001 0.968152 -0.250364 0.025094 0 0.250364 0.968152 0 0 0 0 1 1 -0.000000 0 0 0.000001 0.973789 -0.22745 0.025094 0 0.22745 0.973789 0 0 0 0 1 1 -0.000000 0 0 0.000001 0.960027 -0.279908 0.025094 0 0.279908 0.960027 0 0 0 0 1 1 -0.000000 0.000000 0 0.000001 0.904992 -0.425428 0.025094 0 0.425428 0.904992 0 0 0 0 1 1 -0.000000 0.000000 0 0.000001 0.819514 -0.573058 0.025094 0 0.573058 0.819514 0 0 0 0 1 1 -0.000000 0.000000 0 0.000001 0.792348 -0.610069 0.025094 0 0.610069 0.792348 0 0 0 0 1 1 -0.000000 0.000000 0 0.000001 0.816709 -0.577049 0.025094 0 0.577049 0.816709 0 0 0 0 1 1 -0.000000 0.000000 0 0.000001 0.858269 -0.513199 0.025094 0 0.513199 0.858269 0 0 0 0 1 1 -0.000000 0.000000 0 0.000001 0.897774 -0.440455 0.025094 0 0.440455 0.897774 0 0 0 0 1 1 -0.000000 0.000000 0 0.000001 0.929774 -0.36813 0.025094 0 0.36813 0.929774 0 0 0 0 1 1 -0.000000 0 0 0.000001 0.952819 -0.303537 0.025094 0 0.303537 0.952819 0 0 0 0 1 1 -0.000000 0 0 0.000001 0.966227 -0.257692 0.025094 0 0.257692 0.966227 0 0 0 0 1 1 -0.000000 0 0 0.000001 0.973057 -0.230563 0.025094 0 0.230563 0.973057 0 0 0 0 1 1 -0.000000 0 0 0.000001 0.974177 -0.225785 0.025094 0 0.225785 0.974177 0 0 0 0 1</float_array>
        <technique_common>
          <accessor source="#LeftIndex3_matrix_LeftIndex3_transform-output-array" count="24" stride="16">
            <param name="TRANSFORM" type="float4x4"/>
          </accessor>
        </technique_common>
      </source>
      <source id="LeftIndex3_matrix_LeftIndex3_transform-interpolations">
        <Name_array id="LeftIndex3_matrix_LeftIndex3_transform-interpolations-array" count="24">LINEAR LINEAR LINEAR LINEAR LINEAR LINEAR LINEAR LINEAR LINEAR LINEAR LINEAR LINEAR LINEAR LINEAR LINEAR LINEAR LINEAR LINEAR LINEAR LINEAR LINEAR LINEAR LINEAR LINEAR</Name_array>
        <technique_common>
          <accessor source="#LeftIndex3_matrix_LeftIndex3_transform-interpolations-array" count="24" stride="1">
            <param name="INTERPOLATION" type="Name"/>
          </accessor>
        </technique_common>
      </source>
      <sampler id="LeftIndex3_matrix_LeftIndex3_transform-sampler">
        <input semantic="INPUT" source="#LeftIndex3_matrix_LeftIndex3_transform-input"/>
        <input semantic="OUTPUT" source="#LeftIndex3_matrix_LeftIndex3_transform-output"/>
        <input semantic="INTERPOLATION" source="#LeftIndex3_matrix_LeftIndex3_transform-interpolations"/>
      </sampler>
      <channel source="#LeftIndex3_matrix_LeftIndex3_transform-sampler" target="LeftIndex3/transform"/>
    </animation>
    <animation id="LeftMiddle1_matrix">
      <source id="LeftMiddle1_matrix_LeftMiddle1_transform-input">
        <float_array id="LeftMiddle1_matrix_LeftMiddle1_transform-input-array" count="24">0 0.041666 0.083333 0.125 0.166667 0.208333 0.25 0.291667 0.333333 0.375 0.416667 0.458333 0.5 0.541667 0.583333 0.625 0.666667 0.708333 0.75 0.791667 0.833333 0.875 0.916667 0.958333</float_array>
        <technique_common>
          <accessor source="#LeftMiddle1_matrix_LeftMiddle1_transform-input-array" count="24" stride="1">
            <param name="TIME" type="float"/>
          </accessor>
        </technique_common>
        <technique profile="MAYA">
          <pre_infinity>CONSTANT</pre_infinity>
          <post_infinity>CONSTANT</post_infinity>
        </technique>
      </source>
      <source id="LeftMiddle1_matrix_LeftMiddle1_transform-output">
        <float_array id="LeftMiddle1_matrix_LeftMiddle1_transform-output-array" count="384">0.999077 0.040181 -0.015182 -0.001251 -0.042942 0.925867 -0.375401 0.107976 -0.001027 0.375706 0.926738 -0.013471 0 0 0 1 0.999248 0.033903 -0.01882 -0.001251 -0.038763 0.886538 -0.461029 0.107976 0.001055 0.461411 0.887186 -0.013471 0 0 0 1 0.999502 0.021678 -0.022934 -0.001251 -0.031089 0.801259 -0.597509 0.107976 0.005423 0.597924 0.801534 -0.013471 0 0 0 1 0.999653 0.010537 -0.024128 -0.001251 -0.024575 0.702375 -0.711382 0.107976 0.00945 0.711728 0.702391 -0.013471 0 0 0 1 0.999678 0.008309 -0.023986 -0.001251 -0.02319 0.683346 -0.729726 0.107976 0.010328 0.730047 0.683318 -0.013471 0 0 0 1 0.999638 0.01192 -0.024097 -0.001251 -0.025348 0.716608 -0.697015 0.107976 0.008959 0.697373 0.716651 -0.013471 0 0 0 1 0.999558 0.018171 -0.023544 -0.001251 -0.02898 0.773112 -0.633608 0.107976 0.006689 0.634009 0.773296 -0.013471 0 0 0 1 0.999448 0.02466 -0.022237 -0.001251 -0.032927 0.822663 -0.567575 0.107976 0.004297 0.567994 0.823021 -0.013471 0 0 0 1 0.99934 0.030134 -0.02026 -0.001251 -0.036234 0.864331 -0.501616 0.107976 0.002396 0.502019 0.864853 -0.013471 0 0 0 1 0.999233 0.034625 -0.018264 -0.001251 -0.039139 0.893596 -0.447162 0.107976 0.000837 0.447534 0.894266 -0.013471 0 0 0 1 0.999131 0.03838 -0.016259 -0.001251 -0.04168 0.9159 -0.399236 0.107976 -0.00043 0.399566 0.916704 -0.013471 0 0 0 1 0.999081 0.040044 -0.015265 -0.001251 -0.042845 0.925132 -0.37722 0.107976 -0.000982 0.377527 0.925998 -0.013471 0 0 0 1 0.999192 0.036191 -0.01746 -0.001251 -0.040183 0.903151 -0.427439 0.107976 0.0003 0.427795 0.903875 -0.013471 0 0 0 1 0.999431 0.025433 -0.022159 -0.001251 -0.033498 0.825743 -0.56305 0.107976 0.003978 0.563471 0.826126 -0.013471 0 0 0 1 0.999625 0.012748 -0.024227 -0.001251 -0.026008 0.718547 -0.694992 0.107976 0.008549 0.695361 0.718609 -0.013471 0 0 0 1 0.999675 0.008593 -0.024003 -0.001251 -0.023357 0.686148 -0.727087 0.107976 0.010221 0.727411 0.686126 -0.013471 0 0 0 1 0.999643 0.01162 -0.024067 -0.001251 -0.025131 0.715191 -0.698477 0.107976 0.009096 0.698831 0.715228 -0.013471 0 0 0 1 0.999576 0.017011 -0.023615 -0.001251 -0.02821 0.765995 -0.642227 0.107976 0.007164 0.64262 0.766151 -0.013471 0 0 0 1 0.999472 0.023501 -0.022443 -0.001251 -0.032146 0.816281 -0.57676 0.107976 0.004766 0.577177 0.816605 -0.013471 0 0 0 1 0.999348 0.029669 -0.02056 -0.001251 -0.03601 0.85924 -0.510303 0.107976 0.002526 0.51071 0.859749 -0.013471 0 0 0 1 0.999239 0.03441 -0.018365 -0.001251 -0.038995 0.892264 -0.449827 0.107976 0.000908 0.450201 0.892927 -0.013471 0 0 0 1 0.999146 0.037841 -0.016563 -0.001251 -0.041307 0.912826 -0.406254 0.107976 -0.000252 0.406591 0.91361 -0.013471 0 0 0 1 0.999088 0.039819 -0.015402 -0.001251 -0.042686 0.923911 -0.380219 0.107976 -0.000909 0.38053 0.924768 -0.013471 0 0 0 1 0.999077 0.040165 -0.015191 -0.001251 -0.04293 0.925781 -0.375614 0.107976 -0.001021 0.375919 0.926652 -0.013471 0 0 0 1</float_array>
        <technique_common>
          <accessor source="#LeftMiddle1_matrix_LeftMiddle1_transform-output-array" count="24" stride="16">
            <param name="TRANSFORM" type="float4x4"/>
          </accessor>
        </technique_common>
      </source>
      <source id="LeftMiddle1_matrix_LeftMiddle1_transform-interpolations">
        <Name_array id="LeftMiddle1_matrix_LeftMiddle1_transform-interpolations-array" count="24">LINEAR LINEAR LINEAR LINEAR LINEAR LINEAR LINEAR LINEAR LINEAR LINEAR LINEAR LINEAR LINEAR LINEAR LINEAR LINEAR LINEAR LINEAR LINEAR LINEAR LINEAR LINEAR LINEAR LINEAR</Name_array>
        <technique_common>
          <accessor source="#LeftMiddle1_matrix_LeftMiddle1_transform-interpolations-array" count="24" stride="1">
            <param name="INTERPOLATION" type="Name"/>
          </accessor>
        </technique_common>
      </source>
      <sampler id="LeftMiddle1_matrix_LeftMiddle1_transform-sampler">
        <input semantic="INPUT" source="#LeftMiddle1_matrix_LeftMiddle1_transform-input"/>
        <input semantic="OUTPUT" source="#LeftMiddle1_matrix_LeftMiddle1_transform-output"/>
        <input semantic="INTERPOLATION" source="#LeftMiddle1_matrix_LeftMiddle1_transform-interpolations"/>
      </sampler>
      <channel source="#LeftMiddle1_matrix_LeftMiddle1_transform-sampler" target="LeftMiddle1/transform"/>
    </animation>
    <animation id="LeftMiddle2_matrix">
      <source id="LeftMiddle2_matrix_LeftMiddle2_transform-input">
        <float_array id="LeftMiddle2_matrix_LeftMiddle2_transform-input-array" count="24">0 0.041666 0.083333 0.125 0.166667 0.208333 0.25 0.291667 0.333333 0.375 0.416667 0.458333 0.5 0.541667 0.583333 0.625 0.666667 0.708333 0.75 0.791667 0.833333 0.875 0.916667 0.958333</float_array>
        <technique_common>
          <accessor source="#LeftMiddle2_matrix_LeftMiddle2_transform-input-array" count="24" stride="1">
            <param name="TIME" type="float"/>
          </accessor>
        </technique_common>
        <technique profile="MAYA">
          <pre_infinity>CONSTANT</pre_infinity>
          <post_infinity>CONSTANT</post_infinity>
        </technique>
      </source>
      <source id="LeftMiddle2_matrix_LeftMiddle2_transform-output">
        <float_array id="LeftMiddle2_matrix_LeftMiddle2_transform-output-array" count="384">1 -0.00009 0.000053 0 0.000104 0.90424 -0.427024 0.039923 -0.000009 0.427024 0.90424 0 0 0 0 1 1 -0.000084 0.000061 0 0.000104 0.861322 -0.508058 0.039923 -0.000009 0.508058 0.861322 0 0 0 0 1 1 -0.000074 0.000073 0 0.000104 0.772772 -0.634683 0.039923 -0.000009 0.634683 0.772772 0 0 0 0 1 1 -0.000063 0.000083 0 0.000104 0.674616 -0.738169 0.039923 -0.000009 0.738169 0.674616 0 0 0 0 1 1 -0.000061 0.000084 0 0.000104 0.65611 -0.754665 0.039923 -0.000009 0.754665 0.65611 0 0 0 0 1 1 -0.000064 0.000082 0 0.000104 0.688522 -0.725215 0.039923 -0.000009 0.725215 0.688522 0 0 0 0 1 1 -0.000071 0.000076 0 0.000104 0.744418 -0.667713 0.039923 -0.000009 0.667713 0.744418 0 0 0 0 1 1 -0.000076 0.00007 0 0.000104 0.794548 -0.6072 0.039923 -0.000009 0.6072 0.794548 0 0 0 0 1 1 -0.000082 0.000064 0 0.000104 0.83774 -0.546069 0.039923 -0.000009 0.546069 0.83774 0 0 0 0 1 1 -0.000085 0.000059 0 0.000104 0.868869 -0.495041 0.039923 -0.000009 0.495041 0.868869 0 0 0 0 1 1 -0.000088 0.000055 0 0.000104 0.893174 -0.449711 0.039923 -0.000009 0.449711 0.893174 0 0 0 0 1 1 -0.000089 0.000053 0 0.000104 0.903419 -0.428758 0.039923 -0.000009 0.428758 0.903419 0 0 0 0 1 1 -0.000086 0.000057 0 0.000104 0.879202 -0.476449 0.039923 -0.000009 0.476449 0.879202 0 0 0 0 1 1 -0.000077 0.00007 0 0.000104 0.797735 -0.603007 0.039923 -0.000009 0.603007 0.797735 0 0 0 0 1 1 -0.000065 0.000081 0 0.000104 0.690434 -0.723395 0.039923 -0.000009 0.723395 0.690434 0 0 0 0 1 1 -0.000061 0.000084 0 0.000104 0.658828 -0.752294 0.039923 -0.000009 0.752294 0.658828 0 0 0 0 1 1 -0.000064 0.000082 0 0.000104 0.687128 -0.726536 0.039923 -0.000009 0.726537 0.687128 0 0 0 0 1 1 -0.00007 0.000077 0 0.000104 0.737303 -0.675561 0.039923 -0.000009 0.675561 0.737303 0 0 0 0 1 1 -0.000076 0.000071 0 0.000104 0.788014 -0.615657 0.039923 -0.000009 0.615657 0.788014 0 0 0 0 1 1 -0.000081 0.000065 0 0.000104 0.832411 -0.554159 0.039923 -0.000009 0.554159 0.832411 0 0 0 0 1 1 -0.000085 0.00006 0 0.000104 0.867428 -0.497563 0.039923 -0.000009 0.497563 0.867428 0 0 0 0 1 1 -0.000088 0.000055 0 0.000104 0.889784 -0.456382 0.039923 -0.000009 0.456382 0.889784 0 0 0 0 1 1 -0.000089 0.000053 0 0.000104 0.902055 -0.43162 0.039923 -0.000009 0.43162 0.902055 0 0 0 0 1 1 -0.000089 0.000053 0 0.000104 0.904144 -0.427227 0.039923 -0.000009 0.427227 0.904144 0 0 0 0 1</float_array>
        <technique_common>
          <accessor source="#LeftMiddle2_matrix_LeftMiddle2_transform-output-array" count="24" stride="16">
            <param name="TRANSFORM" type="float4x4"/>
          </accessor>
        </technique_common>
      </source>
      <source id="LeftMiddle2_matrix_LeftMiddle2_transform-interpolations">
        <Name_array id="LeftMiddle2_matrix_LeftMiddle2_transform-interpolations-array" count="24">LINEAR LINEAR LINEAR LINEAR LINEAR LINEAR LINEAR LINEAR LINEAR LINEAR LINEAR LINEAR LINEAR LINEAR LINEAR LINEAR LINEAR LINEAR LINEAR LINEAR LINEAR LINEAR LINEAR LINEAR</Name_array>
        <technique_common>
          <accessor source="#LeftMiddle2_matrix_LeftMiddle2_transform-interpolations-array" count="24" stride="1">
            <param name="INTERPOLATION" type="Name"/>
          </accessor>
        </technique_common>
      </source>
      <sampler id="LeftMiddle2_matrix_LeftMiddle2_transform-sampler">
        <input semantic="INPUT" source="#LeftMiddle2_matrix_LeftMiddle2_transform-input"/>
        <input semantic="OUTPUT" source="#LeftMiddle2_matrix_LeftMiddle2_transform-output"/>
        <input semantic="INTERPOLATION" source="#LeftMiddle2_matrix_LeftMiddle2_transform-interpolations"/>
      </sampler>
      <channel source="#LeftMiddle2_matrix_LeftMiddle2_transform-sampler" target="LeftMiddle2/transform"/>
    </animation>
    <animation id="LeftMiddle3_matrix">
      <source id="LeftMiddle3_matrix_LeftMiddle3_transform-input">
        <float_array id="LeftMiddle3_matrix_LeftMiddle3_transform-input-array" count="24">0 0.041666 0.083333 0.125 0.166667 0.208333 0.25 0.291667 0.333333 0.375 0.416667 0.458333 0.5 0.541667 0.583333 0.625 0.666667 0.708333 0.75 0.791667 0.833333 0.875 0.916667 0.958333</float_array>
        <technique_common>
          <accessor source="#LeftMiddle3_matrix_LeftMiddle3_transform-input-array" count="24" stride="1">
            <param name="TIME" type="float"/>
          </accessor>
        </technique_common>
        <technique profile="MAYA">
          <pre_infinity>CONSTANT</pre_infinity>
          <post_infinity>CONSTANT</post_infinity>
        </technique>
      </source>
      <source id="LeftMiddle3_matrix_LeftMiddle3_transform-output">
        <float_array id="LeftMiddle3_matrix_LeftMiddle3_transform-output-array" count="384">1 0.000159 -0.000093 0 -0.000183 0.91849 -0.395444 0.027331 0.000022 0.395444 0.91849 0 0 0 0 1 1 0.000149 -0.000107 0 -0.000183 0.878405 -0.477917 0.027331 0.000022 0.477917 0.878405 0 0 0 0 1 1 0.000131 -0.000129 0 -0.000183 0.794294 -0.607534 0.027331 0.000022 0.607534 0.794294 0 0 0 0 1 1 0.000111 -0.000146 0 -0.000183 0.699781 -0.714357 0.027331 0.000022 0.714357 0.699781 0 0 0 0 1 1 0.000108 -0.000149 0 -0.000183 0.681858 -0.731484 0.027331 0.000022 0.731484 0.681858 0 0 0 0 1 1 0.000114 -0.000144 0 -0.000183 0.71323 -0.70093 0.027331 0.000022 0.70093 0.71323 0 0 0 0 1 1 0.000125 -0.000134 0 -0.000183 0.767101 -0.641526 0.027331 0.000022 0.641526 0.767101 0 0 0 0 1 1 0.000136 -0.000124 0 -0.000183 0.815105 -0.579313 0.027331 0.000022 0.579313 0.815105 0 0 0 0 1 1 0.000144 -0.000113 0 -0.000183 0.856154 -0.516721 0.027331 0.000022 0.516721 0.856154 0 0 0 0 1 1 0.000151 -0.000104 0 -0.000183 0.885496 -0.464647 0.027331 0.000022 0.464647 0.885496 0 0 0 0 1 1 0.000156 -0.000096 0 -0.000183 0.908216 -0.418502 0.027331 0.000022 0.418502 0.908216 0 0 0 0 1 1 0.000158 -0.000093 0 -0.000183 0.917729 -0.397206 0.027331 0.000022 0.397206 0.917729 0 0 0 0 1 1 0.000153 -0.000101 0 -0.000183 0.895179 -0.445707 0.027331 0.000022 0.445707 0.895179 0 0 0 0 1 1 0.000136 -0.000123 0 -0.000183 0.818145 -0.575012 0.027331 0.000022 0.575012 0.818145 0 0 0 0 1 1 0.000115 -0.000144 0 -0.000183 0.715078 -0.699044 0.027331 0.000022 0.699044 0.715078 0 0 0 0 1 1 0.000108 -0.000148 0 -0.000183 0.684492 -0.72902 0.027331 0.000022 0.72902 0.684492 0 0 0 0 1 1 0.000114 -0.000144 0 -0.000183 0.711883 -0.702298 0.027331 0.000022 0.702298 0.711883 0 0 0 0 1 1 0.000124 -0.000136 0 -0.000183 0.760263 -0.649616 0.027331 0.000022 0.649616 0.760263 0 0 0 0 1 1 0.000134 -0.000125 0 -0.000183 0.808868 -0.587991 0.027331 0.000022 0.587991 0.808868 0 0 0 0 1 1 0.000143 -0.000115 0 -0.000183 0.851107 -0.524992 0.027331 0.000022 0.524992 0.851107 0 0 0 0 1 1 0.000151 -0.000105 0 -0.000183 0.884143 -0.467216 0.027331 0.000022 0.467216 0.884143 0 0 0 0 1 1 0.000155 -0.000098 0 -0.000183 0.905059 -0.425286 0.027331 0.000022 0.425286 0.905059 0 0 0 0 1 1 0.000158 -0.000093 0 -0.000183 0.916465 -0.400114 0.027331 0.000022 0.400114 0.916465 0 0 0 0 1 1 0.000158 -0.000093 0 -0.000183 0.918401 -0.39565 0.027331 0.000022 0.39565 0.918401 0 0 0 0 1</float_array>
        <technique_common>
          <accessor source="#LeftMiddle3_matrix_LeftMiddle3_transform-output-array" count="24" stride="16">
            <param name="TRANSFORM" type="float4x4"/>
          </accessor>
        </technique_common>
      </source>
      <source id="LeftMiddle3_matrix_LeftMiddle3_transform-interpolations">
        <Name_array id="LeftMiddle3_matrix_LeftMiddle3_transform-interpolations-array" count="24">LINEAR LINEAR LINEAR LINEAR LINEAR LINEAR LINEAR LINEAR LINEAR LINEAR LINEAR LINEAR LINEAR LINEAR LINEAR LINEAR LINEAR LINEAR LINEAR LINEAR LINEAR LINEAR LINEAR LINEAR</Name_array>
        <technique_common>
          <accessor source="#LeftMiddle3_matrix_LeftMiddle3_transform-interpolations-array" count="24" stride="1">
            <param name="INTERPOLATION" type="Name"/>
          </accessor>
        </technique_common>
      </source>
      <sampler id="LeftMiddle3_matrix_LeftMiddle3_transform-sampler">
        <input semantic="INPUT" source="#LeftMiddle3_matrix_LeftMiddle3_transform-input"/>
        <input semantic="OUTPUT" source="#LeftMiddle3_matrix_LeftMiddle3_transform-output"/>
        <input semantic="INTERPOLATION" source="#LeftMiddle3_matrix_LeftMiddle3_transform-interpolations"/>
      </sampler>
      <channel source="#LeftMiddle3_matrix_LeftMiddle3_transform-sampler" target="LeftMiddle3/transform"/>
    </animation>
    <animation id="LeftRing1_matrix">
      <source id="LeftRing1_matrix_LeftRing1_transform-input">
        <float_array id="LeftRing1_matrix_LeftRing1_transform-input-array" count="24">0 0.041666 0.083333 0.125 0.166667 0.208333 0.25 0.291667 0.333333 0.375 0.416667 0.458333 0.5 0.541667 0.583333 0.625 0.666667 0.708333 0.75 0.791667 0.833333 0.875 0.916667 0.958333</float_array>
        <technique_common>
          <accessor source="#LeftRing1_matrix_LeftRing1_transform-input-array" count="24" stride="1">
            <param name="TIME" type="float"/>
          </accessor>
        </technique_common>
        <technique profile="MAYA">
          <pre_infinity>CONSTANT</pre_infinity>
          <post_infinity>CONSTANT</post_infinity>
        </technique>
      </source>
      <source id="LeftRing1_matrix_LeftRing1_transform-output">
        <float_array id="LeftRing1_matrix_LeftRing1_transform-output-array" count="384">0.993227 -0.077079 -0.086943 0.021135 0.026968 0.880776 -0.472765 0.102233 0.113018 0.467218 0.876889 -0.010783 0 0 0 1 0.992386 -0.083744 -0.090313 0.021135 0.022385 0.843698 -0.536351 0.102233 0.121114 0.530246 0.839149 -0.010783 0 0 0 1 0.990606 -0.09722 -0.096167 0.021135 0.013871 0.771061 -0.636611 0.102233 0.136043 0.629296 0.765166 -0.010783 0 0 0 1 0.988856 -0.111702 -0.098425 0.021135 0.006568 0.693203 -0.720713 0.102233 0.148734 0.712034 0.686211 -0.010783 0 0 0 1 0.988455 -0.114573 -0.099143 0.021135 0.005007 0.678702 -0.734397 0.102233 0.151431 0.725422 0.67144 -0.010783 0 0 0 1 0.989075 -0.109501 -0.098694 0.021135 0.007442 0.705741 -0.708431 0.102233 0.147227 0.699956 0.698846 -0.010783 0 0 0 1 0.990063 -0.102066 -0.09673 0.021135 0.011521 0.744448 -0.667581 0.102233 0.140149 0.659833 0.738227 -0.010783 0 0 0 1 0.991061 -0.093236 -0.095424 0.021135 0.015931 0.79285 -0.609209 0.102233 0.132458 0.602243 0.787248 -0.010783 0 0 0 1 0.991834 -0.087413 -0.092871 0.021135 0.0196 0.824001 -0.56625 0.102233 0.126024 0.559805 0.818985 -0.010783 0 0 0 1 0.992466 -0.082616 -0.090478 0.021135 0.022803 0.850114 -0.526105 0.102233 0.120382 0.520078 0.845593 -0.010783 0 0 0 1 0.992983 -0.078822 -0.088161 0.021135 0.025589 0.87104 -0.490546 0.102233 0.115459 0.484847 0.866944 -0.010783 0 0 0 1 0.993209 -0.077209 -0.087038 0.021135 0.026863 0.880048 -0.474125 0.102233 0.113205 0.468566 0.876145 -0.010783 0 0 0 1 0.992682 -0.08101 -0.089551 0.021135 0.023951 0.858941 -0.511514 0.102233 0.118358 0.505626 0.854596 -0.010783 0 0 0 1 0.991198 -0.093316 -0.093906 0.021135 0.016561 0.791162 -0.611383 0.102233 0.131348 0.604446 0.785744 -0.010783 0 0 0 1 0.98926 -0.109127 -0.097247 0.021135 0.00818 0.705597 -0.708567 0.102233 0.145941 0.700161 0.698911 -0.010783 0 0 0 1 0.988504 -0.114173 -0.099118 0.021135 0.005195 0.680834 -0.732419 0.102233 0.151106 0.723484 0.673601 -0.010783 0 0 0 1 0.989013 -0.110001 -0.098753 0.021135 0.007197 0.703078 -0.711076 0.102233 0.147651 0.702553 0.696145 -0.010783 0 0 0 1 0.989859 -0.103337 -0.097466 0.021135 0.010658 0.73824 -0.674455 0.102233 0.14165 0.666576 0.731855 -0.010783 0 0 0 1 0.99087 -0.094377 -0.096283 0.021135 0.015058 0.787145 -0.616584 0.102233 0.133981 0.609504 0.781379 -0.010783 0 0 0 1 0.991783 -0.087807 -0.09304 0.021135 0.019351 0.821864 -0.569355 0.102233 0.126461 0.562876 0.81681 -0.010783 0 0 0 1 0.992436 -0.08284 -0.090605 0.021135 0.022646 0.848889 -0.528086 0.102233 0.120661 0.522039 0.844344 -0.010783 0 0 0 1 0.992909 -0.079355 -0.088514 0.021135 0.025182 0.868085 -0.495776 0.102233 0.116181 0.490032 0.863928 -0.010783 0 0 0 1 0.993178 -0.077425 -0.087193 0.021135 0.02669 0.878841 -0.476368 0.102233 0.113513 0.470791 0.874912 -0.010783 0 0 0 1 0.993225 -0.077094 -0.086954 0.021135 0.026955 0.880691 -0.472924 0.102233 0.11304 0.467376 0.876802 -0.010783 0 0 0 1</float_array>
        <technique_common>
          <accessor source="#LeftRing1_matrix_LeftRing1_transform-output-array" count="24" stride="16">
            <param name="TRANSFORM" type="float4x4"/>
          </accessor>
        </technique_common>
      </source>
      <source id="LeftRing1_matrix_LeftRing1_transform-interpolations">
        <Name_array id="LeftRing1_matrix_LeftRing1_transform-interpolations-array" count="24">LINEAR LINEAR LINEAR LINEAR LINEAR LINEAR LINEAR LINEAR LINEAR LINEAR LINEAR LINEAR LINEAR LINEAR LINEAR LINEAR LINEAR LINEAR LINEAR LINEAR LINEAR LINEAR LINEAR LINEAR</Name_array>
        <technique_common>
          <accessor source="#LeftRing1_matrix_LeftRing1_transform-interpolations-array" count="24" stride="1">
            <param name="INTERPOLATION" type="Name"/>
          </accessor>
        </technique_common>
      </source>
      <sampler id="LeftRing1_matrix_LeftRing1_transform-sampler">
        <input semantic="INPUT" source="#LeftRing1_matrix_LeftRing1_transform-input"/>
        <input semantic="OUTPUT" source="#LeftRing1_matrix_LeftRing1_transform-output"/>
        <input semantic="INTERPOLATION" source="#LeftRing1_matrix_LeftRing1_transform-interpolations"/>
      </sampler>
      <channel source="#LeftRing1_matrix_LeftRing1_transform-sampler" target="LeftRing1/transform"/>
    </animation>
    <animation id="LeftRing2_matrix">
      <source id="LeftRing2_matrix_LeftRing2_transform-input">
        <float_array id="LeftRing2_matrix_LeftRing2_transform-input-array" count="24">0 0.041666 0.083333 0.125 0.166667 0.208333 0.25 0.291667 0.333333 0.375 0.416667 0.458333 0.5 0.541667 0.583333 0.625 0.666667 0.708333 0.75 0.791667 0.833333 0.875 0.916667 0.958333</float_array>
        <technique_common>
          <accessor source="#LeftRing2_matrix_LeftRing2_transform-input-array" count="24" stride="1">
            <param name="TIME" type="float"/>
          </accessor>
        </technique_common>
        <technique profile="MAYA">
          <pre_infinity>CONSTANT</pre_infinity>
          <post_infinity>CONSTANT</post_infinity>
        </technique>
      </source>
      <source id="LeftRing2_matrix_LeftRing2_transform-output">
        <float_array id="LeftRing2_matrix_LeftRing2_transform-output-array" count="384">1 0.000003 -0.000002 0 -0.000003 0.852566 -0.522619 0.039098 0 0.522619 0.852566 0 0 0 0 1 1 0.000002 -0.000002 0 -0.000003 0.803682 -0.595059 0.039098 0 0.595059 0.803682 0 0 0 0 1 1 0.000002 -0.000002 0 -0.000003 0.708423 -0.705788 0.039098 0 0.705788 0.708423 0 0 0 0 1 1 0.000002 -0.000002 0 -0.000003 0.607891 -0.79402 0.039098 0 0.79402 0.607891 0 0 0 0 1 1 0.000002 -0.000002 0 -0.000003 0.589343 -0.807883 0.039098 0 0.807883 0.589343 0 0 0 0 1 1 0.000002 -0.000002 0 -0.000003 0.621903 -0.783094 0.039098 0 0.783094 0.621903 0 0 0 0 1 1 0.000002 -0.000002 0 -0.000003 0.678947 -0.734187 0.039098 0 0.734187 0.678947 0 0 0 0 1 1 0.000002 -0.000002 0 -0.000003 0.731327 -0.682027 0.039098 0 0.682027 0.731327 0 0 0 0 1 1 0.000002 -0.000002 0 -0.000003 0.777702 -0.628633 0.039098 0 0.628633 0.777702 0 0 0 0 1 1 0.000002 -0.000002 0 -0.000003 0.8121 -0.583517 0.039098 0 0.583517 0.8121 0 0 0 0 1 1 0.000002 -0.000002 0 -0.000003 0.839714 -0.543028 0.039098 0 0.543028 0.839714 0 0 0 0 1 1 0.000002 -0.000002 0 -0.000003 0.851605 -0.524183 0.039098 0 0.524183 0.851605 0 0 0 0 1 1 0.000002 -0.000002 0 -0.000003 0.823741 -0.566966 0.039098 0 0.566966 0.823741 0 0 0 0 1 1 0.000002 -0.000002 0 -0.000003 0.734714 -0.678377 0.039098 0 0.678377 0.734714 0 0 0 0 1 1 0.000002 -0.000002 0 -0.000003 0.623832 -0.781558 0.039098 0 0.781558 0.623832 0 0 0 0 1 1 0.000002 -0.000002 0 -0.000003 0.59206 -0.805893 0.039098 0 0.805893 0.59206 0 0 0 0 1 1 0.000002 -0.000002 0 -0.000003 0.620494 -0.784211 0.039098 0 0.784211 0.620494 0 0 0 0 1 1 0.000002 -0.000002 0 -0.000003 0.671615 -0.7409 0.039098 0 0.7409 0.671615 0 0 0 0 1 1 0.000002 -0.000002 0 -0.000003 0.724421 -0.689357 0.039098 0 0.689357 0.724421 0 0 0 0 1 1 0.000002 -0.000002 0 -0.000003 0.776599 -0.629995 0.039098 0 0.629995 0.776599 0 0 0 0 1 1 0.000002 -0.000002 0 -0.000003 0.810481 -0.585765 0.039098 0 0.585765 0.810481 0 0 0 0 1 1 0.000002 -0.000002 0 -0.000003 0.835812 -0.549015 0.039098 0 0.549015 0.835812 0 0 0 0 1 1 0.000002 -0.000002 0 -0.000003 0.850012 -0.526763 0.039098 0 0.526763 0.850012 0 0 0 0 1 1 0.000002 -0.000002 0 -0.000003 0.852454 -0.522802 0.039098 0 0.522802 0.852454 0 0 0 0 1</float_array>
        <technique_common>
          <accessor source="#LeftRing2_matrix_LeftRing2_transform-output-array" count="24" stride="16">
            <param name="TRANSFORM" type="float4x4"/>
          </accessor>
        </technique_common>
      </source>
      <source id="LeftRing2_matrix_LeftRing2_transform-interpolations">
        <Name_array id="LeftRing2_matrix_LeftRing2_transform-interpolations-array" count="24">LINEAR LINEAR LINEAR LINEAR LINEAR LINEAR LINEAR LINEAR LINEAR LINEAR LINEAR LINEAR LINEAR LINEAR LINEAR LINEAR LINEAR LINEAR LINEAR LINEAR LINEAR LINEAR LINEAR LINEAR</Name_array>
        <technique_common>
          <accessor source="#LeftRing2_matrix_LeftRing2_transform-interpolations-array" count="24" stride="1">
            <param name="INTERPOLATION" type="Name"/>
          </accessor>
        </technique_common>
      </source>
      <sampler id="LeftRing2_matrix_LeftRing2_transform-sampler">
        <input semantic="INPUT" source="#LeftRing2_matrix_LeftRing2_transform-input"/>
        <input semantic="OUTPUT" source="#LeftRing2_matrix_LeftRing2_transform-output"/>
        <input semantic="INTERPOLATION" source="#LeftRing2_matrix_LeftRing2_transform-interpolations"/>
      </sampler>
      <channel source="#LeftRing2_matrix_LeftRing2_transform-sampler" target="LeftRing2/transform"/>
    </animation>
    <animation id="LeftRing3_matrix">
      <source id="LeftRing3_matrix_LeftRing3_transform-input">
        <float_array id="LeftRing3_matrix_LeftRing3_transform-input-array" count="24">0 0.041666 0.083333 0.125 0.166667 0.208333 0.25 0.291667 0.333333 0.375 0.416667 0.458333 0.5 0.541667 0.583333 0.625 0.666667 0.708333 0.75 0.791667 0.833333 0.875 0.916667 0.958333</float_array>
        <technique_common>
          <accessor source="#LeftRing3_matrix_LeftRing3_transform-input-array" count="24" stride="1">
            <param name="TIME" type="float"/>
          </accessor>
        </technique_common>
        <technique profile="MAYA">
          <pre_infinity>CONSTANT</pre_infinity>
          <post_infinity>CONSTANT</post_infinity>
        </technique>
      </source>
      <source id="LeftRing3_matrix_LeftRing3_transform-output">
        <float_array id="LeftRing3_matrix_LeftRing3_transform-output-array" count="384">1 0 0 0 0 0.874117 -0.485716 0.027324 0 0.485716 0.874117 0 0 0 0 1 1 0 0 0 0 0.828373 -0.560178 0.027324 0 0.560178 0.828373 0 0 0 0 1 1 0 0 0 0 0.737931 -0.674876 0.027324 0 0.674876 0.737931 0 0 0 0 1 1 0 0 0 0 0.641261 -0.767323 0.027324 0 0.767323 0.641261 0 0 0 0 1 1 0 0 0 0 0.623322 -0.781966 0.027324 0 0.781966 0.623322 0 0 0 0 1 1 0 0 0 0 0.654794 -0.755808 0.027324 0 0.755808 0.654794 0 0 0 0 1 1 0 0 0 0 0.709696 -0.704509 0.027324 0 0.704509 0.709696 0 0 0 0 1 1 0 0 0 0 0.759799 -0.650158 0.027324 0 0.650158 0.759799 0 0 0 0 1 1 0 0 0 0 0.803851 -0.594832 0.027324 0 0.594832 0.803851 0 0 0 0 1 1 0 0 0 0 0.83629 -0.548288 0.027324 0 0.548288 0.83629 0 0 0 0 1 1 0 0 0 0 0.862149 -0.506655 0.027324 0 0.506655 0.862149 0 0 0 0 1 1 0 0 0 0 0.873224 -0.48732 0.027324 0 0.48732 0.873224 0 0 0 0 1 1 0 0 0 0 0.847213 -0.531253 0.027324 0 0.531253 0.847213 0 0 0 0 1 1 0 0 0 0 0.763027 -0.646367 0.027324 0 0.646367 0.763027 0 0 0 0 1 1 0 0 0 0 0.656655 -0.754191 0.027324 0 0.754191 0.656655 0 0 0 0 1 1 0 0 0 0 0.625952 -0.779862 0.027324 0 0.779862 0.625952 0 0 0 0 1 1 0 0 0 0 0.653433 -0.756984 0.027324 0 0.756984 0.653433 0 0 0 0 1 1 0 0 0 0 0.702657 -0.711529 0.027324 0 0.711529 0.702657 0 0 0 0 1 1 0 0 0 0 0.753213 -0.657777 0.027324 0 0.657777 0.753213 0 0 0 0 1 1 0 0 0 0 0.802807 -0.59624 0.027324 0 0.59624 0.802807 0 0 0 0 1 1 0 0 0 0 0.834768 -0.550602 0.027324 0 0.550602 0.834768 0 0 0 0 1 1 0 0 0 0 0.858506 -0.512804 0.027324 0 0.512804 0.858506 0 0 0 0 1 1 0 0 0 0 0.871742 -0.489966 0.027324 0 0.489966 0.871742 0 0 0 0 1 1 0 0 0 0 0.874013 -0.485904 0.027324 0 0.485904 0.874013 0 0 0 0 1</float_array>
        <technique_common>
          <accessor source="#LeftRing3_matrix_LeftRing3_transform-output-array" count="24" stride="16">
            <param name="TRANSFORM" type="float4x4"/>
          </accessor>
        </technique_common>
      </source>
      <source id="LeftRing3_matrix_LeftRing3_transform-interpolations">
        <Name_array id="LeftRing3_matrix_LeftRing3_transform-interpolations-array" count="24">LINEAR LINEAR LINEAR LINEAR LINEAR LINEAR LINEAR LINEAR LINEAR LINEAR LINEAR LINEAR LINEAR LINEAR LINEAR LINEAR LINEAR LINEAR LINEAR LINEAR LINEAR LINEAR LINEAR LINEAR</Name_array>
        <technique_common>
          <accessor source="#LeftRing3_matrix_LeftRing3_transform-interpolations-array" count="24" stride="1">
            <param name="INTERPOLATION" type="Name"/>
          </accessor>
        </technique_common>
      </source>
      <sampler id="LeftRing3_matrix_LeftRing3_transform-sampler">
        <input semantic="INPUT" source="#LeftRing3_matrix_LeftRing3_transform-input"/>
        <input semantic="OUTPUT" source="#LeftRing3_matrix_LeftRing3_transform-output"/>
        <input semantic="INTERPOLATION" source="#LeftRing3_matrix_LeftRing3_transform-interpolations"/>
      </sampler>
      <channel source="#LeftRing3_matrix_LeftRing3_transform-sampler" target="LeftRing3/transform"/>
    </animation>
    <animation id="LeftPinky1_matrix">
      <source id="LeftPinky1_matrix_LeftPinky1_transform-input">
        <float_array id="LeftPinky1_matrix_LeftPinky1_transform-input-array" count="24">0 0.041666 0.083333 0.125 0.166667 0.208333 0.25 0.291667 0.333333 0.375 0.416667 0.458333 0.5 0.541667 0.583333 0.625 0.666667 0.708333 0.75 0.791667 0.833333 0.875 0.916667 0.958333</float_array>
        <technique_common>
          <accessor source="#LeftPinky1_matrix_LeftPinky1_transform-input-array" count="24" stride="1">
            <param name="TIME" type="float"/>
          </accessor>
        </technique_common>
        <technique profile="MAYA">
          <pre_infinity>CONSTANT</pre_infinity>
          <post_infinity>CONSTANT</post_infinity>
        </technique>
      </source>
      <source id="LeftPinky1_matrix_LeftPinky1_transform-output">
        <float_array id="LeftPinky1_matrix_LeftPinky1_transform-output-array" count="384">0.978974 -0.127206 -0.159462 0.041258 0.027942 0.857997 -0.512894 0.096203 0.202061 0.497654 0.843511 -0.00331 0 0 0 1 0.976681 -0.138712 -0.163871 0.041258 0.020462 0.819938 -0.572087 0.096203 0.213719 0.555393 0.803656 -0.00331 0 0 0 1 0.971933 -0.161006 -0.171532 0.041258 0.00653 0.74731 -0.664444 0.096203 0.235167 0.644674 0.727386 -0.00331 0 0 0 1 0.967362 -0.18428 -0.173931 0.041258 -0.005447 0.671111 -0.741337 0.096203 0.253341 0.718088 0.648203 -0.00331 0 0 0 1 0.966326 -0.188782 -0.174858 0.041258 -0.008012 0.657132 -0.753733 0.096203 0.257195 0.729753 0.633491 -0.00331 0 0 0 1 0.96793 -0.180739 -0.174482 0.041258 -0.004009 0.683342 -0.730088 0.096203 0.251186 0.707374 0.660702 -0.00331 0 0 0 1 0.970508 -0.167856 -0.173027 0.041258 0.002685 0.725237 -0.688494 0.096203 0.241054 0.667724 0.704299 -0.00331 0 0 0 1 0.973135 -0.15486 -0.170373 0.041258 0.009912 0.76749 -0.640985 0.096203 0.230022 0.622075 0.748406 -0.00331 0 0 0 1 0.975193 -0.144854 -0.167377 0.041258 0.015916 0.800079 -0.599683 0.096203 0.220781 0.582143 0.782537 -0.00331 0 0 0 1 0.976896 -0.136767 -0.164221 0.041258 0.021148 0.826511 -0.562524 0.096203 0.212665 0.546054 0.810307 -0.00331 0 0 0 1 0.978303 -0.130249 -0.161113 0.041258 0.025694 0.847938 -0.529472 0.096203 0.205577 0.513844 0.832887 -0.00331 0 0 0 1 0.978923 -0.127434 -0.159591 0.041258 0.027771 0.857242 -0.514164 0.096203 0.20233 0.498895 0.842713 -0.00331 0 0 0 1 0.977483 -0.134023 -0.162984 0.041258 0.023021 0.835518 -0.54898 0.096203 0.209752 0.532867 0.81979 -0.00331 0 0 0 1 0.973499 -0.154701 -0.168425 0.041258 0.010939 0.767135 -0.641392 0.096203 0.228429 0.622552 0.748497 -0.00331 0 0 0 1 0.96841 -0.180266 -0.172297 0.041258 -0.002802 0.683039 -0.730377 0.096203 0.249347 0.707787 0.660956 -0.00331 0 0 0 1 0.966452 -0.18815 -0.174842 0.041258 -0.007701 0.659194 -0.751933 0.096203 0.256731 0.728054 0.63563 -0.00331 0 0 0 1 0.967771 -0.181537 -0.174538 0.041258 -0.00441 0.680752 -0.732501 0.096203 0.251793 0.709662 0.658011 -0.00331 0 0 0 1 0.969974 -0.170516 -0.17342 0.041258 0.001271 0.716601 -0.697482 0.096203 0.243205 0.676319 0.695301 -0.00331 0 0 0 1 0.972629 -0.157349 -0.17098 0.041258 0.008483 0.759387 -0.650583 0.096203 0.232209 0.631325 0.739937 -0.00331 0 0 0 1 0.975058 -0.14551 -0.167597 0.041258 0.015507 0.797933 -0.602547 0.096203 0.221408 0.584919 0.780287 -0.00331 0 0 0 1 0.976814 -0.137149 -0.16439 0.041258 0.020892 0.825262 -0.564364 0.096203 0.213067 0.547844 0.808992 -0.00331 0 0 0 1 0.978101 -0.131172 -0.16159 0.041258 0.025029 0.844897 -0.534343 0.096203 0.206617 0.518597 0.829678 -0.00331 0 0 0 1 0.97884 -0.127812 -0.159803 0.041258 0.027488 0.855993 -0.516257 0.096203 0.202773 0.50094 0.841393 -0.00331 0 0 0 1 0.978968 -0.127233 -0.159477 0.041258 0.027922 0.857909 -0.513043 0.096203 0.202093 0.497799 0.843418 -0.00331 0 0 0 1</float_array>
        <technique_common>
          <accessor source="#LeftPinky1_matrix_LeftPinky1_transform-output-array" count="24" stride="16">
            <param name="TRANSFORM" type="float4x4"/>
          </accessor>
        </technique_common>
      </source>
      <source id="LeftPinky1_matrix_LeftPinky1_transform-interpolations">
        <Name_array id="LeftPinky1_matrix_LeftPinky1_transform-interpolations-array" count="24">LINEAR LINEAR LINEAR LINEAR LINEAR LINEAR LINEAR LINEAR LINEAR LINEAR LINEAR LINEAR LINEAR LINEAR LINEAR LINEAR LINEAR LINEAR LINEAR LINEAR LINEAR LINEAR LINEAR LINEAR</Name_array>
        <technique_common>
          <accessor source="#LeftPinky1_matrix_LeftPinky1_transform-interpolations-array" count="24" stride="1">
            <param name="INTERPOLATION" type="Name"/>
          </accessor>
        </technique_common>
      </source>
      <sampler id="LeftPinky1_matrix_LeftPinky1_transform-sampler">
        <input semantic="INPUT" source="#LeftPinky1_matrix_LeftPinky1_transform-input"/>
        <input semantic="OUTPUT" source="#LeftPinky1_matrix_LeftPinky1_transform-output"/>
        <input semantic="INTERPOLATION" source="#LeftPinky1_matrix_LeftPinky1_transform-interpolations"/>
      </sampler>
      <channel source="#LeftPinky1_matrix_LeftPinky1_transform-sampler" target="LeftPinky1/transform"/>
    </animation>
    <animation id="LeftPinky2_matrix">
      <source id="LeftPinky2_matrix_LeftPinky2_transform-input">
        <float_array id="LeftPinky2_matrix_LeftPinky2_transform-input-array" count="24">0 0.041666 0.083333 0.125 0.166667 0.208333 0.25 0.291667 0.333333 0.375 0.416667 0.458333 0.5 0.541667 0.583333 0.625 0.666667 0.708333 0.75 0.791667 0.833333 0.875 0.916667 0.958333</float_array>
        <technique_common>
          <accessor source="#LeftPinky2_matrix_LeftPinky2_transform-input-array" count="24" stride="1">
            <param name="TIME" type="float"/>
          </accessor>
        </technique_common>
        <technique profile="MAYA">
          <pre_infinity>CONSTANT</pre_infinity>
          <post_infinity>CONSTANT</post_infinity>
        </technique>
      </source>
      <source id="LeftPinky2_matrix_LeftPinky2_transform-output">
        <float_array id="LeftPinky2_matrix_LeftPinky2_transform-output-array" count="384">1 0.000025 -0.000023 0 -0.000035 0.769735 -0.638364 0.032185 0.000001 0.638364 0.769735 0 0 0 0 1 1 0.000023 -0.000024 0 -0.000035 0.723721 -0.690093 0.032185 0.000001 0.690093 0.723721 0 0 0 0 1 1 0.00002 -0.000027 0 -0.000035 0.639684 -0.768638 0.032185 0.000001 0.768638 0.639684 0 0 0 0 1 1 0.000017 -0.000029 0 -0.000035 0.555629 -0.831431 0.032185 0.000001 0.831431 0.555629 0 0 0 0 1 1 0.000016 -0.000029 0 -0.000035 0.540452 -0.841375 0.032185 0.000001 0.841375 0.540452 0 0 0 0 1 1 0.000017 -0.000029 0 -0.000035 0.568822 -0.822461 0.032185 0.000001 0.822461 0.568822 0 0 0 0 1 1 0.000019 -0.000028 0 -0.000035 0.614941 -0.788574 0.032185 0.000001 0.788574 0.614941 0 0 0 0 1 1 0.000021 -0.000026 0 -0.000035 0.662547 -0.74902 0.032185 0.000001 0.74902 0.662547 0 0 0 0 1 1 0.000022 -0.000025 0 -0.000035 0.700191 -0.713956 0.032185 0.000001 0.713956 0.700191 0 0 0 0 1 1 0.000023 -0.000024 0 -0.000035 0.731459 -0.681886 0.032185 0.000001 0.681886 0.731459 0 0 0 0 1 1 0.000024 -0.000023 0 -0.000035 0.757372 -0.652984 0.032185 0.000001 0.652984 0.757372 0 0 0 0 1 1 0.000024 -0.000023 0 -0.000035 0.768803 -0.639486 0.032185 0.000001 0.639486 0.768803 0 0 0 0 1 1 0.000024 -0.000024 0 -0.000035 0.742278 -0.670092 0.032185 0.000001 0.670092 0.742278 0 0 0 0 1 1 0.000021 -0.000026 0 -0.000035 0.662325 -0.749217 0.032185 0.000001 0.749217 0.662325 0 0 0 0 1 1 0.000017 -0.000029 0 -0.000035 0.568739 -0.822518 0.032185 0.000001 0.822518 0.568739 0 0 0 0 1 1 0.000016 -0.000029 0 -0.000035 0.542671 -0.839946 0.032185 0.000001 0.839946 0.542671 0 0 0 0 1 1 0.000017 -0.000029 0 -0.000035 0.565993 -0.82441 0.032185 0.000001 0.82441 0.565993 0 0 0 0 1 1 0.000019 -0.000028 0 -0.000035 0.605342 -0.795966 0.032185 0.000001 0.795966 0.605342 0 0 0 0 1 1 0.00002 -0.000027 0 -0.000035 0.65333 -0.757074 0.032185 0.000001 0.757074 0.65333 0 0 0 0 1 1 0.000022 -0.000025 0 -0.000035 0.697694 -0.716397 0.032185 0.000001 0.716397 0.697694 0 0 0 0 1 1 0.000023 -0.000024 0 -0.000035 0.72996 -0.683491 0.032185 0.000001 0.683491 0.72996 0 0 0 0 1 1 0.000024 -0.000023 0 -0.000035 0.753656 -0.65727 0.032185 0.000001 0.65727 0.753656 0 0 0 0 1 1 0.000024 -0.000023 0 -0.000035 0.76726 -0.641337 0.032185 0.000001 0.641337 0.76726 0 0 0 0 1 1 0.000024 -0.000023 0 -0.000035 0.769626 -0.638496 0.032185 0.000001 0.638496 0.769626 0 0 0 0 1</float_array>
        <technique_common>
          <accessor source="#LeftPinky2_matrix_LeftPinky2_transform-output-array" count="24" stride="16">
            <param name="TRANSFORM" type="float4x4"/>
          </accessor>
        </technique_common>
      </source>
      <source id="LeftPinky2_matrix_LeftPinky2_transform-interpolations">
        <Name_array id="LeftPinky2_matrix_LeftPinky2_transform-interpolations-array" count="24">LINEAR LINEAR LINEAR LINEAR LINEAR LINEAR LINEAR LINEAR LINEAR LINEAR LINEAR LINEAR LINEAR LINEAR LINEAR LINEAR LINEAR LINEAR LINEAR LINEAR LINEAR LINEAR LINEAR LINEAR</Name_array>
        <technique_common>
          <accessor source="#LeftPinky2_matrix_LeftPinky2_transform-interpolations-array" count="24" stride="1">
            <param name="INTERPOLATION" type="Name"/>
          </accessor>
        </technique_common>
      </source>
      <sampler id="LeftPinky2_matrix_LeftPinky2_transform-sampler">
        <input semantic="INPUT" source="#LeftPinky2_matrix_LeftPinky2_transform-input"/>
        <input semantic="OUTPUT" source="#LeftPinky2_matrix_LeftPinky2_transform-output"/>
        <input semantic="INTERPOLATION" source="#LeftPinky2_matrix_LeftPinky2_transform-interpolations"/>
      </sampler>
      <channel source="#LeftPinky2_matrix_LeftPinky2_transform-sampler" target="LeftPinky2/transform"/>
    </animation>
    <animation id="LeftPinky3_matrix">
      <source id="LeftPinky3_matrix_LeftPinky3_transform-input">
        <float_array id="LeftPinky3_matrix_LeftPinky3_transform-input-array" count="24">0 0.041666 0.083333 0.125 0.166667 0.208333 0.25 0.291667 0.333333 0.375 0.416667 0.458333 0.5 0.541667 0.583333 0.625 0.666667 0.708333 0.75 0.791667 0.833333 0.875 0.916667 0.958333</float_array>
        <technique_common>
          <accessor source="#LeftPinky3_matrix_LeftPinky3_transform-input-array" count="24" stride="1">
            <param name="TIME" type="float"/>
          </accessor>
        </technique_common>
        <technique profile="MAYA">
          <pre_infinity>CONSTANT</pre_infinity>
          <post_infinity>CONSTANT</post_infinity>
        </technique>
      </source>
      <source id="LeftPinky3_matrix_LeftPinky3_transform-output">
        <float_array id="LeftPinky3_matrix_LeftPinky3_transform-output-array" count="384">1 -0.00002 0.000015 0 0.000025 0.88629 -0.463131 0.016345 -0.000004 0.463131 0.88629 0 0 0 0 1 1 -0.000018 0.000016 0 0.000025 0.852121 -0.523344 0.016345 -0.000004 0.523344 0.852121 0 0 0 0 1 1 -0.000016 0.000018 0 0.000025 0.786384 -0.617738 0.016345 -0.000004 0.617738 0.786384 0 0 0 0 1 1 -0.000014 0.00002 0 0.000025 0.717332 -0.696732 0.016345 -0.000004 0.696732 0.717332 0 0 0 0 1 1 -0.000014 0.00002 0 0.000025 0.704572 -0.709632 0.016345 -0.000004 0.709632 0.704572 0 0 0 0 1 1 -0.000015 0.000019 0 0.000025 0.728356 -0.685199 0.016345 -0.000004 0.685199 0.728356 0 0 0 0 1 1 -0.000016 0.000019 0 0.000025 0.766361 -0.642411 0.016345 -0.000004 0.642411 0.766361 0 0 0 0 1 1 -0.000017 0.000017 0 0.000025 0.804635 -0.59377 0.016345 -0.000004 0.59377 0.804635 0 0 0 0 1 1 -0.000018 0.000017 0 0.000025 0.834107 -0.551603 0.016345 -0.000004 0.551603 0.834107 0 0 0 0 1 1 -0.000019 0.000016 0 0.000025 0.85797 -0.5137 0.016345 -0.000004 0.5137 0.85797 0 0 0 0 1 1 -0.000019 0.000015 0 0.000025 0.87726 -0.480015 0.016345 -0.000004 0.480015 0.87726 0 0 0 0 1 1 -0.000019 0.000015 0 0.000025 0.885614 -0.464423 0.016345 -0.000004 0.464423 0.885614 0 0 0 0 1 1 -0.000019 0.000015 0 0.000025 0.866081 -0.499903 0.016345 -0.000004 0.499903 0.866081 0 0 0 0 1 1 -0.000017 0.000017 0 0.000025 0.804459 -0.594008 0.016345 -0.000004 0.594008 0.804459 0 0 0 0 1 1 -0.000015 0.000019 0 0.000025 0.728286 -0.685273 0.016345 -0.000004 0.685273 0.728286 0 0 0 0 1 1 -0.000014 0.00002 0 0.000025 0.706443 -0.70777 0.016345 -0.000004 0.70777 0.706443 0 0 0 0 1 1 -0.000015 0.000019 0 0.000025 0.725998 -0.687697 0.016345 -0.000004 0.687697 0.725998 0 0 0 0 1 1 -0.000016 0.000019 0 0.000025 0.758522 -0.651648 0.016345 -0.000004 0.651648 0.758522 0 0 0 0 1 1 -0.000017 0.000018 0 0.000025 0.797307 -0.603574 0.016345 -0.000004 0.603574 0.797307 0 0 0 0 1 1 -0.000018 0.000017 0 0.000025 0.832175 -0.554513 0.016345 -0.000004 0.554513 0.832175 0 0 0 0 1 1 -0.000019 0.000016 0 0.000025 0.85684 -0.515583 0.016345 -0.000004 0.515583 0.85684 0 0 0 0 1 1 -0.000019 0.000015 0 0.000025 0.874524 -0.484983 0.016345 -0.000004 0.484983 0.874524 0 0 0 0 1 1 -0.000019 0.000015 0 0.000025 0.884492 -0.466556 0.016345 -0.000004 0.466556 0.884492 0 0 0 0 1 1 -0.000019 0.000015 0 0.000025 0.886211 -0.463282 0.016345 -0.000004 0.463282 0.886211 0 0 0 0 1</float_array>
        <technique_common>
          <accessor source="#LeftPinky3_matrix_LeftPinky3_transform-output-array" count="24" stride="16">
            <param name="TRANSFORM" type="float4x4"/>
          </accessor>
        </technique_common>
      </source>
      <source id="LeftPinky3_matrix_LeftPinky3_transform-interpolations">
        <Name_array id="LeftPinky3_matrix_LeftPinky3_transform-interpolations-array" count="24">LINEAR LINEAR LINEAR LINEAR LINEAR LINEAR LINEAR LINEAR LINEAR LINEAR LINEAR LINEAR LINEAR LINEAR LINEAR LINEAR LINEAR LINEAR LINEAR LINEAR LINEAR LINEAR LINEAR LINEAR</Name_array>
        <technique_common>
          <accessor source="#LeftPinky3_matrix_LeftPinky3_transform-interpolations-array" count="24" stride="1">
            <param name="INTERPOLATION" type="Name"/>
          </accessor>
        </technique_common>
      </source>
      <sampler id="LeftPinky3_matrix_LeftPinky3_transform-sampler">
        <input semantic="INPUT" source="#LeftPinky3_matrix_LeftPinky3_transform-input"/>
        <input semantic="OUTPUT" source="#LeftPinky3_matrix_LeftPinky3_transform-output"/>
        <input semantic="INTERPOLATION" source="#LeftPinky3_matrix_LeftPinky3_transform-interpolations"/>
      </sampler>
      <channel source="#LeftPinky3_matrix_LeftPinky3_transform-sampler" target="LeftPinky3/transform"/>
    </animation>
    <animation id="LeftThumb1_matrix">
      <source id="LeftThumb1_matrix_LeftThumb1_transform-input">
        <float_array id="LeftThumb1_matrix_LeftThumb1_transform-input-array" count="24">0 0.041666 0.083333 0.125 0.166667 0.208333 0.25 0.291667 0.333333 0.375 0.416667 0.458333 0.5 0.541667 0.583333 0.625 0.666667 0.708333 0.75 0.791667 0.833333 0.875 0.916667 0.958333</float_array>
        <technique_common>
          <accessor source="#LeftThumb1_matrix_LeftThumb1_transform-input-array" count="24" stride="1">
            <param name="TIME" type="float"/>
          </accessor>
        </technique_common>
        <technique profile="MAYA">
          <pre_infinity>CONSTANT</pre_infinity>
          <post_infinity>CONSTANT</post_infinity>
        </technique>
      </source>
      <source id="LeftThumb1_matrix_LeftThumb1_transform-output">
        <float_array id="LeftThumb1_matrix_LeftThumb1_transform-output-array" count="384">-0.910497 0.385696 0.149112 -0.038235 0.362042 0.91776 -0.163221 0.02164 -0.199803 -0.094627 -0.975256 0.002124 0 0 0 1 -0.914145 0.393153 0.098843 -0.038235 0.376618 0.913853 -0.151759 0.02164 -0.149993 -0.101503 -0.983463 0.002124 0 0 0 1 -0.913996 0.4057 -0.004423 -0.038235 0.403028 0.906613 -0.124981 0.02164 -0.046695 -0.116015 -0.992149 0.002124 0 0 0 1 -0.904897 0.415976 -0.090147 -0.038235 0.423838 0.900061 -0.101242 0.02164 0.039023 -0.129821 -0.990769 0.002124 0 0 0 1 -0.902113 0.418486 -0.105175 -0.038235 0.428145 0.898437 -0.097472 0.02164 0.053702 -0.132961 -0.989665 0.002124 0 0 0 1 -0.906492 0.41506 -0.07744 -0.038235 0.421417 0.900739 -0.105242 0.02164 0.026072 -0.128035 -0.991427 0.002124 0 0 0 1 -0.911946 0.409169 -0.030588 -0.038235 0.409791 0.904511 -0.118022 0.02164 -0.020623 -0.120164 -0.99254 0.002124 0 0 0 1 -0.915153 0.402587 0.020468 -0.038235 0.396714 0.908485 -0.131419 0.02164 -0.071502 -0.112148 -0.991116 0.002124 0 0 0 1 -0.91564 0.397005 0.06317 -0.038235 0.385475 0.911685 -0.142262 0.02164 -0.11407 -0.10591 -0.987811 0.002124 0 0 0 1 -0.914406 0.392115 0.100538 -0.038235 0.375439 0.914374 -0.151543 0.02164 -0.151352 -0.100825 -0.983324 0.002124 0 0 0 1 -0.912079 0.387829 0.133045 -0.038235 0.36652 0.916652 -0.15941 0.02164 -0.18378 -0.09663 -0.978206 0.002124 0 0 0 1 -0.910628 0.385859 0.147887 -0.038235 0.362385 0.917676 -0.162932 0.02164 -0.198581 -0.094778 -0.975491 0.002124 0 0 0 1 -0.913595 0.390342 0.113921 -0.038235 0.37178 0.915325 -0.154787 0.02164 -0.164695 -0.099058 -0.981358 0.002124 0 0 0 1 -0.915868 0.400939 0.020851 -0.038235 0.395106 0.909328 -0.130435 0.02164 -0.071257 -0.111223 -0.991237 0.002124 0 0 0 1 -0.90745 0.413098 -0.076716 -0.038235 0.419345 0.901835 -0.10413 0.02164 0.026169 -0.126663 -0.9916 0.002124 0 0 0 1 -0.902483 0.418223 -0.103032 -0.038235 0.427629 0.898617 -0.098077 0.02164 0.051568 -0.132572 -0.989831 0.002124 0 0 0 1 -0.906097 0.415391 -0.080238 -0.038235 0.422083 0.900521 -0.104439 0.02164 0.028873 -0.128499 -0.991289 0.002124 0 0 0 1 -0.910999 0.410413 -0.040533 -0.038235 0.412271 0.903733 -0.11532 0.02164 -0.010697 -0.121767 -0.992501 0.002124 0 0 0 1 -0.914738 0.403916 0.010347 -0.038235 0.399352 0.907701 -0.128825 0.02164 -0.061426 -0.113709 -0.991613 0.002124 0 0 0 1 -0.915662 0.397405 0.06027 -0.038235 0.386263 0.91146 -0.141564 0.02164 -0.111193 -0.106344 -0.988092 0.002124 0 0 0 1 -0.914508 0.392346 0.098697 -0.038235 0.37593 0.914249 -0.151075 0.02164 -0.149508 -0.101056 -0.983583 0.002124 0 0 0 1 -0.912495 0.388453 0.128285 -0.038235 0.367833 0.916325 -0.158261 0.02164 -0.179028 -0.097224 -0.979028 0.002124 0 0 0 1 -0.910841 0.386127 0.145863 -0.038235 0.36295 0.917538 -0.162452 0.02164 -0.196562 -0.095026 -0.975876 0.002124 0 0 0 1 -0.910512 0.385715 0.148969 -0.038235 0.362082 0.91775 -0.163187 0.02164 -0.19966 -0.094644 -0.975284 0.002124 0 0 0 1</float_array>
        <technique_common>
          <accessor source="#LeftThumb1_matrix_LeftThumb1_transform-output-array" count="24" stride="16">
            <param name="TRANSFORM" type="float4x4"/>
          </accessor>
        </technique_common>
      </source>
      <source id="LeftThumb1_matrix_LeftThumb1_transform-interpolations">
        <Name_array id="LeftThumb1_matrix_LeftThumb1_transform-interpolations-array" count="24">LINEAR LINEAR LINEAR LINEAR LINEAR LINEAR LINEAR LINEAR LINEAR LINEAR LINEAR LINEAR LINEAR LINEAR LINEAR LINEAR LINEAR LINEAR LINEAR LINEAR LINEAR LINEAR LINEAR LINEAR</Name_array>
        <technique_common>
          <accessor source="#LeftThumb1_matrix_LeftThumb1_transform-interpolations-array" count="24" stride="1">
            <param name="INTERPOLATION" type="Name"/>
          </accessor>
        </technique_common>
      </source>
      <sampler id="LeftThumb1_matrix_LeftThumb1_transform-sampler">
        <input semantic="INPUT" source="#LeftThumb1_matrix_LeftThumb1_transform-input"/>
        <input semantic="OUTPUT" source="#LeftThumb1_matrix_LeftThumb1_transform-output"/>
        <input semantic="INTERPOLATION" source="#LeftThumb1_matrix_LeftThumb1_transform-interpolations"/>
      </sampler>
      <channel source="#LeftThumb1_matrix_LeftThumb1_transform-sampler" target="LeftThumb1/transform"/>
    </animation>
    <animation id="LeftThumb2_matrix">
      <source id="LeftThumb2_matrix_LeftThumb2_transform-input">
        <float_array id="LeftThumb2_matrix_LeftThumb2_transform-input-array" count="24">0 0.041666 0.083333 0.125 0.166667 0.208333 0.25 0.291667 0.333333 0.375 0.416667 0.458333 0.5 0.541667 0.583333 0.625 0.666667 0.708333 0.75 0.791667 0.833333 0.875 0.916667 0.958333</float_array>
        <technique_common>
          <accessor source="#LeftThumb2_matrix_LeftThumb2_transform-input-array" count="24" stride="1">
            <param name="TIME" type="float"/>
          </accessor>
        </technique_common>
        <technique profile="MAYA">
          <pre_infinity>CONSTANT</pre_infinity>
          <post_infinity>CONSTANT</post_infinity>
        </technique>
      </source>
      <source id="LeftThumb2_matrix_LeftThumb2_transform-output">
        <float_array id="LeftThumb2_matrix_LeftThumb2_transform-output-array" count="384">0.235193 0.247028 -0.940033 0.025687 0.419652 0.846559 0.32746 0.021903 0.876685 -0.471503 0.095438 -0.017375 0 0 0 1 0.235193 0.262885 -0.935722 0.025687 0.419652 0.840902 0.341725 0.021903 0.876685 -0.473049 0.087453 -0.017375 0 0 0 1 0.235193 0.291967 -0.92706 0.025687 0.419652 0.829825 0.367809 0.021903 0.876685 -0.475549 0.072643 -0.017375 0 0 0 1 0.235193 0.316507 -0.918971 0.025687 0.419652 0.819754 0.389738 0.021903 0.876685 -0.477312 0.059976 -0.017375 0 0 0 1 0.235193 0.321701 -0.917166 0.025687 0.419652 0.817536 0.394369 0.021903 0.876685 -0.477643 0.057275 -0.017375 0 0 0 1 0.235193 0.313603 -0.919966 0.025687 0.419652 0.820981 0.387146 0.021903 0.876685 -0.47712 0.061484 -0.017375 0 0 0 1 0.235193 0.299926 -0.924516 0.025687 0.419652 0.826632 0.374929 0.021903 0.876685 -0.476156 0.068552 -0.017375 0 0 0 1 0.235193 0.285003 -0.929224 0.025687 0.419652 0.832561 0.361573 0.021903 0.876685 -0.47499 0.076209 -0.017375 0 0 0 1 0.235193 0.272475 -0.932975 0.025687 0.419652 0.83735 0.350338 0.021903 0.876685 -0.473922 0.082593 -0.017375 0 0 0 1 0.235193 0.261454 -0.936123 0.025687 0.419652 0.841423 0.340439 0.021903 0.876685 -0.472915 0.088176 -0.017375 0 0 0 1 0.235193 0.251814 -0.938762 0.025687 0.419652 0.84488 0.331769 0.021903 0.876685 -0.471983 0.093034 -0.017375 0 0 0 1 0.235193 0.247393 -0.939937 0.025687 0.419652 0.846432 0.327789 0.021903 0.876685 -0.47154 0.095254 -0.017375 0 0 0 1 0.235193 0.257493 -0.93722 0.025687 0.419652 0.842855 0.336878 0.021903 0.876685 -0.472538 0.090175 -0.017375 0 0 0 1 0.235193 0.282844 -0.929884 0.025687 0.419652 0.833398 0.359638 0.021903 0.876685 -0.474812 0.077312 -0.017375 0 0 0 1 0.235193 0.311123 -0.920808 0.025687 0.419652 0.822021 0.384933 0.021903 0.876685 -0.476952 0.062769 -0.017375 0 0 0 1 0.235193 0.321075 -0.917385 0.025687 0.419652 0.817805 0.393811 0.021903 0.876685 -0.477604 0.057601 -0.017375 0 0 0 1 0.235193 0.314421 -0.919687 0.025687 0.419652 0.820636 0.387876 0.021903 0.876685 -0.477174 0.061059 -0.017375 0 0 0 1 0.235193 0.302832 -0.923568 0.025687 0.419652 0.825449 0.377527 0.021903 0.876685 -0.476369 0.067054 -0.017375 0 0 0 1 0.235193 0.287964 -0.928311 0.025687 0.419652 0.831404 0.364225 0.021903 0.876685 -0.475231 0.074694 -0.017375 0 0 0 1 0.235193 0.273326 -0.932726 0.025687 0.419652 0.83703 0.351101 0.021903 0.876685 -0.473997 0.082161 -0.017375 0 0 0 1 0.235193 0.262 -0.935971 0.025687 0.419652 0.841225 0.34093 0.021903 0.876685 -0.472966 0.0879 -0.017375 0 0 0 1 0.235193 0.253229 -0.938381 0.025687 0.419652 0.844378 0.333042 0.021903 0.876685 -0.472123 0.092322 -0.017375 0 0 0 1 0.235193 0.247997 -0.939778 0.025687 0.419652 0.846221 0.328333 0.021903 0.876685 -0.471601 0.094951 -0.017375 0 0 0 1 0.235193 0.247071 -0.940022 0.025687 0.419652 0.846544 0.327499 0.021903 0.876685 -0.471507 0.095416 -0.017375 0 0 0 1</float_array>
        <technique_common>
          <accessor source="#LeftThumb2_matrix_LeftThumb2_transform-output-array" count="24" stride="16">
            <param name="TRANSFORM" type="float4x4"/>
          </accessor>
        </technique_common>
      </source>
      <source id="LeftThumb2_matrix_LeftThumb2_transform-interpolations">
        <Name_array id="LeftThumb2_matrix_LeftThumb2_transform-interpolations-array" count="24">LINEAR LINEAR LINEAR LINEAR LINEAR LINEAR LINEAR LINEAR LINEAR LINEAR LINEAR LINEAR LINEAR LINEAR LINEAR LINEAR LINEAR LINEAR LINEAR LINEAR LINEAR LINEAR LINEAR LINEAR</Name_array>
        <technique_common>
          <accessor source="#LeftThumb2_matrix_LeftThumb2_transform-interpolations-array" count="24" stride="1">
            <param name="INTERPOLATION" type="Name"/>
          </accessor>
        </technique_common>
      </source>
      <sampler id="LeftThumb2_matrix_LeftThumb2_transform-sampler">
        <input semantic="INPUT" source="#LeftThumb2_matrix_LeftThumb2_transform-input"/>
        <input semantic="OUTPUT" source="#LeftThumb2_matrix_LeftThumb2_transform-output"/>
        <input semantic="INTERPOLATION" source="#LeftThumb2_matrix_LeftThumb2_transform-interpolations"/>
      </sampler>
      <channel source="#LeftThumb2_matrix_LeftThumb2_transform-sampler" target="LeftThumb2/transform"/>
    </animation>
    <animation id="LeftThumb3_matrix">
      <source id="LeftThumb3_matrix_LeftThumb3_transform-input">
        <float_array id="LeftThumb3_matrix_LeftThumb3_transform-input-array" count="24">0 0.041666 0.083333 0.125 0.166667 0.208333 0.25 0.291667 0.333333 0.375 0.416667 0.458333 0.5 0.541667 0.583333 0.625 0.666667 0.708333 0.75 0.791667 0.833333 0.875 0.916667 0.958333</float_array>
        <technique_common>
          <accessor source="#LeftThumb3_matrix_LeftThumb3_transform-input-array" count="24" stride="1">
            <param name="TIME" type="float"/>
          </accessor>
        </technique_common>
        <technique profile="MAYA">
          <pre_infinity>CONSTANT</pre_infinity>
          <post_infinity>CONSTANT</post_infinity>
        </technique>
      </source>
      <source id="LeftThumb3_matrix_LeftThumb3_transform-output">
        <float_array id="LeftThumb3_matrix_LeftThumb3_transform-output-array" count="384">0.999931 0.010356 0.0055 0 -0.008963 0.977464 -0.210914 0.034681 -0.00756 0.21085 0.977489 0 0 0 0 1 0.999931 0.010738 0.004709 0 -0.008963 0.958949 -0.283439 0.034681 -0.00756 0.283377 0.958978 0 0 0 0 1 0.999931 0.011233 0.003364 0 -0.008963 0.917182 -0.398369 0.034681 -0.00756 0.398311 0.917219 0 0 0 0 1 0.999931 0.011534 0.002109 0 -0.008963 0.867877 -0.496699 0.034681 -0.00756 0.496646 0.86792 0 0 0 0 1 0.999931 0.011572 0.001891 0 -0.008963 0.858322 -0.513033 0.034681 -0.00756 0.512981 0.858366 0 0 0 0 1 0.999931 0.011497 0.002301 0 -0.008963 0.876037 -0.482161 0.034681 -0.00756 0.482107 0.87608 0 0 0 0 1 0.999931 0.011339 0.002986 0 -0.008963 0.903357 -0.428797 0.034681 -0.00756 0.428741 0.903396 0 0 0 0 1 0.999931 0.01112 0.003719 0 -0.008963 0.929387 -0.368999 0.034681 -0.00756 0.36894 0.929422 0 0 0 0 1 0.999931 0.0109 0.004321 0 -0.008963 0.948153 -0.31769 0.034681 -0.00756 0.317629 0.948185 0 0 0 0 1 0.999931 0.01068 0.004839 0 -0.008963 0.962307 -0.271819 0.034681 -0.00756 0.271757 0.962336 0 0 0 0 1 0.999931 0.010468 0.005283 0 -0.008963 0.972862 -0.231216 0.034681 -0.00756 0.231152 0.972888 0 0 0 0 1 0.999931 0.010364 0.005483 0 -0.008963 0.977127 -0.212468 0.034681 -0.00756 0.212404 0.977153 0 0 0 0 1 0.999931 0.010595 0.005022 0 -0.008963 0.96685 -0.255191 0.034681 -0.00756 0.255128 0.966877 0 0 0 0 1 0.999931 0.011121 0.003716 0 -0.008963 0.929269 -0.369295 0.034681 -0.00756 0.369236 0.929305 0 0 0 0 1 0.999931 0.011498 0.0023 0 -0.008963 0.875976 -0.482272 0.034681 -0.00756 0.482218 0.876018 0 0 0 0 1 0.999931 0.011567 0.001923 0 -0.008963 0.859732 -0.510668 0.034681 -0.00756 0.510616 0.859776 0 0 0 0 1 0.999931 0.011505 0.00226 0 -0.008963 0.874297 -0.485309 0.034681 -0.00756 0.485255 0.87434 0 0 0 0 1 0.999931 0.011376 0.002842 0 -0.008963 0.897827 -0.440259 0.034681 -0.00756 0.440203 0.897866 0 0 0 0 1 0.999931 0.011167 0.003575 0 -0.008963 0.924541 -0.380978 0.034681 -0.00756 0.38092 0.924577 0 0 0 0 1 0.999931 0.010916 0.00428 0 -0.008963 0.94697 -0.321198 0.034681 -0.00756 0.321138 0.947002 0 0 0 0 1 0.999931 0.010692 0.004814 0 -0.008963 0.961658 -0.274107 0.034681 -0.00756 0.274045 0.961687 0 0 0 0 1 0.999931 0.0105 0.005218 0 -0.008963 0.971419 -0.237206 0.034681 -0.00756 0.237143 0.971445 0 0 0 0 1 0.999931 0.010379 0.005456 0 -0.008963 0.976566 -0.215034 0.034681 -0.00756 0.21497 0.976591 0 0 0 0 1 0.999931 0.010357 0.005498 0 -0.008963 0.977425 -0.211096 0.034681 -0.00756 0.211032 0.97745 0 0 0 0 1</float_array>
        <technique_common>
          <accessor source="#LeftThumb3_matrix_LeftThumb3_transform-output-array" count="24" stride="16">
            <param name="TRANSFORM" type="float4x4"/>
          </accessor>
        </technique_common>
      </source>
      <source id="LeftThumb3_matrix_LeftThumb3_transform-interpolations">
        <Name_array id="LeftThumb3_matrix_LeftThumb3_transform-interpolations-array" count="24">LINEAR LINEAR LINEAR LINEAR LINEAR LINEAR LINEAR LINEAR LINEAR LINEAR LINEAR LINEAR LINEAR LINEAR LINEAR LINEAR LINEAR LINEAR LINEAR LINEAR LINEAR LINEAR LINEAR LINEAR</Name_array>
        <technique_common>
          <accessor source="#LeftThumb3_matrix_LeftThumb3_transform-interpolations-array" count="24" stride="1">
            <param name="INTERPOLATION" type="Name"/>
          </accessor>
        </technique_common>
      </source>
      <sampler id="LeftThumb3_matrix_LeftThumb3_transform-sampler">
        <input semantic="INPUT" source="#LeftThumb3_matrix_LeftThumb3_transform-input"/>
        <input semantic="OUTPUT" source="#LeftThumb3_matrix_LeftThumb3_transform-output"/>
        <input semantic="INTERPOLATION" source="#LeftThumb3_matrix_LeftThumb3_transform-interpolations"/>
      </sampler>
      <channel source="#LeftThumb3_matrix_LeftThumb3_transform-sampler" target="LeftThumb3/transform"/>
    </animation>
    <animation id="LeftForeArm_Helper1_matrix">
      <source id="LeftForeArm_Helper1_matrix_LeftForeArm_Helper1_transform-input">
        <float_array id="LeftForeArm_Helper1_matrix_LeftForeArm_Helper1_transform-input-array" count="24">0 0.041666 0.083333 0.125 0.166667 0.208333 0.25 0.291667 0.333333 0.375 0.416667 0.458333 0.5 0.541667 0.583333 0.625 0.666667 0.708333 0.75 0.791667 0.833333 0.875 0.916667 0.958333</float_array>
        <technique_common>
          <accessor source="#LeftForeArm_Helper1_matrix_LeftForeArm_Helper1_transform-input-array" count="24" stride="1">
            <param name="TIME" type="float"/>
          </accessor>
        </technique_common>
        <technique profile="MAYA">
          <pre_infinity>CONSTANT</pre_infinity>
          <post_infinity>CONSTANT</post_infinity>
        </technique>
      </source>
      <source id="LeftForeArm_Helper1_matrix_LeftForeArm_Helper1_transform-output">
        <float_array id="LeftForeArm_Helper1_matrix_LeftForeArm_Helper1_transform-output-array" count="384">0.819152 0 -0.573576 0 0 1 0 0.078445 0.573576 0 0.819152 0 0 0 0 1 0.80737 0 -0.590044 0 0 1 0 0.078445 0.590044 0 0.80737 0 0 0 0 1 0.804443 0 -0.59403 0 0 1 0 0.078445 0.59403 0 0.804443 0 0 0 0 1 0.811203 0 -0.584765 0 0 1 0 0.078445 0.584765 0 0.811203 0 0 0 0 1 0.824451 0 -0.565933 0 0 1 0 0.078445 0.565933 0 0.824451 0 0 0 0 1 0.852162 0 -0.523278 0 0 1 0 0.078445 0.523278 0 0.852162 0 0 0 0 1 0.898718 0 -0.438526 0 0 1 0 0.078445 0.438526 0 0.898718 0 0 0 0 1 0.920997 0 -0.389568 0 0 1 0 0.078445 0.389568 0 0.920997 0 0 0 0 1 0.919256 0 -0.39366 0 0 1 0 0.078445 0.39366 0 0.919256 0 0 0 0 1 0.896957 0 -0.442116 0 0 1 0 0.078445 0.442116 0 0.896957 0 0 0 0 1 0.8514 0 -0.524517 0 0 1 0 0.078445 0.524517 0 0.8514 0 0 0 0 1 0.821499 0 -0.570209 0 0 1 0 0.078445 0.570209 0 0.821499 0 0 0 0 1 0.808121 0 -0.589017 0 0 1 0 0.078445 0.589017 0 0.808121 0 0 0 0 1 0.804467 0 -0.593997 0 0 1 0 0.078445 0.593997 0 0.804467 0 0 0 0 1 0.809578 0 -0.587011 0 0 1 0 0.078445 0.587011 0 0.809578 0 0 0 0 1 0.823922 0 -0.566703 0 0 1 0 0.078445 0.566703 0 0.823922 0 0 0 0 1 0.850881 0 -0.525358 0 0 1 0 0.078445 0.525358 0 0.850881 0 0 0 0 1 0.891739 0 -0.452549 0 0 1 0 0.078445 0.452549 0 0.891739 0 0 0 0 1 0.917217 0 -0.398388 0 0 1 0 0.078445 0.398388 0 0.917217 0 0 0 0 1 0.919063 0 -0.39411 0 0 1 0 0.078445 0.39411 0 0.919063 0 0 0 0 1 0.898 0 -0.439994 0 0 1 0 0.078445 0.439994 0 0.898 0 0 0 0 1 0.859143 0 -0.511734 0 0 1 0 0.078445 0.511734 0 0.859143 0 0 0 0 1 0.827262 0 -0.561816 0 0 1 0 0.078445 0.561816 0 0.827262 0 0 0 0 1 0.818825 0 -0.574042 0 0 1 0 0.078445 0.574042 0 0.818825 0 0 0 0 1</float_array>
        <technique_common>
          <accessor source="#LeftForeArm_Helper1_matrix_LeftForeArm_Helper1_transform-output-array" count="24" stride="16">
            <param name="TRANSFORM" type="float4x4"/>
          </accessor>
        </technique_common>
      </source>
      <source id="LeftForeArm_Helper1_matrix_LeftForeArm_Helper1_transform-interpolations">
        <Name_array id="LeftForeArm_Helper1_matrix_LeftForeArm_Helper1_transform-interpolations-array" count="24">LINEAR LINEAR LINEAR LINEAR LINEAR LINEAR LINEAR LINEAR LINEAR LINEAR LINEAR LINEAR LINEAR LINEAR LINEAR LINEAR LINEAR LINEAR LINEAR LINEAR LINEAR LINEAR LINEAR LINEAR</Name_array>
        <technique_common>
          <accessor source="#LeftForeArm_Helper1_matrix_LeftForeArm_Helper1_transform-interpolations-array" count="24" stride="1">
            <param name="INTERPOLATION" type="Name"/>
          </accessor>
        </technique_common>
      </source>
      <sampler id="LeftForeArm_Helper1_matrix_LeftForeArm_Helper1_transform-sampler">
        <input semantic="INPUT" source="#LeftForeArm_Helper1_matrix_LeftForeArm_Helper1_transform-input"/>
        <input semantic="OUTPUT" source="#LeftForeArm_Helper1_matrix_LeftForeArm_Helper1_transform-output"/>
        <input semantic="INTERPOLATION" source="#LeftForeArm_Helper1_matrix_LeftForeArm_Helper1_transform-interpolations"/>
      </sampler>
      <channel source="#LeftForeArm_Helper1_matrix_LeftForeArm_Helper1_transform-sampler" target="LeftForeArm_Helper1/transform"/>
    </animation>
    <animation id="LeftForeArm_Helper2_matrix">
      <source id="LeftForeArm_Helper2_matrix_LeftForeArm_Helper2_transform-input">
        <float_array id="LeftForeArm_Helper2_matrix_LeftForeArm_Helper2_transform-input-array" count="24">0 0.041666 0.083333 0.125 0.166667 0.208333 0.25 0.291667 0.333333 0.375 0.416667 0.458333 0.5 0.541667 0.583333 0.625 0.666667 0.708333 0.75 0.791667 0.833333 0.875 0.916667 0.958333</float_array>
        <technique_common>
          <accessor source="#LeftForeArm_Helper2_matrix_LeftForeArm_Helper2_transform-input-array" count="24" stride="1">
            <param name="TIME" type="float"/>
          </accessor>
        </technique_common>
        <technique profile="MAYA">
          <pre_infinity>CONSTANT</pre_infinity>
          <post_infinity>CONSTANT</post_infinity>
        </technique>
      </source>
      <source id="LeftForeArm_Helper2_matrix_LeftForeArm_Helper2_transform-output">
        <float_array id="LeftForeArm_Helper2_matrix_LeftForeArm_Helper2_transform-output-array" count="384">0.819152 0 -0.573576 0 0 1 0 0.153671 0.573576 0 0.819152 0 0 0 0 1 0.80737 0 -0.590044 0 0 1 0 0.153671 0.590044 0 0.80737 0 0 0 0 1 0.804443 0 -0.59403 0 0 1 0 0.153671 0.59403 0 0.804443 0 0 0 0 1 0.811203 0 -0.584765 0 0 1 0 0.153671 0.584765 0 0.811203 0 0 0 0 1 0.824451 0 -0.565933 0 0 1 0 0.153671 0.565933 0 0.824451 0 0 0 0 1 0.852162 0 -0.523278 0 0 1 0 0.153671 0.523278 0 0.852162 0 0 0 0 1 0.898718 0 -0.438526 0 0 1 0 0.153671 0.438526 0 0.898718 0 0 0 0 1 0.920997 0 -0.389568 0 0 1 0 0.153671 0.389568 0 0.920997 0 0 0 0 1 0.919256 0 -0.39366 0 0 1 0 0.153671 0.39366 0 0.919256 0 0 0 0 1 0.896957 0 -0.442116 0 0 1 0 0.153671 0.442116 0 0.896957 0 0 0 0 1 0.8514 0 -0.524517 0 0 1 0 0.153671 0.524517 0 0.8514 0 0 0 0 1 0.821499 0 -0.570209 0 0 1 0 0.153671 0.570209 0 0.821499 0 0 0 0 1 0.808121 0 -0.589017 0 0 1 0 0.153671 0.589017 0 0.808121 0 0 0 0 1 0.804467 0 -0.593997 0 0 1 0 0.153671 0.593997 0 0.804467 0 0 0 0 1 0.809578 0 -0.587011 0 0 1 0 0.153671 0.587011 0 0.809578 0 0 0 0 1 0.823922 0 -0.566703 0 0 1 0 0.153671 0.566703 0 0.823922 0 0 0 0 1 0.850881 0 -0.525358 0 0 1 0 0.153671 0.525358 0 0.850881 0 0 0 0 1 0.891739 0 -0.452549 0 0 1 0 0.153671 0.452549 0 0.891739 0 0 0 0 1 0.917217 0 -0.398388 0 0 1 0 0.153671 0.398388 0 0.917217 0 0 0 0 1 0.919063 0 -0.39411 0 0 1 0 0.153671 0.39411 0 0.919063 0 0 0 0 1 0.898 0 -0.439994 0 0 1 0 0.153671 0.439994 0 0.898 0 0 0 0 1 0.859143 0 -0.511734 0 0 1 0 0.153671 0.511734 0 0.859143 0 0 0 0 1 0.827262 0 -0.561816 0 0 1 0 0.153671 0.561816 0 0.827262 0 0 0 0 1 0.818825 0 -0.574042 0 0 1 0 0.153671 0.574042 0 0.818825 0 0 0 0 1</float_array>
        <technique_common>
          <accessor source="#LeftForeArm_Helper2_matrix_LeftForeArm_Helper2_transform-output-array" count="24" stride="16">
            <param name="TRANSFORM" type="float4x4"/>
          </accessor>
        </technique_common>
      </source>
      <source id="LeftForeArm_Helper2_matrix_LeftForeArm_Helper2_transform-interpolations">
        <Name_array id="LeftForeArm_Helper2_matrix_LeftForeArm_Helper2_transform-interpolations-array" count="24">LINEAR LINEAR LINEAR LINEAR LINEAR LINEAR LINEAR LINEAR LINEAR LINEAR LINEAR LINEAR LINEAR LINEAR LINEAR LINEAR LINEAR LINEAR LINEAR LINEAR LINEAR LINEAR LINEAR LINEAR</Name_array>
        <technique_common>
          <accessor source="#LeftForeArm_Helper2_matrix_LeftForeArm_Helper2_transform-interpolations-array" count="24" stride="1">
            <param name="INTERPOLATION" type="Name"/>
          </accessor>
        </technique_common>
      </source>
      <sampler id="LeftForeArm_Helper2_matrix_LeftForeArm_Helper2_transform-sampler">
        <input semantic="INPUT" source="#LeftForeArm_Helper2_matrix_LeftForeArm_Helper2_transform-input"/>
        <input semantic="OUTPUT" source="#LeftForeArm_Helper2_matrix_LeftForeArm_Helper2_transform-output"/>
        <input semantic="INTERPOLATION" source="#LeftForeArm_Helper2_matrix_LeftForeArm_Helper2_transform-interpolations"/>
      </sampler>
      <channel source="#LeftForeArm_Helper2_matrix_LeftForeArm_Helper2_transform-sampler" target="LeftForeArm_Helper2/transform"/>
    </animation>
    <animation id="LeftArm_Helper2_matrix">
      <source id="LeftArm_Helper2_matrix_LeftArm_Helper2_transform-input">
        <float_array id="LeftArm_Helper2_matrix_LeftArm_Helper2_transform-input-array" count="24">0 0.041666 0.083333 0.125 0.166667 0.208333 0.25 0.291667 0.333333 0.375 0.416667 0.458333 0.5 0.541667 0.583333 0.625 0.666667 0.708333 0.75 0.791667 0.833333 0.875 0.916667 0.958333</float_array>
        <technique_common>
          <accessor source="#LeftArm_Helper2_matrix_LeftArm_Helper2_transform-input-array" count="24" stride="1">
            <param name="TIME" type="float"/>
          </accessor>
        </technique_common>
        <technique profile="MAYA">
          <pre_infinity>CONSTANT</pre_infinity>
          <post_infinity>CONSTANT</post_infinity>
        </technique>
      </source>
      <source id="LeftArm_Helper2_matrix_LeftArm_Helper2_transform-output">
        <float_array id="LeftArm_Helper2_matrix_LeftArm_Helper2_transform-output-array" count="384">0.806346 -0.392691 0.442268 0 0.540838 0.792214 -0.282651 0.188543 -0.239376 0.46711 0.85118 0 0 0 0 1 0.807766 -0.391392 0.440825 0 0.53851 0.794147 -0.28167 0.188543 -0.239836 0.464912 0.852253 0 0 0 0 1 0.811329 -0.389031 0.43635 0 0.532717 0.799399 -0.277801 0.188543 -0.240744 0.457839 0.855819 0 0 0 0 1 0.814905 -0.388932 0.429723 0 0.527103 0.805629 -0.270416 0.188543 -0.241023 0.446872 0.861518 0 0 0 0 1 0.816351 -0.393456 0.422806 0 0.525341 0.810025 -0.26053 0.188543 -0.239976 0.434801 0.867963 0 0 0 0 1 0.814198 -0.405652 0.415365 0 0.530014 0.811356 -0.246551 0.188543 -0.236995 0.420891 0.875605 0 0 0 0 1 0.803875 -0.435053 0.405605 0 0.548444 0.806077 -0.222371 0.188543 -0.230205 0.40121 0.886587 0 0 0 0 1 0.779687 -0.489697 0.390238 0 0.586941 0.788675 -0.183012 0.188543 -0.21815 0.371739 0.902342 0 0 0 0 1 0.74737 -0.549134 0.37402 0 0.631055 0.762812 -0.141026 0.188543 -0.207864 0.341425 0.916636 0 0 0 0 1 0.706617 -0.604716 0.36744 0 0.674884 0.732024 -0.093125 0.188543 -0.21266 0.313783 0.925373 0 0 0 0 1 0.672111 -0.64761 0.358984 0 0.708398 0.703492 -0.057199 0.188543 -0.215499 0.292748 0.931589 0 0 0 0 1 0.666636 -0.654516 0.35666 0 0.714006 0.698096 -0.053461 0.188543 -0.213991 0.290297 0.932703 0 0 0 0 1 0.699136 -0.616005 0.362971 0 0.684386 0.723499 -0.090365 0.188543 -0.206943 0.31159 0.927408 0 0 0 0 1 0.762093 -0.530079 0.371796 0 0.615834 0.770732 -0.163462 0.188543 -0.199907 0.353538 0.91381 0 0 0 0 1 0.816544 -0.415011 0.401276 0 0.534357 0.806397 -0.25335 0.188543 -0.218444 0.421296 0.880222 0 0 0 0 1 0.861194 -0.296345 0.412948 0 0.451092 0.820011 -0.352276 0.188543 -0.234226 0.489656 0.839866 0 0 0 0 1 0.881989 -0.227087 0.41295 0 0.403977 0.81555 -0.414343 0.188543 -0.242689 0.532269 0.811044 0 0 0 0 1 0.889433 -0.197123 0.412373 0 0.385074 0.809209 -0.443733 0.188543 -0.246226 0.553465 0.795644 0 0 0 0 1 0.886281 -0.20324 0.416174 0 0.391251 0.809409 -0.437927 0.188543 -0.247851 0.550955 0.796881 0 0 0 0 1 0.874886 -0.236911 0.422432 0 0.416228 0.813752 -0.405664 0.188543 -0.247648 0.530737 0.810548 0 0 0 0 1 0.859065 -0.281503 0.427509 0 0.449125 0.815189 -0.365723 0.188543 -0.245548 0.506185 0.82673 0 0 0 0 1 0.838673 -0.331525 0.432111 0 0.487757 0.810197 -0.325076 0.188543 -0.242324 0.483398 0.841193 0 0 0 0 1 0.812972 -0.381475 0.439948 0 0.53064 0.796458 -0.28996 0.188543 -0.239787 0.469183 0.849923 0 0 0 0 1 0.805883 -0.393361 0.442517 0 0.541529 0.791871 -0.28229 0.188543 -0.239374 0.467128 0.85117 0 0 0 0 1</float_array>
        <technique_common>
          <accessor source="#LeftArm_Helper2_matrix_LeftArm_Helper2_transform-output-array" count="24" stride="16">
            <param name="TRANSFORM" type="float4x4"/>
          </accessor>
        </technique_common>
      </source>
      <source id="LeftArm_Helper2_matrix_LeftArm_Helper2_transform-interpolations">
        <Name_array id="LeftArm_Helper2_matrix_LeftArm_Helper2_transform-interpolations-array" count="24">LINEAR LINEAR LINEAR LINEAR LINEAR LINEAR LINEAR LINEAR LINEAR LINEAR LINEAR LINEAR LINEAR LINEAR LINEAR LINEAR LINEAR LINEAR LINEAR LINEAR LINEAR LINEAR LINEAR LINEAR</Name_array>
        <technique_common>
          <accessor source="#LeftArm_Helper2_matrix_LeftArm_Helper2_transform-interpolations-array" count="24" stride="1">
            <param name="INTERPOLATION" type="Name"/>
          </accessor>
        </technique_common>
      </source>
      <sampler id="LeftArm_Helper2_matrix_LeftArm_Helper2_transform-sampler">
        <input semantic="INPUT" source="#LeftArm_Helper2_matrix_LeftArm_Helper2_transform-input"/>
        <input semantic="OUTPUT" source="#LeftArm_Helper2_matrix_LeftArm_Helper2_transform-output"/>
        <input semantic="INTERPOLATION" source="#LeftArm_Helper2_matrix_LeftArm_Helper2_transform-interpolations"/>
      </sampler>
      <channel source="#LeftArm_Helper2_matrix_LeftArm_Helper2_transform-sampler" target="LeftArm_Helper2/transform"/>
    </animation>
    <animation id="LeftArm_Helper1_matrix">
      <source id="LeftArm_Helper1_matrix_LeftArm_Helper1_transform-input">
        <float_array id="LeftArm_Helper1_matrix_LeftArm_Helper1_transform-input-array" count="24">0 0.041666 0.083333 0.125 0.166667 0.208333 0.25 0.291667 0.333333 0.375 0.416667 0.458333 0.5 0.541667 0.583333 0.625 0.666667 0.708333 0.75 0.791667 0.833333 0.875 0.916667 0.958333</float_array>
        <technique_common>
          <accessor source="#LeftArm_Helper1_matrix_LeftArm_Helper1_transform-input-array" count="24" stride="1">
            <param name="TIME" type="float"/>
          </accessor>
        </technique_common>
        <technique profile="MAYA">
          <pre_infinity>CONSTANT</pre_infinity>
          <post_infinity>CONSTANT</post_infinity>
        </technique>
      </source>
      <source id="LeftArm_Helper1_matrix_LeftArm_Helper1_transform-output">
        <float_array id="LeftArm_Helper1_matrix_LeftArm_Helper1_transform-output-array" count="384">0.710651 -0.392691 0.583755 0 0.58378 0.792214 -0.17776 0.188543 -0.392654 0.46711 0.792232 0 0 0 0 1 0.711445 -0.391391 0.58366 0 0.581572 0.794148 -0.17636 0.188543 -0.394487 0.464911 0.792614 0 0 0 0 1 0.713225 -0.389025 0.58307 0 0.575914 0.799403 -0.171108 0.188543 -0.399543 0.457837 0.794199 0 0 0 0 1 0.714503 -0.388927 0.581569 0 0.56998 0.805632 -0.161494 0.188543 -0.405721 0.44687 0.797306 0 0 0 0 1 0.714016 -0.393456 0.579115 0 0.567164 0.810025 -0.148943 0.188543 -0.410495 0.434802 0.801525 0 0 0 0 1 0.710494 -0.405647 0.575022 0 0.569586 0.81136 -0.131407 0.188543 -0.413245 0.420889 0.807516 0 0 0 0 1 0.699649 -0.435037 0.566776 0 0.583102 0.806087 -0.101078 0.188543 -0.412898 0.401207 0.817648 0 0 0 0 1 0.676372 -0.489685 0.550209 0 0.612664 0.788682 -0.051221 0.188543 -0.408858 0.371738 0.833454 0 0 0 0 1 0.646115 -0.549134 0.530083 0 0.646618 0.762811 0.002067 0.188543 -0.405488 0.341426 0.847943 0 0 0 0 1 0.606195 -0.604713 0.516576 0 0.678572 0.732028 0.060631 0.188543 -0.414813 0.31378 0.854092 0 0 0 0 1 0.573627 -0.647609 0.501553 0 0.703003 0.703493 0.104331 0.188543 -0.420404 0.292747 0.858813 0 0 0 0 1 0.569694 -0.654515 0.497051 0 0.707813 0.698096 0.107993 0.188543 -0.417672 0.290296 0.860975 0 0 0 0 1 0.603095 -0.616005 0.506769 0 0.687614 0.723499 0.061137 0.188543 -0.404307 0.31159 0.859911 0 0 0 0 1 0.66778 -0.530858 0.521785 0 0.637053 0.770167 -0.031739 0.188543 -0.385012 0.3536 0.852486 0 0 0 0 1 0.725045 -0.415052 0.549584 0 0.572912 0.806354 -0.146853 0.188543 -0.382208 0.421339 0.82243 0 0 0 0 1 0.778127 -0.295944 0.554019 0 0.504252 0.820237 -0.270077 0.188543 -0.374499 0.489519 0.787478 0 0 0 0 1 0.806992 -0.227086 0.545157 0 0.463528 0.815551 -0.346438 0.188543 -0.365932 0.532268 0.763403 0 0 0 0 1 0.818508 -0.197123 0.539619 0 0.446576 0.809209 -0.381773 0.188543 -0.361408 0.553465 0.750374 0 0 0 0 1 0.813632 -0.203228 0.544704 0 0.452638 0.809415 -0.374122 0.188543 -0.364859 0.550951 0.750554 0 0 0 0 1 0.796241 -0.236891 0.556673 0 0.475627 0.813762 -0.334022 0.188543 -0.373873 0.530731 0.760621 0 0 0 0 1 0.773922 -0.281503 0.567276 0 0.504743 0.815189 -0.284081 0.188543 -0.382467 0.506185 0.772978 0 0 0 0 1 0.747871 -0.331514 0.575142 0 0.538023 0.810204 -0.232599 0.188543 -0.388872 0.483394 0.784289 0 0 0 0 1 0.718046 -0.381474 0.582141 0 0.574963 0.796459 -0.187276 0.188543 -0.39221 0.469183 0.791226 0 0 0 0 1 0.710155 -0.393361 0.583908 0 0.584391 0.791871 -0.177282 0.188543 -0.392644 0.467128 0.792226 0 0 0 0 1</float_array>
        <technique_common>
          <accessor source="#LeftArm_Helper1_matrix_LeftArm_Helper1_transform-output-array" count="24" stride="16">
            <param name="TRANSFORM" type="float4x4"/>
          </accessor>
        </technique_common>
      </source>
      <source id="LeftArm_Helper1_matrix_LeftArm_Helper1_transform-interpolations">
        <Name_array id="LeftArm_Helper1_matrix_LeftArm_Helper1_transform-interpolations-array" count="24">LINEAR LINEAR LINEAR LINEAR LINEAR LINEAR LINEAR LINEAR LINEAR LINEAR LINEAR LINEAR LINEAR LINEAR LINEAR LINEAR LINEAR LINEAR LINEAR LINEAR LINEAR LINEAR LINEAR LINEAR</Name_array>
        <technique_common>
          <accessor source="#LeftArm_Helper1_matrix_LeftArm_Helper1_transform-interpolations-array" count="24" stride="1">
            <param name="INTERPOLATION" type="Name"/>
          </accessor>
        </technique_common>
      </source>
      <sampler id="LeftArm_Helper1_matrix_LeftArm_Helper1_transform-sampler">
        <input semantic="INPUT" source="#LeftArm_Helper1_matrix_LeftArm_Helper1_transform-input"/>
        <input semantic="OUTPUT" source="#LeftArm_Helper1_matrix_LeftArm_Helper1_transform-output"/>
        <input semantic="INTERPOLATION" source="#LeftArm_Helper1_matrix_LeftArm_Helper1_transform-interpolations"/>
      </sampler>
      <channel source="#LeftArm_Helper1_matrix_LeftArm_Helper1_transform-sampler" target="LeftArm_Helper1/transform"/>
    </animation>
    <animation id="RightShoulder_matrix">
      <source id="RightShoulder_matrix_RightShoulder_transform-input">
        <float_array id="RightShoulder_matrix_RightShoulder_transform-input-array" count="24">0 0.041666 0.083333 0.125 0.166667 0.208333 0.25 0.291667 0.333333 0.375 0.416667 0.458333 0.5 0.541667 0.583333 0.625 0.666667 0.708333 0.75 0.791667 0.833333 0.875 0.916667 0.958333</float_array>
        <technique_common>
          <accessor source="#RightShoulder_matrix_RightShoulder_transform-input-array" count="24" stride="1">
            <param name="TIME" type="float"/>
          </accessor>
        </technique_common>
        <technique profile="MAYA">
          <pre_infinity>CONSTANT</pre_infinity>
          <post_infinity>CONSTANT</post_infinity>
        </technique>
      </source>
      <source id="RightShoulder_matrix_RightShoulder_transform-output">
        <float_array id="RightShoulder_matrix_RightShoulder_transform-output-array" count="384">-0.702315 0.698472 0.137443 -0.017011 -0.037595 -0.229197 0.972654 0.181869 0.710873 0.677942 0.187228 0.084759 0 0 0 1 -0.697421 0.704145 0.133356 -0.017011 -0.037984 -0.222137 0.974275 0.181869 0.715654 0.674415 0.18167 0.084759 0 0 0 1 -0.683527 0.719744 0.121488 -0.017011 -0.039063 -0.202269 0.978551 0.181869 0.728879 0.66412 0.166372 0.084759 0 0 0 1 -0.665558 0.738837 0.105602 -0.017011 -0.040389 -0.17694 0.983393 0.181869 0.745252 0.65024 0.147605 0.084759 0 0 0 1 -0.650519 0.753911 0.091887 -0.017011 -0.041448 -0.156046 0.98688 0.181869 0.758358 0.638175 0.132759 0.084759 0 0 0 1 -0.640559 0.763453 0.082611 -0.017011 -0.042129 -0.142356 0.988919 0.181869 0.766753 0.62998 0.123352 0.084759 0 0 0 1 -0.639651 0.764305 0.081759 -0.017011 -0.042191 -0.141115 0.989094 0.181869 0.767507 0.629225 0.122512 0.084759 0 0 0 1 -0.649932 0.754483 0.091345 -0.017011 -0.04149 -0.155238 0.987006 0.181869 0.758859 0.637696 0.132199 0.084759 0 0 0 1 -0.664481 0.739944 0.104634 -0.017011 -0.040462 -0.175433 0.98366 0.181869 0.746209 0.649389 0.146512 0.084759 0 0 0 1 -0.680255 0.723311 0.118638 -0.017011 -0.039306 -0.197623 0.97949 0.181869 0.731921 0.661639 0.162865 0.084759 0 0 0 1 -0.69501 0.706906 0.131324 -0.017011 -0.038175 -0.21867 0.975052 0.181869 0.717986 0.672657 0.178965 0.084759 0 0 0 1 -0.70183 0.699038 0.137041 -0.017011 -0.037633 -0.228497 0.972817 0.181869 0.71135 0.677595 0.186674 0.084759 0 0 0 1 -0.698282 0.703154 0.134079 -0.017011 -0.037915 -0.223376 0.973995 0.181869 0.714818 0.675039 0.18264 0.084759 0 0 0 1 -0.686895 0.716031 0.124399 -0.017011 -0.038803 -0.207059 0.977559 0.181869 0.725721 0.666652 0.170013 0.084759 0 0 0 1 -0.669241 0.735022 0.108903 -0.017011 -0.040126 -0.1821 0.982461 0.181869 0.741961 0.653133 0.151363 0.084759 0 0 0 1 -0.651599 0.752856 0.092883 -0.017011 -0.041376 -0.157538 0.986646 0.181869 0.757435 0.639054 0.133803 0.084759 0 0 0 1 -0.64057 0.763442 0.082622 -0.017011 -0.042129 -0.142372 0.988917 0.181869 0.766743 0.629989 0.123363 0.084759 0 0 0 1 -0.638355 0.765512 0.080585 -0.017011 -0.042278 -0.139402 0.989333 0.181869 0.76858 0.628138 0.121353 0.084759 0 0 0 1 -0.646805 0.757445 0.088992 -0.017011 -0.041708 -0.151644 0.987555 0.181869 0.761514 0.635044 0.129676 0.084759 0 0 0 1 -0.662245 0.742049 0.103901 -0.017011 -0.040626 -0.174022 0.983904 0.181869 0.748186 0.647364 0.145392 0.084759 0 0 0 1 -0.677627 0.725865 0.118075 -0.017011 -0.0395 -0.19625 0.979758 0.181869 0.734344 0.659247 0.161656 0.084759 0 0 0 1 -0.691179 0.710953 0.129683 -0.017011 -0.038471 -0.215389 0.97577 0.181869 0.721659 0.669443 0.176225 0.084759 0 0 0 1 -0.700646 0.700339 0.136456 -0.017011 -0.037728 -0.227342 0.973084 0.181869 0.712511 0.676639 0.18571 0.084759 0 0 0 1 -0.702358 0.698431 0.137433 -0.017011 -0.037591 -0.229195 0.972655 0.181869 0.710831 0.677985 0.187232 0.084759 0 0 0 1</float_array>
        <technique_common>
          <accessor source="#RightShoulder_matrix_RightShoulder_transform-output-array" count="24" stride="16">
            <param name="TRANSFORM" type="float4x4"/>
          </accessor>
        </technique_common>
      </source>
      <source id="RightShoulder_matrix_RightShoulder_transform-interpolations">
        <Name_array id="RightShoulder_matrix_RightShoulder_transform-interpolations-array" count="24">LINEAR LINEAR LINEAR LINEAR LINEAR LINEAR LINEAR LINEAR LINEAR LINEAR LINEAR LINEAR LINEAR LINEAR LINEAR LINEAR LINEAR LINEAR LINEAR LINEAR LINEAR LINEAR LINEAR LINEAR</Name_array>
        <technique_common>
          <accessor source="#RightShoulder_matrix_RightShoulder_transform-interpolations-array" count="24" stride="1">
            <param name="INTERPOLATION" type="Name"/>
          </accessor>
        </technique_common>
      </source>
      <sampler id="RightShoulder_matrix_RightShoulder_transform-sampler">
        <input semantic="INPUT" source="#RightShoulder_matrix_RightShoulder_transform-input"/>
        <input semantic="OUTPUT" source="#RightShoulder_matrix_RightShoulder_transform-output"/>
        <input semantic="INTERPOLATION" source="#RightShoulder_matrix_RightShoulder_transform-interpolations"/>
      </sampler>
      <channel source="#RightShoulder_matrix_RightShoulder_transform-sampler" target="RightShoulder/transform"/>
    </animation>
    <animation id="RightArm_matrix">
      <source id="RightArm_matrix_RightArm_transform-input">
        <float_array id="RightArm_matrix_RightArm_transform-input-array" count="24">0 0.041666 0.083333 0.125 0.166667 0.208333 0.25 0.291667 0.333333 0.375 0.416667 0.458333 0.5 0.541667 0.583333 0.625 0.666667 0.708333 0.75 0.791667 0.833333 0.875 0.916667 0.958333</float_array>
        <technique_common>
          <accessor source="#RightArm_matrix_RightArm_transform-input-array" count="24" stride="1">
            <param name="TIME" type="float"/>
          </accessor>
        </technique_common>
        <technique profile="MAYA">
          <pre_infinity>CONSTANT</pre_infinity>
          <post_infinity>CONSTANT</post_infinity>
        </technique>
      </source>
      <source id="RightArm_matrix_RightArm_transform-output">
        <float_array id="RightArm_matrix_RightArm_transform-output-array" count="384">0.326675 -0.377185 0.866611 0 0.354041 0.89899 0.25782 -0.188543 -0.876321 0.222593 0.427216 -0.000002 0 0 0 1 0.346055 -0.375089 0.859973 0 0.364798 0.898274 0.245 -0.188543 -0.864389 0.228933 0.447683 -0.000002 0 0 0 1 0.407398 -0.370916 0.834535 0 0.397677 0.894671 0.203509 -0.188543 -0.822119 0.248967 0.511991 -0.000002 0 0 0 1 0.48373 -0.364966 0.795491 0 0.428732 0.891198 0.148169 -0.188543 -0.763017 0.269379 0.587571 -0.000002 0 0 0 1 0.555792 -0.362824 0.747967 0 0.455367 0.885617 0.091226 -0.188543 -0.695511 0.289897 0.657437 -0.000002 0 0 0 1 0.605216 -0.359698 0.710162 0 0.471878 0.880571 0.043866 -0.188543 -0.641128 0.308561 0.70267 -0.000002 0 0 0 1 0.627435 -0.356436 0.6923 0 0.490863 0.871228 0.003687 -0.188543 -0.604466 0.337511 0.7216 -0.000002 0 0 0 1 0.617364 -0.35149 0.703788 0 0.518989 0.854302 -0.028595 -0.188543 -0.591196 0.382912 0.709834 -0.000002 0 0 0 1 0.591451 -0.343418 0.729555 0 0.54748 0.835284 -0.050654 -0.188543 -0.59199 0.429376 0.682044 -0.000002 0 0 0 1 0.559274 -0.325352 0.762469 0 0.57272 0.816614 -0.071635 -0.188543 -0.599337 0.476746 0.643047 -0.000002 0 0 0 1 0.528701 -0.316388 0.787638 0 0.591859 0.802553 -0.074904 -0.188543 -0.608423 0.505773 0.611567 -0.000002 0 0 0 1 0.518778 -0.307075 0.797856 0 0.597139 0.798024 -0.081128 -0.188543 -0.611796 0.518519 0.597363 -0.000002 0 0 0 1 0.53811 -0.307334 0.784846 0 0.586593 0.805208 -0.086873 -0.188543 -0.605266 0.507133 0.61357 -0.000002 0 0 0 1 0.583224 -0.311484 0.750218 0 0.556905 0.825671 -0.090129 -0.188543 -0.59136 0.470366 0.655018 -0.000002 0 0 0 1 0.637083 -0.313593 0.70412 0 0.514 0.853577 -0.084907 -0.188543 -0.574395 0.416011 0.704986 -0.000002 0 0 0 1 0.68541 -0.303193 0.662033 0 0.460221 0.884945 -0.071191 -0.188543 -0.564278 0.353477 0.746086 -0.000002 0 0 0 1 0.705102 -0.30388 0.640693 0 0.424471 0.90464 -0.038072 -0.188543 -0.568027 0.298801 0.766852 -0.000002 0 0 0 1 0.696833 -0.304949 0.649176 0 0.407373 0.913224 -0.008293 -0.188543 -0.590314 0.270236 0.760593 -0.000002 0 0 0 1 0.639313 -0.315366 0.701302 0 0.401387 0.914779 0.045456 -0.188543 -0.655872 0.252433 0.711413 -0.000002 0 0 0 1 0.553764 -0.326982 0.765786 0 0.391786 0.913826 0.106881 -0.188543 -0.734745 0.240838 0.634151 -0.000002 0 0 0 1 0.455463 -0.349441 0.818807 0 0.37655 0.909038 0.178493 -0.188543 -0.806699 0.227025 0.545615 -0.000002 0 0 0 1 0.379825 -0.364504 0.850217 0 0.358449 0.905284 0.22798 -0.188543 -0.852788 0.218167 0.474505 -0.000002 0 0 0 1 0.333771 -0.375308 0.86472 0 0.353096 0.900316 0.254468 -0.188543 -0.874025 0.220395 0.433019 -0.000002 0 0 0 1 0.326666 -0.37725 0.866586 0 0.354457 0.898864 0.257686 -0.188543 -0.876156 0.222991 0.427347 -0.000002 0 0 0 1</float_array>
        <technique_common>
          <accessor source="#RightArm_matrix_RightArm_transform-output-array" count="24" stride="16">
            <param name="TRANSFORM" type="float4x4"/>
          </accessor>
        </technique_common>
      </source>
      <source id="RightArm_matrix_RightArm_transform-interpolations">
        <Name_array id="RightArm_matrix_RightArm_transform-interpolations-array" count="24">LINEAR LINEAR LINEAR LINEAR LINEAR LINEAR LINEAR LINEAR LINEAR LINEAR LINEAR LINEAR LINEAR LINEAR LINEAR LINEAR LINEAR LINEAR LINEAR LINEAR LINEAR LINEAR LINEAR LINEAR</Name_array>
        <technique_common>
          <accessor source="#RightArm_matrix_RightArm_transform-interpolations-array" count="24" stride="1">
            <param name="INTERPOLATION" type="Name"/>
          </accessor>
        </technique_common>
      </source>
      <sampler id="RightArm_matrix_RightArm_transform-sampler">
        <input semantic="INPUT" source="#RightArm_matrix_RightArm_transform-input"/>
        <input semantic="OUTPUT" source="#RightArm_matrix_RightArm_transform-output"/>
        <input semantic="INTERPOLATION" source="#RightArm_matrix_RightArm_transform-interpolations"/>
      </sampler>
      <channel source="#RightArm_matrix_RightArm_transform-sampler" target="RightArm/transform"/>
    </animation>
    <animation id="RightForeArm_matrix">
      <source id="RightForeArm_matrix_RightForeArm_transform-input">
        <float_array id="RightForeArm_matrix_RightForeArm_transform-input-array" count="24">0 0.041666 0.083333 0.125 0.166667 0.208333 0.25 0.291667 0.333333 0.375 0.416667 0.458333 0.5 0.541667 0.583333 0.625 0.666667 0.708333 0.75 0.791667 0.833333 0.875 0.916667 0.958333</float_array>
        <technique_common>
          <accessor source="#RightForeArm_matrix_RightForeArm_transform-input-array" count="24" stride="1">
            <param name="TIME" type="float"/>
          </accessor>
        </technique_common>
        <technique profile="MAYA">
          <pre_infinity>CONSTANT</pre_infinity>
          <post_infinity>CONSTANT</post_infinity>
        </technique>
      </source>
      <source id="RightForeArm_matrix_RightForeArm_transform-output">
        <float_array id="RightForeArm_matrix_RightForeArm_transform-output-array" count="384">-0.087155 -0.996195 0 -0.000005 0.996194 -0.087155 -0.001515 -0.321501 0.001509 -0.000132 0.999999 0 0 0 0 1 -0.152899 -0.988242 0.000000 -0.000005 0.988241 -0.152899 -0.001515 -0.321501 0.001497 -0.000231 0.999999 0 0 0 0 1 -0.203972 -0.978977 0.000000 -0.000005 0.978976 -0.203972 -0.001514 -0.321501 0.001483 -0.000308 0.999999 0 0 0 0 1 -0.206228 -0.978504 0.000000 -0.000005 0.978503 -0.206228 -0.001515 -0.321501 0.001482 -0.000311 0.999999 0 0 0 0 1 -0.142893 -0.989738 0.000000 -0.000005 0.989737 -0.142893 -0.001514 -0.321501 0.001499 -0.000216 0.999999 0 0 0 0 1 0.049886 -0.998755 -0.000023 -0.000005 0.998754 0.049886 -0.001511 -0.321501 0.00151 0.000051 0.999999 0 0 0 0 1 0.292149 -0.956373 -0.000007 -0.000005 0.956372 0.292148 -0.001508 -0.321501 0.001444 0.000434 0.999999 0 0 0 0 1 0.475969 -0.879463 -0.00001 -0.000005 0.879462 0.475968 -0.001513 -0.321501 0.001335 0.00071 0.999999 0 0 0 0 1 0.501005 -0.865445 0 -0.000005 0.865444 0.501005 -0.001515 -0.321501 0.001311 0.000758 0.999999 0 0 0 0 1 0.422355 -0.906431 0.00001 -0.000005 0.90643 0.422355 -0.001513 -0.321501 0.001367 0.000648 0.999999 0 0 0 0 1 0.291804 -0.956478 0.000002 -0.000005 0.956477 0.291804 -0.001512 -0.321501 0.001445 0.000444 0.999999 0 0 0 0 1 0.17694 -0.984222 0.000005 -0.000005 0.984221 0.17694 -0.001514 -0.321501 0.001489 0.000273 0.999999 0 0 0 0 1 0.125075 -0.992148 -0.000000 -0.000005 0.992147 0.125075 -0.001515 -0.321501 0.001503 0.000189 0.999999 0 0 0 0 1 0.085215 -0.996363 -0.000000 -0.000005 0.996362 0.085215 -0.001514 -0.321501 0.001509 0.000128 0.999999 0 0 0 0 1 0.069789 -0.997562 -0.000000 -0.000005 0.997561 0.069789 -0.001514 -0.321501 0.001511 0.000105 0.999999 0 0 0 0 1 0.105365 -0.994434 -0.000000 -0.000005 0.994433 0.105365 -0.001514 -0.321501 0.001505 0.000159 0.999999 0 0 0 0 1 0.215392 -0.976528 -0.000000 -0.000005 0.976527 0.215392 -0.001514 -0.321501 0.001479 0.000326 0.999999 0 0 0 0 1 0.372996 -0.927833 -0.00002 -0.000005 0.927832 0.372995 -0.001513 -0.321501 0.001411 0.000545 0.999999 0 0 0 0 1 0.480639 -0.876919 -0.000016 -0.000005 0.876918 0.480638 -0.001514 -0.321501 0.001335 0.000713 0.999999 0 0 0 0 1 0.48511 -0.874454 -0.000000 -0.000005 0.874453 0.485109 -0.001514 -0.321501 0.001324 0.000734 0.999999 0 0 0 0 1 0.381773 -0.924256 -0.000000 -0.000005 0.924255 0.381773 -0.001514 -0.321501 0.0014 0.000577 0.999999 0 0 0 0 1 0.15645 -0.987686 0.000029 -0.000005 0.987685 0.15645 -0.001511 -0.321501 0.001488 0.000265 0.999999 0 0 0 0 1 -0.060844 -0.998148 0.000028 -0.000005 0.998147 -0.060844 -0.001512 -0.321501 0.001511 -0.000063 0.999999 0 0 0 0 1 -0.089021 -0.99603 0 -0.000005 0.996029 -0.089021 -0.001514 -0.321501 0.001508 -0.000134 0.999999 0 0 0 0 1</float_array>
        <technique_common>
          <accessor source="#RightForeArm_matrix_RightForeArm_transform-output-array" count="24" stride="16">
            <param name="TRANSFORM" type="float4x4"/>
          </accessor>
        </technique_common>
      </source>
      <source id="RightForeArm_matrix_RightForeArm_transform-interpolations">
        <Name_array id="RightForeArm_matrix_RightForeArm_transform-interpolations-array" count="24">LINEAR LINEAR LINEAR LINEAR LINEAR LINEAR LINEAR LINEAR LINEAR LINEAR LINEAR LINEAR LINEAR LINEAR LINEAR LINEAR LINEAR LINEAR LINEAR LINEAR LINEAR LINEAR LINEAR LINEAR</Name_array>
        <technique_common>
          <accessor source="#RightForeArm_matrix_RightForeArm_transform-interpolations-array" count="24" stride="1">
            <param name="INTERPOLATION" type="Name"/>
          </accessor>
        </technique_common>
      </source>
      <sampler id="RightForeArm_matrix_RightForeArm_transform-sampler">
        <input semantic="INPUT" source="#RightForeArm_matrix_RightForeArm_transform-input"/>
        <input semantic="OUTPUT" source="#RightForeArm_matrix_RightForeArm_transform-output"/>
        <input semantic="INTERPOLATION" source="#RightForeArm_matrix_RightForeArm_transform-interpolations"/>
      </sampler>
      <channel source="#RightForeArm_matrix_RightForeArm_transform-sampler" target="RightForeArm/transform"/>
    </animation>
    <animation id="RightHand_matrix">
      <source id="RightHand_matrix_RightHand_transform-input">
        <float_array id="RightHand_matrix_RightHand_transform-input-array" count="24">0 0.041666 0.083333 0.125 0.166667 0.208333 0.25 0.291667 0.333333 0.375 0.416667 0.458333 0.5 0.541667 0.583333 0.625 0.666667 0.708333 0.75 0.791667 0.833333 0.875 0.916667 0.958333</float_array>
        <technique_common>
          <accessor source="#RightHand_matrix_RightHand_transform-input-array" count="24" stride="1">
            <param name="TIME" type="float"/>
          </accessor>
        </technique_common>
        <technique profile="MAYA">
          <pre_infinity>CONSTANT</pre_infinity>
          <post_infinity>CONSTANT</post_infinity>
        </technique>
      </source>
      <source id="RightHand_matrix_RightHand_transform-output">
        <float_array id="RightHand_matrix_RightHand_transform-output-array" count="384">0.341928 -0.909728 -0.235542 -0.000007 0.023204 0.258747 -0.965666 -0.244116 0.93944 0.324723 0.109583 0 0 0 0 1 0.303614 -0.946912 -0.105715 -0.000007 0.023211 0.11827 -0.99271 -0.244116 0.952513 0.298947 0.057888 0 0 0 0 1 0.294178 -0.955097 -0.035339 -0.000007 0.023206 0.044102 -0.998757 -0.244116 0.955469 0.292992 0.035138 0 0 0 0 1 0.316015 -0.948752 0.001831 -0.000007 0.023221 0.005805 -0.999713 -0.244116 0.94847 0.315967 0.023866 0 0 0 0 1 0.359343 -0.933197 -0.003994 -0.000007 0.023204 0.013214 -0.999643 -0.244116 0.932917 0.359122 0.026403 0 0 0 0 1 0.465669 -0.857769 -0.217682 -0.000007 0.0238 0.25803 -0.965843 -0.244116 0.884639 0.444583 0.140573 0 0 0 0 1 0.605396 -0.597486 -0.525838 -0.000007 0.023529 0.67381 -0.738529 -0.244116 0.795577 0.434731 0.421981 0 0 0 0 1 0.699609 -0.294438 -0.65104 -0.000007 0.023342 0.920082 -0.39103 -0.244116 0.714145 0.258372 0.650571 0 0 0 0 1 0.689876 -0.266478 -0.673098 -0.000007 0.023421 0.937515 -0.347155 -0.244116 0.72355 0.223729 0.65301 0 0 0 0 1 0.596605 -0.416077 -0.686251 -0.000007 0.024047 0.86399 -0.502934 -0.244116 0.802175 0.28355 0.525467 0 0 0 0 1 0.460586 -0.642686 -0.612222 -0.000007 0.024847 0.698803 -0.714882 -0.244116 0.887268 0.314053 0.337828 0 0 0 0 1 0.34531 -0.804664 -0.482987 -0.000007 0.023045 0.52176 -0.852781 -0.244116 0.938206 0.283344 0.198714 0 0 0 0 1 0.306064 -0.877651 -0.368854 -0.000007 0.018859 0.392961 -0.919361 -0.244116 0.951824 0.274428 0.136824 0 0 0 0 1 0.294322 -0.919152 -0.26179 -0.000007 0.011919 0.277432 -0.960671 -0.244116 0.955633 0.279626 0.092611 0 0 0 0 1 0.310838 -0.932795 -0.182411 -0.000007 0.004908 0.193491 -0.981089 -0.244116 0.950451 0.304065 0.064723 0 0 0 0 1 0.357694 -0.917061 -0.176224 -0.000007 0.002587 0.189682 -0.981842 -0.244116 0.933836 0.350743 0.070221 0 0 0 0 1 0.44799 -0.836066 -0.316698 -0.000007 0.006226 0.357142 -0.934029 -0.244116 0.894017 0.416464 0.165202 0 0 0 0 1 0.586767 -0.585824 -0.55903 -0.000007 0.013219 0.697208 -0.716747 -0.244116 0.809648 0.413174 0.416843 0 0 0 0 1 0.691032 -0.306101 -0.65481 -0.000007 0.020651 0.913897 -0.405421 -0.244116 0.722529 0.266636 0.637854 0 0 0 0 1 0.68915 -0.29564 -0.661565 -0.000007 0.024406 0.921937 -0.38657 -0.244116 0.724208 0.250258 0.642568 0 0 0 0 1 0.612607 -0.463892 -0.639934 -0.000007 0.02572 0.820918 -0.570466 -0.244116 0.789969 0.333013 0.514832 0 0 0 0 1 0.480041 -0.721215 -0.499409 -0.000007 0.02518 0.580386 -0.813952 -0.244116 0.876885 0.378156 0.29677 0 0 0 0 1 0.357561 -0.893563 -0.271468 -0.000007 0.023186 0.29909 -0.953943 -0.244116 0.933602 0.334798 0.127662 0 0 0 0 1 0.340859 -0.910859 -0.232705 -0.000007 0.023139 0.255582 -0.96651 -0.244116 0.93983 0.32406 0.108195 0 0 0 0 1</float_array>
        <technique_common>
          <accessor source="#RightHand_matrix_RightHand_transform-output-array" count="24" stride="16">
            <param name="TRANSFORM" type="float4x4"/>
          </accessor>
        </technique_common>
      </source>
      <source id="RightHand_matrix_RightHand_transform-interpolations">
        <Name_array id="RightHand_matrix_RightHand_transform-interpolations-array" count="24">LINEAR LINEAR LINEAR LINEAR LINEAR LINEAR LINEAR LINEAR LINEAR LINEAR LINEAR LINEAR LINEAR LINEAR LINEAR LINEAR LINEAR LINEAR LINEAR LINEAR LINEAR LINEAR LINEAR LINEAR</Name_array>
        <technique_common>
          <accessor source="#RightHand_matrix_RightHand_transform-interpolations-array" count="24" stride="1">
            <param name="INTERPOLATION" type="Name"/>
          </accessor>
        </technique_common>
      </source>
      <sampler id="RightHand_matrix_RightHand_transform-sampler">
        <input semantic="INPUT" source="#RightHand_matrix_RightHand_transform-input"/>
        <input semantic="OUTPUT" source="#RightHand_matrix_RightHand_transform-output"/>
        <input semantic="INTERPOLATION" source="#RightHand_matrix_RightHand_transform-interpolations"/>
      </sampler>
      <channel source="#RightHand_matrix_RightHand_transform-sampler" target="RightHand/transform"/>
    </animation>
    <animation id="RightIndex1_matrix">
      <source id="RightIndex1_matrix_RightIndex1_transform-input">
        <float_array id="RightIndex1_matrix_RightIndex1_transform-input-array" count="24">0 0.041666 0.083333 0.125 0.166667 0.208333 0.25 0.291667 0.333333 0.375 0.416667 0.458333 0.5 0.541667 0.583333 0.625 0.666667 0.708333 0.75 0.791667 0.833333 0.875 0.916667 0.958333</float_array>
        <technique_common>
          <accessor source="#RightIndex1_matrix_RightIndex1_transform-input-array" count="24" stride="1">
            <param name="TIME" type="float"/>
          </accessor>
        </technique_common>
        <technique profile="MAYA">
          <pre_infinity>CONSTANT</pre_infinity>
          <post_infinity>CONSTANT</post_infinity>
        </technique>
      </source>
      <source id="RightIndex1_matrix_RightIndex1_transform-output">
        <float_array id="RightIndex1_matrix_RightIndex1_transform-output-array" count="384">0.987482 0.15768 0.004081 0.027237 -0.144765 0.916268 -0.373493 -0.104 -0.062632 0.368227 0.927624 0.012048 0 0 0 1 0.988587 0.150508 0.006605 0.027237 -0.131509 0.883524 -0.449545 -0.104 -0.073496 0.443546 0.893233 0.012048 0 0 0 1 0.989846 0.141265 0.015804 0.027237 -0.106968 0.813484 -0.571667 -0.104 -0.093613 0.564172 0.820334 0.012048 0 0 0 1 0.990117 0.138209 0.023822 0.027237 -0.086016 0.732595 -0.675209 -0.104 -0.110772 0.666487 0.737242 0.012048 0 0 0 1 0.990079 0.138022 0.026341 0.027237 -0.081554 0.717114 -0.692168 -0.104 -0.114425 0.683153 0.721255 0.012048 0 0 0 1 0.990123 0.138287 0.023088 0.027237 -0.08851 0.744254 -0.662006 -0.104 -0.108731 0.653425 0.749142 0.012048 0 0 0 1 0.990014 0.139732 0.018624 0.027237 -0.1002 0.790466 -0.604255 -0.104 -0.099156 0.596355 0.796574 0.012048 0 0 0 1 0.989636 0.143001 0.013082 0.027237 -0.112875 0.830981 -0.54473 -0.104 -0.088768 0.537608 0.838509 0.012048 0 0 0 1 0.989113 0.14681 0.010141 0.027237 -0.123452 0.865302 -0.485812 -0.104 -0.080098 0.479271 0.874004 0.012048 0 0 0 1 0.988499 0.151052 0.007255 0.027237 -0.132709 0.889466 -0.43731 -0.104 -0.07251 0.431318 0.899281 0.012048 0 0 0 1 0.987846 0.155353 0.005051 0.027237 -0.140773 0.907969 -0.394684 -0.104 -0.065902 0.389177 0.918803 0.012048 0 0 0 1 0.987511 0.157498 0.004152 0.027237 -0.14446 0.915655 -0.37511 -0.104 -0.062881 0.369826 0.926971 0.012048 0 0 0 1 0.988244 0.152754 0.006317 0.027237 -0.136026 0.897381 -0.419768 -0.104 -0.069791 0.413974 0.907609 0.012048 0 0 0 1 0.989559 0.143666 0.011526 0.027237 -0.1147 0.833418 -0.54061 -0.104 -0.087274 0.533644 0.841194 0.012048 0 0 0 1 0.990121 0.138681 0.020718 0.027237 -0.090632 0.745688 -0.660103 -0.104 -0.106993 0.651704 0.750889 0.012048 0 0 0 1 0.990085 0.13802 0.026116 0.027237 -0.082092 0.719404 -0.689724 -0.104 -0.113984 0.680742 0.723601 0.012048 0 0 0 1 0.990122 0.138183 0.023737 0.027237 -0.087809 0.743133 -0.663358 -0.104 -0.109305 0.654722 0.747925 0.012048 0 0 0 1 0.990057 0.139187 0.020375 0.027237 -0.097722 0.78472 -0.612099 -0.104 -0.101186 0.604022 0.790519 0.012048 0 0 0 1 0.989733 0.142168 0.014775 0.027237 -0.110367 0.825821 -0.553027 -0.104 -0.090824 0.545719 0.833032 0.012048 0 0 0 1 0.989154 0.146487 0.010753 0.027237 -0.122735 0.864545 -0.487338 -0.104 -0.080686 0.480733 0.873147 0.012048 0 0 0 1 0.988533 0.150824 0.007394 0.027237 -0.132252 0.888362 -0.439685 -0.104 -0.072884 0.433665 0.898122 0.012048 0 0 0 1 0.987949 0.154688 0.005358 0.027237 -0.139591 0.905413 -0.400927 -0.104 -0.06687 0.395348 0.916094 0.012048 0 0 0 1 0.987558 0.157198 0.004271 0.027237 -0.143957 0.914637 -0.377778 -0.104 -0.063293 0.372463 0.925886 0.012048 0 0 0 1 0.987485 0.157659 0.004089 0.027237 -0.144729 0.916196 -0.373682 -0.104 -0.062661 0.368414 0.927548 0.012048 0 0 0 1</float_array>
        <technique_common>
          <accessor source="#RightIndex1_matrix_RightIndex1_transform-output-array" count="24" stride="16">
            <param name="TRANSFORM" type="float4x4"/>
          </accessor>
        </technique_common>
      </source>
      <source id="RightIndex1_matrix_RightIndex1_transform-interpolations">
        <Name_array id="RightIndex1_matrix_RightIndex1_transform-interpolations-array" count="24">LINEAR LINEAR LINEAR LINEAR LINEAR LINEAR LINEAR LINEAR LINEAR LINEAR LINEAR LINEAR LINEAR LINEAR LINEAR LINEAR LINEAR LINEAR LINEAR LINEAR LINEAR LINEAR LINEAR LINEAR</Name_array>
        <technique_common>
          <accessor source="#RightIndex1_matrix_RightIndex1_transform-interpolations-array" count="24" stride="1">
            <param name="INTERPOLATION" type="Name"/>
          </accessor>
        </technique_common>
      </source>
      <sampler id="RightIndex1_matrix_RightIndex1_transform-sampler">
        <input semantic="INPUT" source="#RightIndex1_matrix_RightIndex1_transform-input"/>
        <input semantic="OUTPUT" source="#RightIndex1_matrix_RightIndex1_transform-output"/>
        <input semantic="INTERPOLATION" source="#RightIndex1_matrix_RightIndex1_transform-interpolations"/>
      </sampler>
      <channel source="#RightIndex1_matrix_RightIndex1_transform-sampler" target="RightIndex1/transform"/>
    </animation>
    <animation id="RightIndex2_matrix">
      <source id="RightIndex2_matrix_RightIndex2_transform-input">
        <float_array id="RightIndex2_matrix_RightIndex2_transform-input-array" count="24">0 0.041666 0.083333 0.125 0.166667 0.208333 0.25 0.291667 0.333333 0.375 0.416667 0.458333 0.5 0.541667 0.583333 0.625 0.666667 0.708333 0.75 0.791667 0.833333 0.875 0.916667 0.958333</float_array>
        <technique_common>
          <accessor source="#RightIndex2_matrix_RightIndex2_transform-input-array" count="24" stride="1">
            <param name="TIME" type="float"/>
          </accessor>
        </technique_common>
        <technique profile="MAYA">
          <pre_infinity>CONSTANT</pre_infinity>
          <post_infinity>CONSTANT</post_infinity>
        </technique>
      </source>
      <source id="RightIndex2_matrix_RightIndex2_transform-output">
        <float_array id="RightIndex2_matrix_RightIndex2_transform-output-array" count="384">1 -0.000009 0.000003 0 0.00001 0.944694 -0.327953 -0.037252 0 0.327953 0.944694 -0.000003 0 0 0 1 1 -0.000008 0.000003 0 0.00001 0.913417 -0.407025 -0.037252 0 0.407025 0.913417 -0.000003 0 0 0 1 1 -0.000007 0.000005 0 0.00001 0.844468 -0.535605 -0.037252 0 0.535605 0.844468 -0.000003 0 0 0 1 1 -0.000007 0.000006 0 0.00001 0.763119 -0.646258 -0.037252 0 0.646258 0.763119 -0.000003 0 0 0 1 1 -0.000007 0.000006 0 0.00001 0.747307 -0.664478 -0.037252 0 0.664478 0.747307 -0.000003 0 0 0 1 1 -0.000007 0.000006 0 0.00001 0.77491 -0.632072 -0.037252 0 0.632072 0.77491 -0.000003 0 0 0 1 1 -0.000007 0.000005 0 0.00001 0.821457 -0.570271 -0.037252 0 0.570271 0.821457 -0.000003 0 0 0 1 1 -0.000008 0.000004 0 0.00001 0.861904 -0.507072 -0.037252 0 0.507072 0.861904 -0.000003 0 0 0 1 1 -0.000008 0.000004 0 0.00001 0.895589 -0.444883 -0.037252 0 0.444883 0.895589 -0.000003 0 0 0 1 1 -0.000008 0.000003 0 0.00001 0.919051 -0.394139 -0.037252 0 0.394139 0.919051 -0.000003 0 0 0 1 1 -0.000008 0.000003 0 0.00001 0.936803 -0.349857 -0.037252 0 0.349857 0.936803 -0.000003 0 0 0 1 1 -0.000008 0.000003 0 0.00001 0.944113 -0.329622 -0.037252 0 0.329622 0.944113 -0.000003 0 0 0 1 1 -0.000008 0.000003 0 0.00001 0.926672 -0.37587 -0.037252 0 0.37587 0.926672 -0.000003 0 0 0 1 1 -0.000008 0.000004 0 0.00001 0.864409 -0.50279 -0.037252 0 0.50279 0.864409 -0.000003 0 0 0 1 1 -0.000007 0.000006 0 0.00001 0.776525 -0.630086 -0.037252 0 0.630086 0.776525 -0.000003 0 0 0 1 1 -0.000007 0.000006 0 0.00001 0.749638 -0.661848 -0.037252 0 0.661848 0.749638 -0.000003 0 0 0 1 1 -0.000007 0.000006 0 0.00001 0.773736 -0.633508 -0.037252 0 0.633508 0.773736 -0.000003 0 0 0 1 1 -0.000007 0.000005 0 0.00001 0.815612 -0.578599 -0.037252 0 0.578599 0.815612 -0.000003 0 0 0 1 1 -0.000008 0.000004 0 0.00001 0.856709 -0.515801 -0.037252 0 0.515801 0.856709 -0.000003 0 0 0 1 1 -0.000008 0.000004 0 0.00001 0.894806 -0.446455 -0.037252 0 0.446455 0.894806 -0.000003 0 0 0 1 1 -0.000008 0.000003 0 0.00001 0.917988 -0.396607 -0.037252 0 0.396607 0.917988 -0.000003 0 0 0 1 1 -0.000008 0.000003 0 0.00001 0.934364 -0.356319 -0.037252 0 0.356319 0.934364 -0.000003 0 0 0 1 1 -0.000008 0.000003 0 0.00001 0.943147 -0.332374 -0.037252 0 0.332374 0.943147 -0.000003 0 0 0 1 1 -0.000008 0.000003 0 0.00001 0.944626 -0.328148 -0.037252 0 0.328148 0.944626 -0.000003 0 0 0 1</float_array>
        <technique_common>
          <accessor source="#RightIndex2_matrix_RightIndex2_transform-output-array" count="24" stride="16">
            <param name="TRANSFORM" type="float4x4"/>
          </accessor>
        </technique_common>
      </source>
      <source id="RightIndex2_matrix_RightIndex2_transform-interpolations">
        <Name_array id="RightIndex2_matrix_RightIndex2_transform-interpolations-array" count="24">LINEAR LINEAR LINEAR LINEAR LINEAR LINEAR LINEAR LINEAR LINEAR LINEAR LINEAR LINEAR LINEAR LINEAR LINEAR LINEAR LINEAR LINEAR LINEAR LINEAR LINEAR LINEAR LINEAR LINEAR</Name_array>
        <technique_common>
          <accessor source="#RightIndex2_matrix_RightIndex2_transform-interpolations-array" count="24" stride="1">
            <param name="INTERPOLATION" type="Name"/>
          </accessor>
        </technique_common>
      </source>
      <sampler id="RightIndex2_matrix_RightIndex2_transform-sampler">
        <input semantic="INPUT" source="#RightIndex2_matrix_RightIndex2_transform-input"/>
        <input semantic="OUTPUT" source="#RightIndex2_matrix_RightIndex2_transform-output"/>
        <input semantic="INTERPOLATION" source="#RightIndex2_matrix_RightIndex2_transform-interpolations"/>
      </sampler>
      <channel source="#RightIndex2_matrix_RightIndex2_transform-sampler" target="RightIndex2/transform"/>
    </animation>
    <animation id="RightIndex3_matrix">
      <source id="RightIndex3_matrix_RightIndex3_transform-input">
        <float_array id="RightIndex3_matrix_RightIndex3_transform-input-array" count="24">0 0.041666 0.083333 0.125 0.166667 0.208333 0.25 0.291667 0.333333 0.375 0.416667 0.458333 0.5 0.541667 0.583333 0.625 0.666667 0.708333 0.75 0.791667 0.833333 0.875 0.916667 0.958333</float_array>
        <technique_common>
          <accessor source="#RightIndex3_matrix_RightIndex3_transform-input-array" count="24" stride="1">
            <param name="TIME" type="float"/>
          </accessor>
        </technique_common>
        <technique profile="MAYA">
          <pre_infinity>CONSTANT</pre_infinity>
          <post_infinity>CONSTANT</post_infinity>
        </technique>
      </source>
      <source id="RightIndex3_matrix_RightIndex3_transform-output">
        <float_array id="RightIndex3_matrix_RightIndex3_transform-output-array" count="384">1 0 0 0 0 0.974228 -0.225564 -0.025094 0 0.225564 0.974228 -0.000002 0 0 0 1 1 0 0 0 0 0.951543 -0.307514 -0.025094 0 0.307514 0.951543 -0.000002 0 0 0 1 1 0 0 0 0 0.896668 -0.442702 -0.025094 0 0.442702 0.896668 -0.000002 0 0 0 1 1 0 0 0 0 0.827556 -0.561383 -0.025094 0 0.561383 0.827556 -0.000002 0 0 0 1 1 0 0 0 0 0.813773 -0.581183 -0.025094 0 0.581183 0.813773 -0.000002 0 0 0 1 1 0 0 0 0 0.83777 -0.546023 -0.025094 0 0.546023 0.83777 -0.000002 0 0 0 1 1 0 0 0 0 0.877476 -0.47962 -0.025094 0 0.47962 0.877476 -0.000002 0 0 0 1 1 0 0 0 0 0.910969 -0.412475 -0.025094 0 0.412475 0.910969 -0.000002 0 0 0 1 1 0 0 0 0 0.937845 -0.347055 -0.025094 0 0.347055 0.937845 -0.000002 0 0 0 1 1 0 0 0 0 0.955773 -0.294103 -0.025094 0 0.294103 0.955773 -0.000002 0 0 0 1 1 0 0 0 0 0.968713 -0.248183 -0.025094 0 0.248183 0.968713 -0.000002 0 0 0 1 1 0 0 0 0 0.973828 -0.227284 -0.025094 0 0.227284 0.973828 -0.000002 0 0 0 1 1 0 0 0 0 0.961408 -0.275126 -0.025094 0 0.275126 0.961408 -0.000002 0 0 0 1 1 0 0 0 0 0.913004 -0.40795 -0.025094 0 0.40795 0.913004 -0.000002 0 0 0 1 1 0 0 0 0 0.839165 -0.543876 -0.025094 0 0.543876 0.839165 -0.000002 0 0 0 1 1 0 0 0 0 0.81581 -0.578319 -0.025094 0 0.578319 0.81581 -0.000002 0 0 0 1 1 0 0 0 0 0.836756 -0.547576 -0.025094 0 0.547576 0.836756 -0.000002 0 0 0 1 1 0 0 0 0 0.872551 -0.488522 -0.025094 0 0.488522 0.872551 -0.000002 0 0 0 1 1 0 0 0 0 0.906731 -0.421708 -0.025094 0 0.421708 0.906731 -0.000002 0 0 0 1 1 0 0 0 0 0.937234 -0.348701 -0.025094 0 0.348701 0.937234 -0.000002 0 0 0 1 1 0 0 0 0 0.95498 -0.29667 -0.025094 0 0.29667 0.95498 -0.000002 0 0 0 1 1 0 0 0 0 0.966976 -0.254868 -0.025094 0 0.254868 0.966976 -0.000002 0 0 0 1 1 0 0 0 0 0.973161 -0.230125 -0.025094 0 0.230125 0.973161 -0.000002 0 0 0 1 1 0 0 0 0 0.974181 -0.225765 -0.025094 0 0.225765 0.974181 -0.000002 0 0 0 1</float_array>
        <technique_common>
          <accessor source="#RightIndex3_matrix_RightIndex3_transform-output-array" count="24" stride="16">
            <param name="TRANSFORM" type="float4x4"/>
          </accessor>
        </technique_common>
      </source>
      <source id="RightIndex3_matrix_RightIndex3_transform-interpolations">
        <Name_array id="RightIndex3_matrix_RightIndex3_transform-interpolations-array" count="24">LINEAR LINEAR LINEAR LINEAR LINEAR LINEAR LINEAR LINEAR LINEAR LINEAR LINEAR LINEAR LINEAR LINEAR LINEAR LINEAR LINEAR LINEAR LINEAR LINEAR LINEAR LINEAR LINEAR LINEAR</Name_array>
        <technique_common>
          <accessor source="#RightIndex3_matrix_RightIndex3_transform-interpolations-array" count="24" stride="1">
            <param name="INTERPOLATION" type="Name"/>
          </accessor>
        </technique_common>
      </source>
      <sampler id="RightIndex3_matrix_RightIndex3_transform-sampler">
        <input semantic="INPUT" source="#RightIndex3_matrix_RightIndex3_transform-input"/>
        <input semantic="OUTPUT" source="#RightIndex3_matrix_RightIndex3_transform-output"/>
        <input semantic="INTERPOLATION" source="#RightIndex3_matrix_RightIndex3_transform-interpolations"/>
      </sampler>
      <channel source="#RightIndex3_matrix_RightIndex3_transform-sampler" target="RightIndex3/transform"/>
    </animation>
    <animation id="RightMiddle1_matrix">
      <source id="RightMiddle1_matrix_RightMiddle1_transform-input">
        <float_array id="RightMiddle1_matrix_RightMiddle1_transform-input-array" count="24">0 0.041666 0.083333 0.125 0.166667 0.208333 0.25 0.291667 0.333333 0.375 0.416667 0.458333 0.5 0.541667 0.583333 0.625 0.666667 0.708333 0.75 0.791667 0.833333 0.875 0.916667 0.958333</float_array>
        <technique_common>
          <accessor source="#RightMiddle1_matrix_RightMiddle1_transform-input-array" count="24" stride="1">
            <param name="TIME" type="float"/>
          </accessor>
        </technique_common>
        <technique profile="MAYA">
          <pre_infinity>CONSTANT</pre_infinity>
          <post_infinity>CONSTANT</post_infinity>
        </technique>
      </source>
      <source id="RightMiddle1_matrix_RightMiddle1_transform-output">
        <float_array id="RightMiddle1_matrix_RightMiddle1_transform-output-array" count="384">0.999077 0.040187 -0.015184 0.00125 -0.042948 0.925869 -0.375395 -0.107975 -0.001027 0.375701 0.926741 0.013471 0 0 0 1 0.999234 0.034479 -0.018531 0.00125 -0.039135 0.890368 -0.453555 -0.107975 0.000861 0.453933 0.891036 0.013471 0 0 0 1 0.999472 0.02341 -0.02252 0.00125 -0.032128 0.814848 -0.578784 -0.107975 0.004801 0.579202 0.815171 0.013471 0 0 0 1 0.999622 0.013289 -0.024084 0.00125 -0.026181 0.728281 -0.684777 -0.107975 0.00844 0.685149 0.728355 0.013471 0 0 0 1 0.999647 0.011248 -0.024074 0.00125 -0.024917 0.71167 -0.702072 -0.107975 0.009236 0.702424 0.7117 0.013471 0 0 0 1 0.999607 0.014552 -0.023979 0.00125 -0.026887 0.740714 -0.671282 -0.107975 0.007993 0.671663 0.740815 0.013471 0 0 0 1 0.999526 0.020234 -0.023195 0.00125 -0.030203 0.790144 -0.612176 -0.107975 0.005941 0.612586 0.790382 0.013471 0 0 0 1 0.999421 0.02611 -0.021804 0.00125 -0.033806 0.833686 -0.551202 -0.107975 0.003786 0.551621 0.834087 0.013471 0 0 0 1 0.99932 0.031061 -0.019888 0.00125 -0.036825 0.87056 -0.490682 -0.107975 0.002073 0.491081 0.871112 0.013471 0 0 0 1 0.99922 0.035132 -0.018016 0.00125 -0.039477 0.896691 -0.440892 -0.107975 0.000665 0.441259 0.89738 0.013471 0 0 0 1 0.999126 0.038545 -0.016168 0.00125 -0.041797 0.916805 -0.39714 -0.107975 -0.000484 0.397469 0.917616 0.013471 0 0 0 1 0.999081 0.040063 -0.015261 0.00125 -0.04286 0.925199 -0.377054 -0.107975 -0.000985 0.377362 0.926066 0.013471 0 0 0 1 0.999183 0.036554 -0.017273 0.00125 -0.04043 0.905281 -0.422885 -0.107975 0.00018 0.423238 0.906019 0.013471 0 0 0 1 0.999405 0.026812 -0.021719 0.00125 -0.034328 0.836401 -0.547041 -0.107975 0.003498 0.547461 0.836824 0.013471 0 0 0 1 0.999593 0.015308 -0.02407 0.00125 -0.027489 0.742403 -0.669389 -0.107975 0.007623 0.669779 0.742522 0.013471 0 0 0 1 0.999644 0.011509 -0.024073 0.00125 -0.025069 0.714116 -0.699578 -0.107975 0.009139 0.699932 0.714152 0.013471 0 0 0 1 0.999611 0.014276 -0.023964 0.00125 -0.026688 0.739477 -0.672652 -0.107975 0.008118 0.67303 0.739571 0.013471 0 0 0 1 0.999545 0.01918 -0.023299 0.00125 -0.029499 0.78391 -0.620172 -0.107975 0.006369 0.620577 0.78412 0.013471 0 0 0 1 0.999444 0.02506 -0.022018 0.00125 -0.033093 0.828063 -0.559657 -0.107975 0.004208 0.560074 0.828433 0.013471 0 0 0 1 0.999327 0.03079 -0.019944 0.00125 -0.03662 0.869703 -0.492215 -0.107975 0.00219 0.492614 0.870246 0.013471 0 0 0 1 0.999226 0.034937 -0.01811 0.00125 -0.039346 0.895495 -0.443329 -0.107975 0.00073 0.443699 0.896176 0.013471 0 0 0 1 0.999141 0.038054 -0.016448 0.00125 -0.041456 0.914019 -0.403547 -0.107975 -0.000322 0.403882 0.914812 0.013471 0 0 0 1 0.999087 0.039858 -0.015385 0.00125 -0.042715 0.924085 -0.379791 -0.107975 -0.000919 0.380102 0.924945 0.013471 0 0 0 1 0.999077 0.040172 -0.015192 0.00125 -0.042937 0.925791 -0.375589 -0.107975 -0.001022 0.375895 0.926662 0.013471 0 0 0 1</float_array>
        <technique_common>
          <accessor source="#RightMiddle1_matrix_RightMiddle1_transform-output-array" count="24" stride="16">
            <param name="TRANSFORM" type="float4x4"/>
          </accessor>
        </technique_common>
      </source>
      <source id="RightMiddle1_matrix_RightMiddle1_transform-interpolations">
        <Name_array id="RightMiddle1_matrix_RightMiddle1_transform-interpolations-array" count="24">LINEAR LINEAR LINEAR LINEAR LINEAR LINEAR LINEAR LINEAR LINEAR LINEAR LINEAR LINEAR LINEAR LINEAR LINEAR LINEAR LINEAR LINEAR LINEAR LINEAR LINEAR LINEAR LINEAR LINEAR</Name_array>
        <technique_common>
          <accessor source="#RightMiddle1_matrix_RightMiddle1_transform-interpolations-array" count="24" stride="1">
            <param name="INTERPOLATION" type="Name"/>
          </accessor>
        </technique_common>
      </source>
      <sampler id="RightMiddle1_matrix_RightMiddle1_transform-sampler">
        <input semantic="INPUT" source="#RightMiddle1_matrix_RightMiddle1_transform-input"/>
        <input semantic="OUTPUT" source="#RightMiddle1_matrix_RightMiddle1_transform-output"/>
        <input semantic="INTERPOLATION" source="#RightMiddle1_matrix_RightMiddle1_transform-interpolations"/>
      </sampler>
      <channel source="#RightMiddle1_matrix_RightMiddle1_transform-sampler" target="RightMiddle1/transform"/>
    </animation>
    <animation id="RightMiddle2_matrix">
      <source id="RightMiddle2_matrix_RightMiddle2_transform-input">
        <float_array id="RightMiddle2_matrix_RightMiddle2_transform-input-array" count="24">0 0.041666 0.083333 0.125 0.166667 0.208333 0.25 0.291667 0.333333 0.375 0.416667 0.458333 0.5 0.541667 0.583333 0.625 0.666667 0.708333 0.75 0.791667 0.833333 0.875 0.916667 0.958333</float_array>
        <technique_common>
          <accessor source="#RightMiddle2_matrix_RightMiddle2_transform-input-array" count="24" stride="1">
            <param name="TIME" type="float"/>
          </accessor>
        </technique_common>
        <technique profile="MAYA">
          <pre_infinity>CONSTANT</pre_infinity>
          <post_infinity>CONSTANT</post_infinity>
        </technique>
      </source>
      <source id="RightMiddle2_matrix_RightMiddle2_transform-output">
        <float_array id="RightMiddle2_matrix_RightMiddle2_transform-output-array" count="384">1 -0.00009 0.000053 0 0.000104 0.90424 -0.427024 -0.039923 -0.000009 0.427024 0.90424 0.000005 0 0 0 1 1 -0.000085 0.00006 0 0.000104 0.865421 -0.501046 -0.039923 -0.000009 0.501046 0.865421 0.000005 0 0 0 1 1 -0.000076 0.000071 0 0.000104 0.786573 -0.617497 -0.039923 -0.000009 0.617497 0.786573 0.000005 0 0 0 1 1 -0.000066 0.000081 0 0.000104 0.699973 -0.714169 -0.039923 -0.000009 0.714169 0.699973 0.000005 0 0 0 1 1 -0.000064 0.000082 0 0.000104 0.683678 -0.729784 -0.039923 -0.000009 0.729784 0.683678 0.000005 0 0 0 1 1 -0.000067 0.000079 0 0.000104 0.712223 -0.701953 -0.039923 -0.000009 0.701953 0.712223 0.000005 0 0 0 1 1 -0.000073 0.000074 0 0.000104 0.761512 -0.64815 -0.039923 -0.000009 0.64815 0.761512 0.000005 0 0 0 1 1 -0.000078 0.000069 0 0.000104 0.805866 -0.592097 -0.039923 -0.000009 0.592097 0.805866 0.000005 0 0 0 1 1 -0.000082 0.000063 0 0.000104 0.844299 -0.535872 -0.039923 -0.000009 0.535872 0.844299 0.000005 0 0 0 1 1 -0.000086 0.000059 0 0.000104 0.872204 -0.489142 -0.039923 -0.000009 0.489142 0.872204 0.000005 0 0 0 1 1 -0.000088 0.000055 0 0.000104 0.89417 -0.447728 -0.039923 -0.000009 0.447728 0.89417 0.000005 0 0 0 1 1 -0.000089 0.000053 0 0.000104 0.903491 -0.428606 -0.039923 -0.000009 0.428606 0.903491 0.000005 0 0 0 1 1 -0.000087 0.000057 0 0.000104 0.881519 -0.472149 -0.039923 -0.000009 0.472149 0.881519 0.000005 0 0 0 1 1 -0.000078 0.000068 0 0.000104 0.808692 -0.588232 -0.039923 -0.000009 0.588232 0.808692 0.000005 0 0 0 1 1 -0.000067 0.000079 0 0.000104 0.713904 -0.700243 -0.039923 -0.000009 0.700243 0.713904 0.000005 0 0 0 1 1 -0.000064 0.000082 0 0.000104 0.686071 -0.727534 -0.039923 -0.000009 0.727534 0.686071 0.000005 0 0 0 1 1 -0.000067 0.000079 0 0.000104 0.710995 -0.703197 -0.039923 -0.000009 0.703197 0.710995 0.000005 0 0 0 1 1 -0.000072 0.000075 0 0.000104 0.755231 -0.655458 -0.039923 -0.000009 0.655458 0.755231 0.000005 0 0 0 1 1 -0.000077 0.00007 0 0.000104 0.800073 -0.599903 -0.039923 -0.000009 0.599903 0.800073 0.000005 0 0 0 1 1 -0.000082 0.000063 0 0.000104 0.843393 -0.537296 -0.039923 -0.000009 0.537296 0.843393 0.000005 0 0 0 1 1 -0.000085 0.000059 0 0.000104 0.870906 -0.491449 -0.039923 -0.000009 0.491449 0.870906 0.000005 0 0 0 1 1 -0.000088 0.000055 0 0.000104 0.891093 -0.453819 -0.039923 -0.000009 0.453819 0.891093 0.000005 0 0 0 1 1 -0.000089 0.000053 0 0.000104 0.902247 -0.431218 -0.039923 -0.000009 0.431218 0.902247 0.000005 0 0 0 1 1 -0.000089 0.000053 0 0.000104 0.904152 -0.427209 -0.039923 -0.000009 0.427209 0.904152 0.000005 0 0 0 1</float_array>
        <technique_common>
          <accessor source="#RightMiddle2_matrix_RightMiddle2_transform-output-array" count="24" stride="16">
            <param name="TRANSFORM" type="float4x4"/>
          </accessor>
        </technique_common>
      </source>
      <source id="RightMiddle2_matrix_RightMiddle2_transform-interpolations">
        <Name_array id="RightMiddle2_matrix_RightMiddle2_transform-interpolations-array" count="24">LINEAR LINEAR LINEAR LINEAR LINEAR LINEAR LINEAR LINEAR LINEAR LINEAR LINEAR LINEAR LINEAR LINEAR LINEAR LINEAR LINEAR LINEAR LINEAR LINEAR LINEAR LINEAR LINEAR LINEAR</Name_array>
        <technique_common>
          <accessor source="#RightMiddle2_matrix_RightMiddle2_transform-interpolations-array" count="24" stride="1">
            <param name="INTERPOLATION" type="Name"/>
          </accessor>
        </technique_common>
      </source>
      <sampler id="RightMiddle2_matrix_RightMiddle2_transform-sampler">
        <input semantic="INPUT" source="#RightMiddle2_matrix_RightMiddle2_transform-input"/>
        <input semantic="OUTPUT" source="#RightMiddle2_matrix_RightMiddle2_transform-output"/>
        <input semantic="INTERPOLATION" source="#RightMiddle2_matrix_RightMiddle2_transform-interpolations"/>
      </sampler>
      <channel source="#RightMiddle2_matrix_RightMiddle2_transform-sampler" target="RightMiddle2/transform"/>
    </animation>
    <animation id="RightMiddle3_matrix">
      <source id="RightMiddle3_matrix_RightMiddle3_transform-input">
        <float_array id="RightMiddle3_matrix_RightMiddle3_transform-input-array" count="24">0 0.041666 0.083333 0.125 0.166667 0.208333 0.25 0.291667 0.333333 0.375 0.416667 0.458333 0.5 0.541667 0.583333 0.625 0.666667 0.708333 0.75 0.791667 0.833333 0.875 0.916667 0.958333</float_array>
        <technique_common>
          <accessor source="#RightMiddle3_matrix_RightMiddle3_transform-input-array" count="24" stride="1">
            <param name="TIME" type="float"/>
          </accessor>
        </technique_common>
        <technique profile="MAYA">
          <pre_infinity>CONSTANT</pre_infinity>
          <post_infinity>CONSTANT</post_infinity>
        </technique>
      </source>
      <source id="RightMiddle3_matrix_RightMiddle3_transform-output">
        <float_array id="RightMiddle3_matrix_RightMiddle3_transform-output-array" count="384">1 0.000159 -0.000093 0 -0.000183 0.91849 -0.395444 -0.027332 0.000022 0.395444 0.91849 -0.000005 0 0 0 1 1 0.00015 -0.000105 0 -0.000183 0.882258 -0.470767 -0.027332 0.000022 0.470767 0.882258 -0.000005 0 0 0 1 1 0.000134 -0.000126 0 -0.000183 0.807491 -0.589879 -0.027332 0.000022 0.589879 0.807491 -0.000005 0 0 0 1 1 0.000116 -0.000142 0 -0.000183 0.724292 -0.689493 -0.027332 0.000022 0.689493 0.724292 -0.000005 0 0 0 1 1 0.000113 -0.000145 0 -0.000183 0.708548 -0.705663 -0.027332 0.000022 0.705663 0.708548 -0.000005 0 0 0 1 1 0.000119 -0.00014 0 -0.000183 0.736112 -0.67686 -0.027332 0.000022 0.67686 0.736112 -0.000005 0 0 0 1 1 0.000129 -0.000131 0 -0.000183 0.783507 -0.621383 -0.027332 0.000022 0.621383 0.783507 -0.000005 0 0 0 1 1 0.000138 -0.000121 0 -0.000183 0.825893 -0.563827 -0.027332 0.000022 0.563827 0.825893 -0.000005 0 0 0 1 1 0.000146 -0.000112 0 -0.000183 0.862356 -0.506303 -0.027332 0.000022 0.506303 0.862356 -0.000005 0 0 0 1 1 0.000152 -0.000103 0 -0.000183 0.888624 -0.458635 -0.027332 0.000022 0.458635 0.888624 -0.000005 0 0 0 1 1 0.000156 -0.000096 0 -0.000183 0.909143 -0.416485 -0.027332 0.000022 0.416485 0.909143 -0.000005 0 0 0 1 1 0.000158 -0.000093 0 -0.000183 0.917796 -0.397052 -0.027332 0.000022 0.397052 0.917796 -0.000005 0 0 0 1 1 0.000154 -0.0001 0 -0.000183 0.897345 -0.44133 -0.027332 0.000022 0.44133 0.897345 -0.000005 0 0 0 1 1 0.000138 -0.000121 0 -0.000183 0.828583 -0.559865 -0.027332 0.000022 0.559865 0.828583 -0.000005 0 0 0 1 1 0.000119 -0.00014 0 -0.000183 0.737732 -0.675093 -0.027332 0.000022 0.675093 0.737732 -0.000005 0 0 0 1 1 0.000114 -0.000144 0 -0.000183 0.710862 -0.703332 -0.027332 0.000022 0.703332 0.710862 -0.000005 0 0 0 1 1 0.000119 -0.00014 0 -0.000183 0.734928 -0.678146 -0.027332 0.000022 0.678146 0.734928 -0.000005 0 0 0 1 1 0.000128 -0.000132 0 -0.000183 0.777483 -0.628903 -0.027332 0.000022 0.628903 0.777483 -0.000005 0 0 0 1 1 0.000137 -0.000123 0 -0.000183 0.820373 -0.571828 -0.027332 0.000022 0.571828 0.820373 -0.000005 0 0 0 1 1 0.000146 -0.000112 0 -0.000183 0.861499 -0.507759 -0.027332 0.000022 0.507759 0.861499 -0.000005 0 0 0 1 1 0.000151 -0.000104 0 -0.000183 0.887407 -0.460986 -0.027332 0.000022 0.460986 0.887407 -0.000005 0 0 0 1 1 0.000156 -0.000097 0 -0.000183 0.906279 -0.422679 -0.027332 0.000022 0.422679 0.906279 -0.000005 0 0 0 1 1 0.000158 -0.000093 0 -0.000183 0.916644 -0.399705 -0.027332 0.000022 0.399705 0.916644 -0.000005 0 0 0 1 1 0.000158 -0.000093 0 -0.000183 0.918409 -0.395632 -0.027332 0.000022 0.395632 0.918409 -0.000005 0 0 0 1</float_array>
        <technique_common>
          <accessor source="#RightMiddle3_matrix_RightMiddle3_transform-output-array" count="24" stride="16">
            <param name="TRANSFORM" type="float4x4"/>
          </accessor>
        </technique_common>
      </source>
      <source id="RightMiddle3_matrix_RightMiddle3_transform-interpolations">
        <Name_array id="RightMiddle3_matrix_RightMiddle3_transform-interpolations-array" count="24">LINEAR LINEAR LINEAR LINEAR LINEAR LINEAR LINEAR LINEAR LINEAR LINEAR LINEAR LINEAR LINEAR LINEAR LINEAR LINEAR LINEAR LINEAR LINEAR LINEAR LINEAR LINEAR LINEAR LINEAR</Name_array>
        <technique_common>
          <accessor source="#RightMiddle3_matrix_RightMiddle3_transform-interpolations-array" count="24" stride="1">
            <param name="INTERPOLATION" type="Name"/>
          </accessor>
        </technique_common>
      </source>
      <sampler id="RightMiddle3_matrix_RightMiddle3_transform-sampler">
        <input semantic="INPUT" source="#RightMiddle3_matrix_RightMiddle3_transform-input"/>
        <input semantic="OUTPUT" source="#RightMiddle3_matrix_RightMiddle3_transform-output"/>
        <input semantic="INTERPOLATION" source="#RightMiddle3_matrix_RightMiddle3_transform-interpolations"/>
      </sampler>
      <channel source="#RightMiddle3_matrix_RightMiddle3_transform-sampler" target="RightMiddle3/transform"/>
    </animation>
    <animation id="RightRing1_matrix">
      <source id="RightRing1_matrix_RightRing1_transform-input">
        <float_array id="RightRing1_matrix_RightRing1_transform-input-array" count="24">0 0.041666 0.083333 0.125 0.166667 0.208333 0.25 0.291667 0.333333 0.375 0.416667 0.458333 0.5 0.541667 0.583333 0.625 0.666667 0.708333 0.75 0.791667 0.833333 0.875 0.916667 0.958333</float_array>
        <technique_common>
          <accessor source="#RightRing1_matrix_RightRing1_transform-input-array" count="24" stride="1">
            <param name="TIME" type="float"/>
          </accessor>
        </technique_common>
        <technique profile="MAYA">
          <pre_infinity>CONSTANT</pre_infinity>
          <post_infinity>CONSTANT</post_infinity>
        </technique>
      </source>
      <source id="RightRing1_matrix_RightRing1_transform-output">
        <float_array id="RightRing1_matrix_RightRing1_transform-output-array" count="384">0.993227 -0.077074 -0.086946 -0.021136 0.026963 0.880779 -0.472759 -0.102233 0.113018 0.467212 0.876892 0.010788 0 0 0 1 0.992463 -0.082262 -0.090826 -0.021136 0.022782 0.852129 -0.522836 -0.102233 0.120406 0.516825 0.847581 0.010788 0 0 0 1 0.990863 -0.095147 -0.095587 -0.021136 0.01502 0.78218 -0.622872 -0.102233 0.134031 0.615744 0.776462 0.010788 0 0 0 1 0.989306 -0.107978 -0.098055 -0.021136 0.008366 0.713179 -0.700933 -0.102233 0.145617 0.692615 0.706455 0.010788 0 0 0 1 0.988951 -0.110506 -0.098812 -0.021136 0.006944 0.700368 -0.713749 -0.102233 0.148079 0.705176 0.693397 0.010788 0 0 0 1 0.9895 -0.106023 -0.098225 -0.021136 0.009161 0.724264 -0.689462 -0.102233 0.14424 0.681323 0.717631 0.010788 0 0 0 1 0.990379 -0.098901 -0.096785 -0.021136 0.012877 0.762256 -0.647147 -0.102233 0.137779 0.639674 0.756196 0.010788 0 0 0 1 0.99127 -0.091801 -0.094635 -0.021136 0.016895 0.800305 -0.599355 -0.102233 0.130759 0.592523 0.79487 0.010788 0 0 0 1 0.991964 -0.086402 -0.092417 -0.021136 0.020241 0.829454 -0.558207 -0.102233 0.124887 0.551851 0.824538 0.010788 0 0 0 1 0.992535 -0.082092 -0.09019 -0.021136 0.023162 0.852957 -0.521467 -0.102233 0.119737 0.515485 0.848491 0.010788 0 0 0 1 0.993004 -0.078661 -0.08806 -0.021136 0.025704 0.871913 -0.488986 -0.102233 0.115245 0.483301 0.867835 0.010788 0 0 0 1 0.99321 -0.077192 -0.087033 -0.021136 0.026866 0.880115 -0.474 -0.102233 0.113189 0.468443 0.876213 0.010788 0 0 0 1 0.992732 -0.080642 -0.089335 -0.021136 0.024209 0.860937 -0.508136 -0.102233 0.11789 0.502279 0.856631 0.010788 0 0 0 1 0.991393 -0.091686 -0.093449 -0.021136 0.017471 0.800083 -0.599635 -0.102233 0.129746 0.59284 0.794799 0.010788 0 0 0 1 0.989664 -0.105716 -0.096897 -0.021136 0.009834 0.724136 -0.689587 -0.102233 0.143068 0.681506 0.717691 0.010788 0 0 0 1 0.988994 -0.110153 -0.098774 -0.021136 0.007116 0.702251 -0.711894 -0.102233 0.147782 0.703355 0.695306 0.010788 0 0 0 1 0.989446 -0.106466 -0.098295 -0.021136 0.008939 0.721909 -0.691931 -0.102233 0.144628 0.683749 0.715241 0.010788 0 0 0 1 0.990198 -0.100364 -0.097137 -0.021136 0.012091 0.754447 -0.65625 -0.102233 0.13915 0.648641 0.748265 0.010788 0 0 0 1 0.991099 -0.093154 -0.095104 -0.021136 0.016101 0.79303 -0.60897 -0.102233 0.13215 0.602018 0.787471 0.010788 0 0 0 1 0.991919 -0.086755 -0.092577 -0.021136 0.020014 0.827539 -0.561051 -0.102233 0.125286 0.554664 0.822588 0.010788 0 0 0 1 0.992508 -0.082294 -0.090307 -0.021136 0.023019 0.85185 -0.52328 -0.102233 0.119992 0.51728 0.847362 0.010788 0 0 0 1 0.992937 -0.079144 -0.088383 -0.021136 0.025332 0.869228 -0.493762 -0.102233 0.115904 0.488035 0.865094 0.010788 0 0 0 1 0.993182 -0.077388 -0.087174 -0.021136 0.026708 0.879014 -0.476047 -0.102233 0.113469 0.470472 0.875089 0.010788 0 0 0 1 0.993225 -0.077087 -0.086956 -0.021136 0.026951 0.880701 -0.472904 -0.102233 0.113038 0.467356 0.876813 0.010788 0 0 0 1</float_array>
        <technique_common>
          <accessor source="#RightRing1_matrix_RightRing1_transform-output-array" count="24" stride="16">
            <param name="TRANSFORM" type="float4x4"/>
          </accessor>
        </technique_common>
      </source>
      <source id="RightRing1_matrix_RightRing1_transform-interpolations">
        <Name_array id="RightRing1_matrix_RightRing1_transform-interpolations-array" count="24">LINEAR LINEAR LINEAR LINEAR LINEAR LINEAR LINEAR LINEAR LINEAR LINEAR LINEAR LINEAR LINEAR LINEAR LINEAR LINEAR LINEAR LINEAR LINEAR LINEAR LINEAR LINEAR LINEAR LINEAR</Name_array>
        <technique_common>
          <accessor source="#RightRing1_matrix_RightRing1_transform-interpolations-array" count="24" stride="1">
            <param name="INTERPOLATION" type="Name"/>
          </accessor>
        </technique_common>
      </source>
      <sampler id="RightRing1_matrix_RightRing1_transform-sampler">
        <input semantic="INPUT" source="#RightRing1_matrix_RightRing1_transform-input"/>
        <input semantic="OUTPUT" source="#RightRing1_matrix_RightRing1_transform-output"/>
        <input semantic="INTERPOLATION" source="#RightRing1_matrix_RightRing1_transform-interpolations"/>
      </sampler>
      <channel source="#RightRing1_matrix_RightRing1_transform-sampler" target="RightRing1/transform"/>
    </animation>
    <animation id="RightRing2_matrix">
      <source id="RightRing2_matrix_RightRing2_transform-input">
        <float_array id="RightRing2_matrix_RightRing2_transform-input-array" count="24">0 0.041666 0.083333 0.125 0.166667 0.208333 0.25 0.291667 0.333333 0.375 0.416667 0.458333 0.5 0.541667 0.583333 0.625 0.666667 0.708333 0.75 0.791667 0.833333 0.875 0.916667 0.958333</float_array>
        <technique_common>
          <accessor source="#RightRing2_matrix_RightRing2_transform-input-array" count="24" stride="1">
            <param name="TIME" type="float"/>
          </accessor>
        </technique_common>
        <technique profile="MAYA">
          <pre_infinity>CONSTANT</pre_infinity>
          <post_infinity>CONSTANT</post_infinity>
        </technique>
      </source>
      <source id="RightRing2_matrix_RightRing2_transform-output">
        <float_array id="RightRing2_matrix_RightRing2_transform-output-array" count="384">1 0 0 0 0 0.852566 -0.522619 -0.039099 0 0.522619 0.852566 -0.000001 0 0 0 1 1 0 0 0 0 0.808248 -0.588841 -0.039099 0 0.588841 0.808248 -0.000001 0 0 0 1 1 0 0 0 0 0.722913 -0.690939 -0.039099 0 0.690939 0.722913 -0.000001 0 0 0 1 1 0 0 0 0 0.63349 -0.773751 -0.039099 0 0.773751 0.63349 -0.000001 0 0 0 1 1 0 0 0 0 0.617014 -0.786952 -0.039099 0 0.786952 0.617014 -0.000001 0 0 0 1 1 0 0 0 0 0.647735 -0.761865 -0.039099 0 0.761865 0.647735 -0.000001 0 0 0 1 1 0 0 0 0 0.692144 -0.721759 -0.039099 0 0.721759 0.692144 -0.000001 0 0 0 1 1 0 0 0 0 0.743352 -0.668901 -0.039099 0 0.668901 0.743352 -0.000001 0 0 0 1 1 0 0 0 0 0.784872 -0.619658 -0.039099 0 0.619658 0.784872 -0.000001 0 0 0 1 1 0 0 0 0 0.815844 -0.578271 -0.039099 0 0.578271 0.815844 -0.000001 0 0 0 1 1 0 0 0 0 0.840863 -0.541248 -0.039099 0 0.541248 0.840863 -0.000001 0 0 0 1 1 0 0 0 0 0.851689 -0.524046 -0.039099 0 0.524046 0.851689 -0.000001 0 0 0 1 1 0 0 0 0 0.82637 -0.563127 -0.039099 0 0.563127 0.82637 -0.000001 0 0 0 1 1 0 0 0 0 0.746375 -0.665525 -0.039099 0 0.665525 0.746375 -0.000001 0 0 0 1 1 0 0 0 0 0.647652 -0.761936 -0.039099 0 0.761936 0.647652 -0.000001 0 0 0 1 1 0 0 0 0 0.619428 -0.785053 -0.039099 0 0.785053 0.619428 -0.000001 0 0 0 1 1 0 0 0 0 0.644689 -0.764445 -0.039099 0 0.764445 0.644689 -0.000001 0 0 0 1 1 0 0 0 0 0.684963 -0.728578 -0.039099 0 0.728578 0.684963 -0.000001 0 0 0 1 1 0 0 0 0 0.737186 -0.67569 -0.039099 0 0.67569 0.737186 -0.000001 0 0 0 1 1 0 0 0 0 0.783881 -0.62091 -0.039099 0 0.62091 0.783881 -0.000001 0 0 0 1 1 0 0 0 0 0.814381 -0.580331 -0.039099 0 0.580331 0.814381 -0.000001 0 0 0 1 1 0 0 0 0 0.837316 -0.546718 -0.039099 0 0.546718 0.837316 -0.000001 0 0 0 1 1 0 0 0 0 0.850236 -0.526401 -0.039099 0 0.526401 0.850236 -0.000001 0 0 0 1 1 0 0 0 0 0.852463 -0.522786 -0.039099 0 0.522786 0.852463 -0.000001 0 0 0 1</float_array>
        <technique_common>
          <accessor source="#RightRing2_matrix_RightRing2_transform-output-array" count="24" stride="16">
            <param name="TRANSFORM" type="float4x4"/>
          </accessor>
        </technique_common>
      </source>
      <source id="RightRing2_matrix_RightRing2_transform-interpolations">
        <Name_array id="RightRing2_matrix_RightRing2_transform-interpolations-array" count="24">LINEAR LINEAR LINEAR LINEAR LINEAR LINEAR LINEAR LINEAR LINEAR LINEAR LINEAR LINEAR LINEAR LINEAR LINEAR LINEAR LINEAR LINEAR LINEAR LINEAR LINEAR LINEAR LINEAR LINEAR</Name_array>
        <technique_common>
          <accessor source="#RightRing2_matrix_RightRing2_transform-interpolations-array" count="24" stride="1">
            <param name="INTERPOLATION" type="Name"/>
          </accessor>
        </technique_common>
      </source>
      <sampler id="RightRing2_matrix_RightRing2_transform-sampler">
        <input semantic="INPUT" source="#RightRing2_matrix_RightRing2_transform-input"/>
        <input semantic="OUTPUT" source="#RightRing2_matrix_RightRing2_transform-output"/>
        <input semantic="INTERPOLATION" source="#RightRing2_matrix_RightRing2_transform-interpolations"/>
      </sampler>
      <channel source="#RightRing2_matrix_RightRing2_transform-sampler" target="RightRing2/transform"/>
    </animation>
    <animation id="RightRing3_matrix">
      <source id="RightRing3_matrix_RightRing3_transform-input">
        <float_array id="RightRing3_matrix_RightRing3_transform-input-array" count="24">0 0.041666 0.083333 0.125 0.166667 0.208333 0.25 0.291667 0.333333 0.375 0.416667 0.458333 0.5 0.541667 0.583333 0.625 0.666667 0.708333 0.75 0.791667 0.833333 0.875 0.916667 0.958333</float_array>
        <technique_common>
          <accessor source="#RightRing3_matrix_RightRing3_transform-input-array" count="24" stride="1">
            <param name="TIME" type="float"/>
          </accessor>
        </technique_common>
        <technique profile="MAYA">
          <pre_infinity>CONSTANT</pre_infinity>
          <post_infinity>CONSTANT</post_infinity>
        </technique>
      </source>
      <source id="RightRing3_matrix_RightRing3_transform-output">
        <float_array id="RightRing3_matrix_RightRing3_transform-output-array" count="384">1 0 0 0 0 0.874115 -0.485719 -0.027324 0 0.485719 0.874115 -0.000005 0 0 0 1 1 0 0 0 0 0.832667 -0.553774 -0.027324 0 0.553774 0.832667 -0.000005 0 0 0 1 1 0 0 0 0 0.751771 -0.659424 -0.027324 0 0.659424 0.751771 -0.000005 0 0 0 1 1 0 0 0 0 0.665968 -0.74598 -0.027324 0 0.74598 0.665968 -0.000005 0 0 0 1 1 0 0 0 0 0.65007 -0.759874 -0.027324 0 0.759874 0.65007 -0.000005 0 0 0 1 1 0 0 0 0 0.679692 -0.733498 -0.027324 0 0.733498 0.679692 -0.000005 0 0 0 1 1 0 0 0 0 0.722347 -0.69153 -0.027324 0 0.69153 0.722347 -0.000005 0 0 0 1 1 0 0 0 0 0.77125 -0.636533 -0.027324 0 0.636533 0.77125 -0.000005 0 0 0 1 1 0 0 0 0 0.810628 -0.585561 -0.027324 0 0.585561 0.810628 -0.000005 0 0 0 1 1 0 0 0 0 0.839804 -0.54289 -0.027324 0 0.54289 0.839804 -0.000005 0 0 0 1 1 0 0 0 0 0.863218 -0.504831 -0.027324 0 0.504831 0.863218 -0.000005 0 0 0 1 1 0 0 0 0 0.8733 -0.487182 -0.027324 0 0.487182 0.8733 -0.000005 0 0 0 1 1 0 0 0 0 0.849674 -0.527309 -0.027324 0 0.527309 0.849674 -0.000005 0 0 0 1 1 0 0 0 0 0.774126 -0.633031 -0.027324 0 0.633031 0.774126 -0.000005 0 0 0 1 1 0 0 0 0 0.679612 -0.733572 -0.027324 0 0.733572 0.679612 -0.000005 0 0 0 1 1 0 0 0 0 0.652401 -0.757874 -0.027324 0 0.757874 0.652401 -0.000005 0 0 0 1 1 0 0 0 0 0.676759 -0.736205 -0.027324 0 0.736205 0.676759 -0.000005 0 0 0 1 1 0 0 0 0 0.715464 -0.698649 -0.027324 0 0.698649 0.715464 -0.000005 0 0 0 1 1 0 0 0 0 0.76538 -0.643579 -0.027324 0 0.643579 0.76538 -0.000005 0 0 0 1 1 0 0 0 0 0.809692 -0.586855 -0.027324 0 0.586855 0.809692 -0.000005 0 0 0 1 1 0 0 0 0 0.83843 -0.545009 -0.027324 0 0.545009 0.83843 -0.000005 0 0 0 1 1 0 0 0 0 0.859909 -0.510448 -0.027324 0 0.510448 0.859909 -0.000005 0 0 0 1 1 0 0 0 0 0.871949 -0.489597 -0.027324 0 0.489597 0.871949 -0.000005 0 0 0 1 1 0 0 0 0 0.87402 -0.48589 -0.027324 0 0.48589 0.87402 -0.000005 0 0 0 1</float_array>
        <technique_common>
          <accessor source="#RightRing3_matrix_RightRing3_transform-output-array" count="24" stride="16">
            <param name="TRANSFORM" type="float4x4"/>
          </accessor>
        </technique_common>
      </source>
      <source id="RightRing3_matrix_RightRing3_transform-interpolations">
        <Name_array id="RightRing3_matrix_RightRing3_transform-interpolations-array" count="24">LINEAR LINEAR LINEAR LINEAR LINEAR LINEAR LINEAR LINEAR LINEAR LINEAR LINEAR LINEAR LINEAR LINEAR LINEAR LINEAR LINEAR LINEAR LINEAR LINEAR LINEAR LINEAR LINEAR LINEAR</Name_array>
        <technique_common>
          <accessor source="#RightRing3_matrix_RightRing3_transform-interpolations-array" count="24" stride="1">
            <param name="INTERPOLATION" type="Name"/>
          </accessor>
        </technique_common>
      </source>
      <sampler id="RightRing3_matrix_RightRing3_transform-sampler">
        <input semantic="INPUT" source="#RightRing3_matrix_RightRing3_transform-input"/>
        <input semantic="OUTPUT" source="#RightRing3_matrix_RightRing3_transform-output"/>
        <input semantic="INTERPOLATION" source="#RightRing3_matrix_RightRing3_transform-interpolations"/>
      </sampler>
      <channel source="#RightRing3_matrix_RightRing3_transform-sampler" target="RightRing3/transform"/>
    </animation>
    <animation id="RightPinky1_matrix">
      <source id="RightPinky1_matrix_RightPinky1_transform-input">
        <float_array id="RightPinky1_matrix_RightPinky1_transform-input-array" count="24">0 0.041666 0.083333 0.125 0.166667 0.208333 0.25 0.291667 0.333333 0.375 0.416667 0.458333 0.5 0.541667 0.583333 0.625 0.666667 0.708333 0.75 0.791667 0.833333 0.875 0.916667 0.958333</float_array>
        <technique_common>
          <accessor source="#RightPinky1_matrix_RightPinky1_transform-input-array" count="24" stride="1">
            <param name="TIME" type="float"/>
          </accessor>
        </technique_common>
        <technique profile="MAYA">
          <pre_infinity>CONSTANT</pre_infinity>
          <post_infinity>CONSTANT</post_infinity>
        </technique>
      </source>
      <source id="RightPinky1_matrix_RightPinky1_transform-output">
        <float_array id="RightPinky1_matrix_RightPinky1_transform-output-array" count="384">0.978974 -0.127201 -0.159465 -0.041259 0.027937 0.858001 -0.512888 -0.096202 0.202061 0.497649 0.843514 0.003314 0 0 0 1 0.976889 -0.136146 -0.164777 -0.041259 0.021115 0.828603 -0.559439 -0.096202 0.2127 0.543031 0.812327 0.003314 0 0 0 1 0.972612 -0.157629 -0.170816 -0.041259 0.008417 0.758315 -0.651834 -0.096202 0.23228 0.632544 0.738873 0.003314 0 0 0 1 0.96853 -0.178355 -0.173603 -0.041259 -0.002488 0.690525 -0.723305 -0.096202 0.248882 0.700975 0.66835 0.003314 0 0 0 1 0.967609 -0.182342 -0.174593 -0.041259 -0.004822 0.678121 -0.734935 -0.096202 0.252405 0.711972 0.655277 0.003314 0 0 0 1 0.969036 -0.175195 -0.173995 -0.041259 -0.00118 0.701381 -0.712785 -0.096202 0.246913 0.69092 0.679457 0.003314 0 0 0 1 0.971336 -0.163732 -0.172328 -0.041259 0.004913 0.738637 -0.674086 -0.096202 0.237657 0.653917 0.718269 0.003314 0 0 0 1 0.97369 -0.152135 -0.169651 -0.041259 0.011496 0.776347 -0.6302 -0.096202 0.227583 0.61167 0.757671 0.003314 0 0 0 1 0.975544 -0.143166 -0.166782 -0.041259 0.016968 0.805575 -0.592251 -0.096202 0.219146 0.574937 0.788303 0.003314 0 0 0 1 0.977084 -0.13588 -0.163837 -0.041259 0.021739 0.829408 -0.55822 -0.096202 0.211738 0.541867 0.813355 0.003314 0 0 0 1 0.978363 -0.129972 -0.160975 -0.041259 0.025886 0.848839 -0.528018 -0.096202 0.205269 0.512426 0.833837 0.003314 0 0 0 1 0.978928 -0.127409 -0.159582 -0.041259 0.027781 0.857313 -0.514046 -0.096202 0.202306 0.49878 0.842787 0.003314 0 0 0 1 0.977617 -0.133398 -0.162693 -0.041259 0.023448 0.837561 -0.54584 -0.096202 0.209079 0.529808 0.821942 0.003314 0 0 0 1 0.974018 -0.152012 -0.167871 -0.041259 0.012433 0.776031 -0.630572 -0.096202 0.226128 0.612101 0.757758 0.003314 0 0 0 1 0.969464 -0.174809 -0.171992 -0.041259 -0.00008 0.701116 -0.713047 -0.096202 0.245233 0.691287 0.679692 0.003314 0 0 0 1 0.967721 -0.181781 -0.174558 -0.041259 -0.004539 0.67995 -0.733245 -0.096202 0.25198 0.710369 0.657177 0.003314 0 0 0 1 0.968894 -0.175904 -0.17407 -0.041259 -0.001545 0.699082 -0.71504 -0.096202 0.247468 0.693067 0.677064 0.003314 0 0 0 1 0.970859 -0.1661 -0.17275 -0.041259 0.003626 0.730948 -0.682424 -0.096202 0.239622 0.661911 0.71025 0.003314 0 0 0 1 0.973236 -0.154359 -0.170246 -0.041259 0.010194 0.769103 -0.639044 -0.096202 0.229579 0.620205 0.750092 0.003314 0 0 0 1 0.975422 -0.143755 -0.166991 -0.041259 0.016596 0.803646 -0.594876 -0.096202 0.219718 0.577484 0.78628 0.003314 0 0 0 1 0.97701 -0.136225 -0.163993 -0.041259 0.021505 0.828278 -0.559904 -0.096202 0.212105 0.543505 0.812165 0.003314 0 0 0 1 0.978179 -0.130811 -0.161412 -0.041259 0.025279 0.846074 -0.532467 -0.096202 0.206219 0.516767 0.830918 0.003314 0 0 0 1 0.978851 -0.127753 -0.159776 -0.041259 0.027522 0.856173 -0.515956 -0.096202 0.202711 0.500647 0.841582 0.003314 0 0 0 1 0.978969 -0.127225 -0.159479 -0.041259 0.027918 0.85792 -0.513024 -0.096202 0.20209 0.497782 0.843429 0.003314 0 0 0 1</float_array>
        <technique_common>
          <accessor source="#RightPinky1_matrix_RightPinky1_transform-output-array" count="24" stride="16">
            <param name="TRANSFORM" type="float4x4"/>
          </accessor>
        </technique_common>
      </source>
      <source id="RightPinky1_matrix_RightPinky1_transform-interpolations">
        <Name_array id="RightPinky1_matrix_RightPinky1_transform-interpolations-array" count="24">LINEAR LINEAR LINEAR LINEAR LINEAR LINEAR LINEAR LINEAR LINEAR LINEAR LINEAR LINEAR LINEAR LINEAR LINEAR LINEAR LINEAR LINEAR LINEAR LINEAR LINEAR LINEAR LINEAR LINEAR</Name_array>
        <technique_common>
          <accessor source="#RightPinky1_matrix_RightPinky1_transform-interpolations-array" count="24" stride="1">
            <param name="INTERPOLATION" type="Name"/>
          </accessor>
        </technique_common>
      </source>
      <sampler id="RightPinky1_matrix_RightPinky1_transform-sampler">
        <input semantic="INPUT" source="#RightPinky1_matrix_RightPinky1_transform-input"/>
        <input semantic="OUTPUT" source="#RightPinky1_matrix_RightPinky1_transform-output"/>
        <input semantic="INTERPOLATION" source="#RightPinky1_matrix_RightPinky1_transform-interpolations"/>
      </sampler>
      <channel source="#RightPinky1_matrix_RightPinky1_transform-sampler" target="RightPinky1/transform"/>
    </animation>
    <animation id="RightPinky2_matrix">
      <source id="RightPinky2_matrix_RightPinky2_transform-input">
        <float_array id="RightPinky2_matrix_RightPinky2_transform-input-array" count="24">0 0.041666 0.083333 0.125 0.166667 0.208333 0.25 0.291667 0.333333 0.375 0.416667 0.458333 0.5 0.541667 0.583333 0.625 0.666667 0.708333 0.75 0.791667 0.833333 0.875 0.916667 0.958333</float_array>
        <technique_common>
          <accessor source="#RightPinky2_matrix_RightPinky2_transform-input-array" count="24" stride="1">
            <param name="TIME" type="float"/>
          </accessor>
        </technique_common>
        <technique profile="MAYA">
          <pre_infinity>CONSTANT</pre_infinity>
          <post_infinity>CONSTANT</post_infinity>
        </technique>
      </source>
      <source id="RightPinky2_matrix_RightPinky2_transform-output">
        <float_array id="RightPinky2_matrix_RightPinky2_transform-output-array" count="384">1 0.000025 -0.000023 0 -0.000035 0.769735 -0.638364 -0.032185 0.000001 0.638364 0.769735 -0.000003 0 0 0 1 1 0.000023 -0.000024 0 -0.000035 0.733901 -0.679257 -0.032185 0.000001 0.679257 0.733901 -0.000003 0 0 0 1 1 0.00002 -0.000027 0 -0.000035 0.652122 -0.758114 -0.032185 0.000001 0.758114 0.652122 -0.000003 0 0 0 1 1 0.000018 -0.000029 0 -0.000035 0.576723 -0.81694 -0.032185 0.000001 0.81694 0.576723 -0.000003 0 0 0 1 1 0.000017 -0.000029 0 -0.000035 0.563128 -0.82637 -0.032185 0.000001 0.82637 0.563128 -0.000003 0 0 0 1 1 0.000018 -0.000028 0 -0.000035 0.588543 -0.808466 -0.032185 0.000001 0.808466 0.588543 -0.000003 0 0 0 1 1 0.000019 -0.000027 0 -0.000035 0.6299 -0.776677 -0.032185 0.000001 0.776677 0.6299 -0.000003 0 0 0 1 1 0.000021 -0.000026 0 -0.000035 0.672687 -0.739927 -0.032185 0.000001 0.739927 0.672687 -0.000003 0 0 0 1 1 0.000022 -0.000025 0 -0.000035 0.706628 -0.707585 -0.032185 0.000001 0.707585 0.706628 -0.000003 0 0 0 1 1 0.000023 -0.000024 0 -0.000035 0.734924 -0.67815 -0.032185 0.000001 0.67815 0.734924 -0.000003 0 0 0 1 1 0.000024 -0.000023 0 -0.000035 0.758467 -0.651712 -0.032185 0.000001 0.651712 0.758467 -0.000003 0 0 0 1 1 0.000024 -0.000023 0 -0.000035 0.768885 -0.639388 -0.032185 0.000001 0.639388 0.768885 -0.000003 0 0 0 1 1 0.000024 -0.000023 0 -0.000035 0.744742 -0.667353 -0.032185 0.000001 0.667353 0.744742 -0.000003 0 0 0 1 1 0.000021 -0.000026 0 -0.000035 0.672486 -0.74011 -0.032185 0.000001 0.74011 0.672486 -0.000003 0 0 0 1 1 0.000018 -0.000028 0 -0.000035 0.588468 -0.808521 -0.032185 0.000001 0.808521 0.588468 -0.000003 0 0 0 1 1 0.000017 -0.000029 0 -0.000035 0.565116 -0.825012 -0.032185 0.000001 0.825012 0.565116 -0.000003 0 0 0 1 1 0.000018 -0.000028 0 -0.000035 0.586009 -0.810305 -0.032185 0.000001 0.810305 0.586009 -0.000003 0 0 0 1 1 0.000019 -0.000027 0 -0.000035 0.621286 -0.783584 -0.032185 0.000001 0.783584 0.621286 -0.000003 0 0 0 1 1 0.000021 -0.000026 0 -0.000035 0.664393 -0.747384 -0.032185 0.000001 0.747384 0.664393 -0.000003 0 0 0 1 1 0.000022 -0.000025 0 -0.000035 0.704373 -0.709831 -0.032185 0.000001 0.709831 0.704373 -0.000003 0 0 0 1 1 0.000023 -0.000024 0 -0.000035 0.733564 -0.67962 -0.032185 0.000001 0.67962 0.733564 -0.000003 0 0 0 1 1 0.000024 -0.000023 0 -0.000035 0.755085 -0.655628 -0.032185 0.000001 0.655628 0.755085 -0.000003 0 0 0 1 1 0.000024 -0.000023 0 -0.000035 0.767477 -0.641077 -0.032185 0.000001 0.641077 0.767477 -0.000003 0 0 0 1 1 0.000024 -0.000023 0 -0.000035 0.769635 -0.638484 -0.032185 0.000001 0.638484 0.769635 -0.000003 0 0 0 1</float_array>
        <technique_common>
          <accessor source="#RightPinky2_matrix_RightPinky2_transform-output-array" count="24" stride="16">
            <param name="TRANSFORM" type="float4x4"/>
          </accessor>
        </technique_common>
      </source>
      <source id="RightPinky2_matrix_RightPinky2_transform-interpolations">
        <Name_array id="RightPinky2_matrix_RightPinky2_transform-interpolations-array" count="24">LINEAR LINEAR LINEAR LINEAR LINEAR LINEAR LINEAR LINEAR LINEAR LINEAR LINEAR LINEAR LINEAR LINEAR LINEAR LINEAR LINEAR LINEAR LINEAR LINEAR LINEAR LINEAR LINEAR LINEAR</Name_array>
        <technique_common>
          <accessor source="#RightPinky2_matrix_RightPinky2_transform-interpolations-array" count="24" stride="1">
            <param name="INTERPOLATION" type="Name"/>
          </accessor>
        </technique_common>
      </source>
      <sampler id="RightPinky2_matrix_RightPinky2_transform-sampler">
        <input semantic="INPUT" source="#RightPinky2_matrix_RightPinky2_transform-input"/>
        <input semantic="OUTPUT" source="#RightPinky2_matrix_RightPinky2_transform-output"/>
        <input semantic="INTERPOLATION" source="#RightPinky2_matrix_RightPinky2_transform-interpolations"/>
      </sampler>
      <channel source="#RightPinky2_matrix_RightPinky2_transform-sampler" target="RightPinky2/transform"/>
    </animation>
    <animation id="RightPinky3_matrix">
      <source id="RightPinky3_matrix_RightPinky3_transform-input">
        <float_array id="RightPinky3_matrix_RightPinky3_transform-input-array" count="24">0 0.041666 0.083333 0.125 0.166667 0.208333 0.25 0.291667 0.333333 0.375 0.416667 0.458333 0.5 0.541667 0.583333 0.625 0.666667 0.708333 0.75 0.791667 0.833333 0.875 0.916667 0.958333</float_array>
        <technique_common>
          <accessor source="#RightPinky3_matrix_RightPinky3_transform-input-array" count="24" stride="1">
            <param name="TIME" type="float"/>
          </accessor>
        </technique_common>
        <technique profile="MAYA">
          <pre_infinity>CONSTANT</pre_infinity>
          <post_infinity>CONSTANT</post_infinity>
        </technique>
      </source>
      <source id="RightPinky3_matrix_RightPinky3_transform-output">
        <float_array id="RightPinky3_matrix_RightPinky3_transform-output-array" count="384">1 -0.00002 0.000015 0 0.000025 0.88629 -0.463131 -0.016344 -0.000004 0.463131 0.88629 0.000002 0 0 0 1 1 -0.000019 0.000016 0 0.000025 0.859808 -0.510618 -0.016344 -0.000004 0.510618 0.859808 0.000002 0 0 0 1 1 -0.000017 0.000018 0 0.000025 0.796344 -0.604844 -0.016344 -0.000004 0.604844 0.796344 0.000002 0 0 0 1 1 -0.000015 0.000019 0 0.000025 0.734926 -0.678148 -0.016344 -0.000004 0.678148 0.734926 0.000002 0 0 0 1 1 -0.000015 0.00002 0 0.000025 0.723606 -0.690213 -0.016344 -0.000004 0.690213 0.723606 0.000002 0 0 0 1 1 -0.000015 0.000019 0 0.000025 0.744711 -0.667387 -0.016344 -0.000004 0.667387 0.744711 0.000002 0 0 0 1 1 -0.000016 0.000018 0 0.000025 0.778499 -0.627647 -0.016344 -0.000004 0.627647 0.778499 0.000002 0 0 0 1 1 -0.000017 0.000017 0 0.000025 0.812647 -0.582756 -0.016344 -0.000004 0.582756 0.812647 0.000002 0 0 0 1 1 -0.000018 0.000016 0 0.000025 0.839068 -0.544027 -0.016344 -0.000004 0.544027 0.839068 0.000002 0 0 0 1 1 -0.000019 0.000016 0 0.000025 0.860577 -0.509321 -0.016344 -0.000004 0.509321 0.860577 0.000002 0 0 0 1 1 -0.000019 0.000015 0 0.000025 0.878065 -0.478541 -0.016344 -0.000004 0.478541 0.878065 0.000002 0 0 0 1 1 -0.000019 0.000015 0 0.000025 0.885673 -0.46431 -0.016344 -0.000004 0.46431 0.885673 0.000002 0 0 0 1 1 -0.000019 0.000015 0 0.000025 0.867917 -0.496709 -0.016344 -0.000004 0.496709 0.867917 0.000002 0 0 0 1 1 -0.000017 0.000017 0 0.000025 0.812489 -0.582976 -0.016344 -0.000004 0.582976 0.812489 0.000002 0 0 0 1 1 -0.000015 0.000019 0 0.000025 0.744649 -0.667457 -0.016344 -0.000004 0.667457 0.744649 0.000002 0 0 0 1 1 -0.000015 0.000019 0 0.000025 0.725265 -0.68847 -0.016344 -0.000004 0.68847 0.725265 0.000002 0 0 0 1 1 -0.000015 0.000019 0 0.000025 0.742618 -0.669715 -0.016344 -0.000004 0.669715 0.742618 0.000002 0 0 0 1 1 -0.000016 0.000018 0 0.000025 0.771522 -0.636203 -0.016344 -0.000004 0.636203 0.771522 0.000002 0 0 0 1 1 -0.000017 0.000017 0 0.000025 0.806097 -0.591784 -0.016344 -0.000004 0.591784 0.806097 0.000002 0 0 0 1 1 -0.000018 0.000016 0 0.000025 0.837332 -0.546695 -0.016344 -0.000004 0.546695 0.837332 0.000002 0 0 0 1 1 -0.000019 0.000016 0 0.000025 0.859555 -0.511044 -0.016344 -0.000004 0.511044 0.859555 0.000002 0 0 0 1 1 -0.000019 0.000015 0 0.000025 0.875578 -0.483078 -0.016344 -0.000004 0.483078 0.875578 0.000002 0 0 0 1 1 -0.000019 0.000015 0 0.000025 0.88465 -0.466257 -0.016344 -0.000004 0.466257 0.88465 0.000002 0 0 0 1 1 -0.000019 0.000015 0 0.000025 0.886218 -0.463269 -0.016344 -0.000004 0.463269 0.886218 0.000002 0 0 0 1</float_array>
        <technique_common>
          <accessor source="#RightPinky3_matrix_RightPinky3_transform-output-array" count="24" stride="16">
            <param name="TRANSFORM" type="float4x4"/>
          </accessor>
        </technique_common>
      </source>
      <source id="RightPinky3_matrix_RightPinky3_transform-interpolations">
        <Name_array id="RightPinky3_matrix_RightPinky3_transform-interpolations-array" count="24">LINEAR LINEAR LINEAR LINEAR LINEAR LINEAR LINEAR LINEAR LINEAR LINEAR LINEAR LINEAR LINEAR LINEAR LINEAR LINEAR LINEAR LINEAR LINEAR LINEAR LINEAR LINEAR LINEAR LINEAR</Name_array>
        <technique_common>
          <accessor source="#RightPinky3_matrix_RightPinky3_transform-interpolations-array" count="24" stride="1">
            <param name="INTERPOLATION" type="Name"/>
          </accessor>
        </technique_common>
      </source>
      <sampler id="RightPinky3_matrix_RightPinky3_transform-sampler">
        <input semantic="INPUT" source="#RightPinky3_matrix_RightPinky3_transform-input"/>
        <input semantic="OUTPUT" source="#RightPinky3_matrix_RightPinky3_transform-output"/>
        <input semantic="INTERPOLATION" source="#RightPinky3_matrix_RightPinky3_transform-interpolations"/>
      </sampler>
      <channel source="#RightPinky3_matrix_RightPinky3_transform-sampler" target="RightPinky3/transform"/>
    </animation>
    <animation id="RightThumb1_matrix">
      <source id="RightThumb1_matrix_RightThumb1_transform-input">
        <float_array id="RightThumb1_matrix_RightThumb1_transform-input-array" count="24">0 0.041666 0.083333 0.125 0.166667 0.208333 0.25 0.291667 0.333333 0.375 0.416667 0.458333 0.5 0.541667 0.583333 0.625 0.666667 0.708333 0.75 0.791667 0.833333 0.875 0.916667 0.958333</float_array>
        <technique_common>
          <accessor source="#RightThumb1_matrix_RightThumb1_transform-input-array" count="24" stride="1">
            <param name="TIME" type="float"/>
          </accessor>
        </technique_common>
        <technique profile="MAYA">
          <pre_infinity>CONSTANT</pre_infinity>
          <post_infinity>CONSTANT</post_infinity>
        </technique>
      </source>
      <source id="RightThumb1_matrix_RightThumb1_transform-output">
        <float_array id="RightThumb1_matrix_RightThumb1_transform-output-array" count="384">-0.910494 0.385702 0.149111 0.038235 0.362047 0.917757 -0.163228 -0.02164 -0.199805 -0.094633 -0.975255 -0.002127 0 0 0 1 -0.913939 0.392497 0.103257 0.038235 0.37535 0.914205 -0.152778 -0.02164 -0.154363 -0.100872 -0.982851 -0.002127 0 0 0 1 -0.915115 0.403187 0.002267 0.038235 0.399738 0.907994 -0.125523 -0.02164 -0.052668 -0.113962 -0.992088 -0.002127 0 0 0 1 -0.907934 0.413755 -0.066802 0.038235 0.418828 0.901595 -0.108211 -0.02164 0.015455 -0.126227 -0.991881 -0.002127 0 0 0 1 -0.905678 0.415749 -0.083066 0.038235 0.422781 0.900283 -0.10366 -0.02164 0.031687 -0.129002 -0.991138 -0.002127 0 0 0 1 -0.909092 0.412582 -0.057688 0.038235 0.416546 0.902353 -0.110664 -0.02164 0.006397 -0.124634 -0.992182 -0.002127 0 0 0 1 -0.913237 0.407156 -0.014864 0.038235 0.405808 0.905752 -0.122202 -0.02164 -0.036291 -0.117631 -0.992394 -0.002127 0 0 0 1 -0.915473 0.401124 0.031748 0.038235 0.393778 0.909338 -0.134324 -0.02164 -0.082751 -0.110468 -0.990429 -0.002127 0 0 0 1 -0.915513 0.396024 0.07071 0.038235 0.383471 0.912233 -0.144157 -0.02164 -0.121594 -0.104862 -0.987025 -0.002127 0 0 0 1 -0.914166 0.391558 0.104798 0.038235 0.374283 0.914674 -0.152588 -0.02164 -0.155603 -0.100267 -0.982718 -0.002127 0 0 0 1 -0.91195 0.387647 0.134452 0.038235 0.366133 0.916747 -0.159752 -0.02164 -0.185186 -0.096458 -0.977958 -0.002127 0 0 0 1 -0.910614 0.38585 0.147994 0.038235 0.362359 0.917681 -0.162964 -0.02164 -0.19869 -0.09477 -0.975469 -0.002127 0 0 0 1 -0.913376 0.389941 0.117006 0.038235 0.370939 0.915538 -0.155541 -0.02164 -0.167775 -0.098665 -0.980875 -0.002127 0 0 0 1 -0.916118 0.39962 0.032095 0.038235 0.392321 0.9101 -0.13342 -0.02164 -0.082527 -0.109637 -0.99054 -0.002127 0 0 0 1 -0.909943 0.410792 -0.057041 0.038235 0.414683 0.903336 -0.109644 -0.02164 0.006486 -0.123424 -0.992333 -0.002127 0 0 0 1 -0.905967 0.415505 -0.081105 0.038235 0.422302 0.900445 -0.104205 -0.02164 0.029733 -0.128658 -0.991243 -0.002127 0 0 0 1 -0.908786 0.412889 -0.060247 0.038235 0.417165 0.902156 -0.109943 -0.02164 0.008958 -0.125048 -0.99211 -0.002127 0 0 0 1 -0.912533 0.408302 -0.023951 0.038235 0.408097 0.905049 -0.119763 -0.02164 -0.027222 -0.119062 -0.992514 -0.002127 0 0 0 1 -0.915213 0.40234 0.022512 0.038235 0.396199 0.90863 -0.131973 -0.02164 -0.073553 -0.111864 -0.990998 -0.002127 0 0 0 1 -0.915556 0.396387 0.068064 0.038235 0.384191 0.91203 -0.143521 -0.02164 -0.118967 -0.105252 -0.987304 -0.002127 0 0 0 1 -0.914266 0.391769 0.103118 0.038235 0.374733 0.91456 -0.152164 -0.02164 -0.153921 -0.100477 -0.982961 -0.002127 0 0 0 1 -0.912337 0.388216 0.13011 0.038235 0.367332 0.916449 -0.158705 -0.02164 -0.18085 -0.096998 -0.978716 -0.002127 0 0 0 1 -0.910809 0.386094 0.146146 0.038235 0.362875 0.917555 -0.162525 -0.02164 -0.196847 -0.094996 -0.975821 -0.002127 0 0 0 1 -0.910508 0.385719 0.14898 0.038235 0.362084 0.917748 -0.163197 -0.02164 -0.199674 -0.094648 -0.97528 -0.002127 0 0 0 1</float_array>
        <technique_common>
          <accessor source="#RightThumb1_matrix_RightThumb1_transform-output-array" count="24" stride="16">
            <param name="TRANSFORM" type="float4x4"/>
          </accessor>
        </technique_common>
      </source>
      <source id="RightThumb1_matrix_RightThumb1_transform-interpolations">
        <Name_array id="RightThumb1_matrix_RightThumb1_transform-interpolations-array" count="24">LINEAR LINEAR LINEAR LINEAR LINEAR LINEAR LINEAR LINEAR LINEAR LINEAR LINEAR LINEAR LINEAR LINEAR LINEAR LINEAR LINEAR LINEAR LINEAR LINEAR LINEAR LINEAR LINEAR LINEAR</Name_array>
        <technique_common>
          <accessor source="#RightThumb1_matrix_RightThumb1_transform-interpolations-array" count="24" stride="1">
            <param name="INTERPOLATION" type="Name"/>
          </accessor>
        </technique_common>
      </source>
      <sampler id="RightThumb1_matrix_RightThumb1_transform-sampler">
        <input semantic="INPUT" source="#RightThumb1_matrix_RightThumb1_transform-input"/>
        <input semantic="OUTPUT" source="#RightThumb1_matrix_RightThumb1_transform-output"/>
        <input semantic="INTERPOLATION" source="#RightThumb1_matrix_RightThumb1_transform-interpolations"/>
      </sampler>
      <channel source="#RightThumb1_matrix_RightThumb1_transform-sampler" target="RightThumb1/transform"/>
    </animation>
    <animation id="RightThumb2_matrix">
      <source id="RightThumb2_matrix_RightThumb2_transform-input">
        <float_array id="RightThumb2_matrix_RightThumb2_transform-input-array" count="24">0 0.041666 0.083333 0.125 0.166667 0.208333 0.25 0.291667 0.333333 0.375 0.416667 0.458333 0.5 0.541667 0.583333 0.625 0.666667 0.708333 0.75 0.791667 0.833333 0.875 0.916667 0.958333</float_array>
        <technique_common>
          <accessor source="#RightThumb2_matrix_RightThumb2_transform-input-array" count="24" stride="1">
            <param name="TIME" type="float"/>
          </accessor>
        </technique_common>
        <technique profile="MAYA">
          <pre_infinity>CONSTANT</pre_infinity>
          <post_infinity>CONSTANT</post_infinity>
        </technique>
      </source>
      <source id="RightThumb2_matrix_RightThumb2_transform-output">
        <float_array id="RightThumb2_matrix_RightThumb2_transform-output-array" count="384">0.235193 0.247028 -0.940033 -0.025687 0.419652 0.846559 0.32746 -0.021903 0.876685 -0.471503 0.095438 0.017372 0 0 0 1 0.235193 0.261501 -0.93611 -0.025687 0.419652 0.841406 0.340481 -0.021903 0.876685 -0.472919 0.088152 0.017372 0 0 0 1 0.235193 0.288061 -0.928281 -0.025687 0.419652 0.831366 0.364312 -0.021903 0.876685 -0.475239 0.074645 0.017372 0 0 0 1 0.235193 0.310496 -0.921019 -0.025687 0.419652 0.822283 0.384373 -0.021903 0.876685 -0.47691 0.063093 0.017372 0 0 0 1 0.235193 0.315247 -0.919404 -0.025687 0.419652 0.820288 0.388613 -0.021903 0.876685 -0.477229 0.060631 0.017372 0 0 0 1 0.235193 0.307839 -0.921911 -0.025687 0.419652 0.823388 0.382001 -0.021903 0.876685 -0.476726 0.064468 0.017372 0 0 0 1 0.235193 0.295335 -0.925993 -0.025687 0.419652 0.828482 0.370823 -0.021903 0.876685 -0.475809 0.070914 0.017372 0 0 0 1 0.235193 0.281699 -0.930232 -0.025687 0.419652 0.833841 0.358611 -0.021903 0.876685 -0.474716 0.077897 0.017372 0 0 0 1 0.235193 0.270256 -0.93362 -0.025687 0.419652 0.838181 0.348346 -0.021903 0.876685 -0.473724 0.083719 0.017372 0 0 0 1 0.235193 0.260195 -0.936474 -0.025687 0.419652 0.841881 0.339307 -0.021903 0.876685 -0.472796 0.088812 0.017372 0 0 0 1 0.235193 0.251396 -0.938874 -0.025687 0.419652 0.845028 0.331392 -0.021903 0.876685 -0.471942 0.093245 0.017372 0 0 0 1 0.235193 0.247361 -0.939945 -0.025687 0.419652 0.846443 0.32776 -0.021903 0.876685 -0.471537 0.09527 0.017372 0 0 0 1 0.235193 0.256579 -0.937471 -0.025687 0.419652 0.843184 0.336056 -0.021903 0.876685 -0.47245 0.090636 0.017372 0 0 0 1 0.235193 0.279726 -0.930827 -0.025687 0.419652 0.834599 0.356843 -0.021903 0.876685 -0.47455 0.078903 0.017372 0 0 0 1 0.235193 0.305572 -0.922665 -0.025687 0.419652 0.824325 0.379975 -0.021903 0.876685 -0.476566 0.06564 0.017372 0 0 0 1 0.235193 0.314674 -0.9196 -0.025687 0.419652 0.82053 0.388102 -0.021903 0.876685 -0.477191 0.060928 0.017372 0 0 0 1 0.235193 0.308588 -0.921661 -0.025687 0.419652 0.823077 0.382669 -0.021903 0.876685 -0.476778 0.064081 0.017372 0 0 0 1 0.235193 0.297991 -0.925141 -0.025687 0.419652 0.827415 0.373199 -0.021903 0.876685 -0.476011 0.069548 0.017372 0 0 0 1 0.235193 0.284403 -0.929408 -0.025687 0.419652 0.832794 0.361035 -0.021903 0.876685 -0.474941 0.076516 0.017372 0 0 0 1 0.235193 0.271033 -0.933395 -0.025687 0.419652 0.837891 0.349044 -0.021903 0.876685 -0.473794 0.083325 0.017372 0 0 0 1 0.235193 0.260692 -0.936336 -0.025687 0.419652 0.8417 0.339754 -0.021903 0.876685 -0.472843 0.088561 0.017372 0 0 0 1 0.235193 0.252688 -0.938528 -0.025687 0.419652 0.844571 0.332555 -0.021903 0.876685 -0.47207 0.092595 0.017372 0 0 0 1 0.235193 0.247912 -0.9398 -0.025687 0.419652 0.84625 0.328256 -0.021903 0.876685 -0.471593 0.094994 0.017372 0 0 0 1 0.235193 0.247067 -0.940023 -0.025687 0.419652 0.846545 0.327495 -0.021903 0.876685 -0.471507 0.095418 0.017372 0 0 0 1</float_array>
        <technique_common>
          <accessor source="#RightThumb2_matrix_RightThumb2_transform-output-array" count="24" stride="16">
            <param name="TRANSFORM" type="float4x4"/>
          </accessor>
        </technique_common>
      </source>
      <source id="RightThumb2_matrix_RightThumb2_transform-interpolations">
        <Name_array id="RightThumb2_matrix_RightThumb2_transform-interpolations-array" count="24">LINEAR LINEAR LINEAR LINEAR LINEAR LINEAR LINEAR LINEAR LINEAR LINEAR LINEAR LINEAR LINEAR LINEAR LINEAR LINEAR LINEAR LINEAR LINEAR LINEAR LINEAR LINEAR LINEAR LINEAR</Name_array>
        <technique_common>
          <accessor source="#RightThumb2_matrix_RightThumb2_transform-interpolations-array" count="24" stride="1">
            <param name="INTERPOLATION" type="Name"/>
          </accessor>
        </technique_common>
      </source>
      <sampler id="RightThumb2_matrix_RightThumb2_transform-sampler">
        <input semantic="INPUT" source="#RightThumb2_matrix_RightThumb2_transform-input"/>
        <input semantic="OUTPUT" source="#RightThumb2_matrix_RightThumb2_transform-output"/>
        <input semantic="INTERPOLATION" source="#RightThumb2_matrix_RightThumb2_transform-interpolations"/>
      </sampler>
      <channel source="#RightThumb2_matrix_RightThumb2_transform-sampler" target="RightThumb2/transform"/>
    </animation>
    <animation id="RightThumb3_matrix">
      <source id="RightThumb3_matrix_RightThumb3_transform-input">
        <float_array id="RightThumb3_matrix_RightThumb3_transform-input-array" count="24">0 0.041666 0.083333 0.125 0.166667 0.208333 0.25 0.291667 0.333333 0.375 0.416667 0.458333 0.5 0.541667 0.583333 0.625 0.666667 0.708333 0.75 0.791667 0.833333 0.875 0.916667 0.958333</float_array>
        <technique_common>
          <accessor source="#RightThumb3_matrix_RightThumb3_transform-input-array" count="24" stride="1">
            <param name="TIME" type="float"/>
          </accessor>
        </technique_common>
        <technique profile="MAYA">
          <pre_infinity>CONSTANT</pre_infinity>
          <post_infinity>CONSTANT</post_infinity>
        </technique>
      </source>
      <source id="RightThumb3_matrix_RightThumb3_transform-output">
        <float_array id="RightThumb3_matrix_RightThumb3_transform-output-array" count="384">0.999931 0.010356 0.0055 0.000002 -0.008963 0.977464 -0.210914 -0.034682 -0.00756 0.21085 0.977489 0 0 0 0 1 0.999931 0.010661 0.00488 0.000002 -0.008963 0.963355 -0.268081 -0.034682 -0.00756 0.268018 0.963384 0 0 0 0 1 0.999931 0.011173 0.003556 0.000002 -0.008963 0.923893 -0.382547 -0.034682 -0.00756 0.382489 0.923929 0 0 0 0 1 0.999931 0.011474 0.002417 0.000002 -0.008963 0.880845 -0.473321 -0.034682 -0.00756 0.473267 0.880886 0 0 0 0 1 0.999931 0.011514 0.002218 0.000002 -0.008963 0.872532 -0.488476 -0.034682 -0.00756 0.488422 0.872575 0 0 0 0 1 0.999931 0.011435 0.002591 0.000002 -0.008963 0.88795 -0.459855 -0.034682 -0.00756 0.4598 0.88799 0 0 0 0 1 0.999931 0.011276 0.003213 0.000002 -0.008963 0.911788 -0.410564 -0.034682 -0.00756 0.410507 0.911826 0 0 0 0 1 0.999931 0.011065 0.003879 0.000002 -0.008963 0.934613 -0.355555 -0.034682 -0.00756 0.355496 0.934647 0 0 0 0 1 0.999931 0.010858 0.004426 0.000002 -0.008963 0.951181 -0.308506 -0.034682 -0.00756 0.308445 0.951212 0 0 0 0 1 0.999931 0.010653 0.004898 0.000002 -0.008963 0.963784 -0.266536 -0.034682 -0.00756 0.266474 0.963812 0 0 0 0 1 0.999931 0.010458 0.005302 0.000002 -0.008963 0.973281 -0.229444 -0.034682 -0.00756 0.229381 0.973307 0 0 0 0 1 0.999931 0.010364 0.005484 0.000002 -0.008963 0.977157 -0.212332 -0.034682 -0.00756 0.212268 0.977182 0 0 0 0 1 0.999931 0.010575 0.005065 0.000002 -0.008963 0.967858 -0.25134 -0.034682 -0.00756 0.251277 0.967885 0 0 0 0 1 0.999931 0.011066 0.003876 0.000002 -0.008963 0.934509 -0.355828 -0.034682 -0.00756 0.355768 0.934543 0 0 0 0 1 0.999931 0.011436 0.00259 0.000002 -0.008963 0.887896 -0.459957 -0.034682 -0.00756 0.459902 0.887937 0 0 0 0 1 0.999931 0.011508 0.002247 0.000002 -0.008963 0.873757 -0.486281 -0.034682 -0.00756 0.486227 0.8738 0 0 0 0 1 0.999931 0.011444 0.002554 0.000002 -0.008963 0.886434 -0.462769 -0.034682 -0.00756 0.462714 0.886475 0 0 0 0 1 0.999931 0.011313 0.003082 0.000002 -0.008963 0.906955 -0.421134 -0.034682 -0.00756 0.421077 0.906993 0 0 0 0 1 0.999931 0.01111 0.003748 0.000002 -0.008963 0.930352 -0.366559 -0.034682 -0.00756 0.3665 0.930387 0 0 0 0 1 0.999931 0.010873 0.004389 0.000002 -0.008963 0.950132 -0.311719 -0.034682 -0.00756 0.311658 0.950164 0 0 0 0 1 0.999931 0.010664 0.004874 0.000002 -0.008963 0.963203 -0.268629 -0.034682 -0.00756 0.268566 0.963231 0 0 0 0 1 0.999931 0.010488 0.005243 0.000002 -0.008963 0.971976 -0.234913 -0.034682 -0.00756 0.23485 0.972002 0 0 0 0 1 0.999931 0.010377 0.00546 0.000002 -0.008963 0.976645 -0.214674 -0.034682 -0.00756 0.21461 0.97667 0 0 0 0 1 0.999931 0.010356 0.005498 0.000002 -0.008963 0.977428 -0.21108 -0.034682 -0.00756 0.211016 0.977453 0 0 0 0 1</float_array>
        <technique_common>
          <accessor source="#RightThumb3_matrix_RightThumb3_transform-output-array" count="24" stride="16">
            <param name="TRANSFORM" type="float4x4"/>
          </accessor>
        </technique_common>
      </source>
      <source id="RightThumb3_matrix_RightThumb3_transform-interpolations">
        <Name_array id="RightThumb3_matrix_RightThumb3_transform-interpolations-array" count="24">LINEAR LINEAR LINEAR LINEAR LINEAR LINEAR LINEAR LINEAR LINEAR LINEAR LINEAR LINEAR LINEAR LINEAR LINEAR LINEAR LINEAR LINEAR LINEAR LINEAR LINEAR LINEAR LINEAR LINEAR</Name_array>
        <technique_common>
          <accessor source="#RightThumb3_matrix_RightThumb3_transform-interpolations-array" count="24" stride="1">
            <param name="INTERPOLATION" type="Name"/>
          </accessor>
        </technique_common>
      </source>
      <sampler id="RightThumb3_matrix_RightThumb3_transform-sampler">
        <input semantic="INPUT" source="#RightThumb3_matrix_RightThumb3_transform-input"/>
        <input semantic="OUTPUT" source="#RightThumb3_matrix_RightThumb3_transform-output"/>
        <input semantic="INTERPOLATION" source="#RightThumb3_matrix_RightThumb3_transform-interpolations"/>
      </sampler>
      <channel source="#RightThumb3_matrix_RightThumb3_transform-sampler" target="RightThumb3/transform"/>
    </animation>
    <animation id="RightForeArm_Helper1_matrix">
      <source id="RightForeArm_Helper1_matrix_RightForeArm_Helper1_transform-input">
        <float_array id="RightForeArm_Helper1_matrix_RightForeArm_Helper1_transform-input-array" count="24">0 0.041666 0.083333 0.125 0.166667 0.208333 0.25 0.291667 0.333333 0.375 0.416667 0.458333 0.5 0.541667 0.583333 0.625 0.666667 0.708333 0.75 0.791667 0.833333 0.875 0.916667 0.958333</float_array>
        <technique_common>
          <accessor source="#RightForeArm_Helper1_matrix_RightForeArm_Helper1_transform-input-array" count="24" stride="1">
            <param name="TIME" type="float"/>
          </accessor>
        </technique_common>
        <technique profile="MAYA">
          <pre_infinity>CONSTANT</pre_infinity>
          <post_infinity>CONSTANT</post_infinity>
        </technique>
      </source>
      <source id="RightForeArm_Helper1_matrix_RightForeArm_Helper1_transform-output">
        <float_array id="RightForeArm_Helper1_matrix_RightForeArm_Helper1_transform-output-array" count="384">0.819152 0 -0.573576 0 -0.000003 1 -0.000005 -0.078445 0.573576 0.000006 0.819152 0.000003 0 0 0 1 0.80737 -0.000000 -0.590044 0 -0.000002 1 -0.000004 -0.078445 0.590044 0.000005 0.80737 0.000003 0 0 0 1 0.804443 -0.000000 -0.59403 0 -0.000002 1 -0.000004 -0.078445 0.59403 0.000005 0.804443 0.000003 0 0 0 1 0.811203 0 -0.584765 0 -0.000002 1 -0.000004 -0.078445 0.584765 0.000005 0.811203 0.000003 0 0 0 1 0.824451 0 -0.565933 0 -0.000003 1 -0.000005 -0.078445 0.565933 0.000006 0.824451 0.000003 0 0 0 1 0.852162 0.000000 -0.523278 0 -0.000003 1 -0.000005 -0.078445 0.523278 0.000006 0.852162 0.000003 0 0 0 1 0.898718 0.000000 -0.438526 0 -0.000003 1 -0.000005 -0.078445 0.438526 0.000006 0.898718 0.000003 0 0 0 1 0.920997 0.000001 -0.389568 0 -0.000003 1 -0.000005 -0.078445 0.389568 0.000006 0.920997 0.000003 0 0 0 1 0.919256 0.000001 -0.39366 0 -0.000003 1 -0.000005 -0.078445 0.39366 0.000006 0.919256 0.000003 0 0 0 1 0.896957 0.000000 -0.442116 0 -0.000003 1 -0.000005 -0.078445 0.442116 0.000006 0.896957 0.000003 0 0 0 1 0.8514 0.000000 -0.524517 0 -0.000003 1 -0.000005 -0.078445 0.524517 0.000006 0.8514 0.000003 0 0 0 1 0.821499 0 -0.570209 0 -0.000003 1 -0.000005 -0.078445 0.570209 0.000006 0.821499 0.000003 0 0 0 1 0.808121 0 -0.589017 0 -0.000002 1 -0.000004 -0.078445 0.589017 0.000005 0.808121 0.000003 0 0 0 1 0.804467 -0.000000 -0.593997 0 -0.000002 1 -0.000004 -0.078445 0.593997 0.000005 0.804467 0.000003 0 0 0 1 0.809578 0 -0.587011 0 -0.000002 1 -0.000004 -0.078445 0.587011 0.000005 0.809578 0.000003 0 0 0 1 0.823922 0 -0.566703 0 -0.000003 1 -0.000005 -0.078445 0.566703 0.000006 0.823922 0.000003 0 0 0 1 0.850881 0.000000 -0.525358 0 -0.000003 1 -0.000005 -0.078445 0.525358 0.000006 0.850881 0.000003 0 0 0 1 0.891739 0.000000 -0.452549 0 -0.000003 1 -0.000005 -0.078445 0.452549 0.000006 0.891739 0.000003 0 0 0 1 0.917217 0.000001 -0.398388 0 -0.000003 1 -0.000005 -0.078445 0.398388 0.000006 0.917217 0.000003 0 0 0 1 0.919063 0.000001 -0.39411 0 -0.000003 1 -0.000005 -0.078445 0.39411 0.000006 0.919063 0.000003 0 0 0 1 0.898 0.000000 -0.439994 0 -0.000003 1 -0.000005 -0.078445 0.439994 0.000006 0.898 0.000003 0 0 0 1 0.859143 0.000000 -0.511734 0 -0.000003 1 -0.000005 -0.078445 0.511734 0.000006 0.859143 0.000003 0 0 0 1 0.827262 0 -0.561816 0 -0.000003 1 -0.000005 -0.078445 0.561816 0.000006 0.827262 0.000003 0 0 0 1 0.818825 0 -0.574042 0 -0.000002 1 -0.000004 -0.078445 0.574042 0.000005 0.818825 0.000003 0 0 0 1</float_array>
        <technique_common>
          <accessor source="#RightForeArm_Helper1_matrix_RightForeArm_Helper1_transform-output-array" count="24" stride="16">
            <param name="TRANSFORM" type="float4x4"/>
          </accessor>
        </technique_common>
      </source>
      <source id="RightForeArm_Helper1_matrix_RightForeArm_Helper1_transform-interpolations">
        <Name_array id="RightForeArm_Helper1_matrix_RightForeArm_Helper1_transform-interpolations-array" count="24">LINEAR LINEAR LINEAR LINEAR LINEAR LINEAR LINEAR LINEAR LINEAR LINEAR LINEAR LINEAR LINEAR LINEAR LINEAR LINEAR LINEAR LINEAR LINEAR LINEAR LINEAR LINEAR LINEAR LINEAR</Name_array>
        <technique_common>
          <accessor source="#RightForeArm_Helper1_matrix_RightForeArm_Helper1_transform-interpolations-array" count="24" stride="1">
            <param name="INTERPOLATION" type="Name"/>
          </accessor>
        </technique_common>
      </source>
      <sampler id="RightForeArm_Helper1_matrix_RightForeArm_Helper1_transform-sampler">
        <input semantic="INPUT" source="#RightForeArm_Helper1_matrix_RightForeArm_Helper1_transform-input"/>
        <input semantic="OUTPUT" source="#RightForeArm_Helper1_matrix_RightForeArm_Helper1_transform-output"/>
        <input semantic="INTERPOLATION" source="#RightForeArm_Helper1_matrix_RightForeArm_Helper1_transform-interpolations"/>
      </sampler>
      <channel source="#RightForeArm_Helper1_matrix_RightForeArm_Helper1_transform-sampler" target="RightForeArm_Helper1/transform"/>
    </animation>
    <animation id="RightForeArm_Helper2_matrix">
      <source id="RightForeArm_Helper2_matrix_RightForeArm_Helper2_transform-input">
        <float_array id="RightForeArm_Helper2_matrix_RightForeArm_Helper2_transform-input-array" count="24">0 0.041666 0.083333 0.125 0.166667 0.208333 0.25 0.291667 0.333333 0.375 0.416667 0.458333 0.5 0.541667 0.583333 0.625 0.666667 0.708333 0.75 0.791667 0.833333 0.875 0.916667 0.958333</float_array>
        <technique_common>
          <accessor source="#RightForeArm_Helper2_matrix_RightForeArm_Helper2_transform-input-array" count="24" stride="1">
            <param name="TIME" type="float"/>
          </accessor>
        </technique_common>
        <technique profile="MAYA">
          <pre_infinity>CONSTANT</pre_infinity>
          <post_infinity>CONSTANT</post_infinity>
        </technique>
      </source>
      <source id="RightForeArm_Helper2_matrix_RightForeArm_Helper2_transform-output">
        <float_array id="RightForeArm_Helper2_matrix_RightForeArm_Helper2_transform-output-array" count="384">0.819152 0 -0.573576 0 -0.000005 1 -0.000007 -0.15367 0.573576 0.000008 0.819152 0 0 0 0 1 0.80737 -0.000000 -0.590044 0 -0.000004 1 -0.000006 -0.15367 0.590044 0.000007 0.80737 0 0 0 0 1 0.804443 -0.000000 -0.59403 0 -0.000004 1 -0.000006 -0.15367 0.59403 0.000007 0.804443 0 0 0 0 1 0.811203 0 -0.584765 0 -0.000004 1 -0.000006 -0.15367 0.584765 0.000007 0.811203 0 0 0 0 1 0.824451 0 -0.565933 0 -0.000005 1 -0.000007 -0.15367 0.565933 0.000008 0.824451 0 0 0 0 1 0.852162 0.000000 -0.523278 0 -0.000005 1 -0.000007 -0.15367 0.523278 0.000008 0.852162 0 0 0 0 1 0.898718 0.000001 -0.438526 0 -0.000005 1 -0.000007 -0.15367 0.438526 0.000008 0.898718 0 0 0 0 1 0.920997 0.000001 -0.389568 0 -0.000005 1 -0.000008 -0.15367 0.389568 0.000009 0.920997 0 0 0 0 1 0.919256 0.000001 -0.39366 0 -0.000005 1 -0.000008 -0.15367 0.39366 0.000009 0.919256 0 0 0 0 1 0.896957 0.000001 -0.442116 0 -0.000005 1 -0.000007 -0.15367 0.442116 0.000008 0.896957 0 0 0 0 1 0.8514 0.000000 -0.524517 0 -0.000005 1 -0.000007 -0.15367 0.524517 0.000008 0.8514 0 0 0 0 1 0.821499 0 -0.570209 0 -0.000005 1 -0.000007 -0.15367 0.570209 0.000008 0.821499 0 0 0 0 1 0.808121 -0.000000 -0.589017 0 -0.000004 1 -0.000006 -0.15367 0.589017 0.000007 0.808121 0 0 0 0 1 0.804467 -0.000000 -0.593997 0 -0.000004 1 -0.000006 -0.15367 0.593997 0.000007 0.804467 0 0 0 0 1 0.809578 -0.000000 -0.587011 0 -0.000004 1 -0.000006 -0.15367 0.587011 0.000007 0.809578 0 0 0 0 1 0.823922 0 -0.566703 0 -0.000005 1 -0.000007 -0.15367 0.566703 0.000008 0.823922 0 0 0 0 1 0.850881 0.000000 -0.525358 0 -0.000005 1 -0.000007 -0.15367 0.525358 0.000008 0.850881 0 0 0 0 1 0.891739 0.000001 -0.452549 0 -0.000005 1 -0.000007 -0.15367 0.452549 0.000008 0.891739 0 0 0 0 1 0.917217 0.000001 -0.398388 0 -0.000005 1 -0.000008 -0.15367 0.398388 0.000009 0.917217 0 0 0 0 1 0.919063 0.000001 -0.39411 0 -0.000005 1 -0.000008 -0.15367 0.39411 0.000009 0.919063 0 0 0 0 1 0.898 0.000001 -0.439994 0 -0.000005 1 -0.000007 -0.15367 0.439994 0.000008 0.898 0 0 0 0 1 0.859143 0.000000 -0.511734 0 -0.000005 1 -0.000007 -0.15367 0.511734 0.000008 0.859143 0 0 0 0 1 0.827262 0 -0.561816 0 -0.000005 1 -0.000007 -0.15367 0.561816 0.000008 0.827262 0 0 0 0 1 0.818825 0 -0.574042 0 -0.000004 1 -0.000006 -0.15367 0.574042 0.000007 0.818825 0 0 0 0 1</float_array>
        <technique_common>
          <accessor source="#RightForeArm_Helper2_matrix_RightForeArm_Helper2_transform-output-array" count="24" stride="16">
            <param name="TRANSFORM" type="float4x4"/>
          </accessor>
        </technique_common>
      </source>
      <source id="RightForeArm_Helper2_matrix_RightForeArm_Helper2_transform-interpolations">
        <Name_array id="RightForeArm_Helper2_matrix_RightForeArm_Helper2_transform-interpolations-array" count="24">LINEAR LINEAR LINEAR LINEAR LINEAR LINEAR LINEAR LINEAR LINEAR LINEAR LINEAR LINEAR LINEAR LINEAR LINEAR LINEAR LINEAR LINEAR LINEAR LINEAR LINEAR LINEAR LINEAR LINEAR</Name_array>
        <technique_common>
          <accessor source="#RightForeArm_Helper2_matrix_RightForeArm_Helper2_transform-interpolations-array" count="24" stride="1">
            <param name="INTERPOLATION" type="Name"/>
          </accessor>
        </technique_common>
      </source>
      <sampler id="RightForeArm_Helper2_matrix_RightForeArm_Helper2_transform-sampler">
        <input semantic="INPUT" source="#RightForeArm_Helper2_matrix_RightForeArm_Helper2_transform-input"/>
        <input semantic="OUTPUT" source="#RightForeArm_Helper2_matrix_RightForeArm_Helper2_transform-output"/>
        <input semantic="INTERPOLATION" source="#RightForeArm_Helper2_matrix_RightForeArm_Helper2_transform-interpolations"/>
      </sampler>
      <channel source="#RightForeArm_Helper2_matrix_RightForeArm_Helper2_transform-sampler" target="RightForeArm_Helper2/transform"/>
    </animation>
    <animation id="RightArm_Helper2_matrix">
      <source id="RightArm_Helper2_matrix_RightArm_Helper2_transform-input">
        <float_array id="RightArm_Helper2_matrix_RightArm_Helper2_transform-input-array" count="24">0 0.041666 0.083333 0.125 0.166667 0.208333 0.25 0.291667 0.333333 0.375 0.416667 0.458333 0.5 0.541667 0.583333 0.625 0.666667 0.708333 0.75 0.791667 0.833333 0.875 0.916667 0.958333</float_array>
        <technique_common>
          <accessor source="#RightArm_Helper2_matrix_RightArm_Helper2_transform-input-array" count="24" stride="1">
            <param name="TIME" type="float"/>
          </accessor>
        </technique_common>
        <technique profile="MAYA">
          <pre_infinity>CONSTANT</pre_infinity>
          <post_infinity>CONSTANT</post_infinity>
        </technique>
      </source>
      <source id="RightArm_Helper2_matrix_RightArm_Helper2_transform-output">
        <float_array id="RightArm_Helper2_matrix_RightArm_Helper2_transform-output-array" count="384">0.862426 -0.377185 0.337568 0 0.428545 0.89899 -0.09036 -0.188543 -0.269387 0.222593 0.936954 -0.000002 0 0 0 1 0.864378 -0.375557 0.334375 0 0.428821 0.897823 -0.100128 -0.188543 -0.262605 0.229937 0.937106 -0.000002 0 0 0 1 0.870044 -0.371308 0.324273 0 0.428906 0.894431 -0.126615 -0.188543 -0.243026 0.249245 0.937452 -0.000002 0 0 0 1 0.877496 -0.366545 0.309264 0 0.427668 0.889887 -0.158742 -0.188543 -0.217023 0.271559 0.937634 -0.000002 0 0 0 1 0.883875 -0.362824 0.295165 0 0.425604 0.885617 -0.185855 -0.188543 -0.19397 0.289897 0.937196 -0.000002 0 0 0 1 0.888286 -0.359744 0.285538 0 0.424417 0.880554 -0.210934 -0.188543 -0.175549 0.308558 0.934866 -0.000002 0 0 0 1 0.88868 -0.356506 0.288359 0 0.427708 0.871175 -0.241076 -0.188543 -0.165266 0.337574 0.926678 -0.000002 0 0 0 1 0.879057 -0.351568 0.321959 0 0.44192 0.854256 -0.273772 -0.188543 -0.178785 0.382943 0.906306 -0.000002 0 0 0 1 0.863729 -0.343419 0.368831 0 0.460431 0.835284 -0.300504 -0.188543 -0.204879 0.429376 0.87958 -0.000002 0 0 0 1 0.846358 -0.331367 0.416982 0 0.478369 0.817159 -0.321578 -0.188543 -0.234179 0.471642 0.850126 -0.000002 0 0 0 1 0.830124 -0.316405 0.459109 0 0.492272 0.802564 -0.336984 -0.188543 -0.26184 0.505746 0.821986 -0.000002 0 0 0 1 0.825076 -0.307075 0.474293 0 0.494771 0.798025 -0.34403 -0.188543 -0.272854 0.518518 0.810364 -0.000002 0 0 0 1 0.835556 -0.307334 0.455402 0 0.48338 0.805209 -0.343483 -0.188543 -0.261129 0.507133 0.821357 -0.000002 0 0 0 1 0.858097 -0.310766 0.408771 0 0.458157 0.82283 -0.336215 -0.188543 -0.231864 0.475787 0.848449 -0.000002 0 0 0 1 0.887578 -0.313818 0.337229 0 0.419345 0.853431 -0.309522 -0.188543 -0.190667 0.416142 0.889085 -0.000002 0 0 0 1 0.911792 -0.310165 0.269134 0 0.380279 0.885099 -0.268302 -0.188543 -0.154992 0.346982 0.924976 -0.000002 0 0 0 1 0.920608 -0.30388 0.245227 0 0.359554 0.90464 -0.228792 -0.188543 -0.152316 0.298801 0.942082 -0.000002 0 0 0 1 0.921481 -0.304279 0.241427 0 0.354041 0.913633 -0.199821 -0.188543 -0.159773 0.269607 0.949623 -0.000002 0 0 0 1 0.91372 -0.314874 0.256846 0 0.364014 0.91518 -0.173025 -0.188543 -0.180578 0.251593 0.950838 -0.000002 0 0 0 1 0.899822 -0.332413 0.282528 0 0.382532 0.912549 -0.144649 -0.188543 -0.209737 0.238236 0.94829 -0.000002 0 0 0 1 0.885842 -0.349441 0.305244 0 0.399469 0.909038 -0.118631 -0.188543 -0.236023 0.227025 0.944856 -0.000002 0 0 0 1 0.87347 -0.364487 0.322799 0 0.41353 0.905338 -0.096722 -0.188543 -0.256987 0.217972 0.941513 -0.000002 0 0 0 1 0.864189 -0.375294 0.33516 0 0.425829 0.900333 -0.08983 -0.188543 -0.268041 0.220352 0.937869 -0.000002 0 0 0 1 0.862352 -0.37725 0.337684 0 0.428738 0.898864 -0.090696 -0.188543 -0.269316 0.222991 0.93688 -0.000002 0 0 0 1</float_array>
        <technique_common>
          <accessor source="#RightArm_Helper2_matrix_RightArm_Helper2_transform-output-array" count="24" stride="16">
            <param name="TRANSFORM" type="float4x4"/>
          </accessor>
        </technique_common>
      </source>
      <source id="RightArm_Helper2_matrix_RightArm_Helper2_transform-interpolations">
        <Name_array id="RightArm_Helper2_matrix_RightArm_Helper2_transform-interpolations-array" count="24">LINEAR LINEAR LINEAR LINEAR LINEAR LINEAR LINEAR LINEAR LINEAR LINEAR LINEAR LINEAR LINEAR LINEAR LINEAR LINEAR LINEAR LINEAR LINEAR LINEAR LINEAR LINEAR LINEAR LINEAR</Name_array>
        <technique_common>
          <accessor source="#RightArm_Helper2_matrix_RightArm_Helper2_transform-interpolations-array" count="24" stride="1">
            <param name="INTERPOLATION" type="Name"/>
          </accessor>
        </technique_common>
      </source>
      <sampler id="RightArm_Helper2_matrix_RightArm_Helper2_transform-sampler">
        <input semantic="INPUT" source="#RightArm_Helper2_matrix_RightArm_Helper2_transform-input"/>
        <input semantic="OUTPUT" source="#RightArm_Helper2_matrix_RightArm_Helper2_transform-output"/>
        <input semantic="INTERPOLATION" source="#RightArm_Helper2_matrix_RightArm_Helper2_transform-interpolations"/>
      </sampler>
      <channel source="#RightArm_Helper2_matrix_RightArm_Helper2_transform-sampler" target="RightArm_Helper2/transform"/>
    </animation>
    <animation id="RightArm_Helper1_matrix">
      <source id="RightArm_Helper1_matrix_RightArm_Helper1_transform-input">
        <float_array id="RightArm_Helper1_matrix_RightArm_Helper1_transform-input-array" count="24">0 0.041666 0.083333 0.125 0.166667 0.208333 0.25 0.291667 0.333333 0.375 0.416667 0.458333 0.5 0.541667 0.583333 0.625 0.666667 0.708333 0.75 0.791667 0.833333 0.875 0.916667 0.958333</float_array>
        <technique_common>
          <accessor source="#RightArm_Helper1_matrix_RightArm_Helper1_transform-input-array" count="24" stride="1">
            <param name="TIME" type="float"/>
          </accessor>
        </technique_common>
        <technique profile="MAYA">
          <pre_infinity>CONSTANT</pre_infinity>
          <post_infinity>CONSTANT</post_infinity>
        </technique>
      </source>
      <source id="RightArm_Helper1_matrix_RightArm_Helper1_transform-output">
        <float_array id="RightArm_Helper1_matrix_RightArm_Helper1_transform-output-array" count="384">0.736071 -0.377185 0.562078 0 0.436857 0.89899 0.031185 -0.188543 -0.517065 0.222593 0.826496 -0.000002 0 0 0 1 0.742594 -0.375541 0.554548 0 0.439935 0.89783 0.018898 -0.188543 -0.504988 0.229931 0.831937 -0.000002 0 0 0 1 0.761341 -0.371256 0.531535 0 0.446893 0.894455 -0.015361 -0.188543 -0.469731 0.249234 0.846897 -0.000002 0 0 0 1 0.785635 -0.366513 0.498443 0 0.452368 0.8899 -0.058653 -0.188543 -0.422067 0.27156 0.864936 -0.000002 0 0 0 1 0.80615 -0.362823 0.46742 0 0.454349 0.885617 -0.096166 -0.188543 -0.379064 0.289897 0.878789 -0.000002 0 0 0 1 0.820764 -0.359723 0.443787 0 0.455912 0.880564 -0.129423 -0.188543 -0.344227 0.308553 0.886737 -0.000002 0 0 0 1 0.825319 -0.356484 0.437914 0 0.462974 0.871188 -0.163356 -0.188543 -0.323272 0.337563 0.884051 -0.000002 0 0 0 1 0.810635 -0.351569 0.468264 0 0.482408 0.854249 -0.193756 -0.188543 -0.331896 0.382959 0.862083 -0.000002 0 0 0 1 0.786091 -0.343418 0.513931 0 0.505815 0.835284 -0.215525 -0.188543 -0.355263 0.429376 0.830315 -0.000002 0 0 0 1 0.758457 -0.331376 0.561189 0 0.528059 0.817138 -0.231168 -0.188543 -0.381966 0.471672 0.79475 -0.000002 0 0 0 1 0.732826 -0.316411 0.602371 0 0.54535 0.802545 -0.241898 -0.188543 -0.406891 0.505771 0.76068 -0.000002 0 0 0 1 0.724384 -0.307075 0.617231 0 0.549361 0.798024 -0.24771 -0.188543 -0.4165 0.518519 0.74677 -0.000002 0 0 0 1 0.739565 -0.307334 0.598824 0 0.537468 0.805209 -0.250532 -0.188543 -0.405181 0.507133 0.760686 -0.000002 0 0 0 1 0.773248 -0.310272 0.55301 0 0.509699 0.822933 -0.250974 -0.188543 -0.37722 0.475933 0.794476 -0.000002 0 0 0 1 0.818478 -0.313895 0.481212 0 0.465354 0.853406 -0.234826 -0.188543 -0.336959 0.416133 0.844566 -0.000002 0 0 0 1 0.856637 -0.31067 0.411895 0 0.41883 0.884948 -0.20359 -0.188543 -0.301256 0.346916 0.888197 -0.000002 0 0 0 1 0.870138 -0.30388 0.387966 0 0.391258 0.90464 -0.168946 -0.188543 -0.29963 0.298801 0.906057 -0.000002 0 0 0 1 0.869135 -0.304258 0.389914 0 0.382099 0.913641 -0.138781 -0.188543 -0.314016 0.269605 0.910333 -0.000002 0 0 0 1 0.850259 -0.314835 0.421829 0 0.389759 0.915188 -0.102558 -0.188543 -0.353764 0.251612 0.900856 -0.000002 0 0 0 1 0.818091 -0.332394 0.469299 0 0.404672 0.912551 -0.05909 -0.188543 -0.408617 0.238254 0.88106 -0.000002 0 0 0 1 0.785975 -0.349441 0.510034 0 0.416293 0.909038 -0.018705 -0.188543 -0.457103 0.227025 0.859951 -0.000002 0 0 0 1 0.758157 -0.364485 0.540693 0 0.424423 0.905337 0.015171 -0.188543 -0.495039 0.21798 0.841083 -0.000002 0 0 0 1 0.739318 -0.375298 0.559071 0 0.434156 0.900329 0.030252 -0.188543 -0.514702 0.220358 0.828568 -0.000002 0 0 0 1 0.735996 -0.37725 0.562133 0 0.437137 0.898864 0.030893 -0.188543 -0.516936 0.222991 0.826469 -0.000002 0 0 0 1</float_array>
        <technique_common>
          <accessor source="#RightArm_Helper1_matrix_RightArm_Helper1_transform-output-array" count="24" stride="16">
            <param name="TRANSFORM" type="float4x4"/>
          </accessor>
        </technique_common>
      </source>
      <source id="RightArm_Helper1_matrix_RightArm_Helper1_transform-interpolations">
        <Name_array id="RightArm_Helper1_matrix_RightArm_Helper1_transform-interpolations-array" count="24">LINEAR LINEAR LINEAR LINEAR LINEAR LINEAR LINEAR LINEAR LINEAR LINEAR LINEAR LINEAR LINEAR LINEAR LINEAR LINEAR LINEAR LINEAR LINEAR LINEAR LINEAR LINEAR LINEAR LINEAR</Name_array>
        <technique_common>
          <accessor source="#RightArm_Helper1_matrix_RightArm_Helper1_transform-interpolations-array" count="24" stride="1">
            <param name="INTERPOLATION" type="Name"/>
          </accessor>
        </technique_common>
      </source>
      <sampler id="RightArm_Helper1_matrix_RightArm_Helper1_transform-sampler">
        <input semantic="INPUT" source="#RightArm_Helper1_matrix_RightArm_Helper1_transform-input"/>
        <input semantic="OUTPUT" source="#RightArm_Helper1_matrix_RightArm_Helper1_transform-output"/>
        <input semantic="INTERPOLATION" source="#RightArm_Helper1_matrix_RightArm_Helper1_transform-interpolations"/>
      </sampler>
      <channel source="#RightArm_Helper1_matrix_RightArm_Helper1_transform-sampler" target="RightArm_Helper1/transform"/>
    </animation>
  </library_animations>
  <library_physics_scenes>
    <physics_scene id="MayaNativePhysicsScene">
      <technique_common>
        <gravity>0 -980 0</gravity>
        <time_step>0.083</time_step>
      </technique_common>
    </physics_scene>
  </library_physics_scenes>
  <library_lights>
    <light id="pointLightShape1-lib" name="pointLightShape1">
      <technique_common>
        <point>
          <color>1 1 1</color>
          <constant_attenuation>1</constant_attenuation>
          <linear_attenuation>0</linear_attenuation>
          <quadratic_attenuation>0</quadratic_attenuation>
        </point>
      </technique_common>
      <extra>
        <technique profile="FCOLLADA">
          <intensity>0.8</intensity>
          <target_default_dist>240</target_default_dist>
        </technique>
      </extra>
    </light>
    <light id="ambientLightShape1-lib" name="ambientLightShape1">
      <technique_common>
        <ambient>
          <color>1 1 1</color>
        </ambient>
      </technique_common>
      <extra>
        <technique profile="MAYA">
          <ambient_shade>0.33058</ambient_shade>
          <ambient_shade>0.33058</ambient_shade>
        </technique>
        <technique profile="FCOLLADA">
          <intensity>4.463</intensity>
          <target_default_dist>240</target_default_dist>
        </technique>
      </extra>
    </light>
  </library_lights>
  <library_images>
    <image id="file69" name="file69">
      <init_from>file:///D:/home_character/Male01_legs_jeans_regular_C.dds</init_from>
    </image>
    <image id="file81" name="file81">
      <init_from>file:///D:/home_character/male01_tshirt_generic_C.dds</init_from>
    </image>
    <image id="imported_file76" name="imported_file76">
      <init_from>file:///D:/home_character/male01_body_Cauc_C.dds</init_from>
    </image>
    <image id="file76" name="file76">
      <init_from>file:///D:/home_character/male01_feet_shoes_generic_C.dds</init_from>
    </image>
    <image id="file72" name="file72">
      <init_from>file:///D:/home_character/male01_head_Cauc_C.dds</init_from>
    </image>
  </library_images>
  <library_materials>
    <material id="imported_lambert2SG1" name="imported_lambert2SG1">
      <instance_effect url="#imported_lambert2SG1-fx"/>
    </material>
    <material id="initialShadingGroup2" name="initialShadingGroup2">
      <instance_effect url="#initialShadingGroup2-fx"/>
    </material>
    <material id="imported_lambert4" name="imported_lambert4">
      <instance_effect url="#imported_lambert4-fx"/>
    </material>
    <material id="imported_lambert2SG3" name="imported_lambert2SG3">
      <instance_effect url="#imported_lambert2SG3-fx"/>
    </material>
    <material id="imported_lambert14" name="imported_lambert14">
      <instance_effect url="#imported_lambert14-fx"/>
    </material>
    <material id="imported_lambert15" name="imported_lambert15">
      <instance_effect url="#imported_lambert15-fx"/>
    </material>
  </library_materials>
  <library_effects>
    <effect id="imported_lambert2SG1-fx">
      <profile_COMMON>
        <newparam sid="file69-surface">
          <surface type="2D">
            <init_from>file69</init_from>
            <format>A8R8G8B8</format>
          </surface>
        </newparam>
        <newparam sid="file69-sampler">
          <sampler2D>
            <source>file69-surface</source>
            <minfilter>LINEAR_MIPMAP_LINEAR</minfilter>
            <magfilter>LINEAR</magfilter>
          </sampler2D>
        </newparam>
        <technique sid="common">
          <lambert>
            <emission>
              <color>0 0 0 1</color>
            </emission>
            <ambient>
              <color>0 0 0 1</color>
            </ambient>
            <diffuse>
              <texture texture="file69-sampler" texcoord="TEX0">
                <extra>
                  <technique profile="MAYA">
                    <wrapU>1</wrapU>
                    <wrapV>1</wrapV>
                    <mirrorU>0</mirrorU>
                    <mirrorV>0</mirrorV>
                    <coverageU>1</coverageU>
                    <coverageV>1</coverageV>
                    <translateFrameU>48</translateFrameU>
                    <translateFrameV>48</translateFrameV>
                    <rotateFrame>48</rotateFrame>
                    <stagger>0</stagger>
                    <fast>0</fast>
                    <repeatU>1</repeatU>
                    <repeatV>1</repeatV>
                    <offsetU>48</offsetU>
                    <offsetV>48</offsetV>
                    <rotateUV>48</rotateUV>
                    <noiseU>48</noiseU>
                    <noiseV>48</noiseV>
                    <blend_mode>NONE</blend_mode>
                  </technique>
                </extra>
              </texture>
            </diffuse>
            <transparent opaque="A_ONE">
              <color>0 0 0 1</color>
            </transparent>
            <transparency>
              <float>1</float>
            </transparency>
            <index_of_refraction>
              <float>1</float>
            </index_of_refraction>
          </lambert>
          <extra>
            <technique profile="FCOLLADA"/>
          </extra>
        </technique>
      </profile_COMMON>
    </effect>
    <effect id="initialShadingGroup2-fx">
      <profile_COMMON>
        <newparam sid="file81-surface">
          <surface type="2D">
            <init_from>file81</init_from>
            <format>A8R8G8B8</format>
          </surface>
        </newparam>
        <newparam sid="file81-sampler">
          <sampler2D>
            <source>file81-surface</source>
            <minfilter>LINEAR_MIPMAP_LINEAR</minfilter>
            <magfilter>LINEAR</magfilter>
          </sampler2D>
        </newparam>
        <technique sid="common">
          <lambert>
            <emission>
              <color>0 0 0 1</color>
            </emission>
            <ambient>
              <color>0 0 0 1</color>
            </ambient>
            <diffuse>
              <texture texture="file81-sampler" texcoord="TEX0">
                <extra>
                  <technique profile="MAYA">
                    <wrapU>1</wrapU>
                    <wrapV>1</wrapV>
                    <mirrorU>0</mirrorU>
                    <mirrorV>0</mirrorV>
                    <coverageU>1</coverageU>
                    <coverageV>1</coverageV>
                    <translateFrameU>48</translateFrameU>
                    <translateFrameV>48</translateFrameV>
                    <rotateFrame>48</rotateFrame>
                    <stagger>0</stagger>
                    <fast>0</fast>
                    <repeatU>1</repeatU>
                    <repeatV>1</repeatV>
                    <offsetU>48</offsetU>
                    <offsetV>48</offsetV>
                    <rotateUV>48</rotateUV>
                    <noiseU>48</noiseU>
                    <noiseV>48</noiseV>
                    <blend_mode>NONE</blend_mode>
                  </technique>
                </extra>
              </texture>
            </diffuse>
            <transparent opaque="A_ONE">
              <color>0 0 0 1</color>
            </transparent>
            <transparency>
              <float>1</float>
            </transparency>
            <index_of_refraction>
              <float>1</float>
            </index_of_refraction>
          </lambert>
          <extra>
            <technique profile="FCOLLADA"/>
          </extra>
        </technique>
      </profile_COMMON>
    </effect>
    <effect id="imported_lambert4-fx">
      <profile_COMMON>
        <newparam sid="imported_file76-surface">
          <surface type="2D">
            <init_from>imported_file76</init_from>
            <format>A8R8G8B8</format>
          </surface>
        </newparam>
        <newparam sid="imported_file76-sampler">
          <sampler2D>
            <source>imported_file76-surface</source>
            <minfilter>LINEAR_MIPMAP_LINEAR</minfilter>
            <magfilter>LINEAR</magfilter>
          </sampler2D>
        </newparam>
        <technique sid="common">
          <lambert>
            <emission>
              <color>0 0 0 1</color>
            </emission>
            <ambient>
              <color>0 0 0 1</color>
            </ambient>
            <diffuse>
              <texture texture="imported_file76-sampler" texcoord="TEX0">
                <extra>
                  <technique profile="MAYA">
                    <wrapU>1</wrapU>
                    <wrapV>1</wrapV>
                    <mirrorU>0</mirrorU>
                    <mirrorV>0</mirrorV>
                    <coverageU>1</coverageU>
                    <coverageV>1</coverageV>
                    <translateFrameU>48</translateFrameU>
                    <translateFrameV>48</translateFrameV>
                    <rotateFrame>48</rotateFrame>
                    <stagger>0</stagger>
                    <fast>0</fast>
                    <repeatU>1</repeatU>
                    <repeatV>1</repeatV>
                    <offsetU>48</offsetU>
                    <offsetV>48</offsetV>
                    <rotateUV>48</rotateUV>
                    <noiseU>48</noiseU>
                    <noiseV>48</noiseV>
                    <blend_mode>NONE</blend_mode>
                  </technique>
                </extra>
              </texture>
            </diffuse>
            <transparent opaque="A_ONE">
              <color>0 0 0 1</color>
            </transparent>
            <transparency>
              <float>1</float>
            </transparency>
            <index_of_refraction>
              <float>1</float>
            </index_of_refraction>
          </lambert>
          <extra>
            <technique profile="FCOLLADA"/>
          </extra>
        </technique>
      </profile_COMMON>
    </effect>
    <effect id="imported_lambert2SG3-fx">
      <profile_COMMON>
        <newparam sid="file76-surface">
          <surface type="2D">
            <init_from>file76</init_from>
            <format>A8R8G8B8</format>
          </surface>
        </newparam>
        <newparam sid="file76-sampler">
          <sampler2D>
            <source>file76-surface</source>
            <minfilter>LINEAR_MIPMAP_LINEAR</minfilter>
            <magfilter>LINEAR</magfilter>
          </sampler2D>
        </newparam>
        <technique sid="common">
          <lambert>
            <emission>
              <color>0 0 0 1</color>
            </emission>
            <ambient>
              <color>0 0 0 1</color>
            </ambient>
            <diffuse>
              <texture texture="file76-sampler" texcoord="TEX0">
                <extra>
                  <technique profile="MAYA">
                    <wrapU>1</wrapU>
                    <wrapV>1</wrapV>
                    <mirrorU>0</mirrorU>
                    <mirrorV>0</mirrorV>
                    <coverageU>1</coverageU>
                    <coverageV>1</coverageV>
                    <translateFrameU>48</translateFrameU>
                    <translateFrameV>48</translateFrameV>
                    <rotateFrame>48</rotateFrame>
                    <stagger>0</stagger>
                    <fast>0</fast>
                    <repeatU>1</repeatU>
                    <repeatV>1</repeatV>
                    <offsetU>48</offsetU>
                    <offsetV>48</offsetV>
                    <rotateUV>48</rotateUV>
                    <noiseU>48</noiseU>
                    <noiseV>48</noiseV>
                    <blend_mode>NONE</blend_mode>
                  </technique>
                </extra>
              </texture>
            </diffuse>
            <transparent opaque="A_ONE">
              <color>0 0 0 1</color>
            </transparent>
            <transparency>
              <float>1</float>
            </transparency>
            <index_of_refraction>
              <float>1</float>
            </index_of_refraction>
          </lambert>
          <extra>
            <technique profile="FCOLLADA"/>
          </extra>
        </technique>
      </profile_COMMON>
    </effect>
    <effect id="imported_lambert14-fx">
      <profile_COMMON>
        <newparam sid="file72-surface">
          <surface type="2D">
            <init_from>file72</init_from>
            <format>A8R8G8B8</format>
          </surface>
        </newparam>
        <newparam sid="file72-sampler">
          <sampler2D>
            <source>file72-surface</source>
            <minfilter>LINEAR_MIPMAP_LINEAR</minfilter>
            <magfilter>LINEAR</magfilter>
          </sampler2D>
        </newparam>
        <technique sid="common">
          <lambert>
            <emission>
              <color>0 0 0 1</color>
            </emission>
            <ambient>
              <color>0 0 0 1</color>
            </ambient>
            <diffuse>
              <texture texture="file72-sampler" texcoord="TEX0">
                <extra>
                  <technique profile="MAYA">
                    <wrapU>1</wrapU>
                    <wrapV>1</wrapV>
                    <mirrorU>0</mirrorU>
                    <mirrorV>0</mirrorV>
                    <coverageU>1</coverageU>
                    <coverageV>1</coverageV>
                    <translateFrameU>48</translateFrameU>
                    <translateFrameV>48</translateFrameV>
                    <rotateFrame>48</rotateFrame>
                    <stagger>0</stagger>
                    <fast>0</fast>
                    <repeatU>1</repeatU>
                    <repeatV>1</repeatV>
                    <offsetU>48</offsetU>
                    <offsetV>48</offsetV>
                    <rotateUV>48</rotateUV>
                    <noiseU>48</noiseU>
                    <noiseV>48</noiseV>
                    <blend_mode>NONE</blend_mode>
                  </technique>
                </extra>
              </texture>
            </diffuse>
            <transparent opaque="A_ONE">
              <color>0 0 0 1</color>
            </transparent>
            <transparency>
              <float>1</float>
            </transparency>
            <index_of_refraction>
              <float>1</float>
            </index_of_refraction>
          </lambert>
          <extra>
            <technique profile="FCOLLADA"/>
          </extra>
        </technique>
      </profile_COMMON>
    </effect>
    <effect id="imported_lambert15-fx">
      <profile_COMMON>
        <newparam sid="imported_file76-surface">
          <surface type="2D">
            <init_from>imported_file76</init_from>
            <format>A8R8G8B8</format>
          </surface>
        </newparam>
        <newparam sid="imported_file76-sampler">
          <sampler2D>
            <source>imported_file76-surface</source>
            <minfilter>LINEAR_MIPMAP_LINEAR</minfilter>
            <magfilter>LINEAR</magfilter>
          </sampler2D>
        </newparam>
        <technique sid="common">
          <lambert>
            <emission>
              <color>0 0 0 1</color>
            </emission>
            <ambient>
              <color>0 0 0 1</color>
            </ambient>
            <diffuse>
              <texture texture="imported_file76-sampler" texcoord="TEX0">
                <extra>
                  <technique profile="MAYA">
                    <wrapU>1</wrapU>
                    <wrapV>1</wrapV>
                    <mirrorU>0</mirrorU>
                    <mirrorV>0</mirrorV>
                    <coverageU>1</coverageU>
                    <coverageV>1</coverageV>
                    <translateFrameU>48</translateFrameU>
                    <translateFrameV>48</translateFrameV>
                    <rotateFrame>48</rotateFrame>
                    <stagger>0</stagger>
                    <fast>0</fast>
                    <repeatU>1</repeatU>
                    <repeatV>1</repeatV>
                    <offsetU>48</offsetU>
                    <offsetV>48</offsetV>
                    <rotateUV>48</rotateUV>
                    <noiseU>48</noiseU>
                    <noiseV>48</noiseV>
                    <blend_mode>NONE</blend_mode>
                  </technique>
                </extra>
              </texture>
            </diffuse>
            <transparent opaque="A_ONE">
              <color>0 0 0 1</color>
            </transparent>
            <transparency>
              <float>1</float>
            </transparency>
            <index_of_refraction>
              <float>1</float>
            </index_of_refraction>
          </lambert>
          <extra>
            <technique profile="FCOLLADA"/>
          </extra>
        </technique>
      </profile_COMMON>
    </effect>
  </library_effects>
  <library_visual_scenes>
    <visual_scene id="VisualSceneNode" name="anim-gorilla4">
      <node id="pointLight1" name="pointLight1" type="NODE">
        <matrix sid="transform">1 0 0 -0.637677 0 1 0 1.94601 0 0 1 1.31159 0 0 0 1</matrix>
        <instance_light url="#pointLightShape1-lib"/>
      </node>
      <node id="ambientLight1" name="ambientLight1" type="NODE">
        <matrix sid="transform">1 0 0 0.511583 0 1 0 2.19624 0 0 1 1.15508 0 0 0 1</matrix>
        <instance_light url="#ambientLightShape1-lib"/>
      </node>
      <node id="PelvisRoot" name="PelvisRoot" type="JOINT">
        <matrix sid="transform">1 0 0 0 0 1 0 0 0 0 1 0 0 0 0 1</matrix>
        <node id="Pelvis" name="Pelvis" type="JOINT">
          <matrix sid="transform">0.96954 0.190854 -0.153516 0.114546 -0.229922 0.925222 -0.301829 0.837239 0.08443 0.327932 0.940921 -0.102458 0 0 0 1</matrix>
          <node id="Hips" name="Hips" type="JOINT">
            <matrix sid="transform">1 0 0 0 0 1 0 0 0 0 1 0 0 0 0 1</matrix>
            <node id="LeftUpLeg_Helper1" name="LeftUpLeg_Helper1" type="JOINT">
              <matrix sid="transform">-0.858191 0.51333 0.000583 0.087164 -0.304507 -0.509993 0.804477 -0.000001 0.413259 0.690217 0.593985 0 0 0 0 1</matrix>
            </node>
            <node id="RightUpLeg_Helper1" name="RightUpLeg_Helper1" type="JOINT">
              <matrix sid="transform">-0.983407 0.170311 0.062493 -0.087164 -0.089456 -0.155547 -0.983769 0 -0.157827 -0.973036 0.168202 0 0 0 0 1</matrix>
            </node>
            <node id="LeftUpLeg_Helper2" name="LeftUpLeg_Helper2" type="JOINT">
              <matrix sid="transform">-0.861652 0.507499 0.000948 0.087164 -0.302242 -0.514658 0.802357 -0.000001 0.407683 0.691066 0.596844 0 0 0 0 1</matrix>
            </node>
            <node id="RightUpLeg_Helper2" name="RightUpLeg_Helper2" type="JOINT">
              <matrix sid="transform">-0.933778 0.169839 0.31498 -0.087164 -0.340714 -0.152832 -0.927662 0 -0.109414 -0.973549 0.200578 0 0 0 0 1</matrix>
            </node>
            <node id="LeftUpLeg" name="LeftUpLeg" type="JOINT">
              <matrix sid="transform">-0.861042 0.508497 -0.006004 0.087164 -0.308962 -0.513716 0.800399 -0.000001 0.403916 0.691034 0.599437 0 0 0 0 1</matrix>
              <node id="LeftLeg" name="LeftLeg" type="JOINT">
                <matrix sid="transform">1 0 0 0 0 0.33817 0.941085 0.513626 0 -0.941085 0.33817 0.00777 0 0 0 1</matrix>
                <node id="LeftFoot" name="LeftFoot" type="JOINT">
                  <matrix sid="transform">0.970685 0.050661 -0.234953 0 -0.238156 0.070865 -0.968638 0.396099 -0.032422 0.996198 0.080853 0 0 0 0 1</matrix>
                  <node id="LeftToes" name="LeftToes" type="JOINT">
                    <matrix sid="transform">1 0 0 0 0 0.77917 -0.626813 0.153519 0 0.626813 0.77917 0 0 0 0 1</matrix>
                    <node id="LeftToesNull" name="LeftToesNull" type="JOINT">
                      <matrix sid="transform">1 0 0 0 0 1 0 0.093148 0 0 1 0 0 0 0 1</matrix>
                    </node>
                  </node>
                </node>
              </node>
            </node>
            <node id="RightUpLeg" name="RightUpLeg" type="JOINT">
              <matrix sid="transform">-0.792502 0.166006 0.58684 -0.087164 -0.60859 -0.152991 -0.778596 0 -0.03947 -0.974185 0.222276 0 0 0 0 1</matrix>
              <node id="RightLeg" name="RightLeg" type="JOINT">
                <matrix sid="transform">1 0 0 0 0 -0.41764 0.908613 -0.513628 0 -0.908613 -0.41764 -0.00777 0 0 0 1</matrix>
                <node id="RightFoot" name="RightFoot" type="JOINT">
                  <matrix sid="transform">0.991344 -0.063161 -0.115097 0 -0.020283 0.792461 -0.609586 -0.395911 0.129712 0.606645 0.784319 0.012201 0 0 0 1</matrix>
                  <node id="RightToes" name="RightToes" type="JOINT">
                    <matrix sid="transform">1 0 0 0 0 0.779169 -0.626814 -0.153519 0 0.626814 0.779169 0 0 0 0 1</matrix>
                    <node id="RightToesNull" name="RightToesNull" type="JOINT">
                      <matrix sid="transform">1 0 0 0 0 1 0 -0.093148 0 0 1 0 0 0 0 1</matrix>
                    </node>
                  </node>
                </node>
              </node>
            </node>
          </node>
          <node id="Spine" name="Spine" type="JOINT">
            <matrix sid="transform">1 0 0 0 0 0.999377 -0.035308 0.070051 0 0.035308 0.999377 -0.000217 0 0 0 1</matrix>
            <node id="Spine1" name="Spine1" type="JOINT">
              <matrix sid="transform">1 0 0 0 0 0.99983 -0.018404 0.077503 0 0.018404 0.99983 0 0 0 0 1</matrix>
              <node id="Spine2" name="Spine2" type="JOINT">
                <matrix sid="transform">1 0 0 0 0 0.999824 -0.018727 0.073924 0 0.018727 0.999824 0 0 0 0 1</matrix>
                <node id="Spine3" name="Spine3" type="JOINT">
                  <matrix sid="transform">0.992419 0.083267 -0.090391 0 -0.087564 0.995157 -0.044656 0.111876 0.086235 0.052233 0.994905 0 0 0 0 1</matrix>
                  <node id="Neck" name="Neck" type="JOINT">
                    <matrix sid="transform">1 0 0 0 0 0.96204 -0.272908 0.248046 0 0.272908 0.96204 0 0 0 0 1</matrix>
                    <node id="Neck1" name="Neck1" type="JOINT">
                      <matrix sid="transform">1 0 0 0 0 0.998272 -0.058769 0.04828 0 0.058769 0.998272 0 0 0 0 1</matrix>
                      <node id="Head" name="Head" type="JOINT">
                        <matrix sid="transform">0.974489 -0.207816 0.084748 0 0.106928 0.761912 0.638792 0.053577 -0.197323 -0.613434 0.764697 0 0 0 0 1</matrix>
                        <node id="HeadNull" name="HeadNull" type="JOINT">
                          <matrix sid="transform">1 0 0 0 0 1 0 0.180848 0 0 1 0 0 0 0 1</matrix>
                        </node>
                      </node>
                    </node>
                  </node>
                  <node id="LeftShoulder" name="LeftShoulder" type="JOINT">
                    <matrix sid="transform">-0.697421 0.704145 0.133356 0.017011 0.037984 0.222137 -0.974275 0.181867 -0.715654 -0.674415 -0.18167 0.084759 0 0 0 1</matrix>
                    <node id="LeftArm" name="LeftArm" type="JOINT">
                      <matrix sid="transform">0.494864 -0.391389 0.775838 0 0.607583 0.794148 0.01308 0.188543 -0.621251 0.464913 0.630796 0 0 0 0 1</matrix>
                      <node id="LeftForeArm" name="LeftForeArm" type="JOINT">
                        <matrix sid="transform">-0.070374 -0.997521 0.000000 0.000005 0.99752 -0.070374 -0.001514 0.3215 0.001511 -0.000106 0.999999 0 0 0 0 1</matrix>
                        <node id="LeftHand" name="LeftHand" type="JOINT">
                          <matrix sid="transform">0.303698 -0.935315 -0.181529 0.000005 0.00557 0.192267 -0.981327 0.244116 0.952752 0.297016 0.063601 0 0 0 0 1</matrix>
                          <node id="LeftIndex1" name="LeftIndex1" type="JOINT">
                            <matrix sid="transform">0.988678 0.149895 0.006893 -0.027238 -0.130229 0.879976 -0.456819 0.104 -0.07454 0.450748 0.889534 -0.012047 0 0 0 1</matrix>
                            <node id="LeftIndex2" name="LeftIndex2" type="JOINT">
                              <matrix sid="transform">1 -0.000008 0.000003 0 0.00001 0.909989 -0.414631 0.037252 0 0.414631 0.909989 0 0 0 0 1</matrix>
                              <node id="LeftIndex3" name="LeftIndex3" type="JOINT">
                                <matrix sid="transform">1 -0.000000 0 0 0.000001 0.948944 -0.315442 0.025094 0 0.315442 0.948944 0 0 0 0 1</matrix>
                                <node id="LeftIndexNull" name="LeftIndexNull" type="JOINT">
                                  <matrix sid="transform">1 0 0 0 0 1 0 0.025118 0 0 1 0 0 0 0 1</matrix>
                                </node>
                              </node>
                            </node>
                          </node>
                          <node id="LeftMiddle1" name="LeftMiddle1" type="JOINT">
                            <matrix sid="transform">0.999248 0.033903 -0.01882 -0.001251 -0.038763 0.886538 -0.461029 0.107976 0.001055 0.461411 0.887186 -0.013471 0 0 0 1</matrix>
                            <node id="LeftMiddle2" name="LeftMiddle2" type="JOINT">
                              <matrix sid="transform">1 -0.000084 0.000061 0 0.000104 0.861322 -0.508058 0.039923 -0.000009 0.508058 0.861322 0 0 0 0 1</matrix>
                              <node id="LeftMiddle3" name="LeftMiddle3" type="JOINT">
                                <matrix sid="transform">1 0.000149 -0.000107 0 -0.000183 0.878405 -0.477917 0.027331 0.000022 0.477917 0.878405 0 0 0 0 1</matrix>
                                <node id="LeftMiddleNull" name="LeftMiddleNull" type="JOINT">
                                  <matrix sid="transform">1 0 0 0 0 1 0 0.026102 0 0 1 0 0 0 0 1</matrix>
                                </node>
                              </node>
                            </node>
                          </node>
                          <node id="LeftRing1" name="LeftRing1" type="JOINT">
                            <matrix sid="transform">0.992386 -0.083744 -0.090313 0.021135 0.022385 0.843698 -0.536351 0.102233 0.121114 0.530246 0.839149 -0.010783 0 0 0 1</matrix>
                            <node id="LeftRing2" name="LeftRing2" type="JOINT">
                              <matrix sid="transform">1 0.000002 -0.000002 0 -0.000003 0.803682 -0.595059 0.039098 0 0.595059 0.803682 0 0 0 0 1</matrix>
                              <node id="LeftRing3" name="LeftRing3" type="JOINT">
                                <matrix sid="transform">1 0 0 0 0 0.828373 -0.560178 0.027324 0 0.560178 0.828373 0 0 0 0 1</matrix>
                                <node id="LeftRingNull" name="LeftRingNull" type="JOINT">
                                  <matrix sid="transform">1 0 0 0 0 1 0 0.024717 0 0 1 0 0 0 0 1</matrix>
                                </node>
                              </node>
                            </node>
                          </node>
                          <node id="LeftPinky1" name="LeftPinky1" type="JOINT">
                            <matrix sid="transform">0.976681 -0.138712 -0.163871 0.041258 0.020462 0.819938 -0.572087 0.096203 0.213719 0.555393 0.803656 -0.00331 0 0 0 1</matrix>
                            <node id="LeftPinky2" name="LeftPinky2" type="JOINT">
                              <matrix sid="transform">1 0.000023 -0.000024 0 -0.000035 0.723721 -0.690093 0.032185 0.000001 0.690093 0.723721 0 0 0 0 1</matrix>
                              <node id="LeftPinky3" name="LeftPinky3" type="JOINT">
                                <matrix sid="transform">1 -0.000018 0.000016 0 0.000025 0.852121 -0.523344 0.016345 -0.000004 0.523344 0.852121 0 0 0 0 1</matrix>
                                <node id="LeftPinkyNull" name="LeftPinkyNull" type="JOINT">
                                  <matrix sid="transform">1 0 0 0 0 1 0 0.019694 0 0 1 0 0 0 0 1</matrix>
                                </node>
                              </node>
                            </node>
                          </node>
                          <node id="LeftThumb1" name="LeftThumb1" type="JOINT">
                            <matrix sid="transform">-0.914145 0.393153 0.098843 -0.038235 0.376618 0.913853 -0.151759 0.02164 -0.149993 -0.101503 -0.983463 0.002124 0 0 0 1</matrix>
                            <node id="LeftThumb2" name="LeftThumb2" type="JOINT">
                              <matrix sid="transform">0.235193 0.262885 -0.935722 0.025687 0.419652 0.840902 0.341725 0.021903 0.876685 -0.473049 0.087453 -0.017375 0 0 0 1</matrix>
                              <node id="LeftThumb3" name="LeftThumb3" type="JOINT">
                                <matrix sid="transform">0.999931 0.010738 0.004709 0 -0.008963 0.958949 -0.283439 0.034681 -0.00756 0.283377 0.958978 0 0 0 0 1</matrix>
                                <node id="LeftThumbNull" name="LeftThumbNull" type="JOINT">
                                  <matrix sid="transform">1 0 0 0 0 1 0 0.027381 0 0 1 0 0 0 0 1</matrix>
                                </node>
                              </node>
                            </node>
                          </node>
                        </node>
                        <node id="LeftForeArm_Helper1" name="LeftForeArm_Helper1" type="JOINT">
                          <matrix sid="transform">0.80737 0 -0.590044 0 0 1 0 0.078445 0.590044 0 0.80737 0 0 0 0 1</matrix>
                          <node id="LeftForeArm_Helper2" name="LeftForeArm_Helper2" type="JOINT">
                            <matrix sid="transform">0.80737 0 -0.590044 0 0 1 0 0.153671 0.590044 0 0.80737 0 0 0 0 1</matrix>
                          </node>
                        </node>
                      </node>
                    </node>
                    <node id="LeftArm_Helper2" name="LeftArm_Helper2" type="JOINT">
                      <matrix sid="transform">0.807766 -0.391392 0.440825 0 0.53851 0.794147 -0.28167 0.188543 -0.239836 0.464912 0.852253 0 0 0 0 1</matrix>
                    </node>
                    <node id="LeftArm_Helper1" name="LeftArm_Helper1" type="JOINT">
                      <matrix sid="transform">0.711445 -0.391391 0.58366 0 0.581572 0.794148 -0.17636 0.188543 -0.394487 0.464911 0.792614 0 0 0 0 1</matrix>
                    </node>
                  </node>
                  <node id="RightShoulder" name="RightShoulder" type="JOINT">
                    <matrix sid="transform">-0.697421 0.704145 0.133356 -0.017011 -0.037984 -0.222137 0.974275 0.181869 0.715654 0.674415 0.18167 0.084759 0 0 0 1</matrix>
                    <node id="RightArm" name="RightArm" type="JOINT">
                      <matrix sid="transform">0.346055 -0.375089 0.859973 0 0.364798 0.898274 0.245 -0.188543 -0.864389 0.228933 0.447683 -0.000002 0 0 0 1</matrix>
                      <node id="RightForeArm" name="RightForeArm" type="JOINT">
                        <matrix sid="transform">-0.152899 -0.988242 0.000000 -0.000005 0.988241 -0.152899 -0.001515 -0.321501 0.001497 -0.000231 0.999999 0 0 0 0 1</matrix>
                        <node id="RightHand" name="RightHand" type="JOINT">
                          <matrix sid="transform">0.303614 -0.946912 -0.105715 -0.000007 0.023211 0.11827 -0.99271 -0.244116 0.952513 0.298947 0.057888 0 0 0 0 1</matrix>
                          <node id="RightIndex1" name="RightIndex1" type="JOINT">
                            <matrix sid="transform">0.988587 0.150508 0.006605 0.027237 -0.131509 0.883524 -0.449545 -0.104 -0.073496 0.443546 0.893233 0.012048 0 0 0 1</matrix>
                            <node id="RightIndex2" name="RightIndex2" type="JOINT">
                              <matrix sid="transform">1 -0.000008 0.000003 0 0.00001 0.913417 -0.407025 -0.037252 0 0.407025 0.913417 -0.000003 0 0 0 1</matrix>
                              <node id="RightIndex3" name="RightIndex3" type="JOINT">
                                <matrix sid="transform">1 0 0 0 0 0.951543 -0.307514 -0.025094 0 0.307514 0.951543 -0.000002 0 0 0 1</matrix>
                                <node id="RightIndexNull" name="RightIndexNull" type="JOINT">
                                  <matrix sid="transform">1 0 0 0 0 1 -0.000001 -0.025118 0 0.000001 1 0 0 0 0 1</matrix>
                                </node>
                              </node>
                            </node>
                          </node>
                          <node id="RightMiddle1" name="RightMiddle1" type="JOINT">
                            <matrix sid="transform">0.999234 0.034479 -0.018531 0.00125 -0.039135 0.890368 -0.453555 -0.107975 0.000861 0.453933 0.891036 0.013471 0 0 0 1</matrix>
                            <node id="RightMiddle2" name="RightMiddle2" type="JOINT">
                              <matrix sid="transform">1 -0.000085 0.00006 0 0.000104 0.865421 -0.501046 -0.039923 -0.000009 0.501046 0.865421 0.000005 0 0 0 1</matrix>
                              <node id="RightMiddle3" name="RightMiddle3" type="JOINT">
                                <matrix sid="transform">1 0.00015 -0.000105 0 -0.000183 0.882258 -0.470767 -0.027332 0.000022 0.470767 0.882258 -0.000005 0 0 0 1</matrix>
                                <node id="RightMiddleNull" name="RightMiddleNull" type="JOINT">
                                  <matrix sid="transform">1 0 0 0 0 1 0 -0.026101 0 0 1 0.000003 0 0 0 1</matrix>
                                </node>
                              </node>
                            </node>
                          </node>
                          <node id="RightRing1" name="RightRing1" type="JOINT">
                            <matrix sid="transform">0.992463 -0.082262 -0.090826 -0.021136 0.022782 0.852129 -0.522836 -0.102233 0.120406 0.516825 0.847581 0.010788 0 0 0 1</matrix>
                            <node id="RightRing2" name="RightRing2" type="JOINT">
                              <matrix sid="transform">1 0 0 0 0 0.808248 -0.588841 -0.039099 0 0.588841 0.808248 -0.000001 0 0 0 1</matrix>
                              <node id="RightRing3" name="RightRing3" type="JOINT">
                                <matrix sid="transform">1 0 0 0 0 0.832667 -0.553774 -0.027324 0 0.553774 0.832667 -0.000005 0 0 0 1</matrix>
                                <node id="RightRingNull" name="RightRingNull" type="JOINT">
                                  <matrix sid="transform">1 0 0 0 0 1 -0.000005 -0.024717 0 0.000005 1 -0.000002 0 0 0 1</matrix>
                                </node>
                              </node>
                            </node>
                          </node>
                          <node id="RightPinky1" name="RightPinky1" type="JOINT">
                            <matrix sid="transform">0.976889 -0.136146 -0.164777 -0.041259 0.021115 0.828603 -0.559439 -0.096202 0.2127 0.543031 0.812327 0.003314 0 0 0 1</matrix>
                            <node id="RightPinky2" name="RightPinky2" type="JOINT">
                              <matrix sid="transform">1 0.000023 -0.000024 0 -0.000035 0.733901 -0.679257 -0.032185 0.000001 0.679257 0.733901 -0.000003 0 0 0 1</matrix>
                              <node id="RightPinky3" name="RightPinky3" type="JOINT">
                                <matrix sid="transform">1 -0.000019 0.000016 0 0.000025 0.859808 -0.510618 -0.016344 -0.000004 0.510618 0.859808 0.000002 0 0 0 1</matrix>
                                <node id="RightPinkyNull" name="RightPinkyNull" type="JOINT">
                                  <matrix sid="transform">1 0 0 0 0 1 0 -0.019694 0 0 1 -0.000006 0 0 0 1</matrix>
                                </node>
                              </node>
                            </node>
                          </node>
                          <node id="RightThumb1" name="RightThumb1" type="JOINT">
                            <matrix sid="transform">-0.913939 0.392497 0.103257 0.038235 0.37535 0.914205 -0.152778 -0.02164 -0.154363 -0.100872 -0.982851 -0.002127 0 0 0 1</matrix>
                            <node id="RightThumb2" name="RightThumb2" type="JOINT">
                              <matrix sid="transform">0.235193 0.261501 -0.93611 -0.025687 0.419652 0.841406 0.340481 -0.021903 0.876685 -0.472919 0.088152 0.017372 0 0 0 1</matrix>
                              <node id="RightThumb3" name="RightThumb3" type="JOINT">
                                <matrix sid="transform">0.999931 0.010661 0.00488 0.000002 -0.008963 0.963355 -0.268081 -0.034682 -0.00756 0.268018 0.963384 0 0 0 0 1</matrix>
                                <node id="RightThumbNull" name="RightThumbNull" type="JOINT">
                                  <matrix sid="transform">1 0 0 -0.000001 0 1 0 -0.027381 0 0 1 0 0 0 0 1</matrix>
                                </node>
                              </node>
                            </node>
                          </node>
                        </node>
                        <node id="RightForeArm_Helper1" name="RightForeArm_Helper1" type="JOINT">
                          <matrix sid="transform">0.80737 -0.000000 -0.590044 0 -0.000002 1 -0.000004 -0.078445 0.590044 0.000005 0.80737 0.000003 0 0 0 1</matrix>
                          <node id="RightForeArm_Helper2" name="RightForeArm_Helper2" type="JOINT">
                            <matrix sid="transform">0.80737 -0.000000 -0.590044 0 -0.000004 1 -0.000006 -0.15367 0.590044 0.000007 0.80737 0 0 0 0 1</matrix>
                          </node>
                        </node>
                      </node>
                    </node>
                    <node id="RightArm_Helper2" name="RightArm_Helper2" type="JOINT">
                      <matrix sid="transform">0.864378 -0.375557 0.334375 0 0.428821 0.897823 -0.100128 -0.188543 -0.262605 0.229937 0.937106 -0.000002 0 0 0 1</matrix>
                    </node>
                    <node id="RightArm_Helper1" name="RightArm_Helper1" type="JOINT">
                      <matrix sid="transform">0.742594 -0.375541 0.554548 0 0.439935 0.89783 0.018898 -0.188543 -0.504988 0.229931 0.831937 -0.000002 0 0 0 1</matrix>
                    </node>
                  </node>
                </node>
              </node>
            </node>
          </node>
        </node>
        <extra>
          <technique profile="MAYA">
            <dynamic_attributes>
              <homeSex short_name="homeSex" type="string">man</homeSex>
            </dynamic_attributes>
          </technique>
        </extra>
      </node>
      <extra>
        <technique profile="FCOLLADA">
          <start_time>0</start_time>
          <end_time>0.966667</end_time>
        </technique>
      </extra>
    </visual_scene>
  </library_visual_scenes>
  <scene>
    <instance_physics_scene url="#MayaNativePhysicsScene"/>
    <instance_visual_scene url="#VisualSceneNode"/>
  </scene>
</COLLADA>
