<?xml version="1.0" encoding="utf-8"?>
<COLLADA xmlns="http://www.collada.org/2005/11/COLLADASchema" version="1.4.1">
  <asset>
    <contributor>
      <author>Nicolas_Serres</author>
      <authoring_tool>Maya 8.5P01 | ColladaMaya v3.02 | FCollada v3.2</authoring_tool>
      <comments>Collada Maya Export Options: bakeTransforms=1;exportPolygonMeshes=0;bakeLighting=0;isSampling=1;
curveConstrainSampling=0;exportCameraAsLookat=0;
exportLights=0;exportCameras=0;exportJointsAndSkin=1;
exportAnimations=1;exportTriangles=0;exportInvisibleNodes=0;
exportNormals=0;exportTexCoords=0;exportVertexColors=0;exportTangents=0;
exportTexTangents=0;exportConstraints=0;exportPhysics=0;exportXRefs=1;
dereferenceXRefs=0;cameraXFov=0;cameraYFov=1</comments>
      <source_data>file:///C:/Documents%20and%20Settings/nicolas_serres/Desktop/EDGE_ASSETS/ANIMATION/MALE/I_STA_M_14.mb</source_data>
    </contributor>
    <created>2007-05-10T19:23:39Z</created>
    <modified>2007-05-10T19:23:40Z</modified>
    <unit meter="1" name="meter"/>
    <up_axis>Y_UP</up_axis>
  </asset>
  <library_animations>
    <animation id="Pelvis_matrix">
      <source id="Pelvis_matrix_Pelvis_transform-input">
        <float_array id="Pelvis_matrix_Pelvis_transform-input-array" count="106">0 0.033333 0.066666 0.1 0.133333 0.166667 0.2 0.233333 0.266667 0.3 0.333333 0.366667 0.4 0.433333 0.466667 0.5 0.533333 0.566667 0.6 0.633333 0.666667 0.7 0.733333 0.766667 0.8 0.833333 0.866667 0.9 0.933333 0.966667 1 1.03333 1.06667 1.1 1.13333 1.16667 1.2 1.23333 1.26667 1.3 1.33333 1.36667 1.4 1.43333 1.46667 1.5 1.53333 1.56667 1.6 1.63333 1.66667 1.7 1.73333 1.76667 1.8 1.83333 1.86667 1.9 1.93333 1.96667 2 2.03333 2.06667 2.1 2.13333 2.16667 2.2 2.23333 2.26667 2.3 2.33333 2.36667 2.4 2.43333 2.46667 2.5 2.53333 2.56667 2.6 2.63333 2.66667 2.7 2.73333 2.76667 2.8 2.83333 2.86667 2.9 2.93333 2.96667 3 3.03333 3.06667 3.1 3.13333 3.16667 3.2 3.23333 3.26667 3.3 3.33333 3.36667 3.4 3.43333 3.46667 3.5</float_array>
        <technique_common>
          <accessor source="#Pelvis_matrix_Pelvis_transform-input-array" count="106" stride="1">
            <param name="TIME" type="float"/>
          </accessor>
        </technique_common>
        <technique profile="MAYA">
          <pre_infinity>CONSTANT</pre_infinity>
          <post_infinity>CONSTANT</post_infinity>
        </technique>
      </source>
      <source id="Pelvis_matrix_Pelvis_transform-output">
        <float_array id="Pelvis_matrix_Pelvis_transform-output-array" count="1696">1 -0.000122 0.000004 0 0.000122 0.999266 -0.038295 1.001 0 0.038295 0.999266 0 0 0 0 1 1 -0.000124 -0.000193 0.000009 0.000116 0.999276 -0.038041 1.00101 0.000198 0.038041 0.999276 -0.000035 0 0 0 1 1 -0.000123 -0.000393 0.000000 0.000108 0.999285 -0.037796 1.00102 0.000398 0.037796 0.999285 -0.000145 0 0 0 1 1 -0.000125 -0.000607 0.000000 0.000102 0.999294 -0.037571 1.00104 0.000611 0.037571 0.999294 -0.00027 0 0 0 1 1 -0.000132 -0.000801 0.000057 0.000102 0.999301 -0.037381 1.00105 0.000805 0.037381 0.999301 -0.000383 0 0 0 1 1 -0.000158 -0.000945 0.000126 0.000122 0.999306 -0.037255 1.00104 0.00095 0.037255 0.999305 -0.000555 0 0 0 1 0.999999 -0.00024 -0.001042 0.000196 0.000201 0.999309 -0.037161 1.00103 0.00105 0.03716 0.999309 -0.00076 0 0 0 1 0.999999 -0.000323 -0.001084 0.000307 0.000283 0.999313 -0.037071 1.00103 0.001095 0.037071 0.999312 -0.000905 0 0 0 1 0.999999 -0.000408 -0.001083 0.000428 0.000368 0.999315 -0.037001 1.00103 0.001097 0.037001 0.999315 -0.00102 0 0 0 1 0.999999 -0.000493 -0.001009 0.000548 0.000455 0.999316 -0.036975 1.00105 0.001027 0.036974 0.999316 -0.001095 0 0 0 1 0.999999 -0.000578 -0.000885 0.000642 0.000545 0.999316 -0.036968 1.00106 0.000906 0.036968 0.999316 -0.001139 0 0 0 1 1 -0.000663 -0.000716 0.000714 0.000637 0.999316 -0.036973 1.00106 0.00074 0.036972 0.999316 -0.00117 0 0 0 1 1 -0.000749 -0.00052 0.000765 0.00073 0.999315 -0.036991 1.00107 0.000548 0.036991 0.999315 -0.001205 0 0 0 1 1 -0.000836 -0.000316 0.000805 0.000824 0.999313 -0.037041 1.00108 0.000347 0.03704 0.999314 -0.001206 0 0 0 1 1 -0.000924 -0.000118 0.000831 0.000919 0.999312 -0.037088 1.00109 0.000152 0.037088 0.999312 -0.001133 0 0 0 1 0.999999 -0.001013 0.000044 0.000841 0.001014 0.99931 -0.037137 1.0011 -0.000006 0.037137 0.99931 -0.000979 0 0 0 1 0.999999 -0.001103 0.000194 0.000848 0.00111 0.999307 -0.037197 1.00111 -0.000153 0.037198 0.999308 -0.000813 0 0 0 1 0.999999 -0.001196 0.000342 0.000836 0.001208 0.999304 -0.037289 1.00109 -0.000298 0.037289 0.999304 -0.000664 0 0 0 1 0.999999 -0.001282 0.000491 0.000832 0.001299 0.999299 -0.037404 1.00108 -0.000442 0.037404 0.9993 -0.00043 0 0 0 1 0.999999 -0.001351 0.00064 0.000833 0.001374 0.999294 -0.037539 1.00107 -0.000589 0.03754 0.999295 -0.000174 0 0 0 1 0.999999 -0.00138 0.000801 0.000863 0.001409 0.999288 -0.037692 1.00104 -0.000748 0.037694 0.999289 0 0 0 0 1 0.999999 -0.001389 0.000988 0.000898 0.001426 0.999282 -0.037863 1.001 -0.000935 0.037864 0.999282 0.000013 0 0 0 1 0.999998 -0.001389 0.001192 0.000892 0.001433 0.999275 -0.038047 1.00099 -0.001138 0.038049 0.999275 0.000018 0 0 0 1 0.999998 -0.001383 0.001415 0.000884 0.001436 0.999267 -0.038248 1.001 -0.001361 0.03825 0.999267 0.000032 0 0 0 1 0.999998 -0.001375 0.001639 0.000906 0.001437 0.999259 -0.038453 1.00099 -0.001585 0.038455 0.999259 0.000027 0 0 0 1 0.999997 -0.001367 0.001853 0.000903 0.001438 0.999251 -0.038663 1.00098 -0.001798 0.038665 0.999251 -0.000074 0 0 0 1 0.999997 -0.00136 0.002033 0.00089 0.001438 0.999244 -0.038842 1.00098 -0.001979 0.038844 0.999243 -0.00021 0 0 0 1 0.999997 -0.001356 0.002146 0.000871 0.001438 0.99924 -0.038951 1.00099 -0.002091 0.038954 0.999239 -0.000374 0 0 0 1 0.999997 -0.001354 0.00221 0.000829 0.001439 0.999239 -0.038972 1.001 -0.002156 0.038975 0.999238 -0.00057 0 0 0 1 0.999997 -0.001353 0.002239 0.000778 0.001439 0.99924 -0.038956 1.00101 -0.002185 0.038959 0.999238 -0.000739 0 0 0 1 0.999997 -0.001352 0.002254 0.000758 0.001439 0.999241 -0.038929 1.00102 -0.002199 0.038932 0.999239 -0.00082 0 0 0 1 0.999997 -0.001352 0.002262 0.000751 0.001439 0.999242 -0.038907 1.00104 -0.002208 0.03891 0.99924 -0.000806 0 0 0 1 0.999996 -0.001351 0.00227 0.000689 0.001438 0.999241 -0.038921 1.00104 -0.002216 0.038924 0.99924 -0.000822 0 0 0 1 0.999996 -0.001348 0.002282 0.000598 0.001436 0.999237 -0.039041 1.00102 -0.002228 0.039044 0.999235 -0.000847 0 0 0 1 0.999996 -0.001341 0.00231 0.000513 0.001431 0.99923 -0.039208 1.00102 -0.002256 0.039212 0.999228 -0.000827 0 0 0 1 0.999996 -0.001329 0.002383 0.000441 0.001421 0.999222 -0.039408 1.001 -0.002329 0.039411 0.99922 -0.000754 0 0 0 1 0.999996 -0.001308 0.002474 0.000345 0.001405 0.999215 -0.039586 1.00098 -0.002421 0.03959 0.999213 -0.000668 0 0 0 1 0.999996 -0.001281 0.002599 0.000208 0.001383 0.999212 -0.039673 1.00096 -0.002546 0.039677 0.999209 -0.000536 0 0 0 1 0.999995 -0.001253 0.002729 0.000052 0.00136 0.999212 -0.039678 1.00095 -0.002677 0.039681 0.999209 -0.000368 0 0 0 1 0.999995 -0.001223 0.00285 -0.000109 0.001335 0.999213 -0.039646 1.00094 -0.0028 0.03965 0.99921 -0.000169 0 0 0 1 0.999995 -0.001195 0.00293 -0.000184 0.00131 0.999215 -0.039599 1.00094 -0.00288 0.039602 0.999211 0 0 0 0 1 0.999995 -0.001168 0.002948 -0.000174 0.001283 0.999217 -0.039541 1.00095 -0.0029 0.039545 0.999214 -0.000059 0 0 0 1 0.999995 -0.001143 0.002849 -0.000184 0.001255 0.99922 -0.039469 1.00096 -0.002801 0.039473 0.999217 -0.000189 0 0 0 1 0.999996 -0.00112 0.002549 -0.000183 0.001219 0.999224 -0.039363 1.00098 -0.002503 0.039366 0.999222 -0.000329 0 0 0 1 0.999997 -0.001084 0.002107 -0.000127 0.001166 0.999229 -0.039252 1.00098 -0.002063 0.039254 0.999227 -0.000453 0 0 0 1 0.999998 -0.001049 0.001531 -0.000058 0.001108 0.999232 -0.039164 1.00098 -0.001488 0.039166 0.999232 -0.000631 0 0 0 1 0.999999 -0.00101 0.000894 0.000011 0.001045 0.999235 -0.039085 1.00097 -0.000854 0.039086 0.999235 -0.00084 0 0 0 1 1 -0.000959 0.00026 0.000123 0.000969 0.999239 -0.039005 1.00097 -0.000222 0.039005 0.999239 -0.000985 0 0 0 1 1 -0.0009 -0.000325 0.000244 0.000886 0.999241 -0.038938 1.00097 0.00036 0.038938 0.999242 -0.001098 0 0 0 1 0.999999 -0.000831 -0.000787 0.000363 0.0008 0.999243 -0.038892 1.00099 0.000819 0.038892 0.999243 -0.001169 0 0 0 1 0.999999 -0.000754 -0.001148 0.000457 0.000709 0.999244 -0.038861 1.001 0.001176 0.038861 0.999244 -0.001207 0 0 0 1 0.999999 -0.000669 -0.001392 0.00053 0.000614 0.999245 -0.038857 1.001 0.001417 0.038856 0.999244 -0.00123 0 0 0 1 0.999999 -0.000577 -0.001555 0.000581 0.000516 0.999242 -0.038918 1.00101 0.001576 0.038918 0.999241 -0.001257 0 0 0 1 0.999999 -0.00048 -0.001668 0.000621 0.000415 0.999238 -0.039023 1.00102 0.001685 0.039022 0.999237 -0.001249 0 0 0 1 0.999998 -0.00038 -0.001721 0.000647 0.000312 0.999233 -0.039164 1.00103 0.001734 0.039164 0.999231 -0.001167 0 0 0 1 0.999998 -0.000274 -0.001748 0.000657 0.000205 0.999226 -0.039344 1.00104 0.001758 0.039343 0.999224 -0.001004 0 0 0 1 0.999998 -0.000172 -0.001764 0.000663 0.000102 0.999218 -0.039534 1.00105 0.001769 0.039534 0.999217 -0.000831 0 0 0 1 0.999998 -0.000131 -0.001772 0.000652 0.00006 0.999211 -0.039716 1.00103 0.001775 0.039716 0.999209 -0.000675 0 0 0 1 0.999998 -0.000112 -0.001776 0.000647 0.000042 0.999205 -0.039871 1.00102 0.001779 0.03987 0.999203 -0.000435 0 0 0 1 0.999998 -0.000104 -0.001779 0.000649 0.000033 0.999201 -0.039966 1.00101 0.001782 0.039966 0.999199 -0.000175 0 0 0 1 0.999998 -0.0001 -0.001781 0.000679 0.000029 0.999199 -0.040025 1.00098 0.001784 0.040025 0.999197 0 0 0 0 1 0.999998 -0.000098 -0.001783 0.000713 0.000027 0.999198 -0.040053 1.00094 0.001785 0.040053 0.999196 0.000009 0 0 0 1 0.999998 -0.000097 -0.001784 0.000707 0.000025 0.999197 -0.040071 1.00093 0.001786 0.040071 0.999195 0.000004 0 0 0 1 0.999998 -0.000094 -0.001785 0.0007 0.000023 0.999196 -0.040096 1.00093 0.001787 0.040095 0.999194 0.000001 0 0 0 1 0.999998 -0.000089 -0.001783 0.000722 0.000017 0.999194 -0.040149 1.00093 0.001785 0.040149 0.999192 -0.000024 0 0 0 1 0.999998 -0.000079 -0.001775 0.000719 0.000008 0.999189 -0.040259 1.00092 0.001776 0.040258 0.999188 -0.00015 0 0 0 1 0.999998 -0.000059 -0.001754 0.000706 -0.000011 0.999184 -0.04039 1.00092 0.001755 0.04039 0.999182 -0.000312 0 0 0 1 0.999999 -0.000016 -0.001707 0.000687 -0.000052 0.999179 -0.040522 1.00093 0.001706 0.040522 0.999177 -0.000503 0 0 0 1 0.999999 0.000073 -0.001676 0.000645 -0.000141 0.999173 -0.040653 1.00094 0.001672 0.040653 0.999172 -0.000725 0 0 0 1 0.999999 0.000167 -0.001649 0.000594 -0.000234 0.999168 -0.040779 1.00094 0.001641 0.040779 0.999167 -0.000919 0 0 0 1 0.999999 0.00027 -0.001621 0.000574 -0.000337 0.999164 -0.040889 1.00096 0.001609 0.04089 0.999162 -0.001022 0 0 0 1 0.999999 0.000385 -0.001586 0.000567 -0.000449 0.99916 -0.040976 1.00098 0.001569 0.040977 0.999159 -0.001026 0 0 0 1 0.999999 0.000512 -0.001532 0.000504 -0.000574 0.999158 -0.041021 1.00097 0.00151 0.041022 0.999157 -0.001055 0 0 0 1 0.999999 0.000655 -0.001463 0.000414 -0.000715 0.999158 -0.041026 1.00096 0.001435 0.041027 0.999157 -0.001086 0 0 0 1 0.999999 0.000811 -0.001401 0.000329 -0.000868 0.999161 -0.040952 1.00096 0.001367 0.040953 0.99916 -0.001065 0 0 0 1 0.999999 0.000982 -0.001373 0.000256 -0.001037 0.999169 -0.040757 1.00094 0.001331 0.040758 0.999168 -0.000982 0 0 0 1 0.999998 0.00115 -0.001366 0.000161 -0.001204 0.99918 -0.040473 1.00092 0.001318 0.040475 0.99918 -0.000875 0 0 0 1 0.999998 0.001304 -0.001387 0.000023 -0.001359 0.999194 -0.040108 1.0009 0.001334 0.04011 0.999194 -0.000711 0 0 0 1 0.999998 0.001428 -0.001471 -0.000131 -0.001486 0.999211 -0.039694 1.00089 0.001413 0.039696 0.999211 -0.000499 0 0 0 1 0.999998 0.001499 -0.00162 -0.000294 -0.001561 0.999228 -0.039252 1.00088 0.00156 0.039254 0.999228 -0.000242 0 0 0 1 0.999997 0.001507 -0.001814 -0.000368 -0.001576 0.999245 -0.038828 1.00088 0.001754 0.03883 0.999244 0 0 0 0 1 0.999997 0.001492 -0.002052 -0.000387 -0.00157 0.999258 -0.038478 1.00088 0.001993 0.038481 0.999257 0.000166 0 0 0 1 0.999996 0.001475 -0.002303 -0.000443 -0.001561 0.999269 -0.038196 1.00089 0.002245 0.038199 0.999268 0.000275 0 0 0 1 0.999996 0.00145 -0.002539 -0.000508 -0.001546 0.999276 -0.038006 1.00089 0.002482 0.038009 0.999274 0.000374 0 0 0 1 0.999995 0.001423 -0.002748 -0.000515 -0.001526 0.999281 -0.037872 1.00089 0.002692 0.037876 0.999279 0.000491 0 0 0 1 0.999995 0.001392 -0.002908 -0.000487 -0.001501 0.999285 -0.037773 1.00087 0.002854 0.037777 0.999282 0.000582 0 0 0 1 0.999995 0.001351 -0.003021 -0.000453 -0.001464 0.999288 -0.037696 1.00087 0.002968 0.0377 0.999285 0.000615 0 0 0 1 0.999994 0.001288 -0.003075 -0.000405 -0.001403 0.999291 -0.037613 1.00087 0.003025 0.037617 0.999288 0.000615 0 0 0 1 0.999995 0.001217 -0.003085 -0.000344 -0.001332 0.999293 -0.037574 1.00088 0.003037 0.037578 0.999289 0.000608 0 0 0 1 0.999995 0.001143 -0.003021 -0.00029 -0.001256 0.999294 -0.037554 1.00089 0.002975 0.037558 0.99929 0.000565 0 0 0 1 0.999995 0.001067 -0.002903 -0.000239 -0.001175 0.999294 -0.037549 1.0009 0.002861 0.037552 0.999291 0.00049 0 0 0 1 0.999996 0.000985 -0.002738 -0.000182 -0.001087 0.999294 -0.037548 1.00091 0.002699 0.037551 0.999291 0.000426 0 0 0 1 0.999996 0.000897 -0.002544 -0.000124 -0.000992 0.999294 -0.037549 1.00092 0.002509 0.037551 0.999292 0.000364 0 0 0 1 0.999997 0.000801 -0.00234 -0.000068 -0.000888 0.999294 -0.037548 1.00094 0.002308 0.03755 0.999292 0.000306 0 0 0 1 0.999997 0.0007 -0.00214 -0.000039 -0.00078 0.999294 -0.03755 1.00096 0.002112 0.037551 0.999292 0.000274 0 0 0 1 0.999998 0.000596 -0.001972 -0.000007 -0.000669 0.999295 -0.03755 1.00097 0.001948 0.037551 0.999293 0.000254 0 0 0 1 0.999998 0.000491 -0.001815 0.000016 -0.000559 0.999295 -0.037552 1.00098 0.001795 0.037553 0.999293 0.000225 0 0 0 1 0.999999 0.000389 -0.001658 0.000006 -0.000451 0.999294 -0.037558 1.00098 0.001642 0.037559 0.999293 0.000188 0 0 0 1 0.999999 0.000291 -0.0015 -0.000006 -0.000347 0.999294 -0.037574 1.00098 0.001488 0.037575 0.999293 0.000135 0 0 0 1 0.999999 0.000199 -0.001337 -0.000007 -0.000249 0.999292 -0.03761 1.00099 0.001329 0.03761 0.999292 0.000075 0 0 0 1 0.999999 0.000131 -0.001154 -0.000003 -0.000174 0.99929 -0.037687 1.001 0.001148 0.037687 0.999289 0.000029 0 0 0 1 1 0.000076 -0.000955 0 -0.000112 0.999286 -0.037792 1.001 0.000952 0.037792 0.999285 0 0 0 0 1 1 0.000041 -0.000731 0.000001 -0.000069 0.999281 -0.037904 1.001 0.000729 0.037904 0.999281 -0.000008 0 0 0 1 1 0.000041 -0.000731 0.000001 -0.000069 0.999281 -0.037904 1.001 0.000729 0.037904 0.999281 -0.000008 0 0 0 1 1 0.00006 -0.000241 0.000000 -0.000069 0.999272 -0.03816 1.001 0.000239 0.03816 0.999272 -0.000005 0 0 0 1 1 0.000069 -0.000002 0 -0.000069 0.999266 -0.038295 1.001 0 0.038295 0.999266 0 0 0 0 1</float_array>
        <technique_common>
          <accessor source="#Pelvis_matrix_Pelvis_transform-output-array" count="106" stride="16">
            <param name="TRANSFORM" type="float4x4"/>
          </accessor>
        </technique_common>
      </source>
      <source id="Pelvis_matrix_Pelvis_transform-interpolations">
        <Name_array id="Pelvis_matrix_Pelvis_transform-interpolations-array" count="106">LINEAR LINEAR LINEAR LINEAR LINEAR LINEAR LINEAR LINEAR LINEAR LINEAR LINEAR LINEAR LINEAR LINEAR LINEAR LINEAR LINEAR LINEAR LINEAR LINEAR LINEAR LINEAR LINEAR LINEAR LINEAR LINEAR LINEAR LINEAR LINEAR LINEAR LINEAR LINEAR LINEAR LINEAR LINEAR LINEAR LINEAR LINEAR LINEAR LINEAR LINEAR LINEAR LINEAR LINEAR LINEAR LINEAR LINEAR LINEAR LINEAR LINEAR LINEAR LINEAR LINEAR LINEAR LINEAR LINEAR LINEAR LINEAR LINEAR LINEAR LINEAR LINEAR LINEAR LINEAR LINEAR LINEAR LINEAR LINEAR LINEAR LINEAR LINEAR LINEAR LINEAR LINEAR LINEAR LINEAR LINEAR LINEAR LINEAR LINEAR LINEAR LINEAR LINEAR LINEAR LINEAR LINEAR LINEAR LINEAR LINEAR LINEAR LINEAR LINEAR LINEAR LINEAR LINEAR LINEAR LINEAR LINEAR LINEAR LINEAR LINEAR LINEAR LINEAR LINEAR LINEAR LINEAR</Name_array>
        <technique_common>
          <accessor source="#Pelvis_matrix_Pelvis_transform-interpolations-array" count="106" stride="1">
            <param name="INTERPOLATION" type="Name"/>
          </accessor>
        </technique_common>
      </source>
      <sampler id="Pelvis_matrix_Pelvis_transform-sampler">
        <input semantic="INPUT" source="#Pelvis_matrix_Pelvis_transform-input"/>
        <input semantic="OUTPUT" source="#Pelvis_matrix_Pelvis_transform-output"/>
        <input semantic="INTERPOLATION" source="#Pelvis_matrix_Pelvis_transform-interpolations"/>
      </sampler>
      <channel source="#Pelvis_matrix_Pelvis_transform-sampler" target="Pelvis/transform"/>
    </animation>
    <animation id="LeftUpLeg_Helper1_matrix">
      <source id="LeftUpLeg_Helper1_matrix_LeftUpLeg_Helper1_transform-input">
        <float_array id="LeftUpLeg_Helper1_matrix_LeftUpLeg_Helper1_transform-input-array" count="106">0 0.033333 0.066666 0.1 0.133333 0.166667 0.2 0.233333 0.266667 0.3 0.333333 0.366667 0.4 0.433333 0.466667 0.5 0.533333 0.566667 0.6 0.633333 0.666667 0.7 0.733333 0.766667 0.8 0.833333 0.866667 0.9 0.933333 0.966667 1 1.03333 1.06667 1.1 1.13333 1.16667 1.2 1.23333 1.26667 1.3 1.33333 1.36667 1.4 1.43333 1.46667 1.5 1.53333 1.56667 1.6 1.63333 1.66667 1.7 1.73333 1.76667 1.8 1.83333 1.86667 1.9 1.93333 1.96667 2 2.03333 2.06667 2.1 2.13333 2.16667 2.2 2.23333 2.26667 2.3 2.33333 2.36667 2.4 2.43333 2.46667 2.5 2.53333 2.56667 2.6 2.63333 2.66667 2.7 2.73333 2.76667 2.8 2.83333 2.86667 2.9 2.93333 2.96667 3 3.03333 3.06667 3.1 3.13333 3.16667 3.2 3.23333 3.26667 3.3 3.33333 3.36667 3.4 3.43333 3.46667 3.5</float_array>
        <technique_common>
          <accessor source="#LeftUpLeg_Helper1_matrix_LeftUpLeg_Helper1_transform-input-array" count="106" stride="1">
            <param name="TIME" type="float"/>
          </accessor>
        </technique_common>
        <technique profile="MAYA">
          <pre_infinity>CONSTANT</pre_infinity>
          <post_infinity>CONSTANT</post_infinity>
        </technique>
      </source>
      <source id="LeftUpLeg_Helper1_matrix_LeftUpLeg_Helper1_transform-output">
        <float_array id="LeftUpLeg_Helper1_matrix_LeftUpLeg_Helper1_transform-output-array" count="1696">-0.998534 0.054108 0.0013 0.087164 -0.054085 -0.998441 0.013781 -0.000001 0.002044 0.01369 0.999904 0 0 0 0 1 -0.998534 0.054118 0.0013 0.087164 -0.054096 -0.998446 0.013397 -0.000001 0.002023 0.013307 0.999909 0 0 0 0 1 -0.998534 0.054108 0.001299 0.087164 -0.054087 -0.998451 0.013059 -0.000001 0.002004 0.01297 0.999914 0 0 0 0 1 -0.998538 0.054029 0.001299 0.087164 -0.054008 -0.998459 0.012791 -0.000001 0.001988 0.012703 0.999917 0 0 0 0 1 -0.998546 0.053883 0.0013 0.087164 -0.053862 -0.998469 0.012622 -0.000001 0.001978 0.012534 0.999919 0 0 0 0 1 -0.998555 0.053727 0.001306 0.087164 -0.053706 -0.998474 0.012859 -0.000001 0.001995 0.01277 0.999916 0 0 0 0 1 -0.998563 0.053571 0.00131 0.087164 -0.053549 -0.998477 0.013235 -0.000001 0.002017 0.013145 0.999912 0 0 0 0 1 -0.998574 0.053367 0.001314 0.087164 -0.053345 -0.998486 0.013428 -0.000001 0.002029 0.013338 0.999909 0 0 0 0 1 -0.998586 0.053153 0.001317 0.087164 -0.05313 -0.998496 0.013553 -0.000001 0.002036 0.013464 0.999907 0 0 0 0 1 -0.998597 0.052938 0.001322 0.087164 -0.052916 -0.998508 0.013458 -0.000001 0.002033 0.013369 0.999909 0 0 0 0 1 -0.998607 0.052752 0.00133 0.087164 -0.05273 -0.99852 0.013333 -0.000001 0.002032 0.013245 0.99991 0 0 0 0 1 -0.998615 0.052598 0.001344 0.087164 -0.052576 -0.998528 0.013337 -0.000001 0.002043 0.013248 0.99991 0 0 0 0 1 -0.998622 0.052468 0.001361 0.087164 -0.052446 -0.998536 0.013264 -0.000001 0.002055 0.013174 0.999911 0 0 0 0 1 -0.998628 0.052348 0.001379 0.087164 -0.052326 -0.998544 0.013107 -0.000001 0.002063 0.013017 0.999913 0 0 0 0 1 -0.998633 0.052242 0.001398 0.087164 -0.05222 -0.998552 0.012888 -0.000001 0.002069 0.012797 0.999916 0 0 0 0 1 -0.998639 0.052144 0.001413 0.087164 -0.052123 -0.998565 0.01231 -0.000001 0.002053 0.01222 0.999923 0 0 0 0 1 -0.998643 0.052051 0.001427 0.087164 -0.052031 -0.998576 0.011809 -0.000001 0.002039 0.011718 0.999929 0 0 0 0 1 -0.998647 0.051981 0.001436 0.087164 -0.05196 -0.99858 0.011723 -0.000001 0.002044 0.011633 0.99993 0 0 0 0 1 -0.998651 0.051904 0.001447 0.087164 -0.051884 -0.998587 0.011448 -0.000001 0.002039 0.011358 0.999933 0 0 0 0 1 -0.998654 0.051845 0.001459 0.087164 -0.051825 -0.998594 0.011169 -0.000001 0.002036 0.011079 0.999937 0 0 0 0 1 -0.998655 0.051818 0.001468 0.087164 -0.051798 -0.998592 0.011419 -0.000001 0.002058 0.011327 0.999934 0 0 0 0 1 -0.998656 0.051816 0.001476 0.087164 -0.051794 -0.998584 0.012117 -0.000001 0.002101 0.012025 0.999925 0 0 0 0 1 -0.998656 0.051814 0.001484 0.087164 -0.051791 -0.99858 0.012483 -0.000001 0.002129 0.012389 0.999921 0 0 0 0 1 -0.998656 0.051811 0.001491 0.087164 -0.051788 -0.998578 0.012633 -0.000001 0.002143 0.012539 0.999919 0 0 0 0 1 -0.998656 0.051809 0.001492 0.087164 -0.051785 -0.998574 0.012972 -0.000001 0.002162 0.012878 0.999915 0 0 0 0 1 -0.998656 0.051809 0.001492 0.087164 -0.051784 -0.998565 0.013634 -0.000001 0.002196 0.013538 0.999906 0 0 0 0 1 -0.998655 0.051818 0.001489 0.087164 -0.051791 -0.998558 0.01411 -0.000001 0.002218 0.014014 0.999899 0 0 0 0 1 -0.998654 0.051848 0.001483 0.087164 -0.051821 -0.998552 0.014408 -0.000001 0.002228 0.014311 0.999895 0 0 0 0 1 -0.998652 0.051885 0.001471 0.087164 -0.051857 -0.998546 0.014722 -0.000001 0.002233 0.014626 0.999891 0 0 0 0 1 -0.99865 0.051926 0.001457 0.087164 -0.051898 -0.99854 0.014948 -0.000001 0.002231 0.014852 0.999887 0 0 0 0 1 -0.998648 0.05197 0.001445 0.087164 -0.051943 -0.998539 0.01488 -0.000001 0.002217 0.014785 0.999888 0 0 0 0 1 -0.998645 0.052023 0.00144 0.087164 -0.051997 -0.998542 0.014525 -0.000001 0.002194 0.01443 0.999893 0 0 0 0 1 -0.998641 0.052098 0.001434 0.087164 -0.052072 -0.998537 0.01457 -0.000001 0.002191 0.014475 0.999893 0 0 0 0 1 -0.998635 0.05221 0.001427 0.087164 -0.052183 -0.998527 0.014888 -0.000001 0.002202 0.014793 0.999888 0 0 0 0 1 -0.99863 0.052316 0.001418 0.087164 -0.052289 -0.998518 0.015092 -0.000001 0.002205 0.014998 0.999885 0 0 0 0 1 -0.998625 0.052413 0.001404 0.087164 -0.052385 -0.998509 0.015354 -0.000001 0.002207 0.015259 0.999881 0 0 0 0 1 -0.998618 0.052535 0.001382 0.087164 -0.052507 -0.998497 0.01568 -0.000001 0.002204 0.015586 0.999876 0 0 0 0 1 -0.99861 0.052698 0.001348 0.087164 -0.05267 -0.998489 0.015673 -0.000001 0.002172 0.01558 0.999876 0 0 0 0 1 -0.9986 0.052882 0.001307 0.087164 -0.052856 -0.998482 0.015514 -0.000001 0.002125 0.015423 0.999879 0 0 0 0 1 -0.99859 0.05307 0.00126 0.087164 -0.053045 -0.998479 0.015058 -0.000001 0.002057 0.014969 0.999886 0 0 0 0 1 -0.998585 0.053156 0.001214 0.087164 -0.053133 -0.99848 0.014654 -0.000001 0.001991 0.014569 0.999892 0 0 0 0 1 -0.998585 0.053174 0.001171 0.087164 -0.053152 -0.998479 0.014668 -0.000001 0.001949 0.014585 0.999892 0 0 0 0 1 -0.998585 0.053162 0.001143 0.087164 -0.05314 -0.99848 0.014635 -0.000001 0.001919 0.014554 0.999892 0 0 0 0 1 -0.998587 0.053136 0.001147 0.087164 -0.053113 -0.998482 0.014614 -0.000001 0.001922 0.014532 0.999893 0 0 0 0 1 -0.998588 0.053104 0.001167 0.087164 -0.053081 -0.998482 0.014669 -0.000001 0.001944 0.014586 0.999892 0 0 0 0 1 -0.99859 0.05307 0.001194 0.087164 -0.053046 -0.998479 0.015048 -0.000001 0.00199 0.014963 0.999886 0 0 0 0 1 -0.998592 0.053036 0.001222 0.087164 -0.05301 -0.998473 0.015522 -0.000001 0.002043 0.015435 0.999879 0 0 0 0 1 -0.998594 0.053003 0.001243 0.087164 -0.052977 -0.998471 0.015802 -0.000001 0.002079 0.015714 0.999874 0 0 0 0 1 -0.998595 0.052978 0.001258 0.087164 -0.052952 -0.998469 0.016003 -0.000001 0.002104 0.015914 0.999871 0 0 0 0 1 -0.998596 0.052962 0.001258 0.087164 -0.052935 -0.99847 0.015969 -0.000001 0.002102 0.01588 0.999872 0 0 0 0 1 -0.998596 0.05295 0.001254 0.087164 -0.052923 -0.99847 0.016025 -0.000001 0.0021 0.015936 0.999871 0 0 0 0 1 -0.998597 0.052942 0.001249 0.087164 -0.052915 -0.998469 0.016112 -0.000001 0.0021 0.016023 0.999869 0 0 0 0 1 -0.998597 0.052941 0.001245 0.087164 -0.052914 -0.998468 0.016195 -0.000001 0.0021 0.016106 0.999868 0 0 0 0 1 -0.998596 0.052957 0.001241 0.087164 -0.05293 -0.998466 0.016231 -0.000001 0.002099 0.016142 0.999867 0 0 0 0 1 -0.998593 0.053022 0.001237 0.087164 -0.052995 -0.998462 0.016294 -0.000001 0.002099 0.016206 0.999866 0 0 0 0 1 -0.998587 0.053121 0.001234 0.087164 -0.053094 -0.99846 0.016058 -0.000001 0.002086 0.01597 0.99987 0 0 0 0 1 -0.998583 0.053205 0.001232 0.087164 -0.053179 -0.998458 0.015905 -0.000001 0.002076 0.015817 0.999873 0 0 0 0 1 -0.998581 0.053234 0.00123 0.087164 -0.053207 -0.998453 0.016114 -0.000001 0.002086 0.016026 0.999869 0 0 0 0 1 -0.998581 0.053237 0.001228 0.087164 -0.053211 -0.998454 0.016046 -0.000001 0.002081 0.015958 0.99987 0 0 0 0 1 -0.998581 0.05323 0.001227 0.087164 -0.053204 -0.998458 0.015815 -0.000001 0.002067 0.015727 0.999874 0 0 0 0 1 -0.998582 0.053219 0.001226 0.087164 -0.053192 -0.998457 0.015969 -0.000001 0.002074 0.015882 0.999872 0 0 0 0 1 -0.998583 0.053206 0.001227 0.087164 -0.053179 -0.99845 0.01645 -0.000001 0.0021 0.016361 0.999864 0 0 0 0 1 -0.998583 0.053194 0.001234 0.087164 -0.053166 -0.998448 0.01658 -0.000001 0.002114 0.016491 0.999862 0 0 0 0 1 -0.998584 0.053186 0.001241 0.087164 -0.053158 -0.99845 0.016507 -0.000001 0.002117 0.016417 0.999863 0 0 0 0 1 -0.998583 0.053192 0.001248 0.087164 -0.053164 -0.998447 0.016661 -0.000001 0.002132 0.016571 0.99986 0 0 0 0 1 -0.998582 0.053223 0.00125 0.087164 -0.053194 -0.998435 0.017245 -0.000001 0.002166 0.017154 0.999851 0 0 0 0 1 -0.998577 0.053308 0.001251 0.087164 -0.053278 -0.998422 0.017764 -0.000001 0.002196 0.017672 0.999841 0 0 0 0 1 -0.998572 0.053415 0.001247 0.087164 -0.053383 -0.998408 0.01819 -0.000001 0.002217 0.018098 0.999834 0 0 0 0 1 -0.998564 0.053553 0.001235 0.087164 -0.053521 -0.998391 0.018747 -0.000001 0.002237 0.018654 0.999824 0 0 0 0 1 -0.998557 0.053697 0.001211 0.087164 -0.053663 -0.998372 0.019309 -0.000001 0.002246 0.019216 0.999813 0 0 0 0 1 -0.99855 0.053814 0.001183 0.087164 -0.05378 -0.998361 0.019581 -0.000001 0.002235 0.019489 0.999808 0 0 0 0 1 -0.998544 0.053922 0.001149 0.087164 -0.05389 -0.998356 0.019538 -0.000001 0.002201 0.019448 0.999808 0 0 0 0 1 -0.998534 0.054111 0.001114 0.087164 -0.054078 -0.99834 0.019797 -0.000001 0.002184 0.019708 0.999803 0 0 0 0 1 -0.998521 0.054352 0.001088 0.087164 -0.054319 -0.99832 0.020156 -0.000001 0.002182 0.020067 0.999796 0 0 0 0 1 -0.998508 0.054601 0.001069 0.087164 -0.054568 -0.998304 0.02027 -0.000001 0.002174 0.020181 0.999794 0 0 0 0 1 -0.998494 0.054856 0.001061 0.087164 -0.054824 -0.99829 0.020273 -0.000001 0.002171 0.020184 0.999794 0 0 0 0 1 -0.998478 0.055136 0.001056 0.087164 -0.055103 -0.998275 0.02024 -0.000001 0.00217 0.020151 0.999795 0 0 0 0 1 -0.998461 0.055444 0.001054 0.087164 -0.055412 -0.998266 0.01986 -0.000001 0.002153 0.019771 0.999802 0 0 0 0 1 -0.998445 0.05574 0.001052 0.087164 -0.055709 -0.998261 0.019257 -0.000001 0.002124 0.019168 0.999814 0 0 0 0 1 -0.998431 0.055984 0.001051 0.087164 -0.055955 -0.998265 0.018314 -0.000001 0.002075 0.018226 0.999832 0 0 0 0 1 -0.998425 0.056095 0.001051 0.087164 -0.056068 -0.998276 0.017368 -0.000001 0.002023 0.017281 0.999849 0 0 0 0 1 -0.998424 0.056118 0.001052 0.087164 -0.056093 -0.998287 0.016622 -0.000001 0.001983 0.016537 0.999861 0 0 0 0 1 -0.998422 0.056149 0.001055 0.087164 -0.056126 -0.998297 0.015883 -0.000001 0.001945 0.015799 0.999873 0 0 0 0 1 -0.99842 0.056173 0.001064 0.087164 -0.05615 -0.998305 0.015313 -0.000001 0.001923 0.015229 0.999882 0 0 0 0 1 -0.998421 0.056167 0.001074 0.087164 -0.056145 -0.998311 0.014926 -0.000001 0.001911 0.014842 0.999888 0 0 0 0 1 -0.998425 0.056087 0.001082 0.087164 -0.056065 -0.998318 0.014751 -0.000001 0.001908 0.014667 0.999891 0 0 0 0 1 -0.998431 0.055991 0.001089 0.087164 -0.055969 -0.998326 0.014609 -0.000001 0.001905 0.014525 0.999893 0 0 0 0 1 -0.998437 0.055872 0.001094 0.087164 -0.055851 -0.998335 0.014398 -0.000001 0.001896 0.014314 0.999896 0 0 0 0 1 -0.998445 0.055736 0.001098 0.087164 -0.055714 -0.998345 0.014258 -0.000001 0.001891 0.014175 0.999898 0 0 0 0 1 -0.998452 0.055607 0.001103 0.087164 -0.055585 -0.998354 0.014138 -0.000001 0.001887 0.014054 0.999899 0 0 0 0 1 -0.998459 0.05548 0.001111 0.087164 -0.055459 -0.998362 0.014075 -0.000001 0.00189 0.013992 0.9999 0 0 0 0 1 -0.998467 0.055346 0.001125 0.087164 -0.055325 -0.99837 0.01404 -0.000001 0.0019 0.013956 0.999901 0 0 0 0 1 -0.998474 0.055205 0.001142 0.087164 -0.055184 -0.998379 0.013896 -0.000001 0.001907 0.013811 0.999903 0 0 0 0 1 -0.998482 0.055058 0.001161 0.087164 -0.055037 -0.99839 0.013694 -0.000001 0.001913 0.013609 0.999906 0 0 0 0 1 -0.998489 0.054934 0.00118 0.087164 -0.054913 -0.998401 0.013387 -0.000001 0.001914 0.013302 0.99991 0 0 0 0 1 -0.998497 0.054801 0.001194 0.087164 -0.05478 -0.998411 0.013178 -0.000001 0.001914 0.013093 0.999912 0 0 0 0 1 -0.998503 0.054679 0.001205 0.087164 -0.054658 -0.998418 0.013166 -0.000001 0.001923 0.01308 0.999913 0 0 0 0 1 -0.998508 0.054595 0.001214 0.087164 -0.054574 -0.998423 0.013152 -0.000001 0.00193 0.013066 0.999913 0 0 0 0 1 -0.998512 0.054517 0.001224 0.087164 -0.054496 -0.998427 0.01314 -0.000001 0.001938 0.013054 0.999913 0 0 0 0 1 -0.998517 0.054433 0.001234 0.087164 -0.054412 -0.998432 0.013133 -0.000001 0.001947 0.013047 0.999913 0 0 0 0 1 -0.99852 0.054363 0.001245 0.087164 -0.054342 -0.998436 0.013141 -0.000001 0.001957 0.013054 0.999913 0 0 0 0 1 -0.998523 0.054314 0.001255 0.087164 -0.054292 -0.998438 0.013182 -0.000001 0.001969 0.013094 0.999912 0 0 0 0 1 -0.998524 0.0543 0.001265 0.087164 -0.054278 -0.998437 0.013299 -0.000001 0.001985 0.013211 0.999911 0 0 0 0 1 -0.998524 0.0543 0.001265 0.087164 -0.054278 -0.998437 0.013299 -0.000001 0.001985 0.013211 0.999911 0 0 0 0 1 -0.998524 0.054305 0.001268 0.087164 -0.054283 -0.998433 0.013622 -0.000001 0.002006 0.013533 0.999906 0 0 0 0 1 -0.998523 0.054314 0.001272 0.087164 -0.054291 -0.99843 0.01378 -0.000001 0.002019 0.01369 0.999904 0 0 0 0 1</float_array>
        <technique_common>
          <accessor source="#LeftUpLeg_Helper1_matrix_LeftUpLeg_Helper1_transform-output-array" count="106" stride="16">
            <param name="TRANSFORM" type="float4x4"/>
          </accessor>
        </technique_common>
      </source>
      <source id="LeftUpLeg_Helper1_matrix_LeftUpLeg_Helper1_transform-interpolations">
        <Name_array id="LeftUpLeg_Helper1_matrix_LeftUpLeg_Helper1_transform-interpolations-array" count="106">LINEAR LINEAR LINEAR LINEAR LINEAR LINEAR LINEAR LINEAR LINEAR LINEAR LINEAR LINEAR LINEAR LINEAR LINEAR LINEAR LINEAR LINEAR LINEAR LINEAR LINEAR LINEAR LINEAR LINEAR LINEAR LINEAR LINEAR LINEAR LINEAR LINEAR LINEAR LINEAR LINEAR LINEAR LINEAR LINEAR LINEAR LINEAR LINEAR LINEAR LINEAR LINEAR LINEAR LINEAR LINEAR LINEAR LINEAR LINEAR LINEAR LINEAR LINEAR LINEAR LINEAR LINEAR LINEAR LINEAR LINEAR LINEAR LINEAR LINEAR LINEAR LINEAR LINEAR LINEAR LINEAR LINEAR LINEAR LINEAR LINEAR LINEAR LINEAR LINEAR LINEAR LINEAR LINEAR LINEAR LINEAR LINEAR LINEAR LINEAR LINEAR LINEAR LINEAR LINEAR LINEAR LINEAR LINEAR LINEAR LINEAR LINEAR LINEAR LINEAR LINEAR LINEAR LINEAR LINEAR LINEAR LINEAR LINEAR LINEAR LINEAR LINEAR LINEAR LINEAR LINEAR LINEAR</Name_array>
        <technique_common>
          <accessor source="#LeftUpLeg_Helper1_matrix_LeftUpLeg_Helper1_transform-interpolations-array" count="106" stride="1">
            <param name="INTERPOLATION" type="Name"/>
          </accessor>
        </technique_common>
      </source>
      <sampler id="LeftUpLeg_Helper1_matrix_LeftUpLeg_Helper1_transform-sampler">
        <input semantic="INPUT" source="#LeftUpLeg_Helper1_matrix_LeftUpLeg_Helper1_transform-input"/>
        <input semantic="OUTPUT" source="#LeftUpLeg_Helper1_matrix_LeftUpLeg_Helper1_transform-output"/>
        <input semantic="INTERPOLATION" source="#LeftUpLeg_Helper1_matrix_LeftUpLeg_Helper1_transform-interpolations"/>
      </sampler>
      <channel source="#LeftUpLeg_Helper1_matrix_LeftUpLeg_Helper1_transform-sampler" target="LeftUpLeg_Helper1/transform"/>
    </animation>
    <animation id="RightUpLeg_Helper1_matrix">
      <source id="RightUpLeg_Helper1_matrix_RightUpLeg_Helper1_transform-input">
        <float_array id="RightUpLeg_Helper1_matrix_RightUpLeg_Helper1_transform-input-array" count="106">0 0.033333 0.066666 0.1 0.133333 0.166667 0.2 0.233333 0.266667 0.3 0.333333 0.366667 0.4 0.433333 0.466667 0.5 0.533333 0.566667 0.6 0.633333 0.666667 0.7 0.733333 0.766667 0.8 0.833333 0.866667 0.9 0.933333 0.966667 1 1.03333 1.06667 1.1 1.13333 1.16667 1.2 1.23333 1.26667 1.3 1.33333 1.36667 1.4 1.43333 1.46667 1.5 1.53333 1.56667 1.6 1.63333 1.66667 1.7 1.73333 1.76667 1.8 1.83333 1.86667 1.9 1.93333 1.96667 2 2.03333 2.06667 2.1 2.13333 2.16667 2.2 2.23333 2.26667 2.3 2.33333 2.36667 2.4 2.43333 2.46667 2.5 2.53333 2.56667 2.6 2.63333 2.66667 2.7 2.73333 2.76667 2.8 2.83333 2.86667 2.9 2.93333 2.96667 3 3.03333 3.06667 3.1 3.13333 3.16667 3.2 3.23333 3.26667 3.3 3.33333 3.36667 3.4 3.43333 3.46667 3.5</float_array>
        <technique_common>
          <accessor source="#RightUpLeg_Helper1_matrix_RightUpLeg_Helper1_transform-input-array" count="106" stride="1">
            <param name="TIME" type="float"/>
          </accessor>
        </technique_common>
        <technique profile="MAYA">
          <pre_infinity>CONSTANT</pre_infinity>
          <post_infinity>CONSTANT</post_infinity>
        </technique>
      </source>
      <source id="RightUpLeg_Helper1_matrix_RightUpLeg_Helper1_transform-output">
        <float_array id="RightUpLeg_Helper1_matrix_RightUpLeg_Helper1_transform-output-array" count="1696">-0.998526 0.054266 0.001278 -0.087164 0.054243 0.998433 -0.013767 0 -0.002023 -0.013677 -0.999904 0 0 0 0 1 -0.99852 0.054373 0.001298 -0.087164 0.05435 0.998427 -0.013765 0 -0.002044 -0.013674 -0.999904 0 0 0 0 1 -0.998516 0.054446 0.001317 -0.087164 0.054423 0.998423 -0.013764 0 -0.002065 -0.013672 -0.999904 0 0 0 0 1 -0.998511 0.054532 0.001338 -0.087164 0.054508 0.998418 -0.01377 0 -0.002087 -0.013677 -0.999904 0 0 0 0 1 -0.998503 0.054685 0.001356 -0.087164 0.054662 0.99841 -0.013797 0 -0.002109 -0.013702 -0.999904 0 0 0 0 1 -0.998493 0.054856 0.001368 -0.087164 0.054831 0.998395 -0.014192 0 -0.002145 -0.014096 -0.999898 0 0 0 0 1 -0.998484 0.055027 0.001369 -0.087164 0.055001 0.998378 -0.014708 0 -0.002176 -0.01461 -0.999891 0 0 0 0 1 -0.998472 0.055236 0.001364 -0.087164 0.05521 0.998363 -0.014956 0 -0.002188 -0.014857 -0.999887 0 0 0 0 1 -0.99846 0.055454 0.00136 -0.087164 0.055427 0.998349 -0.0151 0 -0.002195 -0.015002 -0.999885 0 0 0 0 1 -0.998448 0.055673 0.001357 -0.087164 0.055646 0.998335 -0.015158 0 -0.002199 -0.015058 -0.999884 0 0 0 0 1 -0.998438 0.055858 0.001355 -0.087164 0.055832 0.998325 -0.015146 0 -0.002199 -0.015047 -0.999884 0 0 0 0 1 -0.99843 0.056003 0.001354 -0.087164 0.055977 0.998319 -0.015033 0 -0.002193 -0.014933 -0.999886 0 0 0 0 1 -0.998422 0.056134 0.001353 -0.087164 0.056108 0.998313 -0.014938 0 -0.00219 -0.014838 -0.999888 0 0 0 0 1 -0.998415 0.05626 0.001356 -0.087164 0.056233 0.998307 -0.014861 0 -0.00219 -0.014761 -0.999889 0 0 0 0 1 -0.998409 0.056369 0.001365 -0.087164 0.056343 0.998303 -0.014746 0 -0.002194 -0.014645 -0.99989 0 0 0 0 1 -0.998403 0.056472 0.001381 -0.087164 0.056446 0.998302 -0.014351 0 -0.002189 -0.01425 -0.999896 0 0 0 0 1 -0.998398 0.056565 0.001394 -0.087164 0.05654 0.998302 -0.014026 0 -0.002185 -0.013924 -0.999901 0 0 0 0 1 -0.998393 0.056647 0.001398 -0.087164 0.056622 0.998295 -0.014142 0 -0.002197 -0.01404 -0.999899 0 0 0 0 1 -0.998389 0.056721 0.001397 -0.087164 0.056696 0.998294 -0.013981 0 -0.002188 -0.013879 -0.999901 0 0 0 0 1 -0.998384 0.056803 0.001386 -0.087164 0.056779 0.99829 -0.013886 0 -0.002173 -0.013785 -0.999903 0 0 0 0 1 -0.998381 0.05687 0.001368 -0.087164 0.056845 0.998283 -0.014144 0 -0.00217 -0.014044 -0.999899 0 0 0 0 1 -0.998379 0.056899 0.001345 -0.087164 0.056873 0.998272 -0.014772 0 -0.002183 -0.014671 -0.99989 0 0 0 0 1 -0.998378 0.056911 0.001328 -0.087164 0.056884 0.998267 -0.01509 0 -0.002185 -0.014989 -0.999885 0 0 0 0 1 -0.998378 0.056913 0.001326 -0.087164 0.056887 0.998266 -0.015148 0 -0.002186 -0.015048 -0.999884 0 0 0 0 1 -0.998378 0.05691 0.001334 -0.087164 0.056883 0.998263 -0.015315 0 -0.002203 -0.015214 -0.999882 0 0 0 0 1 -0.99838 0.056887 0.00135 -0.087164 0.056859 0.998256 -0.01585 0 -0.002249 -0.015747 -0.999873 0 0 0 0 1 -0.998381 0.05686 0.001375 -0.087164 0.05683 0.998251 -0.016254 0 -0.002297 -0.016149 -0.999867 0 0 0 0 1 -0.998383 0.056829 0.001409 -0.087164 0.056798 0.998249 -0.016524 0 -0.002346 -0.016417 -0.999862 0 0 0 0 1 -0.998385 0.056798 0.001449 -0.087164 0.056765 0.998245 -0.016877 0 -0.002405 -0.016767 -0.999857 0 0 0 0 1 -0.998386 0.056764 0.001496 -0.087164 0.056731 0.998242 -0.017154 0 -0.002467 -0.017041 -0.999852 0 0 0 0 1 -0.998388 0.056728 0.001547 -0.087164 0.056693 0.998245 -0.017101 0 -0.002515 -0.016986 -0.999853 0 0 0 0 1 -0.998391 0.056683 0.001603 -0.087164 0.056648 0.998254 -0.016752 0 -0.002549 -0.016634 -0.999858 0 0 0 0 1 -0.998394 0.056634 0.001652 -0.087164 0.056599 0.998254 -0.016875 0 -0.002604 -0.016755 -0.999856 0 0 0 0 1 -0.998396 0.056582 0.001689 -0.087164 0.056545 0.998251 -0.017271 0 -0.002663 -0.017147 -0.999849 0 0 0 0 1 -0.9984 0.05652 0.001716 -0.087164 0.056482 0.99825 -0.017527 0 -0.002704 -0.017402 -0.999845 0 0 0 0 1 -0.998405 0.056433 0.00173 -0.087164 0.056393 0.99825 -0.017804 0 -0.002732 -0.017678 -0.99984 0 0 0 0 1 -0.998411 0.056317 0.001735 -0.087164 0.056276 0.99825 -0.018173 0 -0.002756 -0.018047 -0.999833 0 0 0 0 1 -0.998421 0.056144 0.001739 -0.087164 0.056103 0.998258 -0.018281 0 -0.002762 -0.018155 -0.999831 0 0 0 0 1 -0.998432 0.055952 0.001742 -0.087164 0.055911 0.998269 -0.018257 0 -0.00276 -0.018131 -0.999832 0 0 0 0 1 -0.998444 0.05574 0.001744 -0.087164 0.0557 0.998286 -0.017958 0 -0.002742 -0.017833 -0.999837 0 0 0 0 1 -0.99845 0.055625 0.001745 -0.087164 0.055586 0.998299 -0.017569 0 -0.00272 -0.017445 -0.999844 0 0 0 0 1 -0.998452 0.055589 0.001745 -0.087164 0.05555 0.998303 -0.017495 0 -0.002714 -0.017371 -0.999845 0 0 0 0 1 -0.998452 0.055588 0.001738 -0.087164 0.055549 0.998303 -0.017454 0 -0.002705 -0.017331 -0.999846 0 0 0 0 1 -0.998452 0.055597 0.00172 -0.087164 0.055559 0.998303 -0.017434 0 -0.002687 -0.017311 -0.999847 0 0 0 0 1 -0.998451 0.055618 0.001696 -0.087164 0.05558 0.998302 -0.017443 0 -0.002663 -0.017322 -0.999846 0 0 0 0 1 -0.998449 0.055644 0.001662 -0.087164 0.055606 0.998294 -0.017797 0 -0.00265 -0.017676 -0.99984 0 0 0 0 1 -0.998448 0.055671 0.001627 -0.087164 0.055632 0.998284 -0.018256 0 -0.002641 -0.018137 -0.999832 0 0 0 0 1 -0.998447 0.055691 0.001599 -0.087164 0.055653 0.99828 -0.018445 0 -0.002623 -0.018327 -0.999829 0 0 0 0 1 -0.998446 0.055705 0.001577 -0.087164 0.055666 0.998278 -0.018504 0 -0.002605 -0.018387 -0.999828 0 0 0 0 1 -0.998445 0.055715 0.001566 -0.087164 0.055677 0.998282 -0.018263 0 -0.002581 -0.018148 -0.999832 0 0 0 0 1 -0.998445 0.05572 0.001563 -0.087164 0.055683 0.998286 -0.018026 0 -0.002565 -0.017911 -0.999836 0 0 0 0 1 -0.998445 0.055725 0.001564 -0.087164 0.055688 0.998287 -0.017919 0 -0.00256 -0.017804 -0.999838 0 0 0 0 1 -0.998445 0.055727 0.001567 -0.087164 0.055691 0.99829 -0.017756 0 -0.002554 -0.017641 -0.999841 0 0 0 0 1 -0.998446 0.055714 0.00157 -0.087164 0.055678 0.998295 -0.017542 0 -0.002545 -0.017427 -0.999845 0 0 0 0 1 -0.998448 0.055661 0.001574 -0.087164 0.055625 0.998302 -0.0173 0 -0.002534 -0.017186 -0.999849 0 0 0 0 1 -0.998455 0.055552 0.001578 -0.087164 0.055517 0.998317 -0.016775 0 -0.002507 -0.016662 -0.999858 0 0 0 0 1 -0.998461 0.055444 0.001583 -0.087164 0.05541 0.99833 -0.016332 0 -0.002486 -0.016219 -0.999865 0 0 0 0 1 -0.998467 0.055333 0.001589 -0.087164 0.0553 0.998337 -0.016305 0 -0.002488 -0.016192 -0.999866 0 0 0 0 1 -0.998468 0.055311 0.001595 -0.087164 0.055278 0.998342 -0.016059 0 -0.002481 -0.015946 -0.99987 0 0 0 0 1 -0.998467 0.055326 0.001599 -0.087164 0.055294 0.998346 -0.01577 0 -0.002469 -0.015658 -0.999874 0 0 0 0 1 -0.998465 0.055355 0.001595 -0.087164 0.055323 0.998341 -0.01593 0 -0.002474 -0.015817 -0.999872 0 0 0 0 1 -0.998464 0.055385 0.00158 -0.087164 0.055352 0.998331 -0.016494 0 -0.002491 -0.016382 -0.999863 0 0 0 0 1 -0.998463 0.055405 0.001566 -0.087164 0.055372 0.998325 -0.016769 0 -0.002492 -0.016657 -0.999858 0 0 0 0 1 -0.998462 0.055421 0.001556 -0.087164 0.055387 0.998324 -0.016792 0 -0.002484 -0.01668 -0.999858 0 0 0 0 1 -0.998461 0.055429 0.001552 -0.087164 0.055395 0.998321 -0.01694 0 -0.002489 -0.016828 -0.999855 0 0 0 0 1 -0.998461 0.055428 0.001558 -0.087164 0.055393 0.998312 -0.017438 0 -0.002522 -0.017325 -0.999847 0 0 0 0 1 -0.998463 0.055399 0.001573 -0.087164 0.055362 0.998307 -0.017812 0 -0.002557 -0.017698 -0.99984 0 0 0 0 1 -0.998468 0.055304 0.001595 -0.087164 0.055266 0.998308 -0.018088 0 -0.002593 -0.017973 -0.999835 0 0 0 0 1 -0.998475 0.055173 0.001623 -0.087164 0.055134 0.998308 -0.018459 0 -0.002639 -0.018341 -0.999828 0 0 0 0 1 -0.998483 0.055032 0.001656 -0.087164 0.054992 0.998309 -0.018828 0 -0.002689 -0.018708 -0.999821 0 0 0 0 1 -0.99849 0.054912 0.001691 -0.087164 0.054871 0.998315 -0.018851 0 -0.002724 -0.018729 -0.999821 0 0 0 0 1 -0.998496 0.054789 0.001728 -0.087164 0.054748 0.998329 -0.018497 0 -0.002738 -0.018374 -0.999827 0 0 0 0 1 -0.998507 0.054596 0.001753 -0.087164 0.054554 0.998339 -0.018506 0 -0.00276 -0.018383 -0.999827 0 0 0 0 1 -0.998521 0.054346 0.001762 -0.087164 0.054304 0.998351 -0.018595 0 -0.00277 -0.018472 -0.999826 0 0 0 0 1 -0.998535 0.054088 0.001751 -0.087164 0.054047 0.998368 -0.018434 0 -0.002745 -0.018312 -0.999829 0 0 0 0 1 -0.99855 0.053809 0.001703 -0.087164 0.05377 0.998389 -0.018095 0 -0.002674 -0.017977 -0.999835 0 0 0 0 1 -0.998566 0.053502 0.00163 -0.087164 0.053464 0.998411 -0.017783 0 -0.002579 -0.017671 -0.99984 0 0 0 0 1 -0.998585 0.053152 0.001537 -0.087164 0.053117 0.99844 -0.017233 0 -0.00245 -0.017127 -0.99985 0 0 0 0 1 -0.998604 0.05281 0.001437 -0.087164 0.052779 0.998469 -0.016579 0 -0.002311 -0.01648 -0.999862 0 0 0 0 1 -0.998619 0.052518 0.001346 -0.087164 0.052491 0.998497 -0.015747 0 -0.002171 -0.015654 -0.999875 0 0 0 0 1 -0.998627 0.052369 0.001273 -0.087164 0.052344 0.998518 -0.014883 0 -0.002051 -0.014796 -0.999888 0 0 0 0 1 -0.998629 0.052323 0.001239 -0.087164 0.052301 0.99853 -0.014211 0 -0.00198 -0.014127 -0.999898 0 0 0 0 1 -0.998631 0.052289 0.00123 -0.087164 0.052268 0.99854 -0.013671 0 -0.001943 -0.013588 -0.999906 0 0 0 0 1 -0.998632 0.05227 0.001248 -0.087164 0.052249 0.998545 -0.013337 0 -0.001944 -0.013253 -0.99991 0 0 0 0 1 -0.998631 0.052284 0.001275 -0.087164 0.052263 0.998547 -0.013135 0 -0.00196 -0.013051 -0.999913 0 0 0 0 1 -0.998626 0.052378 0.00129 -0.087164 0.052357 0.998542 -0.013107 0 -0.001974 -0.013022 -0.999913 0 0 0 0 1 -0.998621 0.052482 0.001293 -0.087164 0.052461 0.998538 -0.01305 0 -0.001976 -0.012964 -0.999914 0 0 0 0 1 -0.998615 0.052602 0.001292 -0.087164 0.052581 0.998532 -0.012986 0 -0.001974 -0.0129 -0.999915 0 0 0 0 1 -0.998608 0.052737 0.00129 -0.087164 0.052716 0.998525 -0.01296 0 -0.001972 -0.012874 -0.999915 0 0 0 0 1 -0.998601 0.052862 0.001288 -0.087164 0.052841 0.998519 -0.012945 0 -0.00197 -0.012859 -0.999915 0 0 0 0 1 -0.998594 0.052986 0.001285 -0.087164 0.052965 0.998513 -0.012925 0 -0.001968 -0.012839 -0.999916 0 0 0 0 1 -0.998587 0.053124 0.001284 -0.087164 0.053103 0.998506 -0.012884 0 -0.001966 -0.012798 -0.999916 0 0 0 0 1 -0.998579 0.053267 0.001283 -0.087164 0.053247 0.998499 -0.01279 0 -0.001962 -0.012704 -0.999917 0 0 0 0 1 -0.998571 0.053417 0.001286 -0.087164 0.053396 0.998493 -0.01266 0 -0.00196 -0.012574 -0.999919 0 0 0 0 1 -0.998565 0.053544 0.001296 -0.087164 0.053523 0.998488 -0.012485 0 -0.001962 -0.012398 -0.999921 0 0 0 0 1 -0.998557 0.053683 0.001309 -0.087164 0.053663 0.998482 -0.012426 0 -0.001974 -0.012338 -0.999922 0 0 0 0 1 -0.99855 0.053817 0.001319 -0.087164 0.053796 0.998473 -0.012587 0 -0.001995 -0.012498 -0.99992 0 0 0 0 1 -0.998545 0.053908 0.001323 -0.087164 0.053887 0.998465 -0.012782 0 -0.00201 -0.012692 -0.999917 0 0 0 0 1 -0.998541 0.053988 0.001321 -0.087164 0.053967 0.998459 -0.012943 0 -0.002017 -0.012853 -0.999915 0 0 0 0 1 -0.998536 0.054071 0.001307 -0.087164 0.05405 0.998452 -0.013113 0 -0.002015 -0.013023 -0.999913 0 0 0 0 1 -0.998533 0.05414 0.001289 -0.087164 0.054118 0.998446 -0.01327 0 -0.002005 -0.013181 -0.999911 0 0 0 0 1 -0.99853 0.054187 0.00127 -0.087164 0.054166 0.998442 -0.013412 0 -0.001994 -0.013323 -0.999909 0 0 0 0 1 -0.998529 0.054201 0.001254 -0.087164 0.054179 0.99844 -0.013518 0 -0.001985 -0.01343 -0.999908 0 0 0 0 1 -0.998529 0.054201 0.001254 -0.087164 0.054179 0.99844 -0.013518 0 -0.001985 -0.01343 -0.999908 0 0 0 0 1 -0.998529 0.054196 0.00126 -0.087164 0.054173 0.998438 -0.01369 0 -0.002 -0.013602 -0.999905 0 0 0 0 1 -0.99853 0.054187 0.001278 -0.087164 0.054165 0.998437 -0.013782 0 -0.002023 -0.013693 -0.999904 0 0 0 0 1</float_array>
        <technique_common>
          <accessor source="#RightUpLeg_Helper1_matrix_RightUpLeg_Helper1_transform-output-array" count="106" stride="16">
            <param name="TRANSFORM" type="float4x4"/>
          </accessor>
        </technique_common>
      </source>
      <source id="RightUpLeg_Helper1_matrix_RightUpLeg_Helper1_transform-interpolations">
        <Name_array id="RightUpLeg_Helper1_matrix_RightUpLeg_Helper1_transform-interpolations-array" count="106">LINEAR LINEAR LINEAR LINEAR LINEAR LINEAR LINEAR LINEAR LINEAR LINEAR LINEAR LINEAR LINEAR LINEAR LINEAR LINEAR LINEAR LINEAR LINEAR LINEAR LINEAR LINEAR LINEAR LINEAR LINEAR LINEAR LINEAR LINEAR LINEAR LINEAR LINEAR LINEAR LINEAR LINEAR LINEAR LINEAR LINEAR LINEAR LINEAR LINEAR LINEAR LINEAR LINEAR LINEAR LINEAR LINEAR LINEAR LINEAR LINEAR LINEAR LINEAR LINEAR LINEAR LINEAR LINEAR LINEAR LINEAR LINEAR LINEAR LINEAR LINEAR LINEAR LINEAR LINEAR LINEAR LINEAR LINEAR LINEAR LINEAR LINEAR LINEAR LINEAR LINEAR LINEAR LINEAR LINEAR LINEAR LINEAR LINEAR LINEAR LINEAR LINEAR LINEAR LINEAR LINEAR LINEAR LINEAR LINEAR LINEAR LINEAR LINEAR LINEAR LINEAR LINEAR LINEAR LINEAR LINEAR LINEAR LINEAR LINEAR LINEAR LINEAR LINEAR LINEAR LINEAR LINEAR</Name_array>
        <technique_common>
          <accessor source="#RightUpLeg_Helper1_matrix_RightUpLeg_Helper1_transform-interpolations-array" count="106" stride="1">
            <param name="INTERPOLATION" type="Name"/>
          </accessor>
        </technique_common>
      </source>
      <sampler id="RightUpLeg_Helper1_matrix_RightUpLeg_Helper1_transform-sampler">
        <input semantic="INPUT" source="#RightUpLeg_Helper1_matrix_RightUpLeg_Helper1_transform-input"/>
        <input semantic="OUTPUT" source="#RightUpLeg_Helper1_matrix_RightUpLeg_Helper1_transform-output"/>
        <input semantic="INTERPOLATION" source="#RightUpLeg_Helper1_matrix_RightUpLeg_Helper1_transform-interpolations"/>
      </sampler>
      <channel source="#RightUpLeg_Helper1_matrix_RightUpLeg_Helper1_transform-sampler" target="RightUpLeg_Helper1/transform"/>
    </animation>
    <animation id="LeftUpLeg_Helper2_matrix">
      <source id="LeftUpLeg_Helper2_matrix_LeftUpLeg_Helper2_transform-input">
        <float_array id="LeftUpLeg_Helper2_matrix_LeftUpLeg_Helper2_transform-input-array" count="106">0 0.033333 0.066666 0.1 0.133333 0.166667 0.2 0.233333 0.266667 0.3 0.333333 0.366667 0.4 0.433333 0.466667 0.5 0.533333 0.566667 0.6 0.633333 0.666667 0.7 0.733333 0.766667 0.8 0.833333 0.866667 0.9 0.933333 0.966667 1 1.03333 1.06667 1.1 1.13333 1.16667 1.2 1.23333 1.26667 1.3 1.33333 1.36667 1.4 1.43333 1.46667 1.5 1.53333 1.56667 1.6 1.63333 1.66667 1.7 1.73333 1.76667 1.8 1.83333 1.86667 1.9 1.93333 1.96667 2 2.03333 2.06667 2.1 2.13333 2.16667 2.2 2.23333 2.26667 2.3 2.33333 2.36667 2.4 2.43333 2.46667 2.5 2.53333 2.56667 2.6 2.63333 2.66667 2.7 2.73333 2.76667 2.8 2.83333 2.86667 2.9 2.93333 2.96667 3 3.03333 3.06667 3.1 3.13333 3.16667 3.2 3.23333 3.26667 3.3 3.33333 3.36667 3.4 3.43333 3.46667 3.5</float_array>
        <technique_common>
          <accessor source="#LeftUpLeg_Helper2_matrix_LeftUpLeg_Helper2_transform-input-array" count="106" stride="1">
            <param name="TIME" type="float"/>
          </accessor>
        </technique_common>
        <technique profile="MAYA">
          <pre_infinity>CONSTANT</pre_infinity>
          <post_infinity>CONSTANT</post_infinity>
        </technique>
      </source>
      <source id="LeftUpLeg_Helper2_matrix_LeftUpLeg_Helper2_transform-output">
        <float_array id="LeftUpLeg_Helper2_matrix_LeftUpLeg_Helper2_transform-output-array" count="1696">-0.998514 0.054108 0.006503 0.087164 -0.054013 -0.998441 0.014063 -0.000001 0.007254 0.01369 0.99988 0 0 0 0 1 -0.998513 0.054118 0.0065 0.087164 -0.054025 -0.998446 0.013679 -0.000001 0.00723 0.013307 0.999885 0 0 0 0 1 -0.998514 0.054108 0.006497 0.087164 -0.054018 -0.998451 0.013341 -0.000001 0.007209 0.01297 0.99989 0 0 0 0 1 -0.998518 0.054029 0.006496 0.087164 -0.053941 -0.998459 0.013072 -0.000001 0.007192 0.012703 0.999893 0 0 0 0 1 -0.998526 0.053883 0.006503 0.087164 -0.053796 -0.998469 0.012903 -0.000001 0.007188 0.012534 0.999896 0 0 0 0 1 -0.998534 0.053727 0.006533 0.087164 -0.053638 -0.998474 0.01314 -0.000001 0.007229 0.01277 0.999892 0 0 0 0 1 -0.998542 0.053571 0.006554 0.087164 -0.053479 -0.998477 0.013516 -0.000001 0.007268 0.013145 0.999887 0 0 0 0 1 -0.998553 0.053367 0.006571 0.087164 -0.053274 -0.998486 0.013708 -0.000001 0.007293 0.013338 0.999884 0 0 0 0 1 -0.998565 0.053153 0.006589 0.087164 -0.053058 -0.998496 0.013833 -0.000001 0.007314 0.013464 0.999883 0 0 0 0 1 -0.998576 0.052938 0.006612 0.087164 -0.052844 -0.998508 0.013738 -0.000001 0.00733 0.013369 0.999884 0 0 0 0 1 -0.998585 0.052752 0.006654 0.087164 -0.052658 -0.99852 0.013614 -0.000001 0.007363 0.013245 0.999885 0 0 0 0 1 -0.998593 0.052598 0.006721 0.087164 -0.052503 -0.998528 0.01362 -0.000001 0.007428 0.013248 0.999885 0 0 0 0 1 -0.998599 0.052468 0.006805 0.087164 -0.052372 -0.998536 0.013549 -0.000001 0.007506 0.013174 0.999885 0 0 0 0 1 -0.998605 0.052348 0.006898 0.087164 -0.052252 -0.998544 0.013396 -0.000001 0.00759 0.013017 0.999886 0 0 0 0 1 -0.99861 0.052242 0.00699 0.087164 -0.052147 -0.998552 0.01318 -0.000001 0.007668 0.012797 0.999889 0 0 0 0 1 -0.998614 0.052144 0.007069 0.087164 -0.052053 -0.998565 0.012605 -0.000001 0.007716 0.01222 0.999896 0 0 0 0 1 -0.998619 0.052051 0.007135 0.087164 -0.051962 -0.998576 0.012106 -0.000001 0.007755 0.011718 0.999901 0 0 0 0 1 -0.998622 0.051981 0.007184 0.087164 -0.051892 -0.99858 0.012022 -0.000001 0.007799 0.011633 0.999902 0 0 0 0 1 -0.998626 0.051904 0.007237 0.087164 -0.051817 -0.998587 0.011749 -0.000001 0.007836 0.011358 0.999905 0 0 0 0 1 -0.998628 0.051845 0.007296 0.087164 -0.051759 -0.998594 0.011472 -0.000001 0.00788 0.011079 0.999908 0 0 0 0 1 -0.99863 0.051818 0.007343 0.087164 -0.05173 -0.998592 0.011723 -0.000001 0.00794 0.011327 0.999904 0 0 0 0 1 -0.998629 0.051816 0.00738 0.087164 -0.051722 -0.998584 0.012423 -0.000001 0.008013 0.012025 0.999896 0 0 0 0 1 -0.998629 0.051814 0.007423 0.087164 -0.051716 -0.99858 0.012791 -0.000001 0.008075 0.012389 0.999891 0 0 0 0 1 -0.998629 0.051811 0.007457 0.087164 -0.051712 -0.998578 0.012942 -0.000001 0.008117 0.012539 0.999888 0 0 0 0 1 -0.998629 0.051809 0.007464 0.087164 -0.051707 -0.998574 0.013282 -0.000001 0.008142 0.012878 0.999884 0 0 0 0 1 -0.998629 0.051809 0.007459 0.087164 -0.051702 -0.998565 0.013943 -0.000001 0.008171 0.013538 0.999875 0 0 0 0 1 -0.998629 0.051818 0.007446 0.087164 -0.051706 -0.998558 0.014419 -0.000001 0.008182 0.014014 0.999868 0 0 0 0 1 -0.998627 0.051848 0.007417 0.087164 -0.051734 -0.998552 0.014715 -0.000001 0.008169 0.014311 0.999864 0 0 0 0 1 -0.998626 0.051885 0.007356 0.087164 -0.05177 -0.998546 0.015028 -0.000001 0.008125 0.014626 0.99986 0 0 0 0 1 -0.998624 0.051926 0.007287 0.087164 -0.05181 -0.99854 0.015251 -0.000001 0.008069 0.014852 0.999857 0 0 0 0 1 -0.998622 0.05197 0.007229 0.087164 -0.051856 -0.998539 0.015181 -0.000001 0.008007 0.014785 0.999859 0 0 0 0 1 -0.99862 0.052023 0.007202 0.087164 -0.051912 -0.998542 0.014825 -0.000001 0.007963 0.01443 0.999864 0 0 0 0 1 -0.998616 0.052098 0.007171 0.087164 -0.051987 -0.998537 0.014869 -0.000001 0.007935 0.014475 0.999864 0 0 0 0 1 -0.998611 0.05221 0.007136 0.087164 -0.052097 -0.998527 0.015186 -0.000001 0.007918 0.014793 0.999859 0 0 0 0 1 -0.998605 0.052316 0.007091 0.087164 -0.052202 -0.998518 0.015389 -0.000001 0.007886 0.014998 0.999856 0 0 0 0 1 -0.998601 0.052413 0.007023 0.087164 -0.052298 -0.998509 0.015648 -0.000001 0.007832 0.015259 0.999853 0 0 0 0 1 -0.998595 0.052535 0.006912 0.087164 -0.05242 -0.998497 0.01597 -0.000001 0.00774 0.015586 0.999849 0 0 0 0 1 -0.998588 0.052698 0.006742 0.087164 -0.052585 -0.998489 0.015957 -0.000001 0.007573 0.01558 0.99985 0 0 0 0 1 -0.998579 0.052882 0.006536 0.087164 -0.052774 -0.998482 0.01579 -0.000001 0.007361 0.015423 0.999854 0 0 0 0 1 -0.998571 0.05307 0.006302 0.087164 -0.052968 -0.998479 0.015325 -0.000001 0.007106 0.014969 0.999863 0 0 0 0 1 -0.998568 0.053156 0.006071 0.087164 -0.053061 -0.99848 0.014912 -0.000001 0.006855 0.014569 0.99987 0 0 0 0 1 -0.998568 0.053174 0.005857 0.087164 -0.053082 -0.998479 0.014917 -0.000001 0.006641 0.014585 0.999872 0 0 0 0 1 -0.998569 0.053162 0.005717 0.087164 -0.053072 -0.99848 0.014878 -0.000001 0.006499 0.014554 0.999873 0 0 0 0 1 -0.998571 0.053136 0.005736 0.087164 -0.053046 -0.998482 0.014858 -0.000001 0.006517 0.014532 0.999873 0 0 0 0 1 -0.998572 0.053104 0.005835 0.087164 -0.053012 -0.998482 0.014917 -0.000001 0.006619 0.014586 0.999872 0 0 0 0 1 -0.998573 0.05307 0.00597 0.087164 -0.052973 -0.998479 0.015301 -0.000001 0.006773 0.014963 0.999865 0 0 0 0 1 -0.998574 0.053036 0.00611 0.087164 -0.052934 -0.998473 0.015781 -0.000001 0.006938 0.015435 0.999857 0 0 0 0 1 -0.998575 0.053003 0.006219 0.087164 -0.052898 -0.998471 0.016066 -0.000001 0.007061 0.015714 0.999852 0 0 0 0 1 -0.998576 0.052978 0.006291 0.087164 -0.05287 -0.998469 0.01627 -0.000001 0.007144 0.015914 0.999848 0 0 0 0 1 -0.998577 0.052962 0.006293 0.087164 -0.052854 -0.99847 0.016236 -0.000001 0.007143 0.01588 0.999848 0 0 0 0 1 -0.998577 0.05295 0.00627 0.087164 -0.052842 -0.99847 0.01629 -0.000001 0.007123 0.015936 0.999848 0 0 0 0 1 -0.998578 0.052942 0.006246 0.087164 -0.052834 -0.998469 0.016377 -0.000001 0.007103 0.016023 0.999846 0 0 0 0 1 -0.998578 0.052941 0.006225 0.087164 -0.052832 -0.998468 0.016459 -0.000001 0.007087 0.016106 0.999845 0 0 0 0 1 -0.998577 0.052957 0.006206 0.087164 -0.052849 -0.998466 0.016494 -0.000001 0.00707 0.016142 0.999845 0 0 0 0 1 -0.998574 0.053022 0.006189 0.087164 -0.052913 -0.998462 0.016557 -0.000001 0.007057 0.016206 0.999844 0 0 0 0 1 -0.998569 0.053121 0.006174 0.087164 -0.053014 -0.99846 0.016321 -0.000001 0.007032 0.01597 0.999848 0 0 0 0 1 -0.998565 0.053205 0.006163 0.087164 -0.053099 -0.998458 0.016167 -0.000001 0.007013 0.015817 0.99985 0 0 0 0 1 -0.998563 0.053234 0.006152 0.087164 -0.053127 -0.998453 0.016376 -0.000001 0.007014 0.016026 0.999847 0 0 0 0 1 -0.998563 0.053237 0.006143 0.087164 -0.053131 -0.998454 0.016308 -0.000001 0.007002 0.015958 0.999848 0 0 0 0 1 -0.998563 0.05323 0.006135 0.087164 -0.053126 -0.998458 0.016076 -0.000001 0.006981 0.015727 0.999852 0 0 0 0 1 -0.998564 0.053219 0.006131 0.087164 -0.053113 -0.998457 0.016231 -0.000001 0.006985 0.015882 0.999849 0 0 0 0 1 -0.998565 0.053206 0.006137 0.087164 -0.053097 -0.99845 0.016711 -0.000001 0.007017 0.016361 0.999842 0 0 0 0 1 -0.998565 0.053194 0.006172 0.087164 -0.053083 -0.998448 0.016843 -0.000001 0.007058 0.016491 0.999839 0 0 0 0 1 -0.998565 0.053186 0.006209 0.087164 -0.053076 -0.99845 0.016771 -0.000001 0.007091 0.016417 0.99984 0 0 0 0 1 -0.998565 0.053192 0.00624 0.087164 -0.05308 -0.998447 0.016926 -0.000001 0.007131 0.016571 0.999837 0 0 0 0 1 -0.998563 0.053223 0.006254 0.087164 -0.053107 -0.998435 0.017511 -0.000001 0.007176 0.017154 0.999827 0 0 0 0 1 -0.998558 0.053308 0.006256 0.087164 -0.053188 -0.998422 0.018031 -0.000001 0.007207 0.017672 0.999818 0 0 0 0 1 -0.998553 0.053415 0.006238 0.087164 -0.053292 -0.998408 0.018457 -0.000001 0.007214 0.018098 0.99981 0 0 0 0 1 -0.998546 0.053553 0.006175 0.087164 -0.053427 -0.998391 0.019011 -0.000001 0.007183 0.018654 0.9998 0 0 0 0 1 -0.998539 0.053697 0.006058 0.087164 -0.053569 -0.998372 0.019569 -0.000001 0.007099 0.019216 0.99979 0 0 0 0 1 -0.998533 0.053814 0.005915 0.087164 -0.053687 -0.998361 0.019835 -0.000001 0.006973 0.019489 0.999786 0 0 0 0 1 -0.998529 0.053922 0.005747 0.087164 -0.053799 -0.998356 0.019786 -0.000001 0.006805 0.019448 0.999788 0 0 0 0 1 -0.998519 0.054111 0.005574 0.087164 -0.053989 -0.99834 0.020038 -0.000001 0.006649 0.019708 0.999784 0 0 0 0 1 -0.998507 0.054352 0.005441 0.087164 -0.054231 -0.99832 0.020393 -0.000001 0.00654 0.020067 0.999777 0 0 0 0 1 -0.998494 0.054601 0.005349 0.087164 -0.05448 -0.998304 0.020503 -0.000001 0.006459 0.020181 0.999775 0 0 0 0 1 -0.99848 0.054856 0.005305 0.087164 -0.054737 -0.99829 0.020505 -0.000001 0.006421 0.020184 0.999776 0 0 0 0 1 -0.998465 0.055136 0.005283 0.087164 -0.055017 -0.998275 0.020473 -0.000001 0.006402 0.020151 0.999776 0 0 0 0 1 -0.998448 0.055444 0.005271 0.087164 -0.055328 -0.998266 0.020094 -0.000001 0.006376 0.019771 0.999784 0 0 0 0 1 -0.998431 0.05574 0.005263 0.087164 -0.055627 -0.998261 0.019492 -0.000001 0.006341 0.019168 0.999796 0 0 0 0 1 -0.998418 0.055984 0.005258 0.087164 -0.055877 -0.998265 0.01855 -0.000001 0.006287 0.018226 0.999814 0 0 0 0 1 -0.998412 0.056095 0.005256 0.087164 -0.055995 -0.998276 0.017604 -0.000001 0.006234 0.017281 0.999831 0 0 0 0 1 -0.99841 0.056118 0.00526 0.087164 -0.056023 -0.998287 0.016858 -0.000001 0.006197 0.016537 0.999844 0 0 0 0 1 -0.998408 0.056149 0.005277 0.087164 -0.056058 -0.998297 0.01612 -0.000001 0.006173 0.015799 0.999856 0 0 0 0 1 -0.998407 0.056173 0.005324 0.087164 -0.056085 -0.998305 0.015553 -0.000001 0.006189 0.015229 0.999865 0 0 0 0 1 -0.998407 0.056167 0.005374 0.087164 -0.05608 -0.998311 0.015167 -0.000001 0.006217 0.014842 0.999871 0 0 0 0 1 -0.998411 0.056087 0.005413 0.087164 -0.056001 -0.998318 0.014994 -0.000001 0.006245 0.014667 0.999873 0 0 0 0 1 -0.998416 0.055991 0.005447 0.087164 -0.055905 -0.998326 0.014853 -0.000001 0.006269 0.014525 0.999875 0 0 0 0 1 -0.998423 0.055872 0.00547 0.087164 -0.055787 -0.998335 0.014642 -0.000001 0.006279 0.014314 0.999878 0 0 0 0 1 -0.99843 0.055736 0.005491 0.087164 -0.055651 -0.998345 0.014503 -0.000001 0.006291 0.014175 0.99988 0 0 0 0 1 -0.998437 0.055607 0.005517 0.087164 -0.055522 -0.998354 0.014383 -0.000001 0.006308 0.014054 0.999881 0 0 0 0 1 -0.998444 0.05548 0.005557 0.087164 -0.055396 -0.998362 0.014322 -0.000001 0.006342 0.013992 0.999882 0 0 0 0 1 -0.998451 0.055346 0.005625 0.087164 -0.055261 -0.99837 0.014289 -0.000001 0.006407 0.013956 0.999882 0 0 0 0 1 -0.998459 0.055205 0.005711 0.087164 -0.05512 -0.998379 0.014148 -0.000001 0.006483 0.013811 0.999884 0 0 0 0 1 -0.998466 0.055058 0.005807 0.087164 -0.054973 -0.99839 0.01395 -0.000001 0.006566 0.013609 0.999886 0 0 0 0 1 -0.998473 0.054934 0.005902 0.087164 -0.054849 -0.998401 0.013647 -0.000001 0.006642 0.013302 0.999889 0 0 0 0 1 -0.998479 0.054801 0.005971 0.087164 -0.054716 -0.998411 0.01344 -0.000001 0.006698 0.013093 0.999892 0 0 0 0 1 -0.998486 0.054679 0.006025 0.087164 -0.054594 -0.998418 0.01343 -0.000001 0.00675 0.01308 0.999892 0 0 0 0 1 -0.99849 0.054595 0.006074 0.087164 -0.054509 -0.998423 0.013418 -0.000001 0.006797 0.013066 0.999892 0 0 0 0 1 -0.998494 0.054517 0.006121 0.087164 -0.054431 -0.998427 0.013407 -0.000001 0.006843 0.013054 0.999891 0 0 0 0 1 -0.998498 0.054433 0.006174 0.087164 -0.054347 -0.998432 0.013402 -0.000001 0.006894 0.013047 0.999891 0 0 0 0 1 -0.998502 0.054363 0.006227 0.087164 -0.054276 -0.998436 0.013412 -0.000001 0.006946 0.013054 0.999891 0 0 0 0 1 -0.998504 0.054314 0.006278 0.087164 -0.054225 -0.998438 0.013455 -0.000001 0.006999 0.013094 0.99989 0 0 0 0 1 -0.998505 0.0543 0.006325 0.087164 -0.05421 -0.998437 0.013574 -0.000001 0.007053 0.013211 0.999888 0 0 0 0 1 -0.998505 0.0543 0.006325 0.087164 -0.05421 -0.998437 0.013574 -0.000001 0.007053 0.013211 0.999888 0 0 0 0 1 -0.998504 0.054305 0.006342 0.087164 -0.054213 -0.998433 0.013897 -0.000001 0.007087 0.013533 0.999883 0 0 0 0 1 -0.998504 0.054314 0.006364 0.087164 -0.05422 -0.99843 0.014056 -0.000001 0.007117 0.01369 0.999881 0 0 0 0 1</float_array>
        <technique_common>
          <accessor source="#LeftUpLeg_Helper2_matrix_LeftUpLeg_Helper2_transform-output-array" count="106" stride="16">
            <param name="TRANSFORM" type="float4x4"/>
          </accessor>
        </technique_common>
      </source>
      <source id="LeftUpLeg_Helper2_matrix_LeftUpLeg_Helper2_transform-interpolations">
        <Name_array id="LeftUpLeg_Helper2_matrix_LeftUpLeg_Helper2_transform-interpolations-array" count="106">LINEAR LINEAR LINEAR LINEAR LINEAR LINEAR LINEAR LINEAR LINEAR LINEAR LINEAR LINEAR LINEAR LINEAR LINEAR LINEAR LINEAR LINEAR LINEAR LINEAR LINEAR LINEAR LINEAR LINEAR LINEAR LINEAR LINEAR LINEAR LINEAR LINEAR LINEAR LINEAR LINEAR LINEAR LINEAR LINEAR LINEAR LINEAR LINEAR LINEAR LINEAR LINEAR LINEAR LINEAR LINEAR LINEAR LINEAR LINEAR LINEAR LINEAR LINEAR LINEAR LINEAR LINEAR LINEAR LINEAR LINEAR LINEAR LINEAR LINEAR LINEAR LINEAR LINEAR LINEAR LINEAR LINEAR LINEAR LINEAR LINEAR LINEAR LINEAR LINEAR LINEAR LINEAR LINEAR LINEAR LINEAR LINEAR LINEAR LINEAR LINEAR LINEAR LINEAR LINEAR LINEAR LINEAR LINEAR LINEAR LINEAR LINEAR LINEAR LINEAR LINEAR LINEAR LINEAR LINEAR LINEAR LINEAR LINEAR LINEAR LINEAR LINEAR LINEAR LINEAR LINEAR LINEAR</Name_array>
        <technique_common>
          <accessor source="#LeftUpLeg_Helper2_matrix_LeftUpLeg_Helper2_transform-interpolations-array" count="106" stride="1">
            <param name="INTERPOLATION" type="Name"/>
          </accessor>
        </technique_common>
      </source>
      <sampler id="LeftUpLeg_Helper2_matrix_LeftUpLeg_Helper2_transform-sampler">
        <input semantic="INPUT" source="#LeftUpLeg_Helper2_matrix_LeftUpLeg_Helper2_transform-input"/>
        <input semantic="OUTPUT" source="#LeftUpLeg_Helper2_matrix_LeftUpLeg_Helper2_transform-output"/>
        <input semantic="INTERPOLATION" source="#LeftUpLeg_Helper2_matrix_LeftUpLeg_Helper2_transform-interpolations"/>
      </sampler>
      <channel source="#LeftUpLeg_Helper2_matrix_LeftUpLeg_Helper2_transform-sampler" target="LeftUpLeg_Helper2/transform"/>
    </animation>
    <animation id="RightUpLeg_Helper2_matrix">
      <source id="RightUpLeg_Helper2_matrix_RightUpLeg_Helper2_transform-input">
        <float_array id="RightUpLeg_Helper2_matrix_RightUpLeg_Helper2_transform-input-array" count="106">0 0.033333 0.066666 0.1 0.133333 0.166667 0.2 0.233333 0.266667 0.3 0.333333 0.366667 0.4 0.433333 0.466667 0.5 0.533333 0.566667 0.6 0.633333 0.666667 0.7 0.733333 0.766667 0.8 0.833333 0.866667 0.9 0.933333 0.966667 1 1.03333 1.06667 1.1 1.13333 1.16667 1.2 1.23333 1.26667 1.3 1.33333 1.36667 1.4 1.43333 1.46667 1.5 1.53333 1.56667 1.6 1.63333 1.66667 1.7 1.73333 1.76667 1.8 1.83333 1.86667 1.9 1.93333 1.96667 2 2.03333 2.06667 2.1 2.13333 2.16667 2.2 2.23333 2.26667 2.3 2.33333 2.36667 2.4 2.43333 2.46667 2.5 2.53333 2.56667 2.6 2.63333 2.66667 2.7 2.73333 2.76667 2.8 2.83333 2.86667 2.9 2.93333 2.96667 3 3.03333 3.06667 3.1 3.13333 3.16667 3.2 3.23333 3.26667 3.3 3.33333 3.36667 3.4 3.43333 3.46667 3.5</float_array>
        <technique_common>
          <accessor source="#RightUpLeg_Helper2_matrix_RightUpLeg_Helper2_transform-input-array" count="106" stride="1">
            <param name="TIME" type="float"/>
          </accessor>
        </technique_common>
        <technique profile="MAYA">
          <pre_infinity>CONSTANT</pre_infinity>
          <post_infinity>CONSTANT</post_infinity>
        </technique>
      </source>
      <source id="RightUpLeg_Helper2_matrix_RightUpLeg_Helper2_transform-output">
        <float_array id="RightUpLeg_Helper2_matrix_RightUpLeg_Helper2_transform-output-array" count="1696">-0.998506 0.054266 0.006393 -0.087164 0.054172 0.998433 -0.014044 0 -0.007145 -0.013677 -0.999881 0 0 0 0 1 -0.9985 0.054373 0.006491 -0.087164 0.054277 0.998427 -0.014047 0 -0.007245 -0.013674 -0.99988 0 0 0 0 1 -0.998495 0.054446 0.006589 -0.087164 0.05435 0.998423 -0.014051 0 -0.007344 -0.013672 -0.99988 0 0 0 0 1 -0.99849 0.054532 0.006693 -0.087164 0.054433 0.998418 -0.014062 0 -0.007449 -0.013677 -0.999879 0 0 0 0 1 -0.998481 0.054685 0.006783 -0.087164 0.054586 0.99841 -0.014094 0 -0.007543 -0.013702 -0.999878 0 0 0 0 1 -0.998471 0.054856 0.006843 -0.087164 0.054753 0.998395 -0.014493 0 -0.007627 -0.014096 -0.999872 0 0 0 0 1 -0.998461 0.055027 0.006845 -0.087164 0.05492 0.998378 -0.015009 0 -0.007659 -0.01461 -0.999864 0 0 0 0 1 -0.99845 0.055236 0.006824 -0.087164 0.055127 0.998363 -0.015257 0 -0.007656 -0.014857 -0.99986 0 0 0 0 1 -0.998438 0.055454 0.006802 -0.087164 0.055344 0.998349 -0.015402 0 -0.007645 -0.015002 -0.999858 0 0 0 0 1 -0.998426 0.055673 0.006788 -0.087164 0.055563 0.998335 -0.01546 0 -0.007637 -0.015058 -0.999857 0 0 0 0 1 -0.998416 0.055858 0.006778 -0.087164 0.055748 0.998325 -0.015449 0 -0.007629 -0.015047 -0.999858 0 0 0 0 1 -0.998408 0.056003 0.006771 -0.087164 0.055894 0.998319 -0.015336 0 -0.007618 -0.014933 -0.999859 0 0 0 0 1 -0.9984 0.056134 0.006769 -0.087164 0.056026 0.998313 -0.015242 0 -0.007613 -0.014838 -0.999861 0 0 0 0 1 -0.998393 0.05626 0.00678 -0.087164 0.056152 0.998307 -0.015166 0 -0.007622 -0.014761 -0.999862 0 0 0 0 1 -0.998387 0.056369 0.006829 -0.087164 0.056262 0.998303 -0.015054 0 -0.007666 -0.014645 -0.999863 0 0 0 0 1 -0.99838 0.056472 0.006906 -0.087164 0.056366 0.998302 -0.014663 0 -0.007722 -0.01425 -0.999869 0 0 0 0 1 -0.998375 0.056565 0.006973 -0.087164 0.056461 0.998302 -0.014341 0 -0.007772 -0.013924 -0.999873 0 0 0 0 1 -0.99837 0.056647 0.006994 -0.087164 0.056542 0.998295 -0.014459 0 -0.007801 -0.01404 -0.999871 0 0 0 0 1 -0.998366 0.056721 0.006989 -0.087164 0.056616 0.998294 -0.014298 0 -0.007788 -0.013879 -0.999873 0 0 0 0 1 -0.998361 0.056803 0.006933 -0.087164 0.056701 0.99829 -0.014201 0 -0.007727 -0.013785 -0.999875 0 0 0 0 1 -0.998358 0.05687 0.006841 -0.087164 0.056767 0.998283 -0.014456 0 -0.007651 -0.014044 -0.999872 0 0 0 0 1 -0.998357 0.056899 0.006726 -0.087164 0.056792 0.998272 -0.015078 0 -0.007572 -0.014671 -0.999864 0 0 0 0 1 -0.998357 0.056911 0.006643 -0.087164 0.056803 0.998267 -0.015392 0 -0.007508 -0.014989 -0.999859 0 0 0 0 1 -0.998357 0.056913 0.006634 -0.087164 0.056805 0.998266 -0.01545 0 -0.007502 -0.015048 -0.999859 0 0 0 0 1 -0.998357 0.05691 0.006672 -0.087164 0.0568 0.998263 -0.015619 0 -0.007549 -0.015214 -0.999856 0 0 0 0 1 -0.998358 0.056887 0.006751 -0.087164 0.056772 0.998256 -0.016157 0 -0.007658 -0.015747 -0.999847 0 0 0 0 1 -0.998358 0.05686 0.006878 -0.087164 0.056739 0.998251 -0.016567 0 -0.007808 -0.016149 -0.999839 0 0 0 0 1 -0.998359 0.056829 0.007048 -0.087164 0.056704 0.998249 -0.016845 0 -0.007993 -0.016417 -0.999833 0 0 0 0 1 -0.998359 0.056798 0.007249 -0.087164 0.056666 0.998245 -0.017206 0 -0.008213 -0.016767 -0.999826 0 0 0 0 1 -0.99836 0.056764 0.007482 -0.087164 0.056627 0.998242 -0.017494 0 -0.008462 -0.017041 -0.999819 0 0 0 0 1 -0.99836 0.056728 0.007739 -0.087164 0.056586 0.998245 -0.017453 0 -0.008716 -0.016986 -0.999818 0 0 0 0 1 -0.99836 0.056683 0.008015 -0.087164 0.056539 0.998254 -0.017115 0 -0.008971 -0.016634 -0.999821 0 0 0 0 1 -0.998361 0.056634 0.008259 -0.087164 0.056486 0.998254 -0.017249 0 -0.009222 -0.016755 -0.999817 0 0 0 0 1 -0.998362 0.056582 0.008445 -0.087164 0.056427 0.998251 -0.017653 0 -0.009429 -0.017147 -0.999808 0 0 0 0 1 -0.998365 0.05652 0.008584 -0.087164 0.05636 0.99825 -0.017915 0 -0.009581 -0.017402 -0.999803 0 0 0 0 1 -0.998369 0.056433 0.008651 -0.087164 0.056268 0.99825 -0.018195 0 -0.009663 -0.017678 -0.999797 0 0 0 0 1 -0.998375 0.056317 0.008678 -0.087164 0.056148 0.99825 -0.018564 0 -0.009708 -0.018047 -0.99979 0 0 0 0 1 -0.998385 0.056144 0.008696 -0.087164 0.055975 0.998258 -0.018672 0 -0.009729 -0.018155 -0.999788 0 0 0 0 1 -0.998395 0.055952 0.00871 -0.087164 0.055782 0.998269 -0.018647 0 -0.009738 -0.018131 -0.999788 0 0 0 0 1 -0.998407 0.05574 0.008721 -0.087164 0.055573 0.998286 -0.018347 0 -0.009729 -0.017833 -0.999794 0 0 0 0 1 -0.998414 0.055625 0.008729 -0.087164 0.055461 0.998299 -0.017958 0 -0.009713 -0.017445 -0.999801 0 0 0 0 1 -0.998416 0.055589 0.008725 -0.087164 0.055426 0.998303 -0.017883 0 -0.009704 -0.017371 -0.999802 0 0 0 0 1 -0.998416 0.055588 0.008691 -0.087164 0.055427 0.998303 -0.017841 0 -0.009668 -0.017331 -0.999803 0 0 0 0 1 -0.998416 0.055597 0.008604 -0.087164 0.055437 0.998303 -0.017817 0 -0.00958 -0.017311 -0.999804 0 0 0 0 1 -0.998416 0.055618 0.00848 -0.087164 0.05546 0.998302 -0.01782 0 -0.009457 -0.017322 -0.999805 0 0 0 0 1 -0.998416 0.055644 0.008312 -0.087164 0.055486 0.998294 -0.018166 0 -0.009309 -0.017676 -0.9998 0 0 0 0 1 -0.998416 0.055671 0.008137 -0.087164 0.055511 0.998284 -0.018619 0 -0.00916 -0.018137 -0.999794 0 0 0 0 1 -0.998416 0.055691 0.007995 -0.087164 0.055533 0.99828 -0.018801 0 -0.009028 -0.018327 -0.999791 0 0 0 0 1 -0.998416 0.055705 0.007884 -0.087164 0.055548 0.998278 -0.018855 0 -0.008921 -0.018387 -0.999791 0 0 0 0 1 -0.998416 0.055715 0.007831 -0.087164 0.055562 0.998282 -0.018612 0 -0.008854 -0.018148 -0.999796 0 0 0 0 1 -0.998416 0.05572 0.007817 -0.087164 0.055569 0.998286 -0.018375 0 -0.008828 -0.017911 -0.999801 0 0 0 0 1 -0.998415 0.055725 0.007822 -0.087164 0.055575 0.998287 -0.018268 0 -0.008827 -0.017804 -0.999803 0 0 0 0 1 -0.998415 0.055727 0.007835 -0.087164 0.055578 0.99829 -0.018106 0 -0.008831 -0.017641 -0.999805 0 0 0 0 1 -0.998416 0.055714 0.007852 -0.087164 0.055567 0.998295 -0.017892 0 -0.008836 -0.017427 -0.999809 0 0 0 0 1 -0.998419 0.055661 0.007871 -0.087164 0.055515 0.998302 -0.017651 0 -0.008841 -0.017186 -0.999813 0 0 0 0 1 -0.998425 0.055552 0.007892 -0.087164 0.05541 0.998317 -0.017126 0 -0.00883 -0.016662 -0.999822 0 0 0 0 1 -0.99843 0.055444 0.007915 -0.087164 0.055306 0.99833 -0.016683 0 -0.008827 -0.016219 -0.999829 0 0 0 0 1 -0.998436 0.055333 0.007946 -0.087164 0.055195 0.998337 -0.016657 0 -0.008854 -0.016192 -0.99983 0 0 0 0 1 -0.998437 0.055311 0.007979 -0.087164 0.055175 0.998342 -0.016412 0 -0.008874 -0.015946 -0.999833 0 0 0 0 1 -0.998436 0.055326 0.007999 -0.087164 0.055192 0.998346 -0.016124 0 -0.008878 -0.015658 -0.999838 0 0 0 0 1 -0.998435 0.055355 0.007979 -0.087164 0.05522 0.998341 -0.016283 0 -0.008867 -0.015817 -0.999836 0 0 0 0 1 -0.998434 0.055385 0.007904 -0.087164 0.055246 0.998331 -0.016845 0 -0.008823 -0.016382 -0.999827 0 0 0 0 1 -0.998433 0.055405 0.007831 -0.087164 0.055265 0.998325 -0.017116 0 -0.008767 -0.016657 -0.999823 0 0 0 0 1 -0.998433 0.055421 0.007784 -0.087164 0.055281 0.998324 -0.017137 0 -0.008721 -0.01668 -0.999823 0 0 0 0 1 -0.998432 0.055429 0.007764 -0.087164 0.055288 0.998321 -0.017284 0 -0.008709 -0.016828 -0.99982 0 0 0 0 1 -0.998432 0.055428 0.007793 -0.087164 0.055283 0.998312 -0.017783 0 -0.008765 -0.017325 -0.999811 0 0 0 0 1 -0.998433 0.055399 0.007866 -0.087164 0.055249 0.998307 -0.018161 0 -0.008859 -0.017698 -0.999804 0 0 0 0 1 -0.998438 0.055304 0.007978 -0.087164 0.055149 0.998308 -0.018441 0 -0.008985 -0.017973 -0.999798 0 0 0 0 1 -0.998444 0.055173 0.008117 -0.087164 0.055013 0.998308 -0.018817 0 -0.009142 -0.018341 -0.99979 0 0 0 0 1 -0.99845 0.055032 0.008282 -0.087164 0.054865 0.998309 -0.019192 0 -0.009324 -0.018708 -0.999781 0 0 0 0 1 -0.998455 0.054912 0.008459 -0.087164 0.054742 0.998315 -0.019222 0 -0.0095 -0.018729 -0.999779 0 0 0 0 1 -0.998461 0.054789 0.00864 -0.087164 0.054618 0.998329 -0.018875 0 -0.009659 -0.018374 -0.999785 0 0 0 0 1 -0.99847 0.054596 0.008766 -0.087164 0.054423 0.998339 -0.018889 0 -0.009783 -0.018383 -0.999783 0 0 0 0 1 -0.998483 0.054346 0.008814 -0.087164 0.054172 0.998351 -0.018978 0 -0.009831 -0.018472 -0.999781 0 0 0 0 1 -0.998498 0.054088 0.008755 -0.087164 0.053916 0.998368 -0.018813 0 -0.009758 -0.018312 -0.999785 0 0 0 0 1 -0.998515 0.053809 0.008516 -0.087164 0.053645 0.998389 -0.018461 0 -0.009496 -0.017977 -0.999793 0 0 0 0 1 -0.998534 0.053502 0.008154 -0.087164 0.053347 0.998411 -0.018132 0 -0.009111 -0.017671 -0.999802 0 0 0 0 1 -0.998557 0.053152 0.007685 -0.087164 0.05301 0.99844 -0.01756 0 -0.008606 -0.017127 -0.999816 0 0 0 0 1 -0.998579 0.05281 0.007188 -0.087164 0.052683 0.998469 -0.016883 0 -0.008068 -0.01648 -0.999832 0 0 0 0 1 -0.998597 0.052518 0.006732 -0.087164 0.052405 0.998497 -0.01603 0 -0.007563 -0.015654 -0.999849 0 0 0 0 1 -0.998607 0.052369 0.006369 -0.087164 0.052268 0.998518 -0.01515 0 -0.007153 -0.014796 -0.999865 0 0 0 0 1 -0.998611 0.052323 0.006195 -0.087164 0.052229 0.99853 -0.014471 0 -0.006943 -0.014127 -0.999876 0 0 0 0 1 -0.998613 0.052289 0.006153 -0.087164 0.0522 0.99854 -0.013929 0 -0.006873 -0.013588 -0.999884 0 0 0 0 1 -0.998613 0.05227 0.006244 -0.087164 0.052181 0.998545 -0.013598 0 -0.006946 -0.013253 -0.999888 0 0 0 0 1 -0.998612 0.052284 0.006377 -0.087164 0.052195 0.998547 -0.013402 0 -0.007068 -0.013051 -0.99989 0 0 0 0 1 -0.998606 0.052378 0.006451 -0.087164 0.052288 0.998542 -0.013378 0 -0.007142 -0.013022 -0.99989 0 0 0 0 1 -0.998601 0.052482 0.006468 -0.087164 0.052393 0.998538 -0.013322 0 -0.007157 -0.012964 -0.99989 0 0 0 0 1 -0.998595 0.052602 0.006464 -0.087164 0.052513 0.998532 -0.013258 0 -0.007152 -0.0129 -0.999891 0 0 0 0 1 -0.998588 0.052737 0.006454 -0.087164 0.052648 0.998525 -0.013232 0 -0.007142 -0.012874 -0.999892 0 0 0 0 1 -0.998581 0.052862 0.006442 -0.087164 0.052773 0.998519 -0.013217 0 -0.007131 -0.012859 -0.999892 0 0 0 0 1 -0.998574 0.052986 0.006429 -0.087164 0.052898 0.998513 -0.013198 0 -0.007119 -0.012839 -0.999892 0 0 0 0 1 -0.998567 0.053124 0.006419 -0.087164 0.053036 0.998506 -0.013157 0 -0.007109 -0.012798 -0.999893 0 0 0 0 1 -0.99856 0.053267 0.006416 -0.087164 0.05318 0.998499 -0.013064 0 -0.007103 -0.012704 -0.999894 0 0 0 0 1 -0.998552 0.053417 0.00643 -0.087164 0.05333 0.998493 -0.012935 0 -0.007111 -0.012574 -0.999896 0 0 0 0 1 -0.998544 0.053544 0.00648 -0.087164 0.053458 0.998488 -0.012763 0 -0.007154 -0.012398 -0.999898 0 0 0 0 1 -0.998537 0.053683 0.006546 -0.087164 0.053597 0.998482 -0.012708 0 -0.007218 -0.012338 -0.999898 0 0 0 0 1 -0.998529 0.053817 0.006599 -0.087164 0.053729 0.998473 -0.012871 0 -0.007282 -0.012498 -0.999895 0 0 0 0 1 -0.998524 0.053908 0.006618 -0.087164 0.053818 0.998465 -0.013067 0 -0.007312 -0.012692 -0.999893 0 0 0 0 1 -0.99852 0.053988 0.006605 -0.087164 0.053897 0.998459 -0.013229 0 -0.007309 -0.012853 -0.999891 0 0 0 0 1 -0.998516 0.054071 0.006539 -0.087164 0.05398 0.998452 -0.013396 0 -0.007254 -0.013023 -0.999889 0 0 0 0 1 -0.998513 0.05414 0.006446 -0.087164 0.054049 0.998446 -0.01355 0 -0.00717 -0.013181 -0.999887 0 0 0 0 1 -0.998511 0.054187 0.00635 -0.087164 0.054097 0.998442 -0.013687 0 -0.007082 -0.013323 -0.999886 0 0 0 0 1 -0.99851 0.054201 0.006273 -0.087164 0.05411 0.99844 -0.01379 0 -0.007011 -0.01343 -0.999885 0 0 0 0 1 -0.99851 0.054201 0.006273 -0.087164 0.05411 0.99844 -0.01379 0 -0.007011 -0.01343 -0.999885 0 0 0 0 1 -0.99851 0.054196 0.006302 -0.087164 0.054104 0.998438 -0.013964 0 -0.007049 -0.013602 -0.999883 0 0 0 0 1 -0.99851 0.054187 0.006393 -0.087164 0.054093 0.998437 -0.014059 0 -0.007145 -0.013693 -0.999881 0 0 0 0 1</float_array>
        <technique_common>
          <accessor source="#RightUpLeg_Helper2_matrix_RightUpLeg_Helper2_transform-output-array" count="106" stride="16">
            <param name="TRANSFORM" type="float4x4"/>
          </accessor>
        </technique_common>
      </source>
      <source id="RightUpLeg_Helper2_matrix_RightUpLeg_Helper2_transform-interpolations">
        <Name_array id="RightUpLeg_Helper2_matrix_RightUpLeg_Helper2_transform-interpolations-array" count="106">LINEAR LINEAR LINEAR LINEAR LINEAR LINEAR LINEAR LINEAR LINEAR LINEAR LINEAR LINEAR LINEAR LINEAR LINEAR LINEAR LINEAR LINEAR LINEAR LINEAR LINEAR LINEAR LINEAR LINEAR LINEAR LINEAR LINEAR LINEAR LINEAR LINEAR LINEAR LINEAR LINEAR LINEAR LINEAR LINEAR LINEAR LINEAR LINEAR LINEAR LINEAR LINEAR LINEAR LINEAR LINEAR LINEAR LINEAR LINEAR LINEAR LINEAR LINEAR LINEAR LINEAR LINEAR LINEAR LINEAR LINEAR LINEAR LINEAR LINEAR LINEAR LINEAR LINEAR LINEAR LINEAR LINEAR LINEAR LINEAR LINEAR LINEAR LINEAR LINEAR LINEAR LINEAR LINEAR LINEAR LINEAR LINEAR LINEAR LINEAR LINEAR LINEAR LINEAR LINEAR LINEAR LINEAR LINEAR LINEAR LINEAR LINEAR LINEAR LINEAR LINEAR LINEAR LINEAR LINEAR LINEAR LINEAR LINEAR LINEAR LINEAR LINEAR LINEAR LINEAR LINEAR LINEAR</Name_array>
        <technique_common>
          <accessor source="#RightUpLeg_Helper2_matrix_RightUpLeg_Helper2_transform-interpolations-array" count="106" stride="1">
            <param name="INTERPOLATION" type="Name"/>
          </accessor>
        </technique_common>
      </source>
      <sampler id="RightUpLeg_Helper2_matrix_RightUpLeg_Helper2_transform-sampler">
        <input semantic="INPUT" source="#RightUpLeg_Helper2_matrix_RightUpLeg_Helper2_transform-input"/>
        <input semantic="OUTPUT" source="#RightUpLeg_Helper2_matrix_RightUpLeg_Helper2_transform-output"/>
        <input semantic="INTERPOLATION" source="#RightUpLeg_Helper2_matrix_RightUpLeg_Helper2_transform-interpolations"/>
      </sampler>
      <channel source="#RightUpLeg_Helper2_matrix_RightUpLeg_Helper2_transform-sampler" target="RightUpLeg_Helper2/transform"/>
    </animation>
    <animation id="LeftUpLeg_matrix">
      <source id="LeftUpLeg_matrix_LeftUpLeg_transform-input">
        <float_array id="LeftUpLeg_matrix_LeftUpLeg_transform-input-array" count="106">0 0.033333 0.066666 0.1 0.133333 0.166667 0.2 0.233333 0.266667 0.3 0.333333 0.366667 0.4 0.433333 0.466667 0.5 0.533333 0.566667 0.6 0.633333 0.666667 0.7 0.733333 0.766667 0.8 0.833333 0.866667 0.9 0.933333 0.966667 1 1.03333 1.06667 1.1 1.13333 1.16667 1.2 1.23333 1.26667 1.3 1.33333 1.36667 1.4 1.43333 1.46667 1.5 1.53333 1.56667 1.6 1.63333 1.66667 1.7 1.73333 1.76667 1.8 1.83333 1.86667 1.9 1.93333 1.96667 2 2.03333 2.06667 2.1 2.13333 2.16667 2.2 2.23333 2.26667 2.3 2.33333 2.36667 2.4 2.43333 2.46667 2.5 2.53333 2.56667 2.6 2.63333 2.66667 2.7 2.73333 2.76667 2.8 2.83333 2.86667 2.9 2.93333 2.96667 3 3.03333 3.06667 3.1 3.13333 3.16667 3.2 3.23333 3.26667 3.3 3.33333 3.36667 3.4 3.43333 3.46667 3.5</float_array>
        <technique_common>
          <accessor source="#LeftUpLeg_matrix_LeftUpLeg_transform-input-array" count="106" stride="1">
            <param name="TIME" type="float"/>
          </accessor>
        </technique_common>
        <technique profile="MAYA">
          <pre_infinity>CONSTANT</pre_infinity>
          <post_infinity>CONSTANT</post_infinity>
        </technique>
      </source>
      <source id="LeftUpLeg_matrix_LeftUpLeg_transform-output">
        <float_array id="LeftUpLeg_matrix_LeftUpLeg_transform-output-array" count="1696">-0.99845 0.054108 0.013006 0.087164 -0.05392 -0.998441 0.014414 -0.000001 0.013766 0.01369 0.999812 0 0 0 0 1 -0.99845 0.054118 0.013001 0.087164 -0.053935 -0.998446 0.01403 -0.000001 0.01374 0.013307 0.999817 0 0 0 0 1 -0.998451 0.054108 0.012995 0.087164 -0.05393 -0.998451 0.013692 -0.000001 0.013715 0.01297 0.999822 0 0 0 0 1 -0.998455 0.054029 0.012992 0.087164 -0.053855 -0.998459 0.013423 -0.000001 0.013698 0.012703 0.999825 0 0 0 0 1 -0.998462 0.053883 0.013007 0.087164 -0.053711 -0.998469 0.013253 -0.000001 0.013701 0.012534 0.999828 0 0 0 0 1 -0.99847 0.053727 0.013066 0.087164 -0.053551 -0.998474 0.013491 -0.000001 0.013771 0.01277 0.999824 0 0 0 0 1 -0.998478 0.053571 0.013108 0.087164 -0.053389 -0.998477 0.013866 -0.000001 0.013831 0.013145 0.999818 0 0 0 0 1 -0.998488 0.053367 0.013143 0.087164 -0.053182 -0.998486 0.014059 -0.000001 0.013874 0.013338 0.999815 0 0 0 0 1 -0.998499 0.053153 0.013178 0.087164 -0.052965 -0.998496 0.014183 -0.000001 0.013912 0.013464 0.999813 0 0 0 0 1 -0.99851 0.052938 0.013225 0.087164 -0.052752 -0.998508 0.014088 -0.000001 0.013951 0.013369 0.999813 0 0 0 0 1 -0.998519 0.052752 0.013309 0.087164 -0.052566 -0.99852 0.013965 -0.000001 0.014026 0.013245 0.999814 0 0 0 0 1 -0.998525 0.052598 0.013443 0.087164 -0.05241 -0.998528 0.013973 -0.000001 0.014158 0.013248 0.999812 0 0 0 0 1 -0.99853 0.052468 0.01361 0.087164 -0.052279 -0.998536 0.013906 -0.000001 0.014319 0.013174 0.999811 0 0 0 0 1 -0.998534 0.052348 0.013797 0.087164 -0.052158 -0.998544 0.013757 -0.000001 0.014497 0.013017 0.99981 0 0 0 0 1 -0.998537 0.052242 0.01398 0.087164 -0.052053 -0.998552 0.013545 -0.000001 0.014668 0.012797 0.999811 0 0 0 0 1 -0.998539 0.052144 0.014138 0.087164 -0.051962 -0.998565 0.012973 -0.000001 0.014794 0.01222 0.999816 0 0 0 0 1 -0.998542 0.052051 0.01427 0.087164 -0.051875 -0.998576 0.012477 -0.000001 0.0149 0.011718 0.99982 0 0 0 0 1 -0.998545 0.051981 0.014369 0.087164 -0.051804 -0.99858 0.012395 -0.000001 0.014993 0.011633 0.99982 0 0 0 0 1 -0.998547 0.051904 0.014473 0.087164 -0.051731 -0.998587 0.012124 -0.000001 0.015082 0.011358 0.999822 0 0 0 0 1 -0.998549 0.051845 0.014591 0.087164 -0.051674 -0.998594 0.01185 -0.000001 0.015185 0.011079 0.999823 0 0 0 0 1 -0.998549 0.051818 0.014686 0.087164 -0.051642 -0.998592 0.012103 -0.000001 0.015293 0.011327 0.999819 0 0 0 0 1 -0.998548 0.051816 0.014759 0.087164 -0.051629 -0.998584 0.012805 -0.000001 0.015402 0.012025 0.999809 0 0 0 0 1 -0.998546 0.051814 0.014846 0.087164 -0.05162 -0.99858 0.013175 -0.000001 0.015508 0.012389 0.999803 0 0 0 0 1 -0.998546 0.051811 0.014914 0.087164 -0.051614 -0.998578 0.013328 -0.000001 0.015583 0.012539 0.9998 0 0 0 0 1 -0.998545 0.051809 0.014928 0.087164 -0.051606 -0.998574 0.013668 -0.000001 0.015615 0.012878 0.999795 0 0 0 0 1 -0.998546 0.051809 0.014919 0.087164 -0.051596 -0.998565 0.014329 -0.000001 0.01564 0.013538 0.999786 0 0 0 0 1 -0.998546 0.051818 0.014892 0.087164 -0.051597 -0.998558 0.014804 -0.000001 0.015637 0.014014 0.99978 0 0 0 0 1 -0.998545 0.051848 0.014835 0.087164 -0.051624 -0.998552 0.015099 -0.000001 0.015596 0.014311 0.999776 0 0 0 0 1 -0.998545 0.051885 0.014713 0.087164 -0.051658 -0.998546 0.015409 -0.000001 0.015491 0.014626 0.999773 0 0 0 0 1 -0.998545 0.051926 0.014575 0.087164 -0.051697 -0.99854 0.015628 -0.000001 0.015365 0.014852 0.999772 0 0 0 0 1 -0.998544 0.05197 0.014458 0.087164 -0.051745 -0.998539 0.015556 -0.000001 0.015246 0.014785 0.999774 0 0 0 0 1 -0.998542 0.052023 0.014404 0.087164 -0.051804 -0.998542 0.015199 -0.000001 0.015174 0.01443 0.999781 0 0 0 0 1 -0.998539 0.052098 0.014342 0.087164 -0.051879 -0.998537 0.015242 -0.000001 0.015115 0.014475 0.999781 0 0 0 0 1 -0.998534 0.05221 0.014271 0.087164 -0.051987 -0.998527 0.015558 -0.000001 0.015062 0.014793 0.999777 0 0 0 0 1 -0.99853 0.052316 0.014183 0.087164 -0.052092 -0.998518 0.01576 -0.000001 0.014986 0.014998 0.999775 0 0 0 0 1 -0.998527 0.052413 0.014046 0.087164 -0.052187 -0.998509 0.016015 -0.000001 0.014864 0.015259 0.999773 0 0 0 0 1 -0.998523 0.052535 0.013823 0.087164 -0.052308 -0.998497 0.016333 -0.000001 0.014661 0.015586 0.999771 0 0 0 0 1 -0.998519 0.052698 0.013484 0.087164 -0.052476 -0.998489 0.016312 -0.000001 0.014323 0.01558 0.999776 0 0 0 0 1 -0.998515 0.052882 0.013072 0.087164 -0.052669 -0.998482 0.016135 -0.000001 0.013905 0.015423 0.999784 0 0 0 0 1 -0.998511 0.05307 0.012604 0.087164 -0.05287 -0.998479 0.015659 -0.000001 0.013416 0.014969 0.999798 0 0 0 0 1 -0.998512 0.053156 0.012143 0.087164 -0.052969 -0.99848 0.015235 -0.000001 0.012934 0.014569 0.99981 0 0 0 0 1 -0.998516 0.053174 0.011713 0.087164 -0.052994 -0.998479 0.015228 -0.000001 0.012505 0.014585 0.999815 0 0 0 0 1 -0.99852 0.053162 0.011435 0.087164 -0.052986 -0.99848 0.015182 -0.000001 0.012224 0.014554 0.999819 0 0 0 0 1 -0.998521 0.053136 0.011473 0.087164 -0.052959 -0.998482 0.015162 -0.000001 0.012261 0.014532 0.999819 0 0 0 0 1 -0.998521 0.053104 0.011671 0.087164 -0.052924 -0.998482 0.015226 -0.000001 0.012462 0.014586 0.999816 0 0 0 0 1 -0.998519 0.05307 0.011939 0.087164 -0.052881 -0.998479 0.015618 -0.000001 0.01275 0.014963 0.999807 0 0 0 0 1 -0.998518 0.053036 0.012221 0.087164 -0.052836 -0.998473 0.016105 -0.000001 0.013056 0.015435 0.999796 0 0 0 0 1 -0.998517 0.053003 0.012438 0.087164 -0.052797 -0.998471 0.016395 -0.000001 0.013288 0.015714 0.999788 0 0 0 0 1 -0.998516 0.052978 0.012583 0.087164 -0.052767 -0.998469 0.016603 -0.000001 0.013443 0.015914 0.999783 0 0 0 0 1 -0.998517 0.052962 0.012586 0.087164 -0.052751 -0.99847 0.016569 -0.000001 0.013444 0.01588 0.999784 0 0 0 0 1 -0.998518 0.05295 0.012541 0.087164 -0.052739 -0.99847 0.016622 -0.000001 0.013402 0.015936 0.999783 0 0 0 0 1 -0.998519 0.052942 0.012492 0.087164 -0.052731 -0.998469 0.016707 -0.000001 0.013357 0.016023 0.999782 0 0 0 0 1 -0.99852 0.052941 0.01245 0.087164 -0.052728 -0.998468 0.016788 -0.000001 0.01332 0.016106 0.999782 0 0 0 0 1 -0.99852 0.052957 0.012413 0.087164 -0.052745 -0.998466 0.016822 -0.000001 0.013284 0.016142 0.999781 0 0 0 0 1 -0.998517 0.053022 0.012378 0.087164 -0.05281 -0.998462 0.016885 -0.000001 0.013254 0.016206 0.999781 0 0 0 0 1 -0.998512 0.053121 0.012349 0.087164 -0.052912 -0.99846 0.016648 -0.000001 0.013215 0.01597 0.999785 0 0 0 0 1 -0.998507 0.053205 0.012325 0.087164 -0.052999 -0.998458 0.016495 -0.000001 0.013184 0.015817 0.999788 0 0 0 0 1 -0.998506 0.053234 0.012304 0.087164 -0.053025 -0.998453 0.016703 -0.000001 0.013175 0.016026 0.999785 0 0 0 0 1 -0.998506 0.053237 0.012286 0.087164 -0.05303 -0.998454 0.016635 -0.000001 0.013153 0.015958 0.999786 0 0 0 0 1 -0.998507 0.05323 0.012271 0.087164 -0.053026 -0.998458 0.016403 -0.000001 0.013125 0.015727 0.99979 0 0 0 0 1 -0.998508 0.053219 0.012262 0.087164 -0.053013 -0.998457 0.016556 -0.000001 0.013124 0.015882 0.999788 0 0 0 0 1 -0.998508 0.053206 0.012274 0.087164 -0.052993 -0.99845 0.017037 -0.000001 0.013162 0.016361 0.99978 0 0 0 0 1 -0.998508 0.053194 0.012344 0.087164 -0.052978 -0.998448 0.017171 -0.000001 0.013239 0.016491 0.999776 0 0 0 0 1 -0.998507 0.053186 0.012418 0.087164 -0.05297 -0.99845 0.017101 -0.000001 0.013308 0.016417 0.999777 0 0 0 0 1 -0.998506 0.053192 0.01248 0.087164 -0.052973 -0.998447 0.017258 -0.000001 0.013379 0.016571 0.999773 0 0 0 0 1 -0.998504 0.053223 0.012509 0.087164 -0.052996 -0.998435 0.017844 -0.000001 0.013439 0.017154 0.999763 0 0 0 0 1 -0.9985 0.053308 0.012511 0.087164 -0.053074 -0.998422 0.018363 -0.000001 0.013471 0.017672 0.999753 0 0 0 0 1 -0.998494 0.053415 0.012476 0.087164 -0.053175 -0.998408 0.018789 -0.000001 0.01346 0.018098 0.999746 0 0 0 0 1 -0.998489 0.053553 0.01235 0.087164 -0.053309 -0.998391 0.019341 -0.000001 0.013366 0.018654 0.999737 0 0 0 0 1 -0.998484 0.053697 0.012117 0.087164 -0.053449 -0.998372 0.019894 -0.000001 0.013166 0.019216 0.999729 0 0 0 0 1 -0.998481 0.053814 0.011831 0.087164 -0.053568 -0.998361 0.020153 -0.000001 0.012896 0.019489 0.999727 0 0 0 0 1 -0.998479 0.053922 0.011495 0.087164 -0.053684 -0.998356 0.020095 -0.000001 0.01256 0.019448 0.999732 0 0 0 0 1 -0.998473 0.054111 0.011148 0.087164 -0.053876 -0.99834 0.02034 -0.000001 0.01223 0.019708 0.999731 0 0 0 0 1 -0.998462 0.054352 0.010883 0.087164 -0.054119 -0.99832 0.020688 -0.000001 0.011989 0.020067 0.999727 0 0 0 0 1 -0.998451 0.054601 0.010698 0.087164 -0.05437 -0.998304 0.020795 -0.000001 0.011815 0.020181 0.999727 0 0 0 0 1 -0.998438 0.054856 0.01061 0.087164 -0.054627 -0.99829 0.020796 -0.000001 0.011733 0.020184 0.999727 0 0 0 0 1 -0.998423 0.055136 0.010565 0.087164 -0.054908 -0.998275 0.020764 -0.000001 0.011692 0.020151 0.999729 0 0 0 0 1 -0.998406 0.055444 0.010542 0.087164 -0.055221 -0.998266 0.020385 -0.000001 0.011654 0.019771 0.999737 0 0 0 0 1 -0.99839 0.05574 0.010527 0.087164 -0.055524 -0.998261 0.019785 -0.000001 0.011612 0.019168 0.999749 0 0 0 0 1 -0.998376 0.055984 0.010517 0.087164 -0.055779 -0.998265 0.018844 -0.000001 0.011553 0.018226 0.999767 0 0 0 0 1 -0.99837 0.056095 0.010512 0.087164 -0.055901 -0.998276 0.017898 -0.000001 0.011498 0.017281 0.999785 0 0 0 0 1 -0.998369 0.056118 0.01052 0.087164 -0.055933 -0.998287 0.017153 -0.000001 0.011465 0.016537 0.999798 0 0 0 0 1 -0.998367 0.056149 0.010554 0.087164 -0.055972 -0.998297 0.016416 -0.000001 0.011458 0.015799 0.99981 0 0 0 0 1 -0.998364 0.056173 0.010648 0.087164 -0.056001 -0.998305 0.015852 -0.000001 0.011521 0.015229 0.999818 0 0 0 0 1 -0.998363 0.056167 0.010748 0.087164 -0.055998 -0.998311 0.015469 -0.000001 0.011599 0.014842 0.999823 0 0 0 0 1 -0.998367 0.056087 0.010827 0.087164 -0.055919 -0.998318 0.015298 -0.000001 0.011667 0.014667 0.999824 0 0 0 0 1 -0.998372 0.055991 0.010894 0.087164 -0.055823 -0.998326 0.015158 -0.000001 0.011724 0.014525 0.999826 0 0 0 0 1 -0.998378 0.055872 0.01094 0.087164 -0.055706 -0.998335 0.014948 -0.000001 0.011757 0.014314 0.999828 0 0 0 0 1 -0.998385 0.055736 0.010983 0.087164 -0.05557 -0.998345 0.014809 -0.000001 0.01179 0.014175 0.99983 0 0 0 0 1 -0.998392 0.055607 0.011035 0.087164 -0.055442 -0.998354 0.01469 -0.000001 0.011834 0.014054 0.999831 0 0 0 0 1 -0.998398 0.05548 0.011114 0.087164 -0.055315 -0.998362 0.01463 -0.000001 0.011908 0.013992 0.999831 0 0 0 0 1 -0.998404 0.055346 0.011251 0.087164 -0.055179 -0.99837 0.014601 -0.000001 0.012041 0.013956 0.99983 0 0 0 0 1 -0.99841 0.055205 0.011423 0.087164 -0.055038 -0.998379 0.014463 -0.000001 0.012203 0.013811 0.99983 0 0 0 0 1 -0.998416 0.055058 0.011615 0.087164 -0.054891 -0.99839 0.014269 -0.000001 0.012382 0.013609 0.999831 0 0 0 0 1 -0.99842 0.054934 0.011804 0.087164 -0.054768 -0.998401 0.013971 -0.000001 0.012552 0.013302 0.999833 0 0 0 0 1 -0.998426 0.054801 0.011943 0.087164 -0.054635 -0.998411 0.013767 -0.000001 0.012678 0.013093 0.999834 0 0 0 0 1 -0.998431 0.054679 0.012051 0.087164 -0.054512 -0.998418 0.013759 -0.000001 0.012784 0.01308 0.999833 0 0 0 0 1 -0.998435 0.054595 0.012147 0.087164 -0.054427 -0.998423 0.013749 -0.000001 0.012879 0.013066 0.999832 0 0 0 0 1 -0.998438 0.054517 0.012243 0.087164 -0.054348 -0.998427 0.01374 -0.000001 0.012973 0.013054 0.999831 0 0 0 0 1 -0.998441 0.054433 0.012348 0.087164 -0.054263 -0.998432 0.013738 -0.000001 0.013077 0.013047 0.999829 0 0 0 0 1 -0.998444 0.054363 0.012454 0.087164 -0.054191 -0.998436 0.01375 -0.000001 0.013182 0.013054 0.999828 0 0 0 0 1 -0.998445 0.054314 0.012557 0.087164 -0.05414 -0.998438 0.013796 -0.000001 0.013287 0.013094 0.999826 0 0 0 0 1 -0.998444 0.0543 0.012651 0.087164 -0.054123 -0.998437 0.013917 -0.000001 0.013387 0.013211 0.999823 0 0 0 0 1 -0.998444 0.0543 0.012651 0.087164 -0.054123 -0.998437 0.013917 -0.000001 0.013387 0.013211 0.999823 0 0 0 0 1 -0.998444 0.054305 0.012684 0.087164 -0.054123 -0.998433 0.014241 -0.000001 0.013438 0.013533 0.999818 0 0 0 0 1 -0.998443 0.054314 0.012728 0.087164 -0.054129 -0.99843 0.014402 -0.000001 0.01349 0.01369 0.999815 0 0 0 0 1</float_array>
        <technique_common>
          <accessor source="#LeftUpLeg_matrix_LeftUpLeg_transform-output-array" count="106" stride="16">
            <param name="TRANSFORM" type="float4x4"/>
          </accessor>
        </technique_common>
      </source>
      <source id="LeftUpLeg_matrix_LeftUpLeg_transform-interpolations">
        <Name_array id="LeftUpLeg_matrix_LeftUpLeg_transform-interpolations-array" count="106">LINEAR LINEAR LINEAR LINEAR LINEAR LINEAR LINEAR LINEAR LINEAR LINEAR LINEAR LINEAR LINEAR LINEAR LINEAR LINEAR LINEAR LINEAR LINEAR LINEAR LINEAR LINEAR LINEAR LINEAR LINEAR LINEAR LINEAR LINEAR LINEAR LINEAR LINEAR LINEAR LINEAR LINEAR LINEAR LINEAR LINEAR LINEAR LINEAR LINEAR LINEAR LINEAR LINEAR LINEAR LINEAR LINEAR LINEAR LINEAR LINEAR LINEAR LINEAR LINEAR LINEAR LINEAR LINEAR LINEAR LINEAR LINEAR LINEAR LINEAR LINEAR LINEAR LINEAR LINEAR LINEAR LINEAR LINEAR LINEAR LINEAR LINEAR LINEAR LINEAR LINEAR LINEAR LINEAR LINEAR LINEAR LINEAR LINEAR LINEAR LINEAR LINEAR LINEAR LINEAR LINEAR LINEAR LINEAR LINEAR LINEAR LINEAR LINEAR LINEAR LINEAR LINEAR LINEAR LINEAR LINEAR LINEAR LINEAR LINEAR LINEAR LINEAR LINEAR LINEAR LINEAR LINEAR</Name_array>
        <technique_common>
          <accessor source="#LeftUpLeg_matrix_LeftUpLeg_transform-interpolations-array" count="106" stride="1">
            <param name="INTERPOLATION" type="Name"/>
          </accessor>
        </technique_common>
      </source>
      <sampler id="LeftUpLeg_matrix_LeftUpLeg_transform-sampler">
        <input semantic="INPUT" source="#LeftUpLeg_matrix_LeftUpLeg_transform-input"/>
        <input semantic="OUTPUT" source="#LeftUpLeg_matrix_LeftUpLeg_transform-output"/>
        <input semantic="INTERPOLATION" source="#LeftUpLeg_matrix_LeftUpLeg_transform-interpolations"/>
      </sampler>
      <channel source="#LeftUpLeg_matrix_LeftUpLeg_transform-sampler" target="LeftUpLeg/transform"/>
    </animation>
    <animation id="LeftLeg_matrix">
      <source id="LeftLeg_matrix_LeftLeg_transform-input">
        <float_array id="LeftLeg_matrix_LeftLeg_transform-input-array" count="106">0 0.033333 0.066666 0.1 0.133333 0.166667 0.2 0.233333 0.266667 0.3 0.333333 0.366667 0.4 0.433333 0.466667 0.5 0.533333 0.566667 0.6 0.633333 0.666667 0.7 0.733333 0.766667 0.8 0.833333 0.866667 0.9 0.933333 0.966667 1 1.03333 1.06667 1.1 1.13333 1.16667 1.2 1.23333 1.26667 1.3 1.33333 1.36667 1.4 1.43333 1.46667 1.5 1.53333 1.56667 1.6 1.63333 1.66667 1.7 1.73333 1.76667 1.8 1.83333 1.86667 1.9 1.93333 1.96667 2 2.03333 2.06667 2.1 2.13333 2.16667 2.2 2.23333 2.26667 2.3 2.33333 2.36667 2.4 2.43333 2.46667 2.5 2.53333 2.56667 2.6 2.63333 2.66667 2.7 2.73333 2.76667 2.8 2.83333 2.86667 2.9 2.93333 2.96667 3 3.03333 3.06667 3.1 3.13333 3.16667 3.2 3.23333 3.26667 3.3 3.33333 3.36667 3.4 3.43333 3.46667 3.5</float_array>
        <technique_common>
          <accessor source="#LeftLeg_matrix_LeftLeg_transform-input-array" count="106" stride="1">
            <param name="TIME" type="float"/>
          </accessor>
        </technique_common>
        <technique profile="MAYA">
          <pre_infinity>CONSTANT</pre_infinity>
          <post_infinity>CONSTANT</post_infinity>
        </technique>
      </source>
      <source id="LeftLeg_matrix_LeftLeg_transform-output">
        <float_array id="LeftLeg_matrix_LeftLeg_transform-output-array" count="1696">1 0.00006 0.000302 0 -0.000094 0.993475 0.114049 0.513626 -0.000293 -0.114049 0.993475 0.00777 0 0 0 1 1 0.000076 0.000141 0 -0.000091 0.993511 0.113735 0.513626 -0.000131 -0.113735 0.993511 0.00777 0 0 0 1 1 0.000084 0.000054 0 -0.00009 0.993559 0.113315 0.513626 -0.000044 -0.113315 0.993559 0.00777 0 0 0 1 1 0.000088 0.000019 0 -0.000089 0.993598 0.112976 0.513626 -0.000009 -0.112976 0.993598 0.00777 0 0 0 1 1 0.000089 0.000009 0 -0.000089 0.993617 0.112806 0.513626 0.000000 -0.112806 0.993617 0.00777 0 0 0 1 1 0.000089 0.00001 0 -0.000089 0.993566 0.113255 0.513626 -0.000000 -0.113255 0.993566 0.00777 0 0 0 1 1 0.000088 0.000012 0 -0.000089 0.993499 0.113842 0.513626 -0.000002 -0.113842 0.993499 0.00777 0 0 0 1 1 0.000088 0.000014 0 -0.000089 0.993465 0.114138 0.513626 -0.000004 -0.114138 0.993465 0.00777 0 0 0 1 1 0.000087 0.000023 0 -0.000089 0.993447 0.114292 0.513626 -0.000012 -0.114292 0.993447 0.00777 0 0 0 1 1 0.000086 0.000034 0 -0.00009 0.993488 0.113934 0.513626 -0.000024 -0.113934 0.993488 0.00777 0 0 0 1 1 0.000085 0.000046 0 -0.00009 0.99353 0.113569 0.513626 -0.000036 -0.113569 0.99353 0.00777 0 0 0 1 1 0.000084 0.000059 0 -0.00009 0.993549 0.113404 0.513626 -0.000049 -0.113404 0.993549 0.00777 0 0 0 1 1 0.000082 0.000072 0 -0.00009 0.993596 0.112993 0.513626 -0.000063 -0.112993 0.993596 0.00777 0 0 0 1 1 0.000081 0.000086 0 -0.00009 0.993658 0.112448 0.513626 -0.000076 -0.112448 0.993658 0.00777 0 0 0 1 1 0.00008 0.0001 0 -0.000091 0.993716 0.111933 0.513626 -0.00009 -0.111933 0.993716 0.00777 0 0 0 1 1 0.000079 0.000114 0 -0.000091 0.993838 0.110843 0.513626 -0.000104 -0.110843 0.993838 0.00777 0 0 0 1 1 0.000077 0.00013 0 -0.000091 0.993939 0.109932 0.513626 -0.00012 -0.109932 0.993939 0.00777 0 0 0 1 1 0.000075 0.000149 0 -0.000091 0.993948 0.109855 0.513626 -0.00014 -0.109855 0.993948 0.00777 0 0 0 1 1 0.000073 0.00017 0 -0.000092 0.993986 0.109503 0.513626 -0.000161 -0.109503 0.993986 0.00777 0 0 0 1 1 0.000071 0.000192 0 -0.000092 0.994025 0.109153 0.513626 -0.000183 -0.109153 0.994025 0.00777 0 0 0 1 1 0.000069 0.000214 0 -0.000092 0.993958 0.109758 0.513626 -0.000205 -0.109758 0.993958 0.00777 0 0 0 1 1 0.000067 0.000236 0 -0.000093 0.993827 0.110938 0.513626 -0.000227 -0.110938 0.993827 0.00777 0 0 0 1 1 0.000065 0.000258 0 -0.000093 0.993787 0.111298 0.513626 -0.000249 -0.111298 0.993787 0.00777 0 0 0 1 1 0.000063 0.00028 0 -0.000093 0.993805 0.111138 0.513626 -0.000271 -0.111138 0.993805 0.00777 0 0 0 1 1 0.00006 0.000302 0 -0.000094 0.99378 0.111357 0.513626 -0.000293 -0.111357 0.99378 0.00777 0 0 0 1 1 0.000058 0.000329 0 -0.000094 0.993701 0.112062 0.513626 -0.00032 -0.112062 0.993701 0.00777 0 0 0 1 1 0.000055 0.000358 0 -0.000095 0.99367 0.112335 0.513626 -0.00035 -0.112335 0.99367 0.00777 0 0 0 1 1 0.000052 0.000387 0 -0.000095 0.993673 0.112308 0.513626 -0.000379 -0.112308 0.993673 0.00777 0 0 0 1 1 0.000049 0.000416 0 -0.000095 0.993657 0.112453 0.513626 -0.000407 -0.112453 0.993657 0.00777 0 0 0 1 1 0.000047 0.000438 0 -0.000096 0.993647 0.112544 0.513626 -0.00043 -0.112544 0.993647 0.00777 0 0 0 1 1 0.000046 0.000452 0 -0.000096 0.993674 0.112299 0.513626 -0.000444 -0.112299 0.993674 0.00777 0 0 0 1 1 0.000045 0.000462 0 -0.000096 0.993755 0.111583 0.513626 -0.000454 -0.111583 0.993755 0.00777 0 0 0 1 1 0.000044 0.000471 0 -0.000096 0.993753 0.111599 0.513626 -0.000463 -0.1116 0.993753 0.00777 0 0 0 1 1 0.000043 0.000478 0 -0.000096 0.99371 0.111982 0.513626 -0.000471 -0.111982 0.99371 0.00777 0 0 0 1 1 0.000042 0.000486 0 -0.000097 0.993697 0.1121 0.513626 -0.000478 -0.1121 0.993697 0.00777 0 0 0 1 1 0.000042 0.000493 0 -0.000097 0.993663 0.112403 0.513626 -0.000485 -0.112404 0.993663 0.00777 0 0 0 1 1 0.000041 0.000499 0 -0.000097 0.993603 0.112934 0.513626 -0.000491 -0.112934 0.993602 0.00777 0 0 0 1 1 0.00004 0.000506 0 -0.000097 0.993594 0.113011 0.513626 -0.000498 -0.113011 0.993594 0.00777 0 0 0 1 1 0.000039 0.000512 0 -0.000097 0.993599 0.112967 0.513626 -0.000505 -0.112967 0.993599 0.00777 0 0 0 1 1 0.000039 0.000519 0 -0.000097 0.993655 0.112471 0.513626 -0.000511 -0.112471 0.993655 0.00777 0 0 0 1 1 0.000039 0.000524 0 -0.000097 0.993694 0.112124 0.513626 -0.000517 -0.112124 0.993694 0.00777 0 0 0 1 1 0.000038 0.000529 0 -0.000097 0.993694 0.112124 0.513626 -0.000522 -0.112124 0.993694 0.00777 0 0 0 1 1 0.000038 0.000533 0 -0.000097 0.993713 0.111955 0.513626 -0.000525 -0.111955 0.993713 0.00777 0 0 0 1 1 0.000038 0.000531 0 -0.000097 0.993724 0.111858 0.513626 -0.000524 -0.111858 0.993724 0.00777 0 0 0 1 1 0.000039 0.000515 0 -0.000097 0.993699 0.112078 0.513626 -0.000508 -0.112078 0.993699 0.00777 0 0 0 1 1 0.000043 0.000479 0 -0.000096 0.993607 0.112892 0.513626 -0.000471 -0.112892 0.993607 0.00777 0 0 0 1 1 0.000047 0.000434 0 -0.000096 0.993499 0.113845 0.513626 -0.000426 -0.113845 0.993498 0.00777 0 0 0 1 1 0.000051 0.000386 0 -0.000095 0.993422 0.114515 0.513626 -0.000378 -0.114515 0.993421 0.00777 0 0 0 1 1 0.000055 0.000341 0 -0.000094 0.99336 0.115047 0.513626 -0.000333 -0.115047 0.99336 0.00777 0 0 0 1 1 0.000059 0.000303 0 -0.000094 0.993354 0.115099 0.513626 -0.000294 -0.115099 0.993354 0.00777 0 0 0 1 1 0.000063 0.000268 0 -0.000093 0.993345 0.115176 0.513626 -0.000258 -0.115176 0.993345 0.00777 0 0 0 1 1 0.000066 0.000237 0 -0.000093 0.993311 0.115472 0.513626 -0.000228 -0.115472 0.993311 0.00777 0 0 0 1 1 0.000068 0.000213 0 -0.000092 0.993302 0.11555 0.513626 -0.000203 -0.11555 0.993302 0.00777 0 0 0 1 1 0.00007 0.000192 0 -0.000092 0.993315 0.115437 0.513626 -0.000182 -0.115437 0.993315 0.00777 0 0 0 1 1 0.000072 0.000171 0 -0.000092 0.993307 0.115502 0.513626 -0.000162 -0.115502 0.993307 0.00777 0 0 0 1 1 0.000074 0.000152 0 -0.000091 0.993369 0.114967 0.513626 -0.000142 -0.114967 0.993369 0.00777 0 0 0 1 1 0.000076 0.000132 0 -0.000091 0.99341 0.114614 0.513626 -0.000123 -0.114614 0.99341 0.00777 0 0 0 1 1 0.000078 0.000113 0 -0.000091 0.993358 0.115062 0.513626 -0.000103 -0.115062 0.993358 0.00777 0 0 0 1 1 0.00008 0.000091 0 -0.00009 0.993348 0.115147 0.513626 -0.000082 -0.115147 0.993348 0.00777 0 0 0 1 1 0.000083 0.000067 0 -0.00009 0.993359 0.115059 0.513626 -0.000057 -0.115059 0.993359 0.00777 0 0 0 1 1 0.000085 0.000042 0 -0.00009 0.993281 0.115731 0.513626 -0.000032 -0.115731 0.993281 0.00777 0 0 0 1 1 0.000088 0.000017 0 -0.000089 0.993153 0.116819 0.513626 -0.000006 -0.116819 0.993153 0.00777 0 0 0 1 1 0.00009 -0.000007 0 -0.000089 0.993121 0.117091 0.513626 0.000018 -0.117091 0.993121 0.00777 0 0 0 1 1 0.000093 -0.000031 0 -0.000089 0.993148 0.116863 0.513626 0.000041 -0.116863 0.993148 0.00777 0 0 0 1 1 0.000095 -0.000048 0 -0.000088 0.993128 0.117033 0.513626 0.000059 -0.117033 0.993128 0.00777 0 0 0 1 1 0.000096 -0.000063 0 -0.000088 0.993039 0.117785 0.513626 0.000074 -0.117785 0.993039 0.00777 0 0 0 1 1 0.000098 -0.000078 0 -0.000088 0.992985 0.118236 0.513626 0.000089 -0.118236 0.992985 0.00777 0 0 0 1 1 0.000099 -0.000092 0 -0.000088 0.992967 0.118393 0.513626 0.000103 -0.118393 0.992967 0.00777 0 0 0 1 1 0.000101 -0.000105 0 -0.000087 0.992919 0.118795 0.513626 0.000116 -0.118795 0.992919 0.00777 0 0 0 1 1 0.000102 -0.000118 0 -0.000087 0.992857 0.119315 0.513626 0.00013 -0.119315 0.992857 0.00777 0 0 0 1 1 0.000103 -0.000131 0 -0.000087 0.992844 0.119416 0.513626 0.000142 -0.119416 0.992844 0.00777 0 0 0 1 1 0.000105 -0.000142 0 -0.000087 0.992882 0.119099 0.513626 0.000153 -0.119099 0.992882 0.00777 0 0 0 1 1 0.000105 -0.00015 0 -0.000087 0.992835 0.119495 0.513626 0.000162 -0.119495 0.992835 0.00777 0 0 0 1 1 0.000106 -0.000152 0 -0.000087 0.992748 0.120212 0.513626 0.000163 -0.120212 0.992748 0.00777 0 0 0 1 1 0.000106 -0.000153 0 -0.000087 0.992692 0.120675 0.513626 0.000165 -0.120675 0.992692 0.00777 0 0 0 1 1 0.000106 -0.000154 0 -0.000087 0.992613 0.121325 0.513626 0.000166 -0.121325 0.992613 0.00777 0 0 0 1 1 0.000106 -0.000155 0 -0.000087 0.992509 0.122168 0.513626 0.000167 -0.122168 0.992509 0.00777 0 0 0 1 1 0.000106 -0.000154 0 -0.000087 0.992461 0.122558 0.513626 0.000166 -0.122558 0.992461 0.00777 0 0 0 1 1 0.000105 -0.000142 0 -0.000087 0.992445 0.122693 0.513626 0.000154 -0.122693 0.992445 0.00777 0 0 0 1 1 0.000103 -0.000127 0 -0.000087 0.992499 0.122249 0.513626 0.000138 -0.122249 0.992499 0.00777 0 0 0 1 1 0.000102 -0.00011 0 -0.000087 0.992563 0.121735 0.513626 0.000122 -0.121735 0.992563 0.00777 0 0 0 1 1 0.0001 -0.000094 0 -0.000088 0.992612 0.121332 0.513626 0.000105 -0.121332 0.992612 0.00777 0 0 0 1 1 0.000098 -0.000077 0 -0.000088 0.992695 0.12065 0.513626 0.000088 -0.12065 0.992695 0.00777 0 0 0 1 1 0.000096 -0.00006 0 -0.000088 0.99276 0.120114 0.513626 0.000071 -0.120114 0.99276 0.00777 0 0 0 1 1 0.000094 -0.000043 0 -0.000088 0.992786 0.119901 0.513626 0.000054 -0.119901 0.992786 0.00777 0 0 0 1 1 0.000093 -0.000026 0 -0.000089 0.992772 0.120014 0.513626 0.000037 -0.120014 0.992772 0.00777 0 0 0 1 1 0.000091 -0.00001 0 -0.000089 0.992775 0.119987 0.513626 0.000021 -0.119987 0.992775 0.00777 0 0 0 1 1 0.000089 0.000004 0 -0.000089 0.992809 0.119713 0.513626 0.000006 -0.119713 0.992809 0.00777 0 0 0 1 1 0.000088 0.000017 0 -0.000089 0.992829 0.119543 0.513626 -0.000007 -0.119543 0.992829 0.00777 0 0 0 1 1 0.000087 0.000026 0 -0.000089 0.992862 0.119266 0.513626 -0.000016 -0.119266 0.992862 0.00777 0 0 0 1 1 0.000086 0.000038 0 -0.00009 0.992897 0.118974 0.513626 -0.000028 -0.118974 0.992897 0.00777 0 0 0 1 1 0.000084 0.000052 0 -0.00009 0.992928 0.118717 0.513626 -0.000041 -0.118717 0.992928 0.00777 0 0 0 1 1 0.000083 0.000066 0 -0.00009 0.992992 0.118184 0.513626 -0.000055 -0.118184 0.992992 0.00777 0 0 0 1 1 0.000081 0.00008 0 -0.00009 0.993072 0.117506 0.513626 -0.00007 -0.117506 0.993072 0.00777 0 0 0 1 1 0.00008 0.000094 0 -0.000091 0.993174 0.116639 0.513626 -0.000084 -0.116639 0.993174 0.00777 0 0 0 1 1 0.000079 0.000108 0 -0.000091 0.993247 0.116023 0.513626 -0.000098 -0.116023 0.993247 0.00777 0 0 0 1 1 0.000077 0.000122 0 -0.000091 0.993269 0.115826 0.513626 -0.000112 -0.115826 0.993269 0.00777 0 0 0 1 1 0.000076 0.000136 0 -0.000091 0.993304 0.11553 0.513626 -0.000126 -0.11553 0.993304 0.00777 0 0 0 1 1 0.000075 0.00015 0 -0.000091 0.993356 0.115081 0.513626 -0.00014 -0.115081 0.993356 0.00777 0 0 0 1 1 0.000073 0.000162 0 -0.000092 0.993403 0.114675 0.513626 -0.000153 -0.114675 0.993403 0.00777 0 0 0 1 1 0.000072 0.000174 0 -0.000092 0.993434 0.114407 0.513626 -0.000164 -0.114407 0.993434 0.00777 0 0 0 1 1 0.000072 0.000181 0 -0.000092 0.993455 0.114226 0.513626 -0.000172 -0.114226 0.993455 0.00777 0 0 0 1 1 0.000071 0.000183 0 -0.000092 0.993462 0.114161 0.513626 -0.000174 -0.114161 0.993462 0.00777 0 0 0 1 1 0.000071 0.000183 0 -0.000092 0.993462 0.114161 0.513626 -0.000174 -0.114161 0.993462 0.00777 0 0 0 1 1 0.000071 0.000183 0 -0.000092 0.993463 0.114155 0.513626 -0.000173 -0.114155 0.993463 0.00777 0 0 0 1 1 0.000072 0.000181 0 -0.000092 0.993464 0.114146 0.513626 -0.000172 -0.114146 0.993464 0.00777 0 0 0 1</float_array>
        <technique_common>
          <accessor source="#LeftLeg_matrix_LeftLeg_transform-output-array" count="106" stride="16">
            <param name="TRANSFORM" type="float4x4"/>
          </accessor>
        </technique_common>
      </source>
      <source id="LeftLeg_matrix_LeftLeg_transform-interpolations">
        <Name_array id="LeftLeg_matrix_LeftLeg_transform-interpolations-array" count="106">LINEAR LINEAR LINEAR LINEAR LINEAR LINEAR LINEAR LINEAR LINEAR LINEAR LINEAR LINEAR LINEAR LINEAR LINEAR LINEAR LINEAR LINEAR LINEAR LINEAR LINEAR LINEAR LINEAR LINEAR LINEAR LINEAR LINEAR LINEAR LINEAR LINEAR LINEAR LINEAR LINEAR LINEAR LINEAR LINEAR LINEAR LINEAR LINEAR LINEAR LINEAR LINEAR LINEAR LINEAR LINEAR LINEAR LINEAR LINEAR LINEAR LINEAR LINEAR LINEAR LINEAR LINEAR LINEAR LINEAR LINEAR LINEAR LINEAR LINEAR LINEAR LINEAR LINEAR LINEAR LINEAR LINEAR LINEAR LINEAR LINEAR LINEAR LINEAR LINEAR LINEAR LINEAR LINEAR LINEAR LINEAR LINEAR LINEAR LINEAR LINEAR LINEAR LINEAR LINEAR LINEAR LINEAR LINEAR LINEAR LINEAR LINEAR LINEAR LINEAR LINEAR LINEAR LINEAR LINEAR LINEAR LINEAR LINEAR LINEAR LINEAR LINEAR LINEAR LINEAR LINEAR LINEAR</Name_array>
        <technique_common>
          <accessor source="#LeftLeg_matrix_LeftLeg_transform-interpolations-array" count="106" stride="1">
            <param name="INTERPOLATION" type="Name"/>
          </accessor>
        </technique_common>
      </source>
      <sampler id="LeftLeg_matrix_LeftLeg_transform-sampler">
        <input semantic="INPUT" source="#LeftLeg_matrix_LeftLeg_transform-input"/>
        <input semantic="OUTPUT" source="#LeftLeg_matrix_LeftLeg_transform-output"/>
        <input semantic="INTERPOLATION" source="#LeftLeg_matrix_LeftLeg_transform-interpolations"/>
      </sampler>
      <channel source="#LeftLeg_matrix_LeftLeg_transform-sampler" target="LeftLeg/transform"/>
    </animation>
    <animation id="LeftFoot_matrix">
      <source id="LeftFoot_matrix_LeftFoot_transform-input">
        <float_array id="LeftFoot_matrix_LeftFoot_transform-input-array" count="106">0 0.033333 0.066666 0.1 0.133333 0.166667 0.2 0.233333 0.266667 0.3 0.333333 0.366667 0.4 0.433333 0.466667 0.5 0.533333 0.566667 0.6 0.633333 0.666667 0.7 0.733333 0.766667 0.8 0.833333 0.866667 0.9 0.933333 0.966667 1 1.03333 1.06667 1.1 1.13333 1.16667 1.2 1.23333 1.26667 1.3 1.33333 1.36667 1.4 1.43333 1.46667 1.5 1.53333 1.56667 1.6 1.63333 1.66667 1.7 1.73333 1.76667 1.8 1.83333 1.86667 1.9 1.93333 1.96667 2 2.03333 2.06667 2.1 2.13333 2.16667 2.2 2.23333 2.26667 2.3 2.33333 2.36667 2.4 2.43333 2.46667 2.5 2.53333 2.56667 2.6 2.63333 2.66667 2.7 2.73333 2.76667 2.8 2.83333 2.86667 2.9 2.93333 2.96667 3 3.03333 3.06667 3.1 3.13333 3.16667 3.2 3.23333 3.26667 3.3 3.33333 3.36667 3.4 3.43333 3.46667 3.5</float_array>
        <technique_common>
          <accessor source="#LeftFoot_matrix_LeftFoot_transform-input-array" count="106" stride="1">
            <param name="TIME" type="float"/>
          </accessor>
        </technique_common>
        <technique profile="MAYA">
          <pre_infinity>CONSTANT</pre_infinity>
          <post_infinity>CONSTANT</post_infinity>
        </technique>
      </source>
      <source id="LeftFoot_matrix_LeftFoot_transform-output">
        <float_array id="LeftFoot_matrix_LeftFoot_transform-output-array" count="1696">0.989547 -0.071727 -0.125105 0 -0.070043 0.519263 -0.851739 0.396099 0.126055 0.851599 0.508811 0 0 0 0 1 0.989547 -0.071699 -0.125124 0 -0.070051 0.519414 -0.851646 0.396099 0.126053 0.851509 0.508962 0 0 0 0 1 0.989546 -0.071665 -0.125153 0 -0.070053 0.51969 -0.851478 0.396099 0.126063 0.851344 0.509237 0 0 0 0 1 0.989542 -0.07168 -0.125177 0 -0.070029 0.519942 -0.851326 0.396099 0.126108 0.851189 0.509485 0 0 0 0 1 0.989533 -0.071791 -0.125185 0 -0.069954 0.520109 -0.85123 0.396099 0.126221 0.851077 0.509643 0 0 0 0 1 0.989526 -0.071915 -0.125169 0 -0.069887 0.520034 -0.851282 0.396099 0.126312 0.851113 0.509561 0 0 0 0 1 0.989522 -0.072028 -0.125131 0 -0.069812 0.519928 -0.851352 0.396099 0.12638 0.851168 0.509452 0 0 0 0 1 0.989527 -0.072115 -0.125045 0 -0.069697 0.519907 -0.851375 0.396099 0.126409 0.851174 0.509435 0 0 0 0 1 0.989539 -0.072168 -0.124916 0 -0.069555 0.519929 -0.851373 0.396099 0.126389 0.851155 0.509471 0 0 0 0 1 0.989563 -0.072153 -0.124734 0 -0.069371 0.520163 -0.851245 0.396099 0.126302 0.851014 0.509729 0 0 0 0 1 0.989597 -0.07207 -0.124516 0 -0.069197 0.520361 -0.851138 0.396099 0.126135 0.8509 0.50996 0 0 0 0 1 0.989639 -0.071878 -0.124289 0 -0.069083 0.520483 -0.851073 0.396099 0.125864 0.850841 0.510125 0 0 0 0 1 0.989687 -0.071623 -0.124058 0 -0.068977 0.520741 -0.850924 0.396099 0.125548 0.850705 0.51043 0 0 0 0 1 0.989737 -0.071357 -0.123812 0 -0.068863 0.521016 -0.850764 0.396099 0.125217 0.850559 0.510755 0 0 0 0 1 0.989783 -0.071097 -0.123595 0 -0.068781 0.521216 -0.850648 0.396099 0.124898 0.850458 0.511001 0 0 0 0 1 0.989818 -0.070892 -0.12343 0 -0.068688 0.521605 -0.850417 0.396099 0.12467 0.850237 0.511425 0 0 0 0 1 0.989848 -0.070711 -0.123293 0 -0.06862 0.521903 -0.85024 0.396099 0.124468 0.850069 0.511752 0 0 0 0 1 0.989874 -0.070536 -0.123186 0 -0.068632 0.521814 -0.850294 0.396099 0.124256 0.850138 0.511688 0 0 0 0 1 0.989901 -0.070361 -0.123069 0 -0.068628 0.521776 -0.850318 0.396099 0.124044 0.850176 0.511677 0 0 0 0 1 0.989931 -0.070172 -0.122934 0 -0.068618 0.521715 -0.850356 0.396099 0.123808 0.850229 0.511647 0 0 0 0 1 0.989964 -0.069997 -0.12277 0 -0.068633 0.521267 -0.850629 0.396099 0.123538 0.850518 0.511232 0 0 0 0 1 0.989999 -0.069803 -0.122594 0 -0.068664 0.520697 -0.850976 0.396099 0.123236 0.850883 0.510697 0 0 0 0 1 0.990035 -0.069577 -0.122435 0 -0.068668 0.520531 -0.851077 0.396099 0.122947 0.851003 0.510566 0 0 0 0 1 0.990071 -0.069352 -0.12227 0 -0.068631 0.520613 -0.85103 0.396099 0.122677 0.850971 0.510684 0 0 0 0 1 0.990104 -0.069173 -0.122099 0 -0.068588 0.520529 -0.851085 0.396099 0.122429 0.851037 0.510633 0 0 0 0 1 0.99013 -0.069016 -0.121977 0 -0.068598 0.5203 -0.851224 0.396099 0.122213 0.85119 0.51043 0 0 0 0 1 0.990138 -0.068911 -0.121977 0 -0.068647 0.520327 -0.851204 0.396099 0.122125 0.851182 0.510465 0 0 0 0 1 0.990134 -0.06887 -0.122027 0 -0.068683 0.520521 -0.851082 0.396099 0.122132 0.851067 0.510655 0 0 0 0 1 0.990127 -0.068867 -0.122089 0 -0.068716 0.520678 -0.850983 0.396099 0.122175 0.850971 0.510805 0 0 0 0 1 0.990118 -0.068883 -0.122153 0 -0.068751 0.520763 -0.850929 0.396099 0.122228 0.850918 0.510881 0 0 0 0 1 0.990108 -0.068911 -0.122221 0 -0.068767 0.520952 -0.850811 0.396099 0.122302 0.850799 0.51106 0 0 0 0 1 0.990096 -0.068931 -0.122307 0 -0.068784 0.52128 -0.850609 0.396099 0.12239 0.850597 0.511376 0 0 0 0 1 0.990081 -0.068997 -0.122391 0 -0.068819 0.521297 -0.850596 0.396099 0.122491 0.850581 0.511378 0 0 0 0 1 0.990064 -0.069085 -0.12248 0 -0.068873 0.521134 -0.850691 0.396099 0.122599 0.850674 0.511198 0 0 0 0 1 0.990048 -0.069131 -0.12258 0 -0.068947 0.52106 -0.850731 0.396099 0.122684 0.850716 0.511108 0 0 0 0 1 0.99003 -0.069187 -0.122695 0 -0.069046 0.52086 -0.850845 0.396099 0.122775 0.850834 0.510889 0 0 0 0 1 0.990004 -0.069266 -0.122855 0 -0.069189 0.52054 -0.851029 0.396099 0.122899 0.851023 0.510544 0 0 0 0 1 0.989967 -0.069347 -0.12311 0 -0.069386 0.520401 -0.851098 0.396099 0.123088 0.851101 0.510368 0 0 0 0 1 0.989914 -0.069493 -0.123451 0 -0.069617 0.520312 -0.851134 0.396099 0.123381 0.851144 0.510226 0 0 0 0 1 0.989854 -0.0697 -0.123814 0 -0.06982 0.520331 -0.851106 0.396099 0.123747 0.851116 0.510185 0 0 0 0 1 0.989801 -0.069992 -0.124079 0 -0.069888 0.52039 -0.851064 0.396099 0.124138 0.851056 0.51019 0 0 0 0 1 0.98975 -0.070311 -0.124306 0 -0.069909 0.52046 -0.851019 0.396099 0.124533 0.850986 0.51021 0 0 0 0 1 0.989705 -0.070589 -0.124502 0 -0.069907 0.520646 -0.850906 0.396099 0.124887 0.850849 0.510352 0 0 0 0 1 0.989678 -0.070755 -0.124624 0 -0.069902 0.520807 -0.850807 0.396099 0.125105 0.850737 0.510486 0 0 0 0 1 0.989657 -0.070947 -0.124678 0 -0.069854 0.520776 -0.85083 0.396099 0.125294 0.85074 0.510434 0 0 0 0 1 0.989632 -0.07118 -0.124748 0 -0.069836 0.520498 -0.851002 0.396099 0.125506 0.850891 0.510131 0 0 0 0 1 0.9896 -0.071458 -0.124844 0 -0.069822 0.520176 -0.8512 0.396099 0.125766 0.851065 0.509776 0 0 0 0 1 0.989559 -0.071824 -0.124955 0 -0.069766 0.519929 -0.851355 0.396099 0.126116 0.851184 0.50949 0 0 0 0 1 0.989516 -0.072221 -0.125071 0 -0.069692 0.519719 -0.85149 0.396099 0.126497 0.851279 0.509236 0 0 0 0 1 0.989474 -0.072623 -0.125172 0 -0.069575 0.519697 -0.851513 0.396099 0.126891 0.851258 0.509174 0 0 0 0 1 0.989433 -0.07297 -0.12529 0 -0.069505 0.519659 -0.851542 0.396099 0.127245 0.851252 0.509096 0 0 0 0 1 0.989401 -0.073221 -0.125395 0 -0.069484 0.51953 -0.851622 0.396099 0.127503 0.851309 0.508936 0 0 0 0 1 0.989379 -0.073414 -0.125459 0 -0.069445 0.519501 -0.851643 0.396099 0.127699 0.85131 0.508885 0 0 0 0 1 0.989362 -0.073519 -0.125526 0 -0.069442 0.519539 -0.85162 0.396099 0.127826 0.851278 0.508907 0 0 0 0 1 0.989351 -0.073597 -0.125574 0 -0.069443 0.519544 -0.851617 0.396099 0.127918 0.851268 0.5089 0 0 0 0 1 0.989343 -0.073631 -0.125615 0 -0.069461 0.519541 -0.851617 0.396099 0.127968 0.851267 0.50889 0 0 0 0 1 0.989338 -0.07364 -0.125649 0 -0.069483 0.519557 -0.851606 0.396099 0.127994 0.851257 0.5089 0 0 0 0 1 0.989335 -0.073693 -0.12564 0 -0.069501 0.519208 -0.851817 0.396099 0.128006 0.851465 0.508549 0 0 0 0 1 0.989333 -0.073728 -0.125634 0 -0.069515 0.518957 -0.851969 0.396099 0.128013 0.851615 0.508296 0 0 0 0 1 0.989333 -0.073744 -0.12563 0 -0.069534 0.518754 -0.852091 0.396099 0.128008 0.851737 0.508093 0 0 0 0 1 0.989333 -0.073785 -0.125599 0 -0.06956 0.51826 -0.852389 0.396099 0.127987 0.852034 0.5076 0 0 0 0 1 0.989338 -0.073794 -0.125558 0 -0.069605 0.517698 -0.852728 0.396099 0.127927 0.852375 0.507041 0 0 0 0 1 0.989346 -0.073732 -0.125534 0 -0.06964 0.517542 -0.852819 0.396099 0.127849 0.852475 0.506893 0 0 0 0 1 0.989359 -0.073619 -0.125492 0 -0.069647 0.517642 -0.852758 0.396099 0.127739 0.852424 0.507007 0 0 0 0 1 0.989375 -0.073526 -0.125425 0 -0.069647 0.517577 -0.852798 0.396099 0.12762 0.852472 0.506956 0 0 0 0 1 0.98939 -0.073451 -0.125351 0 -0.069657 0.517333 -0.852945 0.396099 0.127498 0.852626 0.506727 0 0 0 0 1 0.989399 -0.073387 -0.125315 0 -0.069667 0.51728 -0.852976 0.396099 0.127421 0.852664 0.506684 0 0 0 0 1 0.989402 -0.07335 -0.125312 0 -0.069683 0.517283 -0.852973 0.396099 0.127387 0.852666 0.506689 0 0 0 0 1 0.989394 -0.073359 -0.125373 0 -0.069727 0.517311 -0.852952 0.396099 0.127429 0.852648 0.506709 0 0 0 0 1 0.98937 -0.073474 -0.125495 0 -0.069766 0.517356 -0.852922 0.396099 0.127594 0.85261 0.50673 0 0 0 0 1 0.989337 -0.073657 -0.125649 0 -0.069797 0.51741 -0.852886 0.396099 0.127833 0.852562 0.506752 0 0 0 0 1 0.989299 -0.07388 -0.125816 0 -0.069802 0.517575 -0.852786 0.396099 0.128124 0.852442 0.506879 0 0 0 0 1 0.989258 -0.07406 -0.126027 0 -0.069915 0.517424 -0.852868 0.396099 0.128373 0.852518 0.506688 0 0 0 0 1 0.989235 -0.074103 -0.126183 0 -0.070073 0.517118 -0.853041 0.396099 0.128465 0.8527 0.506359 0 0 0 0 1 0.989223 -0.074085 -0.12629 0 -0.070209 0.516888 -0.853169 0.396099 0.128486 0.852841 0.506116 0 0 0 0 1 0.989216 -0.074053 -0.126368 0 -0.07035 0.516503 -0.85339 0.396099 0.128465 0.853077 0.505723 0 0 0 0 1 0.989205 -0.074018 -0.126472 0 -0.070534 0.516002 -0.853678 0.396099 0.128448 0.853383 0.505211 0 0 0 0 1 0.989185 -0.073992 -0.126639 0 -0.070741 0.515669 -0.853862 0.396099 0.128483 0.853587 0.504858 0 0 0 0 1 0.989159 -0.073991 -0.126848 0 -0.070961 0.515412 -0.853999 0.396099 0.128567 0.853742 0.504574 0 0 0 0 1 0.989119 -0.07406 -0.127113 0 -0.071158 0.51539 -0.853996 0.396099 0.128761 0.853749 0.504513 0 0 0 0 1 0.98908 -0.074222 -0.127323 0 -0.071254 0.515409 -0.853977 0.396099 0.129008 0.853724 0.504492 0 0 0 0 1 0.98904 -0.074446 -0.127501 0 -0.071289 0.515434 -0.853958 0.396099 0.129293 0.853689 0.504478 0 0 0 0 1 0.989002 -0.074625 -0.127698 0 -0.071335 0.515648 -0.853826 0.396099 0.129564 0.853545 0.504653 0 0 0 0 1 0.988975 -0.074723 -0.12785 0 -0.071394 0.5158 -0.853729 0.396099 0.129739 0.853444 0.504778 0 0 0 0 1 0.988961 -0.074796 -0.127914 0 -0.071415 0.515777 -0.853741 0.396099 0.129832 0.853451 0.504742 0 0 0 0 1 0.988955 -0.074866 -0.127915 0 -0.071404 0.515622 -0.853836 0.396099 0.12988 0.853539 0.504581 0 0 0 0 1 0.988953 -0.074912 -0.127903 0 -0.071375 0.515592 -0.853856 0.396099 0.12991 0.853553 0.50455 0 0 0 0 1 0.988954 -0.07494 -0.127881 0 -0.071322 0.515718 -0.853785 0.396099 0.129933 0.853475 0.504677 0 0 0 0 1 0.988963 -0.074951 -0.127809 0 -0.071244 0.515791 -0.853747 0.396099 0.129912 0.853429 0.504758 0 0 0 0 1 0.98898 -0.074917 -0.127691 0 -0.071133 0.515957 -0.853656 0.396099 0.129837 0.853332 0.504942 0 0 0 0 1 0.98901 -0.074794 -0.127533 0 -0.071027 0.516171 -0.853536 0.396099 0.129669 0.853214 0.505185 0 0 0 0 1 0.989054 -0.074593 -0.127313 0 -0.070911 0.516363 -0.853429 0.396099 0.1294 0.853115 0.505421 0 0 0 0 1 0.989105 -0.074348 -0.127061 0 -0.070769 0.51669 -0.853243 0.396099 0.129089 0.852938 0.505799 0 0 0 0 1 0.989158 -0.074087 -0.126799 0 -0.070617 0.517086 -0.853015 0.396099 0.128764 0.852721 0.506247 0 0 0 0 1 0.989207 -0.073824 -0.126571 0 -0.070486 0.51755 -0.852745 0.396099 0.12846 0.852462 0.506761 0 0 0 0 1 0.989244 -0.073634 -0.12639 0 -0.070377 0.517879 -0.852554 0.396099 0.128232 0.852279 0.507127 0 0 0 0 1 0.989275 -0.073471 -0.126239 0 -0.070311 0.518011 -0.852479 0.396099 0.128026 0.852213 0.50729 0 0 0 0 1 0.989304 -0.07329 -0.126122 0 -0.070274 0.518209 -0.852362 0.396099 0.127828 0.852108 0.507515 0 0 0 0 1 0.989333 -0.073101 -0.126005 0 -0.070225 0.518504 -0.852187 0.396099 0.12763 0.851945 0.50784 0 0 0 0 1 0.989365 -0.0729 -0.125863 0 -0.070165 0.518779 -0.852024 0.396099 0.127408 0.851794 0.508147 0 0 0 0 1 0.989402 -0.072686 -0.125704 0 -0.070111 0.51896 -0.851918 0.396099 0.127158 0.851702 0.508364 0 0 0 0 1 0.989439 -0.072464 -0.125538 0 -0.070063 0.519085 -0.851846 0.396099 0.126893 0.851645 0.508526 0 0 0 0 1 0.989477 -0.072233 -0.125372 0 -0.070032 0.519134 -0.851819 0.396099 0.126614 0.851635 0.508612 0 0 0 0 1 0.989477 -0.072233 -0.125372 0 -0.070032 0.519134 -0.851819 0.396099 0.126614 0.851635 0.508612 0 0 0 0 1 0.989546 -0.071806 -0.125066 0 -0.069978 0.519205 -0.85178 0.396099 0.126099 0.851628 0.508753 0 0 0 0 1 0.989574 -0.071647 -0.12494 0 -0.069953 0.519186 -0.851793 0.396099 0.125896 0.851653 0.508761 0 0 0 0 1</float_array>
        <technique_common>
          <accessor source="#LeftFoot_matrix_LeftFoot_transform-output-array" count="106" stride="16">
            <param name="TRANSFORM" type="float4x4"/>
          </accessor>
        </technique_common>
      </source>
      <source id="LeftFoot_matrix_LeftFoot_transform-interpolations">
        <Name_array id="LeftFoot_matrix_LeftFoot_transform-interpolations-array" count="106">LINEAR LINEAR LINEAR LINEAR LINEAR LINEAR LINEAR LINEAR LINEAR LINEAR LINEAR LINEAR LINEAR LINEAR LINEAR LINEAR LINEAR LINEAR LINEAR LINEAR LINEAR LINEAR LINEAR LINEAR LINEAR LINEAR LINEAR LINEAR LINEAR LINEAR LINEAR LINEAR LINEAR LINEAR LINEAR LINEAR LINEAR LINEAR LINEAR LINEAR LINEAR LINEAR LINEAR LINEAR LINEAR LINEAR LINEAR LINEAR LINEAR LINEAR LINEAR LINEAR LINEAR LINEAR LINEAR LINEAR LINEAR LINEAR LINEAR LINEAR LINEAR LINEAR LINEAR LINEAR LINEAR LINEAR LINEAR LINEAR LINEAR LINEAR LINEAR LINEAR LINEAR LINEAR LINEAR LINEAR LINEAR LINEAR LINEAR LINEAR LINEAR LINEAR LINEAR LINEAR LINEAR LINEAR LINEAR LINEAR LINEAR LINEAR LINEAR LINEAR LINEAR LINEAR LINEAR LINEAR LINEAR LINEAR LINEAR LINEAR LINEAR LINEAR LINEAR LINEAR LINEAR LINEAR</Name_array>
        <technique_common>
          <accessor source="#LeftFoot_matrix_LeftFoot_transform-interpolations-array" count="106" stride="1">
            <param name="INTERPOLATION" type="Name"/>
          </accessor>
        </technique_common>
      </source>
      <sampler id="LeftFoot_matrix_LeftFoot_transform-sampler">
        <input semantic="INPUT" source="#LeftFoot_matrix_LeftFoot_transform-input"/>
        <input semantic="OUTPUT" source="#LeftFoot_matrix_LeftFoot_transform-output"/>
        <input semantic="INTERPOLATION" source="#LeftFoot_matrix_LeftFoot_transform-interpolations"/>
      </sampler>
      <channel source="#LeftFoot_matrix_LeftFoot_transform-sampler" target="LeftFoot/transform"/>
    </animation>
    <animation id="LeftToes_matrix">
      <source id="LeftToes_matrix_LeftToes_transform-input">
        <float_array id="LeftToes_matrix_LeftToes_transform-input-array" count="106">0 0.033333 0.066666 0.1 0.133333 0.166667 0.2 0.233333 0.266667 0.3 0.333333 0.366667 0.4 0.433333 0.466667 0.5 0.533333 0.566667 0.6 0.633333 0.666667 0.7 0.733333 0.766667 0.8 0.833333 0.866667 0.9 0.933333 0.966667 1 1.03333 1.06667 1.1 1.13333 1.16667 1.2 1.23333 1.26667 1.3 1.33333 1.36667 1.4 1.43333 1.46667 1.5 1.53333 1.56667 1.6 1.63333 1.66667 1.7 1.73333 1.76667 1.8 1.83333 1.86667 1.9 1.93333 1.96667 2 2.03333 2.06667 2.1 2.13333 2.16667 2.2 2.23333 2.26667 2.3 2.33333 2.36667 2.4 2.43333 2.46667 2.5 2.53333 2.56667 2.6 2.63333 2.66667 2.7 2.73333 2.76667 2.8 2.83333 2.86667 2.9 2.93333 2.96667 3 3.03333 3.06667 3.1 3.13333 3.16667 3.2 3.23333 3.26667 3.3 3.33333 3.36667 3.4 3.43333 3.46667 3.5</float_array>
        <technique_common>
          <accessor source="#LeftToes_matrix_LeftToes_transform-input-array" count="106" stride="1">
            <param name="TIME" type="float"/>
          </accessor>
        </technique_common>
        <technique profile="MAYA">
          <pre_infinity>CONSTANT</pre_infinity>
          <post_infinity>CONSTANT</post_infinity>
        </technique>
      </source>
      <source id="LeftToes_matrix_LeftToes_transform-output">
        <float_array id="LeftToes_matrix_LeftToes_transform-output-array" count="1696">1 0 -0.000115 0 -0.000072 0.779169 -0.626814 0.153519 0.000089 0.626814 0.779169 0 0 0 0 1 1 0 -0.000115 0 -0.000072 0.779169 -0.626814 0.153519 0.000089 0.626814 0.779169 0 0 0 0 1 1 0 -0.000115 0 -0.000072 0.779169 -0.626814 0.153519 0.000089 0.626814 0.779169 0 0 0 0 1 1 0 -0.000115 0 -0.000072 0.779169 -0.626814 0.153519 0.000089 0.626814 0.779169 0 0 0 0 1 1 0 -0.000115 0 -0.000072 0.779169 -0.626814 0.153519 0.000089 0.626814 0.779169 0 0 0 0 1 1 0 -0.000115 0 -0.000072 0.779169 -0.626814 0.153519 0.000089 0.626814 0.779169 0 0 0 0 1 1 0 -0.000115 0 -0.000072 0.779169 -0.626814 0.153519 0.000089 0.626814 0.779169 0 0 0 0 1 1 0 -0.000115 0 -0.000072 0.779169 -0.626814 0.153519 0.000089 0.626814 0.779169 0 0 0 0 1 1 0 -0.000115 0 -0.000072 0.779169 -0.626814 0.153519 0.000089 0.626814 0.779169 0 0 0 0 1 1 0 -0.000115 0 -0.000072 0.779169 -0.626814 0.153519 0.000089 0.626814 0.779169 0 0 0 0 1 1 0 -0.000115 0 -0.000072 0.779169 -0.626814 0.153519 0.000089 0.626814 0.779169 0 0 0 0 1 1 0 -0.000115 0 -0.000072 0.779169 -0.626814 0.153519 0.000089 0.626814 0.779169 0 0 0 0 1 1 0 -0.000115 0 -0.000072 0.779169 -0.626814 0.153519 0.000089 0.626814 0.779169 0 0 0 0 1 1 0 -0.000115 0 -0.000072 0.779169 -0.626814 0.153519 0.000089 0.626814 0.779169 0 0 0 0 1 1 0 -0.000115 0 -0.000072 0.779169 -0.626814 0.153519 0.000089 0.626814 0.779169 0 0 0 0 1 1 0 -0.000115 0 -0.000072 0.779169 -0.626814 0.153519 0.000089 0.626814 0.779169 0 0 0 0 1 1 0 -0.000115 0 -0.000072 0.779169 -0.626814 0.153519 0.000089 0.626814 0.779169 0 0 0 0 1 1 0 -0.000115 0 -0.000072 0.779169 -0.626814 0.153519 0.000089 0.626814 0.779169 0 0 0 0 1 1 0 -0.000115 0 -0.000072 0.779169 -0.626814 0.153519 0.000089 0.626814 0.779169 0 0 0 0 1 1 0 -0.000115 0 -0.000072 0.779169 -0.626814 0.153519 0.000089 0.626814 0.779169 0 0 0 0 1 1 0 -0.000115 0 -0.000072 0.779169 -0.626814 0.153519 0.000089 0.626814 0.779169 0 0 0 0 1 1 0 -0.000115 0 -0.000072 0.779169 -0.626814 0.153519 0.000089 0.626814 0.779169 0 0 0 0 1 1 0 -0.000115 0 -0.000072 0.779169 -0.626814 0.153519 0.000089 0.626814 0.779169 0 0 0 0 1 1 0 -0.000115 0 -0.000072 0.779169 -0.626814 0.153519 0.000089 0.626814 0.779169 0 0 0 0 1 1 0 -0.000115 0 -0.000072 0.779169 -0.626814 0.153519 0.000089 0.626814 0.779169 0 0 0 0 1 1 0 -0.000115 0 -0.000072 0.779169 -0.626814 0.153519 0.000089 0.626814 0.779169 0 0 0 0 1 1 0 -0.000115 0 -0.000072 0.779169 -0.626814 0.153519 0.000089 0.626814 0.779169 0 0 0 0 1 1 0 -0.000115 0 -0.000072 0.779169 -0.626814 0.153519 0.000089 0.626814 0.779169 0 0 0 0 1 1 0 -0.000115 0 -0.000072 0.779169 -0.626814 0.153519 0.000089 0.626814 0.779169 0 0 0 0 1 1 0 -0.000115 0 -0.000072 0.779169 -0.626814 0.153519 0.000089 0.626814 0.779169 0 0 0 0 1 1 0 -0.000115 0 -0.000072 0.779169 -0.626814 0.153519 0.000089 0.626814 0.779169 0 0 0 0 1 1 0 -0.000115 0 -0.000072 0.779169 -0.626814 0.153519 0.000089 0.626814 0.779169 0 0 0 0 1 1 0 -0.000115 0 -0.000072 0.779169 -0.626814 0.153519 0.000089 0.626814 0.779169 0 0 0 0 1 1 0 -0.000115 0 -0.000072 0.779169 -0.626814 0.153519 0.000089 0.626814 0.779169 0 0 0 0 1 1 0 -0.000115 0 -0.000072 0.779169 -0.626814 0.153519 0.000089 0.626814 0.779169 0 0 0 0 1 1 0 -0.000115 0 -0.000072 0.779169 -0.626814 0.153519 0.000089 0.626814 0.779169 0 0 0 0 1 1 0 -0.000115 0 -0.000072 0.779169 -0.626814 0.153519 0.000089 0.626814 0.779169 0 0 0 0 1 1 0 -0.000115 0 -0.000072 0.779169 -0.626814 0.153519 0.000089 0.626814 0.779169 0 0 0 0 1 1 0 -0.000115 0 -0.000072 0.779169 -0.626814 0.153519 0.000089 0.626814 0.779169 0 0 0 0 1 1 0 -0.000115 0 -0.000072 0.779169 -0.626814 0.153519 0.000089 0.626814 0.779169 0 0 0 0 1 1 0 -0.000115 0 -0.000072 0.779169 -0.626814 0.153519 0.000089 0.626814 0.779169 0 0 0 0 1 1 0 -0.000115 0 -0.000072 0.779169 -0.626814 0.153519 0.000089 0.626814 0.779169 0 0 0 0 1 1 0 -0.000115 0 -0.000072 0.779169 -0.626814 0.153519 0.000089 0.626814 0.779169 0 0 0 0 1 1 0 -0.000115 0 -0.000072 0.779169 -0.626814 0.153519 0.000089 0.626814 0.779169 0 0 0 0 1 1 0 -0.000115 0 -0.000072 0.779169 -0.626814 0.153519 0.000089 0.626814 0.779169 0 0 0 0 1 1 0 -0.000115 0 -0.000072 0.779169 -0.626814 0.153519 0.000089 0.626814 0.779169 0 0 0 0 1 1 0 -0.000115 0 -0.000072 0.779169 -0.626814 0.153519 0.000089 0.626814 0.779169 0 0 0 0 1 1 0 -0.000115 0 -0.000072 0.779169 -0.626814 0.153519 0.000089 0.626814 0.779169 0 0 0 0 1 1 0 -0.000115 0 -0.000072 0.779169 -0.626814 0.153519 0.000089 0.626814 0.779169 0 0 0 0 1 1 0 -0.000115 0 -0.000072 0.779169 -0.626814 0.153519 0.000089 0.626814 0.779169 0 0 0 0 1 1 0 -0.000115 0 -0.000072 0.779169 -0.626814 0.153519 0.000089 0.626814 0.779169 0 0 0 0 1 1 0 -0.000115 0 -0.000072 0.779169 -0.626814 0.153519 0.000089 0.626814 0.779169 0 0 0 0 1 1 0 -0.000115 0 -0.000072 0.779169 -0.626814 0.153519 0.000089 0.626814 0.779169 0 0 0 0 1 1 0 -0.000115 0 -0.000072 0.779169 -0.626814 0.153519 0.000089 0.626814 0.779169 0 0 0 0 1 1 0 -0.000115 0 -0.000072 0.779169 -0.626814 0.153519 0.000089 0.626814 0.779169 0 0 0 0 1 1 0 -0.000115 0 -0.000072 0.779169 -0.626814 0.153519 0.000089 0.626814 0.779169 0 0 0 0 1 1 0 -0.000115 0 -0.000072 0.779169 -0.626814 0.153519 0.000089 0.626814 0.779169 0 0 0 0 1 1 0 -0.000114 0 -0.000072 0.779169 -0.626814 0.153519 0.000089 0.626814 0.779169 0 0 0 0 1 1 0 -0.000114 0 -0.000071 0.779169 -0.626814 0.153519 0.000089 0.626814 0.779169 0 0 0 0 1 1 0 -0.000114 0 -0.000071 0.779169 -0.626814 0.153519 0.000089 0.626814 0.779169 0 0 0 0 1 1 0 -0.000114 0 -0.000071 0.779169 -0.626814 0.153519 0.000089 0.626814 0.779169 0 0 0 0 1 1 0 -0.000114 0 -0.000071 0.779169 -0.626814 0.153519 0.000089 0.626814 0.779169 0 0 0 0 1 1 0 -0.000114 0 -0.000071 0.779169 -0.626814 0.153519 0.000088 0.626814 0.779169 0 0 0 0 1 1 0 -0.000113 0 -0.000071 0.779169 -0.626814 0.153519 0.000088 0.626814 0.779169 0 0 0 0 1 1 0 -0.000113 0 -0.000071 0.779169 -0.626814 0.153519 0.000088 0.626814 0.779169 0 0 0 0 1 1 0 -0.000113 0 -0.000071 0.779169 -0.626814 0.153519 0.000088 0.626814 0.779169 0 0 0 0 1 1 0 -0.000113 0 -0.000071 0.779169 -0.626814 0.153519 0.000088 0.626814 0.779169 0 0 0 0 1 1 0 -0.000113 0 -0.000071 0.779169 -0.626814 0.153519 0.000088 0.626814 0.779169 0 0 0 0 1 1 0 -0.000113 0 -0.000071 0.779169 -0.626814 0.153519 0.000088 0.626814 0.779169 0 0 0 0 1 1 0 -0.000113 0 -0.000071 0.779169 -0.626814 0.153519 0.000088 0.626814 0.779169 0 0 0 0 1 1 0 -0.000113 0 -0.000071 0.779169 -0.626814 0.153519 0.000088 0.626814 0.779169 0 0 0 0 1 1 0 -0.000113 0 -0.000071 0.779169 -0.626814 0.153519 0.000088 0.626814 0.779169 0 0 0 0 1 1 0 -0.000113 0 -0.000071 0.779169 -0.626814 0.153519 0.000088 0.626814 0.779169 0 0 0 0 1 1 0 -0.000113 0 -0.000071 0.779169 -0.626814 0.153519 0.000088 0.626814 0.779169 0 0 0 0 1 1 0 -0.000113 0 -0.000071 0.779169 -0.626814 0.153519 0.000088 0.626814 0.779169 0 0 0 0 1 1 0 -0.000113 0 -0.000071 0.779169 -0.626814 0.153519 0.000088 0.626814 0.779169 0 0 0 0 1 1 0 -0.000113 0 -0.000071 0.779169 -0.626814 0.153519 0.000088 0.626814 0.779169 0 0 0 0 1 1 0 -0.000113 0 -0.000071 0.779169 -0.626814 0.153519 0.000088 0.626814 0.779169 0 0 0 0 1 1 0 -0.000113 0 -0.000071 0.779169 -0.626814 0.153519 0.000088 0.626814 0.779169 0 0 0 0 1 1 0 -0.000113 0 -0.000071 0.779169 -0.626814 0.153519 0.000088 0.626814 0.779169 0 0 0 0 1 1 0 -0.000113 0 -0.000071 0.779169 -0.626814 0.153519 0.000088 0.626814 0.779169 0 0 0 0 1 1 0 -0.000113 0 -0.000071 0.779169 -0.626814 0.153519 0.000088 0.626814 0.779169 0 0 0 0 1 1 0 -0.000115 0 -0.000072 0.779169 -0.626814 0.153519 0.000089 0.626814 0.779169 0 0 0 0 1 1 0 -0.000118 0 -0.000074 0.779169 -0.626814 0.153519 0.000092 0.626814 0.779169 0 0 0 0 1 1 0 -0.000121 0 -0.000076 0.779169 -0.626814 0.153519 0.000094 0.626814 0.779169 0 0 0 0 1 1 0 -0.000123 0 -0.000077 0.779169 -0.626814 0.153519 0.000096 0.626814 0.779169 0 0 0 0 1 1 0 -0.000124 0 -0.000078 0.779169 -0.626814 0.153519 0.000096 0.626814 0.779169 0 0 0 0 1 1 0 -0.000125 0 -0.000078 0.779169 -0.626814 0.153519 0.000097 0.626814 0.779169 0 0 0 0 1 1 0 -0.000125 0 -0.000078 0.779169 -0.626814 0.153519 0.000098 0.626814 0.779169 0 0 0 0 1 1 0 -0.000126 0 -0.000079 0.779169 -0.626814 0.153519 0.000098 0.626814 0.779169 0 0 0 0 1 1 0 -0.000126 0 -0.000079 0.779169 -0.626814 0.153519 0.000098 0.626814 0.779169 0 0 0 0 1 1 0 -0.000127 0 -0.000079 0.779169 -0.626814 0.153519 0.000099 0.626814 0.779169 0 0 0 0 1 1 0 -0.000127 0 -0.000079 0.779169 -0.626814 0.153519 0.000099 0.626814 0.779169 0 0 0 0 1 1 0 -0.000127 0 -0.00008 0.779169 -0.626814 0.153519 0.000099 0.626814 0.779169 0 0 0 0 1 1 0 -0.000127 0 -0.00008 0.779169 -0.626814 0.153519 0.000099 0.626814 0.779169 0 0 0 0 1 1 0 -0.000128 0 -0.00008 0.779169 -0.626814 0.153519 0.000099 0.626814 0.779169 0 0 0 0 1 1 0 -0.000128 0 -0.00008 0.779169 -0.626814 0.153519 0.0001 0.626814 0.779169 0 0 0 0 1 1 0 -0.000129 0 -0.000081 0.779169 -0.626814 0.153519 0.0001 0.626814 0.779169 0 0 0 0 1 1 0 -0.000129 0 -0.000081 0.779169 -0.626814 0.153519 0.0001 0.626814 0.779169 0 0 0 0 1 1 0 -0.000129 0 -0.000081 0.779169 -0.626814 0.153519 0.0001 0.626814 0.779169 0 0 0 0 1 1 0 -0.000129 0 -0.000081 0.779169 -0.626814 0.153519 0.0001 0.626814 0.779169 0 0 0 0 1 1 0 -0.000129 0 -0.000081 0.779169 -0.626814 0.153519 0.0001 0.626814 0.779169 0 0 0 0 1 1 0 -0.000129 0 -0.000081 0.779169 -0.626814 0.153519 0.0001 0.626814 0.779169 0 0 0 0 1 1 0 -0.000129 0 -0.000081 0.779169 -0.626814 0.153519 0.0001 0.626814 0.779169 0 0 0 0 1 1 0 -0.000129 0 -0.00008 0.779169 -0.626814 0.153519 0.0001 0.626814 0.779169 0 0 0 0 1 1 0 -0.000128 0 -0.00008 0.779169 -0.626814 0.153519 0.0001 0.626814 0.779169 0 0 0 0 1</float_array>
        <technique_common>
          <accessor source="#LeftToes_matrix_LeftToes_transform-output-array" count="106" stride="16">
            <param name="TRANSFORM" type="float4x4"/>
          </accessor>
        </technique_common>
      </source>
      <source id="LeftToes_matrix_LeftToes_transform-interpolations">
        <Name_array id="LeftToes_matrix_LeftToes_transform-interpolations-array" count="106">LINEAR LINEAR LINEAR LINEAR LINEAR LINEAR LINEAR LINEAR LINEAR LINEAR LINEAR LINEAR LINEAR LINEAR LINEAR LINEAR LINEAR LINEAR LINEAR LINEAR LINEAR LINEAR LINEAR LINEAR LINEAR LINEAR LINEAR LINEAR LINEAR LINEAR LINEAR LINEAR LINEAR LINEAR LINEAR LINEAR LINEAR LINEAR LINEAR LINEAR LINEAR LINEAR LINEAR LINEAR LINEAR LINEAR LINEAR LINEAR LINEAR LINEAR LINEAR LINEAR LINEAR LINEAR LINEAR LINEAR LINEAR LINEAR LINEAR LINEAR LINEAR LINEAR LINEAR LINEAR LINEAR LINEAR LINEAR LINEAR LINEAR LINEAR LINEAR LINEAR LINEAR LINEAR LINEAR LINEAR LINEAR LINEAR LINEAR LINEAR LINEAR LINEAR LINEAR LINEAR LINEAR LINEAR LINEAR LINEAR LINEAR LINEAR LINEAR LINEAR LINEAR LINEAR LINEAR LINEAR LINEAR LINEAR LINEAR LINEAR LINEAR LINEAR LINEAR LINEAR LINEAR LINEAR</Name_array>
        <technique_common>
          <accessor source="#LeftToes_matrix_LeftToes_transform-interpolations-array" count="106" stride="1">
            <param name="INTERPOLATION" type="Name"/>
          </accessor>
        </technique_common>
      </source>
      <sampler id="LeftToes_matrix_LeftToes_transform-sampler">
        <input semantic="INPUT" source="#LeftToes_matrix_LeftToes_transform-input"/>
        <input semantic="OUTPUT" source="#LeftToes_matrix_LeftToes_transform-output"/>
        <input semantic="INTERPOLATION" source="#LeftToes_matrix_LeftToes_transform-interpolations"/>
      </sampler>
      <channel source="#LeftToes_matrix_LeftToes_transform-sampler" target="LeftToes/transform"/>
    </animation>
    <animation id="RightUpLeg_matrix">
      <source id="RightUpLeg_matrix_RightUpLeg_transform-input">
        <float_array id="RightUpLeg_matrix_RightUpLeg_transform-input-array" count="106">0 0.033333 0.066666 0.1 0.133333 0.166667 0.2 0.233333 0.266667 0.3 0.333333 0.366667 0.4 0.433333 0.466667 0.5 0.533333 0.566667 0.6 0.633333 0.666667 0.7 0.733333 0.766667 0.8 0.833333 0.866667 0.9 0.933333 0.966667 1 1.03333 1.06667 1.1 1.13333 1.16667 1.2 1.23333 1.26667 1.3 1.33333 1.36667 1.4 1.43333 1.46667 1.5 1.53333 1.56667 1.6 1.63333 1.66667 1.7 1.73333 1.76667 1.8 1.83333 1.86667 1.9 1.93333 1.96667 2 2.03333 2.06667 2.1 2.13333 2.16667 2.2 2.23333 2.26667 2.3 2.33333 2.36667 2.4 2.43333 2.46667 2.5 2.53333 2.56667 2.6 2.63333 2.66667 2.7 2.73333 2.76667 2.8 2.83333 2.86667 2.9 2.93333 2.96667 3 3.03333 3.06667 3.1 3.13333 3.16667 3.2 3.23333 3.26667 3.3 3.33333 3.36667 3.4 3.43333 3.46667 3.5</float_array>
        <technique_common>
          <accessor source="#RightUpLeg_matrix_RightUpLeg_transform-input-array" count="106" stride="1">
            <param name="TIME" type="float"/>
          </accessor>
        </technique_common>
        <technique profile="MAYA">
          <pre_infinity>CONSTANT</pre_infinity>
          <post_infinity>CONSTANT</post_infinity>
        </technique>
      </source>
      <source id="RightUpLeg_matrix_RightUpLeg_transform-output">
        <float_array id="RightUpLeg_matrix_RightUpLeg_transform-output-array" count="1696">-0.998445 0.054266 0.012786 -0.087164 0.054081 0.998433 -0.014391 0 -0.013547 -0.013677 -0.999815 0 0 0 0 1 -0.998436 0.054373 0.012982 -0.087164 0.054185 0.998427 -0.0144 0 -0.013745 -0.013674 -0.999812 0 0 0 0 1 -0.99843 0.054446 0.013179 -0.087164 0.054256 0.998423 -0.014409 0 -0.013943 -0.013672 -0.999809 0 0 0 0 1 -0.998422 0.054532 0.013386 -0.087164 0.054338 0.998418 -0.014427 0 -0.014152 -0.013677 -0.999806 0 0 0 0 1 -0.998411 0.054685 0.013567 -0.087164 0.054489 0.99841 -0.014464 0 -0.014336 -0.013702 -0.999803 0 0 0 0 1 -0.9984 0.054856 0.013686 -0.087164 0.054652 0.998395 -0.014867 0 -0.01448 -0.014096 -0.999796 0 0 0 0 1 -0.998391 0.055027 0.013689 -0.087164 0.054815 0.998378 -0.015385 0 -0.014514 -0.01461 -0.999788 0 0 0 0 1 -0.99838 0.055236 0.013648 -0.087164 0.055022 0.998363 -0.015634 0 -0.01449 -0.014857 -0.999785 0 0 0 0 1 -0.998369 0.055454 0.013604 -0.087164 0.055238 0.998349 -0.015779 0 -0.014457 -0.015002 -0.999783 0 0 0 0 1 -0.998357 0.055673 0.013576 -0.087164 0.055456 0.998335 -0.015837 0 -0.014435 -0.015058 -0.999782 0 0 0 0 1 -0.998347 0.055858 0.013556 -0.087164 0.055642 0.998325 -0.015827 0 -0.014417 -0.015047 -0.999783 0 0 0 0 1 -0.998339 0.056003 0.013542 -0.087164 0.055789 0.998319 -0.015715 0 -0.014399 -0.014933 -0.999785 0 0 0 0 1 -0.998331 0.056134 0.013538 -0.087164 0.055922 0.998313 -0.015621 0 -0.014392 -0.014838 -0.999786 0 0 0 0 1 -0.998324 0.05626 0.013561 -0.087164 0.056048 0.998307 -0.015547 0 -0.014413 -0.014761 -0.999787 0 0 0 0 1 -0.998317 0.056369 0.013659 -0.087164 0.056157 0.998303 -0.015439 0 -0.014506 -0.014645 -0.999788 0 0 0 0 1 -0.998309 0.056472 0.013812 -0.087164 0.056263 0.998302 -0.015053 0 -0.014639 -0.01425 -0.999791 0 0 0 0 1 -0.998301 0.056565 0.013946 -0.087164 0.056359 0.998302 -0.014735 0 -0.014756 -0.013924 -0.999794 0 0 0 0 1 -0.998296 0.056647 0.013989 -0.087164 0.056439 0.998295 -0.014855 0 -0.014806 -0.01404 -0.999792 0 0 0 0 1 -0.998292 0.056721 0.013978 -0.087164 0.056515 0.998294 -0.014694 0 -0.014787 -0.013879 -0.999794 0 0 0 0 1 -0.998289 0.056803 0.013865 -0.087164 0.056601 0.99829 -0.014595 0 -0.014671 -0.013785 -0.999797 0 0 0 0 1 -0.998288 0.05687 0.013682 -0.087164 0.056666 0.998283 -0.014844 0 -0.014503 -0.014044 -0.999796 0 0 0 0 1 -0.998289 0.056899 0.013452 -0.087164 0.05669 0.998272 -0.015461 0 -0.014309 -0.014671 -0.99979 0 0 0 0 1 -0.998291 0.056911 0.013286 -0.087164 0.0567 0.998267 -0.01577 0 -0.014161 -0.014989 -0.999787 0 0 0 0 1 -0.998291 0.056913 0.013268 -0.087164 0.056701 0.998266 -0.015827 0 -0.014146 -0.015048 -0.999787 0 0 0 0 1 -0.99829 0.05691 0.013344 -0.087164 0.056694 0.998263 -0.015998 0 -0.014232 -0.015214 -0.999783 0 0 0 0 1 -0.998289 0.056887 0.013502 -0.087164 0.056662 0.998256 -0.016541 0 -0.01442 -0.015747 -0.999772 0 0 0 0 1 -0.998287 0.05686 0.013756 -0.087164 0.056624 0.998251 -0.016957 0 -0.014696 -0.016149 -0.999762 0 0 0 0 1 -0.998284 0.056829 0.014096 -0.087164 0.056584 0.998249 -0.017245 0 -0.015051 -0.016417 -0.999752 0 0 0 0 1 -0.99828 0.056798 0.014497 -0.087164 0.05654 0.998245 -0.017617 0 -0.015472 -0.016767 -0.99974 0 0 0 0 1 -0.998275 0.056764 0.014963 -0.087164 0.056494 0.998242 -0.017918 0 -0.015954 -0.017041 -0.999727 0 0 0 0 1 -0.99827 0.056728 0.015478 -0.087164 0.056449 0.998245 -0.017891 0 -0.016466 -0.016986 -0.99972 0 0 0 0 1 -0.998263 0.056683 0.01603 -0.087164 0.0564 0.998254 -0.017569 0 -0.016998 -0.016634 -0.999717 0 0 0 0 1 -0.998258 0.056634 0.016519 -0.087164 0.056341 0.998254 -0.017716 0 -0.017493 -0.016755 -0.999707 0 0 0 0 1 -0.998255 0.056582 0.01689 -0.087164 0.056275 0.998251 -0.01813 0 -0.017887 -0.017147 -0.999693 0 0 0 0 1 -0.998254 0.05652 0.017167 -0.087164 0.056204 0.99825 -0.018399 0 -0.018177 -0.017402 -0.999683 0 0 0 0 1 -0.998256 0.056433 0.017303 -0.087164 0.056109 0.99825 -0.018682 0 -0.018327 -0.017678 -0.999676 0 0 0 0 1 -0.998262 0.056317 0.017355 -0.087164 0.055985 0.99825 -0.019051 0 -0.018397 -0.018047 -0.999668 0 0 0 0 1 -0.998271 0.056144 0.017391 -0.087164 0.05581 0.998258 -0.019158 0 -0.018437 -0.018155 -0.999665 0 0 0 0 1 -0.998281 0.055952 0.01742 -0.087164 0.055617 0.998269 -0.019133 0 -0.01846 -0.018131 -0.999665 0 0 0 0 1 -0.998293 0.05574 0.017443 -0.087164 0.055411 0.998286 -0.018832 0 -0.018463 -0.017833 -0.999671 0 0 0 0 1 -0.998299 0.055625 0.017458 -0.087164 0.055302 0.998299 -0.018442 0 -0.018454 -0.017445 -0.999677 0 0 0 0 1 -0.998301 0.055589 0.01745 -0.087164 0.055268 0.998303 -0.018367 0 -0.018441 -0.017371 -0.999679 0 0 0 0 1 -0.998302 0.055588 0.017382 -0.087164 0.055269 0.998303 -0.018322 0 -0.018371 -0.017331 -0.999681 0 0 0 0 1 -0.998305 0.055597 0.017207 -0.087164 0.055281 0.998303 -0.018294 0 -0.018195 -0.017311 -0.999685 0 0 0 0 1 -0.998308 0.055618 0.01696 -0.087164 0.055307 0.998302 -0.018291 0 -0.017948 -0.017322 -0.999689 0 0 0 0 1 -0.998312 0.055644 0.016624 -0.087164 0.055333 0.998294 -0.018628 0 -0.017632 -0.017676 -0.999688 0 0 0 0 1 -0.998317 0.055671 0.016274 -0.087164 0.055358 0.998284 -0.01907 0 -0.017308 -0.018137 -0.999686 0 0 0 0 1 -0.99832 0.055691 0.01599 -0.087164 0.055381 0.99828 -0.019245 0 -0.017034 -0.018327 -0.999687 0 0 0 0 1 -0.998323 0.055705 0.015769 -0.087164 0.055398 0.998278 -0.019293 0 -0.016817 -0.018387 -0.999689 0 0 0 0 1 -0.998324 0.055715 0.015661 -0.087164 0.055414 0.998282 -0.019048 0 -0.016695 -0.018148 -0.999696 0 0 0 0 1 -0.998324 0.05572 0.015634 -0.087164 0.055423 0.998286 -0.018809 0 -0.016656 -0.017911 -0.999701 0 0 0 0 1 -0.998324 0.055725 0.015645 -0.087164 0.05543 0.998287 -0.018702 0 -0.01666 -0.017804 -0.999703 0 0 0 0 1 -0.998323 0.055727 0.015671 -0.087164 0.055434 0.99829 -0.018541 0 -0.016678 -0.017641 -0.999705 0 0 0 0 1 -0.998323 0.055714 0.015705 -0.087164 0.055424 0.998295 -0.018328 0 -0.016699 -0.017427 -0.999709 0 0 0 0 1 -0.998326 0.055661 0.015743 -0.087164 0.055374 0.998302 -0.018088 0 -0.016723 -0.017186 -0.999712 0 0 0 0 1 -0.998331 0.055552 0.015784 -0.087164 0.055273 0.998317 -0.017564 0 -0.016733 -0.016662 -0.999721 0 0 0 0 1 -0.998336 0.055444 0.01583 -0.087164 0.055172 0.99833 -0.017121 0 -0.016753 -0.016219 -0.999728 0 0 0 0 1 -0.998341 0.055333 0.015892 -0.087164 0.055061 0.998337 -0.017095 0 -0.016811 -0.016192 -0.999728 0 0 0 0 1 -0.998342 0.055311 0.015958 -0.087164 0.055042 0.998342 -0.016853 0 -0.016864 -0.015946 -0.999731 0 0 0 0 1 -0.99834 0.055326 0.015999 -0.087164 0.055061 0.998346 -0.016566 0 -0.016889 -0.015658 -0.999735 0 0 0 0 1 -0.998339 0.055355 0.015957 -0.087164 0.055088 0.998341 -0.016724 0 -0.016856 -0.015817 -0.999733 0 0 0 0 1 -0.99834 0.055385 0.015807 -0.087164 0.055111 0.998331 -0.017281 0 -0.016738 -0.016382 -0.999726 0 0 0 0 1 -0.998341 0.055405 0.015663 -0.087164 0.055129 0.998325 -0.017549 0 -0.016609 -0.016657 -0.999723 0 0 0 0 1 -0.998342 0.055421 0.015568 -0.087164 0.055146 0.998324 -0.017567 0 -0.016516 -0.01668 -0.999724 0 0 0 0 1 -0.998342 0.055429 0.015529 -0.087164 0.055152 0.998321 -0.017714 0 -0.016484 -0.016828 -0.999722 0 0 0 0 1 -0.998341 0.055428 0.015585 -0.087164 0.055142 0.998312 -0.018214 0 -0.016569 -0.017325 -0.999713 0 0 0 0 1 -0.99834 0.055399 0.015732 -0.087164 0.055104 0.998307 -0.018596 0 -0.016735 -0.017698 -0.999703 0 0 0 0 1 -0.998342 0.055304 0.015957 -0.087164 0.055 0.998308 -0.018882 0 -0.016974 -0.017973 -0.999694 0 0 0 0 1 -0.998345 0.055173 0.016234 -0.087164 0.054858 0.998308 -0.019264 0 -0.01727 -0.018341 -0.999683 0 0 0 0 1 -0.998347 0.055032 0.016564 -0.087164 0.054704 0.998309 -0.019647 0 -0.017617 -0.018708 -0.99967 0 0 0 0 1 -0.998348 0.054912 0.016918 -0.087164 0.054577 0.998315 -0.019685 0 -0.01797 -0.018729 -0.999663 0 0 0 0 1 -0.998348 0.054789 0.017279 -0.087164 0.054453 0.998329 -0.019347 0 -0.018311 -0.018374 -0.999663 0 0 0 0 1 -0.998355 0.054596 0.017532 -0.087164 0.054255 0.998339 -0.019366 0 -0.01856 -0.018383 -0.999659 0 0 0 0 1 -0.998366 0.054346 0.017629 -0.087164 0.054002 0.998351 -0.019456 0 -0.018657 -0.018472 -0.999655 0 0 0 0 1 -0.998383 0.054088 0.017509 -0.087164 0.053749 0.998368 -0.019285 0 -0.018524 -0.018312 -0.999661 0 0 0 0 1 -0.998406 0.053809 0.017032 -0.087164 0.053486 0.998389 -0.018918 0 -0.018023 -0.017977 -0.999676 0 0 0 0 1 -0.998435 0.053502 0.016308 -0.087164 0.053197 0.998411 -0.018567 0 -0.017275 -0.017671 -0.999695 0 0 0 0 1 -0.998468 0.053152 0.015369 -0.087164 0.052874 0.99844 -0.017967 0 -0.0163 -0.017127 -0.99972 0 0 0 0 1 -0.998501 0.05281 0.014376 -0.087164 0.05256 0.998469 -0.017261 0 -0.015265 -0.01648 -0.999748 0 0 0 0 1 -0.998529 0.052518 0.013463 -0.087164 0.052296 0.998497 -0.016383 0 -0.014304 -0.015654 -0.999775 0 0 0 0 1 -0.998547 0.052369 0.012737 -0.087164 0.05217 0.998518 -0.015483 0 -0.013529 -0.014796 -0.999799 0 0 0 0 1 -0.998553 0.052323 0.012391 -0.087164 0.052139 0.99853 -0.014794 0 -0.013146 -0.014127 -0.999814 0 0 0 0 1 -0.998556 0.052289 0.012307 -0.087164 0.052113 0.99854 -0.01425 0 -0.013034 -0.013588 -0.999823 0 0 0 0 1 -0.998555 0.05227 0.012489 -0.087164 0.052095 0.998545 -0.013924 0 -0.013199 -0.013253 -0.999825 0 0 0 0 1 -0.998551 0.052284 0.012754 -0.087164 0.052109 0.998547 -0.013735 0 -0.013454 -0.013051 -0.999824 0 0 0 0 1 -0.998544 0.052378 0.012902 -0.087164 0.052201 0.998542 -0.013715 0 -0.013601 -0.013022 -0.999823 0 0 0 0 1 -0.998538 0.052482 0.012936 -0.087164 0.052305 0.998538 -0.013661 0 -0.013634 -0.012964 -0.999823 0 0 0 0 1 -0.998532 0.052602 0.012928 -0.087164 0.052426 0.998532 -0.013597 0 -0.013624 -0.0129 -0.999824 0 0 0 0 1 -0.998525 0.052737 0.012908 -0.087164 0.052562 0.998525 -0.013572 0 -0.013605 -0.012874 -0.999825 0 0 0 0 1 -0.998519 0.052862 0.012884 -0.087164 0.052687 0.998519 -0.013558 0 -0.013581 -0.012859 -0.999825 0 0 0 0 1 -0.998512 0.052986 0.012859 -0.087164 0.052812 0.998513 -0.013538 0 -0.013557 -0.012839 -0.999826 0 0 0 0 1 -0.998505 0.053124 0.012839 -0.087164 0.05295 0.998506 -0.013498 0 -0.013537 -0.012798 -0.999826 0 0 0 0 1 -0.998498 0.053267 0.012833 -0.087164 0.053095 0.998499 -0.013405 0 -0.013528 -0.012704 -0.999828 0 0 0 0 1 -0.998489 0.053417 0.01286 -0.087164 0.053246 0.998493 -0.013279 0 -0.01355 -0.012574 -0.999829 0 0 0 0 1 -0.998481 0.053544 0.01296 -0.087164 0.053374 0.998488 -0.01311 0 -0.013643 -0.012398 -0.99983 0 0 0 0 1 -0.998472 0.053683 0.013093 -0.087164 0.053513 0.998482 -0.013059 0 -0.013774 -0.012338 -0.999829 0 0 0 0 1 -0.998464 0.053817 0.013198 -0.087164 0.053642 0.998473 -0.013226 0 -0.01389 -0.012498 -0.999825 0 0 0 0 1 -0.998458 0.053908 0.013236 -0.087164 0.05373 0.998465 -0.013424 0 -0.01394 -0.012692 -0.999822 0 0 0 0 1 -0.998454 0.053988 0.01321 -0.087164 0.053809 0.998459 -0.013585 0 -0.013923 -0.012853 -0.99982 0 0 0 0 1 -0.998451 0.054071 0.013079 -0.087164 0.053891 0.998452 -0.013749 0 -0.013802 -0.013023 -0.99982 0 0 0 0 1 -0.99845 0.05414 0.012893 -0.087164 0.05396 0.998446 -0.013898 0 -0.013625 -0.013181 -0.99982 0 0 0 0 1 -0.99845 0.054187 0.012701 -0.087164 0.054008 0.998442 -0.014031 0 -0.013441 -0.013323 -0.999821 0 0 0 0 1 -0.998451 0.054201 0.012546 -0.087164 0.054023 0.99844 -0.01413 0 -0.013292 -0.01343 -0.999821 0 0 0 0 1 -0.998451 0.054201 0.012546 -0.087164 0.054023 0.99844 -0.01413 0 -0.013292 -0.01343 -0.999821 0 0 0 0 1 -0.998451 0.054196 0.012605 -0.087164 0.054014 0.998438 -0.014305 0 -0.01336 -0.013602 -0.999818 0 0 0 0 1 -0.998449 0.054187 0.012786 -0.087164 0.054002 0.998437 -0.014405 0 -0.013547 -0.013693 -0.999814 0 0 0 0 1</float_array>
        <technique_common>
          <accessor source="#RightUpLeg_matrix_RightUpLeg_transform-output-array" count="106" stride="16">
            <param name="TRANSFORM" type="float4x4"/>
          </accessor>
        </technique_common>
      </source>
      <source id="RightUpLeg_matrix_RightUpLeg_transform-interpolations">
        <Name_array id="RightUpLeg_matrix_RightUpLeg_transform-interpolations-array" count="106">LINEAR LINEAR LINEAR LINEAR LINEAR LINEAR LINEAR LINEAR LINEAR LINEAR LINEAR LINEAR LINEAR LINEAR LINEAR LINEAR LINEAR LINEAR LINEAR LINEAR LINEAR LINEAR LINEAR LINEAR LINEAR LINEAR LINEAR LINEAR LINEAR LINEAR LINEAR LINEAR LINEAR LINEAR LINEAR LINEAR LINEAR LINEAR LINEAR LINEAR LINEAR LINEAR LINEAR LINEAR LINEAR LINEAR LINEAR LINEAR LINEAR LINEAR LINEAR LINEAR LINEAR LINEAR LINEAR LINEAR LINEAR LINEAR LINEAR LINEAR LINEAR LINEAR LINEAR LINEAR LINEAR LINEAR LINEAR LINEAR LINEAR LINEAR LINEAR LINEAR LINEAR LINEAR LINEAR LINEAR LINEAR LINEAR LINEAR LINEAR LINEAR LINEAR LINEAR LINEAR LINEAR LINEAR LINEAR LINEAR LINEAR LINEAR LINEAR LINEAR LINEAR LINEAR LINEAR LINEAR LINEAR LINEAR LINEAR LINEAR LINEAR LINEAR LINEAR LINEAR LINEAR LINEAR</Name_array>
        <technique_common>
          <accessor source="#RightUpLeg_matrix_RightUpLeg_transform-interpolations-array" count="106" stride="1">
            <param name="INTERPOLATION" type="Name"/>
          </accessor>
        </technique_common>
      </source>
      <sampler id="RightUpLeg_matrix_RightUpLeg_transform-sampler">
        <input semantic="INPUT" source="#RightUpLeg_matrix_RightUpLeg_transform-input"/>
        <input semantic="OUTPUT" source="#RightUpLeg_matrix_RightUpLeg_transform-output"/>
        <input semantic="INTERPOLATION" source="#RightUpLeg_matrix_RightUpLeg_transform-interpolations"/>
      </sampler>
      <channel source="#RightUpLeg_matrix_RightUpLeg_transform-sampler" target="RightUpLeg/transform"/>
    </animation>
    <animation id="RightLeg_matrix">
      <source id="RightLeg_matrix_RightLeg_transform-input">
        <float_array id="RightLeg_matrix_RightLeg_transform-input-array" count="106">0 0.033333 0.066666 0.1 0.133333 0.166667 0.2 0.233333 0.266667 0.3 0.333333 0.366667 0.4 0.433333 0.466667 0.5 0.533333 0.566667 0.6 0.633333 0.666667 0.7 0.733333 0.766667 0.8 0.833333 0.866667 0.9 0.933333 0.966667 1 1.03333 1.06667 1.1 1.13333 1.16667 1.2 1.23333 1.26667 1.3 1.33333 1.36667 1.4 1.43333 1.46667 1.5 1.53333 1.56667 1.6 1.63333 1.66667 1.7 1.73333 1.76667 1.8 1.83333 1.86667 1.9 1.93333 1.96667 2 2.03333 2.06667 2.1 2.13333 2.16667 2.2 2.23333 2.26667 2.3 2.33333 2.36667 2.4 2.43333 2.46667 2.5 2.53333 2.56667 2.6 2.63333 2.66667 2.7 2.73333 2.76667 2.8 2.83333 2.86667 2.9 2.93333 2.96667 3 3.03333 3.06667 3.1 3.13333 3.16667 3.2 3.23333 3.26667 3.3 3.33333 3.36667 3.4 3.43333 3.46667 3.5</float_array>
        <technique_common>
          <accessor source="#RightLeg_matrix_RightLeg_transform-input-array" count="106" stride="1">
            <param name="TIME" type="float"/>
          </accessor>
        </technique_common>
        <technique profile="MAYA">
          <pre_infinity>CONSTANT</pre_infinity>
          <post_infinity>CONSTANT</post_infinity>
        </technique>
      </source>
      <source id="RightLeg_matrix_RightLeg_transform-output">
        <float_array id="RightLeg_matrix_RightLeg_transform-output-array" count="1696">1 0.000058 0.000318 0 -0.000084 0.996508 0.083495 -0.513628 -0.000312 -0.083495 0.996508 -0.00777 0 0 0 1 1 0.000058 0.000317 0 -0.000084 0.996509 0.083479 -0.513628 -0.000311 -0.083479 0.996509 -0.00777 0 0 0 1 1 0.000058 0.000316 0 -0.000084 0.99651 0.083467 -0.513628 -0.00031 -0.083467 0.99651 -0.00777 0 0 0 1 1 0.000058 0.000316 0 -0.000084 0.996508 0.083495 -0.513628 -0.00031 -0.083495 0.996508 -0.00777 0 0 0 1 1 0.000058 0.000315 0 -0.000085 0.996496 0.083639 -0.513628 -0.000309 -0.08364 0.996496 -0.00777 0 0 0 1 1 0.000058 0.000314 0 -0.000085 0.996436 0.084351 -0.513628 -0.000308 -0.084351 0.996436 -0.00777 0 0 0 1 1 0.000058 0.000313 0 -0.000085 0.996364 0.085196 -0.513628 -0.000307 -0.085196 0.996364 -0.00777 0 0 0 1 1 0.000058 0.000312 0 -0.000085 0.99633 0.085591 -0.513628 -0.000306 -0.085591 0.99633 -0.00777 0 0 0 1 1 0.000058 0.000311 0 -0.000085 0.996313 0.085795 -0.513628 -0.000304 -0.085795 0.996313 -0.00777 0 0 0 1 1 0.000058 0.000309 0 -0.000085 0.996333 0.085562 -0.513628 -0.000303 -0.085562 0.996333 -0.00777 0 0 0 1 1 0.000058 0.000308 0 -0.000085 0.996349 0.085368 -0.513628 -0.000302 -0.085368 0.996349 -0.00777 0 0 0 1 1 0.000059 0.000307 0 -0.000085 0.996355 0.085307 -0.513628 -0.000301 -0.085307 0.996355 -0.00777 0 0 0 1 1 0.000059 0.000305 0 -0.000085 0.996367 0.085157 -0.513628 -0.000299 -0.085157 0.996367 -0.00777 0 0 0 1 1 0.000059 0.000304 0 -0.000085 0.996384 0.084961 -0.513628 -0.000298 -0.084961 0.996384 -0.00777 0 0 0 1 1 0.000059 0.000303 0 -0.000085 0.996396 0.084828 -0.513628 -0.000296 -0.084828 0.996396 -0.00777 0 0 0 1 1 0.00006 0.000301 0 -0.000085 0.996444 0.084261 -0.513628 -0.000295 -0.084261 0.996444 -0.00777 0 0 0 1 1 0.00006 0.0003 0 -0.000085 0.996478 0.083856 -0.513628 -0.000294 -0.083856 0.996478 -0.00777 0 0 0 1 1 0.00006 0.000299 0 -0.000085 0.996436 0.084346 -0.513628 -0.000293 -0.084346 0.996436 -0.00777 0 0 0 1 1 0.00006 0.0003 0 -0.000085 0.996426 0.084471 -0.513628 -0.000293 -0.084472 0.996426 -0.00777 0 0 0 1 1 0.000059 0.000303 0 -0.000085 0.99642 0.084541 -0.513628 -0.000297 -0.084541 0.99642 -0.00777 0 0 0 1 1 0.000057 0.000318 0 -0.000084 0.996356 0.085286 -0.513628 -0.000312 -0.085286 0.996356 -0.00777 0 0 0 1 1 0.000054 0.000352 0 -0.000084 0.996257 0.086443 -0.513628 -0.000346 -0.086443 0.996257 -0.00777 0 0 0 1 1 0.000052 0.00037 0 -0.000084 0.996222 0.086841 -0.513628 -0.000365 -0.086841 0.996222 -0.00777 0 0 0 1 1 0.000051 0.000381 0 -0.000083 0.996241 0.086627 -0.513628 -0.000375 -0.086627 0.996241 -0.00777 0 0 0 1 1 0.00005 0.000388 0 -0.000083 0.996242 0.086611 -0.513628 -0.000382 -0.086611 0.996242 -0.00777 0 0 0 1 1 0.000049 0.000393 0 -0.000083 0.996193 0.087176 -0.513628 -0.000387 -0.087176 0.996193 -0.00777 0 0 0 1 1 0.000049 0.000397 0 -0.000083 0.996172 0.087412 -0.513628 -0.000391 -0.087412 0.996172 -0.00777 0 0 0 1 1 0.000048 0.000401 0 -0.000083 0.996173 0.087406 -0.513628 -0.000395 -0.087406 0.996173 -0.00777 0 0 0 1 1 0.000048 0.000405 0 -0.000083 0.996154 0.087622 -0.513628 -0.000399 -0.087622 0.996154 -0.00777 0 0 0 1 1 0.000047 0.000408 0 -0.000083 0.996129 0.087902 -0.513628 -0.000402 -0.087902 0.996129 -0.00777 0 0 0 1 1 0.000047 0.000412 0 -0.000083 0.996148 0.087687 -0.513628 -0.000406 -0.087687 0.996148 -0.00777 0 0 0 1 1 0.000047 0.000415 0 -0.000083 0.99621 0.086976 -0.513628 -0.000409 -0.086977 0.99621 -0.00777 0 0 0 1 1 0.000047 0.000419 0 -0.000083 0.996193 0.087174 -0.513628 -0.000413 -0.087174 0.996193 -0.00777 0 0 0 1 1 0.000046 0.000422 0 -0.000083 0.996142 0.08776 -0.513628 -0.000416 -0.08776 0.996142 -0.00777 0 0 0 1 1 0.000045 0.000426 0 -0.000083 0.996117 0.088038 -0.513628 -0.00042 -0.088038 0.996117 -0.00777 0 0 0 1 1 0.000045 0.000429 0 -0.000083 0.996082 0.088433 -0.513628 -0.000424 -0.088433 0.996082 -0.00777 0 0 0 1 1 0.000044 0.000433 0 -0.000083 0.99602 0.089129 -0.513628 -0.000427 -0.089129 0.99602 -0.00777 0 0 0 1 1 0.000044 0.000436 0 -0.000083 0.995981 0.089563 -0.513628 -0.000431 -0.089563 0.995981 -0.00777 0 0 0 1 1 0.000043 0.00044 0 -0.000083 0.995948 0.089925 -0.513628 -0.000434 -0.089925 0.995948 -0.00777 0 0 0 1 1 0.000043 0.000444 0 -0.000083 0.995952 0.089883 -0.513628 -0.000438 -0.089883 0.995952 -0.00777 0 0 0 1 1 0.000042 0.000447 0 -0.000082 0.995977 0.089613 -0.513628 -0.000442 -0.089613 0.995977 -0.00777 0 0 0 1 1 0.000042 0.000451 0 -0.000082 0.995993 0.089428 -0.513628 -0.000446 -0.089428 0.995993 -0.00777 0 0 0 1 1 0.000042 0.000455 0 -0.000082 0.996019 0.089136 -0.513628 -0.00045 -0.089136 0.996019 -0.00777 0 0 0 1 1 0.000042 0.00046 0 -0.000082 0.996042 0.088885 -0.513628 -0.000454 -0.088885 0.996042 -0.00777 0 0 0 1 1 0.000041 0.000464 0 -0.000082 0.996058 0.088709 -0.513628 -0.000459 -0.088709 0.996057 -0.00777 0 0 0 1 1 0.00004 0.00047 0 -0.000082 0.996024 0.089084 -0.513628 -0.000465 -0.089084 0.996024 -0.00777 0 0 0 1 1 0.000039 0.000479 0 -0.000082 0.995979 0.089583 -0.513628 -0.000474 -0.089583 0.995979 -0.00777 0 0 0 1 1 0.000037 0.000497 0 -0.000082 0.995976 0.08962 -0.513628 -0.000492 -0.08962 0.995976 -0.00777 0 0 0 1 1 0.000033 0.000538 0 -0.000081 0.995992 0.089438 -0.513628 -0.000533 -0.089438 0.995992 -0.00777 0 0 0 1 1 0.000028 0.000588 0 -0.00008 0.996058 0.088706 -0.513628 -0.000583 -0.088706 0.996058 -0.00777 0 0 0 1 1 0.000023 0.000638 0 -0.000079 0.996118 0.088032 -0.513628 -0.000634 -0.088032 0.996117 -0.00777 0 0 0 1 1 0.00002 0.000677 0 -0.000079 0.996155 0.087605 -0.513628 -0.000673 -0.087605 0.996155 -0.00777 0 0 0 1 1 0.000018 0.000698 0 -0.000079 0.996211 0.086975 -0.513628 -0.000694 -0.086975 0.99621 -0.00777 0 0 0 1 1 0.000017 0.000709 0 -0.000078 0.996275 0.086232 -0.513628 -0.000705 -0.086232 0.996275 -0.00777 0 0 0 1 1 0.000017 0.000717 0 -0.000078 0.996334 0.085547 -0.513628 -0.000713 -0.085547 0.996334 -0.00777 0 0 0 1 1 0.000017 0.000722 0 -0.000078 0.996436 0.084347 -0.513628 -0.000718 -0.084347 0.996436 -0.00777 0 0 0 1 1 0.000018 0.000727 0 -0.000078 0.996521 0.083342 -0.513628 -0.000723 -0.083342 0.996521 -0.00777 0 0 0 1 1 0.000017 0.000731 0 -0.000078 0.996527 0.083273 -0.513628 -0.000727 -0.083273 0.996526 -0.00777 0 0 0 1 1 0.000017 0.000735 0 -0.000078 0.996552 0.082973 -0.513628 -0.000731 -0.082973 0.996552 -0.00777 0 0 0 1 1 0.000017 0.000738 0 -0.000078 0.99657 0.082755 -0.513628 -0.000734 -0.082755 0.99657 -0.00777 0 0 0 1 1 0.000016 0.000742 0 -0.000078 0.996514 0.083429 -0.513628 -0.000738 -0.083429 0.996513 -0.00777 0 0 0 1 1 0.000015 0.000745 0 -0.000078 0.996408 0.084684 -0.513628 -0.000741 -0.084684 0.996408 -0.00777 0 0 0 1 1 0.000014 0.000748 0 -0.000078 0.996359 0.085262 -0.513628 -0.000744 -0.085262 0.996358 -0.00777 0 0 0 1 1 0.000014 0.000749 0 -0.000078 0.99636 0.085242 -0.513628 -0.000745 -0.085242 0.99636 -0.00777 0 0 0 1 1 0.000014 0.000749 0 -0.000078 0.996346 0.085403 -0.513628 -0.000745 -0.085403 0.996346 -0.00777 0 0 0 1 1 0.000013 0.000748 0 -0.000078 0.996295 0.085997 -0.513628 -0.000744 -0.085997 0.996295 -0.00777 0 0 0 1 1 0.000014 0.000742 0 -0.000078 0.99628 0.086169 -0.513628 -0.000738 -0.086169 0.99628 -0.00777 0 0 0 1 1 0.000015 0.000729 0 -0.000078 0.996285 0.086117 -0.513628 -0.000725 -0.086117 0.996285 -0.00777 0 0 0 1 1 0.000017 0.000712 0 -0.000078 0.996292 0.086041 -0.513628 -0.000707 -0.086041 0.996291 -0.00777 0 0 0 1 1 0.000019 0.000694 0 -0.000079 0.996285 0.086118 -0.513628 -0.000689 -0.086118 0.996285 -0.00777 0 0 0 1 1 0.000021 0.000675 0 -0.000079 0.996324 0.085667 -0.513628 -0.000671 -0.085667 0.996324 -0.00777 0 0 0 1 1 0.000024 0.000656 0 -0.000079 0.996409 0.084666 -0.513628 -0.000651 -0.084666 0.996409 -0.00777 0 0 0 1 1 0.000026 0.000636 0 -0.00008 0.996421 0.08453 -0.513628 -0.000631 -0.08453 0.996421 -0.00777 0 0 0 1 1 0.000028 0.000614 0 -0.00008 0.996427 0.084457 -0.513628 -0.000609 -0.084457 0.996427 -0.00777 0 0 0 1 1 0.000031 0.000588 0 -0.00008 0.996429 0.08443 -0.513628 -0.000584 -0.08443 0.996429 -0.00777 0 0 0 1 1 0.000034 0.000555 0 -0.000081 0.996425 0.084481 -0.513628 -0.00055 -0.084481 0.996425 -0.00777 0 0 0 1 1 0.000039 0.000504 0 -0.000082 0.996406 0.084707 -0.513628 -0.000498 -0.084707 0.996406 -0.00777 0 0 0 1 1 0.000046 0.000435 0 -0.000083 0.996406 0.084706 -0.513628 -0.00043 -0.084706 0.996406 -0.00777 0 0 0 1 1 0.000052 0.000372 0 -0.000084 0.996408 0.084685 -0.513628 -0.000366 -0.084685 0.996408 -0.00777 0 0 0 1 1 0.000055 0.000342 0 -0.000084 0.996431 0.084409 -0.513628 -0.000336 -0.084409 0.996431 -0.00777 0 0 0 1 1 0.000057 0.000326 0 -0.000084 0.996469 0.083962 -0.513628 -0.00032 -0.083962 0.996469 -0.00777 0 0 0 1 1 0.000058 0.000323 0 -0.000084 0.996502 0.083574 -0.513628 -0.000317 -0.083574 0.996501 -0.00777 0 0 0 1 1 0.000058 0.000322 0 -0.000084 0.996535 0.083177 -0.513628 -0.000316 -0.083177 0.996535 -0.00777 0 0 0 1 1 0.000058 0.000323 0 -0.000084 0.996548 0.083021 -0.513628 -0.000317 -0.083021 0.996548 -0.00777 0 0 0 1 1 0.000058 0.000323 0 -0.000084 0.996542 0.083094 -0.513628 -0.000317 -0.083094 0.996542 -0.00777 0 0 0 1 1 0.000057 0.000324 0 -0.000084 0.996513 0.083436 -0.513628 -0.000318 -0.083436 0.996513 -0.00777 0 0 0 1 1 0.000057 0.000325 0 -0.000084 0.996496 0.083644 -0.513628 -0.000319 -0.083644 0.996496 -0.00777 0 0 0 1 1 0.000057 0.000327 0 -0.000084 0.996494 0.08366 -0.513628 -0.000321 -0.08366 0.996494 -0.00777 0 0 0 1 1 0.000057 0.000328 0 -0.000084 0.9965 0.083589 -0.513628 -0.000322 -0.083589 0.9965 -0.00777 0 0 0 1 1 0.000057 0.000329 0 -0.000084 0.996509 0.083488 -0.513628 -0.000324 -0.083488 0.996509 -0.00777 0 0 0 1 1 0.000057 0.000331 0 -0.000084 0.996515 0.083413 -0.513628 -0.000325 -0.083413 0.996515 -0.00777 0 0 0 1 1 0.000057 0.000332 0 -0.000084 0.996517 0.083387 -0.513628 -0.000326 -0.083387 0.996517 -0.00777 0 0 0 1 1 0.000057 0.000334 0 -0.000084 0.996541 0.083106 -0.513628 -0.000328 -0.083106 0.996541 -0.00777 0 0 0 1 1 0.000057 0.000336 0 -0.000084 0.996572 0.082734 -0.513628 -0.00033 -0.082734 0.996572 -0.00777 0 0 0 1 1 0.000057 0.000337 0 -0.000084 0.996607 0.082306 -0.513628 -0.000331 -0.082306 0.996607 -0.00777 0 0 0 1 1 0.000056 0.000339 0 -0.000084 0.99662 0.082149 -0.513628 -0.000333 -0.082149 0.99662 -0.00777 0 0 0 1 1 0.000056 0.00034 0 -0.000084 0.996594 0.082458 -0.513628 -0.000334 -0.082458 0.996594 -0.00777 0 0 0 1 1 0.000056 0.000342 0 -0.000084 0.996567 0.08279 -0.513628 -0.000336 -0.08279 0.996567 -0.00777 0 0 0 1 1 0.000056 0.000343 0 -0.000084 0.996552 0.082968 -0.513628 -0.000337 -0.082968 0.996552 -0.00777 0 0 0 1 1 0.000056 0.000345 0 -0.000084 0.996541 0.083104 -0.513628 -0.000339 -0.083104 0.996541 -0.00777 0 0 0 1 1 0.000055 0.000347 0 -0.000084 0.996531 0.083219 -0.513628 -0.000341 -0.083219 0.996531 -0.00777 0 0 0 1 1 0.000055 0.00035 0 -0.000084 0.996523 0.083316 -0.513628 -0.000344 -0.083316 0.996523 -0.00777 0 0 0 1 1 0.000054 0.000355 0 -0.000084 0.996518 0.083382 -0.513628 -0.000349 -0.083383 0.996518 -0.00777 0 0 0 1 1 0.000054 0.000355 0 -0.000084 0.996518 0.083382 -0.513628 -0.000349 -0.083383 0.996518 -0.00777 0 0 0 1 1 0.000054 0.000361 0 -0.000084 0.996518 0.083382 -0.513628 -0.000356 -0.083383 0.996518 -0.00777 0 0 0 1 1 0.000053 0.000372 0 -0.000084 0.996518 0.083382 -0.513628 -0.000366 -0.083383 0.996518 -0.00777 0 0 0 1</float_array>
        <technique_common>
          <accessor source="#RightLeg_matrix_RightLeg_transform-output-array" count="106" stride="16">
            <param name="TRANSFORM" type="float4x4"/>
          </accessor>
        </technique_common>
      </source>
      <source id="RightLeg_matrix_RightLeg_transform-interpolations">
        <Name_array id="RightLeg_matrix_RightLeg_transform-interpolations-array" count="106">LINEAR LINEAR LINEAR LINEAR LINEAR LINEAR LINEAR LINEAR LINEAR LINEAR LINEAR LINEAR LINEAR LINEAR LINEAR LINEAR LINEAR LINEAR LINEAR LINEAR LINEAR LINEAR LINEAR LINEAR LINEAR LINEAR LINEAR LINEAR LINEAR LINEAR LINEAR LINEAR LINEAR LINEAR LINEAR LINEAR LINEAR LINEAR LINEAR LINEAR LINEAR LINEAR LINEAR LINEAR LINEAR LINEAR LINEAR LINEAR LINEAR LINEAR LINEAR LINEAR LINEAR LINEAR LINEAR LINEAR LINEAR LINEAR LINEAR LINEAR LINEAR LINEAR LINEAR LINEAR LINEAR LINEAR LINEAR LINEAR LINEAR LINEAR LINEAR LINEAR LINEAR LINEAR LINEAR LINEAR LINEAR LINEAR LINEAR LINEAR LINEAR LINEAR LINEAR LINEAR LINEAR LINEAR LINEAR LINEAR LINEAR LINEAR LINEAR LINEAR LINEAR LINEAR LINEAR LINEAR LINEAR LINEAR LINEAR LINEAR LINEAR LINEAR LINEAR LINEAR LINEAR LINEAR</Name_array>
        <technique_common>
          <accessor source="#RightLeg_matrix_RightLeg_transform-interpolations-array" count="106" stride="1">
            <param name="INTERPOLATION" type="Name"/>
          </accessor>
        </technique_common>
      </source>
      <sampler id="RightLeg_matrix_RightLeg_transform-sampler">
        <input semantic="INPUT" source="#RightLeg_matrix_RightLeg_transform-input"/>
        <input semantic="OUTPUT" source="#RightLeg_matrix_RightLeg_transform-output"/>
        <input semantic="INTERPOLATION" source="#RightLeg_matrix_RightLeg_transform-interpolations"/>
      </sampler>
      <channel source="#RightLeg_matrix_RightLeg_transform-sampler" target="RightLeg/transform"/>
    </animation>
    <animation id="RightFoot_matrix">
      <source id="RightFoot_matrix_RightFoot_transform-input">
        <float_array id="RightFoot_matrix_RightFoot_transform-input-array" count="106">0 0.033333 0.066666 0.1 0.133333 0.166667 0.2 0.233333 0.266667 0.3 0.333333 0.366667 0.4 0.433333 0.466667 0.5 0.533333 0.566667 0.6 0.633333 0.666667 0.7 0.733333 0.766667 0.8 0.833333 0.866667 0.9 0.933333 0.966667 1 1.03333 1.06667 1.1 1.13333 1.16667 1.2 1.23333 1.26667 1.3 1.33333 1.36667 1.4 1.43333 1.46667 1.5 1.53333 1.56667 1.6 1.63333 1.66667 1.7 1.73333 1.76667 1.8 1.83333 1.86667 1.9 1.93333 1.96667 2 2.03333 2.06667 2.1 2.13333 2.16667 2.2 2.23333 2.26667 2.3 2.33333 2.36667 2.4 2.43333 2.46667 2.5 2.53333 2.56667 2.6 2.63333 2.66667 2.7 2.73333 2.76667 2.8 2.83333 2.86667 2.9 2.93333 2.96667 3 3.03333 3.06667 3.1 3.13333 3.16667 3.2 3.23333 3.26667 3.3 3.33333 3.36667 3.4 3.43333 3.46667 3.5</float_array>
        <technique_common>
          <accessor source="#RightFoot_matrix_RightFoot_transform-input-array" count="106" stride="1">
            <param name="TIME" type="float"/>
          </accessor>
        </technique_common>
        <technique profile="MAYA">
          <pre_infinity>CONSTANT</pre_infinity>
          <post_infinity>CONSTANT</post_infinity>
        </technique>
      </source>
      <source id="RightFoot_matrix_RightFoot_transform-output">
        <float_array id="RightFoot_matrix_RightFoot_transform-output-array" count="1696">0.989574 -0.071637 -0.124948 0 -0.066046 0.545232 -0.835679 -0.395911 0.127991 0.835219 0.534816 0.012201 0 0 0 1 0.989622 -0.071165 -0.124835 0 -0.066195 0.545302 -0.835622 -0.395911 0.12754 0.835213 0.534932 0.012201 0 0 0 1 0.989681 -0.070774 -0.124592 0 -0.066179 0.545449 -0.835527 -0.395911 0.127093 0.835151 0.535136 0.012201 0 0 0 1 0.989744 -0.070412 -0.124291 0 -0.066104 0.545558 -0.835462 -0.395911 0.126635 0.83511 0.535308 0.012201 0 0 0 1 0.989794 -0.07004 -0.124104 0 -0.066139 0.545613 -0.835423 -0.395911 0.126226 0.835105 0.535412 0.012201 0 0 0 1 0.989828 -0.069751 -0.123993 0 -0.066226 0.545451 -0.835522 -0.395911 0.125911 0.835235 0.535284 0.012201 0 0 0 1 0.989848 -0.069558 -0.123948 0 -0.066322 0.545254 -0.835643 -0.395911 0.125709 0.83538 0.535105 0.012201 0 0 0 1 0.989843 -0.069469 -0.124035 0 -0.066449 0.545215 -0.835658 -0.395911 0.125679 0.835413 0.535061 0.012201 0 0 0 1 0.989827 -0.069438 -0.124183 0 -0.066588 0.545235 -0.835634 -0.395911 0.125734 0.835402 0.535064 0.012201 0 0 0 1 0.989796 -0.069417 -0.12444 0 -0.06678 0.545479 -0.83546 -0.395911 0.125874 0.835245 0.535277 0.012201 0 0 0 1 0.989766 -0.069458 -0.124652 0 -0.066913 0.545637 -0.835346 -0.395911 0.126037 0.835138 0.535406 0.012201 0 0 0 1 0.989747 -0.06963 -0.124707 0 -0.066857 0.545693 -0.835314 -0.395911 0.126215 0.835087 0.535443 0.012201 0 0 0 1 0.989724 -0.069771 -0.124817 0 -0.066866 0.545747 -0.835278 -0.395911 0.126397 0.83504 0.535473 0.012201 0 0 0 1 0.9897 -0.069872 -0.12495 0 -0.066916 0.545797 -0.835241 -0.395911 0.126558 0.834999 0.5355 0.012201 0 0 0 1 0.989684 -0.069966 -0.125023 0 -0.06692 0.545843 -0.835211 -0.395911 0.126679 0.834961 0.535529 0.012201 0 0 0 1 0.989676 -0.069988 -0.125069 0 -0.066941 0.545879 -0.835186 -0.395911 0.126725 0.834936 0.535558 0.012201 0 0 0 1 0.989669 -0.07 -0.125122 0 -0.066975 0.545908 -0.835164 -0.395911 0.126767 0.834916 0.535579 0.012201 0 0 0 1 0.989652 -0.070115 -0.125189 0 -0.067027 0.545526 -0.835409 -0.395911 0.126869 0.835155 0.535182 0.012201 0 0 0 1 0.989629 -0.070308 -0.125265 0 -0.067034 0.545216 -0.835611 -0.395911 0.127047 0.835342 0.534848 0.012201 0 0 0 1 0.989585 -0.070536 -0.12548 0 -0.067131 0.54496 -0.83577 -0.395911 0.127334 0.83549 0.53455 0.012201 0 0 0 1 0.989534 -0.070829 -0.125724 0 -0.067259 0.544437 -0.836101 -0.395911 0.127669 0.835806 0.533975 0.012201 0 0 0 1 0.989475 -0.071164 -0.125999 0 -0.067399 0.543864 -0.836463 -0.395911 0.128052 0.836151 0.533343 0.012201 0 0 0 1 0.989423 -0.071484 -0.126221 0 -0.067445 0.543657 -0.836593 -0.395911 0.128424 0.836258 0.533086 0.012201 0 0 0 1 0.989388 -0.071702 -0.126372 0 -0.067444 0.543734 -0.836543 -0.395911 0.128695 0.836189 0.533128 0.012201 0 0 0 1 0.989364 -0.071825 -0.126491 0 -0.067479 0.543733 -0.836541 -0.395911 0.128863 0.836179 0.533104 0.012201 0 0 0 1 0.989355 -0.071881 -0.126528 0 -0.067509 0.543544 -0.836662 -0.395911 0.128915 0.836297 0.532905 0.012201 0 0 0 1 0.989365 -0.071832 -0.126477 0 -0.067492 0.543543 -0.836664 -0.395911 0.128845 0.836302 0.532914 0.012201 0 0 0 1 0.989397 -0.071662 -0.126326 0 -0.067434 0.543685 -0.836576 -0.395911 0.128633 0.836224 0.533087 0.012201 0 0 0 1 0.989443 -0.071395 -0.126116 0 -0.067387 0.54377 -0.836524 -0.395911 0.128303 0.836192 0.533218 0.012201 0 0 0 1 0.989507 -0.071061 -0.1258 0 -0.067299 0.543781 -0.836525 -0.395911 0.127852 0.836213 0.533292 0.012201 0 0 0 1 0.989579 -0.070665 -0.125461 0 -0.067201 0.54394 -0.836429 -0.395911 0.127351 0.836143 0.533523 0.012201 0 0 0 1 0.989652 -0.07024 -0.125122 0 -0.067097 0.54425 -0.836236 -0.395911 0.126835 0.835978 0.533905 0.012201 0 0 0 1 0.989719 -0.06989 -0.124787 0 -0.067016 0.544161 -0.8363 -0.395911 0.126353 0.836065 0.533883 0.012201 0 0 0 1 0.989768 -0.069676 -0.124518 0 -0.066945 0.543894 -0.836479 -0.395911 0.126007 0.836256 0.533664 0.012201 0 0 0 1 0.989801 -0.069554 -0.124321 0 -0.066868 0.543731 -0.836592 -0.395911 0.125786 0.836373 0.533534 0.012201 0 0 0 1 0.989814 -0.069558 -0.124221 0 -0.066823 0.54346 -0.836771 -0.395911 0.125713 0.836548 0.533276 0.012201 0 0 0 1 0.989816 -0.069643 -0.124151 0 -0.066782 0.54303 -0.837054 -0.395911 0.125713 0.836821 0.532849 0.012201 0 0 0 1 0.989816 -0.069781 -0.124073 0 -0.066696 0.542672 -0.837292 -0.395911 0.125759 0.837041 0.532492 0.012201 0 0 0 1 0.989815 -0.06995 -0.123991 0 -0.066587 0.542328 -0.837524 -0.395911 0.125829 0.83725 0.532147 0.012201 0 0 0 1 0.98981 -0.070152 -0.123915 0 -0.066444 0.54213 -0.837664 -0.395911 0.125942 0.837361 0.531945 0.012201 0 0 0 1 0.989809 -0.070263 -0.123856 0 -0.066341 0.542084 -0.837701 -0.395911 0.126 0.837382 0.531898 0.012201 0 0 0 1 0.989814 -0.070263 -0.123817 0 -0.066285 0.542236 -0.837608 -0.395911 0.125991 0.837283 0.532055 0.012201 0 0 0 1 0.989822 -0.070209 -0.123786 0 -0.066249 0.542494 -0.837443 -0.395911 0.125949 0.83712 0.532322 0.012201 0 0 0 1 0.989833 -0.070122 -0.12375 0 -0.066225 0.542765 -0.83727 -0.395911 0.125879 0.836952 0.532603 0.012201 0 0 0 1 0.989852 -0.069934 -0.123698 0 -0.066247 0.542997 -0.837118 -0.395911 0.125711 0.836818 0.532854 0.012201 0 0 0 1 0.989879 -0.069706 -0.123619 0 -0.066298 0.543032 -0.837091 -0.395911 0.125479 0.836814 0.532914 0.012201 0 0 0 1 0.989911 -0.069426 -0.123513 0 -0.066357 0.543045 -0.837078 -0.395911 0.125189 0.836829 0.532959 0.012201 0 0 0 1 0.989949 -0.069073 -0.12341 0 -0.066434 0.543221 -0.836957 -0.395911 0.124851 0.836743 0.533172 0.012201 0 0 0 1 0.989988 -0.068709 -0.123301 0 -0.066502 0.543464 -0.836794 -0.395911 0.124505 0.836616 0.533454 0.012201 0 0 0 1 0.990023 -0.068391 -0.123196 0 -0.066519 0.543907 -0.836505 -0.395911 0.124217 0.836354 0.533932 0.012201 0 0 0 1 0.990052 -0.068121 -0.123113 0 -0.066537 0.544293 -0.836252 -0.395911 0.123976 0.836125 0.534346 0.012201 0 0 0 1 0.99007 -0.067918 -0.123082 0 -0.066582 0.544553 -0.836079 -0.395911 0.12381 0.835972 0.534623 0.012201 0 0 0 1 0.990082 -0.067782 -0.123058 0 -0.066585 0.544893 -0.835858 -0.395911 0.12371 0.835762 0.534975 0.012201 0 0 0 1 0.990092 -0.067666 -0.123043 0 -0.066583 0.545244 -0.835629 -0.395911 0.123633 0.835542 0.535336 0.012201 0 0 0 1 0.990098 -0.067598 -0.123031 0 -0.066572 0.545498 -0.835464 -0.395911 0.123589 0.835382 0.535596 0.012201 0 0 0 1 0.990102 -0.067523 -0.123038 0 -0.066558 0.5459 -0.835203 -0.395911 0.123562 0.835125 0.536002 0.012201 0 0 0 1 0.990105 -0.067471 -0.123041 0 -0.066545 0.5462 -0.835008 -0.395911 0.123543 0.834933 0.536305 0.012201 0 0 0 1 0.990107 -0.06748 -0.123023 0 -0.066539 0.546103 -0.835071 -0.395911 0.123534 0.834996 0.53621 0.012201 0 0 0 1 0.990105 -0.067488 -0.123036 0 -0.066555 0.546041 -0.835111 -0.395911 0.123543 0.835036 0.536146 0.012201 0 0 0 1 0.990096 -0.067509 -0.123097 0 -0.066614 0.545915 -0.835188 -0.395911 0.123584 0.835116 0.536011 0.012201 0 0 0 1 0.990085 -0.067581 -0.123147 0 -0.066685 0.545454 -0.835484 -0.395911 0.123635 0.835412 0.535538 0.012201 0 0 0 1 0.990075 -0.067672 -0.123172 0 -0.066746 0.54486 -0.835866 -0.395911 0.123677 0.835792 0.534936 0.012201 0 0 0 1 0.990072 -0.067712 -0.123174 0 -0.066768 0.544573 -0.836051 -0.395911 0.123689 0.835975 0.534646 0.012201 0 0 0 1 0.990072 -0.067709 -0.123179 0 -0.066776 0.544558 -0.836061 -0.395911 0.123687 0.835986 0.53463 0.012201 0 0 0 1 0.990074 -0.067703 -0.123168 0 -0.066779 0.544493 -0.836103 -0.395911 0.123671 0.836029 0.534567 0.012201 0 0 0 1 0.990079 -0.067695 -0.123133 0 -0.066779 0.544332 -0.836208 -0.395911 0.123632 0.836134 0.534411 0.012201 0 0 0 1 0.99009 -0.067616 -0.123086 0 -0.06677 0.544407 -0.836159 -0.395911 0.123548 0.836091 0.534497 0.012201 0 0 0 1 0.990115 -0.067465 -0.122969 0 -0.066717 0.544648 -0.836007 -0.395911 0.123376 0.835947 0.534763 0.012201 0 0 0 1 0.99015 -0.067285 -0.12278 0 -0.066626 0.544841 -0.835889 -0.395911 0.123138 0.835836 0.534991 0.012201 0 0 0 1 0.990196 -0.067053 -0.122542 0 -0.066531 0.544972 -0.83581 -0.395911 0.122826 0.835768 0.535168 0.012201 0 0 0 1 0.99024 -0.066789 -0.122325 0 -0.066446 0.545275 -0.83562 -0.395911 0.122511 0.835592 0.535515 0.012201 0 0 0 1 0.990281 -0.066537 -0.122135 0 -0.066354 0.545746 -0.835319 -0.395911 0.122235 0.835305 0.536027 0.012201 0 0 0 1 0.990311 -0.066405 -0.12196 0 -0.066266 0.545825 -0.835275 -0.395911 0.122036 0.835264 0.536136 0.012201 0 0 0 1 0.990327 -0.066435 -0.121815 0 -0.066129 0.545818 -0.83529 -0.395911 0.121982 0.835266 0.536145 0.012201 0 0 0 1 0.99031 -0.066595 -0.121863 0 -0.066087 0.545784 -0.835316 -0.395911 0.122139 0.835275 0.536094 0.012201 0 0 0 1 0.990255 -0.067028 -0.122075 0 -0.066039 0.545737 -0.83535 -0.395911 0.122613 0.835272 0.535992 0.012201 0 0 0 1 0.990174 -0.067645 -0.122389 0 -0.066001 0.545521 -0.835494 -0.395911 0.123283 0.835363 0.535696 0.012201 0 0 0 1 0.990074 -0.068427 -0.122763 0 -0.065918 0.54536 -0.835606 -0.395911 0.124129 0.835404 0.535436 0.012201 0 0 0 1 0.989973 -0.069228 -0.123129 0 -0.065822 0.545167 -0.83574 -0.395911 0.124983 0.835464 0.535143 0.012201 0 0 0 1 0.98989 -0.06992 -0.123406 0 -0.065698 0.545058 -0.83582 -0.395911 0.125705 0.835478 0.534954 0.012201 0 0 0 1 0.989829 -0.070372 -0.123634 0 -0.065647 0.545057 -0.835825 -0.395911 0.126206 0.835441 0.534893 0.012201 0 0 0 1 0.98982 -0.070454 -0.123662 0 -0.065615 0.545127 -0.835782 -0.395911 0.126296 0.835388 0.534955 0.012201 0 0 0 1 0.989847 -0.070334 -0.123516 0 -0.065547 0.545194 -0.835743 -0.395911 0.126122 0.835354 0.535048 0.012201 0 0 0 1 0.989908 -0.07003 -0.123202 0 -0.065447 0.545193 -0.835752 -0.395911 0.125697 0.835381 0.535107 0.012201 0 0 0 1 0.989969 -0.069646 -0.122924 0 -0.065439 0.545063 -0.835837 -0.395911 0.125214 0.835497 0.535038 0.012201 0 0 0 1 0.990006 -0.069379 -0.122778 0 -0.065495 0.544832 -0.835983 -0.395911 0.124894 0.83567 0.534843 0.012201 0 0 0 1 0.990029 -0.06921 -0.122692 0 -0.065531 0.544709 -0.836061 -0.395911 0.124696 0.835764 0.534742 0.012201 0 0 0 1 0.990029 -0.069165 -0.122713 0 -0.065573 0.544715 -0.836054 -0.395911 0.12467 0.835764 0.534748 0.012201 0 0 0 1 0.990016 -0.06918 -0.12281 0 -0.065637 0.544778 -0.836008 -0.395911 0.124739 0.835722 0.534798 0.012201 0 0 0 1 0.989997 -0.06924 -0.122927 0 -0.06569 0.544864 -0.835947 -0.395911 0.12486 0.835661 0.534865 0.012201 0 0 0 1 0.989974 -0.069337 -0.123061 0 -0.065739 0.544943 -0.835892 -0.395911 0.12502 0.835602 0.534921 0.012201 0 0 0 1 0.989947 -0.069449 -0.123214 0 -0.065798 0.545006 -0.835847 -0.395911 0.125201 0.835551 0.534957 0.012201 0 0 0 1 0.989921 -0.069558 -0.123365 0 -0.06584 0.545186 -0.835726 -0.395911 0.125388 0.835424 0.535111 0.012201 0 0 0 1 0.989897 -0.069648 -0.1235 0 -0.065873 0.545405 -0.83558 -0.395911 0.125554 0.835274 0.535307 0.012201 0 0 0 1 0.989881 -0.069726 -0.12359 0 -0.065873 0.545625 -0.835437 -0.395911 0.125686 0.835124 0.53551 0.012201 0 0 0 1 0.989873 -0.069732 -0.123648 0 -0.065906 0.545707 -0.83538 -0.395911 0.125728 0.835069 0.535585 0.012201 0 0 0 1 0.989866 -0.069763 -0.123686 0 -0.065942 0.545576 -0.835463 -0.395911 0.125765 0.835153 0.535447 0.012201 0 0 0 1 0.989851 -0.069869 -0.123743 0 -0.065953 0.54544 -0.835551 -0.395911 0.125874 0.835233 0.535296 0.012201 0 0 0 1 0.989828 -0.070033 -0.123838 0 -0.065952 0.54539 -0.835583 -0.395911 0.126059 0.835251 0.535224 0.012201 0 0 0 1 0.989789 -0.070276 -0.124009 0 -0.065963 0.545398 -0.835578 -0.395911 0.126356 0.835226 0.535193 0.012201 0 0 0 1 0.989739 -0.070582 -0.124233 0 -0.065992 0.545367 -0.835596 -0.395911 0.126731 0.835221 0.535113 0.012201 0 0 0 1 0.989687 -0.070905 -0.124471 0 -0.066025 0.545322 -0.835622 -0.395911 0.127127 0.835222 0.535016 0.012201 0 0 0 1 0.989636 -0.071219 -0.124693 0 -0.06605 0.545276 -0.83565 -0.395911 0.127507 0.835226 0.534921 0.012201 0 0 0 1 0.989636 -0.071219 -0.124693 0 -0.06605 0.545276 -0.83565 -0.395911 0.127507 0.835226 0.534921 0.012201 0 0 0 1 0.989579 -0.071576 -0.124937 0 -0.066059 0.545295 -0.835637 -0.395911 0.127939 0.835183 0.534885 0.012201 0 0 0 1 0.989576 -0.071629 -0.124931 0 -0.066029 0.545275 -0.835653 -0.395911 0.127979 0.835192 0.534861 0.012201 0 0 0 1</float_array>
        <technique_common>
          <accessor source="#RightFoot_matrix_RightFoot_transform-output-array" count="106" stride="16">
            <param name="TRANSFORM" type="float4x4"/>
          </accessor>
        </technique_common>
      </source>
      <source id="RightFoot_matrix_RightFoot_transform-interpolations">
        <Name_array id="RightFoot_matrix_RightFoot_transform-interpolations-array" count="106">LINEAR LINEAR LINEAR LINEAR LINEAR LINEAR LINEAR LINEAR LINEAR LINEAR LINEAR LINEAR LINEAR LINEAR LINEAR LINEAR LINEAR LINEAR LINEAR LINEAR LINEAR LINEAR LINEAR LINEAR LINEAR LINEAR LINEAR LINEAR LINEAR LINEAR LINEAR LINEAR LINEAR LINEAR LINEAR LINEAR LINEAR LINEAR LINEAR LINEAR LINEAR LINEAR LINEAR LINEAR LINEAR LINEAR LINEAR LINEAR LINEAR LINEAR LINEAR LINEAR LINEAR LINEAR LINEAR LINEAR LINEAR LINEAR LINEAR LINEAR LINEAR LINEAR LINEAR LINEAR LINEAR LINEAR LINEAR LINEAR LINEAR LINEAR LINEAR LINEAR LINEAR LINEAR LINEAR LINEAR LINEAR LINEAR LINEAR LINEAR LINEAR LINEAR LINEAR LINEAR LINEAR LINEAR LINEAR LINEAR LINEAR LINEAR LINEAR LINEAR LINEAR LINEAR LINEAR LINEAR LINEAR LINEAR LINEAR LINEAR LINEAR LINEAR LINEAR LINEAR LINEAR LINEAR</Name_array>
        <technique_common>
          <accessor source="#RightFoot_matrix_RightFoot_transform-interpolations-array" count="106" stride="1">
            <param name="INTERPOLATION" type="Name"/>
          </accessor>
        </technique_common>
      </source>
      <sampler id="RightFoot_matrix_RightFoot_transform-sampler">
        <input semantic="INPUT" source="#RightFoot_matrix_RightFoot_transform-input"/>
        <input semantic="OUTPUT" source="#RightFoot_matrix_RightFoot_transform-output"/>
        <input semantic="INTERPOLATION" source="#RightFoot_matrix_RightFoot_transform-interpolations"/>
      </sampler>
      <channel source="#RightFoot_matrix_RightFoot_transform-sampler" target="RightFoot/transform"/>
    </animation>
    <animation id="RightToes_matrix">
      <source id="RightToes_matrix_RightToes_transform-input">
        <float_array id="RightToes_matrix_RightToes_transform-input-array" count="106">0 0.033333 0.066666 0.1 0.133333 0.166667 0.2 0.233333 0.266667 0.3 0.333333 0.366667 0.4 0.433333 0.466667 0.5 0.533333 0.566667 0.6 0.633333 0.666667 0.7 0.733333 0.766667 0.8 0.833333 0.866667 0.9 0.933333 0.966667 1 1.03333 1.06667 1.1 1.13333 1.16667 1.2 1.23333 1.26667 1.3 1.33333 1.36667 1.4 1.43333 1.46667 1.5 1.53333 1.56667 1.6 1.63333 1.66667 1.7 1.73333 1.76667 1.8 1.83333 1.86667 1.9 1.93333 1.96667 2 2.03333 2.06667 2.1 2.13333 2.16667 2.2 2.23333 2.26667 2.3 2.33333 2.36667 2.4 2.43333 2.46667 2.5 2.53333 2.56667 2.6 2.63333 2.66667 2.7 2.73333 2.76667 2.8 2.83333 2.86667 2.9 2.93333 2.96667 3 3.03333 3.06667 3.1 3.13333 3.16667 3.2 3.23333 3.26667 3.3 3.33333 3.36667 3.4 3.43333 3.46667 3.5</float_array>
        <technique_common>
          <accessor source="#RightToes_matrix_RightToes_transform-input-array" count="106" stride="1">
            <param name="TIME" type="float"/>
          </accessor>
        </technique_common>
        <technique profile="MAYA">
          <pre_infinity>CONSTANT</pre_infinity>
          <post_infinity>CONSTANT</post_infinity>
        </technique>
      </source>
      <source id="RightToes_matrix_RightToes_transform-output">
        <float_array id="RightToes_matrix_RightToes_transform-output-array" count="1696">1 0 -0.000032 0 -0.00002 0.779182 -0.626798 -0.153519 0.000025 0.626798 0.779182 0 0 0 0 1 1 0 -0.000031 0 -0.000019 0.779182 -0.626798 -0.153519 0.000024 0.626798 0.779182 0 0 0 0 1 1 0 -0.00003 0 -0.000018 0.779182 -0.626798 -0.153519 0.000023 0.626798 0.779182 0 0 0 0 1 1 0 -0.000028 0 -0.000018 0.779182 -0.626798 -0.153519 0.000022 0.626798 0.779182 0 0 0 0 1 1 0 -0.000027 0 -0.000017 0.779181 -0.626798 -0.153519 0.000021 0.626798 0.779181 0 0 0 0 1 1 0 -0.000026 0 -0.000016 0.779181 -0.626798 -0.153519 0.00002 0.626798 0.779181 0 0 0 0 1 1 0 -0.000024 0 -0.000015 0.779181 -0.626798 -0.153519 0.000019 0.626798 0.779181 0 0 0 0 1 1 0 -0.000023 0 -0.000014 0.779181 -0.626799 -0.153519 0.000018 0.626799 0.779181 0 0 0 0 1 1 0 -0.000021 0 -0.000013 0.779181 -0.626799 -0.153519 0.000016 0.626799 0.779181 0 0 0 0 1 1 0 -0.00002 0 -0.000012 0.779181 -0.626799 -0.153519 0.000015 0.626799 0.779181 0 0 0 0 1 1 0 -0.000018 0 -0.000011 0.779181 -0.626799 -0.153519 0.000014 0.626799 0.779181 0 0 0 0 1 1 0 -0.000016 0 -0.00001 0.779181 -0.626799 -0.153519 0.000012 0.626799 0.779181 0 0 0 0 1 1 0 -0.000014 0 -0.000009 0.779181 -0.626799 -0.153519 0.000011 0.626799 0.779181 0 0 0 0 1 1 0 -0.000012 0 -0.000007 0.779181 -0.626799 -0.153519 0.000009 0.626799 0.779181 0 0 0 0 1 1 0 -0.00001 0 -0.000006 0.779181 -0.626799 -0.153519 0.000008 0.626799 0.779181 0 0 0 0 1 1 0 -0.000007 0 -0.000005 0.779181 -0.626799 -0.153519 0.000006 0.626799 0.779181 0 0 0 0 1 1 0 -0.000005 0 -0.000003 0.779181 -0.626799 -0.153519 0.000004 0.626799 0.779181 0 0 0 0 1 1 0 -0.000003 0 -0.000002 0.779181 -0.626799 -0.153519 0.000002 0.626799 0.779181 0 0 0 0 1 1 0 -0.000001 0 -0.000000 0.779181 -0.626799 -0.153519 0.000001 0.626799 0.779181 0 0 0 0 1 1 0 0.000000 0 0.000000 0.779181 -0.626799 -0.153519 -0.000000 0.626799 0.779181 0 0 0 0 1 1 0 0.000002 0 0.000001 0.779181 -0.626799 -0.153519 -0.000001 0.626799 0.779181 0 0 0 0 1 1 0 0.000004 0 0.000002 0.779181 -0.626799 -0.153519 -0.000003 0.626799 0.779181 0 0 0 0 1 1 0 0.000005 0 0.000003 0.779181 -0.6268 -0.153519 -0.000004 0.6268 0.779181 0 0 0 0 1 1 0 0.000007 0 0.000004 0.77918 -0.6268 -0.153519 -0.000005 0.6268 0.77918 0 0 0 0 1 1 0 0.000006 0 0.000003 0.77918 -0.6268 -0.153519 -0.000004 0.6268 0.77918 0 0 0 0 1 1 0 0.000005 0 0.000003 0.77918 -0.6268 -0.153519 -0.000004 0.6268 0.77918 0 0 0 0 1 1 0 -0.000002 0 -0.000001 0.77918 -0.6268 -0.153519 0.000002 0.6268 0.77918 0 0 0 0 1 1 0 -0.000032 0 -0.00002 0.77918 -0.6268 -0.153519 0.000025 0.6268 0.77918 0 0 0 0 1 1 0 -0.000099 0 -0.000062 0.77918 -0.6268 -0.153519 0.000077 0.6268 0.77918 0 0 0 0 1 1 0 -0.000199 0 -0.000125 0.77918 -0.6268 -0.153519 0.000155 0.6268 0.77918 0 0 0 0 1 1 0 -0.000303 0 -0.00019 0.77918 -0.6268 -0.153519 0.000236 0.6268 0.77918 0 0 0 0 1 1 0 -0.000382 0 -0.000239 0.77918 -0.6268 -0.153519 0.000297 0.6268 0.77918 0 0 0 0 1 1 0 -0.000454 0 -0.000285 0.77918 -0.6268 -0.153519 0.000354 0.626801 0.77918 0 0 0 0 1 1 0 -0.000539 0 -0.000338 0.77918 -0.626801 -0.153519 0.00042 0.626801 0.77918 0 0 0 0 1 1 0 -0.000606 0 -0.00038 0.77918 -0.626801 -0.153519 0.000472 0.626801 0.779179 0 0 0 0 1 1 0 -0.000633 0 -0.000397 0.779179 -0.626801 -0.153519 0.000493 0.626801 0.779179 0 0 0 0 1 1 0 -0.000642 0 -0.000402 0.779179 -0.626801 -0.153519 0.0005 0.626801 0.779179 0 0 0 0 1 1 0 -0.000642 0 -0.000403 0.779179 -0.626801 -0.153519 0.0005 0.626801 0.779179 0 0 0 0 1 1 0 -0.000642 0 -0.000402 0.779179 -0.626801 -0.153519 0.0005 0.626801 0.779179 0 0 0 0 1 1 0 -0.00064 0 -0.000401 0.779179 -0.626801 -0.153519 0.000498 0.626801 0.779179 0 0 0 0 1 1 0 -0.000631 0 -0.000395 0.779179 -0.626801 -0.153519 0.000492 0.626802 0.779179 0 0 0 0 1 1 0 -0.000617 0 -0.000387 0.779179 -0.626802 -0.153519 0.000481 0.626802 0.779179 0 0 0 0 1 1 0 -0.000594 0 -0.000372 0.779179 -0.626802 -0.153519 0.000463 0.626802 0.779179 0 0 0 0 1 1 0 -0.000547 0 -0.000343 0.779179 -0.626802 -0.153519 0.000426 0.626802 0.779178 0 0 0 0 1 1 0 -0.000511 0 -0.00032 0.779178 -0.626802 -0.153519 0.000398 0.626802 0.779178 0 0 0 0 1 1 0 -0.000479 0 -0.0003 0.779178 -0.626802 -0.153519 0.000373 0.626802 0.779178 0 0 0 0 1 1 0 -0.000448 0 -0.00028 0.779178 -0.626802 -0.153519 0.000349 0.626803 0.779178 0 0 0 0 1 1 0 -0.000413 0 -0.000259 0.779178 -0.626803 -0.153519 0.000321 0.626803 0.779178 0 0 0 0 1 1 0 -0.000367 0 -0.00023 0.779178 -0.626803 -0.153519 0.000286 0.626803 0.779178 0 0 0 0 1 1 0 -0.000315 0 -0.000197 0.779178 -0.626803 -0.153519 0.000245 0.626803 0.779178 0 0 0 0 1 1 0 -0.000263 0 -0.000164 0.779178 -0.626802 -0.153519 0.000204 0.626802 0.779178 0 0 0 0 1 1 0 -0.000215 0 -0.000135 0.779179 -0.626801 -0.153519 0.000167 0.626801 0.779179 0 0 0 0 1 1 0 -0.000182 0 -0.000114 0.779182 -0.626798 -0.153519 0.000142 0.626798 0.779182 0 0 0 0 1 1 0 -0.000149 0 -0.000093 0.779185 -0.626794 -0.153519 0.000116 0.626794 0.779185 0 0 0 0 1 1 0 -0.000115 0 -0.000072 0.779189 -0.626789 -0.153519 0.000089 0.626789 0.779189 0 0 0 0 1 1 0 -0.00008 0 -0.00005 0.779194 -0.626783 -0.153519 0.000062 0.626783 0.779194 0 0 0 0 1 1 0 -0.000045 0 -0.000028 0.779198 -0.626778 -0.153519 0.000035 0.626778 0.779198 0 0 0 0 1 1 0 -0.000008 0 -0.000005 0.779203 -0.626772 -0.153519 0.000006 0.626772 0.779203 0 0 0 0 1 1 0 0.000028 0 0.000017 0.779207 -0.626767 -0.153519 -0.000022 0.626767 0.779207 0 0 0 0 1 1 0 0.000058 0 0.000036 0.779212 -0.626761 -0.153519 -0.000045 0.626761 0.779212 0 0 0 0 1 1 0 0.000073 0 0.000046 0.779216 -0.626755 -0.153519 -0.000057 0.626755 0.779216 0 0 0 0 1 1 0 0.000082 0 0.000051 0.779221 -0.62675 -0.153519 -0.000064 0.62675 0.779221 0 0 0 0 1 1 0 0.000089 0 0.000055 0.779225 -0.626744 -0.153519 -0.000069 0.626744 0.779225 0 0 0 0 1 1 0 0.000094 0 0.000059 0.77923 -0.626738 -0.153519 -0.000073 0.626738 0.77923 0 0 0 0 1 1 0 0.000099 0 0.000062 0.779234 -0.626733 -0.153519 -0.000077 0.626733 0.779234 0 0 0 0 1 1 0 0.000104 0 0.000065 0.779238 -0.626728 -0.153519 -0.000081 0.626728 0.779238 0 0 0 0 1 1 0 0.000109 0 0.000068 0.779242 -0.626723 -0.153519 -0.000085 0.626723 0.779242 0 0 0 0 1 1 0 0.000113 0 0.000071 0.779245 -0.62672 -0.153519 -0.000088 0.62672 0.779245 0 0 0 0 1 1 0 0.000117 0 0.000073 0.779245 -0.626719 -0.153519 -0.000091 0.626719 0.779245 0 0 0 0 1 1 0 0.000121 0 0.000076 0.779246 -0.626718 -0.153519 -0.000094 0.626718 0.779246 0 0 0 0 1 1 0 0.000126 0 0.000078 0.779246 -0.626718 -0.153519 -0.000098 0.626718 0.779246 0 0 0 0 1 1 0 0.00013 0 0.000081 0.779246 -0.626718 -0.153519 -0.000101 0.626718 0.779246 0 0 0 0 1 1 0 0.000134 0 0.000084 0.779246 -0.626718 -0.153519 -0.000104 0.626718 0.779246 0 0 0 0 1 1 0 0.000137 0 0.000086 0.779246 -0.626719 -0.153519 -0.000107 0.626719 0.779246 0 0 0 0 1 1 0 0.000141 0 0.000088 0.779246 -0.626719 -0.153519 -0.00011 0.626719 0.779246 0 0 0 0 1 1 0 0.000145 0 0.000091 0.779245 -0.626719 -0.153519 -0.000113 0.626719 0.779245 0 0 0 0 1 1 0 0.000148 0 0.000093 0.779245 -0.626719 -0.153519 -0.000116 0.626719 0.779245 0 0 0 0 1 1 0 0.000151 0 0.000095 0.779245 -0.626719 -0.153519 -0.000118 0.626719 0.779245 0 0 0 0 1 1 0 0.000152 0 0.000095 0.779245 -0.626719 -0.153519 -0.000119 0.626719 0.779245 0 0 0 0 1 1 0 0.000153 0 0.000096 0.779245 -0.626719 -0.153519 -0.000119 0.626719 0.779245 0 0 0 0 1 1 0 0.000153 0 0.000096 0.779245 -0.62672 -0.153519 -0.000119 0.62672 0.779245 0 0 0 0 1 1 0 0.000153 0 0.000096 0.779245 -0.62672 -0.153519 -0.000119 0.62672 0.779245 0 0 0 0 1 1 0 0.000153 0 0.000096 0.779245 -0.62672 -0.153519 -0.000119 0.62672 0.779245 0 0 0 0 1 1 0 0.000153 0 0.000095 0.779245 -0.62672 -0.153519 -0.000119 0.62672 0.779245 0 0 0 0 1 1 0 0.000152 0 0.000095 0.779244 -0.62672 -0.153519 -0.000119 0.62672 0.779244 0 0 0 0 1 1 0 0.000152 0 0.000095 0.779244 -0.62672 -0.153519 -0.000119 0.62672 0.779244 0 0 0 0 1 1 0 0.000152 0 0.000095 0.779244 -0.62672 -0.153519 -0.000118 0.62672 0.779244 0 0 0 0 1 1 0 0.000152 0 0.000095 0.779244 -0.62672 -0.153519 -0.000118 0.62672 0.779244 0 0 0 0 1 1 0 0.000152 0 0.000095 0.779244 -0.62672 -0.153519 -0.000118 0.62672 0.779244 0 0 0 0 1 1 0 0.000152 0 0.000095 0.779244 -0.626721 -0.153519 -0.000118 0.626721 0.779244 0 0 0 0 1 1 0 0.000152 0 0.000095 0.779244 -0.626721 -0.153519 -0.000118 0.626721 0.779244 0 0 0 0 1 1 0 0.000151 0 0.000095 0.779244 -0.626721 -0.153519 -0.000118 0.626721 0.779244 0 0 0 0 1 1 0 0.000151 0 0.000095 0.779244 -0.626721 -0.153519 -0.000118 0.626721 0.779244 0 0 0 0 1 1 0 0.000151 0 0.000095 0.779244 -0.626721 -0.153519 -0.000118 0.626721 0.779244 0 0 0 0 1 1 0 0.000151 0 0.000094 0.779244 -0.626721 -0.153519 -0.000118 0.626721 0.779244 0 0 0 0 1 1 0 0.000151 0 0.000094 0.779244 -0.626721 -0.153519 -0.000117 0.626721 0.779244 0 0 0 0 1 1 0 0.000151 0 0.000094 0.779244 -0.626721 -0.153519 -0.000117 0.626721 0.779244 0 0 0 0 1 1 0 0.000151 0 0.000094 0.779244 -0.626721 -0.153519 -0.000117 0.626721 0.779244 0 0 0 0 1 1 0 0.000151 0 0.000094 0.779243 -0.626721 -0.153519 -0.000117 0.626721 0.779243 0 0 0 0 1 1 0 0.00015 0 0.000094 0.779243 -0.626721 -0.153519 -0.000117 0.626721 0.779243 0 0 0 0 1 1 0 0.00015 0 0.000094 0.779243 -0.626722 -0.153519 -0.000117 0.626722 0.779243 0 0 0 0 1 1 0 0.00015 0 0.000094 0.779243 -0.626722 -0.153519 -0.000117 0.626722 0.779243 0 0 0 0 1 1 0 0.00015 0 0.000094 0.779243 -0.626722 -0.153519 -0.000117 0.626722 0.779243 0 0 0 0 1 1 0 0.00015 0 0.000094 0.779243 -0.626722 -0.153519 -0.000117 0.626722 0.779243 0 0 0 0 1 1 0 0.000149 0 0.000093 0.779243 -0.626722 -0.153519 -0.000116 0.626722 0.779243 0 0 0 0 1 1 0 0.000148 0 0.000093 0.779242 -0.626723 -0.153519 -0.000116 0.626723 0.779242 0 0 0 0 1</float_array>
        <technique_common>
          <accessor source="#RightToes_matrix_RightToes_transform-output-array" count="106" stride="16">
            <param name="TRANSFORM" type="float4x4"/>
          </accessor>
        </technique_common>
      </source>
      <source id="RightToes_matrix_RightToes_transform-interpolations">
        <Name_array id="RightToes_matrix_RightToes_transform-interpolations-array" count="106">LINEAR LINEAR LINEAR LINEAR LINEAR LINEAR LINEAR LINEAR LINEAR LINEAR LINEAR LINEAR LINEAR LINEAR LINEAR LINEAR LINEAR LINEAR LINEAR LINEAR LINEAR LINEAR LINEAR LINEAR LINEAR LINEAR LINEAR LINEAR LINEAR LINEAR LINEAR LINEAR LINEAR LINEAR LINEAR LINEAR LINEAR LINEAR LINEAR LINEAR LINEAR LINEAR LINEAR LINEAR LINEAR LINEAR LINEAR LINEAR LINEAR LINEAR LINEAR LINEAR LINEAR LINEAR LINEAR LINEAR LINEAR LINEAR LINEAR LINEAR LINEAR LINEAR LINEAR LINEAR LINEAR LINEAR LINEAR LINEAR LINEAR LINEAR LINEAR LINEAR LINEAR LINEAR LINEAR LINEAR LINEAR LINEAR LINEAR LINEAR LINEAR LINEAR LINEAR LINEAR LINEAR LINEAR LINEAR LINEAR LINEAR LINEAR LINEAR LINEAR LINEAR LINEAR LINEAR LINEAR LINEAR LINEAR LINEAR LINEAR LINEAR LINEAR LINEAR LINEAR LINEAR LINEAR</Name_array>
        <technique_common>
          <accessor source="#RightToes_matrix_RightToes_transform-interpolations-array" count="106" stride="1">
            <param name="INTERPOLATION" type="Name"/>
          </accessor>
        </technique_common>
      </source>
      <sampler id="RightToes_matrix_RightToes_transform-sampler">
        <input semantic="INPUT" source="#RightToes_matrix_RightToes_transform-input"/>
        <input semantic="OUTPUT" source="#RightToes_matrix_RightToes_transform-output"/>
        <input semantic="INTERPOLATION" source="#RightToes_matrix_RightToes_transform-interpolations"/>
      </sampler>
      <channel source="#RightToes_matrix_RightToes_transform-sampler" target="RightToes/transform"/>
    </animation>
    <animation id="Spine_matrix">
      <source id="Spine_matrix_Spine_transform-input">
        <float_array id="Spine_matrix_Spine_transform-input-array" count="106">0 0.033333 0.066666 0.1 0.133333 0.166667 0.2 0.233333 0.266667 0.3 0.333333 0.366667 0.4 0.433333 0.466667 0.5 0.533333 0.566667 0.6 0.633333 0.666667 0.7 0.733333 0.766667 0.8 0.833333 0.866667 0.9 0.933333 0.966667 1 1.03333 1.06667 1.1 1.13333 1.16667 1.2 1.23333 1.26667 1.3 1.33333 1.36667 1.4 1.43333 1.46667 1.5 1.53333 1.56667 1.6 1.63333 1.66667 1.7 1.73333 1.76667 1.8 1.83333 1.86667 1.9 1.93333 1.96667 2 2.03333 2.06667 2.1 2.13333 2.16667 2.2 2.23333 2.26667 2.3 2.33333 2.36667 2.4 2.43333 2.46667 2.5 2.53333 2.56667 2.6 2.63333 2.66667 2.7 2.73333 2.76667 2.8 2.83333 2.86667 2.9 2.93333 2.96667 3 3.03333 3.06667 3.1 3.13333 3.16667 3.2 3.23333 3.26667 3.3 3.33333 3.36667 3.4 3.43333 3.46667 3.5</float_array>
        <technique_common>
          <accessor source="#Spine_matrix_Spine_transform-input-array" count="106" stride="1">
            <param name="TIME" type="float"/>
          </accessor>
        </technique_common>
        <technique profile="MAYA">
          <pre_infinity>CONSTANT</pre_infinity>
          <post_infinity>CONSTANT</post_infinity>
        </technique>
      </source>
      <source id="Spine_matrix_Spine_transform-output">
        <float_array id="Spine_matrix_Spine_transform-output-array" count="1696">1 0.000034 -0.000075 0 -0.00003 0.99865 0.051951 0.070051 0.000077 -0.051951 0.99865 -0.000217 0 0 0 1 1 0.000033 -0.000073 0 -0.000029 0.99865 0.051952 0.070051 0.000074 -0.051951 0.99865 -0.000217 0 0 0 1 1 0.000032 -0.000069 0 -0.000028 0.99865 0.051952 0.070051 0.00007 -0.051952 0.99865 -0.000217 0 0 0 1 1 0.00003 -0.000064 0 -0.000027 0.99865 0.051952 0.070051 0.000066 -0.051952 0.99865 -0.000217 0 0 0 1 1 0.000029 -0.00006 0 -0.000026 0.99865 0.051953 0.070051 0.000061 -0.051953 0.99865 -0.000217 0 0 0 1 1 0.000027 -0.000056 0 -0.000024 0.998649 0.051953 0.070051 0.000057 -0.051953 0.998649 -0.000217 0 0 0 1 1 0.000026 -0.000052 0 -0.000023 0.998649 0.051954 0.070051 0.000053 -0.051954 0.998649 -0.000217 0 0 0 1 1 0.000024 -0.000048 0 -0.000021 0.998649 0.051954 0.070051 0.000049 -0.051954 0.998649 -0.000217 0 0 0 1 1 0.000022 -0.000045 0 -0.00002 0.998649 0.051955 0.070051 0.000046 -0.051955 0.998649 -0.000217 0 0 0 1 1 0.000021 -0.000042 0 -0.000018 0.998649 0.051955 0.070051 0.000043 -0.051955 0.998649 -0.000217 0 0 0 1 1 0.000019 -0.000041 0 -0.000017 0.998649 0.051956 0.070051 0.000042 -0.051956 0.998649 -0.000217 0 0 0 1 1 0.000016 -0.000041 0 -0.000014 0.998649 0.051957 0.070051 0.000041 -0.051957 0.998649 -0.000217 0 0 0 1 1 0.000014 -0.000046 0 -0.000012 0.998649 0.051957 0.070051 0.000047 -0.051957 0.998649 -0.000217 0 0 0 1 1 0.000012 -0.000075 0 -0.000008 0.998649 0.051958 0.070051 0.000076 -0.051958 0.998649 -0.000217 0 0 0 1 1 0.00001 -0.000151 0 -0.000002 0.998649 0.051958 0.070051 0.000151 -0.051958 0.998649 -0.000217 0 0 0 1 1 0.000008 -0.000208 0 0.000002 0.998649 0.051959 0.070051 0.000208 -0.051959 0.998649 -0.000217 0 0 0 1 1 0.000005 -0.000258 0 0.000007 0.998649 0.051959 0.070051 0.000258 -0.051959 0.998649 -0.000217 0 0 0 1 1 0.000003 -0.000304 0 0.000012 0.998649 0.051957 0.070051 0.000304 -0.051957 0.998649 -0.000217 0 0 0 1 1 0.000001 -0.000349 0 0.000016 0.99865 0.051951 0.070051 0.000349 -0.051951 0.99865 -0.000217 0 0 0 1 1 0 -0.000395 0 0.00002 0.99865 0.05194 0.070051 0.000394 -0.05194 0.99865 -0.000217 0 0 0 1 1 -0.000001 -0.000446 0 0.000024 0.998651 0.051926 0.070051 0.000445 -0.051926 0.998651 -0.000217 0 0 0 1 1 -0.000002 -0.00051 0 0.000029 0.998652 0.051911 0.070051 0.00051 -0.051911 0.998652 -0.000217 0 0 0 1 1 -0.000003 -0.00058 0 0.000034 0.998653 0.051895 0.070051 0.000579 -0.051895 0.998652 -0.000217 0 0 0 1 1 -0.000006 -0.000649 0 0.000039 0.998653 0.051879 0.070051 0.000648 -0.051879 0.998653 -0.000217 0 0 0 1 1 -0.000006 -0.000714 0 0.000043 0.998654 0.051864 0.070051 0.000713 -0.051864 0.998654 -0.000217 0 0 0 1 1 -0.000008 -0.000772 0 0.000048 0.998655 0.051848 0.070051 0.00077 -0.051848 0.998655 -0.000217 0 0 0 1 1 -0.000006 -0.000822 0 0.000048 0.998656 0.051833 0.070051 0.00082 -0.051833 0.998655 -0.000217 0 0 0 1 1 -0.000000 -0.000854 0 0.000044 0.998657 0.051818 0.070051 0.000853 -0.051818 0.998656 -0.000217 0 0 0 1 1 0.000011 -0.000885 0 0.000034 0.998657 0.051807 0.070051 0.000884 -0.051807 0.998657 -0.000217 0 0 0 1 1 0.000041 -0.000914 0 0.000006 0.998658 0.051798 0.070051 0.000915 -0.051798 0.998657 -0.000217 0 0 0 1 1 0.000119 -0.000942 0 -0.00007 0.998658 0.051792 0.070051 0.000947 -0.051792 0.998657 -0.000217 0 0 0 1 1 0.000203 -0.000968 0 -0.000153 0.998658 0.051786 0.070051 0.000977 -0.051786 0.998658 -0.000217 0 0 0 1 0.999999 0.000283 -0.000988 0 -0.000231 0.998658 0.051781 0.070051 0.001001 -0.051781 0.998658 -0.000217 0 0 0 1 0.999999 0.00032 -0.001004 0 -0.000268 0.998659 0.051776 0.070051 0.001019 -0.051776 0.998658 -0.000217 0 0 0 1 0.999999 0.000338 -0.001017 0 -0.000284 0.998659 0.051771 0.070051 0.001033 -0.051771 0.998658 -0.000217 0 0 0 1 0.999999 0.000345 -0.001029 0 -0.000291 0.998659 0.051766 0.070051 0.001046 -0.051766 0.998659 -0.000217 0 0 0 1 0.999999 0.000348 -0.00104 0 -0.000294 0.998659 0.051761 0.070051 0.001057 -0.051761 0.998659 -0.000217 0 0 0 1 0.999999 0.000348 -0.001051 0 -0.000293 0.99866 0.051757 0.070051 0.001068 -0.051756 0.998659 -0.000217 0 0 0 1 0.999999 0.000349 -0.001057 0 -0.000293 0.99866 0.051752 0.070051 0.001074 -0.051751 0.998659 -0.000217 0 0 0 1 0.999999 0.000349 -0.001065 0 -0.000293 0.99866 0.051747 0.070051 0.001082 -0.051747 0.99866 -0.000217 0 0 0 1 0.999999 0.000349 -0.001073 0 -0.000293 0.99866 0.051742 0.070051 0.00109 -0.051742 0.99866 -0.000217 0 0 0 1 0.999999 0.000349 -0.001078 0 -0.000293 0.998661 0.051737 0.070051 0.001095 -0.051737 0.99866 -0.000217 0 0 0 1 0.999999 0.000349 -0.001076 0 -0.000293 0.998661 0.051732 0.070051 0.001093 -0.051732 0.99866 -0.000217 0 0 0 1 0.999999 0.000349 -0.00105 0 -0.000294 0.998661 0.051728 0.070051 0.001067 -0.051727 0.998661 -0.000217 0 0 0 1 0.999999 0.000348 -0.00096 0 -0.000298 0.998661 0.051723 0.070051 0.000977 -0.051723 0.998661 -0.000217 0 0 0 1 1 0.000347 -0.000842 0 -0.000303 0.998662 0.051718 0.070051 0.000859 -0.051718 0.998661 -0.000217 0 0 0 1 1 0.000346 -0.000713 0 -0.000309 0.998662 0.051713 0.070051 0.00073 -0.051713 0.998662 -0.000217 0 0 0 1 1 0.000345 -0.000584 0 -0.000315 0.998662 0.051709 0.070051 0.000601 -0.051708 0.998662 -0.000217 0 0 0 1 1 0.000344 -0.000466 0 -0.00032 0.998662 0.051704 0.070051 0.000483 -0.051704 0.998662 -0.000217 0 0 0 1 1 0.000343 -0.000371 0 -0.000324 0.998663 0.051699 0.070051 0.000388 -0.051699 0.998663 -0.000217 0 0 0 1 1 0.000342 -0.000304 0 -0.000326 0.998663 0.051695 0.070051 0.000322 -0.051694 0.998663 -0.000217 0 0 0 1 1 0.000341 -0.000255 0 -0.000328 0.998663 0.05169 0.070051 0.000272 -0.05169 0.998663 -0.000217 0 0 0 1 1 0.00034 -0.000223 0 -0.000328 0.998663 0.051685 0.070051 0.000241 -0.051685 0.998663 -0.000217 0 0 0 1 1 0.000339 -0.000199 0 -0.000328 0.998664 0.051681 0.070051 0.000216 -0.051681 0.998664 -0.000217 0 0 0 1 1 0.000337 -0.000177 0 -0.000328 0.998664 0.051677 0.070051 0.000195 -0.051677 0.998664 -0.000217 0 0 0 1 1 0.000335 -0.000159 0 -0.000326 0.998664 0.051673 0.070051 0.000176 -0.051673 0.998664 -0.000217 0 0 0 1 1 0.000327 -0.00013 0 -0.00032 0.998664 0.051669 0.070051 0.000147 -0.051669 0.998664 -0.000217 0 0 0 1 1 0.000317 -0.000097 0 -0.000311 0.998664 0.051668 0.070051 0.000114 -0.051668 0.998664 -0.000217 0 0 0 1 1 0.000305 -0.000062 0 -0.000302 0.998664 0.051673 0.070051 0.000078 -0.051673 0.998664 -0.000217 0 0 0 1 1 0.000292 -0.000025 0 -0.00029 0.998663 0.051686 0.070051 0.00004 -0.051686 0.998663 -0.000217 0 0 0 1 1 0.000275 0.000017 0 -0.000275 0.998663 0.051701 0.070051 -0.000003 -0.051701 0.998663 -0.000217 0 0 0 1 1 0.000254 0.000074 0 -0.000257 0.998662 0.051718 0.070051 -0.000061 -0.051718 0.998662 -0.000217 0 0 0 1 1 0.000232 0.000122 0 -0.000238 0.998661 0.051736 0.070051 -0.000109 -0.051736 0.998661 -0.000217 0 0 0 1 1 0.000209 0.000164 0 -0.000217 0.99866 0.051754 0.070051 -0.000153 -0.051754 0.99866 -0.000217 0 0 0 1 1 0.000187 0.000203 0 -0.000197 0.998659 0.051774 0.070051 -0.000193 -0.051774 0.998659 -0.000217 0 0 0 1 1 0.000165 0.000234 0 -0.000177 0.998658 0.051796 0.070051 -0.000225 -0.051796 0.998658 -0.000217 0 0 0 1 1 0.000145 0.000259 0 -0.000158 0.998656 0.051824 0.070051 -0.000252 -0.051824 0.998656 -0.000217 0 0 0 1 1 0.000127 0.000283 0 -0.000141 0.998654 0.051865 0.070051 -0.000277 -0.051865 0.998654 -0.000217 0 0 0 1 1 0.000115 0.000306 0 -0.000131 0.99865 0.051934 0.070051 -0.000299 -0.051934 0.99865 -0.000217 0 0 0 1 1 0.000111 0.000324 0 -0.000127 0.998646 0.052022 0.070051 -0.000318 -0.052022 0.998646 -0.000217 0 0 0 1 1 0.000109 0.000344 0 -0.000127 0.998641 0.05212 0.070051 -0.000338 -0.05212 0.998641 -0.000217 0 0 0 1 1 0.000108 0.000364 0 -0.000127 0.998635 0.052225 0.070051 -0.000358 -0.052225 0.998635 -0.000217 0 0 0 1 1 0.000108 0.000384 0 -0.000128 0.99863 0.052329 0.070051 -0.000378 -0.052329 0.99863 -0.000217 0 0 0 1 1 0.000108 0.000405 0 -0.000129 0.998625 0.052425 0.070051 -0.000398 -0.052425 0.998625 -0.000217 0 0 0 1 1 0.000108 0.000426 0 -0.000131 0.998621 0.052507 0.070051 -0.00042 -0.052507 0.99862 -0.000217 0 0 0 1 1 0.000109 0.000449 0 -0.000132 0.998619 0.052539 0.070051 -0.000442 -0.052539 0.998619 -0.000217 0 0 0 1 1 0.000109 0.000475 0 -0.000134 0.998618 0.052545 0.070051 -0.000469 -0.052545 0.998618 -0.000217 0 0 0 1 1 0.000109 0.00051 0 -0.000136 0.998619 0.052545 0.070051 -0.000504 -0.052545 0.998618 -0.000217 0 0 0 1 1 0.000109 0.000565 0 -0.000139 0.998619 0.052544 0.070051 -0.000559 -0.052544 0.998618 -0.000217 0 0 0 1 1 0.000109 0.000626 0 -0.000142 0.998619 0.052541 0.070051 -0.00062 -0.052541 0.998619 -0.000217 0 0 0 1 1 0.000109 0.000684 0 -0.000145 0.998619 0.052538 0.070051 -0.000677 -0.052538 0.998619 -0.000217 0 0 0 1 1 0.00011 0.000729 0 -0.000148 0.998619 0.052534 0.070051 -0.000722 -0.052534 0.998619 -0.000217 0 0 0 1 1 0.00011 0.000764 0 -0.00015 0.998619 0.052529 0.070051 -0.000757 -0.052529 0.998619 -0.000217 0 0 0 1 1 0.00011 0.000782 0 -0.000151 0.99862 0.052525 0.070051 -0.000775 -0.052525 0.998619 -0.000217 0 0 0 1 1 0.000111 0.000793 0 -0.000152 0.99862 0.05252 0.070051 -0.000786 -0.05252 0.99862 -0.000217 0 0 0 1 1 0.000111 0.000801 0 -0.000153 0.99862 0.052515 0.070051 -0.000795 -0.052515 0.99862 -0.000217 0 0 0 1 1 0.000111 0.000809 0 -0.000154 0.99862 0.052511 0.070051 -0.000802 -0.052511 0.99862 -0.000217 0 0 0 1 1 0.000112 0.000815 0 -0.000154 0.99862 0.052508 0.070051 -0.000808 -0.052508 0.99862 -0.000217 0 0 0 1 1 0.000112 0.00082 0 -0.000155 0.998622 0.052483 0.070051 -0.000813 -0.052483 0.998621 -0.000217 0 0 0 1 1 0.000113 0.000822 0 -0.000156 0.998624 0.052433 0.070051 -0.000815 -0.052433 0.998624 -0.000217 0 0 0 1 1 0.000113 0.000821 0 -0.000156 0.998627 0.052381 0.070051 -0.000814 -0.052381 0.998627 -0.000217 0 0 0 1 1 0.000114 0.000809 0 -0.000156 0.99863 0.05233 0.070051 -0.000802 -0.05233 0.998629 -0.000217 0 0 0 1 1 0.000114 0.000776 0 -0.000155 0.998632 0.052286 0.070051 -0.000769 -0.052286 0.998632 -0.000217 0 0 0 1 1 0.000115 0.000698 0 -0.000152 0.998634 0.052256 0.070051 -0.000691 -0.052256 0.998633 -0.000217 0 0 0 1 1 0.000116 0.000628 0 -0.000149 0.998635 0.052234 0.070051 -0.000621 -0.052234 0.998635 -0.000217 0 0 0 1 1 0.000117 0.000565 0 -0.000146 0.998636 0.052214 0.070051 -0.000558 -0.052214 0.998636 -0.000217 0 0 0 1 1 0.000118 0.000514 0 -0.000144 0.998637 0.052198 0.070051 -0.000508 -0.052198 0.998637 -0.000217 0 0 0 1 1 0.000118 0.000469 0 -0.000143 0.998637 0.052188 0.070051 -0.000463 -0.052188 0.998637 -0.000217 0 0 0 1 1 0.000119 0.000425 0 -0.000141 0.998637 0.052185 0.070051 -0.000418 -0.052185 0.998637 -0.000217 0 0 0 1 1 0.00012 0.000375 0 -0.000139 0.998637 0.052184 0.070051 -0.000368 -0.052185 0.998637 -0.000217 0 0 0 1 1 0.000121 0.000322 0 -0.000137 0.998637 0.052185 0.070051 -0.000315 -0.052185 0.998637 -0.000217 0 0 0 1 1 0.000122 0.000264 0 -0.000135 0.998637 0.052185 0.070051 -0.000257 -0.052186 0.998637 -0.000217 0 0 0 1 1 0.000123 0.000194 0 -0.000133 0.998637 0.052187 0.070051 -0.000188 -0.052187 0.998637 -0.000217 0 0 0 1 1 0.000123 0.000194 0 -0.000133 0.998637 0.052187 0.070051 -0.000188 -0.052187 0.998637 -0.000217 0 0 0 1 1 0.000126 0.000059 0 -0.000129 0.998637 0.052191 0.070051 -0.000053 -0.052191 0.998637 -0.000217 0 0 0 1 1 0.000129 0.000059 0 -0.000132 0.998637 0.052198 0.070051 -0.000052 -0.052198 0.998637 -0.000217 0 0 0 1</float_array>
        <technique_common>
          <accessor source="#Spine_matrix_Spine_transform-output-array" count="106" stride="16">
            <param name="TRANSFORM" type="float4x4"/>
          </accessor>
        </technique_common>
      </source>
      <source id="Spine_matrix_Spine_transform-interpolations">
        <Name_array id="Spine_matrix_Spine_transform-interpolations-array" count="106">LINEAR LINEAR LINEAR LINEAR LINEAR LINEAR LINEAR LINEAR LINEAR LINEAR LINEAR LINEAR LINEAR LINEAR LINEAR LINEAR LINEAR LINEAR LINEAR LINEAR LINEAR LINEAR LINEAR LINEAR LINEAR LINEAR LINEAR LINEAR LINEAR LINEAR LINEAR LINEAR LINEAR LINEAR LINEAR LINEAR LINEAR LINEAR LINEAR LINEAR LINEAR LINEAR LINEAR LINEAR LINEAR LINEAR LINEAR LINEAR LINEAR LINEAR LINEAR LINEAR LINEAR LINEAR LINEAR LINEAR LINEAR LINEAR LINEAR LINEAR LINEAR LINEAR LINEAR LINEAR LINEAR LINEAR LINEAR LINEAR LINEAR LINEAR LINEAR LINEAR LINEAR LINEAR LINEAR LINEAR LINEAR LINEAR LINEAR LINEAR LINEAR LINEAR LINEAR LINEAR LINEAR LINEAR LINEAR LINEAR LINEAR LINEAR LINEAR LINEAR LINEAR LINEAR LINEAR LINEAR LINEAR LINEAR LINEAR LINEAR LINEAR LINEAR LINEAR LINEAR LINEAR LINEAR</Name_array>
        <technique_common>
          <accessor source="#Spine_matrix_Spine_transform-interpolations-array" count="106" stride="1">
            <param name="INTERPOLATION" type="Name"/>
          </accessor>
        </technique_common>
      </source>
      <sampler id="Spine_matrix_Spine_transform-sampler">
        <input semantic="INPUT" source="#Spine_matrix_Spine_transform-input"/>
        <input semantic="OUTPUT" source="#Spine_matrix_Spine_transform-output"/>
        <input semantic="INTERPOLATION" source="#Spine_matrix_Spine_transform-interpolations"/>
      </sampler>
      <channel source="#Spine_matrix_Spine_transform-sampler" target="Spine/transform"/>
    </animation>
    <animation id="Spine1_matrix">
      <source id="Spine1_matrix_Spine1_transform-input">
        <float_array id="Spine1_matrix_Spine1_transform-input-array" count="106">0 0.033333 0.066666 0.1 0.133333 0.166667 0.2 0.233333 0.266667 0.3 0.333333 0.366667 0.4 0.433333 0.466667 0.5 0.533333 0.566667 0.6 0.633333 0.666667 0.7 0.733333 0.766667 0.8 0.833333 0.866667 0.9 0.933333 0.966667 1 1.03333 1.06667 1.1 1.13333 1.16667 1.2 1.23333 1.26667 1.3 1.33333 1.36667 1.4 1.43333 1.46667 1.5 1.53333 1.56667 1.6 1.63333 1.66667 1.7 1.73333 1.76667 1.8 1.83333 1.86667 1.9 1.93333 1.96667 2 2.03333 2.06667 2.1 2.13333 2.16667 2.2 2.23333 2.26667 2.3 2.33333 2.36667 2.4 2.43333 2.46667 2.5 2.53333 2.56667 2.6 2.63333 2.66667 2.7 2.73333 2.76667 2.8 2.83333 2.86667 2.9 2.93333 2.96667 3 3.03333 3.06667 3.1 3.13333 3.16667 3.2 3.23333 3.26667 3.3 3.33333 3.36667 3.4 3.43333 3.46667 3.5</float_array>
        <technique_common>
          <accessor source="#Spine1_matrix_Spine1_transform-input-array" count="106" stride="1">
            <param name="TIME" type="float"/>
          </accessor>
        </technique_common>
        <technique profile="MAYA">
          <pre_infinity>CONSTANT</pre_infinity>
          <post_infinity>CONSTANT</post_infinity>
        </technique>
      </source>
      <source id="Spine1_matrix_Spine1_transform-output">
        <float_array id="Spine1_matrix_Spine1_transform-output-array" count="1696">1 0.000034 -0.000075 0 -0.000033 0.999872 0.015979 0.077503 0.000076 -0.015979 0.999872 0 0 0 0 1 1 0.000033 -0.000073 0 -0.000032 0.999872 0.015977 0.077503 0.000073 -0.015977 0.999872 0 0 0 0 1 1 0.000032 -0.000069 0 -0.00003 0.999872 0.015977 0.077503 0.000069 -0.015977 0.999872 0 0 0 0 1 1 0.00003 -0.000064 0 -0.000029 0.999872 0.015977 0.077503 0.000065 -0.015977 0.999872 0 0 0 0 1 1 0.000029 -0.00006 0 -0.000028 0.999872 0.015977 0.077503 0.000061 -0.015977 0.999872 0 0 0 0 1 1 0.000027 -0.000056 0 -0.000026 0.999872 0.015977 0.077503 0.000056 -0.015977 0.999872 0 0 0 0 1 1 0.000026 -0.000052 0 -0.000025 0.999872 0.015977 0.077503 0.000052 -0.015977 0.999872 0 0 0 0 1 1 0.000024 -0.000048 0 -0.000023 0.999872 0.015977 0.077503 0.000048 -0.015977 0.999872 0 0 0 0 1 1 0.000022 -0.000045 0 -0.000022 0.999872 0.015977 0.077503 0.000045 -0.015977 0.999872 0 0 0 0 1 1 0.000021 -0.000042 0 -0.00002 0.999872 0.015977 0.077503 0.000043 -0.015977 0.999872 0 0 0 0 1 1 0.000019 -0.000041 0 -0.000018 0.999872 0.015977 0.077503 0.000042 -0.015977 0.999872 0 0 0 0 1 1 0.000017 -0.000041 0 -0.000016 0.999872 0.015977 0.077503 0.000041 -0.015977 0.999872 0 0 0 0 1 1 0.000014 -0.000047 0 -0.000013 0.999872 0.015977 0.077503 0.000047 -0.015977 0.999872 0 0 0 0 1 1 0.000012 -0.000075 0 -0.00001 0.999872 0.015977 0.077503 0.000076 -0.015977 0.999872 0 0 0 0 1 1 0.00001 -0.00015 0 -0.000007 0.999872 0.015976 0.077503 0.00015 -0.015976 0.999872 0 0 0 0 1 1 0.000008 -0.000208 0 -0.000004 0.999872 0.015976 0.077503 0.000208 -0.015976 0.999872 0 0 0 0 1 1 0.000005 -0.000258 0 -0.000001 0.999872 0.015976 0.077503 0.000259 -0.015976 0.999872 0 0 0 0 1 1 0.000003 -0.000302 0 0.000000 0.999872 0.015976 0.077503 0.000302 -0.015976 0.999872 0 0 0 0 1 1 0.000001 -0.000346 0 0.000003 0.999872 0.015976 0.077503 0.000346 -0.015976 0.999872 0 0 0 0 1 1 0 -0.000392 0 0.000006 0.999872 0.015976 0.077503 0.000392 -0.015976 0.999872 0 0 0 0 1 1 -0.000001 -0.000443 0 0.000008 0.999872 0.015976 0.077503 0.000443 -0.015976 0.999872 0 0 0 0 1 1 -0.000002 -0.000507 0 0.00001 0.999872 0.015976 0.077503 0.000507 -0.015976 0.999872 0 0 0 0 1 1 -0.000003 -0.000576 0 0.000013 0.999872 0.015976 0.077503 0.000576 -0.015976 0.999872 0 0 0 0 1 1 -0.000006 -0.000645 0 0.000016 0.999872 0.015975 0.077503 0.000645 -0.015975 0.999872 0 0 0 0 1 1 -0.000006 -0.00071 0 0.000017 0.999872 0.015975 0.077503 0.00071 -0.015975 0.999872 0 0 0 0 1 1 -0.000008 -0.000767 0 0.00002 0.999872 0.015975 0.077503 0.000767 -0.015975 0.999872 0 0 0 0 1 1 -0.000005 -0.000816 0 0.000019 0.999872 0.015975 0.077503 0.000816 -0.015975 0.999872 0 0 0 0 1 1 -0.000000 -0.000849 0 0.000013 0.999872 0.015975 0.077503 0.000849 -0.015975 0.999872 0 0 0 0 1 1 0.000011 -0.00088 0 0.000002 0.999872 0.015975 0.077503 0.00088 -0.015975 0.999872 0 0 0 0 1 1 0.000041 -0.000908 0 -0.000026 0.999872 0.015975 0.077503 0.000909 -0.015974 0.999872 0 0 0 0 1 1 0.000119 -0.000935 0 -0.000104 0.999872 0.015974 0.077503 0.000937 -0.015974 0.999872 0 0 0 0 1 1 0.000203 -0.000961 0 -0.000187 0.999872 0.015974 0.077503 0.000964 -0.015974 0.999872 0 0 0 0 1 0.999999 0.000282 -0.00098 0 -0.000267 0.999872 0.015974 0.077503 0.000985 -0.015974 0.999872 0 0 0 0 1 0.999999 0.00032 -0.000996 0 -0.000304 0.999872 0.015974 0.077503 0.001001 -0.015973 0.999872 0 0 0 0 1 0.999999 0.000337 -0.001009 0 -0.000321 0.999872 0.015973 0.077503 0.001014 -0.015973 0.999872 0 0 0 0 1 0.999999 0.000345 -0.001021 0 -0.000328 0.999872 0.015973 0.077503 0.001027 -0.015973 0.999872 0 0 0 0 1 0.999999 0.000348 -0.001033 0 -0.000331 0.999872 0.015973 0.077503 0.001038 -0.015973 0.999872 0 0 0 0 1 0.999999 0.000348 -0.001043 0 -0.000331 0.999872 0.015973 0.077503 0.001049 -0.015972 0.999872 0 0 0 0 1 0.999999 0.000348 -0.001049 0 -0.000331 0.999872 0.015972 0.077503 0.001055 -0.015972 0.999872 0 0 0 0 1 0.999999 0.000348 -0.001057 0 -0.000331 0.999872 0.015972 0.077503 0.001063 -0.015972 0.999872 0 0 0 0 1 0.999999 0.000349 -0.001065 0 -0.000331 0.999872 0.015972 0.077503 0.001071 -0.015971 0.999872 0 0 0 0 1 0.999999 0.000349 -0.00107 0 -0.000332 0.999872 0.015971 0.077503 0.001076 -0.015971 0.999872 0 0 0 0 1 0.999999 0.000349 -0.001068 0 -0.000332 0.999872 0.015971 0.077503 0.001074 -0.015971 0.999872 0 0 0 0 1 0.999999 0.000349 -0.001043 0 -0.000332 0.999872 0.01597 0.077503 0.001049 -0.01597 0.999872 0 0 0 0 1 0.999999 0.000348 -0.000954 0 -0.000333 0.999872 0.01597 0.077503 0.00096 -0.01597 0.999872 0 0 0 0 1 1 0.000347 -0.000838 0 -0.000334 0.999872 0.015969 0.077503 0.000843 -0.015969 0.999872 0 0 0 0 1 1 0.000346 -0.00071 0 -0.000335 0.999872 0.015969 0.077503 0.000716 -0.015969 0.999872 0 0 0 0 1 1 0.000345 -0.000583 0 -0.000336 0.999872 0.015968 0.077503 0.000588 -0.015968 0.999872 0 0 0 0 1 1 0.000344 -0.000466 0 -0.000336 0.999872 0.015967 0.077503 0.000471 -0.015967 0.999872 0 0 0 0 1 1 0.000343 -0.000372 0 -0.000337 0.999872 0.015967 0.077503 0.000378 -0.015966 0.999872 0 0 0 0 1 1 0.000342 -0.000307 0 -0.000337 0.999873 0.015966 0.077503 0.000312 -0.015966 0.999873 0 0 0 0 1 1 0.000341 -0.000266 0 -0.000337 0.999873 0.015965 0.077503 0.000271 -0.015965 0.999873 0 0 0 0 1 1 0.00034 -0.000235 0 -0.000336 0.999873 0.015963 0.077503 0.000241 -0.015963 0.999873 0 0 0 0 1 1 0.000339 -0.000209 0 -0.000335 0.999873 0.015962 0.077503 0.000214 -0.015962 0.999873 0 0 0 0 1 1 0.000337 -0.000183 0 -0.000334 0.999873 0.01596 0.077503 0.000188 -0.01596 0.999873 0 0 0 0 1 1 0.000334 -0.000155 0 -0.000332 0.999873 0.015958 0.077503 0.00016 -0.015958 0.999873 0 0 0 0 1 1 0.000326 -0.000124 0 -0.000324 0.999873 0.015952 0.077503 0.00013 -0.015952 0.999873 0 0 0 0 1 1 0.000316 -0.000093 0 -0.000315 0.999873 0.015945 0.077503 0.000098 -0.015945 0.999873 0 0 0 0 1 1 0.000305 -0.00006 0 -0.000304 0.999873 0.015937 0.077503 0.000065 -0.015937 0.999873 0 0 0 0 1 1 0.000292 -0.000026 0 -0.000291 0.999873 0.015928 0.077503 0.000031 -0.015928 0.999873 0 0 0 0 1 1 0.000274 0.00001 0 -0.000274 0.999873 0.01592 0.077503 -0.000005 -0.01592 0.999873 0 0 0 0 1 1 0.000254 0.000056 0 -0.000254 0.999873 0.015912 0.077503 -0.000052 -0.015912 0.999873 0 0 0 0 1 1 0.000231 0.000107 0 -0.000233 0.999873 0.015906 0.077503 -0.000103 -0.015906 0.999873 0 0 0 0 1 1 0.000209 0.000157 0 -0.000211 0.999874 0.015902 0.077503 -0.000154 -0.015903 0.999874 0 0 0 0 1 1 0.000187 0.000202 0 -0.00019 0.999874 0.015904 0.077503 -0.000199 -0.015904 0.999874 0 0 0 0 1 1 0.000165 0.000234 0 -0.000169 0.999873 0.015908 0.077503 -0.000231 -0.015908 0.999873 0 0 0 0 1 1 0.000144 0.000259 0 -0.000148 0.999873 0.015917 0.077503 -0.000256 -0.015917 0.999873 0 0 0 0 1 1 0.000126 0.000281 0 -0.000131 0.999873 0.015937 0.077503 -0.000279 -0.015937 0.999873 0 0 0 0 1 1 0.000115 0.000302 0 -0.000119 0.999872 0.015979 0.077503 -0.000301 -0.015979 0.999872 0 0 0 0 1 1 0.00011 0.000321 0 -0.000115 0.999871 0.016065 0.077503 -0.000319 -0.016065 0.999871 0 0 0 0 1 1 0.000108 0.000341 0 -0.000114 0.999869 0.016161 0.077503 -0.000339 -0.016161 0.999869 0 0 0 0 1 1 0.000108 0.000361 0 -0.000113 0.999868 0.016264 0.077503 -0.000359 -0.016264 0.999868 0 0 0 0 1 1 0.000107 0.000381 0 -0.000114 0.999866 0.016366 0.077503 -0.000379 -0.016366 0.999866 0 0 0 0 1 1 0.000108 0.000402 0 -0.000114 0.999865 0.016461 0.077503 -0.0004 -0.016461 0.999864 0 0 0 0 1 1 0.000108 0.000423 0 -0.000115 0.999863 0.016541 0.077503 -0.000421 -0.016541 0.999863 0 0 0 0 1 1 0.000108 0.000446 0 -0.000116 0.999863 0.016576 0.077503 -0.000444 -0.016576 0.999862 0 0 0 0 1 1 0.000109 0.000472 0 -0.000116 0.999862 0.016586 0.077503 -0.000471 -0.016586 0.999862 0 0 0 0 1 1 0.000109 0.000507 0 -0.000117 0.999862 0.016588 0.077503 -0.000505 -0.016588 0.999862 0 0 0 0 1 1 0.000109 0.000562 0 -0.000118 0.999862 0.016587 0.077503 -0.00056 -0.016587 0.999862 0 0 0 0 1 1 0.000109 0.000622 0 -0.000119 0.999862 0.016586 0.077503 -0.000621 -0.016586 0.999862 0 0 0 0 1 1 0.000109 0.00068 0 -0.00012 0.999862 0.016583 0.077503 -0.000678 -0.016583 0.999862 0 0 0 0 1 1 0.000109 0.000724 0 -0.000121 0.999862 0.016582 0.077503 -0.000722 -0.016582 0.999862 0 0 0 0 1 1 0.000109 0.000759 0 -0.000122 0.999863 0.01658 0.077503 -0.000757 -0.01658 0.999862 0 0 0 0 1 1 0.00011 0.000777 0 -0.000123 0.999863 0.016577 0.077503 -0.000775 -0.016577 0.999862 0 0 0 0 1 1 0.00011 0.000788 0 -0.000123 0.999863 0.016572 0.077503 -0.000786 -0.016572 0.999862 0 0 0 0 1 1 0.00011 0.000796 0 -0.000124 0.999863 0.016566 0.077503 -0.000794 -0.016566 0.999862 0 0 0 0 1 1 0.000111 0.000803 0 -0.000124 0.999863 0.016555 0.077503 -0.000801 -0.016555 0.999863 0 0 0 0 1 1 0.000111 0.000809 0 -0.000125 0.999863 0.016535 0.077503 -0.000807 -0.016535 0.999863 0 0 0 0 1 1 0.000112 0.000814 0 -0.000125 0.999864 0.016494 0.077503 -0.000812 -0.016494 0.999864 0 0 0 0 1 1 0.000112 0.000817 0 -0.000126 0.999865 0.01644 0.077503 -0.000815 -0.01644 0.999865 0 0 0 0 1 1 0.000113 0.000815 0 -0.000126 0.999866 0.016384 0.077503 -0.000813 -0.016384 0.999865 0 0 0 0 1 1 0.000113 0.000803 0 -0.000126 0.999867 0.016333 0.077503 -0.000801 -0.016333 0.999866 0 0 0 0 1 1 0.000114 0.000771 0 -0.000126 0.999867 0.016296 0.077503 -0.000769 -0.016296 0.999867 0 0 0 0 1 1 0.000115 0.000693 0 -0.000126 0.999868 0.016269 0.077503 -0.000691 -0.01627 0.999867 0 0 0 0 1 1 0.000116 0.000623 0 -0.000126 0.999868 0.016247 0.077503 -0.000621 -0.016247 0.999868 0 0 0 0 1 1 0.000117 0.00056 0 -0.000126 0.999868 0.016225 0.077503 -0.000558 -0.016225 0.999868 0 0 0 0 1 1 0.000117 0.00051 0 -0.000126 0.999869 0.016205 0.077503 -0.000508 -0.016205 0.999869 0 0 0 0 1 1 0.000118 0.000466 0 -0.000126 0.999869 0.016186 0.077503 -0.000464 -0.016186 0.999869 0 0 0 0 1 1 0.000119 0.000422 0 -0.000125 0.999869 0.01617 0.077503 -0.00042 -0.01617 0.999869 0 0 0 0 1 1 0.000119 0.000372 0 -0.000125 0.999869 0.016161 0.077503 -0.00037 -0.016161 0.999869 0 0 0 0 1 1 0.00012 0.00032 0 -0.000125 0.999869 0.016159 0.077503 -0.000318 -0.016159 0.999869 0 0 0 0 1 1 0.000121 0.000262 0 -0.000126 0.999869 0.016159 0.077503 -0.00026 -0.016159 0.999869 0 0 0 0 1 1 0.000122 0.000193 0 -0.000126 0.999869 0.01616 0.077503 -0.000191 -0.01616 0.999869 0 0 0 0 1 1 0.000122 0.000193 0 -0.000126 0.999869 0.01616 0.077503 -0.000191 -0.01616 0.999869 0 0 0 0 1 1 0.000125 0.000059 0 -0.000126 0.999869 0.016164 0.077503 -0.000057 -0.016164 0.999869 0 0 0 0 1 1 0.000128 0.000059 0 -0.000129 0.999869 0.01617 0.077503 -0.000057 -0.01617 0.999869 0 0 0 0 1</float_array>
        <technique_common>
          <accessor source="#Spine1_matrix_Spine1_transform-output-array" count="106" stride="16">
            <param name="TRANSFORM" type="float4x4"/>
          </accessor>
        </technique_common>
      </source>
      <source id="Spine1_matrix_Spine1_transform-interpolations">
        <Name_array id="Spine1_matrix_Spine1_transform-interpolations-array" count="106">LINEAR LINEAR LINEAR LINEAR LINEAR LINEAR LINEAR LINEAR LINEAR LINEAR LINEAR LINEAR LINEAR LINEAR LINEAR LINEAR LINEAR LINEAR LINEAR LINEAR LINEAR LINEAR LINEAR LINEAR LINEAR LINEAR LINEAR LINEAR LINEAR LINEAR LINEAR LINEAR LINEAR LINEAR LINEAR LINEAR LINEAR LINEAR LINEAR LINEAR LINEAR LINEAR LINEAR LINEAR LINEAR LINEAR LINEAR LINEAR LINEAR LINEAR LINEAR LINEAR LINEAR LINEAR LINEAR LINEAR LINEAR LINEAR LINEAR LINEAR LINEAR LINEAR LINEAR LINEAR LINEAR LINEAR LINEAR LINEAR LINEAR LINEAR LINEAR LINEAR LINEAR LINEAR LINEAR LINEAR LINEAR LINEAR LINEAR LINEAR LINEAR LINEAR LINEAR LINEAR LINEAR LINEAR LINEAR LINEAR LINEAR LINEAR LINEAR LINEAR LINEAR LINEAR LINEAR LINEAR LINEAR LINEAR LINEAR LINEAR LINEAR LINEAR LINEAR LINEAR LINEAR LINEAR</Name_array>
        <technique_common>
          <accessor source="#Spine1_matrix_Spine1_transform-interpolations-array" count="106" stride="1">
            <param name="INTERPOLATION" type="Name"/>
          </accessor>
        </technique_common>
      </source>
      <sampler id="Spine1_matrix_Spine1_transform-sampler">
        <input semantic="INPUT" source="#Spine1_matrix_Spine1_transform-input"/>
        <input semantic="OUTPUT" source="#Spine1_matrix_Spine1_transform-output"/>
        <input semantic="INTERPOLATION" source="#Spine1_matrix_Spine1_transform-interpolations"/>
      </sampler>
      <channel source="#Spine1_matrix_Spine1_transform-sampler" target="Spine1/transform"/>
    </animation>
    <animation id="Spine2_matrix">
      <source id="Spine2_matrix_Spine2_transform-input">
        <float_array id="Spine2_matrix_Spine2_transform-input-array" count="106">0 0.033333 0.066666 0.1 0.133333 0.166667 0.2 0.233333 0.266667 0.3 0.333333 0.366667 0.4 0.433333 0.466667 0.5 0.533333 0.566667 0.6 0.633333 0.666667 0.7 0.733333 0.766667 0.8 0.833333 0.866667 0.9 0.933333 0.966667 1 1.03333 1.06667 1.1 1.13333 1.16667 1.2 1.23333 1.26667 1.3 1.33333 1.36667 1.4 1.43333 1.46667 1.5 1.53333 1.56667 1.6 1.63333 1.66667 1.7 1.73333 1.76667 1.8 1.83333 1.86667 1.9 1.93333 1.96667 2 2.03333 2.06667 2.1 2.13333 2.16667 2.2 2.23333 2.26667 2.3 2.33333 2.36667 2.4 2.43333 2.46667 2.5 2.53333 2.56667 2.6 2.63333 2.66667 2.7 2.73333 2.76667 2.8 2.83333 2.86667 2.9 2.93333 2.96667 3 3.03333 3.06667 3.1 3.13333 3.16667 3.2 3.23333 3.26667 3.3 3.33333 3.36667 3.4 3.43333 3.46667 3.5</float_array>
        <technique_common>
          <accessor source="#Spine2_matrix_Spine2_transform-input-array" count="106" stride="1">
            <param name="TIME" type="float"/>
          </accessor>
        </technique_common>
        <technique profile="MAYA">
          <pre_infinity>CONSTANT</pre_infinity>
          <post_infinity>CONSTANT</post_infinity>
        </technique>
      </source>
      <source id="Spine2_matrix_Spine2_transform-output">
        <float_array id="Spine2_matrix_Spine2_transform-output-array" count="1696">1 0.000049 -0.000075 0 -0.000047 0.999877 0.015656 0.073924 0.000076 -0.015656 0.999877 0 0 0 0 1 1 0.000047 -0.000073 0 -0.000046 0.999877 0.015654 0.073924 0.000073 -0.015654 0.999877 0 0 0 0 1 1 0.000046 -0.000069 0 -0.000045 0.999877 0.015654 0.073924 0.000069 -0.015654 0.999877 0 0 0 0 1 1 0.000044 -0.000064 0 -0.000043 0.999877 0.015654 0.073924 0.000065 -0.015654 0.999877 0 0 0 0 1 1 0.000043 -0.00006 0 -0.000042 0.999877 0.015654 0.073924 0.000061 -0.015654 0.999877 0 0 0 0 1 1 0.000041 -0.000056 0 -0.000041 0.999877 0.015654 0.073924 0.000056 -0.015654 0.999877 0 0 0 0 1 1 0.00004 -0.000052 0 -0.000039 0.999877 0.015654 0.073924 0.000052 -0.015654 0.999877 0 0 0 0 1 1 0.000038 -0.000048 0 -0.000037 0.999877 0.015654 0.073924 0.000048 -0.015654 0.999877 0 0 0 0 1 1 0.000037 -0.000045 0 -0.000036 0.999877 0.015654 0.073924 0.000045 -0.015654 0.999877 0 0 0 0 1 1 0.000035 -0.000042 0 -0.000034 0.999877 0.015654 0.073924 0.000043 -0.015654 0.999877 0 0 0 0 1 1 0.000033 -0.000041 0 -0.000032 0.999877 0.015654 0.073924 0.000042 -0.015654 0.999877 0 0 0 0 1 1 0.000031 -0.000041 0 -0.00003 0.999877 0.015654 0.073924 0.000041 -0.015654 0.999877 0 0 0 0 1 1 0.000028 -0.000046 0 -0.000027 0.999877 0.015654 0.073924 0.000047 -0.015654 0.999877 0 0 0 0 1 1 0.000026 -0.000075 0 -0.000025 0.999877 0.015654 0.073924 0.000076 -0.015654 0.999877 0 0 0 0 1 1 0.000024 -0.00015 0 -0.000021 0.999877 0.015654 0.073924 0.00015 -0.015654 0.999877 0 0 0 0 1 1 0.000022 -0.000208 0 -0.000018 0.999877 0.015653 0.073924 0.000208 -0.015653 0.999877 0 0 0 0 1 1 0.00002 -0.000258 0 -0.000016 0.999877 0.015653 0.073924 0.000259 -0.015653 0.999877 0 0 0 0 1 1 0.000017 -0.000302 0 -0.000013 0.999877 0.015653 0.073924 0.000302 -0.015653 0.999877 0 0 0 0 1 1 0.000015 -0.000346 0 -0.00001 0.999877 0.015653 0.073924 0.000347 -0.015653 0.999877 0 0 0 0 1 1 0.000014 -0.000392 0 -0.000007 0.999877 0.015653 0.073924 0.000392 -0.015653 0.999877 0 0 0 0 1 1 0.000012 -0.000443 0 -0.000005 0.999877 0.015653 0.073924 0.000443 -0.015653 0.999877 0 0 0 0 1 1 0.000011 -0.000507 0 -0.000003 0.999877 0.015653 0.073924 0.000507 -0.015653 0.999877 0 0 0 0 1 1 0.00001 -0.000576 0 -0.000001 0.999877 0.015653 0.073924 0.000576 -0.015653 0.999877 0 0 0 0 1 1 0.000007 -0.000645 0 0.000002 0.999878 0.015653 0.073924 0.000645 -0.015653 0.999877 0 0 0 0 1 1 0.000007 -0.00071 0 0.000003 0.999878 0.015652 0.073924 0.00071 -0.015652 0.999877 0 0 0 0 1 1 0.000005 -0.000767 0 0.000006 0.999878 0.015652 0.073924 0.000767 -0.015652 0.999877 0 0 0 0 1 1 0.000008 -0.000816 0 0.000004 0.999878 0.015652 0.073924 0.000816 -0.015652 0.999877 0 0 0 0 1 1 0.000013 -0.000849 0 -0.000000 0.999878 0.015652 0.073924 0.000849 -0.015652 0.999877 0 0 0 0 1 1 0.000025 -0.000879 0 -0.000011 0.999878 0.015652 0.073924 0.00088 -0.015652 0.999877 0 0 0 0 1 1 0.000055 -0.000908 0 -0.000041 0.999878 0.015652 0.073924 0.000909 -0.015652 0.999877 0 0 0 0 1 1 0.000134 -0.000935 0 -0.00012 0.999878 0.015651 0.073924 0.000937 -0.015651 0.999877 0 0 0 0 1 1 0.000218 -0.00096 0 -0.000203 0.999878 0.015651 0.073924 0.000964 -0.015651 0.999877 0 0 0 0 1 0.999999 0.000298 -0.00098 0 -0.000283 0.999877 0.015651 0.073924 0.000985 -0.015651 0.999877 0 0 0 0 1 0.999999 0.000336 -0.000996 0 -0.000321 0.999877 0.015651 0.073924 0.001001 -0.01565 0.999877 0 0 0 0 1 0.999999 0.000354 -0.001009 0 -0.000338 0.999877 0.015651 0.073924 0.001014 -0.01565 0.999877 0 0 0 0 1 0.999999 0.000361 -0.001021 0 -0.000345 0.999877 0.01565 0.073924 0.001026 -0.01565 0.999877 0 0 0 0 1 0.999999 0.000364 -0.001032 0 -0.000348 0.999877 0.01565 0.073924 0.001038 -0.01565 0.999877 0 0 0 0 1 0.999999 0.000364 -0.001043 0 -0.000348 0.999877 0.01565 0.073924 0.001048 -0.015649 0.999877 0 0 0 0 1 0.999999 0.000364 -0.001049 0 -0.000348 0.999877 0.015649 0.073924 0.001055 -0.015649 0.999877 0 0 0 0 1 0.999999 0.000365 -0.001057 0 -0.000348 0.999877 0.015649 0.073924 0.001063 -0.015649 0.999877 0 0 0 0 1 0.999999 0.000365 -0.001065 0 -0.000348 0.999877 0.015649 0.073924 0.00107 -0.015648 0.999877 0 0 0 0 1 0.999999 0.000365 -0.00107 0 -0.000348 0.999878 0.015648 0.073924 0.001075 -0.015648 0.999877 0 0 0 0 1 0.999999 0.000365 -0.001068 0 -0.000348 0.999878 0.015648 0.073924 0.001074 -0.015648 0.999877 0 0 0 0 1 0.999999 0.000365 -0.001043 0 -0.000348 0.999878 0.015648 0.073924 0.001048 -0.015647 0.999877 0 0 0 0 1 0.999999 0.000364 -0.000954 0 -0.000349 0.999878 0.015647 0.073924 0.00096 -0.015647 0.999877 0 0 0 0 1 1 0.000363 -0.000838 0 -0.00035 0.999878 0.015647 0.073924 0.000843 -0.015646 0.999877 0 0 0 0 1 1 0.000362 -0.00071 0 -0.000351 0.999878 0.015646 0.073924 0.000715 -0.015646 0.999877 0 0 0 0 1 1 0.000361 -0.000583 0 -0.000352 0.999878 0.015645 0.073924 0.000588 -0.015645 0.999877 0 0 0 0 1 1 0.00036 -0.000465 0 -0.000353 0.999878 0.015645 0.073924 0.000471 -0.015644 0.999878 0 0 0 0 1 1 0.000359 -0.000372 0 -0.000353 0.999878 0.015644 0.073924 0.000378 -0.015644 0.999878 0 0 0 0 1 1 0.000358 -0.000306 0 -0.000353 0.999878 0.015643 0.073924 0.000312 -0.015643 0.999878 0 0 0 0 1 1 0.000357 -0.000265 0 -0.000353 0.999878 0.015642 0.073924 0.000271 -0.015642 0.999878 0 0 0 0 1 1 0.000357 -0.000235 0 -0.000353 0.999878 0.01564 0.073924 0.000241 -0.01564 0.999878 0 0 0 0 1 1 0.000355 -0.000209 0 -0.000352 0.999878 0.015639 0.073924 0.000214 -0.015639 0.999878 0 0 0 0 1 1 0.000354 -0.000183 0 -0.000351 0.999878 0.015637 0.073924 0.000188 -0.015637 0.999878 0 0 0 0 1 1 0.000352 -0.000155 0 -0.000349 0.999878 0.015635 0.073924 0.00016 -0.015635 0.999878 0 0 0 0 1 1 0.000345 -0.000124 0 -0.000343 0.999878 0.01563 0.073924 0.00013 -0.01563 0.999878 0 0 0 0 1 1 0.000336 -0.000092 0 -0.000335 0.999878 0.015622 0.073924 0.000098 -0.015622 0.999878 0 0 0 0 1 1 0.000326 -0.00006 0 -0.000325 0.999878 0.015614 0.073924 0.000065 -0.015614 0.999878 0 0 0 0 1 1 0.000316 -0.000026 0 -0.000315 0.999878 0.015605 0.073924 0.000031 -0.015605 0.999878 0 0 0 0 1 1 0.000303 0.00001 0 -0.000303 0.999878 0.015597 0.073924 -0.000005 -0.015597 0.999878 0 0 0 0 1 1 0.000286 0.000056 0 -0.000287 0.999878 0.01559 0.073924 -0.000052 -0.01559 0.999878 0 0 0 0 1 1 0.000266 0.000107 0 -0.000267 0.999879 0.015583 0.073924 -0.000103 -0.015583 0.999879 0 0 0 0 1 1 0.000244 0.000158 0 -0.000247 0.999879 0.01558 0.073924 -0.000154 -0.01558 0.999879 0 0 0 0 1 1 0.000223 0.000203 0 -0.000226 0.999879 0.015581 0.073924 -0.000199 -0.015581 0.999879 0 0 0 0 1 1 0.000202 0.000234 0 -0.000206 0.999879 0.015585 0.073924 -0.000231 -0.015585 0.999879 0 0 0 0 1 1 0.000181 0.000259 0 -0.000185 0.999878 0.015594 0.073924 -0.000256 -0.015594 0.999878 0 0 0 0 1 1 0.00016 0.000282 0 -0.000165 0.999878 0.015614 0.073924 -0.000279 -0.015614 0.999878 0 0 0 0 1 1 0.000141 0.000303 0 -0.000146 0.999877 0.015656 0.073924 -0.0003 -0.015656 0.999877 0 0 0 0 1 1 0.000124 0.000321 0 -0.000129 0.999876 0.015742 0.073924 -0.000319 -0.015742 0.999876 0 0 0 0 1 1 0.000113 0.000341 0 -0.000118 0.999875 0.015839 0.073924 -0.000339 -0.015839 0.999874 0 0 0 0 1 1 0.000109 0.000361 0 -0.000114 0.999873 0.015942 0.073924 -0.000359 -0.015942 0.999873 0 0 0 0 1 1 0.000107 0.000381 0 -0.000113 0.999871 0.016043 0.073924 -0.000379 -0.016044 0.999871 0 0 0 0 1 1 0.000106 0.000402 0 -0.000113 0.99987 0.016138 0.073924 -0.0004 -0.016138 0.99987 0 0 0 0 1 1 0.000106 0.000423 0 -0.000113 0.999868 0.016218 0.073924 -0.000421 -0.016218 0.999868 0 0 0 0 1 1 0.000106 0.000446 0 -0.000113 0.999868 0.016254 0.073924 -0.000444 -0.016254 0.999868 0 0 0 0 1 1 0.000106 0.000472 0 -0.000114 0.999868 0.016264 0.073924 -0.000471 -0.016264 0.999868 0 0 0 0 1 1 0.000107 0.000507 0 -0.000115 0.999868 0.016265 0.073924 -0.000505 -0.016265 0.999868 0 0 0 0 1 1 0.000107 0.000562 0 -0.000116 0.999868 0.016264 0.073924 -0.00056 -0.016264 0.999868 0 0 0 0 1 1 0.000107 0.000622 0 -0.000117 0.999868 0.016263 0.073924 -0.000621 -0.016264 0.999868 0 0 0 0 1 1 0.000107 0.00068 0 -0.000118 0.999868 0.016261 0.073924 -0.000678 -0.016261 0.999868 0 0 0 0 1 1 0.000107 0.000724 0 -0.000119 0.999868 0.016259 0.073924 -0.000722 -0.016259 0.999868 0 0 0 0 1 1 0.000107 0.000759 0 -0.00012 0.999868 0.016257 0.073924 -0.000757 -0.016257 0.999868 0 0 0 0 1 1 0.000108 0.000777 0 -0.00012 0.999868 0.016254 0.073924 -0.000775 -0.016254 0.999868 0 0 0 0 1 1 0.000108 0.000788 0 -0.000121 0.999868 0.01625 0.073924 -0.000786 -0.01625 0.999868 0 0 0 0 1 1 0.000108 0.000796 0 -0.000121 0.999868 0.016243 0.073924 -0.000794 -0.016243 0.999868 0 0 0 0 1 1 0.000109 0.000803 0 -0.000122 0.999868 0.016232 0.073924 -0.000801 -0.016232 0.999868 0 0 0 0 1 1 0.000109 0.000809 0 -0.000122 0.999869 0.016212 0.073924 -0.000808 -0.016212 0.999868 0 0 0 0 1 1 0.00011 0.000814 0 -0.000123 0.999869 0.016171 0.073924 -0.000812 -0.016171 0.999869 0 0 0 0 1 1 0.00011 0.000817 0 -0.000123 0.99987 0.016117 0.073924 -0.000815 -0.016117 0.99987 0 0 0 0 1 1 0.000111 0.000815 0 -0.000124 0.999871 0.016061 0.073924 -0.000813 -0.016061 0.999871 0 0 0 0 1 1 0.000111 0.000803 0 -0.000124 0.999872 0.01601 0.073924 -0.000802 -0.01601 0.999871 0 0 0 0 1 1 0.000112 0.000771 0 -0.000124 0.999872 0.015973 0.073924 -0.000769 -0.015973 0.999872 0 0 0 0 1 1 0.000113 0.000693 0 -0.000124 0.999873 0.015947 0.073924 -0.000691 -0.015947 0.999873 0 0 0 0 1 1 0.000114 0.000623 0 -0.000124 0.999873 0.015924 0.073924 -0.000621 -0.015924 0.999873 0 0 0 0 1 1 0.000115 0.00056 0 -0.000123 0.999874 0.015902 0.073924 -0.000558 -0.015902 0.999873 0 0 0 0 1 1 0.000115 0.00051 0 -0.000123 0.999874 0.015882 0.073924 -0.000508 -0.015882 0.999874 0 0 0 0 1 1 0.000116 0.000466 0 -0.000123 0.999874 0.015863 0.073924 -0.000464 -0.015863 0.999874 0 0 0 0 1 1 0.000117 0.000422 0 -0.000123 0.999874 0.015847 0.073924 -0.00042 -0.015847 0.999874 0 0 0 0 1 1 0.000117 0.000372 0 -0.000123 0.999875 0.015839 0.073924 -0.00037 -0.015839 0.999874 0 0 0 0 1 1 0.000118 0.000319 0 -0.000123 0.999875 0.015837 0.073924 -0.000318 -0.015837 0.999875 0 0 0 0 1 1 0.000119 0.000262 0 -0.000123 0.999875 0.015836 0.073924 -0.00026 -0.015836 0.999875 0 0 0 0 1 1 0.00012 0.000193 0 -0.000124 0.999875 0.015837 0.073924 -0.000191 -0.015837 0.999875 0 0 0 0 1 1 0.00012 0.000193 0 -0.000124 0.999875 0.015837 0.073924 -0.000191 -0.015837 0.999875 0 0 0 0 1 1 0.000123 0.000059 0 -0.000124 0.999875 0.015841 0.073924 -0.000057 -0.015841 0.999875 0 0 0 0 1 1 0.000126 0.000059 0 -0.000127 0.999874 0.015847 0.073924 -0.000057 -0.015847 0.999874 0 0 0 0 1</float_array>
        <technique_common>
          <accessor source="#Spine2_matrix_Spine2_transform-output-array" count="106" stride="16">
            <param name="TRANSFORM" type="float4x4"/>
          </accessor>
        </technique_common>
      </source>
      <source id="Spine2_matrix_Spine2_transform-interpolations">
        <Name_array id="Spine2_matrix_Spine2_transform-interpolations-array" count="106">LINEAR LINEAR LINEAR LINEAR LINEAR LINEAR LINEAR LINEAR LINEAR LINEAR LINEAR LINEAR LINEAR LINEAR LINEAR LINEAR LINEAR LINEAR LINEAR LINEAR LINEAR LINEAR LINEAR LINEAR LINEAR LINEAR LINEAR LINEAR LINEAR LINEAR LINEAR LINEAR LINEAR LINEAR LINEAR LINEAR LINEAR LINEAR LINEAR LINEAR LINEAR LINEAR LINEAR LINEAR LINEAR LINEAR LINEAR LINEAR LINEAR LINEAR LINEAR LINEAR LINEAR LINEAR LINEAR LINEAR LINEAR LINEAR LINEAR LINEAR LINEAR LINEAR LINEAR LINEAR LINEAR LINEAR LINEAR LINEAR LINEAR LINEAR LINEAR LINEAR LINEAR LINEAR LINEAR LINEAR LINEAR LINEAR LINEAR LINEAR LINEAR LINEAR LINEAR LINEAR LINEAR LINEAR LINEAR LINEAR LINEAR LINEAR LINEAR LINEAR LINEAR LINEAR LINEAR LINEAR LINEAR LINEAR LINEAR LINEAR LINEAR LINEAR LINEAR LINEAR LINEAR LINEAR</Name_array>
        <technique_common>
          <accessor source="#Spine2_matrix_Spine2_transform-interpolations-array" count="106" stride="1">
            <param name="INTERPOLATION" type="Name"/>
          </accessor>
        </technique_common>
      </source>
      <sampler id="Spine2_matrix_Spine2_transform-sampler">
        <input semantic="INPUT" source="#Spine2_matrix_Spine2_transform-input"/>
        <input semantic="OUTPUT" source="#Spine2_matrix_Spine2_transform-output"/>
        <input semantic="INTERPOLATION" source="#Spine2_matrix_Spine2_transform-interpolations"/>
      </sampler>
      <channel source="#Spine2_matrix_Spine2_transform-sampler" target="Spine2/transform"/>
    </animation>
    <animation id="Spine3_matrix">
      <source id="Spine3_matrix_Spine3_transform-input">
        <float_array id="Spine3_matrix_Spine3_transform-input-array" count="106">0 0.033333 0.066666 0.1 0.133333 0.166667 0.2 0.233333 0.266667 0.3 0.333333 0.366667 0.4 0.433333 0.466667 0.5 0.533333 0.566667 0.6 0.633333 0.666667 0.7 0.733333 0.766667 0.8 0.833333 0.866667 0.9 0.933333 0.966667 1 1.03333 1.06667 1.1 1.13333 1.16667 1.2 1.23333 1.26667 1.3 1.33333 1.36667 1.4 1.43333 1.46667 1.5 1.53333 1.56667 1.6 1.63333 1.66667 1.7 1.73333 1.76667 1.8 1.83333 1.86667 1.9 1.93333 1.96667 2 2.03333 2.06667 2.1 2.13333 2.16667 2.2 2.23333 2.26667 2.3 2.33333 2.36667 2.4 2.43333 2.46667 2.5 2.53333 2.56667 2.6 2.63333 2.66667 2.7 2.73333 2.76667 2.8 2.83333 2.86667 2.9 2.93333 2.96667 3 3.03333 3.06667 3.1 3.13333 3.16667 3.2 3.23333 3.26667 3.3 3.33333 3.36667 3.4 3.43333 3.46667 3.5</float_array>
        <technique_common>
          <accessor source="#Spine3_matrix_Spine3_transform-input-array" count="106" stride="1">
            <param name="TIME" type="float"/>
          </accessor>
        </technique_common>
        <technique profile="MAYA">
          <pre_infinity>CONSTANT</pre_infinity>
          <post_infinity>CONSTANT</post_infinity>
        </technique>
      </source>
      <source id="Spine3_matrix_Spine3_transform-output">
        <float_array id="Spine3_matrix_Spine3_transform-output-array" count="1696">1 0.000011 -0.000076 0 -0.000008 0.999578 0.029036 0.111876 0.000076 -0.029036 0.999578 0 0 0 0 1 1 0.00001 -0.000073 0 -0.000008 0.999578 0.029035 0.111876 0.000073 -0.029035 0.999578 0 0 0 0 1 1 0.00001 -0.000069 0 -0.000008 0.999578 0.029035 0.111876 0.000069 -0.029035 0.999578 0 0 0 0 1 1 0.000011 -0.000065 0 -0.000009 0.999578 0.029035 0.111876 0.000065 -0.029035 0.999578 0 0 0 0 1 1 0.000014 -0.00006 0 -0.000012 0.999578 0.029035 0.111876 0.000061 -0.029035 0.999578 0 0 0 0 1 1 0.000019 -0.000056 0 -0.000017 0.999578 0.029035 0.111876 0.000057 -0.029035 0.999578 0 0 0 0 1 1 0.000025 -0.000052 0 -0.000023 0.999578 0.029035 0.111876 0.000053 -0.029035 0.999578 0 0 0 0 1 1 0.000031 -0.000048 0 -0.000029 0.999578 0.029035 0.111876 0.000049 -0.029035 0.999578 0 0 0 0 1 1 0.000037 -0.000045 0 -0.000036 0.999578 0.029035 0.111876 0.000046 -0.029034 0.999578 0 0 0 0 1 1 0.000043 -0.000042 0 -0.000042 0.999578 0.029034 0.111876 0.000044 -0.029034 0.999578 0 0 0 0 1 1 0.00005 -0.000041 0 -0.000049 0.999578 0.029034 0.111876 0.000043 -0.029034 0.999578 0 0 0 0 1 1 0.000056 -0.000041 0 -0.000055 0.999578 0.029034 0.111876 0.000042 -0.029034 0.999578 0 0 0 0 1 1 0.000063 -0.000046 0 -0.000061 0.999578 0.029034 0.111876 0.000048 -0.029034 0.999578 0 0 0 0 1 1 0.000069 -0.000075 0 -0.000067 0.999578 0.029034 0.111876 0.000077 -0.029034 0.999578 0 0 0 0 1 1 0.000076 -0.00015 0 -0.000072 0.999578 0.029034 0.111876 0.000152 -0.029034 0.999578 0 0 0 0 1 1 0.000083 -0.000208 0 -0.000077 0.999578 0.029034 0.111876 0.00021 -0.029034 0.999578 0 0 0 0 1 1 0.00009 -0.000258 0 -0.000082 0.999578 0.029034 0.111876 0.000261 -0.029034 0.999578 0 0 0 0 1 1 0.000097 -0.000302 0 -0.000088 0.999578 0.029034 0.111876 0.000304 -0.029034 0.999578 0 0 0 0 1 1 0.000104 -0.000346 0 -0.000093 0.999578 0.029034 0.111876 0.000349 -0.029034 0.999578 0 0 0 0 1 1 0.00011 -0.000391 0 -0.000099 0.999578 0.029034 0.111876 0.000394 -0.029033 0.999578 0 0 0 0 1 1 0.000117 -0.000442 0 -0.000104 0.999578 0.029033 0.111876 0.000445 -0.029033 0.999578 0 0 0 0 1 1 0.000124 -0.000506 0 -0.000109 0.999578 0.029033 0.111876 0.000509 -0.029033 0.999578 0 0 0 0 1 1 0.000131 -0.000575 0 -0.000114 0.999578 0.029033 0.111876 0.000578 -0.029033 0.999578 0 0 0 0 1 1 0.000138 -0.000644 0 -0.000119 0.999578 0.029033 0.111876 0.000648 -0.029033 0.999578 0 0 0 0 1 1 0.000145 -0.000709 0 -0.000124 0.999578 0.029033 0.111876 0.000713 -0.029033 0.999578 0 0 0 0 1 1 0.000152 -0.000766 0 -0.00013 0.999578 0.029033 0.111876 0.00077 -0.029033 0.999578 0 0 0 0 1 1 0.000159 -0.000815 0 -0.000135 0.999578 0.029033 0.111876 0.000819 -0.029032 0.999578 0 0 0 0 1 1 0.000165 -0.000848 0 -0.000141 0.999578 0.029032 0.111876 0.000853 -0.029032 0.999578 0 0 0 0 1 1 0.000172 -0.000879 0 -0.000146 0.999578 0.029032 0.111876 0.000883 -0.029032 0.999578 0 0 0 0 1 1 0.000179 -0.000907 0 -0.000152 0.999578 0.029032 0.111876 0.000912 -0.029032 0.999578 0 0 0 0 1 1 0.000185 -0.000935 0 -0.000158 0.999578 0.029032 0.111876 0.00094 -0.029032 0.999578 0 0 0 0 1 1 0.000192 -0.00096 0 -0.000164 0.999578 0.029032 0.111876 0.000965 -0.029032 0.999578 0 0 0 0 1 1 0.000198 -0.00098 0 -0.00017 0.999578 0.029032 0.111876 0.000986 -0.029031 0.999578 0 0 0 0 1 0.999999 0.000205 -0.000996 0 -0.000176 0.999578 0.029031 0.111876 0.001001 -0.029031 0.999578 0 0 0 0 1 0.999999 0.000212 -0.001009 0 -0.000182 0.999578 0.029031 0.111876 0.001015 -0.029031 0.999578 0 0 0 0 1 0.999999 0.000218 -0.001021 0 -0.000189 0.999578 0.029031 0.111876 0.001027 -0.029031 0.999578 0 0 0 0 1 0.999999 0.000225 -0.001032 0 -0.000195 0.999578 0.029031 0.111876 0.001038 -0.02903 0.999578 0 0 0 0 1 0.999999 0.000232 -0.001043 0 -0.000202 0.999578 0.02903 0.111876 0.001049 -0.02903 0.999578 0 0 0 0 1 0.999999 0.000239 -0.001049 0 -0.000208 0.999579 0.02903 0.111876 0.001056 -0.02903 0.999578 0 0 0 0 1 0.999999 0.000245 -0.001057 0 -0.000215 0.999579 0.02903 0.111876 0.001064 -0.029029 0.999578 0 0 0 0 1 0.999999 0.000252 -0.001065 0 -0.000221 0.999579 0.029029 0.111876 0.001072 -0.029029 0.999578 0 0 0 0 1 0.999999 0.000259 -0.00107 0 -0.000228 0.999579 0.029029 0.111876 0.001077 -0.029029 0.999578 0 0 0 0 1 0.999999 0.000266 -0.001068 0 -0.000234 0.999579 0.029029 0.111876 0.001075 -0.029028 0.999578 0 0 0 0 1 0.999999 0.000272 -0.001042 0 -0.000242 0.999579 0.029028 0.111876 0.00105 -0.029028 0.999578 0 0 0 0 1 1 0.000278 -0.000954 0 -0.00025 0.999579 0.029028 0.111876 0.000961 -0.029027 0.999578 0 0 0 0 1 1 0.000283 -0.000837 0 -0.000259 0.999579 0.029027 0.111876 0.000845 -0.029027 0.999578 0 0 0 0 1 1 0.000289 -0.000709 0 -0.000268 0.999579 0.029026 0.111876 0.000717 -0.029026 0.999578 0 0 0 0 1 1 0.000294 -0.000582 0 -0.000277 0.999579 0.029026 0.111876 0.00059 -0.029026 0.999578 0 0 0 0 1 1 0.000299 -0.000465 0 -0.000286 0.999579 0.029025 0.111876 0.000473 -0.029025 0.999579 0 0 0 0 1 1 0.000304 -0.000372 0 -0.000293 0.999579 0.029024 0.111876 0.00038 -0.029024 0.999579 0 0 0 0 1 1 0.000308 -0.000306 0 -0.000299 0.999579 0.029023 0.111876 0.000314 -0.029023 0.999579 0 0 0 0 1 1 0.000309 -0.000257 0 -0.000301 0.999579 0.029022 0.111876 0.000266 -0.029022 0.999579 0 0 0 0 1 1 0.000301 -0.000225 0 -0.000294 0.999579 0.029021 0.111876 0.000234 -0.029021 0.999579 0 0 0 0 1 1 0.000291 -0.000201 0 -0.000285 0.999579 0.02902 0.111876 0.00021 -0.02902 0.999579 0 0 0 0 1 1 0.00028 -0.00018 0 -0.000275 0.999579 0.029018 0.111876 0.000188 -0.029018 0.999579 0 0 0 0 1 1 0.000269 -0.000161 0 -0.000264 0.999579 0.029016 0.111876 0.000169 -0.029016 0.999579 0 0 0 0 1 1 0.000257 -0.000133 0 -0.000253 0.999579 0.02901 0.111876 0.00014 -0.02901 0.999579 0 0 0 0 1 1 0.000245 -0.0001 0 -0.000242 0.999579 0.029003 0.111876 0.000107 -0.029003 0.999579 0 0 0 0 1 1 0.000233 -0.000065 0 -0.000231 0.99958 0.028994 0.111876 0.000072 -0.028994 0.99958 0 0 0 0 1 1 0.000221 -0.000028 0 -0.00022 0.99958 0.028986 0.111876 0.000034 -0.028986 0.99958 0 0 0 0 1 1 0.000208 0.000014 0 -0.000209 0.99958 0.028978 0.111876 -0.000008 -0.028978 0.99958 0 0 0 0 1 1 0.000196 0.000071 0 -0.000198 0.99958 0.02897 0.111876 -0.000065 -0.02897 0.99958 0 0 0 0 1 1 0.000184 0.000118 0 -0.000187 0.99958 0.028964 0.111876 -0.000113 -0.028964 0.99958 0 0 0 0 1 1 0.000172 0.000161 0 -0.000176 0.999581 0.02896 0.111876 -0.000156 -0.02896 0.999581 0 0 0 0 1 1 0.000159 0.0002 0 -0.000165 0.999581 0.028961 0.111876 -0.000195 -0.028961 0.999581 0 0 0 0 1 1 0.000146 0.000231 0 -0.000152 0.99958 0.028965 0.111876 -0.000226 -0.028965 0.99958 0 0 0 0 1 1 0.000131 0.000257 0 -0.000138 0.99958 0.028974 0.111876 -0.000253 -0.028975 0.99958 0 0 0 0 1 1 0.000113 0.000281 0 -0.000121 0.99958 0.028994 0.111876 -0.000277 -0.028994 0.99958 0 0 0 0 1 1 0.000088 0.000303 0 -0.000097 0.999578 0.029036 0.111876 -0.0003 -0.029036 0.999578 0 0 0 0 1 1 0.00006 0.000321 0 -0.00007 0.999576 0.029122 0.111876 -0.000319 -0.029122 0.999576 0 0 0 0 1 1 0.000032 0.00034 0 -0.000042 0.999573 0.029219 0.111876 -0.000339 -0.029219 0.999573 0 0 0 0 1 1 0.000005 0.00036 0 -0.000015 0.99957 0.029322 0.111876 -0.00036 -0.029322 0.99957 0 0 0 0 1 1 -0.00002 0.00038 0 0.000009 0.999567 0.029424 0.111876 -0.000381 -0.029424 0.999567 0 0 0 0 1 1 -0.000043 0.000401 0 0.000031 0.999564 0.029518 0.111876 -0.000402 -0.029518 0.999564 0 0 0 0 1 1 -0.000056 0.000422 0 0.000043 0.999562 0.029598 0.111876 -0.000423 -0.029598 0.999562 0 0 0 0 1 1 -0.000065 0.000445 0 0.000051 0.999561 0.029634 0.111876 -0.000446 -0.029634 0.999561 0 0 0 0 1 1 -0.000072 0.000471 0 0.000058 0.999561 0.029644 0.111876 -0.000473 -0.029644 0.99956 0 0 0 0 1 1 -0.000079 0.000506 0 0.000064 0.99956 0.029645 0.111876 -0.000508 -0.029645 0.99956 0 0 0 0 1 1 -0.000085 0.000561 0 0.000068 0.99956 0.029644 0.111876 -0.000563 -0.029644 0.99956 0 0 0 0 1 1 -0.000091 0.000621 0 0.000073 0.999561 0.029644 0.111876 -0.000623 -0.029644 0.99956 0 0 0 0 1 1 -0.000098 0.000678 0 0.000077 0.999561 0.029641 0.111876 -0.000681 -0.029641 0.99956 0 0 0 0 1 1 -0.000104 0.000722 0 0.000082 0.999561 0.029639 0.111876 -0.000725 -0.029639 0.99956 0 0 0 0 1 1 -0.000109 0.000757 0 0.000087 0.999561 0.029637 0.111876 -0.00076 -0.029637 0.99956 0 0 0 0 1 1 -0.000115 0.000776 0 0.000092 0.999561 0.029634 0.111876 -0.000779 -0.029634 0.99956 0 0 0 0 1 1 -0.000121 0.000786 0 0.000097 0.999561 0.02963 0.111876 -0.000789 -0.02963 0.999561 0 0 0 0 1 1 -0.000126 0.000794 0 0.000102 0.999561 0.029623 0.111876 -0.000798 -0.029623 0.999561 0 0 0 0 1 1 -0.000131 0.000801 0 0.000108 0.999561 0.029612 0.111876 -0.000805 -0.029612 0.999561 0 0 0 0 1 1 -0.000137 0.000807 0 0.000113 0.999562 0.029592 0.111876 -0.000811 -0.029592 0.999562 0 0 0 0 1 1 -0.000142 0.000812 0 0.000118 0.999563 0.029551 0.111876 -0.000816 -0.029551 0.999563 0 0 0 0 1 1 -0.000147 0.000815 0 0.000123 0.999565 0.029498 0.111876 -0.000819 -0.029497 0.999565 0 0 0 0 1 1 -0.000152 0.000813 0 0.000128 0.999566 0.029441 0.111876 -0.000817 -0.029441 0.999566 0 0 0 0 1 1 -0.000157 0.000801 0 0.000133 0.999568 0.02939 0.111876 -0.000806 -0.02939 0.999568 0 0 0 0 1 1 -0.000161 0.000769 0 0.000138 0.999569 0.029354 0.111876 -0.000773 -0.029353 0.999569 0 0 0 0 1 1 -0.000163 0.000691 0 0.000143 0.99957 0.029327 0.111876 -0.000695 -0.029327 0.99957 0 0 0 0 1 1 -0.000163 0.000621 0 0.000145 0.999571 0.029304 0.111876 -0.000625 -0.029304 0.99957 0 0 0 0 1 1 -0.000163 0.000558 0 0.000147 0.999571 0.029283 0.111876 -0.000562 -0.029282 0.999571 0 0 0 0 1 1 -0.000163 0.000508 0 0.000148 0.999572 0.029262 0.111876 -0.000512 -0.029262 0.999572 0 0 0 0 1 1 -0.000162 0.000464 0 0.000149 0.999572 0.029243 0.111876 -0.000468 -0.029243 0.999572 0 0 0 0 1 1 -0.000162 0.000419 0 0.000149 0.999573 0.029228 0.111876 -0.000424 -0.029228 0.999573 0 0 0 0 1 1 -0.000161 0.00037 0 0.00015 0.999573 0.029219 0.111876 -0.000375 -0.029219 0.999573 0 0 0 0 1 1 -0.00016 0.000317 0 0.000151 0.999573 0.029217 0.111876 -0.000322 -0.029217 0.999573 0 0 0 0 1 1 -0.00016 0.000259 0 0.000152 0.999573 0.029217 0.111876 -0.000264 -0.029217 0.999573 0 0 0 0 1 1 -0.000159 0.00019 0 0.000153 0.999573 0.029218 0.111876 -0.000195 -0.029218 0.999573 0 0 0 0 1 1 -0.000159 0.00019 0 0.000153 0.999573 0.029218 0.111876 -0.000195 -0.029218 0.999573 0 0 0 0 1 1 -0.000157 0.000056 0 0.000155 0.999573 0.029222 0.111876 -0.000061 -0.029221 0.999573 0 0 0 0 1 1 -0.000155 0.000056 0 0.000153 0.999573 0.029228 0.111876 -0.000061 -0.029228 0.999573 0 0 0 0 1</float_array>
        <technique_common>
          <accessor source="#Spine3_matrix_Spine3_transform-output-array" count="106" stride="16">
            <param name="TRANSFORM" type="float4x4"/>
          </accessor>
        </technique_common>
      </source>
      <source id="Spine3_matrix_Spine3_transform-interpolations">
        <Name_array id="Spine3_matrix_Spine3_transform-interpolations-array" count="106">LINEAR LINEAR LINEAR LINEAR LINEAR LINEAR LINEAR LINEAR LINEAR LINEAR LINEAR LINEAR LINEAR LINEAR LINEAR LINEAR LINEAR LINEAR LINEAR LINEAR LINEAR LINEAR LINEAR LINEAR LINEAR LINEAR LINEAR LINEAR LINEAR LINEAR LINEAR LINEAR LINEAR LINEAR LINEAR LINEAR LINEAR LINEAR LINEAR LINEAR LINEAR LINEAR LINEAR LINEAR LINEAR LINEAR LINEAR LINEAR LINEAR LINEAR LINEAR LINEAR LINEAR LINEAR LINEAR LINEAR LINEAR LINEAR LINEAR LINEAR LINEAR LINEAR LINEAR LINEAR LINEAR LINEAR LINEAR LINEAR LINEAR LINEAR LINEAR LINEAR LINEAR LINEAR LINEAR LINEAR LINEAR LINEAR LINEAR LINEAR LINEAR LINEAR LINEAR LINEAR LINEAR LINEAR LINEAR LINEAR LINEAR LINEAR LINEAR LINEAR LINEAR LINEAR LINEAR LINEAR LINEAR LINEAR LINEAR LINEAR LINEAR LINEAR LINEAR LINEAR LINEAR LINEAR</Name_array>
        <technique_common>
          <accessor source="#Spine3_matrix_Spine3_transform-interpolations-array" count="106" stride="1">
            <param name="INTERPOLATION" type="Name"/>
          </accessor>
        </technique_common>
      </source>
      <sampler id="Spine3_matrix_Spine3_transform-sampler">
        <input semantic="INPUT" source="#Spine3_matrix_Spine3_transform-input"/>
        <input semantic="OUTPUT" source="#Spine3_matrix_Spine3_transform-output"/>
        <input semantic="INTERPOLATION" source="#Spine3_matrix_Spine3_transform-interpolations"/>
      </sampler>
      <channel source="#Spine3_matrix_Spine3_transform-sampler" target="Spine3/transform"/>
    </animation>
    <animation id="Neck_matrix">
      <source id="Neck_matrix_Neck_transform-input">
        <float_array id="Neck_matrix_Neck_transform-input-array" count="106">0 0.033333 0.066666 0.1 0.133333 0.166667 0.2 0.233333 0.266667 0.3 0.333333 0.366667 0.4 0.433333 0.466667 0.5 0.533333 0.566667 0.6 0.633333 0.666667 0.7 0.733333 0.766667 0.8 0.833333 0.866667 0.9 0.933333 0.966667 1 1.03333 1.06667 1.1 1.13333 1.16667 1.2 1.23333 1.26667 1.3 1.33333 1.36667 1.4 1.43333 1.46667 1.5 1.53333 1.56667 1.6 1.63333 1.66667 1.7 1.73333 1.76667 1.8 1.83333 1.86667 1.9 1.93333 1.96667 2 2.03333 2.06667 2.1 2.13333 2.16667 2.2 2.23333 2.26667 2.3 2.33333 2.36667 2.4 2.43333 2.46667 2.5 2.53333 2.56667 2.6 2.63333 2.66667 2.7 2.73333 2.76667 2.8 2.83333 2.86667 2.9 2.93333 2.96667 3 3.03333 3.06667 3.1 3.13333 3.16667 3.2 3.23333 3.26667 3.3 3.33333 3.36667 3.4 3.43333 3.46667 3.5</float_array>
        <technique_common>
          <accessor source="#Neck_matrix_Neck_transform-input-array" count="106" stride="1">
            <param name="TIME" type="float"/>
          </accessor>
        </technique_common>
        <technique profile="MAYA">
          <pre_infinity>CONSTANT</pre_infinity>
          <post_infinity>CONSTANT</post_infinity>
        </technique>
      </source>
      <source id="Neck_matrix_Neck_transform-output">
        <float_array id="Neck_matrix_Neck_transform-output-array" count="1696">1 0.00003 0.00015 0 0.000011 0.962052 -0.272867 0.248046 -0.000153 0.272867 0.962052 0 0 0 0 1 1 0.000025 0.000149 0 0.000016 0.962138 -0.272564 0.248046 -0.000151 0.272564 0.962138 0 0 0 0 1 1 0.000018 0.000148 0 0.000022 0.962229 -0.272242 0.248046 -0.000148 0.272242 0.962229 0 0 0 0 1 1 0.000011 0.000147 0 0.000029 0.962338 -0.271857 0.248046 -0.000145 0.271857 0.962338 0 0 0 0 1 1 0.000004 0.000146 0 0.000035 0.962447 -0.271468 0.248046 -0.000142 0.271468 0.962447 0 0 0 0 1 1 -0.000001 0.000145 0 0.00004 0.962544 -0.271124 0.248046 -0.00014 0.271124 0.962544 0 0 0 0 1 1 -0.000003 0.000144 0 0.000042 0.962631 -0.270815 0.248046 -0.000138 0.270815 0.962631 0 0 0 0 1 1 0.000001 0.000143 0 0.000037 0.962705 -0.270554 0.248046 -0.000139 0.270554 0.962705 0 0 0 0 1 1 0.00003 0.000143 0 0.000009 0.96277 -0.270323 0.248046 -0.000146 0.270323 0.96277 0 0 0 0 1 1 0.000123 0.000142 0 -0.00008 0.962829 -0.270113 0.248046 -0.00017 0.270113 0.962829 0 0 0 0 1 1 0.000238 0.000142 0 -0.000191 0.962883 -0.26992 0.248046 -0.000201 0.26992 0.962883 0 0 0 0 1 1 0.000367 0.000143 0 -0.000315 0.962934 -0.269735 0.248046 -0.000236 0.269735 0.962934 0 0 0 0 1 1 0.000498 0.000143 0 -0.000441 0.962978 -0.269578 0.248046 -0.000272 0.269578 0.962979 0 0 0 0 1 1 0.000623 0.000143 0 -0.000562 0.963012 -0.269457 0.248046 -0.000306 0.269457 0.963012 0 0 0 0 1 1 0.000721 0.000143 0 -0.000655 0.96303 -0.269393 0.248046 -0.000332 0.269393 0.96303 0 0 0 0 1 1 0.000749 0.000144 0 -0.000683 0.963022 -0.269423 0.248046 -0.00034 0.269423 0.963022 0 0 0 0 1 1 0.000745 0.000146 0 -0.000678 0.963 -0.2695 0.248046 -0.000342 0.2695 0.963 0 0 0 0 1 1 0.000712 0.000157 0 -0.000643 0.962966 -0.269621 0.248046 -0.000344 0.269621 0.962967 0 0 0 0 1 1 0.000626 0.000184 0 -0.000553 0.962929 -0.269755 0.248046 -0.000346 0.269755 0.962929 0 0 0 0 1 1 0.000519 0.000199 0 -0.000446 0.962897 -0.269869 0.248046 -0.000332 0.269869 0.962897 0 0 0 0 1 1 0.000404 0.000209 0 -0.000332 0.962868 -0.269971 0.248046 -0.00031 0.269971 0.962869 0 0 0 0 1 1 0.000294 0.000217 0 -0.000225 0.962846 -0.270051 0.248046 -0.000288 0.270051 0.962846 0 0 0 0 1 1 0.000197 0.000224 0 -0.000129 0.962823 -0.270132 0.248046 -0.000268 0.270132 0.962823 0 0 0 0 1 1 0.000128 0.000231 0 -0.000061 0.962793 -0.270241 0.248046 -0.000257 0.270241 0.962793 0 0 0 0 1 1 0.000072 0.000239 0 -0.000005 0.962756 -0.270372 0.248046 -0.000249 0.270372 0.962756 0 0 0 0 1 1 0.000017 0.000248 0 0.00005 0.962712 -0.270529 0.248046 -0.000243 0.270529 0.962712 0 0 0 0 1 1 -0.000052 0.000259 0 0.00012 0.962661 -0.270708 0.248046 -0.000235 0.270708 0.962661 0 0 0 0 1 1 -0.000166 0.000275 0 0.000235 0.962605 -0.27091 0.248046 -0.000219 0.27091 0.962605 0 0 0 0 1 1 -0.000314 0.000307 0 0.000386 0.962544 -0.271124 0.248046 -0.00021 0.271124 0.962544 0 0 0 0 1 1 -0.0005 0.000384 0 0.000586 0.96248 -0.271352 0.248046 -0.000233 0.271352 0.96248 0 0 0 0 1 1 -0.0007 0.000472 0 0.000802 0.962421 -0.271559 0.248046 -0.000264 0.271559 0.962422 0 0 0 0 1 0.999999 -0.000897 0.000562 0 0.001016 0.962378 -0.271713 0.248046 -0.000297 0.271714 0.962378 0 0 0 0 1 0.999999 -0.001072 0.000604 0 0.001196 0.962351 -0.271807 0.248046 -0.00029 0.271807 0.962352 0 0 0 0 1 0.999999 -0.001199 0.000603 0 0.001318 0.962352 -0.271802 0.248046 -0.000254 0.271803 0.962353 0 0 0 0 1 0.999999 -0.001254 0.000519 0 0.001348 0.962365 -0.271756 0.248046 -0.000159 0.271757 0.962366 0 0 0 0 1 0.999999 -0.001273 0.000334 0 0.001316 0.962383 -0.271694 0.248046 0.000024 0.271694 0.962384 0 0 0 0 1 0.999999 -0.001277 0.000107 0 0.001258 0.962404 -0.271621 0.248046 0.000243 0.271621 0.962404 0 0 0 0 1 0.999999 -0.001273 -0.000112 0 0.001194 0.962424 -0.271547 0.248046 0.000454 0.271547 0.962425 0 0 0 0 1 0.999999 -0.001265 -0.00032 0 0.00113 0.962441 -0.27149 0.248046 0.000652 0.271489 0.962441 0 0 0 0 1 0.999999 -0.001255 -0.000489 0 0.001075 0.96245 -0.271458 0.248046 0.000812 0.271458 0.96245 0 0 0 0 1 0.999999 -0.001245 -0.000636 0 0.001025 0.962455 -0.271439 0.248046 0.00095 0.271438 0.962455 0 0 0 0 1 0.999999 -0.001232 -0.000768 0 0.000977 0.962459 -0.271426 0.248046 0.001074 0.271425 0.962459 0 0 0 0 1 0.999999 -0.001217 -0.000885 0 0.000931 0.962461 -0.271419 0.248046 0.001182 0.271418 0.962461 0 0 0 0 1 0.999999 -0.001196 -0.000988 0 0.000882 0.96246 -0.271421 0.248046 0.001276 0.27142 0.96246 0 0 0 0 1 0.999999 -0.001154 -0.00108 0 0.000818 0.962452 -0.271449 0.248046 0.001353 0.271448 0.962452 0 0 0 0 1 0.999999 -0.001059 -0.001169 0 0.000701 0.962424 -0.271549 0.248046 0.001412 0.271547 0.962424 0 0 0 0 1 0.999999 -0.000948 -0.001235 0 0.000577 0.962386 -0.271685 0.248046 0.001447 0.271684 0.962385 0 0 0 0 1 0.999999 -0.000826 -0.001252 0 0.000454 0.962339 -0.271853 0.248046 0.00143 0.271852 0.962338 0 0 0 0 1 0.999999 -0.000703 -0.001244 0 0.000338 0.962287 -0.272035 0.248046 0.001389 0.272035 0.962286 0 0 0 0 1 0.999999 -0.000591 -0.001213 0 0.000238 0.962236 -0.272217 0.248046 0.001329 0.272217 0.962235 0 0 0 0 1 0.999999 -0.000497 -0.001138 0 0.000168 0.962186 -0.272392 0.248046 0.001231 0.272391 0.962186 0 0 0 0 1 0.999999 -0.000433 -0.001035 0 0.000134 0.962143 -0.272547 0.248046 0.001114 0.272546 0.962142 0 0 0 0 1 0.999999 -0.000409 -0.00092 0 0.000142 0.962104 -0.272681 0.248046 0.000997 0.272681 0.962104 0 0 0 0 1 1 -0.000404 -0.000804 0 0.000169 0.962073 -0.272793 0.248046 0.000884 0.272793 0.962072 0 0 0 0 1 1 -0.00041 -0.000697 0 0.000204 0.962057 -0.27285 0.248046 0.000783 0.272849 0.962056 0 0 0 0 1 1 -0.000432 -0.000618 0 0.000247 0.962047 -0.272882 0.248046 0.000712 0.272882 0.962047 0 0 0 0 1 1 -0.000494 -0.000556 0 0.000323 0.962041 -0.272905 0.248046 0.00067 0.272905 0.962041 0 0 0 0 1 1 -0.000577 -0.000502 0 0.000418 0.962035 -0.272927 0.248046 0.00064 0.272926 0.962035 0 0 0 0 1 1 -0.000649 -0.000449 0 0.000502 0.962028 -0.272951 0.248046 0.000609 0.272951 0.962028 0 0 0 0 1 1 -0.000688 -0.000393 0 0.000554 0.962016 -0.272994 0.248046 0.000566 0.272993 0.962016 0 0 0 0 1 1 -0.000707 -0.000329 0 0.00059 0.96199 -0.273084 0.248046 0.00051 0.273084 0.96199 0 0 0 0 1 1 -0.000696 -0.000243 0 0.000604 0.961948 -0.273231 0.248046 0.000424 0.273231 0.961948 0 0 0 0 1 1 -0.000617 -0.000137 0 0.000556 0.961897 -0.273412 0.248046 0.000301 0.273412 0.961897 0 0 0 0 1 1 -0.000493 -0.000005 0 0.000472 0.96184 -0.273613 0.248046 0.00014 0.273613 0.96184 0 0 0 0 1 1 -0.000344 0.000133 0 0.000368 0.961779 -0.273826 0.248046 -0.000034 0.273826 0.961779 0 0 0 0 1 1 -0.000183 0.000273 0 0.000251 0.961721 -0.274032 0.248046 -0.000212 0.274032 0.961721 0 0 0 0 1 1 -0.000036 0.000394 0 0.000143 0.96166 -0.274245 0.248046 -0.000369 0.274245 0.96166 0 0 0 0 1 1 0.000022 0.000479 0 0.00011 0.961594 -0.274476 0.248046 -0.000467 0.274476 0.961594 0 0 0 0 1 1 0.000035 0.000502 0 0.000103 0.961523 -0.274723 0.248046 -0.000493 0.274723 0.961523 0 0 0 0 1 1 0.000035 0.000495 0 0.000101 0.961445 -0.274998 0.248046 -0.000486 0.274998 0.961445 0 0 0 0 1 1 0.000036 0.00046 0 0.000091 0.961366 -0.275273 0.248046 -0.000452 0.275273 0.961366 0 0 0 0 1 1 0.000034 0.00037 0 0.000068 0.961293 -0.275529 0.248046 -0.000366 0.275529 0.961293 0 0 0 0 1 1 0.000031 0.000251 0 0.000038 0.96123 -0.275747 0.248046 -0.00025 0.275747 0.96123 0 0 0 0 1 1 0.000027 0.000106 0 0.000002 0.961185 -0.275905 0.248046 -0.000109 0.275905 0.961185 0 0 0 0 1 1 0.000022 -0.000047 0 -0.000034 0.961159 -0.275996 0.248046 0.000039 0.275996 0.961159 0 0 0 0 1 1 0.000016 -0.000196 0 -0.00007 0.961158 -0.276 0.248046 0.000184 0.276 0.961158 0 0 0 0 1 1 0.00001 -0.000332 0 -0.000102 0.961178 -0.275929 0.248046 0.000316 0.275929 0.961178 0 0 0 0 1 1 0.000004 -0.000441 0 -0.000125 0.961219 -0.275785 0.248046 0.000422 0.275785 0.961219 0 0 0 0 1 1 -0.000002 -0.000487 0 -0.000132 0.96128 -0.275575 0.248046 0.000469 0.275575 0.961279 0 0 0 0 1 1 -0.000009 -0.000504 0 -0.000129 0.961358 -0.2753 0.248046 0.000487 0.2753 0.961358 0 0 0 0 1 1 -0.000016 -0.000507 0 -0.000124 0.961451 -0.274977 0.248046 0.000492 0.274977 0.961451 0 0 0 0 1 1 -0.000022 -0.000507 0 -0.000117 0.961553 -0.274618 0.248046 0.000493 0.274618 0.961553 0 0 0 0 1 1 -0.000028 -0.000506 0 -0.000111 0.961662 -0.274236 0.248046 0.000494 0.274236 0.961662 0 0 0 0 1 1 -0.000032 -0.000504 0 -0.000106 0.961775 -0.273839 0.248046 0.000493 0.273839 0.961775 0 0 0 0 1 1 -0.000037 -0.000501 0 -0.0001 0.961885 -0.273453 0.248046 0.000492 0.273453 0.961885 0 0 0 0 1 1 -0.000039 -0.000497 0 -0.000097 0.961983 -0.273109 0.248046 0.000489 0.273109 0.961983 0 0 0 0 1 1 -0.000036 -0.000492 0 -0.000099 0.96207 -0.272803 0.248046 0.000483 0.272803 0.96207 0 0 0 0 1 1 -0.00002 -0.000483 0 -0.000111 0.962143 -0.272546 0.248046 0.000471 0.272547 0.962142 0 0 0 0 1 1 0.000019 -0.000468 0 -0.000146 0.962206 -0.272324 0.248046 0.000445 0.272324 0.962206 0 0 0 0 1 1 0.000113 -0.00044 0 -0.000228 0.962263 -0.272122 0.248046 0.000392 0.272122 0.962263 0 0 0 0 1 1 0.000225 -0.000407 0 -0.000328 0.962314 -0.271942 0.248046 0.000331 0.271942 0.962314 0 0 0 0 1 1 0.000354 -0.000373 0 -0.000443 0.962362 -0.27177 0.248046 0.000263 0.27177 0.962362 0 0 0 0 1 1 0.000486 -0.000338 0 -0.000559 0.962402 -0.271627 0.248046 0.000193 0.271627 0.962402 0 0 0 0 1 1 0.00061 -0.000298 0 -0.000668 0.962432 -0.271523 0.248046 0.000121 0.271523 0.962432 0 0 0 0 1 1 0.000706 -0.000251 0 -0.000748 0.962439 -0.271497 0.248046 0.00005 0.271497 0.962439 0 0 0 0 1 1 0.000733 -0.000186 0 -0.000757 0.962432 -0.271522 0.248046 -0.000019 0.271522 0.962432 0 0 0 0 1 1 0.000728 -0.000123 0 -0.000734 0.962403 -0.271624 0.248046 -0.000078 0.271624 0.962404 0 0 0 0 1 1 0.000694 -0.00007 0 -0.000687 0.962363 -0.271766 0.248046 -0.00012 0.271766 0.962363 0 0 0 0 1 1 0.000608 -0.000045 0 -0.000597 0.962319 -0.271923 0.248046 -0.000121 0.271923 0.962319 0 0 0 0 1 1 0.000501 -0.000039 0 -0.000493 0.96228 -0.27206 0.248046 -0.000098 0.27206 0.96228 0 0 0 0 1 1 0.000388 -0.000039 0 -0.000384 0.962247 -0.272178 0.248046 -0.000067 0.272178 0.962247 0 0 0 0 1 1 0.000277 -0.000041 0 -0.000277 0.962216 -0.272289 0.248046 -0.000035 0.272289 0.962216 0 0 0 0 1 1 0.000179 -0.000045 0 -0.000185 0.962185 -0.272395 0.248046 -0.000005 0.272395 0.962185 0 0 0 0 1 1 0.000179 -0.000045 0 -0.000185 0.962185 -0.272395 0.248046 -0.000005 0.272395 0.962185 0 0 0 0 1 1 0.000055 -0.000057 0 -0.000069 0.962103 -0.272685 0.248046 0.00004 0.272685 0.962103 0 0 0 0 1 1 0.000055 -0.000076 0 -0.000074 0.962052 -0.272867 0.248046 0.000057 0.272867 0.962052 0 0 0 0 1</float_array>
        <technique_common>
          <accessor source="#Neck_matrix_Neck_transform-output-array" count="106" stride="16">
            <param name="TRANSFORM" type="float4x4"/>
          </accessor>
        </technique_common>
      </source>
      <source id="Neck_matrix_Neck_transform-interpolations">
        <Name_array id="Neck_matrix_Neck_transform-interpolations-array" count="106">LINEAR LINEAR LINEAR LINEAR LINEAR LINEAR LINEAR LINEAR LINEAR LINEAR LINEAR LINEAR LINEAR LINEAR LINEAR LINEAR LINEAR LINEAR LINEAR LINEAR LINEAR LINEAR LINEAR LINEAR LINEAR LINEAR LINEAR LINEAR LINEAR LINEAR LINEAR LINEAR LINEAR LINEAR LINEAR LINEAR LINEAR LINEAR LINEAR LINEAR LINEAR LINEAR LINEAR LINEAR LINEAR LINEAR LINEAR LINEAR LINEAR LINEAR LINEAR LINEAR LINEAR LINEAR LINEAR LINEAR LINEAR LINEAR LINEAR LINEAR LINEAR LINEAR LINEAR LINEAR LINEAR LINEAR LINEAR LINEAR LINEAR LINEAR LINEAR LINEAR LINEAR LINEAR LINEAR LINEAR LINEAR LINEAR LINEAR LINEAR LINEAR LINEAR LINEAR LINEAR LINEAR LINEAR LINEAR LINEAR LINEAR LINEAR LINEAR LINEAR LINEAR LINEAR LINEAR LINEAR LINEAR LINEAR LINEAR LINEAR LINEAR LINEAR LINEAR LINEAR LINEAR LINEAR</Name_array>
        <technique_common>
          <accessor source="#Neck_matrix_Neck_transform-interpolations-array" count="106" stride="1">
            <param name="INTERPOLATION" type="Name"/>
          </accessor>
        </technique_common>
      </source>
      <sampler id="Neck_matrix_Neck_transform-sampler">
        <input semantic="INPUT" source="#Neck_matrix_Neck_transform-input"/>
        <input semantic="OUTPUT" source="#Neck_matrix_Neck_transform-output"/>
        <input semantic="INTERPOLATION" source="#Neck_matrix_Neck_transform-interpolations"/>
      </sampler>
      <channel source="#Neck_matrix_Neck_transform-sampler" target="Neck/transform"/>
    </animation>
    <animation id="Neck1_matrix">
      <source id="Neck1_matrix_Neck1_transform-input">
        <float_array id="Neck1_matrix_Neck1_transform-input-array" count="106">0 0.033333 0.066666 0.1 0.133333 0.166667 0.2 0.233333 0.266667 0.3 0.333333 0.366667 0.4 0.433333 0.466667 0.5 0.533333 0.566667 0.6 0.633333 0.666667 0.7 0.733333 0.766667 0.8 0.833333 0.866667 0.9 0.933333 0.966667 1 1.03333 1.06667 1.1 1.13333 1.16667 1.2 1.23333 1.26667 1.3 1.33333 1.36667 1.4 1.43333 1.46667 1.5 1.53333 1.56667 1.6 1.63333 1.66667 1.7 1.73333 1.76667 1.8 1.83333 1.86667 1.9 1.93333 1.96667 2 2.03333 2.06667 2.1 2.13333 2.16667 2.2 2.23333 2.26667 2.3 2.33333 2.36667 2.4 2.43333 2.46667 2.5 2.53333 2.56667 2.6 2.63333 2.66667 2.7 2.73333 2.76667 2.8 2.83333 2.86667 2.9 2.93333 2.96667 3 3.03333 3.06667 3.1 3.13333 3.16667 3.2 3.23333 3.26667 3.3 3.33333 3.36667 3.4 3.43333 3.46667 3.5</float_array>
        <technique_common>
          <accessor source="#Neck1_matrix_Neck1_transform-input-array" count="106" stride="1">
            <param name="TIME" type="float"/>
          </accessor>
        </technique_common>
        <technique profile="MAYA">
          <pre_infinity>CONSTANT</pre_infinity>
          <post_infinity>CONSTANT</post_infinity>
        </technique>
      </source>
      <source id="Neck1_matrix_Neck1_transform-output">
        <float_array id="Neck1_matrix_Neck1_transform-output-array" count="1696">1 0.000032 0.000026 0 -0.00003 0.998264 -0.0589 0.04828 -0.000028 0.0589 0.998264 0 0 0 0 1 1 0.000027 0.000025 0 -0.000025 0.998282 -0.058586 0.04828 -0.000027 0.058586 0.998282 0 0 0 0 1 1 0.00002 0.000025 0 -0.000018 0.998302 -0.058252 0.04828 -0.000026 0.058252 0.998302 0 0 0 0 1 1 0.000012 0.000024 0 -0.000011 0.998325 -0.057852 0.04828 -0.000025 0.057852 0.998325 0 0 0 0 1 1 0.000005 0.000026 0 -0.000004 0.998348 -0.057449 0.04828 -0.000026 0.057449 0.998348 0 0 0 0 1 1 0.000000 0.000032 0 0.000001 0.998369 -0.057092 0.04828 -0.000032 0.057092 0.998369 0 0 0 0 1 1 -0.000001 0.000037 0 0.000003 0.998387 -0.056772 0.04828 -0.000037 0.056772 0.998387 0 0 0 0 1 1 0.000003 0.000042 0 -0.000000 0.998403 -0.056501 0.04828 -0.000042 0.056501 0.998403 0 0 0 0 1 1 0.000032 0.000046 0 -0.000029 0.998416 -0.056262 0.04828 -0.000048 0.056262 0.998416 0 0 0 0 1 1 0.000124 0.000051 0 -0.000121 0.998428 -0.056043 0.04828 -0.000058 0.056043 0.998428 0 0 0 0 1 1 0.000239 0.000056 0 -0.000236 0.998439 -0.055844 0.04828 -0.000069 0.055844 0.998439 0 0 0 0 1 1 0.000368 0.000061 0 -0.000364 0.99845 -0.055652 0.04828 -0.000082 0.055652 0.99845 0 0 0 0 1 1 0.000499 0.000067 0 -0.000494 0.998459 -0.055489 0.04828 -0.000094 0.055489 0.998459 0 0 0 0 1 1 0.000623 0.000072 0 -0.000618 0.998466 -0.055364 0.04828 -0.000107 0.055364 0.998466 0 0 0 0 1 1 0.000719 0.000077 0 -0.000714 0.99847 -0.055297 0.04828 -0.000117 0.055297 0.99847 0 0 0 0 1 1 0.000747 0.000082 0 -0.000741 0.998468 -0.055329 0.04828 -0.000123 0.055328 0.998468 0 0 0 0 1 1 0.000742 0.000086 0 -0.000736 0.998464 -0.055408 0.04828 -0.000127 0.055408 0.998464 0 0 0 0 1 1 0.000708 0.00009 0 -0.000702 0.998457 -0.055533 0.04828 -0.000129 0.055533 0.998457 0 0 0 0 1 1 0.000621 0.000093 0 -0.000614 0.998449 -0.055673 0.04828 -0.000127 0.055673 0.998449 0 0 0 0 1 1 0.000514 0.000096 0 -0.000507 0.998442 -0.055791 0.04828 -0.000125 0.055791 0.998442 0 0 0 0 1 1 0.000398 0.0001 0 -0.000392 0.998436 -0.055896 0.04828 -0.000122 0.055896 0.998437 0 0 0 0 1 1 0.000289 0.000104 0 -0.000283 0.998432 -0.055979 0.04828 -0.00012 0.055979 0.998432 0 0 0 0 1 1 0.000192 0.000108 0 -0.000186 0.998427 -0.056064 0.04828 -0.000119 0.056064 0.998427 0 0 0 0 1 1 0.000124 0.000114 0 -0.000118 0.998421 -0.056177 0.04828 -0.00012 0.056177 0.998421 0 0 0 0 1 1 0.000071 0.00012 0 -0.000064 0.998413 -0.056312 0.04828 -0.000124 0.056312 0.998413 0 0 0 0 1 1 0.000017 0.000127 0 -0.000009 0.998404 -0.056475 0.04828 -0.000128 0.056475 0.998404 0 0 0 0 1 1 -0.000051 0.000137 0 0.000058 0.998393 -0.056661 0.04828 -0.000134 0.056661 0.998393 0 0 0 0 1 1 -0.000165 0.000152 0 0.000174 0.998381 -0.056871 0.04828 -0.000142 0.056871 0.998381 0 0 0 0 1 1 -0.000314 0.000183 0 0.000324 0.998369 -0.057093 0.04828 -0.000165 0.057093 0.998369 0 0 0 0 1 1 -0.000501 0.000261 0 0.000516 0.998355 -0.057329 0.04828 -0.000232 0.057329 0.998355 0 0 0 0 1 1 -0.000703 0.000359 0 0.000723 0.998343 -0.057544 0.04828 -0.000318 0.057544 0.998343 0 0 0 0 1 1 -0.000901 0.000443 0 0.000925 0.998333 -0.057704 0.04828 -0.00039 0.057704 0.998334 0 0 0 0 1 0.999999 -0.001077 0.000486 0 0.001103 0.998327 -0.057801 0.04828 -0.000423 0.057801 0.998328 0 0 0 0 1 0.999999 -0.001205 0.000488 0 0.001231 0.998328 -0.057796 0.04828 -0.000417 0.057796 0.998328 0 0 0 0 1 0.999999 -0.001293 0.000405 0 0.001314 0.99833 -0.057748 0.04828 -0.00033 0.057749 0.998331 0 0 0 0 1 0.999999 -0.001327 0.000221 0 0.001337 0.998334 -0.057683 0.04828 -0.000144 0.057684 0.998335 0 0 0 0 1 0.999999 -0.001335 -0.000003 0 0.001333 0.998338 -0.057608 0.04828 0.00008 0.057608 0.998339 0 0 0 0 1 0.999999 -0.001332 -0.000222 0 0.001317 0.998343 -0.057531 0.04828 0.000298 0.057531 0.998344 0 0 0 0 1 0.999999 -0.00133 -0.000429 0 0.001303 0.998346 -0.057472 0.04828 0.000504 0.057472 0.998347 0 0 0 0 1 0.999999 -0.001326 -0.000596 0 0.001289 0.998348 -0.057439 0.04828 0.000672 0.057439 0.998349 0 0 0 0 1 0.999999 -0.001312 -0.000742 0 0.001267 0.998349 -0.057419 0.04828 0.000816 0.057418 0.99835 0 0 0 0 1 0.999999 -0.001293 -0.000872 0 0.001241 0.99835 -0.057406 0.04828 0.000945 0.057405 0.998351 0 0 0 0 1 0.999999 -0.001269 -0.000987 0 0.00121 0.998351 -0.057399 0.04828 0.001058 0.057398 0.998351 0 0 0 0 1 0.999999 -0.001231 -0.001089 0 0.001167 0.998351 -0.057401 0.04828 0.001157 0.0574 0.998351 0 0 0 0 1 0.999999 -0.001159 -0.001178 0 0.00109 0.998349 -0.05743 0.04828 0.001243 0.057429 0.998349 0 0 0 0 1 0.999999 -0.001064 -0.001265 0 0.000989 0.998343 -0.057533 0.04828 0.001324 0.057532 0.998343 0 0 0 0 1 0.999999 -0.000953 -0.00133 0 0.000874 0.998335 -0.057674 0.04828 0.001383 0.057673 0.998335 0 0 0 0 1 0.999999 -0.00083 -0.001346 0 0.000751 0.998325 -0.057848 0.04828 0.001392 0.057847 0.998324 0 0 0 0 1 0.999999 -0.000707 -0.001336 0 0.000628 0.998314 -0.058038 0.04828 0.001375 0.058037 0.998313 0 0 0 0 1 0.999999 -0.000596 -0.001304 0 0.000519 0.998303 -0.058227 0.04828 0.001337 0.058226 0.998303 0 0 0 0 1 0.999999 -0.000502 -0.001227 0 0.000429 0.998293 -0.058408 0.04828 0.001255 0.058407 0.998292 0 0 0 0 1 0.999999 -0.000437 -0.001123 0 0.000371 0.998283 -0.058568 0.04828 0.001147 0.058568 0.998283 0 0 0 0 1 0.999999 -0.000413 -0.001006 0 0.000354 0.998275 -0.058708 0.04828 0.001029 0.058707 0.998275 0 0 0 0 1 1 -0.000408 -0.000889 0 0.000355 0.998268 -0.058824 0.04828 0.000911 0.058824 0.998268 0 0 0 0 1 1 -0.000414 -0.00078 0 0.000367 0.998265 -0.058883 0.04828 0.000803 0.058882 0.998265 0 0 0 0 1 1 -0.000436 -0.0007 0 0.000394 0.998263 -0.058916 0.04828 0.000724 0.058916 0.998263 0 0 0 0 1 1 -0.000498 -0.000637 0 0.000459 0.998261 -0.05894 0.04828 0.000665 0.05894 0.998261 0 0 0 0 1 1 -0.000581 -0.00058 0 0.000546 0.99826 -0.058963 0.04828 0.000614 0.058962 0.99826 0 0 0 0 1 1 -0.000653 -0.000526 0 0.00062 0.998258 -0.058988 0.04828 0.000564 0.058988 0.998259 0 0 0 0 1 1 -0.000691 -0.00047 0 0.000662 0.998256 -0.059032 0.04828 0.00051 0.059032 0.998256 0 0 0 0 1 1 -0.00071 -0.000405 0 0.000685 0.99825 -0.059126 0.04828 0.000446 0.059126 0.99825 0 0 0 0 1 1 -0.0007 -0.000317 0 0.00068 0.998241 -0.059279 0.04828 0.000358 0.059278 0.998241 0 0 0 0 1 1 -0.000621 -0.00021 0 0.000607 0.99823 -0.059466 0.04828 0.000247 0.059466 0.99823 0 0 0 0 1 1 -0.000496 -0.000077 0 0.000491 0.998218 -0.059675 0.04828 0.000107 0.059675 0.998218 0 0 0 0 1 1 -0.000347 0.000063 0 0.000351 0.998205 -0.059896 0.04828 -0.000042 0.059896 0.998205 0 0 0 0 1 1 -0.000186 0.000203 0 0.000198 0.998192 -0.060109 0.04828 -0.000192 0.060109 0.998192 0 0 0 0 1 1 -0.00004 0.000326 0 0.000059 0.998178 -0.060331 0.04828 -0.000323 0.060331 0.998178 0 0 0 0 1 1 0.000019 0.000413 0 0.000005 0.998164 -0.06057 0.04828 -0.000413 0.06057 0.998164 0 0 0 0 1 1 0.000032 0.000437 0 -0.000006 0.998148 -0.060827 0.04828 -0.000438 0.060827 0.998148 0 0 0 0 1 1 0.000032 0.000432 0 -0.000006 0.998131 -0.061113 0.04828 -0.000433 0.061113 0.998131 0 0 0 0 1 1 0.000033 0.000398 0 -0.000008 0.998113 -0.061398 0.04828 -0.0004 0.061398 0.998113 0 0 0 0 1 1 0.000031 0.00031 0 -0.000012 0.998097 -0.061664 0.04828 -0.000311 0.061664 0.998097 0 0 0 0 1 1 0.000028 0.000191 0 -0.000016 0.998083 -0.06189 0.04828 -0.000193 0.06189 0.998083 0 0 0 0 1 1 0.000024 0.000047 0 -0.000021 0.998073 -0.062054 0.04828 -0.000049 0.062054 0.998073 0 0 0 0 1 1 0.000019 -0.000105 0 -0.000025 0.998067 -0.062149 0.04828 0.000104 0.062149 0.998067 0 0 0 0 1 1 0.000013 -0.000253 0 -0.000029 0.998067 -0.062153 0.04828 0.000252 0.062153 0.998067 0 0 0 0 1 1 0.000007 -0.000387 0 -0.000031 0.998071 -0.062078 0.04828 0.000386 0.062078 0.998071 0 0 0 0 1 1 0.000001 -0.000494 0 -0.000032 0.99808 -0.061929 0.04828 0.000493 0.061929 0.99808 0 0 0 0 1 1 -0.000005 -0.000537 0 -0.000027 0.998094 -0.061711 0.04828 0.000536 0.061711 0.998094 0 0 0 0 1 1 -0.000012 -0.000546 0 -0.000021 0.998112 -0.061426 0.04828 0.000545 0.061426 0.998111 0 0 0 0 1 1 -0.000019 -0.000545 0 -0.000014 0.998132 -0.061091 0.04828 0.000545 0.061091 0.998132 0 0 0 0 1 1 -0.000025 -0.000545 0 -0.000007 0.998155 -0.060718 0.04828 0.000545 0.060718 0.998155 0 0 0 0 1 1 -0.000031 -0.000542 0 -0.000001 0.998179 -0.060322 0.04828 0.000543 0.060322 0.998179 0 0 0 0 1 1 -0.000035 -0.000538 0 0.000003 0.998204 -0.059909 0.04828 0.000539 0.059909 0.998204 0 0 0 0 1 1 -0.00004 -0.000534 0 0.000008 0.998228 -0.059509 0.04828 0.000535 0.059509 0.998228 0 0 0 0 1 1 -0.000042 -0.000528 0 0.000011 0.998249 -0.059152 0.04828 0.00053 0.059152 0.998249 0 0 0 0 1 1 -0.000039 -0.000522 0 0.000008 0.998268 -0.058834 0.04828 0.000524 0.058834 0.998268 0 0 0 0 1 1 -0.000023 -0.000515 0 -0.000006 0.998283 -0.058568 0.04828 0.000515 0.058568 0.998283 0 0 0 0 1 1 0.000017 -0.000505 0 -0.000046 0.998297 -0.058337 0.04828 0.000503 0.058337 0.998297 0 0 0 0 1 1 0.000111 -0.000491 0 -0.000139 0.998309 -0.058128 0.04828 0.000484 0.058128 0.998309 0 0 0 0 1 1 0.000224 -0.000468 0 -0.000251 0.99832 -0.05794 0.04828 0.000454 0.05794 0.99832 0 0 0 0 1 1 0.000353 -0.000427 0 -0.000377 0.99833 -0.057762 0.04828 0.000406 0.057762 0.99833 0 0 0 0 1 1 0.000484 -0.000384 0 -0.000505 0.998339 -0.057614 0.04828 0.000355 0.057614 0.998339 0 0 0 0 1 1 0.000607 -0.000337 0 -0.000626 0.998345 -0.057506 0.04828 0.000302 0.057507 0.998345 0 0 0 0 1 1 0.000704 -0.000284 0 -0.000719 0.998346 -0.057479 0.04828 0.000243 0.057479 0.998347 0 0 0 0 1 1 0.000731 -0.000213 0 -0.000742 0.998345 -0.057505 0.04828 0.000171 0.057505 0.998345 0 0 0 0 1 1 0.000725 -0.000145 0 -0.000732 0.998339 -0.05761 0.04828 0.000103 0.057611 0.998339 0 0 0 0 1 1 0.000691 -0.000088 0 -0.000695 0.99833 -0.057758 0.04828 0.000048 0.057758 0.998331 0 0 0 0 1 1 0.000604 -0.000061 0 -0.000606 0.998321 -0.057921 0.04828 0.000026 0.057921 0.998321 0 0 0 0 1 1 0.000497 -0.000055 0 -0.000499 0.998313 -0.058063 0.04828 0.000026 0.058063 0.998313 0 0 0 0 1 1 0.000383 -0.000054 0 -0.000386 0.998306 -0.058185 0.04828 0.000032 0.058185 0.998306 0 0 0 0 1 1 0.000272 -0.000056 0 -0.000275 0.998299 -0.0583 0.04828 0.00004 0.0583 0.998299 0 0 0 0 1 1 0.000175 -0.000061 0 -0.000179 0.998293 -0.058411 0.04828 0.000051 0.058411 0.998293 0 0 0 0 1 1 0.000175 -0.000061 0 -0.000179 0.998293 -0.058411 0.04828 0.000051 0.058411 0.998293 0 0 0 0 1 1 0.000054 -0.000074 0 -0.000058 0.998275 -0.058711 0.04828 0.00007 0.058711 0.998275 0 0 0 0 1 1 0.000054 -0.000094 0 -0.000059 0.998264 -0.0589 0.04828 0.00009 0.0589 0.998264 0 0 0 0 1</float_array>
        <technique_common>
          <accessor source="#Neck1_matrix_Neck1_transform-output-array" count="106" stride="16">
            <param name="TRANSFORM" type="float4x4"/>
          </accessor>
        </technique_common>
      </source>
      <source id="Neck1_matrix_Neck1_transform-interpolations">
        <Name_array id="Neck1_matrix_Neck1_transform-interpolations-array" count="106">LINEAR LINEAR LINEAR LINEAR LINEAR LINEAR LINEAR LINEAR LINEAR LINEAR LINEAR LINEAR LINEAR LINEAR LINEAR LINEAR LINEAR LINEAR LINEAR LINEAR LINEAR LINEAR LINEAR LINEAR LINEAR LINEAR LINEAR LINEAR LINEAR LINEAR LINEAR LINEAR LINEAR LINEAR LINEAR LINEAR LINEAR LINEAR LINEAR LINEAR LINEAR LINEAR LINEAR LINEAR LINEAR LINEAR LINEAR LINEAR LINEAR LINEAR LINEAR LINEAR LINEAR LINEAR LINEAR LINEAR LINEAR LINEAR LINEAR LINEAR LINEAR LINEAR LINEAR LINEAR LINEAR LINEAR LINEAR LINEAR LINEAR LINEAR LINEAR LINEAR LINEAR LINEAR LINEAR LINEAR LINEAR LINEAR LINEAR LINEAR LINEAR LINEAR LINEAR LINEAR LINEAR LINEAR LINEAR LINEAR LINEAR LINEAR LINEAR LINEAR LINEAR LINEAR LINEAR LINEAR LINEAR LINEAR LINEAR LINEAR LINEAR LINEAR LINEAR LINEAR LINEAR LINEAR</Name_array>
        <technique_common>
          <accessor source="#Neck1_matrix_Neck1_transform-interpolations-array" count="106" stride="1">
            <param name="INTERPOLATION" type="Name"/>
          </accessor>
        </technique_common>
      </source>
      <sampler id="Neck1_matrix_Neck1_transform-sampler">
        <input semantic="INPUT" source="#Neck1_matrix_Neck1_transform-input"/>
        <input semantic="OUTPUT" source="#Neck1_matrix_Neck1_transform-output"/>
        <input semantic="INTERPOLATION" source="#Neck1_matrix_Neck1_transform-interpolations"/>
      </sampler>
      <channel source="#Neck1_matrix_Neck1_transform-sampler" target="Neck1/transform"/>
    </animation>
    <animation id="Head_matrix">
      <source id="Head_matrix_Head_transform-input">
        <float_array id="Head_matrix_Head_transform-input-array" count="106">0 0.033333 0.066666 0.1 0.133333 0.166667 0.2 0.233333 0.266667 0.3 0.333333 0.366667 0.4 0.433333 0.466667 0.5 0.533333 0.566667 0.6 0.633333 0.666667 0.7 0.733333 0.766667 0.8 0.833333 0.866667 0.9 0.933333 0.966667 1 1.03333 1.06667 1.1 1.13333 1.16667 1.2 1.23333 1.26667 1.3 1.33333 1.36667 1.4 1.43333 1.46667 1.5 1.53333 1.56667 1.6 1.63333 1.66667 1.7 1.73333 1.76667 1.8 1.83333 1.86667 1.9 1.93333 1.96667 2 2.03333 2.06667 2.1 2.13333 2.16667 2.2 2.23333 2.26667 2.3 2.33333 2.36667 2.4 2.43333 2.46667 2.5 2.53333 2.56667 2.6 2.63333 2.66667 2.7 2.73333 2.76667 2.8 2.83333 2.86667 2.9 2.93333 2.96667 3 3.03333 3.06667 3.1 3.13333 3.16667 3.2 3.23333 3.26667 3.3 3.33333 3.36667 3.4 3.43333 3.46667 3.5</float_array>
        <technique_common>
          <accessor source="#Head_matrix_Head_transform-input-array" count="106" stride="1">
            <param name="TIME" type="float"/>
          </accessor>
        </technique_common>
        <technique profile="MAYA">
          <pre_infinity>CONSTANT</pre_infinity>
          <post_infinity>CONSTANT</post_infinity>
        </technique>
      </source>
      <source id="Head_matrix_Head_transform-output">
        <float_array id="Head_matrix_Head_transform-output-array" count="1696">1 0.000033 0.000026 0 -0.000039 0.965557 0.260192 0.053577 -0.000016 -0.260192 0.965557 0 0 0 0 1 1 0.000028 0.000025 0 -0.000034 0.965475 0.260496 0.053577 -0.000017 -0.260496 0.965475 0 0 0 0 1 1 0.000021 0.000024 0 -0.000027 0.965388 0.260819 0.053577 -0.000018 -0.260819 0.965388 0 0 0 0 1 1 0.000014 0.000024 0 -0.00002 0.965283 0.261205 0.053577 -0.000019 -0.261205 0.965283 0 0 0 0 1 1 0.000007 0.000026 0 -0.000014 0.965178 0.261595 0.053577 -0.000023 -0.261595 0.965178 0 0 0 0 1 1 0.000002 0.000032 0 -0.00001 0.965084 0.26194 0.053577 -0.00003 -0.26194 0.965084 0 0 0 0 1 1 0.000000 0.000037 0 -0.000009 0.965 0.26225 0.053577 -0.000036 -0.26225 0.965 0 0 0 0 1 1 0.000005 0.000042 0 -0.000015 0.964929 0.262512 0.053577 -0.000039 -0.262512 0.964929 0 0 0 0 1 1 0.000033 0.000046 0 -0.000044 0.964866 0.262743 0.053577 -0.000036 -0.262743 0.964866 0 0 0 0 1 1 0.000125 0.000051 0 -0.000134 0.964808 0.262954 0.053577 -0.000016 -0.262954 0.964808 0 0 0 0 1 1 0.000239 0.000056 0 -0.000245 0.964756 0.263146 0.053577 0.000008 -0.263146 0.964756 0 0 0 0 1 1 0.000368 0.000062 0 -0.000371 0.964705 0.263332 0.053577 0.000037 -0.263332 0.964705 0 0 0 0 1 1 0.000499 0.000067 0 -0.000499 0.964662 0.26349 0.053577 0.000066 -0.26349 0.964662 0 0 0 0 1 1 0.000623 0.000073 0 -0.00062 0.964629 0.26361 0.053577 0.000093 -0.26361 0.964629 0 0 0 0 1 1 0.00072 0.000078 0 -0.000715 0.964611 0.263675 0.053577 0.000114 -0.263675 0.964612 0 0 0 0 1 1 0.000748 0.000082 0 -0.000743 0.96462 0.263645 0.053577 0.000117 -0.263644 0.96462 0 0 0 0 1 1 0.000744 0.000087 0 -0.000741 0.964641 0.263568 0.053577 0.000112 -0.263568 0.964641 0 0 0 0 1 1 0.000711 0.000091 0 -0.00071 0.964674 0.263447 0.053577 0.000099 -0.263447 0.964674 0 0 0 0 1 1 0.000624 0.000094 0 -0.000627 0.964711 0.263312 0.053577 0.000073 -0.263312 0.964711 0 0 0 0 1 1 0.000517 0.000098 0 -0.000525 0.964742 0.263198 0.053577 0.000041 -0.263198 0.964742 0 0 0 0 1 1 0.000402 0.000101 0 -0.000415 0.96477 0.263096 0.053577 0.000007 -0.263096 0.96477 0 0 0 0 1 1 0.000293 0.000105 0 -0.00031 0.964791 0.263016 0.053577 -0.000024 -0.263016 0.964791 0 0 0 0 1 1 0.000195 0.00011 0 -0.000218 0.964814 0.262934 0.053577 -0.000054 -0.262934 0.964814 0 0 0 0 1 1 0.000127 0.000115 0 -0.000153 0.964843 0.262825 0.053577 -0.000078 -0.262825 0.964843 0 0 0 0 1 1 0.000072 0.000122 0 -0.000102 0.964879 0.262694 0.053577 -0.000098 -0.262694 0.964879 0 0 0 0 1 1 0.000017 0.00013 0 -0.000051 0.964922 0.262536 0.053577 -0.00012 -0.262536 0.964922 0 0 0 0 1 1 -0.00005 0.00014 0 0.000012 0.964971 0.262357 0.053577 -0.000148 -0.262357 0.964971 0 0 0 0 1 1 -0.000165 0.000155 0 0.000118 0.965026 0.262154 0.053577 -0.000193 -0.262154 0.965026 0 0 0 0 1 1 -0.000312 0.000188 0 0.000252 0.965084 0.26194 0.053577 -0.000263 -0.26194 0.965084 0 0 0 0 1 1 -0.000498 0.000269 0 0.00041 0.965146 0.261711 0.053577 -0.00039 -0.261711 0.965146 0 0 0 0 1 1 -0.000696 0.00037 0 0.000575 0.965202 0.261504 0.053577 -0.00054 -0.261503 0.965202 0 0 0 0 1 1 -0.000892 0.000457 0 0.000742 0.965244 0.261349 0.053577 -0.000675 -0.261348 0.965244 0 0 0 0 1 0.999999 -0.001068 0.000504 0 0.000899 0.965269 0.261255 0.053577 -0.000765 -0.261254 0.96527 0 0 0 0 1 0.999999 -0.001196 0.000508 0 0.001021 0.965268 0.26126 0.053577 -0.000803 -0.261259 0.965268 0 0 0 0 1 0.999999 -0.001286 0.000427 0 0.001129 0.965255 0.261306 0.053577 -0.000748 -0.261305 0.965256 0 0 0 0 1 0.999999 -0.001319 0.000243 0 0.00121 0.965238 0.261369 0.053577 -0.000579 -0.261368 0.965239 0 0 0 0 1 0.999999 -0.001326 0.000018 0 0.001275 0.965218 0.261442 0.053577 -0.000364 -0.261441 0.965219 0 0 0 0 1 0.999999 -0.001322 -0.0002 0 0.001328 0.965198 0.261516 0.053577 -0.000152 -0.261516 0.965199 0 0 0 0 1 0.999999 -0.001311 -0.000406 0 0.001372 0.965183 0.261573 0.053577 0.000049 -0.261573 0.965184 0 0 0 0 1 0.999999 -0.001298 -0.000574 0 0.001403 0.965174 0.261605 0.053577 0.000214 -0.261605 0.965175 0 0 0 0 1 0.999999 -0.001283 -0.000719 0 0.001427 0.965169 0.261624 0.053577 0.000358 -0.261625 0.96517 0 0 0 0 1 0.999999 -0.001267 -0.00085 0 0.001445 0.965165 0.261637 0.053577 0.000489 -0.261637 0.965166 0 0 0 0 1 0.999999 -0.001247 -0.000965 0 0.001457 0.965164 0.261643 0.053577 0.000605 -0.261645 0.965164 0 0 0 0 1 0.999999 -0.001223 -0.001067 0 0.001459 0.965164 0.261642 0.053577 0.00071 -0.261643 0.965164 0 0 0 0 1 0.999999 -0.001179 -0.001159 0 0.001441 0.965172 0.261613 0.053577 0.00081 -0.261614 0.965172 0 0 0 0 1 0.999999 -0.001085 -0.001247 0 0.001373 0.965199 0.261514 0.053577 0.00092 -0.261515 0.965199 0 0 0 0 1 0.999999 -0.000975 -0.001314 0 0.001285 0.965236 0.261377 0.053577 0.001014 -0.261378 0.965236 0 0 0 0 1 0.999999 -0.000852 -0.001332 0 0.001171 0.965282 0.261209 0.053577 0.001063 -0.26121 0.965281 0 0 0 0 1 0.999999 -0.000729 -0.001325 0 0.00105 0.965331 0.261025 0.053577 0.001088 -0.261027 0.965331 0 0 0 0 1 0.999999 -0.000617 -0.001294 0 0.000933 0.965381 0.260843 0.053577 0.001089 -0.260844 0.96538 0 0 0 0 1 0.999999 -0.000521 -0.001219 0 0.000821 0.965428 0.260668 0.053577 0.001041 -0.260669 0.965428 0 0 0 0 1 0.999999 -0.000455 -0.001116 0 0.00073 0.96547 0.260513 0.053577 0.000959 -0.260513 0.96547 0 0 0 0 1 0.999999 -0.000429 -0.001 0 0.000675 0.965507 0.260378 0.053577 0.000853 -0.260378 0.965506 0 0 0 0 1 1 -0.000422 -0.000882 0 0.000637 0.965537 0.260266 0.053577 0.000742 -0.260266 0.965537 0 0 0 0 1 1 -0.000426 -0.000774 0 0.000612 0.965552 0.260209 0.053577 0.000636 -0.260209 0.965552 0 0 0 0 1 1 -0.000446 -0.000693 0 0.000611 0.965561 0.260176 0.053577 0.000553 -0.260177 0.965561 0 0 0 0 1 1 -0.000506 -0.000629 0 0.000653 0.965567 0.260153 0.053577 0.000475 -0.260153 0.965567 0 0 0 0 1 1 -0.000588 -0.000571 0 0.000717 0.965573 0.260132 0.053577 0.000398 -0.260132 0.965573 0 0 0 0 1 1 -0.000659 -0.000516 0 0.00077 0.96558 0.260107 0.053577 0.000327 -0.260107 0.96558 0 0 0 0 1 1 -0.000696 -0.000459 0 0.000792 0.965591 0.260064 0.053577 0.000262 -0.260065 0.965591 0 0 0 0 1 1 -0.000714 -0.000393 0 0.000792 0.965615 0.259973 0.053577 0.000194 -0.259974 0.965616 0 0 0 0 1 1 -0.000702 -0.000306 0 0.000757 0.965655 0.259826 0.053577 0.000113 -0.259826 0.965655 0 0 0 0 1 1 -0.000621 -0.0002 0 0.000652 0.965704 0.259645 0.053577 0.000032 -0.259645 0.965704 0 0 0 0 1 1 -0.000494 -0.00007 0 0.000495 0.965758 0.259443 0.053577 -0.00006 -0.259443 0.965759 0 0 0 0 1 1 -0.000342 0.000068 0 0.000313 0.965816 0.259229 0.053577 -0.000154 -0.259229 0.965816 0 0 0 0 1 1 -0.000179 0.000206 0 0.000119 0.965871 0.259022 0.053577 -0.000245 -0.259022 0.965871 0 0 0 0 1 1 -0.00003 0.000326 0 -0.000055 0.965929 0.258808 0.053577 -0.000322 -0.258808 0.965929 0 0 0 0 1 1 0.000025 0.00041 0 -0.00013 0.965991 0.258576 0.053577 -0.00039 -0.258576 0.965991 0 0 0 0 1 1 0.000045 0.000435 0 -0.000156 0.966057 0.258328 0.053577 -0.000408 -0.258328 0.966057 0 0 0 0 1 1 0.000053 0.00043 0 -0.000162 0.966131 0.258051 0.053577 -0.000401 -0.258051 0.966131 0 0 0 0 1 1 0.00005 0.000396 0 -0.00015 0.966205 0.257775 0.053577 -0.00037 -0.257775 0.966205 0 0 0 0 1 1 0.000049 0.000308 0 -0.000127 0.966273 0.257518 0.053577 -0.000285 -0.257518 0.966273 0 0 0 0 1 1 0.000048 0.00019 0 -0.000095 0.966332 0.257299 0.053577 -0.000171 -0.257299 0.966332 0 0 0 0 1 1 0.000045 0.000047 0 -0.000056 0.966374 0.25714 0.053577 -0.000033 -0.25714 0.966374 0 0 0 0 1 1 0.000042 -0.000105 0 -0.000013 0.966399 0.257048 0.053577 0.000113 -0.257048 0.966399 0 0 0 0 1 1 0.000037 -0.000253 0 0.000028 0.9664 0.257044 0.053577 0.000254 -0.257044 0.9664 0 0 0 0 1 1 0.000033 -0.000387 0 0.000067 0.96638 0.257116 0.053577 0.000382 -0.257116 0.96638 0 0 0 0 1 1 0.000028 -0.000494 0 0.000099 0.966342 0.257261 0.053577 0.000484 -0.257261 0.966342 0 0 0 0 1 1 0.000023 -0.000527 0 0.000113 0.966286 0.257472 0.053577 0.000515 -0.257472 0.966286 0 0 0 0 1 1 0.000017 -0.000533 0 0.00012 0.966212 0.257748 0.053577 0.00052 -0.257748 0.966212 0 0 0 0 1 1 0.000011 -0.000531 0 0.000125 0.966126 0.258073 0.053577 0.000516 -0.258073 0.966125 0 0 0 0 1 1 0.000005 -0.000526 0 0.00013 0.966029 0.258433 0.053577 0.000509 -0.258433 0.966029 0 0 0 0 1 1 -0.000000 -0.000518 0 0.000134 0.965926 0.258817 0.053577 0.0005 -0.258817 0.965926 0 0 0 0 1 1 -0.000006 -0.000509 0 0.000138 0.965819 0.259216 0.053577 0.00049 -0.259216 0.965819 0 0 0 0 1 1 -0.000012 -0.000499 0 0.000141 0.965715 0.259603 0.053577 0.000479 -0.259603 0.965715 0 0 0 0 1 1 -0.000017 -0.000489 0 0.000144 0.965622 0.259949 0.053577 0.000468 -0.259949 0.965622 0 0 0 0 1 1 -0.000022 -0.000478 0 0.000146 0.96554 0.260256 0.053577 0.000456 -0.260256 0.96554 0 0 0 0 1 1 -0.000026 -0.000467 0 0.000147 0.96547 0.260513 0.053577 0.000444 -0.260513 0.96547 0 0 0 0 1 1 0.000014 -0.000454 0 0.000105 0.96541 0.260737 0.053577 0.000442 -0.260737 0.96541 0 0 0 0 1 1 0.000107 -0.000441 0 0.000011 0.965355 0.260939 0.053577 0.000454 -0.260939 0.965355 0 0 0 0 1 1 0.00022 -0.000425 0 -0.000101 0.965306 0.26112 0.053577 0.000468 -0.26112 0.965306 0 0 0 0 1 1 0.000349 -0.000406 0 -0.000231 0.96526 0.261292 0.053577 0.000483 -0.261292 0.96526 0 0 0 0 1 1 0.000481 -0.000379 0 -0.000365 0.965221 0.261436 0.053577 0.000492 -0.261435 0.965221 0 0 0 0 1 1 0.000605 -0.000337 0 -0.000496 0.965193 0.26154 0.053577 0.000484 -0.26154 0.965193 0 0 0 0 1 1 0.000703 -0.000278 0 -0.000605 0.965185 0.261566 0.053577 0.000452 -0.261566 0.965186 0 0 0 0 1 1 0.000731 -0.000214 0 -0.000649 0.965192 0.261541 0.053577 0.000398 -0.261541 0.965192 0 0 0 0 1 1 0.000726 -0.000154 0 -0.00066 0.96522 0.261439 0.053577 0.000339 -0.261439 0.96522 0 0 0 0 1 1 0.000693 -0.000105 0 -0.000642 0.965258 0.261296 0.053577 0.000283 -0.261296 0.965259 0 0 0 0 1 1 0.000606 -0.000067 0 -0.000568 0.965301 0.261139 0.053577 0.000223 -0.261139 0.965301 0 0 0 0 1 1 0.0005 -0.00005 0 -0.000469 0.965338 0.261002 0.053577 0.000179 -0.261002 0.965338 0 0 0 0 1 1 0.000386 -0.000046 0 -0.000361 0.96537 0.260883 0.053577 0.000146 -0.260883 0.96537 0 0 0 0 1 1 0.000275 -0.000047 0 -0.000254 0.9654 0.260772 0.053577 0.000117 -0.260772 0.9654 0 0 0 0 1 1 0.000178 -0.00005 0 -0.000159 0.965429 0.260665 0.053577 0.000095 -0.260665 0.965429 0 0 0 0 1 1 0.000178 -0.00005 0 -0.000159 0.965429 0.260665 0.053577 0.000095 -0.260665 0.965429 0 0 0 0 1 1 0.000055 -0.000059 0 -0.000037 0.965508 0.260375 0.053577 0.000071 -0.260375 0.965508 0 0 0 0 1 1 0.000055 -0.000072 0 -0.000034 0.965557 0.260192 0.053577 0.000083 -0.260192 0.965557 0 0 0 0 1</float_array>
        <technique_common>
          <accessor source="#Head_matrix_Head_transform-output-array" count="106" stride="16">
            <param name="TRANSFORM" type="float4x4"/>
          </accessor>
        </technique_common>
      </source>
      <source id="Head_matrix_Head_transform-interpolations">
        <Name_array id="Head_matrix_Head_transform-interpolations-array" count="106">LINEAR LINEAR LINEAR LINEAR LINEAR LINEAR LINEAR LINEAR LINEAR LINEAR LINEAR LINEAR LINEAR LINEAR LINEAR LINEAR LINEAR LINEAR LINEAR LINEAR LINEAR LINEAR LINEAR LINEAR LINEAR LINEAR LINEAR LINEAR LINEAR LINEAR LINEAR LINEAR LINEAR LINEAR LINEAR LINEAR LINEAR LINEAR LINEAR LINEAR LINEAR LINEAR LINEAR LINEAR LINEAR LINEAR LINEAR LINEAR LINEAR LINEAR LINEAR LINEAR LINEAR LINEAR LINEAR LINEAR LINEAR LINEAR LINEAR LINEAR LINEAR LINEAR LINEAR LINEAR LINEAR LINEAR LINEAR LINEAR LINEAR LINEAR LINEAR LINEAR LINEAR LINEAR LINEAR LINEAR LINEAR LINEAR LINEAR LINEAR LINEAR LINEAR LINEAR LINEAR LINEAR LINEAR LINEAR LINEAR LINEAR LINEAR LINEAR LINEAR LINEAR LINEAR LINEAR LINEAR LINEAR LINEAR LINEAR LINEAR LINEAR LINEAR LINEAR LINEAR LINEAR LINEAR</Name_array>
        <technique_common>
          <accessor source="#Head_matrix_Head_transform-interpolations-array" count="106" stride="1">
            <param name="INTERPOLATION" type="Name"/>
          </accessor>
        </technique_common>
      </source>
      <sampler id="Head_matrix_Head_transform-sampler">
        <input semantic="INPUT" source="#Head_matrix_Head_transform-input"/>
        <input semantic="OUTPUT" source="#Head_matrix_Head_transform-output"/>
        <input semantic="INTERPOLATION" source="#Head_matrix_Head_transform-interpolations"/>
      </sampler>
      <channel source="#Head_matrix_Head_transform-sampler" target="Head/transform"/>
    </animation>
    <animation id="LeftShoulder_matrix">
      <source id="LeftShoulder_matrix_LeftShoulder_transform-input">
        <float_array id="LeftShoulder_matrix_LeftShoulder_transform-input-array" count="106">0 0.033333 0.066666 0.1 0.133333 0.166667 0.2 0.233333 0.266667 0.3 0.333333 0.366667 0.4 0.433333 0.466667 0.5 0.533333 0.566667 0.6 0.633333 0.666667 0.7 0.733333 0.766667 0.8 0.833333 0.866667 0.9 0.933333 0.966667 1 1.03333 1.06667 1.1 1.13333 1.16667 1.2 1.23333 1.26667 1.3 1.33333 1.36667 1.4 1.43333 1.46667 1.5 1.53333 1.56667 1.6 1.63333 1.66667 1.7 1.73333 1.76667 1.8 1.83333 1.86667 1.9 1.93333 1.96667 2 2.03333 2.06667 2.1 2.13333 2.16667 2.2 2.23333 2.26667 2.3 2.33333 2.36667 2.4 2.43333 2.46667 2.5 2.53333 2.56667 2.6 2.63333 2.66667 2.7 2.73333 2.76667 2.8 2.83333 2.86667 2.9 2.93333 2.96667 3 3.03333 3.06667 3.1 3.13333 3.16667 3.2 3.23333 3.26667 3.3 3.33333 3.36667 3.4 3.43333 3.46667 3.5</float_array>
        <technique_common>
          <accessor source="#LeftShoulder_matrix_LeftShoulder_transform-input-array" count="106" stride="1">
            <param name="TIME" type="float"/>
          </accessor>
        </technique_common>
        <technique profile="MAYA">
          <pre_infinity>CONSTANT</pre_infinity>
          <post_infinity>CONSTANT</post_infinity>
        </technique>
      </source>
      <source id="LeftShoulder_matrix_LeftShoulder_transform-output">
        <float_array id="LeftShoulder_matrix_LeftShoulder_transform-output-array" count="1696">-0.480023 0.876428 0.038105 0.017011 0.046627 0.068864 -0.996536 0.181867 -0.876016 -0.476583 -0.073922 0.084759 0 0 0 1 -0.480019 0.87643 0.03811 0.017011 0.046628 0.068871 -0.996535 0.181867 -0.876018 -0.476579 -0.073925 0.084759 0 0 0 1 -0.480013 0.876433 0.038117 0.017011 0.046628 0.068879 -0.996535 0.181867 -0.876021 -0.476573 -0.07393 0.084759 0 0 0 1 -0.480008 0.876435 0.038124 0.017011 0.046629 0.068887 -0.996534 0.181867 -0.876024 -0.476566 -0.073934 0.084759 0 0 0 1 -0.480003 0.876438 0.038128 0.017011 0.04663 0.068892 -0.996534 0.181867 -0.876027 -0.476561 -0.073937 0.084759 0 0 0 1 -0.479999 0.87644 0.038126 0.017011 0.046631 0.068889 -0.996534 0.181867 -0.876029 -0.476557 -0.073936 0.084759 0 0 0 1 -0.479997 0.876442 0.038103 0.017011 0.046632 0.068863 -0.996536 0.181867 -0.87603 -0.476557 -0.073924 0.084759 0 0 0 1 -0.480001 0.876444 0.03802 0.017011 0.046633 0.068769 -0.996542 0.181867 -0.876028 -0.476568 -0.07388 0.084759 0 0 0 1 -0.480023 0.876437 0.037901 0.017011 0.046632 0.068635 -0.996551 0.181867 -0.876016 -0.4766 -0.073817 0.084759 0 0 0 1 -0.480093 0.876406 0.03773 0.017011 0.046628 0.068446 -0.996565 0.181867 -0.875977 -0.476685 -0.073726 0.084759 0 0 0 1 -0.480184 0.876365 0.037532 0.017011 0.046619 0.068225 -0.99658 0.181867 -0.875928 -0.476792 -0.073616 0.084759 0 0 0 1 -0.480285 0.876318 0.037315 0.017011 0.046604 0.067979 -0.996598 0.181867 -0.875874 -0.476912 -0.073489 0.084759 0 0 0 1 -0.480382 0.876274 0.037104 0.017011 0.046586 0.067739 -0.996615 0.181867 -0.875821 -0.477027 -0.073362 0.084759 0 0 0 1 -0.480462 0.876238 0.036921 0.017011 0.046567 0.067528 -0.99663 0.181867 -0.875779 -0.477123 -0.073249 0.084759 0 0 0 1 -0.480491 0.876228 0.036784 0.017011 0.046551 0.067367 -0.996642 0.181867 -0.875763 -0.477165 -0.073159 0.084759 0 0 0 1 -0.480499 0.876224 0.03676 0.017011 0.046536 0.067331 -0.996645 0.181867 -0.87576 -0.477176 -0.073129 0.084759 0 0 0 1 -0.480501 0.876222 0.036784 0.017011 0.046522 0.067351 -0.996644 0.181867 -0.875759 -0.477177 -0.073126 0.084759 0 0 0 1 -0.480505 0.876218 0.036828 0.017011 0.046509 0.067395 -0.996642 0.181867 -0.875758 -0.477179 -0.073135 0.084759 0 0 0 1 -0.48053 0.876203 0.03688 0.017011 0.046499 0.067451 -0.996638 0.181867 -0.875745 -0.477199 -0.073155 0.084759 0 0 0 1 -0.480611 0.876156 0.036932 0.017011 0.046499 0.067517 -0.996634 0.181867 -0.8757 -0.477276 -0.07319 0.084759 0 0 0 1 -0.480702 0.876103 0.036992 0.017011 0.046506 0.067598 -0.996628 0.181867 -0.87565 -0.477361 -0.073239 0.084759 0 0 0 1 -0.48078 0.876058 0.037052 0.017011 0.046518 0.067681 -0.996622 0.181867 -0.875606 -0.477433 -0.073293 0.084759 0 0 0 1 -0.480818 0.876034 0.037116 0.017011 0.046534 0.067766 -0.996615 0.181867 -0.875585 -0.477464 -0.073349 0.084759 0 0 0 1 -0.480765 0.87606 0.03719 0.017011 0.046555 0.067856 -0.996608 0.181867 -0.875613 -0.477403 -0.073408 0.084759 0 0 0 1 -0.480665 0.876111 0.037285 0.017011 0.046578 0.067967 -0.9966 0.181867 -0.875666 -0.477294 -0.073477 0.084759 0 0 0 1 -0.480538 0.876176 0.037409 0.017011 0.046604 0.06811 -0.996589 0.181867 -0.875735 -0.477155 -0.073563 0.084759 0 0 0 1 -0.480405 0.876242 0.037564 0.017011 0.04663 0.068288 -0.996575 0.181867 -0.875806 -0.477008 -0.073666 0.084759 0 0 0 1 -0.480292 0.876295 0.037761 0.017011 0.046657 0.068516 -0.996558 0.181867 -0.875867 -0.476877 -0.073793 0.084759 0 0 0 1 -0.480201 0.876336 0.037975 0.017011 0.046685 0.068766 -0.99654 0.181867 -0.875915 -0.476767 -0.073933 0.084759 0 0 0 1 -0.480142 0.87636 0.03818 0.017011 0.046719 0.069012 -0.996521 0.181867 -0.875946 -0.476688 -0.074078 0.084759 0 0 0 1 -0.48013 0.876358 0.038365 0.017011 0.046772 0.06925 -0.996502 0.181867 -0.87595 -0.476656 -0.074238 0.084759 0 0 0 1 -0.480142 0.876344 0.038532 0.017011 0.046823 0.069469 -0.996485 0.181867 -0.87594 -0.47665 -0.074388 0.084759 0 0 0 1 -0.480178 0.876318 0.038679 0.017011 0.046869 0.069665 -0.996469 0.181867 -0.875918 -0.47667 -0.074524 0.084759 0 0 0 1 -0.480266 0.876264 0.0388 0.017011 0.046901 0.069829 -0.996456 0.181867 -0.875868 -0.476744 -0.074634 0.084759 0 0 0 1 -0.480374 0.8762 0.038908 0.017011 0.046915 0.069968 -0.996445 0.181867 -0.875808 -0.476841 -0.074718 0.084759 0 0 0 1 -0.4805 0.876127 0.039 0.017011 0.04692 0.070088 -0.996437 0.181867 -0.875739 -0.476958 -0.074785 0.084759 0 0 0 1 -0.480599 0.87607 0.039078 0.017011 0.046922 0.070188 -0.99643 0.181867 -0.875684 -0.477049 -0.074839 0.084759 0 0 0 1 -0.480623 0.876053 0.039147 0.017011 0.046925 0.07027 -0.996424 0.181867 -0.875671 -0.477067 -0.074882 0.084759 0 0 0 1 -0.48058 0.876074 0.039203 0.017011 0.04693 0.070333 -0.996419 0.181867 -0.875694 -0.477019 -0.074915 0.084759 0 0 0 1 -0.480446 0.876146 0.039234 0.017011 0.04694 0.070359 -0.996417 0.181867 -0.875767 -0.476883 -0.07493 0.084759 0 0 0 1 -0.480268 0.876243 0.039252 0.017011 0.046951 0.070369 -0.996415 0.181867 -0.875864 -0.476704 -0.074937 0.084759 0 0 0 1 -0.480079 0.876346 0.039264 0.017011 0.046963 0.070371 -0.996415 0.181867 -0.875967 -0.476514 -0.074939 0.084759 0 0 0 1 -0.479901 0.876443 0.039271 0.017011 0.046974 0.070368 -0.996414 0.181867 -0.876064 -0.476335 -0.07494 0.084759 0 0 0 1 -0.47977 0.876515 0.039271 0.017011 0.046982 0.07036 -0.996415 0.181867 -0.876135 -0.476205 -0.074938 0.084759 0 0 0 1 -0.479677 0.876567 0.039252 0.017011 0.046989 0.070333 -0.996416 0.181867 -0.876186 -0.476113 -0.074927 0.084759 0 0 0 1 -0.479633 0.876594 0.039183 0.017011 0.046994 0.070252 -0.996422 0.181867 -0.87621 -0.476075 -0.07489 0.084759 0 0 0 1 -0.479613 0.876609 0.039086 0.017011 0.046998 0.070142 -0.996429 0.181867 -0.876221 -0.476063 -0.07484 0.084759 0 0 0 1 -0.479613 0.876615 0.038955 0.017011 0.047 0.069995 -0.996439 0.181867 -0.87622 -0.476074 -0.074772 0.084759 0 0 0 1 -0.479613 0.876621 0.038817 0.017011 0.047003 0.069839 -0.99645 0.181867 -0.87622 -0.476086 -0.074699 0.084759 0 0 0 1 -0.479613 0.876627 0.038685 0.017011 0.047005 0.069691 -0.99646 0.181867 -0.87622 -0.476097 -0.074631 0.084759 0 0 0 1 -0.479613 0.876631 0.03858 0.017011 0.047008 0.069573 -0.996469 0.181867 -0.87622 -0.476106 -0.074577 0.084759 0 0 0 1 -0.479613 0.876633 0.038547 0.017011 0.047011 0.069537 -0.996471 0.181867 -0.87622 -0.476108 -0.074562 0.084759 0 0 0 1 -0.479613 0.876633 0.038547 0.017011 0.047013 0.069538 -0.996471 0.181867 -0.87622 -0.476108 -0.074565 0.084759 0 0 0 1 -0.479613 0.876632 0.038559 0.017011 0.047016 0.069553 -0.99647 0.181867 -0.87622 -0.476107 -0.074574 0.084759 0 0 0 1 -0.479613 0.876631 0.038592 0.017011 0.047018 0.069592 -0.996467 0.181867 -0.876219 -0.476104 -0.074595 0.084759 0 0 0 1 -0.479613 0.876628 0.038649 0.017011 0.047021 0.069658 -0.996462 0.181867 -0.876219 -0.476099 -0.074629 0.084759 0 0 0 1 -0.479613 0.876626 0.038711 0.017011 0.047023 0.06973 -0.996457 0.181867 -0.876219 -0.476094 -0.074666 0.084759 0 0 0 1 -0.479613 0.876623 0.038761 0.017011 0.047026 0.069789 -0.996453 0.181867 -0.876219 -0.476089 -0.074696 0.084759 0 0 0 1 -0.479613 0.876622 0.038789 0.017011 0.047028 0.069821 -0.99645 0.181867 -0.876219 -0.476087 -0.074713 0.084759 0 0 0 1 -0.479613 0.876621 0.038806 0.017011 0.047031 0.069842 -0.996449 0.181867 -0.876219 -0.476085 -0.074725 0.084759 0 0 0 1 -0.479613 0.876621 0.038818 0.017011 0.047033 0.069856 -0.996448 0.181867 -0.876218 -0.476084 -0.074734 0.084759 0 0 0 1 -0.479613 0.876621 0.038825 0.017011 0.047035 0.069866 -0.996447 0.181867 -0.876218 -0.476083 -0.074741 0.084759 0 0 0 1 -0.479613 0.876621 0.038826 0.017011 0.047037 0.069868 -0.996447 0.181867 -0.876218 -0.476083 -0.074743 0.084759 0 0 0 1 -0.479613 0.876621 0.038808 0.017011 0.047038 0.069848 -0.996448 0.181867 -0.876218 -0.476084 -0.074734 0.084759 0 0 0 1 -0.479613 0.876625 0.03874 0.017011 0.047037 0.069771 -0.996453 0.181867 -0.876219 -0.476089 -0.074697 0.084759 0 0 0 1 -0.47961 0.87663 0.03865 0.017011 0.047037 0.069667 -0.996461 0.181867 -0.87622 -0.476095 -0.074647 0.084759 0 0 0 1 -0.479604 0.876637 0.038557 0.017011 0.047037 0.069561 -0.996468 0.181867 -0.876223 -0.476097 -0.074596 0.084759 0 0 0 1 -0.479591 0.876648 0.038474 0.017011 0.047037 0.069466 -0.996475 0.181867 -0.876231 -0.47609 -0.074551 0.084759 0 0 0 1 -0.479561 0.876666 0.038438 0.017011 0.047038 0.069422 -0.996478 0.181867 -0.876247 -0.476064 -0.074529 0.084759 0 0 0 1 -0.479499 0.8767 0.038436 0.017011 0.047041 0.069415 -0.996478 0.181867 -0.87628 -0.476003 -0.074525 0.084759 0 0 0 1 -0.479461 0.876719 0.038491 0.017011 0.047042 0.069476 -0.996474 0.181867 -0.876302 -0.475959 -0.074554 0.084759 0 0 0 1 -0.479431 0.876731 0.03859 0.017011 0.047043 0.069586 -0.996466 0.181867 -0.876318 -0.475922 -0.074606 0.084759 0 0 0 1 -0.479406 0.876739 0.038706 0.017011 0.047044 0.069716 -0.996457 0.181867 -0.876331 -0.475887 -0.074667 0.084759 0 0 0 1 -0.479386 0.876745 0.038814 0.017011 0.047044 0.069837 -0.996448 0.181867 -0.876342 -0.475858 -0.074725 0.084759 0 0 0 1 -0.479371 0.876752 0.038847 0.017011 0.047045 0.069873 -0.996446 0.181867 -0.87635 -0.47584 -0.074742 0.084759 0 0 0 1 -0.479357 0.876759 0.038853 0.017011 0.047045 0.069878 -0.996446 0.181867 -0.876358 -0.475826 -0.074744 0.084759 0 0 0 1 -0.479346 0.876766 0.038849 0.017011 0.047045 0.069873 -0.996446 0.181867 -0.876364 -0.475814 -0.074741 0.084759 0 0 0 1 -0.479337 0.876771 0.038842 0.017011 0.047045 0.069864 -0.996446 0.181867 -0.876369 -0.475806 -0.074736 0.084759 0 0 0 1 -0.479334 0.876773 0.038833 0.017011 0.047045 0.069853 -0.996447 0.181867 -0.876371 -0.475805 -0.074731 0.084759 0 0 0 1 -0.479333 0.876774 0.038822 0.017011 0.047044 0.06984 -0.996448 0.181867 -0.876371 -0.475804 -0.074724 0.084759 0 0 0 1 -0.479332 0.876775 0.038809 0.017011 0.047044 0.069825 -0.996449 0.181867 -0.876372 -0.475804 -0.074717 0.084759 0 0 0 1 -0.47934 0.876771 0.038792 0.017011 0.047043 0.069807 -0.996451 0.181867 -0.876367 -0.475814 -0.074708 0.084759 0 0 0 1 -0.479355 0.876764 0.03877 0.017011 0.047041 0.069782 -0.996452 0.181867 -0.87636 -0.47583 -0.074695 0.084759 0 0 0 1 -0.479371 0.876757 0.038738 0.017011 0.047036 0.069744 -0.996455 0.181867 -0.876351 -0.47585 -0.074673 0.084759 0 0 0 1 -0.479389 0.876748 0.038713 0.017011 0.047024 0.069711 -0.996458 0.181867 -0.876342 -0.475871 -0.074648 0.084759 0 0 0 1 -0.479408 0.876739 0.038691 0.017011 0.047001 0.069676 -0.996462 0.181867 -0.876332 -0.475894 -0.074611 0.084759 0 0 0 1 -0.47943 0.876728 0.03866 0.017011 0.046973 0.069626 -0.996467 0.181867 -0.876322 -0.47592 -0.074564 0.084759 0 0 0 1 -0.479458 0.876715 0.038596 0.017011 0.046943 0.069541 -0.996474 0.181867 -0.876308 -0.475956 -0.074498 0.084759 0 0 0 1 -0.4795 0.876697 0.038498 0.017011 0.046913 0.069417 -0.996484 0.181867 -0.876287 -0.476008 -0.074414 0.084759 0 0 0 1 -0.479572 0.876664 0.038347 0.017011 0.046882 0.069236 -0.996498 0.181867 -0.876249 -0.476095 -0.074303 0.084759 0 0 0 1 -0.479662 0.876623 0.038165 0.017011 0.046851 0.06902 -0.996514 0.181867 -0.876202 -0.476202 -0.074177 0.084759 0 0 0 1 -0.479764 0.876576 0.037956 0.017011 0.046824 0.068778 -0.996532 0.181867 -0.876148 -0.476323 -0.074042 0.084759 0 0 0 1 -0.479861 0.876532 0.037748 0.017011 0.046806 0.068541 -0.99655 0.181867 -0.876095 -0.476439 -0.073917 0.084759 0 0 0 1 -0.479941 0.876496 0.03756 0.017011 0.046798 0.068331 -0.996564 0.181867 -0.876051 -0.476535 -0.073813 0.084759 0 0 0 1 -0.479967 0.876488 0.037416 0.017011 0.046796 0.068169 -0.996576 0.181867 -0.876038 -0.476572 -0.073735 0.084759 0 0 0 1 -0.479968 0.87649 0.037352 0.017011 0.046796 0.068096 -0.996581 0.181867 -0.876037 -0.476579 -0.0737 0.084759 0 0 0 1 -0.47997 0.876489 0.037365 0.017011 0.046796 0.06811 -0.99658 0.181867 -0.876036 -0.476579 -0.073707 0.084759 0 0 0 1 -0.479978 0.876483 0.037407 0.017011 0.046796 0.068159 -0.996576 0.181867 -0.876032 -0.476584 -0.073731 0.084759 0 0 0 1 -0.480007 0.876464 0.037459 0.017011 0.046796 0.068221 -0.996572 0.181867 -0.876015 -0.476609 -0.073761 0.084759 0 0 0 1 -0.480088 0.876417 0.037521 0.017011 0.046793 0.068297 -0.996567 0.181867 -0.875971 -0.476684 -0.073799 0.084759 0 0 0 1 -0.480177 0.876366 0.037583 0.017011 0.046789 0.068375 -0.996562 0.181867 -0.875923 -0.476768 -0.073837 0.084759 0 0 0 1 -0.480255 0.87632 0.037648 0.017011 0.046787 0.068454 -0.996556 0.181867 -0.87588 -0.47684 -0.073876 0.084759 0 0 0 1 -0.480292 0.876297 0.037717 0.017011 0.046787 0.068537 -0.996551 0.181867 -0.87586 -0.476871 -0.073917 0.084759 0 0 0 1 -0.480292 0.876297 0.037717 0.017011 0.046787 0.068537 -0.996551 0.181867 -0.87586 -0.476871 -0.073917 0.084759 0 0 0 1 -0.480138 0.876374 0.037902 0.017011 0.046799 0.068739 -0.996536 0.181867 -0.875944 -0.476701 -0.074017 0.084759 0 0 0 1 -0.480011 0.876437 0.038036 0.017011 0.046812 0.068886 -0.996526 0.181867 -0.876012 -0.476563 -0.074094 0.084759 0 0 0 1</float_array>
        <technique_common>
          <accessor source="#LeftShoulder_matrix_LeftShoulder_transform-output-array" count="106" stride="16">
            <param name="TRANSFORM" type="float4x4"/>
          </accessor>
        </technique_common>
      </source>
      <source id="LeftShoulder_matrix_LeftShoulder_transform-interpolations">
        <Name_array id="LeftShoulder_matrix_LeftShoulder_transform-interpolations-array" count="106">LINEAR LINEAR LINEAR LINEAR LINEAR LINEAR LINEAR LINEAR LINEAR LINEAR LINEAR LINEAR LINEAR LINEAR LINEAR LINEAR LINEAR LINEAR LINEAR LINEAR LINEAR LINEAR LINEAR LINEAR LINEAR LINEAR LINEAR LINEAR LINEAR LINEAR LINEAR LINEAR LINEAR LINEAR LINEAR LINEAR LINEAR LINEAR LINEAR LINEAR LINEAR LINEAR LINEAR LINEAR LINEAR LINEAR LINEAR LINEAR LINEAR LINEAR LINEAR LINEAR LINEAR LINEAR LINEAR LINEAR LINEAR LINEAR LINEAR LINEAR LINEAR LINEAR LINEAR LINEAR LINEAR LINEAR LINEAR LINEAR LINEAR LINEAR LINEAR LINEAR LINEAR LINEAR LINEAR LINEAR LINEAR LINEAR LINEAR LINEAR LINEAR LINEAR LINEAR LINEAR LINEAR LINEAR LINEAR LINEAR LINEAR LINEAR LINEAR LINEAR LINEAR LINEAR LINEAR LINEAR LINEAR LINEAR LINEAR LINEAR LINEAR LINEAR LINEAR LINEAR LINEAR LINEAR</Name_array>
        <technique_common>
          <accessor source="#LeftShoulder_matrix_LeftShoulder_transform-interpolations-array" count="106" stride="1">
            <param name="INTERPOLATION" type="Name"/>
          </accessor>
        </technique_common>
      </source>
      <sampler id="LeftShoulder_matrix_LeftShoulder_transform-sampler">
        <input semantic="INPUT" source="#LeftShoulder_matrix_LeftShoulder_transform-input"/>
        <input semantic="OUTPUT" source="#LeftShoulder_matrix_LeftShoulder_transform-output"/>
        <input semantic="INTERPOLATION" source="#LeftShoulder_matrix_LeftShoulder_transform-interpolations"/>
      </sampler>
      <channel source="#LeftShoulder_matrix_LeftShoulder_transform-sampler" target="LeftShoulder/transform"/>
    </animation>
    <animation id="LeftArm_matrix">
      <source id="LeftArm_matrix_LeftArm_transform-input">
        <float_array id="LeftArm_matrix_LeftArm_transform-input-array" count="106">0 0.033333 0.066666 0.1 0.133333 0.166667 0.2 0.233333 0.266667 0.3 0.333333 0.366667 0.4 0.433333 0.466667 0.5 0.533333 0.566667 0.6 0.633333 0.666667 0.7 0.733333 0.766667 0.8 0.833333 0.866667 0.9 0.933333 0.966667 1 1.03333 1.06667 1.1 1.13333 1.16667 1.2 1.23333 1.26667 1.3 1.33333 1.36667 1.4 1.43333 1.46667 1.5 1.53333 1.56667 1.6 1.63333 1.66667 1.7 1.73333 1.76667 1.8 1.83333 1.86667 1.9 1.93333 1.96667 2 2.03333 2.06667 2.1 2.13333 2.16667 2.2 2.23333 2.26667 2.3 2.33333 2.36667 2.4 2.43333 2.46667 2.5 2.53333 2.56667 2.6 2.63333 2.66667 2.7 2.73333 2.76667 2.8 2.83333 2.86667 2.9 2.93333 2.96667 3 3.03333 3.06667 3.1 3.13333 3.16667 3.2 3.23333 3.26667 3.3 3.33333 3.36667 3.4 3.43333 3.46667 3.5</float_array>
        <technique_common>
          <accessor source="#LeftArm_matrix_LeftArm_transform-input-array" count="106" stride="1">
            <param name="TIME" type="float"/>
          </accessor>
        </technique_common>
        <technique profile="MAYA">
          <pre_infinity>CONSTANT</pre_infinity>
          <post_infinity>CONSTANT</post_infinity>
        </technique>
      </source>
      <source id="LeftArm_matrix_LeftArm_transform-output">
        <float_array id="LeftArm_matrix_LeftArm_transform-output-array" count="1696">0.732001 -0.005816 0.681279 0 0.676389 0.126095 -0.725671 0.188543 -0.081684 0.992001 0.096235 0 0 0 0 1 0.731768 -0.005784 0.681529 0 0.676634 0.126091 -0.725443 0.188543 -0.081738 0.992002 0.096183 0 0 0 0 1 0.731606 -0.005765 0.681703 0 0.676806 0.126084 -0.725284 0.188543 -0.08177 0.992003 0.096145 0 0 0 0 1 0.731415 -0.005812 0.681908 0 0.677014 0.126073 -0.725092 0.188543 -0.081755 0.992004 0.096146 0 0 0 0 1 0.73122 -0.005925 0.682116 0 0.677233 0.126058 -0.72489 0.188543 -0.08169 0.992005 0.096189 0 0 0 0 1 0.731044 -0.006135 0.682303 0 0.67744 0.126038 -0.7247 0.188543 -0.081549 0.992006 0.096295 0 0 0 0 1 0.730868 -0.006395 0.682489 0 0.677651 0.126018 -0.724506 0.188543 -0.081372 0.992007 0.096436 0 0 0 0 1 0.730683 -0.006679 0.682685 0 0.677873 0.126005 -0.7243 0.188543 -0.081183 0.992007 0.096597 0 0 0 0 1 0.73048 -0.006957 0.682898 0 0.678111 0.126018 -0.724076 0.188543 -0.081019 0.992004 0.096771 0 0 0 0 1 0.730237 -0.007186 0.683156 0 0.678382 0.126107 -0.723806 0.188543 -0.080948 0.991991 0.096963 0 0 0 0 1 0.729992 -0.007372 0.683416 0 0.678645 0.126252 -0.723534 0.188543 -0.080947 0.991971 0.097166 0 0 0 0 1 0.72976 -0.007499 0.683663 0 0.678885 0.126463 -0.723272 0.188543 -0.081033 0.991943 0.097378 0 0 0 0 1 0.729599 -0.007581 0.683833 0 0.679044 0.126679 -0.723085 0.188543 -0.081145 0.991915 0.097573 0 0 0 0 1 0.729578 -0.007621 0.683855 0 0.679055 0.126855 -0.723044 0.188543 -0.081239 0.991892 0.097725 0 0 0 0 1 0.729686 -0.007642 0.683739 0 0.678934 0.12696 -0.723139 0.188543 -0.08128 0.991878 0.09783 0 0 0 0 1 0.729957 -0.007669 0.68345 0 0.678652 0.126926 -0.723409 0.188543 -0.081199 0.991883 0.097855 0 0 0 0 1 0.730321 -0.00771 0.683061 0 0.67828 0.126823 -0.723777 0.188543 -0.081047 0.991895 0.097851 0 0 0 0 1 0.73073 -0.007788 0.682623 0 0.677864 0.126684 -0.72419 0.188543 -0.080837 0.991912 0.097851 0 0 0 0 1 0.731148 -0.007882 0.682174 0 0.677439 0.126554 -0.724611 0.188543 -0.080619 0.991928 0.097869 0 0 0 0 1 0.731532 -0.007984 0.68176 0 0.677041 0.126534 -0.724986 0.188543 -0.080476 0.99193 0.097969 0 0 0 0 1 0.731853 -0.008077 0.681414 0 0.676705 0.126561 -0.725295 0.188543 -0.080382 0.991926 0.09809 0 0 0 0 1 0.732049 -0.008144 0.681204 0 0.676499 0.126608 -0.725479 0.188543 -0.080337 0.991919 0.098193 0 0 0 0 1 0.732171 -0.008175 0.681072 0 0.676367 0.126658 -0.725593 0.188543 -0.080331 0.991913 0.098264 0 0 0 0 1 0.732234 -0.008141 0.681005 0 0.676293 0.126707 -0.725653 0.188543 -0.08038 0.991907 0.098284 0 0 0 0 1 0.732293 -0.008091 0.680941 0 0.676222 0.126749 -0.725712 0.188543 -0.080436 0.991902 0.098288 0 0 0 0 1 0.732417 -0.008059 0.680809 0 0.676087 0.126763 -0.725836 0.188543 -0.080451 0.9919 0.098292 0 0 0 0 1 0.732585 -0.00806 0.680628 0 0.675912 0.126705 -0.726009 0.188543 -0.080387 0.991908 0.09827 0 0 0 0 1 0.732825 -0.008131 0.680368 0 0.675673 0.126561 -0.726256 0.188543 -0.080202 0.991925 0.098241 0 0 0 0 1 0.733065 -0.008255 0.680108 0 0.675442 0.126384 -0.726502 0.188543 -0.079957 0.991947 0.098223 0 0 0 0 1 0.733254 -0.008434 0.679902 0 0.675269 0.126212 -0.726692 0.188543 -0.079682 0.991967 0.098241 0 0 0 0 1 0.733353 -0.008652 0.679792 0 0.675194 0.126063 -0.726788 0.188543 -0.079408 0.991984 0.098291 0 0 0 0 1 0.733283 -0.008897 0.679865 0 0.675297 0.125977 -0.726707 0.188543 -0.079181 0.991993 0.098385 0 0 0 0 1 0.733114 -0.009163 0.680044 0 0.675503 0.125938 -0.726523 0.188543 -0.078985 0.991996 0.098517 0 0 0 0 1 0.732868 -0.009436 0.680306 0 0.675792 0.125917 -0.726258 0.188543 -0.078808 0.991996 0.098657 0 0 0 0 1 0.732615 -0.009721 0.680574 0 0.676087 0.125899 -0.725986 0.188543 -0.078626 0.991995 0.098807 0 0 0 0 1 0.732434 -0.010027 0.680764 0 0.676308 0.125873 -0.725785 0.188543 -0.078412 0.991996 0.098975 0 0 0 0 1 0.732329 -0.010323 0.680873 0 0.676449 0.125817 -0.725663 0.188543 -0.078174 0.992 0.099123 0 0 0 0 1 0.732358 -0.010592 0.680838 0 0.676452 0.125679 -0.725684 0.188543 -0.077879 0.992014 0.099207 0 0 0 0 1 0.732438 -0.010801 0.680749 0 0.676397 0.125516 -0.725764 0.188543 -0.077605 0.992033 0.099238 0 0 0 0 1 0.732522 -0.010903 0.680656 0 0.676327 0.125363 -0.725856 0.188543 -0.077414 0.992051 0.099205 0 0 0 0 1 0.732563 -0.01092 0.680612 0 0.676295 0.125236 -0.725907 0.188543 -0.07731 0.992067 0.099128 0 0 0 0 1 0.732458 -0.010848 0.680725 0 0.676406 0.125166 -0.725816 0.188543 -0.07733 0.992077 0.099016 0 0 0 0 1 0.732313 -0.010709 0.680884 0 0.676549 0.125165 -0.725682 0.188543 -0.077451 0.992078 0.098905 0 0 0 0 1 0.732176 -0.010504 0.681035 0 0.676676 0.125198 -0.725558 0.188543 -0.077642 0.992076 0.098775 0 0 0 0 1 0.732106 -0.010274 0.681114 0 0.676728 0.125247 -0.725502 0.188543 -0.077853 0.992072 0.098647 0 0 0 0 1 0.732199 -0.010068 0.681016 0 0.676606 0.125308 -0.725605 0.188543 -0.078031 0.992067 0.098562 0 0 0 0 1 0.732396 -0.009868 0.680808 0 0.676373 0.125395 -0.725807 0.188543 -0.078207 0.992058 0.098513 0 0 0 0 1 0.732694 -0.00967 0.68049 0 0.676029 0.125511 -0.726107 0.188543 -0.078387 0.992045 0.098498 0 0 0 0 1 0.733016 -0.009476 0.680146 0 0.675661 0.125611 -0.726432 0.188543 -0.07855 0.992034 0.098477 0 0 0 0 1 0.733286 -0.009292 0.679857 0 0.675353 0.125665 -0.72671 0.188543 -0.07868 0.992029 0.098424 0 0 0 0 1 0.733495 -0.009109 0.679634 0 0.675111 0.125697 -0.726929 0.188543 -0.078805 0.992027 0.098347 0 0 0 0 1 0.733591 -0.008918 0.679532 0 0.67499 0.125719 -0.727037 0.188543 -0.078946 0.992026 0.098245 0 0 0 0 1 0.733626 -0.008717 0.679497 0 0.674934 0.125737 -0.727086 0.188543 -0.079099 0.992025 0.098127 0 0 0 0 1 0.733628 -0.008496 0.679498 0 0.674912 0.125753 -0.727104 0.188543 -0.07927 0.992025 0.09799 0 0 0 0 1 0.733617 -0.008276 0.679513 0 0.674904 0.125769 -0.727108 0.188543 -0.079444 0.992025 0.097851 0 0 0 0 1 0.733627 -0.008068 0.679504 0 0.674874 0.125784 -0.727134 0.188543 -0.079603 0.992025 0.097724 0 0 0 0 1 0.733643 -0.007878 0.67949 0 0.67484 0.125798 -0.727163 0.188543 -0.079749 0.992025 0.097607 0 0 0 0 1 0.733662 -0.007719 0.679471 0 0.674805 0.125808 -0.727194 0.188543 -0.079869 0.992025 0.097509 0 0 0 0 1 0.733673 -0.007574 0.679461 0 0.674779 0.12582 -0.727215 0.188543 -0.079981 0.992024 0.097422 0 0 0 0 1 0.733661 -0.007438 0.679475 0 0.67478 0.125831 -0.727213 0.188543 -0.08009 0.992024 0.097336 0 0 0 0 1 0.733639 -0.007294 0.6795 0 0.674788 0.12585 -0.727202 0.188543 -0.08021 0.992023 0.09725 0 0 0 0 1 0.733629 -0.007129 0.679513 0 0.674782 0.125892 -0.7272 0.188543 -0.08036 0.992018 0.097168 0 0 0 0 1 0.733598 -0.006937 0.679548 0 0.674792 0.125976 -0.727177 0.188543 -0.080561 0.992009 0.097096 0 0 0 0 1 0.733526 -0.006703 0.679629 0 0.674837 0.126118 -0.72711 0.188543 -0.080839 0.991993 0.097034 0 0 0 0 1 0.733405 -0.006437 0.679762 0 0.674929 0.126292 -0.726995 0.188543 -0.081168 0.991972 0.096968 0 0 0 0 1 0.733215 -0.006142 0.679969 0 0.67509 0.126489 -0.726811 0.188543 -0.081544 0.991949 0.09689 0 0 0 0 1 0.732976 -0.005831 0.680229 0 0.675302 0.12668 -0.726581 0.188543 -0.081934 0.991927 0.096791 0 0 0 0 1 0.73268 -0.005513 0.680551 0 0.675576 0.126838 -0.726298 0.188543 -0.082315 0.991908 0.096656 0 0 0 0 1 0.732394 -0.005205 0.680861 0 0.675846 0.126945 -0.726029 0.188543 -0.082652 0.991896 0.096491 0 0 0 0 1 0.732188 -0.004928 0.681085 0 0.676039 0.126961 -0.725846 0.188543 -0.082893 0.991895 0.09629 0 0 0 0 1 0.732046 -0.00468 0.68124 0 0.676173 0.126913 -0.725729 0.188543 -0.083061 0.991903 0.096071 0 0 0 0 1 0.731996 -0.004473 0.681295 0 0.676217 0.126805 -0.725707 0.188543 -0.083144 0.991918 0.095846 0 0 0 0 1 0.731971 -0.004296 0.681322 0 0.676238 0.12667 -0.725711 0.188543 -0.083185 0.991936 0.095624 0 0 0 0 1 0.731906 -0.004137 0.681393 0 0.676304 0.126549 -0.725671 0.188543 -0.083227 0.991952 0.09542 0 0 0 0 1 0.731826 -0.004006 0.68148 0 0.676387 0.126428 -0.725614 0.188543 -0.08325 0.991968 0.095232 0 0 0 0 1 0.731733 -0.003914 0.68158 0 0.676489 0.126309 -0.725541 0.188543 -0.083249 0.991983 0.095072 0 0 0 0 1 0.731641 -0.003842 0.681679 0 0.67659 0.126187 -0.725467 0.188543 -0.083231 0.991999 0.094923 0 0 0 0 1 0.731571 -0.003774 0.681755 0 0.676669 0.126054 -0.725416 0.188543 -0.083199 0.992016 0.094771 0 0 0 0 1 0.731511 -0.003711 0.68182 0 0.676739 0.125918 -0.725375 0.188543 -0.083161 0.992034 0.094621 0 0 0 0 1 0.73146 -0.003643 0.681874 0 0.676798 0.125784 -0.725343 0.188543 -0.083126 0.992051 0.094471 0 0 0 0 1 0.7314 -0.003584 0.681939 0 0.676867 0.125662 -0.7253 0.188543 -0.083093 0.992067 0.094335 0 0 0 0 1 0.731313 -0.003537 0.682032 0 0.676964 0.125563 -0.725227 0.188543 -0.083072 0.992079 0.094221 0 0 0 0 1 0.731192 -0.003526 0.682163 0 0.677098 0.125488 -0.725114 0.188543 -0.083046 0.992089 0.094143 0 0 0 0 1 0.731005 -0.003571 0.682362 0 0.677304 0.125443 -0.72493 0.188543 -0.083008 0.992094 0.094118 0 0 0 0 1 0.730801 -0.003682 0.682581 0 0.677534 0.125405 -0.724721 0.188543 -0.08293 0.992099 0.094141 0 0 0 0 1 0.730625 -0.00389 0.682768 0 0.677743 0.125368 -0.724533 0.188543 -0.082778 0.992103 0.094233 0 0 0 0 1 0.730449 -0.004149 0.682955 0 0.677955 0.125335 -0.72434 0.188543 -0.082592 0.992106 0.094363 0 0 0 0 1 0.730264 -0.004433 0.68315 0 0.678177 0.125314 -0.724135 0.188543 -0.082398 0.992107 0.094519 0 0 0 0 1 0.730062 -0.00471 0.683365 0 0.678415 0.125327 -0.723911 0.188543 -0.082234 0.992104 0.094691 0 0 0 0 1 0.729818 -0.004939 0.683623 0 0.678686 0.125416 -0.723641 0.188543 -0.082162 0.992092 0.094883 0 0 0 0 1 0.729574 -0.005125 0.683883 0 0.678948 0.125563 -0.723369 0.188543 -0.082162 0.992072 0.095087 0 0 0 0 1 0.729341 -0.005251 0.68413 0 0.679188 0.125774 -0.723108 0.188543 -0.082248 0.992045 0.095299 0 0 0 0 1 0.729181 -0.005334 0.6843 0 0.679347 0.125992 -0.72292 0.188543 -0.082359 0.992017 0.095494 0 0 0 0 1 0.72916 -0.005373 0.684322 0 0.679357 0.126167 -0.72288 0.188543 -0.082454 0.991994 0.095646 0 0 0 0 1 0.729268 -0.005395 0.684207 0 0.679237 0.126272 -0.722975 0.188543 -0.082495 0.991981 0.09575 0 0 0 0 1 0.729539 -0.005422 0.683917 0 0.678955 0.126237 -0.723245 0.188543 -0.082414 0.991985 0.095776 0 0 0 0 1 0.729903 -0.005463 0.683529 0 0.678583 0.126133 -0.723613 0.188543 -0.082262 0.991998 0.095772 0 0 0 0 1 0.730312 -0.005542 0.683091 0 0.678168 0.125993 -0.724027 0.188543 -0.082051 0.992016 0.095772 0 0 0 0 1 0.730731 -0.005636 0.682643 0 0.677743 0.12586 -0.724447 0.188543 -0.081834 0.992032 0.09579 0 0 0 0 1 0.731116 -0.005739 0.682229 0 0.677344 0.125846 -0.724822 0.188543 -0.081696 0.992033 0.095895 0 0 0 0 1 0.731407 -0.005828 0.681916 0 0.67704 0.125876 -0.725101 0.188543 -0.08161 0.992029 0.096012 0 0 0 0 1 0.731633 -0.005899 0.681673 0 0.676803 0.125919 -0.725315 0.188543 -0.081556 0.992023 0.096119 0 0 0 0 1 0.731755 -0.00593 0.681542 0 0.676672 0.125961 -0.72543 0.188543 -0.081545 0.992017 0.096185 0 0 0 0 1 0.731755 -0.00593 0.681542 0 0.676672 0.125961 -0.72543 0.188543 -0.081545 0.992017 0.096185 0 0 0 0 1 0.731877 -0.005841 0.681411 0 0.676534 0.125967 -0.725558 0.188543 -0.081597 0.992017 0.096143 0 0 0 0 1 0.732001 -0.005808 0.681279 0 0.676399 0.125969 -0.725683 0.188543 -0.081604 0.992017 0.096138 0 0 0 0 1</float_array>
        <technique_common>
          <accessor source="#LeftArm_matrix_LeftArm_transform-output-array" count="106" stride="16">
            <param name="TRANSFORM" type="float4x4"/>
          </accessor>
        </technique_common>
      </source>
      <source id="LeftArm_matrix_LeftArm_transform-interpolations">
        <Name_array id="LeftArm_matrix_LeftArm_transform-interpolations-array" count="106">LINEAR LINEAR LINEAR LINEAR LINEAR LINEAR LINEAR LINEAR LINEAR LINEAR LINEAR LINEAR LINEAR LINEAR LINEAR LINEAR LINEAR LINEAR LINEAR LINEAR LINEAR LINEAR LINEAR LINEAR LINEAR LINEAR LINEAR LINEAR LINEAR LINEAR LINEAR LINEAR LINEAR LINEAR LINEAR LINEAR LINEAR LINEAR LINEAR LINEAR LINEAR LINEAR LINEAR LINEAR LINEAR LINEAR LINEAR LINEAR LINEAR LINEAR LINEAR LINEAR LINEAR LINEAR LINEAR LINEAR LINEAR LINEAR LINEAR LINEAR LINEAR LINEAR LINEAR LINEAR LINEAR LINEAR LINEAR LINEAR LINEAR LINEAR LINEAR LINEAR LINEAR LINEAR LINEAR LINEAR LINEAR LINEAR LINEAR LINEAR LINEAR LINEAR LINEAR LINEAR LINEAR LINEAR LINEAR LINEAR LINEAR LINEAR LINEAR LINEAR LINEAR LINEAR LINEAR LINEAR LINEAR LINEAR LINEAR LINEAR LINEAR LINEAR LINEAR LINEAR LINEAR LINEAR</Name_array>
        <technique_common>
          <accessor source="#LeftArm_matrix_LeftArm_transform-interpolations-array" count="106" stride="1">
            <param name="INTERPOLATION" type="Name"/>
          </accessor>
        </technique_common>
      </source>
      <sampler id="LeftArm_matrix_LeftArm_transform-sampler">
        <input semantic="INPUT" source="#LeftArm_matrix_LeftArm_transform-input"/>
        <input semantic="OUTPUT" source="#LeftArm_matrix_LeftArm_transform-output"/>
        <input semantic="INTERPOLATION" source="#LeftArm_matrix_LeftArm_transform-interpolations"/>
      </sampler>
      <channel source="#LeftArm_matrix_LeftArm_transform-sampler" target="LeftArm/transform"/>
    </animation>
    <animation id="LeftForeArm_matrix">
      <source id="LeftForeArm_matrix_LeftForeArm_transform-input">
        <float_array id="LeftForeArm_matrix_LeftForeArm_transform-input-array" count="106">0 0.033333 0.066666 0.1 0.133333 0.166667 0.2 0.233333 0.266667 0.3 0.333333 0.366667 0.4 0.433333 0.466667 0.5 0.533333 0.566667 0.6 0.633333 0.666667 0.7 0.733333 0.766667 0.8 0.833333 0.866667 0.9 0.933333 0.966667 1 1.03333 1.06667 1.1 1.13333 1.16667 1.2 1.23333 1.26667 1.3 1.33333 1.36667 1.4 1.43333 1.46667 1.5 1.53333 1.56667 1.6 1.63333 1.66667 1.7 1.73333 1.76667 1.8 1.83333 1.86667 1.9 1.93333 1.96667 2 2.03333 2.06667 2.1 2.13333 2.16667 2.2 2.23333 2.26667 2.3 2.33333 2.36667 2.4 2.43333 2.46667 2.5 2.53333 2.56667 2.6 2.63333 2.66667 2.7 2.73333 2.76667 2.8 2.83333 2.86667 2.9 2.93333 2.96667 3 3.03333 3.06667 3.1 3.13333 3.16667 3.2 3.23333 3.26667 3.3 3.33333 3.36667 3.4 3.43333 3.46667 3.5</float_array>
        <technique_common>
          <accessor source="#LeftForeArm_matrix_LeftForeArm_transform-input-array" count="106" stride="1">
            <param name="TIME" type="float"/>
          </accessor>
        </technique_common>
        <technique profile="MAYA">
          <pre_infinity>CONSTANT</pre_infinity>
          <post_infinity>CONSTANT</post_infinity>
        </technique>
      </source>
      <source id="LeftForeArm_matrix_LeftForeArm_transform-output">
        <float_array id="LeftForeArm_matrix_LeftForeArm_transform-output-array" count="1696">0.93468 -0.355491 0.000044 0.000011 0.355491 0.934678 -0.001631 0.3215 0.000538 0.00154 0.999999 0 0 0 0 1 0.934551 -0.35583 0.000045 0.000011 0.35583 0.934549 -0.001634 0.3215 0.000539 0.001543 0.999999 0 0 0 0 1 0.934419 -0.356177 0.000046 0.000011 0.356176 0.934417 -0.001637 0.3215 0.000539 0.001546 0.999999 0 0 0 0 1 0.934273 -0.356558 0.000048 0.000011 0.356558 0.934272 -0.001641 0.3215 0.00054 0.00155 0.999999 0 0 0 0 1 0.934136 -0.356918 0.000049 0.000011 0.356918 0.934134 -0.001645 0.3215 0.00054 0.001554 0.999999 0 0 0 0 1 0.934027 -0.357203 0.000051 0.000011 0.357203 0.934025 -0.001649 0.3215 0.000541 0.001558 0.999999 0 0 0 0 1 0.933939 -0.357432 0.000052 0.000011 0.357431 0.933938 -0.001653 0.3215 0.000541 0.001562 0.999999 0 0 0 0 1 0.933879 -0.35759 0.000054 0.000011 0.35759 0.933877 -0.001656 0.3215 0.000541 0.001566 0.999999 0 0 0 0 1 0.933829 -0.357721 0.000055 0.000011 0.35772 0.933827 -0.00166 0.3215 0.000542 0.00157 0.999999 0 0 0 0 1 0.933773 -0.357867 0.000056 0.000011 0.357866 0.933771 -0.001663 0.3215 0.000542 0.001573 0.999999 0 0 0 0 1 0.933718 -0.358009 0.000057 0.000011 0.358009 0.933717 -0.001665 0.3215 0.000542 0.001575 0.999999 0 0 0 0 1 0.933659 -0.358164 0.000058 0.000011 0.358164 0.933657 -0.001667 0.3215 0.000542 0.001577 0.999999 0 0 0 0 1 0.933618 -0.358271 0.000059 0.000011 0.358271 0.933616 -0.001669 0.3215 0.000542 0.001579 0.999999 0 0 0 0 1 0.933612 -0.358285 0.000058 0.000011 0.358284 0.933611 -0.001667 0.3215 0.000542 0.001577 0.999999 0 0 0 0 1 0.933655 -0.358174 0.000054 0.000011 0.358174 0.933653 -0.001658 0.3215 0.000542 0.001568 0.999999 0 0 0 0 1 0.933772 -0.357867 0.000044 0.000011 0.357867 0.933771 -0.001631 0.3215 0.000542 0.001539 0.999999 0 0 0 0 1 0.933936 -0.35744 0.000015 0.000011 0.357439 0.933935 -0.001556 0.3215 0.000541 0.001459 0.999999 0 0 0 0 1 0.934135 -0.356921 -0.000018 0.000011 0.35692 0.934134 -0.001466 0.3215 0.00054 0.001363 0.999999 0 0 0 0 1 0.934342 -0.356378 -0.000054 0.000011 0.356377 0.934341 -0.001373 0.3215 0.00054 0.001264 0.999999 0 0 0 0 1 0.934527 -0.355891 -0.000085 0.000011 0.355891 0.934527 -0.001289 0.3215 0.000539 0.001174 0.999999 0 0 0 0 1 0.934693 -0.355455 -0.000113 0.000011 0.355454 0.934693 -0.001217 0.3215 0.000538 0.001097 0.999999 0 0 0 0 1 0.934831 -0.355093 -0.000125 0.000011 0.355093 0.93483 -0.001183 0.3215 0.000538 0.001061 0.999999 0 0 0 0 1 0.934945 -0.354791 -0.000131 0.000011 0.354791 0.934945 -0.001168 0.3215 0.000537 0.001045 0.999999 0 0 0 0 1 0.935042 -0.354538 -0.000134 0.000011 0.354538 0.935041 -0.001161 0.3215 0.000537 0.001038 0.999999 0 0 0 0 1 0.935114 -0.354347 -0.000134 0.000011 0.354347 0.935113 -0.001159 0.3215 0.000536 0.001036 0.999999 0 0 0 0 1 0.935156 -0.354236 -0.000134 0.000011 0.354235 0.935156 -0.001159 0.3215 0.000536 0.001036 0.999999 0 0 0 0 1 0.935167 -0.354206 -0.000134 0.000011 0.354206 0.935167 -0.001159 0.3215 0.000536 0.001036 0.999999 0 0 0 0 1 0.935165 -0.354213 -0.000134 0.000011 0.354212 0.935164 -0.001159 0.3215 0.000536 0.001036 0.999999 0 0 0 0 1 0.935156 -0.354236 -0.000134 0.000011 0.354236 0.935155 -0.001159 0.3215 0.000536 0.001036 0.999999 0 0 0 0 1 0.935142 -0.354273 -0.000134 0.000011 0.354273 0.935141 -0.001159 0.3215 0.000536 0.001036 0.999999 0 0 0 0 1 0.935119 -0.354334 -0.000134 0.000011 0.354334 0.935118 -0.001159 0.3215 0.000536 0.001036 0.999999 0 0 0 0 1 0.935085 -0.354423 -0.000134 0.000011 0.354423 0.935085 -0.001159 0.3215 0.000537 0.001036 0.999999 0 0 0 0 1 0.935037 -0.35455 -0.000135 0.000011 0.354549 0.935037 -0.001159 0.3215 0.000537 0.001036 0.999999 0 0 0 0 1 0.934963 -0.354746 -0.000135 0.000011 0.354746 0.934962 -0.001159 0.3215 0.000537 0.001036 0.999999 0 0 0 0 1 0.934873 -0.354983 -0.000135 0.000011 0.354982 0.934872 -0.001159 0.3215 0.000537 0.001036 0.999999 0 0 0 0 1 0.93477 -0.355252 -0.000135 0.000011 0.355252 0.93477 -0.001159 0.3215 0.000538 0.001036 0.999999 0 0 0 0 1 0.934671 -0.355515 -0.000135 0.000011 0.355515 0.93467 -0.00116 0.3215 0.000538 0.001036 0.999999 0 0 0 0 1 0.934597 -0.355709 -0.000135 0.000011 0.355709 0.934596 -0.00116 0.3215 0.000539 0.001036 0.999999 0 0 0 0 1 0.934527 -0.355893 -0.000134 0.000011 0.355893 0.934526 -0.001161 0.3215 0.000539 0.001037 0.999999 0 0 0 0 1 0.934442 -0.356115 -0.000134 0.000011 0.356114 0.934442 -0.001161 0.3215 0.000539 0.001037 0.999999 0 0 0 0 1 0.934355 -0.356345 -0.000134 0.000011 0.356344 0.934354 -0.001162 0.3215 0.000539 0.001038 0.999999 0 0 0 0 1 0.934265 -0.356581 -0.000134 0.000011 0.35658 0.934264 -0.001164 0.3215 0.00054 0.001039 0.999999 0 0 0 0 1 0.934184 -0.356792 -0.000133 0.000011 0.356791 0.934183 -0.001165 0.3215 0.00054 0.001041 0.999999 0 0 0 0 1 0.934122 -0.356955 -0.000131 0.000011 0.356955 0.934121 -0.001171 0.3215 0.00054 0.001047 0.999999 0 0 0 0 1 0.934087 -0.357047 -0.000128 0.000011 0.357046 0.934086 -0.001178 0.3215 0.000541 0.001055 0.999999 0 0 0 0 1 0.934097 -0.357019 -0.000125 0.000011 0.357018 0.934097 -0.001186 0.3215 0.000541 0.001063 0.999999 0 0 0 0 1 0.934135 -0.356921 -0.000122 0.000011 0.35692 0.934134 -0.001195 0.3215 0.00054 0.001073 0.999999 0 0 0 0 1 0.93419 -0.356777 -0.000118 0.000011 0.356777 0.934189 -0.001205 0.3215 0.00054 0.001083 0.999999 0 0 0 0 1 0.934252 -0.356613 -0.000113 0.000011 0.356613 0.934251 -0.001217 0.3215 0.00054 0.001097 0.999999 0 0 0 0 1 0.934313 -0.356453 -0.000108 0.000011 0.356453 0.934313 -0.00123 0.3215 0.00054 0.00111 0.999999 0 0 0 0 1 0.934361 -0.356328 -0.000103 0.000011 0.356328 0.93436 -0.001243 0.3215 0.000539 0.001124 0.999999 0 0 0 0 1 0.934373 -0.356297 -0.000098 0.000011 0.356296 0.934372 -0.001255 0.3215 0.000539 0.001138 0.999999 0 0 0 0 1 0.93437 -0.356305 -0.000094 0.000011 0.356304 0.934369 -0.001268 0.3215 0.000539 0.001151 0.999999 0 0 0 0 1 0.934361 -0.356327 -0.000089 0.000011 0.356326 0.934361 -0.001281 0.3215 0.000539 0.001165 0.999999 0 0 0 0 1 0.934353 -0.356349 -0.000084 0.000011 0.356349 0.934352 -0.001294 0.3215 0.000539 0.001179 0.999999 0 0 0 0 1 0.934352 -0.356351 -0.000079 0.000011 0.356351 0.934351 -0.001306 0.3215 0.00054 0.001192 0.999999 0 0 0 0 1 0.934375 -0.356291 -0.000074 0.000011 0.356291 0.934374 -0.001319 0.3215 0.000539 0.001206 0.999999 0 0 0 0 1 0.934412 -0.356195 -0.000069 0.000011 0.356194 0.934411 -0.001332 0.3215 0.000539 0.00122 0.999999 0 0 0 0 1 0.934454 -0.356084 -0.000064 0.000011 0.356083 0.934453 -0.001345 0.3215 0.000539 0.001233 0.999999 0 0 0 0 1 0.934495 -0.355977 -0.000059 0.000011 0.355976 0.934494 -0.001358 0.3215 0.000539 0.001247 0.999999 0 0 0 0 1 0.934532 -0.35588 -0.000054 0.000011 0.35588 0.934531 -0.001371 0.3215 0.000539 0.001262 0.999999 0 0 0 0 1 0.934562 -0.355801 -0.000049 0.000011 0.355801 0.934561 -0.001384 0.3215 0.000539 0.001276 0.999999 0 0 0 0 1 0.934574 -0.355769 -0.000044 0.000011 0.355768 0.934573 -0.001398 0.3215 0.000539 0.001291 0.999999 0 0 0 0 1 0.934573 -0.35577 -0.000039 0.000011 0.35577 0.934573 -0.001412 0.3215 0.000539 0.001305 0.999999 0 0 0 0 1 0.934552 -0.355827 -0.000034 0.000011 0.355827 0.934551 -0.001426 0.3215 0.000539 0.00132 0.999999 0 0 0 0 1 0.934504 -0.355953 -0.000028 0.000011 0.355953 0.934503 -0.001439 0.3215 0.000539 0.001335 0.999999 0 0 0 0 1 0.934439 -0.356124 -0.000023 0.000011 0.356124 0.934438 -0.001453 0.3215 0.000539 0.001349 0.999999 0 0 0 0 1 0.934359 -0.356334 -0.000018 0.000011 0.356333 0.934358 -0.001467 0.3215 0.000539 0.001364 0.999999 0 0 0 0 1 0.934276 -0.35655 -0.000012 0.000011 0.356549 0.934275 -0.001481 0.3215 0.00054 0.001379 0.999999 0 0 0 0 1 0.934204 -0.35674 -0.000007 0.000011 0.35674 0.934203 -0.001495 0.3215 0.00054 0.001394 0.999999 0 0 0 0 1 0.934145 -0.356894 -0.000001 0.000011 0.356893 0.934144 -0.00151 0.3215 0.00054 0.00141 0.999999 0 0 0 0 1 0.934111 -0.356983 0.000004 0.000011 0.356983 0.93411 -0.001526 0.3215 0.00054 0.001427 0.999999 0 0 0 0 1 0.9341 -0.35701 0.000011 0.000011 0.35701 0.934099 -0.001545 0.3215 0.000541 0.001447 0.999999 0 0 0 0 1 0.934101 -0.357008 0.000019 0.000011 0.357008 0.9341 -0.001565 0.3215 0.00054 0.001469 0.999999 0 0 0 0 1 0.934112 -0.356979 0.000027 0.000011 0.356979 0.934111 -0.001586 0.3215 0.00054 0.001491 0.999999 0 0 0 0 1 0.934144 -0.356897 0.000034 0.000011 0.356897 0.934142 -0.001606 0.3215 0.00054 0.001513 0.999999 0 0 0 0 1 0.934177 -0.356809 0.000042 0.000011 0.356808 0.934176 -0.001627 0.3215 0.00054 0.001535 0.999999 0 0 0 0 1 0.934204 -0.356738 0.00005 0.000011 0.356738 0.934203 -0.001648 0.3215 0.00054 0.001558 0.999999 0 0 0 0 1 0.934215 -0.356711 0.000059 0.000011 0.356711 0.934213 -0.00167 0.3215 0.00054 0.001581 0.999999 0 0 0 0 1 0.934196 -0.356761 0.000068 0.000011 0.356761 0.934194 -0.001693 0.3215 0.00054 0.001606 0.999999 0 0 0 0 1 0.934146 -0.35689 0.000077 0.000011 0.356889 0.934145 -0.001719 0.3215 0.00054 0.001634 0.999999 0 0 0 0 1 0.934058 -0.357121 0.000088 0.000011 0.357121 0.934057 -0.001746 0.3215 0.000541 0.001662 0.999998 0 0 0 0 1 0.933942 -0.357424 0.000099 0.000011 0.357424 0.933941 -0.001774 0.3215 0.000541 0.001692 0.999998 0 0 0 0 1 0.933798 -0.357799 0.000111 0.000011 0.357799 0.933797 -0.001805 0.3215 0.000542 0.001725 0.999998 0 0 0 0 1 0.933656 -0.358172 0.000124 0.000011 0.358172 0.933654 -0.00184 0.3215 0.000542 0.001763 0.999998 0 0 0 0 1 0.933546 -0.358458 0.000143 0.000011 0.358457 0.933544 -0.001888 0.3215 0.000543 0.001814 0.999998 0 0 0 0 1 0.933458 -0.358686 0.000159 0.000011 0.358685 0.933456 -0.00193 0.3215 0.000543 0.001859 0.999998 0 0 0 0 1 0.933397 -0.358844 0.000174 0.000011 0.358844 0.933396 -0.00197 0.3215 0.000543 0.001901 0.999998 0 0 0 0 1 0.933347 -0.358975 0.000188 0.000011 0.358974 0.933345 -0.002004 0.3215 0.000543 0.001938 0.999998 0 0 0 0 1 0.933291 -0.359121 0.000197 0.000011 0.35912 0.933289 -0.002028 0.3215 0.000544 0.001963 0.999998 0 0 0 0 1 0.933236 -0.359263 0.000204 0.000011 0.359263 0.933234 -0.002045 0.3215 0.000544 0.001982 0.999998 0 0 0 0 1 0.933177 -0.359418 0.00021 0.000011 0.359418 0.933175 -0.00206 0.3215 0.000544 0.001998 0.999998 0 0 0 0 1 0.933136 -0.359525 0.000214 0.000011 0.359524 0.933133 -0.002072 0.3215 0.000544 0.002011 0.999998 0 0 0 0 1 0.93313 -0.359539 0.000217 0.000011 0.359538 0.933128 -0.00208 0.3215 0.000544 0.002019 0.999998 0 0 0 0 1 0.933173 -0.359428 0.000216 0.000011 0.359428 0.933171 -0.002077 0.3215 0.000544 0.002016 0.999998 0 0 0 0 1 0.933291 -0.359121 0.000206 0.000011 0.359121 0.933289 -0.002052 0.3215 0.000544 0.001989 0.999998 0 0 0 0 1 0.933455 -0.358694 0.000177 0.000011 0.358694 0.933453 -0.001976 0.3215 0.000543 0.001908 0.999998 0 0 0 0 1 0.933654 -0.358175 0.000142 0.000011 0.358175 0.933653 -0.001885 0.3215 0.000542 0.001811 0.999998 0 0 0 0 1 0.933862 -0.357632 0.000105 0.000011 0.357632 0.933861 -0.001791 0.3215 0.000541 0.001711 0.999998 0 0 0 0 1 0.934048 -0.357146 0.000073 0.000011 0.357146 0.934047 -0.001707 0.3215 0.000541 0.001621 0.999999 0 0 0 0 1 0.93421 -0.356724 0.000049 0.000011 0.356724 0.934208 -0.001645 0.3215 0.00054 0.001554 0.999999 0 0 0 0 1 0.934353 -0.356349 0.000033 0.000011 0.356348 0.934352 -0.001603 0.3215 0.000539 0.00151 0.999999 0 0 0 0 1 0.934468 -0.356047 0.000029 0.000011 0.356046 0.934467 -0.001592 0.3215 0.000539 0.001498 0.999999 0 0 0 0 1 0.934468 -0.356047 0.000029 0.000011 0.356046 0.934467 -0.001592 0.3215 0.000539 0.001498 0.999999 0 0 0 0 1 0.934637 -0.355603 0.00003 0.000011 0.355602 0.934636 -0.001596 0.3215 0.000538 0.001503 0.999999 0 0 0 0 1 0.93468 -0.355491 0.000033 0.000011 0.355491 0.934678 -0.001603 0.3215 0.000538 0.001511 0.999999 0 0 0 0 1</float_array>
        <technique_common>
          <accessor source="#LeftForeArm_matrix_LeftForeArm_transform-output-array" count="106" stride="16">
            <param name="TRANSFORM" type="float4x4"/>
          </accessor>
        </technique_common>
      </source>
      <source id="LeftForeArm_matrix_LeftForeArm_transform-interpolations">
        <Name_array id="LeftForeArm_matrix_LeftForeArm_transform-interpolations-array" count="106">LINEAR LINEAR LINEAR LINEAR LINEAR LINEAR LINEAR LINEAR LINEAR LINEAR LINEAR LINEAR LINEAR LINEAR LINEAR LINEAR LINEAR LINEAR LINEAR LINEAR LINEAR LINEAR LINEAR LINEAR LINEAR LINEAR LINEAR LINEAR LINEAR LINEAR LINEAR LINEAR LINEAR LINEAR LINEAR LINEAR LINEAR LINEAR LINEAR LINEAR LINEAR LINEAR LINEAR LINEAR LINEAR LINEAR LINEAR LINEAR LINEAR LINEAR LINEAR LINEAR LINEAR LINEAR LINEAR LINEAR LINEAR LINEAR LINEAR LINEAR LINEAR LINEAR LINEAR LINEAR LINEAR LINEAR LINEAR LINEAR LINEAR LINEAR LINEAR LINEAR LINEAR LINEAR LINEAR LINEAR LINEAR LINEAR LINEAR LINEAR LINEAR LINEAR LINEAR LINEAR LINEAR LINEAR LINEAR LINEAR LINEAR LINEAR LINEAR LINEAR LINEAR LINEAR LINEAR LINEAR LINEAR LINEAR LINEAR LINEAR LINEAR LINEAR LINEAR LINEAR LINEAR LINEAR</Name_array>
        <technique_common>
          <accessor source="#LeftForeArm_matrix_LeftForeArm_transform-interpolations-array" count="106" stride="1">
            <param name="INTERPOLATION" type="Name"/>
          </accessor>
        </technique_common>
      </source>
      <sampler id="LeftForeArm_matrix_LeftForeArm_transform-sampler">
        <input semantic="INPUT" source="#LeftForeArm_matrix_LeftForeArm_transform-input"/>
        <input semantic="OUTPUT" source="#LeftForeArm_matrix_LeftForeArm_transform-output"/>
        <input semantic="INTERPOLATION" source="#LeftForeArm_matrix_LeftForeArm_transform-interpolations"/>
      </sampler>
      <channel source="#LeftForeArm_matrix_LeftForeArm_transform-sampler" target="LeftForeArm/transform"/>
    </animation>
    <animation id="LeftHand_matrix">
      <source id="LeftHand_matrix_LeftHand_transform-input">
        <float_array id="LeftHand_matrix_LeftHand_transform-input-array" count="106">0 0.033333 0.066666 0.1 0.133333 0.166667 0.2 0.233333 0.266667 0.3 0.333333 0.366667 0.4 0.433333 0.466667 0.5 0.533333 0.566667 0.6 0.633333 0.666667 0.7 0.733333 0.766667 0.8 0.833333 0.866667 0.9 0.933333 0.966667 1 1.03333 1.06667 1.1 1.13333 1.16667 1.2 1.23333 1.26667 1.3 1.33333 1.36667 1.4 1.43333 1.46667 1.5 1.53333 1.56667 1.6 1.63333 1.66667 1.7 1.73333 1.76667 1.8 1.83333 1.86667 1.9 1.93333 1.96667 2 2.03333 2.06667 2.1 2.13333 2.16667 2.2 2.23333 2.26667 2.3 2.33333 2.36667 2.4 2.43333 2.46667 2.5 2.53333 2.56667 2.6 2.63333 2.66667 2.7 2.73333 2.76667 2.8 2.83333 2.86667 2.9 2.93333 2.96667 3 3.03333 3.06667 3.1 3.13333 3.16667 3.2 3.23333 3.26667 3.3 3.33333 3.36667 3.4 3.43333 3.46667 3.5</float_array>
        <technique_common>
          <accessor source="#LeftHand_matrix_LeftHand_transform-input-array" count="106" stride="1">
            <param name="TIME" type="float"/>
          </accessor>
        </technique_common>
        <technique profile="MAYA">
          <pre_infinity>CONSTANT</pre_infinity>
          <post_infinity>CONSTANT</post_infinity>
        </technique>
      </source>
      <source id="LeftHand_matrix_LeftHand_transform-output">
        <float_array id="LeftHand_matrix_LeftHand_transform-output-array" count="1696">0.948747 0.057654 0.310733 0.000011 -0.013627 0.989768 -0.142035 0.244116 -0.315742 0.130521 0.939825 0 0 0 0 1 0.948603 0.057445 0.311211 0.000011 -0.013398 0.989796 -0.141863 0.244116 -0.316184 0.130402 0.939693 0 0 0 0 1 0.94848 0.057241 0.311622 0.000011 -0.013183 0.989823 -0.141694 0.244116 -0.316561 0.130286 0.939582 0 0 0 0 1 0.948404 0.057034 0.311894 0.000011 -0.012987 0.989851 -0.141517 0.244116 -0.316799 0.130164 0.939519 0 0 0 0 1 0.948385 0.05687 0.311982 0.000011 -0.01285 0.989872 -0.141378 0.244116 -0.316862 0.130071 0.93951 0 0 0 0 1 0.948451 0.056853 0.311782 0.000011 -0.01288 0.98988 -0.141321 0.244116 -0.316662 0.130021 0.939585 0 0 0 0 1 0.948572 0.056898 0.311405 0.000011 -0.012988 0.989881 -0.141303 0.244116 -0.316294 0.129992 0.939713 0 0 0 0 1 0.948734 0.056927 0.310905 0.000011 -0.01309 0.98988 -0.141303 0.244116 -0.315803 0.129989 0.939878 0 0 0 0 1 0.948917 0.056905 0.310351 0.000011 -0.013147 0.989879 -0.141304 0.244116 -0.315251 0.130006 0.940061 0 0 0 0 1 0.949093 0.056872 0.309819 0.000011 -0.013189 0.989878 -0.141306 0.244116 -0.314719 0.130026 0.940237 0 0 0 0 1 0.949257 0.056853 0.30932 0.000011 -0.013236 0.989875 -0.141321 0.244116 -0.314223 0.130055 0.940399 0 0 0 0 1 0.949405 0.056828 0.30887 0.000011 -0.013268 0.989872 -0.141341 0.244116 -0.313774 0.130092 0.940543 0 0 0 0 1 0.949508 0.05682 0.308555 0.000011 -0.013296 0.989868 -0.141367 0.244116 -0.313461 0.130126 0.940643 0 0 0 0 1 0.949526 0.056849 0.308493 0.000011 -0.013326 0.989863 -0.141398 0.244116 -0.313404 0.13015 0.940659 0 0 0 0 1 0.949493 0.056919 0.308584 0.000011 -0.013369 0.989856 -0.141447 0.244116 -0.313505 0.130177 0.940621 0 0 0 0 1 0.949417 0.057058 0.308792 0.000011 -0.013451 0.989841 -0.141543 0.244116 -0.313731 0.13023 0.940539 0 0 0 0 1 0.949315 0.057266 0.309065 0.000011 -0.013562 0.989811 -0.141743 0.244116 -0.314033 0.130367 0.940419 0 0 0 0 1 0.949206 0.05752 0.309352 0.000011 -0.01367 0.98976 -0.142088 0.244116 -0.314357 0.130642 0.940273 0 0 0 0 1 0.9491 0.057795 0.309628 0.000011 -0.013774 0.989697 -0.142515 0.244116 -0.314675 0.130996 0.940117 0 0 0 0 1 0.949013 0.058063 0.309843 0.000011 -0.013863 0.989627 -0.142991 0.244116 -0.314931 0.131405 0.939974 0 0 0 0 1 0.948937 0.058312 0.310029 0.000011 -0.013936 0.989557 -0.143466 0.244116 -0.315157 0.13182 0.93984 0 0 0 0 1 0.94887 0.058515 0.310198 0.000011 -0.013983 0.989496 -0.143883 0.244116 -0.315359 0.132189 0.939721 0 0 0 0 1 0.948804 0.058679 0.310368 0.000011 -0.014011 0.989444 -0.144233 0.244116 -0.315556 0.1325 0.939611 0 0 0 0 1 0.94873 0.058804 0.31057 0.000011 -0.014033 0.98941 -0.144469 0.244116 -0.315776 0.132704 0.939508 0 0 0 0 1 0.948653 0.058911 0.310785 0.000011 -0.014055 0.989384 -0.144642 0.244116 -0.316007 0.132847 0.93941 0 0 0 0 1 0.948571 0.059021 0.311013 0.000011 -0.014084 0.989361 -0.144798 0.244116 -0.31625 0.132971 0.939311 0 0 0 0 1 0.948491 0.059137 0.311235 0.000011 -0.014136 0.989345 -0.144902 0.244116 -0.316488 0.133039 0.939221 0 0 0 0 1 0.948413 0.059256 0.311451 0.000011 -0.014218 0.989339 -0.144934 0.244116 -0.316719 0.133029 0.939145 0 0 0 0 1 0.948352 0.059337 0.31162 0.000011 -0.014292 0.989344 -0.144891 0.244116 -0.316897 0.132953 0.939095 0 0 0 0 1 0.948325 0.059354 0.311699 0.000011 -0.014341 0.989362 -0.144767 0.244116 -0.316975 0.132816 0.939088 0 0 0 0 1 0.948329 0.059281 0.311702 0.000011 -0.014337 0.989394 -0.144547 0.244116 -0.316965 0.132609 0.939121 0 0 0 0 1 0.948367 0.059028 0.311634 0.000011 -0.014204 0.989448 -0.144189 0.244116 -0.316857 0.132317 0.939199 0 0 0 0 1 0.948433 0.058693 0.311496 0.000011 -0.014016 0.989512 -0.143772 0.244116 -0.316668 0.131992 0.939308 0 0 0 0 1 0.948531 0.05832 0.311267 0.000011 -0.013807 0.989578 -0.143336 0.244116 -0.316382 0.131661 0.939451 0 0 0 0 1 0.94863 0.057989 0.311027 0.000011 -0.013622 0.989634 -0.142962 0.244116 -0.316093 0.131381 0.939587 0 0 0 0 1 0.94871 0.057796 0.31082 0.000011 -0.01352 0.989665 -0.142759 0.244116 -0.315858 0.131235 0.939687 0 0 0 0 1 0.948742 0.057742 0.310733 0.000011 -0.013484 0.989669 -0.142734 0.244116 -0.315764 0.131227 0.939719 0 0 0 0 1 0.948669 0.057868 0.31093 0.000011 -0.013571 0.989661 -0.142781 0.244116 -0.315978 0.131232 0.939647 0 0 0 0 1 0.948555 0.058059 0.311243 0.000011 -0.013701 0.989649 -0.142852 0.244116 -0.316315 0.131238 0.939533 0 0 0 0 1 0.948436 0.058241 0.311573 0.000011 -0.013823 0.989639 -0.142909 0.244116 -0.316669 0.131233 0.939414 0 0 0 0 1 0.948331 0.058344 0.311871 0.000011 -0.013891 0.98964 -0.1429 0.244116 -0.316977 0.131185 0.939317 0 0 0 0 1 0.948285 0.058228 0.312034 0.000011 -0.013813 0.989669 -0.142702 0.244116 -0.317119 0.131012 0.939293 0 0 0 0 1 0.948283 0.058017 0.31208 0.000011 -0.013665 0.989705 -0.142468 0.244116 -0.317133 0.130835 0.939313 0 0 0 0 1 0.948296 0.057777 0.312084 0.000011 -0.01347 0.989732 -0.142303 0.244116 -0.317102 0.130741 0.939337 0 0 0 0 1 0.948303 0.057586 0.312097 0.000011 -0.01329 0.989743 -0.142237 0.244116 -0.317087 0.130736 0.939342 0 0 0 0 1 0.948278 0.057568 0.312177 0.000011 -0.013213 0.989725 -0.142375 0.244116 -0.317165 0.130886 0.939295 0 0 0 0 1 0.948246 0.057645 0.312261 0.000011 -0.013205 0.989692 -0.142602 0.244116 -0.317262 0.131098 0.939233 0 0 0 0 1 0.948222 0.057796 0.312305 0.000011 -0.013273 0.989655 -0.142849 0.244116 -0.31733 0.131307 0.939181 0 0 0 0 1 0.94822 0.057968 0.312279 0.000011 -0.013378 0.989621 -0.143079 0.244116 -0.317332 0.131493 0.939154 0 0 0 0 1 0.948261 0.058092 0.312131 0.000011 -0.013481 0.989599 -0.143223 0.244116 -0.317205 0.131605 0.939181 0 0 0 0 1 0.948336 0.058187 0.311886 0.000011 -0.013587 0.989585 -0.143307 0.244116 -0.316977 0.131665 0.93925 0 0 0 0 1 0.948452 0.058249 0.311523 0.000011 -0.013703 0.989582 -0.143314 0.244116 -0.316625 0.131657 0.939369 0 0 0 0 1 0.948582 0.058271 0.311122 0.000011 -0.013794 0.989585 -0.143286 0.244116 -0.316231 0.131627 0.939506 0 0 0 0 1 0.948708 0.05825 0.310742 0.000011 -0.013844 0.989592 -0.143234 0.244116 -0.315852 0.131585 0.93964 0 0 0 0 1 0.948813 0.058173 0.310436 0.000011 -0.013839 0.989605 -0.143145 0.244116 -0.315536 0.131521 0.939755 0 0 0 0 1 0.948875 0.057974 0.310283 0.000011 -0.013706 0.989629 -0.14299 0.244116 -0.315355 0.131427 0.939829 0 0 0 0 1 0.948895 0.057736 0.310267 0.000011 -0.013521 0.989658 -0.142809 0.244116 -0.315303 0.131315 0.939862 0 0 0 0 1 0.948863 0.057492 0.310407 0.000011 -0.013315 0.98969 -0.142606 0.244116 -0.315406 0.131181 0.939846 0 0 0 0 1 0.948786 0.05731 0.310676 0.000011 -0.013144 0.989717 -0.142432 0.244116 -0.315645 0.131054 0.939784 0 0 0 0 1 0.948654 0.05723 0.311096 0.000011 -0.013033 0.989733 -0.14233 0.244116 -0.316048 0.130967 0.93966 0 0 0 0 1 0.948512 0.057175 0.311538 0.000011 -0.012928 0.989742 -0.142281 0.244116 -0.316477 0.130928 0.939521 0 0 0 0 1 0.9484 0.057141 0.311885 0.000011 -0.01285 0.989746 -0.14226 0.244116 -0.316815 0.130911 0.939409 0 0 0 0 1 0.948325 0.057142 0.312112 0.000011 -0.012822 0.989748 -0.142248 0.244116 -0.317041 0.130895 0.939336 0 0 0 0 1 0.948313 0.057141 0.31215 0.000011 -0.012821 0.98975 -0.142231 0.244116 -0.317078 0.130878 0.939326 0 0 0 0 1 0.94835 0.057141 0.312037 0.000011 -0.01285 0.989756 -0.142193 0.244116 -0.316966 0.130839 0.939369 0 0 0 0 1 0.948437 0.057163 0.31177 0.000011 -0.012942 0.989767 -0.142105 0.244116 -0.316703 0.130742 0.939471 0 0 0 0 1 0.948558 0.057192 0.311395 0.000011 -0.013069 0.989784 -0.141975 0.244116 -0.316334 0.130602 0.939615 0 0 0 0 1 0.948707 0.057223 0.310936 0.000011 -0.013237 0.989811 -0.141773 0.244116 -0.315881 0.130385 0.939797 0 0 0 0 1 0.948859 0.057299 0.310458 0.000011 -0.013445 0.989833 -0.141596 0.244116 -0.315415 0.13018 0.939982 0 0 0 0 1 0.948988 0.057475 0.310029 0.000011 -0.013692 0.989831 -0.14159 0.244116 -0.315014 0.130122 0.940125 0 0 0 0 1 0.9491 0.057658 0.309653 0.000011 -0.013919 0.98982 -0.141645 0.244116 -0.314668 0.130126 0.94024 0 0 0 0 1 0.949187 0.057767 0.309364 0.000011 -0.014051 0.989808 -0.141712 0.244116 -0.314398 0.130165 0.940325 0 0 0 0 1 0.94926 0.057807 0.309135 0.000011 -0.014108 0.989799 -0.141769 0.244116 -0.314177 0.130215 0.940392 0 0 0 0 1 0.949326 0.057747 0.308941 0.000011 -0.014066 0.989797 -0.141787 0.244116 -0.313977 0.130257 0.940453 0 0 0 0 1 0.949378 0.057618 0.308805 0.000011 -0.013974 0.989808 -0.141722 0.244116 -0.313824 0.130232 0.940507 0 0 0 0 1 0.949415 0.057442 0.308726 0.000011 -0.013863 0.989836 -0.141539 0.244116 -0.313719 0.130099 0.940561 0 0 0 0 1 0.94942 0.057246 0.308748 0.000011 -0.013748 0.989877 -0.141261 0.244116 -0.313709 0.129871 0.940596 0 0 0 0 1 0.949376 0.057076 0.308914 0.000011 -0.013673 0.989932 -0.140883 0.244116 -0.313845 0.129527 0.940598 0 0 0 0 1 0.949288 0.056894 0.309218 0.000011 -0.013582 0.989994 -0.140457 0.244116 -0.314115 0.129134 0.940561 0 0 0 0 1 0.949142 0.056672 0.309706 0.000011 -0.013425 0.990057 -0.140023 0.244116 -0.314562 0.128743 0.940466 0 0 0 0 1 0.948973 0.056424 0.310269 0.000011 -0.013226 0.990119 -0.139604 0.244116 -0.31508 0.128376 0.940343 0 0 0 0 1 0.948801 0.056141 0.310845 0.000011 -0.012975 0.990175 -0.139229 0.244116 -0.315607 0.128068 0.940208 0 0 0 0 1 0.948656 0.055871 0.311335 0.000011 -0.012727 0.990221 -0.138923 0.244116 -0.316052 0.127828 0.940091 0 0 0 0 1 0.948576 0.055655 0.311618 0.000011 -0.012527 0.990251 -0.138728 0.244116 -0.316301 0.12769 0.940026 0 0 0 0 1 0.94856 0.0555 0.311695 0.000011 -0.012392 0.990269 -0.138613 0.244116 -0.316355 0.12762 0.940017 0 0 0 0 1 0.948626 0.05549 0.311495 0.000011 -0.012424 0.990274 -0.138572 0.244116 -0.316155 0.127583 0.94009 0 0 0 0 1 0.948747 0.05554 0.311117 0.000011 -0.012532 0.990274 -0.138565 0.244116 -0.315787 0.127564 0.940216 0 0 0 0 1 0.948909 0.055569 0.310618 0.000011 -0.012634 0.990273 -0.138564 0.244116 -0.315296 0.127561 0.940381 0 0 0 0 1 0.949092 0.055549 0.310063 0.000011 -0.01269 0.990272 -0.138567 0.244116 -0.314744 0.127578 0.940564 0 0 0 0 1 0.949267 0.055519 0.30953 0.000011 -0.012732 0.99027 -0.138573 0.244116 -0.314212 0.127602 0.940738 0 0 0 0 1 0.949431 0.055499 0.309032 0.000011 -0.012779 0.990269 -0.138581 0.244116 -0.313716 0.127624 0.940901 0 0 0 0 1 0.949579 0.05547 0.308583 0.000011 -0.012809 0.990267 -0.138592 0.244116 -0.313267 0.127651 0.941047 0 0 0 0 1 0.949681 0.055457 0.308269 0.000011 -0.012835 0.990264 -0.138608 0.244116 -0.312954 0.127676 0.941147 0 0 0 0 1 0.9497 0.055487 0.308206 0.000011 -0.012865 0.99026 -0.138634 0.244116 -0.312897 0.127695 0.941164 0 0 0 0 1 0.949666 0.055558 0.308297 0.000011 -0.012911 0.990253 -0.138683 0.244116 -0.312997 0.127722 0.941127 0 0 0 0 1 0.94959 0.055697 0.308506 0.000011 -0.012994 0.990238 -0.138779 0.244116 -0.313224 0.127774 0.941044 0 0 0 0 1 0.949489 0.055903 0.30878 0.000011 -0.013104 0.990209 -0.138979 0.244116 -0.313526 0.127912 0.940925 0 0 0 0 1 0.949381 0.056157 0.309067 0.000011 -0.013212 0.990159 -0.139324 0.244116 -0.31385 0.128188 0.94078 0 0 0 0 1 0.949274 0.056431 0.309345 0.000011 -0.013317 0.990097 -0.139751 0.244116 -0.314168 0.128542 0.940625 0 0 0 0 1 0.949188 0.056699 0.30956 0.000011 -0.013406 0.990029 -0.140227 0.244116 -0.314424 0.128951 0.940483 0 0 0 0 1 0.949114 0.05694 0.309743 0.000011 -0.013477 0.989962 -0.140689 0.244116 -0.314645 0.129355 0.940354 0 0 0 0 1 0.949045 0.057149 0.309916 0.000011 -0.013526 0.9899 -0.14112 0.244116 -0.314851 0.129737 0.940233 0 0 0 0 1 0.948979 0.057299 0.310089 0.000011 -0.01354 0.98985 -0.14147 0.244116 -0.315048 0.130053 0.940123 0 0 0 0 1 0.948979 0.057299 0.310089 0.000011 -0.01354 0.98985 -0.14147 0.244116 -0.315048 0.130053 0.940123 0 0 0 0 1 0.948829 0.057484 0.310514 0.000011 -0.013535 0.989792 -0.141879 0.244116 -0.315499 0.130416 0.939921 0 0 0 0 1 0.948748 0.057559 0.310747 0.000011 -0.013526 0.989769 -0.142035 0.244116 -0.315743 0.130552 0.93982 0 0 0 0 1</float_array>
        <technique_common>
          <accessor source="#LeftHand_matrix_LeftHand_transform-output-array" count="106" stride="16">
            <param name="TRANSFORM" type="float4x4"/>
          </accessor>
        </technique_common>
      </source>
      <source id="LeftHand_matrix_LeftHand_transform-interpolations">
        <Name_array id="LeftHand_matrix_LeftHand_transform-interpolations-array" count="106">LINEAR LINEAR LINEAR LINEAR LINEAR LINEAR LINEAR LINEAR LINEAR LINEAR LINEAR LINEAR LINEAR LINEAR LINEAR LINEAR LINEAR LINEAR LINEAR LINEAR LINEAR LINEAR LINEAR LINEAR LINEAR LINEAR LINEAR LINEAR LINEAR LINEAR LINEAR LINEAR LINEAR LINEAR LINEAR LINEAR LINEAR LINEAR LINEAR LINEAR LINEAR LINEAR LINEAR LINEAR LINEAR LINEAR LINEAR LINEAR LINEAR LINEAR LINEAR LINEAR LINEAR LINEAR LINEAR LINEAR LINEAR LINEAR LINEAR LINEAR LINEAR LINEAR LINEAR LINEAR LINEAR LINEAR LINEAR LINEAR LINEAR LINEAR LINEAR LINEAR LINEAR LINEAR LINEAR LINEAR LINEAR LINEAR LINEAR LINEAR LINEAR LINEAR LINEAR LINEAR LINEAR LINEAR LINEAR LINEAR LINEAR LINEAR LINEAR LINEAR LINEAR LINEAR LINEAR LINEAR LINEAR LINEAR LINEAR LINEAR LINEAR LINEAR LINEAR LINEAR LINEAR LINEAR</Name_array>
        <technique_common>
          <accessor source="#LeftHand_matrix_LeftHand_transform-interpolations-array" count="106" stride="1">
            <param name="INTERPOLATION" type="Name"/>
          </accessor>
        </technique_common>
      </source>
      <sampler id="LeftHand_matrix_LeftHand_transform-sampler">
        <input semantic="INPUT" source="#LeftHand_matrix_LeftHand_transform-input"/>
        <input semantic="OUTPUT" source="#LeftHand_matrix_LeftHand_transform-output"/>
        <input semantic="INTERPOLATION" source="#LeftHand_matrix_LeftHand_transform-interpolations"/>
      </sampler>
      <channel source="#LeftHand_matrix_LeftHand_transform-sampler" target="LeftHand/transform"/>
    </animation>
    <animation id="LeftForeArm_Helper1_matrix">
      <source id="LeftForeArm_Helper1_matrix_LeftForeArm_Helper1_transform-input">
        <float_array id="LeftForeArm_Helper1_matrix_LeftForeArm_Helper1_transform-input-array" count="106">0 0.033333 0.066666 0.1 0.133333 0.166667 0.2 0.233333 0.266667 0.3 0.333333 0.366667 0.4 0.433333 0.466667 0.5 0.533333 0.566667 0.6 0.633333 0.666667 0.7 0.733333 0.766667 0.8 0.833333 0.866667 0.9 0.933333 0.966667 1 1.03333 1.06667 1.1 1.13333 1.16667 1.2 1.23333 1.26667 1.3 1.33333 1.36667 1.4 1.43333 1.46667 1.5 1.53333 1.56667 1.6 1.63333 1.66667 1.7 1.73333 1.76667 1.8 1.83333 1.86667 1.9 1.93333 1.96667 2 2.03333 2.06667 2.1 2.13333 2.16667 2.2 2.23333 2.26667 2.3 2.33333 2.36667 2.4 2.43333 2.46667 2.5 2.53333 2.56667 2.6 2.63333 2.66667 2.7 2.73333 2.76667 2.8 2.83333 2.86667 2.9 2.93333 2.96667 3 3.03333 3.06667 3.1 3.13333 3.16667 3.2 3.23333 3.26667 3.3 3.33333 3.36667 3.4 3.43333 3.46667 3.5</float_array>
        <technique_common>
          <accessor source="#LeftForeArm_Helper1_matrix_LeftForeArm_Helper1_transform-input-array" count="106" stride="1">
            <param name="TIME" type="float"/>
          </accessor>
        </technique_common>
        <technique profile="MAYA">
          <pre_infinity>CONSTANT</pre_infinity>
          <post_infinity>CONSTANT</post_infinity>
        </technique>
      </source>
      <source id="LeftForeArm_Helper1_matrix_LeftForeArm_Helper1_transform-output">
        <float_array id="LeftForeArm_Helper1_matrix_LeftForeArm_Helper1_transform-output-array" count="1696">0.987126 0 0.159945 0 0 1 0 0.078445 -0.159945 0 0.987126 0 0 0 0 1 0.987089 0 0.160174 0 0 1 0 0.078445 -0.160174 0 0.987089 0 0 0 0 1 0.987057 0 0.16037 0 0 1 0 0.078445 -0.16037 0 0.987057 0 0 0 0 1 0.987037 0 0.160494 0 0 1 0 0.078445 -0.160494 0 0.987037 0 0 0 0 1 0.987032 0 0.160526 0 0 1 0 0.078445 -0.160526 0 0.987032 0 0 0 0 1 0.987049 0 0.160422 0 0 1 0 0.078445 -0.160422 0 0.987049 0 0 0 0 1 0.98708 0 0.160231 0 0 1 0 0.078445 -0.160231 0 0.98708 0 0 0 0 1 0.987121 0 0.159975 0 0 1 0 0.078445 -0.159975 0 0.987121 0 0 0 0 1 0.987167 0 0.159688 0 0 1 0 0.078445 -0.159688 0 0.987167 0 0 0 0 1 0.987212 0 0.159412 0 0 1 0 0.078445 -0.159412 0 0.987212 0 0 0 0 1 0.987254 0 0.159154 0 0 1 0 0.078445 -0.159154 0 0.987254 0 0 0 0 1 0.987291 0 0.158921 0 0 1 0 0.078445 -0.158921 0 0.987291 0 0 0 0 1 0.987318 0 0.158758 0 0 1 0 0.078445 -0.158758 0 0.987318 0 0 0 0 1 0.987322 0 0.158728 0 0 1 0 0.078445 -0.158728 0 0.987322 0 0 0 0 1 0.987314 0 0.158781 0 0 1 0 0.078445 -0.158781 0 0.987314 0 0 0 0 1 0.987295 0 0.158899 0 0 1 0 0.078445 -0.158899 0 0.987295 0 0 0 0 1 0.98727 0 0.159056 0 0 1 0 0.078445 -0.159056 0 0.98727 0 0 0 0 1 0.987242 0 0.159224 0 0 1 0 0.078445 -0.159224 0 0.987242 0 0 0 0 1 0.987216 0 0.15939 0 0 1 0 0.078445 -0.15939 0 0.987216 0 0 0 0 1 0.987194 0 0.159524 0 0 1 0 0.078445 -0.159524 0 0.987194 0 0 0 0 1 0.987175 0 0.159641 0 0 1 0 0.078445 -0.159641 0 0.987175 0 0 0 0 1 0.987158 0 0.159746 0 0 1 0 0.078445 -0.159746 0 0.987158 0 0 0 0 1 0.987141 0 0.159849 0 0 1 0 0.078445 -0.159849 0 0.987141 0 0 0 0 1 0.987123 0 0.159964 0 0 1 0 0.078445 -0.159964 0 0.987123 0 0 0 0 1 0.987103 0 0.160084 0 0 1 0 0.078445 -0.160084 0 0.987103 0 0 0 0 1 0.987083 0 0.16021 0 0 1 0 0.078445 -0.16021 0 0.987083 0 0 0 0 1 0.987063 0 0.160334 0 0 1 0 0.078445 -0.160334 0 0.987063 0 0 0 0 1 0.987043 0 0.160454 0 0 1 0 0.078445 -0.160454 0 0.987043 0 0 0 0 1 0.987028 0 0.160547 0 0 1 0 0.078445 -0.160547 0 0.987028 0 0 0 0 1 0.987022 0 0.160588 0 0 1 0 0.078445 -0.160588 0 0.987022 0 0 0 0 1 0.987022 0 0.160583 0 0 1 0 0.078445 -0.160583 0 0.987022 0 0 0 0 1 0.987032 0 0.160526 0 0 1 0 0.078445 -0.160526 0 0.987032 0 0 0 0 1 0.987048 0 0.160427 0 0 1 0 0.078445 -0.160427 0 0.987048 0 0 0 0 1 0.987072 0 0.160278 0 0 1 0 0.078445 -0.160278 0 0.987072 0 0 0 0 1 0.987096 0 0.160127 0 0 1 0 0.078445 -0.160127 0 0.987096 0 0 0 0 1 0.987116 0 0.160005 0 0 1 0 0.078445 -0.160005 0 0.987116 0 0 0 0 1 0.987124 0 0.159956 0 0 1 0 0.078445 -0.159956 0 0.987124 0 0 0 0 1 0.987106 0 0.160067 0 0 1 0 0.078445 -0.160067 0 0.987106 0 0 0 0 1 0.987078 0 0.160243 0 0 1 0 0.078445 -0.160243 0 0.987078 0 0 0 0 1 0.987048 0 0.160427 0 0 1 0 0.078445 -0.160427 0 0.987048 0 0 0 0 1 0.987022 0 0.160588 0 0 1 0 0.078445 -0.160588 0 0.987022 0 0 0 0 1 0.987009 0 0.160662 0 0 1 0 0.078445 -0.160662 0 0.987009 0 0 0 0 1 0.987008 0 0.160668 0 0 1 0 0.078445 -0.160668 0 0.987008 0 0 0 0 1 0.987011 0 0.160652 0 0 1 0 0.078445 -0.160652 0 0.987011 0 0 0 0 1 0.987012 0 0.160644 0 0 1 0 0.078445 -0.160644 0 0.987012 0 0 0 0 1 0.987006 0 0.160684 0 0 1 0 0.078445 -0.160684 0 0.987006 0 0 0 0 1 0.986998 0 0.160735 0 0 1 0 0.078445 -0.160735 0 0.986998 0 0 0 0 1 0.986992 0 0.16077 0 0 1 0 0.078445 -0.16077 0 0.986992 0 0 0 0 1 0.986992 0 0.160771 0 0 1 0 0.078445 -0.160771 0 0.986992 0 0 0 0 1 0.987002 0 0.160706 0 0 1 0 0.078445 -0.160706 0 0.987002 0 0 0 0 1 0.987022 0 0.160587 0 0 1 0 0.078445 -0.160587 0 0.987022 0 0 0 0 1 0.987051 0 0.160405 0 0 1 0 0.078445 -0.160405 0 0.987051 0 0 0 0 1 0.987085 0 0.1602 0 0 1 0 0.078445 -0.1602 0 0.987085 0 0 0 0 1 0.987117 0 0.160002 0 0 1 0 0.078445 -0.160002 0 0.987117 0 0 0 0 1 0.987143 0 0.159838 0 0 1 0 0.078445 -0.159838 0 0.987143 0 0 0 0 1 0.987159 0 0.159744 0 0 1 0 0.078445 -0.159744 0 0.987159 0 0 0 0 1 0.987163 0 0.159716 0 0 1 0 0.078445 -0.159716 0 0.987163 0 0 0 0 1 0.987154 0 0.159769 0 0 1 0 0.078445 -0.159769 0 0.987154 0 0 0 0 1 0.987134 0 0.159893 0 0 1 0 0.078445 -0.159893 0 0.987134 0 0 0 0 1 0.9871 0 0.160103 0 0 1 0 0.078445 -0.160103 0 0.9871 0 0 0 0 1 0.987064 0 0.160326 0 0 1 0 0.078445 -0.160326 0 0.987064 0 0 0 0 1 0.987036 0 0.160502 0 0 1 0 0.078445 -0.160502 0 0.987036 0 0 0 0 1 0.987016 0 0.160619 0 0 1 0 0.078445 -0.160619 0 0.987016 0 0 0 0 1 0.987013 0 0.160638 0 0 1 0 0.078445 -0.160638 0 0.987013 0 0 0 0 1 0.987023 0 0.16058 0 0 1 0 0.078445 -0.16058 0 0.987023 0 0 0 0 1 0.987045 0 0.160443 0 0 1 0 0.078445 -0.160443 0 0.987045 0 0 0 0 1 0.987076 0 0.160251 0 0 1 0 0.078445 -0.160251 0 0.987076 0 0 0 0 1 0.987114 0 0.160016 0 0 1 0 0.078445 -0.160016 0 0.987114 0 0 0 0 1 0.987154 0 0.159774 0 0 1 0 0.078445 -0.159774 0 0.987154 0 0 0 0 1 0.987187 0 0.159566 0 0 1 0 0.078445 -0.159566 0 0.987187 0 0 0 0 1 0.987216 0 0.159387 0 0 1 0 0.078445 -0.159387 0 0.987216 0 0 0 0 1 0.987239 0 0.159247 0 0 1 0 0.078445 -0.159247 0 0.987239 0 0 0 0 1 0.987257 0 0.159132 0 0 1 0 0.078445 -0.159132 0 0.987257 0 0 0 0 1 0.987274 0 0.159028 0 0 1 0 0.078445 -0.159028 0 0.987274 0 0 0 0 1 0.987287 0 0.158948 0 0 1 0 0.078445 -0.158948 0 0.987287 0 0 0 0 1 0.987296 0 0.158893 0 0 1 0 0.078445 -0.158893 0 0.987296 0 0 0 0 1 0.987297 0 0.158888 0 0 1 0 0.078445 -0.158888 0 0.987297 0 0 0 0 1 0.987285 0 0.158958 0 0 1 0 0.078445 -0.158958 0 0.987285 0 0 0 0 1 0.987263 0 0.159099 0 0 1 0 0.078445 -0.159099 0 0.987263 0 0 0 0 1 0.987225 0 0.159331 0 0 1 0 0.078445 -0.159331 0 0.987225 0 0 0 0 1 0.987182 0 0.1596 0 0 1 0 0.078445 -0.1596 0 0.987182 0 0 0 0 1 0.987138 0 0.159873 0 0 1 0 0.078445 -0.159873 0 0.987138 0 0 0 0 1 0.9871 0 0.160104 0 0 1 0 0.078445 -0.160104 0 0.9871 0 0 0 0 1 0.987079 0 0.160233 0 0 1 0 0.078445 -0.160233 0 0.987079 0 0 0 0 1 0.987075 0 0.160261 0 0 1 0 0.078445 -0.160261 0 0.987075 0 0 0 0 1 0.987092 0 0.160157 0 0 1 0 0.078445 -0.160157 0 0.987092 0 0 0 0 1 0.987123 0 0.159966 0 0 1 0 0.078445 -0.159966 0 0.987123 0 0 0 0 1 0.987164 0 0.159711 0 0 1 0 0.078445 -0.159711 0 0.987164 0 0 0 0 1 0.98721 0 0.159424 0 0 1 0 0.078445 -0.159424 0 0.98721 0 0 0 0 1 0.987255 0 0.159147 0 0 1 0 0.078445 -0.159147 0 0.987255 0 0 0 0 1 0.987296 0 0.158889 0 0 1 0 0.078445 -0.158889 0 0.987296 0 0 0 0 1 0.987334 0 0.158656 0 0 1 0 0.078445 -0.158656 0 0.987334 0 0 0 0 1 0.98736 0 0.158493 0 0 1 0 0.078445 -0.158493 0 0.98736 0 0 0 0 1 0.987365 0 0.158464 0 0 1 0 0.078445 -0.158464 0 0.987365 0 0 0 0 1 0.987356 0 0.158516 0 0 1 0 0.078445 -0.158516 0 0.987356 0 0 0 0 1 0.987337 0 0.158634 0 0 1 0 0.078445 -0.158634 0 0.987337 0 0 0 0 1 0.987312 0 0.158791 0 0 1 0 0.078445 -0.158791 0 0.987312 0 0 0 0 1 0.987285 0 0.15896 0 0 1 0 0.078445 -0.15896 0 0.987285 0 0 0 0 1 0.987258 0 0.159125 0 0 1 0 0.078445 -0.159125 0 0.987258 0 0 0 0 1 0.987237 0 0.159259 0 0 1 0 0.078445 -0.159259 0 0.987237 0 0 0 0 1 0.987218 0 0.159374 0 0 1 0 0.078445 -0.159374 0 0.987218 0 0 0 0 1 0.987201 0 0.159481 0 0 1 0 0.078445 -0.159481 0 0.987201 0 0 0 0 1 0.987184 0 0.159584 0 0 1 0 0.078445 -0.159584 0 0.987184 0 0 0 0 1 0.987184 0 0.159584 0 0 1 0 0.078445 -0.159584 0 0.987184 0 0 0 0 1 0.987146 0 0.159818 0 0 1 0 0.078445 -0.159818 0 0.987146 0 0 0 0 1 0.987126 0 0.159945 0 0 1 0 0.078445 -0.159945 0 0.987126 0 0 0 0 1</float_array>
        <technique_common>
          <accessor source="#LeftForeArm_Helper1_matrix_LeftForeArm_Helper1_transform-output-array" count="106" stride="16">
            <param name="TRANSFORM" type="float4x4"/>
          </accessor>
        </technique_common>
      </source>
      <source id="LeftForeArm_Helper1_matrix_LeftForeArm_Helper1_transform-interpolations">
        <Name_array id="LeftForeArm_Helper1_matrix_LeftForeArm_Helper1_transform-interpolations-array" count="106">LINEAR LINEAR LINEAR LINEAR LINEAR LINEAR LINEAR LINEAR LINEAR LINEAR LINEAR LINEAR LINEAR LINEAR LINEAR LINEAR LINEAR LINEAR LINEAR LINEAR LINEAR LINEAR LINEAR LINEAR LINEAR LINEAR LINEAR LINEAR LINEAR LINEAR LINEAR LINEAR LINEAR LINEAR LINEAR LINEAR LINEAR LINEAR LINEAR LINEAR LINEAR LINEAR LINEAR LINEAR LINEAR LINEAR LINEAR LINEAR LINEAR LINEAR LINEAR LINEAR LINEAR LINEAR LINEAR LINEAR LINEAR LINEAR LINEAR LINEAR LINEAR LINEAR LINEAR LINEAR LINEAR LINEAR LINEAR LINEAR LINEAR LINEAR LINEAR LINEAR LINEAR LINEAR LINEAR LINEAR LINEAR LINEAR LINEAR LINEAR LINEAR LINEAR LINEAR LINEAR LINEAR LINEAR LINEAR LINEAR LINEAR LINEAR LINEAR LINEAR LINEAR LINEAR LINEAR LINEAR LINEAR LINEAR LINEAR LINEAR LINEAR LINEAR LINEAR LINEAR LINEAR LINEAR</Name_array>
        <technique_common>
          <accessor source="#LeftForeArm_Helper1_matrix_LeftForeArm_Helper1_transform-interpolations-array" count="106" stride="1">
            <param name="INTERPOLATION" type="Name"/>
          </accessor>
        </technique_common>
      </source>
      <sampler id="LeftForeArm_Helper1_matrix_LeftForeArm_Helper1_transform-sampler">
        <input semantic="INPUT" source="#LeftForeArm_Helper1_matrix_LeftForeArm_Helper1_transform-input"/>
        <input semantic="OUTPUT" source="#LeftForeArm_Helper1_matrix_LeftForeArm_Helper1_transform-output"/>
        <input semantic="INTERPOLATION" source="#LeftForeArm_Helper1_matrix_LeftForeArm_Helper1_transform-interpolations"/>
      </sampler>
      <channel source="#LeftForeArm_Helper1_matrix_LeftForeArm_Helper1_transform-sampler" target="LeftForeArm_Helper1/transform"/>
    </animation>
    <animation id="LeftForeArm_Helper2_matrix">
      <source id="LeftForeArm_Helper2_matrix_LeftForeArm_Helper2_transform-input">
        <float_array id="LeftForeArm_Helper2_matrix_LeftForeArm_Helper2_transform-input-array" count="106">0 0.033333 0.066666 0.1 0.133333 0.166667 0.2 0.233333 0.266667 0.3 0.333333 0.366667 0.4 0.433333 0.466667 0.5 0.533333 0.566667 0.6 0.633333 0.666667 0.7 0.733333 0.766667 0.8 0.833333 0.866667 0.9 0.933333 0.966667 1 1.03333 1.06667 1.1 1.13333 1.16667 1.2 1.23333 1.26667 1.3 1.33333 1.36667 1.4 1.43333 1.46667 1.5 1.53333 1.56667 1.6 1.63333 1.66667 1.7 1.73333 1.76667 1.8 1.83333 1.86667 1.9 1.93333 1.96667 2 2.03333 2.06667 2.1 2.13333 2.16667 2.2 2.23333 2.26667 2.3 2.33333 2.36667 2.4 2.43333 2.46667 2.5 2.53333 2.56667 2.6 2.63333 2.66667 2.7 2.73333 2.76667 2.8 2.83333 2.86667 2.9 2.93333 2.96667 3 3.03333 3.06667 3.1 3.13333 3.16667 3.2 3.23333 3.26667 3.3 3.33333 3.36667 3.4 3.43333 3.46667 3.5</float_array>
        <technique_common>
          <accessor source="#LeftForeArm_Helper2_matrix_LeftForeArm_Helper2_transform-input-array" count="106" stride="1">
            <param name="TIME" type="float"/>
          </accessor>
        </technique_common>
        <technique profile="MAYA">
          <pre_infinity>CONSTANT</pre_infinity>
          <post_infinity>CONSTANT</post_infinity>
        </technique>
      </source>
      <source id="LeftForeArm_Helper2_matrix_LeftForeArm_Helper2_transform-output">
        <float_array id="LeftForeArm_Helper2_matrix_LeftForeArm_Helper2_transform-output-array" count="1696">0.987126 0 0.159945 0 0 1 0 0.153671 -0.159945 0 0.987126 0 0 0 0 1 0.987089 0 0.160174 0 0 1 0 0.153671 -0.160174 0 0.987089 0 0 0 0 1 0.987057 0 0.16037 0 0 1 0 0.153671 -0.16037 0 0.987057 0 0 0 0 1 0.987037 0 0.160494 0 0 1 0 0.153671 -0.160494 0 0.987037 0 0 0 0 1 0.987032 0 0.160526 0 0 1 0 0.153671 -0.160526 0 0.987032 0 0 0 0 1 0.987049 0 0.160422 0 0 1 0 0.153671 -0.160422 0 0.987049 0 0 0 0 1 0.98708 0 0.160231 0 0 1 0 0.153671 -0.160231 0 0.98708 0 0 0 0 1 0.987121 0 0.159975 0 0 1 0 0.153671 -0.159975 0 0.987121 0 0 0 0 1 0.987167 0 0.159688 0 0 1 0 0.153671 -0.159688 0 0.987167 0 0 0 0 1 0.987212 0 0.159412 0 0 1 0 0.153671 -0.159412 0 0.987212 0 0 0 0 1 0.987254 0 0.159154 0 0 1 0 0.153671 -0.159154 0 0.987254 0 0 0 0 1 0.987291 0 0.158921 0 0 1 0 0.153671 -0.158921 0 0.987291 0 0 0 0 1 0.987318 0 0.158758 0 0 1 0 0.153671 -0.158758 0 0.987318 0 0 0 0 1 0.987322 0 0.158728 0 0 1 0 0.153671 -0.158728 0 0.987322 0 0 0 0 1 0.987314 0 0.158781 0 0 1 0 0.153671 -0.158781 0 0.987314 0 0 0 0 1 0.987295 0 0.158899 0 0 1 0 0.153671 -0.158899 0 0.987295 0 0 0 0 1 0.98727 0 0.159056 0 0 1 0 0.153671 -0.159056 0 0.98727 0 0 0 0 1 0.987242 0 0.159224 0 0 1 0 0.153671 -0.159224 0 0.987242 0 0 0 0 1 0.987216 0 0.15939 0 0 1 0 0.153671 -0.15939 0 0.987216 0 0 0 0 1 0.987194 0 0.159524 0 0 1 0 0.153671 -0.159524 0 0.987194 0 0 0 0 1 0.987175 0 0.159641 0 0 1 0 0.153671 -0.159641 0 0.987175 0 0 0 0 1 0.987158 0 0.159746 0 0 1 0 0.153671 -0.159746 0 0.987158 0 0 0 0 1 0.987141 0 0.159849 0 0 1 0 0.153671 -0.159849 0 0.987141 0 0 0 0 1 0.987123 0 0.159964 0 0 1 0 0.153671 -0.159964 0 0.987123 0 0 0 0 1 0.987103 0 0.160084 0 0 1 0 0.153671 -0.160084 0 0.987103 0 0 0 0 1 0.987083 0 0.16021 0 0 1 0 0.153671 -0.16021 0 0.987083 0 0 0 0 1 0.987063 0 0.160334 0 0 1 0 0.153671 -0.160334 0 0.987063 0 0 0 0 1 0.987043 0 0.160454 0 0 1 0 0.153671 -0.160454 0 0.987043 0 0 0 0 1 0.987028 0 0.160547 0 0 1 0 0.153671 -0.160547 0 0.987028 0 0 0 0 1 0.987022 0 0.160588 0 0 1 0 0.153671 -0.160588 0 0.987022 0 0 0 0 1 0.987022 0 0.160583 0 0 1 0 0.153671 -0.160583 0 0.987022 0 0 0 0 1 0.987032 0 0.160526 0 0 1 0 0.153671 -0.160526 0 0.987032 0 0 0 0 1 0.987048 0 0.160427 0 0 1 0 0.153671 -0.160427 0 0.987048 0 0 0 0 1 0.987072 0 0.160278 0 0 1 0 0.153671 -0.160278 0 0.987072 0 0 0 0 1 0.987096 0 0.160127 0 0 1 0 0.153671 -0.160127 0 0.987096 0 0 0 0 1 0.987116 0 0.160005 0 0 1 0 0.153671 -0.160005 0 0.987116 0 0 0 0 1 0.987124 0 0.159956 0 0 1 0 0.153671 -0.159956 0 0.987124 0 0 0 0 1 0.987106 0 0.160067 0 0 1 0 0.153671 -0.160067 0 0.987106 0 0 0 0 1 0.987078 0 0.160243 0 0 1 0 0.153671 -0.160243 0 0.987078 0 0 0 0 1 0.987048 0 0.160427 0 0 1 0 0.153671 -0.160427 0 0.987048 0 0 0 0 1 0.987022 0 0.160588 0 0 1 0 0.153671 -0.160588 0 0.987022 0 0 0 0 1 0.987009 0 0.160662 0 0 1 0 0.153671 -0.160662 0 0.987009 0 0 0 0 1 0.987008 0 0.160668 0 0 1 0 0.153671 -0.160668 0 0.987008 0 0 0 0 1 0.987011 0 0.160652 0 0 1 0 0.153671 -0.160652 0 0.987011 0 0 0 0 1 0.987012 0 0.160644 0 0 1 0 0.153671 -0.160644 0 0.987012 0 0 0 0 1 0.987006 0 0.160684 0 0 1 0 0.153671 -0.160684 0 0.987006 0 0 0 0 1 0.986998 0 0.160735 0 0 1 0 0.153671 -0.160735 0 0.986998 0 0 0 0 1 0.986992 0 0.16077 0 0 1 0 0.153671 -0.16077 0 0.986992 0 0 0 0 1 0.986992 0 0.160771 0 0 1 0 0.153671 -0.160771 0 0.986992 0 0 0 0 1 0.987002 0 0.160706 0 0 1 0 0.153671 -0.160706 0 0.987002 0 0 0 0 1 0.987022 0 0.160587 0 0 1 0 0.153671 -0.160587 0 0.987022 0 0 0 0 1 0.987051 0 0.160405 0 0 1 0 0.153671 -0.160405 0 0.987051 0 0 0 0 1 0.987085 0 0.1602 0 0 1 0 0.153671 -0.1602 0 0.987085 0 0 0 0 1 0.987117 0 0.160002 0 0 1 0 0.153671 -0.160002 0 0.987117 0 0 0 0 1 0.987143 0 0.159838 0 0 1 0 0.153671 -0.159838 0 0.987143 0 0 0 0 1 0.987159 0 0.159744 0 0 1 0 0.153671 -0.159744 0 0.987159 0 0 0 0 1 0.987163 0 0.159716 0 0 1 0 0.153671 -0.159716 0 0.987163 0 0 0 0 1 0.987154 0 0.159769 0 0 1 0 0.153671 -0.159769 0 0.987154 0 0 0 0 1 0.987134 0 0.159893 0 0 1 0 0.153671 -0.159893 0 0.987134 0 0 0 0 1 0.9871 0 0.160103 0 0 1 0 0.153671 -0.160103 0 0.9871 0 0 0 0 1 0.987064 0 0.160326 0 0 1 0 0.153671 -0.160326 0 0.987064 0 0 0 0 1 0.987036 0 0.160502 0 0 1 0 0.153671 -0.160502 0 0.987036 0 0 0 0 1 0.987016 0 0.160619 0 0 1 0 0.153671 -0.160619 0 0.987016 0 0 0 0 1 0.987013 0 0.160638 0 0 1 0 0.153671 -0.160638 0 0.987013 0 0 0 0 1 0.987023 0 0.16058 0 0 1 0 0.153671 -0.16058 0 0.987023 0 0 0 0 1 0.987045 0 0.160443 0 0 1 0 0.153671 -0.160443 0 0.987045 0 0 0 0 1 0.987076 0 0.160251 0 0 1 0 0.153671 -0.160251 0 0.987076 0 0 0 0 1 0.987114 0 0.160016 0 0 1 0 0.153671 -0.160016 0 0.987114 0 0 0 0 1 0.987154 0 0.159774 0 0 1 0 0.153671 -0.159774 0 0.987154 0 0 0 0 1 0.987187 0 0.159566 0 0 1 0 0.153671 -0.159566 0 0.987187 0 0 0 0 1 0.987216 0 0.159387 0 0 1 0 0.153671 -0.159387 0 0.987216 0 0 0 0 1 0.987239 0 0.159247 0 0 1 0 0.153671 -0.159247 0 0.987239 0 0 0 0 1 0.987257 0 0.159132 0 0 1 0 0.153671 -0.159132 0 0.987257 0 0 0 0 1 0.987274 0 0.159028 0 0 1 0 0.153671 -0.159028 0 0.987274 0 0 0 0 1 0.987287 0 0.158948 0 0 1 0 0.153671 -0.158948 0 0.987287 0 0 0 0 1 0.987296 0 0.158893 0 0 1 0 0.153671 -0.158893 0 0.987296 0 0 0 0 1 0.987297 0 0.158888 0 0 1 0 0.153671 -0.158888 0 0.987297 0 0 0 0 1 0.987285 0 0.158958 0 0 1 0 0.153671 -0.158958 0 0.987285 0 0 0 0 1 0.987263 0 0.159099 0 0 1 0 0.153671 -0.159099 0 0.987263 0 0 0 0 1 0.987225 0 0.159331 0 0 1 0 0.153671 -0.159331 0 0.987225 0 0 0 0 1 0.987182 0 0.1596 0 0 1 0 0.153671 -0.1596 0 0.987182 0 0 0 0 1 0.987138 0 0.159873 0 0 1 0 0.153671 -0.159873 0 0.987138 0 0 0 0 1 0.9871 0 0.160104 0 0 1 0 0.153671 -0.160104 0 0.9871 0 0 0 0 1 0.987079 0 0.160233 0 0 1 0 0.153671 -0.160233 0 0.987079 0 0 0 0 1 0.987075 0 0.160261 0 0 1 0 0.153671 -0.160261 0 0.987075 0 0 0 0 1 0.987092 0 0.160157 0 0 1 0 0.153671 -0.160157 0 0.987092 0 0 0 0 1 0.987123 0 0.159966 0 0 1 0 0.153671 -0.159966 0 0.987123 0 0 0 0 1 0.987164 0 0.159711 0 0 1 0 0.153671 -0.159711 0 0.987164 0 0 0 0 1 0.98721 0 0.159424 0 0 1 0 0.153671 -0.159424 0 0.98721 0 0 0 0 1 0.987255 0 0.159147 0 0 1 0 0.153671 -0.159147 0 0.987255 0 0 0 0 1 0.987296 0 0.158889 0 0 1 0 0.153671 -0.158889 0 0.987296 0 0 0 0 1 0.987334 0 0.158656 0 0 1 0 0.153671 -0.158656 0 0.987334 0 0 0 0 1 0.98736 0 0.158493 0 0 1 0 0.153671 -0.158493 0 0.98736 0 0 0 0 1 0.987365 0 0.158464 0 0 1 0 0.153671 -0.158464 0 0.987365 0 0 0 0 1 0.987356 0 0.158516 0 0 1 0 0.153671 -0.158516 0 0.987356 0 0 0 0 1 0.987337 0 0.158634 0 0 1 0 0.153671 -0.158634 0 0.987337 0 0 0 0 1 0.987312 0 0.158791 0 0 1 0 0.153671 -0.158791 0 0.987312 0 0 0 0 1 0.987285 0 0.15896 0 0 1 0 0.153671 -0.15896 0 0.987285 0 0 0 0 1 0.987258 0 0.159125 0 0 1 0 0.153671 -0.159125 0 0.987258 0 0 0 0 1 0.987237 0 0.159259 0 0 1 0 0.153671 -0.159259 0 0.987237 0 0 0 0 1 0.987218 0 0.159374 0 0 1 0 0.153671 -0.159374 0 0.987218 0 0 0 0 1 0.987201 0 0.159481 0 0 1 0 0.153671 -0.159481 0 0.987201 0 0 0 0 1 0.987184 0 0.159584 0 0 1 0 0.153671 -0.159584 0 0.987184 0 0 0 0 1 0.987184 0 0.159584 0 0 1 0 0.153671 -0.159584 0 0.987184 0 0 0 0 1 0.987146 0 0.159818 0 0 1 0 0.153671 -0.159818 0 0.987146 0 0 0 0 1 0.987126 0 0.159945 0 0 1 0 0.153671 -0.159945 0 0.987126 0 0 0 0 1</float_array>
        <technique_common>
          <accessor source="#LeftForeArm_Helper2_matrix_LeftForeArm_Helper2_transform-output-array" count="106" stride="16">
            <param name="TRANSFORM" type="float4x4"/>
          </accessor>
        </technique_common>
      </source>
      <source id="LeftForeArm_Helper2_matrix_LeftForeArm_Helper2_transform-interpolations">
        <Name_array id="LeftForeArm_Helper2_matrix_LeftForeArm_Helper2_transform-interpolations-array" count="106">LINEAR LINEAR LINEAR LINEAR LINEAR LINEAR LINEAR LINEAR LINEAR LINEAR LINEAR LINEAR LINEAR LINEAR LINEAR LINEAR LINEAR LINEAR LINEAR LINEAR LINEAR LINEAR LINEAR LINEAR LINEAR LINEAR LINEAR LINEAR LINEAR LINEAR LINEAR LINEAR LINEAR LINEAR LINEAR LINEAR LINEAR LINEAR LINEAR LINEAR LINEAR LINEAR LINEAR LINEAR LINEAR LINEAR LINEAR LINEAR LINEAR LINEAR LINEAR LINEAR LINEAR LINEAR LINEAR LINEAR LINEAR LINEAR LINEAR LINEAR LINEAR LINEAR LINEAR LINEAR LINEAR LINEAR LINEAR LINEAR LINEAR LINEAR LINEAR LINEAR LINEAR LINEAR LINEAR LINEAR LINEAR LINEAR LINEAR LINEAR LINEAR LINEAR LINEAR LINEAR LINEAR LINEAR LINEAR LINEAR LINEAR LINEAR LINEAR LINEAR LINEAR LINEAR LINEAR LINEAR LINEAR LINEAR LINEAR LINEAR LINEAR LINEAR LINEAR LINEAR LINEAR LINEAR</Name_array>
        <technique_common>
          <accessor source="#LeftForeArm_Helper2_matrix_LeftForeArm_Helper2_transform-interpolations-array" count="106" stride="1">
            <param name="INTERPOLATION" type="Name"/>
          </accessor>
        </technique_common>
      </source>
      <sampler id="LeftForeArm_Helper2_matrix_LeftForeArm_Helper2_transform-sampler">
        <input semantic="INPUT" source="#LeftForeArm_Helper2_matrix_LeftForeArm_Helper2_transform-input"/>
        <input semantic="OUTPUT" source="#LeftForeArm_Helper2_matrix_LeftForeArm_Helper2_transform-output"/>
        <input semantic="INTERPOLATION" source="#LeftForeArm_Helper2_matrix_LeftForeArm_Helper2_transform-interpolations"/>
      </sampler>
      <channel source="#LeftForeArm_Helper2_matrix_LeftForeArm_Helper2_transform-sampler" target="LeftForeArm_Helper2/transform"/>
    </animation>
    <animation id="LeftArm_Helper2_matrix">
      <source id="LeftArm_Helper2_matrix_LeftArm_Helper2_transform-input">
        <float_array id="LeftArm_Helper2_matrix_LeftArm_Helper2_transform-input-array" count="106">0 0.033333 0.066666 0.1 0.133333 0.166667 0.2 0.233333 0.266667 0.3 0.333333 0.366667 0.4 0.433333 0.466667 0.5 0.533333 0.566667 0.6 0.633333 0.666667 0.7 0.733333 0.766667 0.8 0.833333 0.866667 0.9 0.933333 0.966667 1 1.03333 1.06667 1.1 1.13333 1.16667 1.2 1.23333 1.26667 1.3 1.33333 1.36667 1.4 1.43333 1.46667 1.5 1.53333 1.56667 1.6 1.63333 1.66667 1.7 1.73333 1.76667 1.8 1.83333 1.86667 1.9 1.93333 1.96667 2 2.03333 2.06667 2.1 2.13333 2.16667 2.2 2.23333 2.26667 2.3 2.33333 2.36667 2.4 2.43333 2.46667 2.5 2.53333 2.56667 2.6 2.63333 2.66667 2.7 2.73333 2.76667 2.8 2.83333 2.86667 2.9 2.93333 2.96667 3 3.03333 3.06667 3.1 3.13333 3.16667 3.2 3.23333 3.26667 3.3 3.33333 3.36667 3.4 3.43333 3.46667 3.5</float_array>
        <technique_common>
          <accessor source="#LeftArm_Helper2_matrix_LeftArm_Helper2_transform-input-array" count="106" stride="1">
            <param name="TIME" type="float"/>
          </accessor>
        </technique_common>
        <technique profile="MAYA">
          <pre_infinity>CONSTANT</pre_infinity>
          <post_infinity>CONSTANT</post_infinity>
        </technique>
      </source>
      <source id="LeftArm_Helper2_matrix_LeftArm_Helper2_transform-output">
        <float_array id="LeftArm_Helper2_matrix_LeftArm_Helper2_transform-output-array" count="1696">0.732001 -0.005816 0.681279 0 0.676389 0.126095 -0.725671 0.188543 -0.081684 0.992001 0.096235 0 0 0 0 1 0.731768 -0.005784 0.681529 0 0.676634 0.126091 -0.725443 0.188543 -0.081738 0.992002 0.096183 0 0 0 0 1 0.731606 -0.005765 0.681703 0 0.676806 0.126084 -0.725284 0.188543 -0.08177 0.992003 0.096145 0 0 0 0 1 0.731415 -0.005812 0.681908 0 0.677014 0.126073 -0.725092 0.188543 -0.081755 0.992004 0.096146 0 0 0 0 1 0.73122 -0.005925 0.682116 0 0.677233 0.126058 -0.72489 0.188543 -0.08169 0.992005 0.096189 0 0 0 0 1 0.731044 -0.006135 0.682303 0 0.67744 0.126038 -0.7247 0.188543 -0.081549 0.992006 0.096295 0 0 0 0 1 0.730868 -0.006395 0.682489 0 0.677651 0.126018 -0.724506 0.188543 -0.081372 0.992007 0.096436 0 0 0 0 1 0.730683 -0.006679 0.682685 0 0.677873 0.126005 -0.7243 0.188543 -0.081183 0.992007 0.096597 0 0 0 0 1 0.73048 -0.006957 0.682898 0 0.678111 0.126018 -0.724076 0.188543 -0.081019 0.992004 0.096771 0 0 0 0 1 0.730237 -0.007186 0.683156 0 0.678382 0.126107 -0.723806 0.188543 -0.080948 0.991991 0.096963 0 0 0 0 1 0.729992 -0.007372 0.683416 0 0.678645 0.126252 -0.723534 0.188543 -0.080947 0.991971 0.097166 0 0 0 0 1 0.72976 -0.007499 0.683663 0 0.678885 0.126463 -0.723272 0.188543 -0.081033 0.991943 0.097378 0 0 0 0 1 0.729599 -0.007581 0.683833 0 0.679044 0.126679 -0.723085 0.188543 -0.081145 0.991915 0.097573 0 0 0 0 1 0.729578 -0.007621 0.683855 0 0.679055 0.126855 -0.723044 0.188543 -0.081239 0.991892 0.097725 0 0 0 0 1 0.729686 -0.007642 0.683739 0 0.678934 0.12696 -0.723139 0.188543 -0.08128 0.991878 0.09783 0 0 0 0 1 0.729957 -0.007669 0.68345 0 0.678652 0.126926 -0.723409 0.188543 -0.081199 0.991883 0.097855 0 0 0 0 1 0.730321 -0.00771 0.683061 0 0.67828 0.126823 -0.723777 0.188543 -0.081047 0.991895 0.097851 0 0 0 0 1 0.73073 -0.007788 0.682623 0 0.677864 0.126684 -0.72419 0.188543 -0.080837 0.991912 0.097851 0 0 0 0 1 0.731148 -0.007882 0.682174 0 0.677439 0.126554 -0.724611 0.188543 -0.080619 0.991928 0.097869 0 0 0 0 1 0.731532 -0.007984 0.68176 0 0.677041 0.126534 -0.724986 0.188543 -0.080476 0.99193 0.097969 0 0 0 0 1 0.731853 -0.008077 0.681414 0 0.676705 0.126561 -0.725295 0.188543 -0.080382 0.991926 0.09809 0 0 0 0 1 0.732049 -0.008144 0.681204 0 0.676499 0.126608 -0.725479 0.188543 -0.080337 0.991919 0.098193 0 0 0 0 1 0.732171 -0.008175 0.681072 0 0.676367 0.126658 -0.725593 0.188543 -0.080331 0.991913 0.098264 0 0 0 0 1 0.732234 -0.008141 0.681005 0 0.676293 0.126707 -0.725653 0.188543 -0.08038 0.991907 0.098284 0 0 0 0 1 0.732293 -0.008091 0.680941 0 0.676222 0.126749 -0.725712 0.188543 -0.080436 0.991902 0.098288 0 0 0 0 1 0.732417 -0.008059 0.680809 0 0.676087 0.126763 -0.725836 0.188543 -0.080451 0.9919 0.098292 0 0 0 0 1 0.732585 -0.00806 0.680628 0 0.675912 0.126705 -0.726009 0.188543 -0.080387 0.991908 0.09827 0 0 0 0 1 0.732825 -0.008131 0.680368 0 0.675673 0.126561 -0.726256 0.188543 -0.080202 0.991925 0.098241 0 0 0 0 1 0.733065 -0.008255 0.680108 0 0.675442 0.126384 -0.726502 0.188543 -0.079957 0.991947 0.098223 0 0 0 0 1 0.733254 -0.008434 0.679902 0 0.675269 0.126212 -0.726692 0.188543 -0.079682 0.991967 0.098241 0 0 0 0 1 0.733353 -0.008652 0.679792 0 0.675194 0.126063 -0.726788 0.188543 -0.079408 0.991984 0.098291 0 0 0 0 1 0.733283 -0.008897 0.679865 0 0.675297 0.125977 -0.726707 0.188543 -0.079181 0.991993 0.098385 0 0 0 0 1 0.733114 -0.009163 0.680044 0 0.675503 0.125938 -0.726523 0.188543 -0.078985 0.991996 0.098517 0 0 0 0 1 0.732868 -0.009436 0.680306 0 0.675792 0.125917 -0.726258 0.188543 -0.078808 0.991996 0.098657 0 0 0 0 1 0.732615 -0.009721 0.680574 0 0.676087 0.125899 -0.725986 0.188543 -0.078626 0.991995 0.098807 0 0 0 0 1 0.732434 -0.010027 0.680764 0 0.676308 0.125873 -0.725785 0.188543 -0.078412 0.991996 0.098975 0 0 0 0 1 0.732329 -0.010323 0.680873 0 0.676449 0.125817 -0.725663 0.188543 -0.078174 0.992 0.099123 0 0 0 0 1 0.732358 -0.010592 0.680838 0 0.676452 0.125679 -0.725684 0.188543 -0.077879 0.992014 0.099207 0 0 0 0 1 0.732438 -0.010801 0.680749 0 0.676397 0.125516 -0.725764 0.188543 -0.077605 0.992033 0.099238 0 0 0 0 1 0.732522 -0.010903 0.680656 0 0.676327 0.125363 -0.725856 0.188543 -0.077414 0.992051 0.099205 0 0 0 0 1 0.732563 -0.01092 0.680612 0 0.676295 0.125236 -0.725907 0.188543 -0.07731 0.992067 0.099128 0 0 0 0 1 0.732458 -0.010848 0.680725 0 0.676406 0.125166 -0.725816 0.188543 -0.07733 0.992077 0.099016 0 0 0 0 1 0.732313 -0.010709 0.680884 0 0.676549 0.125165 -0.725682 0.188543 -0.077451 0.992078 0.098905 0 0 0 0 1 0.732176 -0.010504 0.681035 0 0.676676 0.125198 -0.725558 0.188543 -0.077642 0.992076 0.098775 0 0 0 0 1 0.732106 -0.010274 0.681114 0 0.676728 0.125247 -0.725502 0.188543 -0.077853 0.992072 0.098647 0 0 0 0 1 0.732199 -0.010068 0.681016 0 0.676606 0.125308 -0.725605 0.188543 -0.078031 0.992067 0.098562 0 0 0 0 1 0.732396 -0.009868 0.680808 0 0.676373 0.125395 -0.725807 0.188543 -0.078207 0.992058 0.098513 0 0 0 0 1 0.732694 -0.00967 0.68049 0 0.676029 0.125511 -0.726107 0.188543 -0.078387 0.992045 0.098498 0 0 0 0 1 0.733016 -0.009476 0.680146 0 0.675661 0.125611 -0.726432 0.188543 -0.07855 0.992034 0.098477 0 0 0 0 1 0.733286 -0.009292 0.679857 0 0.675353 0.125665 -0.72671 0.188543 -0.07868 0.992029 0.098424 0 0 0 0 1 0.733495 -0.009109 0.679634 0 0.675111 0.125697 -0.726929 0.188543 -0.078805 0.992027 0.098347 0 0 0 0 1 0.733591 -0.008918 0.679532 0 0.67499 0.125719 -0.727037 0.188543 -0.078946 0.992026 0.098245 0 0 0 0 1 0.733626 -0.008717 0.679497 0 0.674934 0.125737 -0.727086 0.188543 -0.079099 0.992025 0.098127 0 0 0 0 1 0.733628 -0.008496 0.679498 0 0.674912 0.125753 -0.727104 0.188543 -0.07927 0.992025 0.09799 0 0 0 0 1 0.733617 -0.008276 0.679513 0 0.674904 0.125769 -0.727108 0.188543 -0.079444 0.992025 0.097851 0 0 0 0 1 0.733627 -0.008068 0.679504 0 0.674874 0.125784 -0.727134 0.188543 -0.079603 0.992025 0.097724 0 0 0 0 1 0.733643 -0.007878 0.67949 0 0.67484 0.125798 -0.727163 0.188543 -0.079749 0.992025 0.097607 0 0 0 0 1 0.733662 -0.007719 0.679471 0 0.674805 0.125808 -0.727194 0.188543 -0.079869 0.992025 0.097509 0 0 0 0 1 0.733673 -0.007574 0.679461 0 0.674779 0.12582 -0.727215 0.188543 -0.079981 0.992024 0.097422 0 0 0 0 1 0.733661 -0.007438 0.679475 0 0.67478 0.125831 -0.727213 0.188543 -0.08009 0.992024 0.097336 0 0 0 0 1 0.733639 -0.007294 0.6795 0 0.674788 0.12585 -0.727202 0.188543 -0.08021 0.992023 0.09725 0 0 0 0 1 0.733629 -0.007129 0.679513 0 0.674782 0.125892 -0.7272 0.188543 -0.08036 0.992018 0.097168 0 0 0 0 1 0.733598 -0.006937 0.679548 0 0.674792 0.125976 -0.727177 0.188543 -0.080561 0.992009 0.097096 0 0 0 0 1 0.733526 -0.006703 0.679629 0 0.674837 0.126118 -0.72711 0.188543 -0.080839 0.991993 0.097034 0 0 0 0 1 0.733405 -0.006437 0.679762 0 0.674929 0.126292 -0.726995 0.188543 -0.081168 0.991972 0.096968 0 0 0 0 1 0.733215 -0.006142 0.679969 0 0.67509 0.126489 -0.726811 0.188543 -0.081544 0.991949 0.09689 0 0 0 0 1 0.732976 -0.005831 0.680229 0 0.675302 0.12668 -0.726581 0.188543 -0.081934 0.991927 0.096791 0 0 0 0 1 0.73268 -0.005513 0.680551 0 0.675576 0.126838 -0.726298 0.188543 -0.082315 0.991908 0.096656 0 0 0 0 1 0.732394 -0.005205 0.680861 0 0.675846 0.126945 -0.726029 0.188543 -0.082652 0.991896 0.096491 0 0 0 0 1 0.732188 -0.004928 0.681085 0 0.676039 0.126961 -0.725846 0.188543 -0.082893 0.991895 0.09629 0 0 0 0 1 0.732046 -0.00468 0.68124 0 0.676173 0.126913 -0.725729 0.188543 -0.083061 0.991903 0.096071 0 0 0 0 1 0.731996 -0.004473 0.681295 0 0.676217 0.126805 -0.725707 0.188543 -0.083144 0.991918 0.095846 0 0 0 0 1 0.731971 -0.004296 0.681322 0 0.676238 0.12667 -0.725711 0.188543 -0.083185 0.991936 0.095624 0 0 0 0 1 0.731906 -0.004137 0.681393 0 0.676304 0.126549 -0.725671 0.188543 -0.083227 0.991952 0.09542 0 0 0 0 1 0.731826 -0.004006 0.68148 0 0.676387 0.126428 -0.725614 0.188543 -0.08325 0.991968 0.095232 0 0 0 0 1 0.731733 -0.003914 0.68158 0 0.676489 0.126309 -0.725541 0.188543 -0.083249 0.991983 0.095072 0 0 0 0 1 0.731641 -0.003842 0.681679 0 0.67659 0.126187 -0.725467 0.188543 -0.083231 0.991999 0.094923 0 0 0 0 1 0.731571 -0.003774 0.681755 0 0.676669 0.126054 -0.725416 0.188543 -0.083199 0.992016 0.094771 0 0 0 0 1 0.731511 -0.003711 0.68182 0 0.676739 0.125918 -0.725375 0.188543 -0.083161 0.992034 0.094621 0 0 0 0 1 0.73146 -0.003643 0.681874 0 0.676798 0.125784 -0.725343 0.188543 -0.083126 0.992051 0.094471 0 0 0 0 1 0.7314 -0.003584 0.681939 0 0.676867 0.125662 -0.7253 0.188543 -0.083093 0.992067 0.094335 0 0 0 0 1 0.731313 -0.003537 0.682032 0 0.676964 0.125563 -0.725227 0.188543 -0.083072 0.992079 0.094221 0 0 0 0 1 0.731192 -0.003526 0.682163 0 0.677098 0.125488 -0.725114 0.188543 -0.083046 0.992089 0.094143 0 0 0 0 1 0.731005 -0.003571 0.682362 0 0.677304 0.125443 -0.72493 0.188543 -0.083008 0.992094 0.094118 0 0 0 0 1 0.730801 -0.003682 0.682581 0 0.677534 0.125405 -0.724721 0.188543 -0.08293 0.992099 0.094141 0 0 0 0 1 0.730625 -0.00389 0.682768 0 0.677743 0.125368 -0.724533 0.188543 -0.082778 0.992103 0.094233 0 0 0 0 1 0.730449 -0.004149 0.682955 0 0.677955 0.125335 -0.72434 0.188543 -0.082592 0.992106 0.094363 0 0 0 0 1 0.730264 -0.004433 0.68315 0 0.678177 0.125314 -0.724135 0.188543 -0.082398 0.992107 0.094519 0 0 0 0 1 0.730062 -0.00471 0.683365 0 0.678415 0.125327 -0.723911 0.188543 -0.082234 0.992104 0.094691 0 0 0 0 1 0.729818 -0.004939 0.683623 0 0.678686 0.125416 -0.723641 0.188543 -0.082162 0.992092 0.094883 0 0 0 0 1 0.729574 -0.005125 0.683883 0 0.678948 0.125563 -0.723369 0.188543 -0.082162 0.992072 0.095087 0 0 0 0 1 0.729341 -0.005251 0.68413 0 0.679188 0.125774 -0.723108 0.188543 -0.082248 0.992045 0.095299 0 0 0 0 1 0.729181 -0.005334 0.6843 0 0.679347 0.125992 -0.72292 0.188543 -0.082359 0.992017 0.095494 0 0 0 0 1 0.72916 -0.005373 0.684322 0 0.679357 0.126167 -0.72288 0.188543 -0.082454 0.991994 0.095646 0 0 0 0 1 0.729268 -0.005395 0.684207 0 0.679237 0.126272 -0.722975 0.188543 -0.082495 0.991981 0.09575 0 0 0 0 1 0.729539 -0.005422 0.683917 0 0.678955 0.126237 -0.723245 0.188543 -0.082414 0.991985 0.095776 0 0 0 0 1 0.729903 -0.005463 0.683529 0 0.678583 0.126133 -0.723613 0.188543 -0.082262 0.991998 0.095772 0 0 0 0 1 0.730312 -0.005542 0.683091 0 0.678168 0.125993 -0.724027 0.188543 -0.082051 0.992016 0.095772 0 0 0 0 1 0.730731 -0.005636 0.682643 0 0.677743 0.12586 -0.724447 0.188543 -0.081834 0.992032 0.09579 0 0 0 0 1 0.731116 -0.005739 0.682229 0 0.677344 0.125846 -0.724822 0.188543 -0.081696 0.992033 0.095895 0 0 0 0 1 0.731407 -0.005828 0.681916 0 0.67704 0.125876 -0.725101 0.188543 -0.08161 0.992029 0.096012 0 0 0 0 1 0.731633 -0.005899 0.681673 0 0.676803 0.125919 -0.725315 0.188543 -0.081556 0.992023 0.096119 0 0 0 0 1 0.731755 -0.00593 0.681542 0 0.676672 0.125961 -0.72543 0.188543 -0.081545 0.992017 0.096185 0 0 0 0 1 0.731755 -0.00593 0.681542 0 0.676672 0.125961 -0.72543 0.188543 -0.081545 0.992017 0.096185 0 0 0 0 1 0.731877 -0.005841 0.681411 0 0.676534 0.125967 -0.725558 0.188543 -0.081597 0.992017 0.096143 0 0 0 0 1 0.732001 -0.005808 0.681279 0 0.676399 0.125969 -0.725683 0.188543 -0.081604 0.992017 0.096138 0 0 0 0 1</float_array>
        <technique_common>
          <accessor source="#LeftArm_Helper2_matrix_LeftArm_Helper2_transform-output-array" count="106" stride="16">
            <param name="TRANSFORM" type="float4x4"/>
          </accessor>
        </technique_common>
      </source>
      <source id="LeftArm_Helper2_matrix_LeftArm_Helper2_transform-interpolations">
        <Name_array id="LeftArm_Helper2_matrix_LeftArm_Helper2_transform-interpolations-array" count="106">LINEAR LINEAR LINEAR LINEAR LINEAR LINEAR LINEAR LINEAR LINEAR LINEAR LINEAR LINEAR LINEAR LINEAR LINEAR LINEAR LINEAR LINEAR LINEAR LINEAR LINEAR LINEAR LINEAR LINEAR LINEAR LINEAR LINEAR LINEAR LINEAR LINEAR LINEAR LINEAR LINEAR LINEAR LINEAR LINEAR LINEAR LINEAR LINEAR LINEAR LINEAR LINEAR LINEAR LINEAR LINEAR LINEAR LINEAR LINEAR LINEAR LINEAR LINEAR LINEAR LINEAR LINEAR LINEAR LINEAR LINEAR LINEAR LINEAR LINEAR LINEAR LINEAR LINEAR LINEAR LINEAR LINEAR LINEAR LINEAR LINEAR LINEAR LINEAR LINEAR LINEAR LINEAR LINEAR LINEAR LINEAR LINEAR LINEAR LINEAR LINEAR LINEAR LINEAR LINEAR LINEAR LINEAR LINEAR LINEAR LINEAR LINEAR LINEAR LINEAR LINEAR LINEAR LINEAR LINEAR LINEAR LINEAR LINEAR LINEAR LINEAR LINEAR LINEAR LINEAR LINEAR LINEAR</Name_array>
        <technique_common>
          <accessor source="#LeftArm_Helper2_matrix_LeftArm_Helper2_transform-interpolations-array" count="106" stride="1">
            <param name="INTERPOLATION" type="Name"/>
          </accessor>
        </technique_common>
      </source>
      <sampler id="LeftArm_Helper2_matrix_LeftArm_Helper2_transform-sampler">
        <input semantic="INPUT" source="#LeftArm_Helper2_matrix_LeftArm_Helper2_transform-input"/>
        <input semantic="OUTPUT" source="#LeftArm_Helper2_matrix_LeftArm_Helper2_transform-output"/>
        <input semantic="INTERPOLATION" source="#LeftArm_Helper2_matrix_LeftArm_Helper2_transform-interpolations"/>
      </sampler>
      <channel source="#LeftArm_Helper2_matrix_LeftArm_Helper2_transform-sampler" target="LeftArm_Helper2/transform"/>
    </animation>
    <animation id="LeftArm_Helper1_matrix">
      <source id="LeftArm_Helper1_matrix_LeftArm_Helper1_transform-input">
        <float_array id="LeftArm_Helper1_matrix_LeftArm_Helper1_transform-input-array" count="106">0 0.033333 0.066666 0.1 0.133333 0.166667 0.2 0.233333 0.266667 0.3 0.333333 0.366667 0.4 0.433333 0.466667 0.5 0.533333 0.566667 0.6 0.633333 0.666667 0.7 0.733333 0.766667 0.8 0.833333 0.866667 0.9 0.933333 0.966667 1 1.03333 1.06667 1.1 1.13333 1.16667 1.2 1.23333 1.26667 1.3 1.33333 1.36667 1.4 1.43333 1.46667 1.5 1.53333 1.56667 1.6 1.63333 1.66667 1.7 1.73333 1.76667 1.8 1.83333 1.86667 1.9 1.93333 1.96667 2 2.03333 2.06667 2.1 2.13333 2.16667 2.2 2.23333 2.26667 2.3 2.33333 2.36667 2.4 2.43333 2.46667 2.5 2.53333 2.56667 2.6 2.63333 2.66667 2.7 2.73333 2.76667 2.8 2.83333 2.86667 2.9 2.93333 2.96667 3 3.03333 3.06667 3.1 3.13333 3.16667 3.2 3.23333 3.26667 3.3 3.33333 3.36667 3.4 3.43333 3.46667 3.5</float_array>
        <technique_common>
          <accessor source="#LeftArm_Helper1_matrix_LeftArm_Helper1_transform-input-array" count="106" stride="1">
            <param name="TIME" type="float"/>
          </accessor>
        </technique_common>
        <technique profile="MAYA">
          <pre_infinity>CONSTANT</pre_infinity>
          <post_infinity>CONSTANT</post_infinity>
        </technique>
      </source>
      <source id="LeftArm_Helper1_matrix_LeftArm_Helper1_transform-output">
        <float_array id="LeftArm_Helper1_matrix_LeftArm_Helper1_transform-output-array" count="1696">0.732001 -0.005816 0.681279 0 0.676389 0.126095 -0.725671 0.188543 -0.081684 0.992001 0.096235 0 0 0 0 1 0.731768 -0.005784 0.681529 0 0.676634 0.126091 -0.725443 0.188543 -0.081738 0.992002 0.096183 0 0 0 0 1 0.731606 -0.005765 0.681703 0 0.676806 0.126084 -0.725284 0.188543 -0.08177 0.992003 0.096145 0 0 0 0 1 0.731415 -0.005812 0.681908 0 0.677014 0.126073 -0.725092 0.188543 -0.081755 0.992004 0.096146 0 0 0 0 1 0.73122 -0.005925 0.682116 0 0.677233 0.126058 -0.72489 0.188543 -0.08169 0.992005 0.096189 0 0 0 0 1 0.731044 -0.006135 0.682303 0 0.67744 0.126038 -0.7247 0.188543 -0.081549 0.992006 0.096295 0 0 0 0 1 0.730868 -0.006395 0.682489 0 0.677651 0.126018 -0.724506 0.188543 -0.081372 0.992007 0.096436 0 0 0 0 1 0.730683 -0.006679 0.682685 0 0.677873 0.126005 -0.7243 0.188543 -0.081183 0.992007 0.096597 0 0 0 0 1 0.73048 -0.006957 0.682898 0 0.678111 0.126018 -0.724076 0.188543 -0.081019 0.992004 0.096771 0 0 0 0 1 0.730237 -0.007186 0.683156 0 0.678382 0.126107 -0.723806 0.188543 -0.080948 0.991991 0.096963 0 0 0 0 1 0.729992 -0.007372 0.683416 0 0.678645 0.126252 -0.723534 0.188543 -0.080947 0.991971 0.097166 0 0 0 0 1 0.72976 -0.007499 0.683663 0 0.678885 0.126463 -0.723272 0.188543 -0.081033 0.991943 0.097378 0 0 0 0 1 0.729599 -0.007581 0.683833 0 0.679044 0.126679 -0.723085 0.188543 -0.081145 0.991915 0.097573 0 0 0 0 1 0.729578 -0.007621 0.683855 0 0.679055 0.126855 -0.723044 0.188543 -0.081239 0.991892 0.097725 0 0 0 0 1 0.729686 -0.007642 0.683739 0 0.678934 0.12696 -0.723139 0.188543 -0.08128 0.991878 0.09783 0 0 0 0 1 0.729957 -0.007669 0.68345 0 0.678652 0.126926 -0.723409 0.188543 -0.081199 0.991883 0.097855 0 0 0 0 1 0.730321 -0.00771 0.683061 0 0.67828 0.126823 -0.723777 0.188543 -0.081047 0.991895 0.097851 0 0 0 0 1 0.73073 -0.007788 0.682623 0 0.677864 0.126684 -0.72419 0.188543 -0.080837 0.991912 0.097851 0 0 0 0 1 0.731148 -0.007882 0.682174 0 0.677439 0.126554 -0.724611 0.188543 -0.080619 0.991928 0.097869 0 0 0 0 1 0.731532 -0.007984 0.68176 0 0.677041 0.126534 -0.724986 0.188543 -0.080476 0.99193 0.097969 0 0 0 0 1 0.731853 -0.008077 0.681414 0 0.676705 0.126561 -0.725295 0.188543 -0.080382 0.991926 0.09809 0 0 0 0 1 0.732049 -0.008144 0.681204 0 0.676499 0.126608 -0.725479 0.188543 -0.080337 0.991919 0.098193 0 0 0 0 1 0.732171 -0.008175 0.681072 0 0.676367 0.126658 -0.725593 0.188543 -0.080331 0.991913 0.098264 0 0 0 0 1 0.732234 -0.008141 0.681005 0 0.676293 0.126707 -0.725653 0.188543 -0.08038 0.991907 0.098284 0 0 0 0 1 0.732293 -0.008091 0.680941 0 0.676222 0.126749 -0.725712 0.188543 -0.080436 0.991902 0.098288 0 0 0 0 1 0.732417 -0.008059 0.680809 0 0.676087 0.126763 -0.725836 0.188543 -0.080451 0.9919 0.098292 0 0 0 0 1 0.732585 -0.00806 0.680628 0 0.675912 0.126705 -0.726009 0.188543 -0.080387 0.991908 0.09827 0 0 0 0 1 0.732825 -0.008131 0.680368 0 0.675673 0.126561 -0.726256 0.188543 -0.080202 0.991925 0.098241 0 0 0 0 1 0.733065 -0.008255 0.680108 0 0.675442 0.126384 -0.726502 0.188543 -0.079957 0.991947 0.098223 0 0 0 0 1 0.733254 -0.008434 0.679902 0 0.675269 0.126212 -0.726692 0.188543 -0.079682 0.991967 0.098241 0 0 0 0 1 0.733353 -0.008652 0.679792 0 0.675194 0.126063 -0.726788 0.188543 -0.079408 0.991984 0.098291 0 0 0 0 1 0.733283 -0.008897 0.679865 0 0.675297 0.125977 -0.726707 0.188543 -0.079181 0.991993 0.098385 0 0 0 0 1 0.733114 -0.009163 0.680044 0 0.675503 0.125938 -0.726523 0.188543 -0.078985 0.991996 0.098517 0 0 0 0 1 0.732868 -0.009436 0.680306 0 0.675792 0.125917 -0.726258 0.188543 -0.078808 0.991996 0.098657 0 0 0 0 1 0.732615 -0.009721 0.680574 0 0.676087 0.125899 -0.725986 0.188543 -0.078626 0.991995 0.098807 0 0 0 0 1 0.732434 -0.010027 0.680764 0 0.676308 0.125873 -0.725785 0.188543 -0.078412 0.991996 0.098975 0 0 0 0 1 0.732329 -0.010323 0.680873 0 0.676449 0.125817 -0.725663 0.188543 -0.078174 0.992 0.099123 0 0 0 0 1 0.732358 -0.010592 0.680838 0 0.676452 0.125679 -0.725684 0.188543 -0.077879 0.992014 0.099207 0 0 0 0 1 0.732438 -0.010801 0.680749 0 0.676397 0.125516 -0.725764 0.188543 -0.077605 0.992033 0.099238 0 0 0 0 1 0.732522 -0.010903 0.680656 0 0.676327 0.125363 -0.725856 0.188543 -0.077414 0.992051 0.099205 0 0 0 0 1 0.732563 -0.01092 0.680612 0 0.676295 0.125236 -0.725907 0.188543 -0.07731 0.992067 0.099128 0 0 0 0 1 0.732458 -0.010848 0.680725 0 0.676406 0.125166 -0.725816 0.188543 -0.07733 0.992077 0.099016 0 0 0 0 1 0.732313 -0.010709 0.680884 0 0.676549 0.125165 -0.725682 0.188543 -0.077451 0.992078 0.098905 0 0 0 0 1 0.732176 -0.010504 0.681035 0 0.676676 0.125198 -0.725558 0.188543 -0.077642 0.992076 0.098775 0 0 0 0 1 0.732106 -0.010274 0.681114 0 0.676728 0.125247 -0.725502 0.188543 -0.077853 0.992072 0.098647 0 0 0 0 1 0.732199 -0.010068 0.681016 0 0.676606 0.125308 -0.725605 0.188543 -0.078031 0.992067 0.098562 0 0 0 0 1 0.732396 -0.009868 0.680808 0 0.676373 0.125395 -0.725807 0.188543 -0.078207 0.992058 0.098513 0 0 0 0 1 0.732694 -0.00967 0.68049 0 0.676029 0.125511 -0.726107 0.188543 -0.078387 0.992045 0.098498 0 0 0 0 1 0.733016 -0.009476 0.680146 0 0.675661 0.125611 -0.726432 0.188543 -0.07855 0.992034 0.098477 0 0 0 0 1 0.733286 -0.009292 0.679857 0 0.675353 0.125665 -0.72671 0.188543 -0.07868 0.992029 0.098424 0 0 0 0 1 0.733495 -0.009109 0.679634 0 0.675111 0.125697 -0.726929 0.188543 -0.078805 0.992027 0.098347 0 0 0 0 1 0.733591 -0.008918 0.679532 0 0.67499 0.125719 -0.727037 0.188543 -0.078946 0.992026 0.098245 0 0 0 0 1 0.733626 -0.008717 0.679497 0 0.674934 0.125737 -0.727086 0.188543 -0.079099 0.992025 0.098127 0 0 0 0 1 0.733628 -0.008496 0.679498 0 0.674912 0.125753 -0.727104 0.188543 -0.07927 0.992025 0.09799 0 0 0 0 1 0.733617 -0.008276 0.679513 0 0.674904 0.125769 -0.727108 0.188543 -0.079444 0.992025 0.097851 0 0 0 0 1 0.733627 -0.008068 0.679504 0 0.674874 0.125784 -0.727134 0.188543 -0.079603 0.992025 0.097724 0 0 0 0 1 0.733643 -0.007878 0.67949 0 0.67484 0.125798 -0.727163 0.188543 -0.079749 0.992025 0.097607 0 0 0 0 1 0.733662 -0.007719 0.679471 0 0.674805 0.125808 -0.727194 0.188543 -0.079869 0.992025 0.097509 0 0 0 0 1 0.733673 -0.007574 0.679461 0 0.674779 0.12582 -0.727215 0.188543 -0.079981 0.992024 0.097422 0 0 0 0 1 0.733661 -0.007438 0.679475 0 0.67478 0.125831 -0.727213 0.188543 -0.08009 0.992024 0.097336 0 0 0 0 1 0.733639 -0.007294 0.6795 0 0.674788 0.12585 -0.727202 0.188543 -0.08021 0.992023 0.09725 0 0 0 0 1 0.733629 -0.007129 0.679513 0 0.674782 0.125892 -0.7272 0.188543 -0.08036 0.992018 0.097168 0 0 0 0 1 0.733598 -0.006937 0.679548 0 0.674792 0.125976 -0.727177 0.188543 -0.080561 0.992009 0.097096 0 0 0 0 1 0.733526 -0.006703 0.679629 0 0.674837 0.126118 -0.72711 0.188543 -0.080839 0.991993 0.097034 0 0 0 0 1 0.733405 -0.006437 0.679762 0 0.674929 0.126292 -0.726995 0.188543 -0.081168 0.991972 0.096968 0 0 0 0 1 0.733215 -0.006142 0.679969 0 0.67509 0.126489 -0.726811 0.188543 -0.081544 0.991949 0.09689 0 0 0 0 1 0.732976 -0.005831 0.680229 0 0.675302 0.12668 -0.726581 0.188543 -0.081934 0.991927 0.096791 0 0 0 0 1 0.73268 -0.005513 0.680551 0 0.675576 0.126838 -0.726298 0.188543 -0.082315 0.991908 0.096656 0 0 0 0 1 0.732394 -0.005205 0.680861 0 0.675846 0.126945 -0.726029 0.188543 -0.082652 0.991896 0.096491 0 0 0 0 1 0.732188 -0.004928 0.681085 0 0.676039 0.126961 -0.725846 0.188543 -0.082893 0.991895 0.09629 0 0 0 0 1 0.732046 -0.00468 0.68124 0 0.676173 0.126913 -0.725729 0.188543 -0.083061 0.991903 0.096071 0 0 0 0 1 0.731996 -0.004473 0.681295 0 0.676217 0.126805 -0.725707 0.188543 -0.083144 0.991918 0.095846 0 0 0 0 1 0.731971 -0.004296 0.681322 0 0.676238 0.12667 -0.725711 0.188543 -0.083185 0.991936 0.095624 0 0 0 0 1 0.731906 -0.004137 0.681393 0 0.676304 0.126549 -0.725671 0.188543 -0.083227 0.991952 0.09542 0 0 0 0 1 0.731826 -0.004006 0.68148 0 0.676387 0.126428 -0.725614 0.188543 -0.08325 0.991968 0.095232 0 0 0 0 1 0.731733 -0.003914 0.68158 0 0.676489 0.126309 -0.725541 0.188543 -0.083249 0.991983 0.095072 0 0 0 0 1 0.731641 -0.003842 0.681679 0 0.67659 0.126187 -0.725467 0.188543 -0.083231 0.991999 0.094923 0 0 0 0 1 0.731571 -0.003774 0.681755 0 0.676669 0.126054 -0.725416 0.188543 -0.083199 0.992016 0.094771 0 0 0 0 1 0.731511 -0.003711 0.68182 0 0.676739 0.125918 -0.725375 0.188543 -0.083161 0.992034 0.094621 0 0 0 0 1 0.73146 -0.003643 0.681874 0 0.676798 0.125784 -0.725343 0.188543 -0.083126 0.992051 0.094471 0 0 0 0 1 0.7314 -0.003584 0.681939 0 0.676867 0.125662 -0.7253 0.188543 -0.083093 0.992067 0.094335 0 0 0 0 1 0.731313 -0.003537 0.682032 0 0.676964 0.125563 -0.725227 0.188543 -0.083072 0.992079 0.094221 0 0 0 0 1 0.731192 -0.003526 0.682163 0 0.677098 0.125488 -0.725114 0.188543 -0.083046 0.992089 0.094143 0 0 0 0 1 0.731005 -0.003571 0.682362 0 0.677304 0.125443 -0.72493 0.188543 -0.083008 0.992094 0.094118 0 0 0 0 1 0.730801 -0.003682 0.682581 0 0.677534 0.125405 -0.724721 0.188543 -0.08293 0.992099 0.094141 0 0 0 0 1 0.730625 -0.00389 0.682768 0 0.677743 0.125368 -0.724533 0.188543 -0.082778 0.992103 0.094233 0 0 0 0 1 0.730449 -0.004149 0.682955 0 0.677955 0.125335 -0.72434 0.188543 -0.082592 0.992106 0.094363 0 0 0 0 1 0.730264 -0.004433 0.68315 0 0.678177 0.125314 -0.724135 0.188543 -0.082398 0.992107 0.094519 0 0 0 0 1 0.730062 -0.00471 0.683365 0 0.678415 0.125327 -0.723911 0.188543 -0.082234 0.992104 0.094691 0 0 0 0 1 0.729818 -0.004939 0.683623 0 0.678686 0.125416 -0.723641 0.188543 -0.082162 0.992092 0.094883 0 0 0 0 1 0.729574 -0.005125 0.683883 0 0.678948 0.125563 -0.723369 0.188543 -0.082162 0.992072 0.095087 0 0 0 0 1 0.729341 -0.005251 0.68413 0 0.679188 0.125774 -0.723108 0.188543 -0.082248 0.992045 0.095299 0 0 0 0 1 0.729181 -0.005334 0.6843 0 0.679347 0.125992 -0.72292 0.188543 -0.082359 0.992017 0.095494 0 0 0 0 1 0.72916 -0.005373 0.684322 0 0.679357 0.126167 -0.72288 0.188543 -0.082454 0.991994 0.095646 0 0 0 0 1 0.729268 -0.005395 0.684207 0 0.679237 0.126272 -0.722975 0.188543 -0.082495 0.991981 0.09575 0 0 0 0 1 0.729539 -0.005422 0.683917 0 0.678955 0.126237 -0.723245 0.188543 -0.082414 0.991985 0.095776 0 0 0 0 1 0.729903 -0.005463 0.683529 0 0.678583 0.126133 -0.723613 0.188543 -0.082262 0.991998 0.095772 0 0 0 0 1 0.730312 -0.005542 0.683091 0 0.678168 0.125993 -0.724027 0.188543 -0.082051 0.992016 0.095772 0 0 0 0 1 0.730731 -0.005636 0.682643 0 0.677743 0.12586 -0.724447 0.188543 -0.081834 0.992032 0.09579 0 0 0 0 1 0.731116 -0.005739 0.682229 0 0.677344 0.125846 -0.724822 0.188543 -0.081696 0.992033 0.095895 0 0 0 0 1 0.731407 -0.005828 0.681916 0 0.67704 0.125876 -0.725101 0.188543 -0.08161 0.992029 0.096012 0 0 0 0 1 0.731633 -0.005899 0.681673 0 0.676803 0.125919 -0.725315 0.188543 -0.081556 0.992023 0.096119 0 0 0 0 1 0.731755 -0.00593 0.681542 0 0.676672 0.125961 -0.72543 0.188543 -0.081545 0.992017 0.096185 0 0 0 0 1 0.731755 -0.00593 0.681542 0 0.676672 0.125961 -0.72543 0.188543 -0.081545 0.992017 0.096185 0 0 0 0 1 0.731877 -0.005841 0.681411 0 0.676534 0.125967 -0.725558 0.188543 -0.081597 0.992017 0.096143 0 0 0 0 1 0.732001 -0.005808 0.681279 0 0.676399 0.125969 -0.725683 0.188543 -0.081604 0.992017 0.096138 0 0 0 0 1</float_array>
        <technique_common>
          <accessor source="#LeftArm_Helper1_matrix_LeftArm_Helper1_transform-output-array" count="106" stride="16">
            <param name="TRANSFORM" type="float4x4"/>
          </accessor>
        </technique_common>
      </source>
      <source id="LeftArm_Helper1_matrix_LeftArm_Helper1_transform-interpolations">
        <Name_array id="LeftArm_Helper1_matrix_LeftArm_Helper1_transform-interpolations-array" count="106">LINEAR LINEAR LINEAR LINEAR LINEAR LINEAR LINEAR LINEAR LINEAR LINEAR LINEAR LINEAR LINEAR LINEAR LINEAR LINEAR LINEAR LINEAR LINEAR LINEAR LINEAR LINEAR LINEAR LINEAR LINEAR LINEAR LINEAR LINEAR LINEAR LINEAR LINEAR LINEAR LINEAR LINEAR LINEAR LINEAR LINEAR LINEAR LINEAR LINEAR LINEAR LINEAR LINEAR LINEAR LINEAR LINEAR LINEAR LINEAR LINEAR LINEAR LINEAR LINEAR LINEAR LINEAR LINEAR LINEAR LINEAR LINEAR LINEAR LINEAR LINEAR LINEAR LINEAR LINEAR LINEAR LINEAR LINEAR LINEAR LINEAR LINEAR LINEAR LINEAR LINEAR LINEAR LINEAR LINEAR LINEAR LINEAR LINEAR LINEAR LINEAR LINEAR LINEAR LINEAR LINEAR LINEAR LINEAR LINEAR LINEAR LINEAR LINEAR LINEAR LINEAR LINEAR LINEAR LINEAR LINEAR LINEAR LINEAR LINEAR LINEAR LINEAR LINEAR LINEAR LINEAR LINEAR</Name_array>
        <technique_common>
          <accessor source="#LeftArm_Helper1_matrix_LeftArm_Helper1_transform-interpolations-array" count="106" stride="1">
            <param name="INTERPOLATION" type="Name"/>
          </accessor>
        </technique_common>
      </source>
      <sampler id="LeftArm_Helper1_matrix_LeftArm_Helper1_transform-sampler">
        <input semantic="INPUT" source="#LeftArm_Helper1_matrix_LeftArm_Helper1_transform-input"/>
        <input semantic="OUTPUT" source="#LeftArm_Helper1_matrix_LeftArm_Helper1_transform-output"/>
        <input semantic="INTERPOLATION" source="#LeftArm_Helper1_matrix_LeftArm_Helper1_transform-interpolations"/>
      </sampler>
      <channel source="#LeftArm_Helper1_matrix_LeftArm_Helper1_transform-sampler" target="LeftArm_Helper1/transform"/>
    </animation>
    <animation id="RightShoulder_matrix">
      <source id="RightShoulder_matrix_RightShoulder_transform-input">
        <float_array id="RightShoulder_matrix_RightShoulder_transform-input-array" count="106">0 0.033333 0.066666 0.1 0.133333 0.166667 0.2 0.233333 0.266667 0.3 0.333333 0.366667 0.4 0.433333 0.466667 0.5 0.533333 0.566667 0.6 0.633333 0.666667 0.7 0.733333 0.766667 0.8 0.833333 0.866667 0.9 0.933333 0.966667 1 1.03333 1.06667 1.1 1.13333 1.16667 1.2 1.23333 1.26667 1.3 1.33333 1.36667 1.4 1.43333 1.46667 1.5 1.53333 1.56667 1.6 1.63333 1.66667 1.7 1.73333 1.76667 1.8 1.83333 1.86667 1.9 1.93333 1.96667 2 2.03333 2.06667 2.1 2.13333 2.16667 2.2 2.23333 2.26667 2.3 2.33333 2.36667 2.4 2.43333 2.46667 2.5 2.53333 2.56667 2.6 2.63333 2.66667 2.7 2.73333 2.76667 2.8 2.83333 2.86667 2.9 2.93333 2.96667 3 3.03333 3.06667 3.1 3.13333 3.16667 3.2 3.23333 3.26667 3.3 3.33333 3.36667 3.4 3.43333 3.46667 3.5</float_array>
        <technique_common>
          <accessor source="#RightShoulder_matrix_RightShoulder_transform-input-array" count="106" stride="1">
            <param name="TIME" type="float"/>
          </accessor>
        </technique_common>
        <technique profile="MAYA">
          <pre_infinity>CONSTANT</pre_infinity>
          <post_infinity>CONSTANT</post_infinity>
        </technique>
      </source>
      <source id="RightShoulder_matrix_RightShoulder_transform-output">
        <float_array id="RightShoulder_matrix_RightShoulder_transform-output-array" count="1696">-0.479989 0.876443 0.038201 -0.017011 -0.046599 -0.068956 0.996531 0.181869 0.876036 0.476543 0.073939 0.084759 0 0 0 1 -0.479984 0.876445 0.038203 -0.017011 -0.046599 -0.068958 0.996531 0.181869 0.876039 0.476539 0.07394 0.084759 0 0 0 1 -0.479978 0.876448 0.038206 -0.017011 -0.046599 -0.06896 0.99653 0.181869 0.876042 0.476532 0.073942 0.084759 0 0 0 1 -0.479973 0.876451 0.038209 -0.017011 -0.0466 -0.068964 0.99653 0.181869 0.876045 0.476527 0.073943 0.084759 0 0 0 1 -0.479969 0.876453 0.038213 -0.017011 -0.0466 -0.068967 0.99653 0.181869 0.876047 0.476523 0.073945 0.084759 0 0 0 1 -0.47997 0.876452 0.038216 -0.017011 -0.0466 -0.068971 0.99653 0.181869 0.876046 0.476524 0.073947 0.084759 0 0 0 1 -0.479989 0.876442 0.038219 -0.017011 -0.046599 -0.068976 0.996529 0.181869 0.876036 0.476542 0.073949 0.084759 0 0 0 1 -0.480053 0.876406 0.038221 -0.017011 -0.046596 -0.068983 0.996529 0.181869 0.876001 0.476606 0.073953 0.084759 0 0 0 1 -0.480139 0.876359 0.038223 -0.017011 -0.046592 -0.068991 0.996529 0.181869 0.875954 0.476691 0.073957 0.084759 0 0 0 1 -0.48026 0.876293 0.038224 -0.017011 -0.046586 -0.069001 0.996528 0.181869 0.875888 0.476811 0.073962 0.084759 0 0 0 1 -0.480397 0.876218 0.038225 -0.017011 -0.046579 -0.069012 0.996528 0.181869 0.875813 0.476949 0.073967 0.084759 0 0 0 1 -0.480546 0.876136 0.038226 -0.017011 -0.046572 -0.069023 0.996527 0.181869 0.875732 0.477096 0.073973 0.084759 0 0 0 1 -0.480685 0.876059 0.038226 -0.017011 -0.046566 -0.069033 0.996527 0.181869 0.875656 0.477236 0.073978 0.084759 0 0 0 1 -0.4808 0.875997 0.038227 -0.017011 -0.046561 -0.069042 0.996527 0.181869 0.875593 0.47735 0.073982 0.084759 0 0 0 1 -0.480875 0.875955 0.038228 -0.017011 -0.046557 -0.069048 0.996526 0.181869 0.875552 0.477425 0.073986 0.084759 0 0 0 1 -0.48091 0.875936 0.038228 -0.017011 -0.046555 -0.069052 0.996526 0.181869 0.875533 0.477459 0.073987 0.084759 0 0 0 1 -0.480925 0.875928 0.038231 -0.017011 -0.046555 -0.069055 0.996526 0.181869 0.875525 0.477474 0.073989 0.084759 0 0 0 1 -0.480931 0.875924 0.03823 -0.017011 -0.046554 -0.069055 0.996526 0.181869 0.875521 0.477481 0.073989 0.084759 0 0 0 1 -0.480933 0.875924 0.038229 -0.017011 -0.046554 -0.069054 0.996526 0.181869 0.875521 0.477482 0.073988 0.084759 0 0 0 1 -0.480932 0.875924 0.03822 -0.017011 -0.046554 -0.069044 0.996527 0.181869 0.875521 0.477482 0.073984 0.084759 0 0 0 1 -0.480933 0.875925 0.038187 -0.017011 -0.046554 -0.069006 0.996529 0.181869 0.87552 0.477486 0.073965 0.084759 0 0 0 1 -0.480931 0.87593 0.038108 -0.017011 -0.046554 -0.068916 0.996536 0.181869 0.875522 0.47749 0.073923 0.084759 0 0 0 1 -0.480916 0.875942 0.038019 -0.017011 -0.046555 -0.068814 0.996543 0.181869 0.87553 0.477484 0.073873 0.084759 0 0 0 1 -0.480883 0.875964 0.037932 -0.017011 -0.046557 -0.068712 0.99655 0.181869 0.875548 0.477458 0.073825 0.084759 0 0 0 1 -0.480805 0.876011 0.037839 -0.017011 -0.04656 -0.068602 0.996557 0.181869 0.875591 0.477387 0.073771 0.084759 0 0 0 1 -0.48069 0.876078 0.037742 -0.017011 -0.046566 -0.068483 0.996565 0.181869 0.875653 0.477282 0.073714 0.084759 0 0 0 1 -0.480541 0.876165 0.03763 -0.017011 -0.046573 -0.068345 0.996574 0.181869 0.875735 0.477142 0.073648 0.084759 0 0 0 1 -0.480356 0.876272 0.037489 -0.017011 -0.046581 -0.068172 0.996586 0.181869 0.875836 0.476969 0.073565 0.084759 0 0 0 1 -0.480134 0.8764 0.037332 -0.017011 -0.046592 -0.067977 0.996598 0.181869 0.875957 0.476762 0.073472 0.084759 0 0 0 1 -0.479856 0.87656 0.037161 -0.017011 -0.046605 -0.067764 0.996612 0.181869 0.876109 0.476498 0.073369 0.084759 0 0 0 1 -0.479577 0.87672 0.03699 -0.017011 -0.046618 -0.067551 0.996626 0.181869 0.876261 0.476234 0.073267 0.084759 0 0 0 1 -0.479332 0.876861 0.036835 -0.017011 -0.04663 -0.067356 0.996639 0.181869 0.876394 0.476003 0.073174 0.084759 0 0 0 1 -0.479164 0.876958 0.036699 -0.017011 -0.046638 -0.06719 0.99665 0.181869 0.876485 0.475847 0.073095 0.084759 0 0 0 1 -0.479145 0.876973 0.036597 -0.017011 -0.046639 -0.067073 0.996657 0.181869 0.876496 0.475836 0.073039 0.084759 0 0 0 1 -0.479228 0.87693 0.036519 -0.017011 -0.046635 -0.06699 0.996663 0.181869 0.876451 0.475926 0.072999 0.084759 0 0 0 1 -0.479423 0.876826 0.036463 -0.017011 -0.046625 -0.06694 0.996667 0.181869 0.876345 0.476125 0.072975 0.084759 0 0 0 1 -0.479636 0.876712 0.036415 -0.017011 -0.046615 -0.066901 0.99667 0.181869 0.876229 0.476341 0.072956 0.084759 0 0 0 1 -0.479769 0.876641 0.036357 -0.017011 -0.046609 -0.066844 0.996674 0.181869 0.876156 0.476479 0.072929 0.084759 0 0 0 1 -0.479811 0.876621 0.036307 -0.017011 -0.046607 -0.066789 0.996678 0.181869 0.876133 0.476524 0.072903 0.084759 0 0 0 1 -0.479811 0.876622 0.036274 -0.017011 -0.046607 -0.066752 0.99668 0.181869 0.876133 0.476527 0.072886 0.084759 0 0 0 1 -0.479801 0.876628 0.036254 -0.017011 -0.046608 -0.066729 0.996682 0.181869 0.876139 0.476519 0.072874 0.084759 0 0 0 1 -0.479776 0.876642 0.036255 -0.017011 -0.046609 -0.066728 0.996682 0.181869 0.876152 0.476494 0.072874 0.084759 0 0 0 1 -0.479745 0.876656 0.03631 -0.017011 -0.04661 -0.066788 0.996678 0.181869 0.876169 0.476459 0.072903 0.084759 0 0 0 1 -0.479712 0.876669 0.036423 -0.017011 -0.046612 -0.066914 0.996669 0.181869 0.876187 0.476417 0.072963 0.084759 0 0 0 1 -0.479684 0.876678 0.036586 -0.017011 -0.046613 -0.067098 0.996657 0.181869 0.876202 0.476375 0.073051 0.084759 0 0 0 1 -0.479668 0.876678 0.036807 -0.017011 -0.046614 -0.067348 0.99664 0.181869 0.876211 0.476341 0.07317 0.084759 0 0 0 1 -0.479654 0.876675 0.037049 -0.017011 -0.046615 -0.067623 0.996621 0.181869 0.876218 0.476307 0.073301 0.084759 0 0 0 1 -0.479641 0.876672 0.037282 -0.017011 -0.046615 -0.067887 0.996603 0.181869 0.876226 0.476274 0.073428 0.084759 0 0 0 1 -0.479628 0.876671 0.037489 -0.017011 -0.046616 -0.068121 0.996587 0.181869 0.876233 0.476243 0.07354 0.084759 0 0 0 1 -0.479615 0.876671 0.037643 -0.017011 -0.046616 -0.068295 0.996575 0.181869 0.87624 0.476217 0.073623 0.084759 0 0 0 1 -0.479601 0.876674 0.037747 -0.017011 -0.046617 -0.068412 0.996567 0.181869 0.876248 0.476195 0.073679 0.084759 0 0 0 1 -0.479586 0.876682 0.037758 -0.017011 -0.046618 -0.068424 0.996567 0.181869 0.876256 0.476179 0.073684 0.084759 0 0 0 1 -0.47957 0.876692 0.037734 -0.017011 -0.046618 -0.068396 0.996568 0.181869 0.876264 0.476165 0.073671 0.084759 0 0 0 1 -0.47955 0.876704 0.037706 -0.017011 -0.046619 -0.068362 0.996571 0.181869 0.876275 0.476148 0.073654 0.084759 0 0 0 1 -0.479518 0.876722 0.037687 -0.017011 -0.046621 -0.068339 0.996572 0.181869 0.876293 0.476117 0.073643 0.084759 0 0 0 1 -0.479453 0.876758 0.037674 -0.017011 -0.046624 -0.068319 0.996573 0.181869 0.876328 0.476054 0.073634 0.084759 0 0 0 1 -0.479369 0.876805 0.037664 -0.017011 -0.046628 -0.068301 0.996574 0.181869 0.876374 0.475971 0.073625 0.084759 0 0 0 1 -0.479272 0.876858 0.037655 -0.017011 -0.046633 -0.068285 0.996575 0.181869 0.876427 0.475875 0.073617 0.084759 0 0 0 1 -0.479162 0.876919 0.037647 -0.017011 -0.046638 -0.068268 0.996576 0.181869 0.876487 0.475765 0.073609 0.084759 0 0 0 1 -0.47903 0.876991 0.037644 -0.017011 -0.046644 -0.068255 0.996577 0.181869 0.876558 0.475634 0.073603 0.084759 0 0 0 1 -0.478903 0.877061 0.037639 -0.017011 -0.04665 -0.068241 0.996578 0.181869 0.876627 0.475508 0.073596 0.084759 0 0 0 1 -0.478808 0.877113 0.037635 -0.017011 -0.046654 -0.06823 0.996578 0.181869 0.876679 0.475413 0.07359 0.084759 0 0 0 1 -0.478731 0.877154 0.037636 -0.017011 -0.046658 -0.068226 0.996578 0.181869 0.876721 0.475337 0.073588 0.084759 0 0 0 1 -0.478664 0.87719 0.037656 -0.017011 -0.046661 -0.068243 0.996577 0.181869 0.876757 0.475269 0.073596 0.084759 0 0 0 1 -0.478639 0.877201 0.037726 -0.017011 -0.046662 -0.068321 0.996572 0.181869 0.876771 0.475237 0.073633 0.084759 0 0 0 1 -0.478644 0.877195 0.037809 -0.017011 -0.046662 -0.068416 0.996565 0.181869 0.876768 0.475236 0.073679 0.084759 0 0 0 1 -0.478701 0.87716 0.037891 -0.017011 -0.046659 -0.068513 0.996558 0.181869 0.876737 0.475285 0.073725 0.084759 0 0 0 1 -0.478799 0.877104 0.037958 -0.017011 -0.046655 -0.068596 0.996553 0.181869 0.876684 0.475378 0.073765 0.084759 0 0 0 1 -0.478917 0.877037 0.038 -0.017011 -0.046649 -0.068651 0.996549 0.181869 0.87662 0.475492 0.073792 0.084759 0 0 0 1 -0.47904 0.876969 0.038026 -0.017011 -0.046643 -0.068691 0.996547 0.181869 0.876553 0.475612 0.073811 0.084759 0 0 0 1 -0.479155 0.876905 0.038048 -0.017011 -0.046638 -0.068723 0.996545 0.181869 0.87649 0.475725 0.073826 0.084759 0 0 0 1 -0.479246 0.876855 0.038066 -0.017011 -0.046634 -0.06875 0.996543 0.181869 0.876441 0.475814 0.073839 0.084759 0 0 0 1 -0.479279 0.876836 0.038083 -0.017011 -0.046632 -0.068771 0.996542 0.181869 0.876423 0.475846 0.07385 0.084759 0 0 0 1 -0.47929 0.876829 0.038099 -0.017011 -0.046632 -0.068791 0.996541 0.181869 0.876417 0.475856 0.073859 0.084759 0 0 0 1 -0.479294 0.876826 0.038116 -0.017011 -0.046632 -0.06881 0.996539 0.181869 0.876415 0.475858 0.073868 0.084759 0 0 0 1 -0.479291 0.876827 0.038132 -0.017011 -0.046632 -0.068829 0.996538 0.181869 0.876416 0.475854 0.073877 0.084759 0 0 0 1 -0.47929 0.876827 0.038149 -0.017011 -0.046632 -0.068848 0.996537 0.181869 0.876417 0.475851 0.073886 0.084759 0 0 0 1 -0.479287 0.876828 0.038168 -0.017011 -0.046632 -0.068869 0.996535 0.181869 0.876418 0.475847 0.073896 0.084759 0 0 0 1 -0.479284 0.876828 0.038197 -0.017011 -0.046632 -0.068901 0.996533 0.181869 0.87642 0.475841 0.073912 0.084759 0 0 0 1 -0.47928 0.876829 0.038229 -0.017011 -0.046632 -0.068938 0.99653 0.181869 0.876422 0.475835 0.073929 0.084759 0 0 0 1 -0.479277 0.876829 0.038265 -0.017011 -0.046632 -0.068978 0.996528 0.181869 0.876424 0.475828 0.073948 0.084759 0 0 0 1 -0.479273 0.87683 0.038303 -0.017011 -0.046632 -0.069021 0.996525 0.181869 0.876426 0.475821 0.073969 0.084759 0 0 0 1 -0.47927 0.87683 0.038348 -0.017011 -0.046633 -0.069072 0.996521 0.181869 0.876428 0.475814 0.073993 0.084759 0 0 0 1 -0.479268 0.876828 0.038408 -0.017011 -0.046633 -0.06914 0.996516 0.181869 0.876429 0.475807 0.074026 0.084759 0 0 0 1 -0.47927 0.876824 0.038464 -0.017011 -0.046633 -0.069204 0.996512 0.181869 0.876428 0.475805 0.074056 0.084759 0 0 0 1 -0.479281 0.876816 0.038515 -0.017011 -0.046632 -0.069263 0.996508 0.181869 0.876422 0.475811 0.074084 0.084759 0 0 0 1 -0.479308 0.876799 0.038553 -0.017011 -0.046631 -0.069308 0.996505 0.181869 0.876407 0.475835 0.074106 0.084759 0 0 0 1 -0.479373 0.876763 0.03858 -0.017011 -0.046628 -0.069343 0.996503 0.181869 0.876372 0.475897 0.074123 0.084759 0 0 0 1 -0.479459 0.876716 0.038591 -0.017011 -0.046624 -0.069362 0.996501 0.181869 0.876325 0.475982 0.074132 0.084759 0 0 0 1 -0.479579 0.87665 0.038592 -0.017011 -0.046618 -0.069371 0.996501 0.181869 0.87626 0.476101 0.074137 0.084759 0 0 0 1 -0.479716 0.876575 0.038589 -0.017011 -0.046612 -0.069377 0.996501 0.181869 0.876185 0.476238 0.07414 0.084759 0 0 0 1 -0.479864 0.876494 0.038585 -0.017011 -0.046605 -0.069384 0.996501 0.181869 0.876104 0.476386 0.074144 0.084759 0 0 0 1 -0.480003 0.876418 0.038582 -0.017011 -0.046598 -0.069389 0.996501 0.181869 0.876028 0.476526 0.074147 0.084759 0 0 0 1 -0.480117 0.876356 0.038578 -0.017011 -0.046593 -0.069393 0.996501 0.181869 0.875966 0.47664 0.074149 0.084759 0 0 0 1 -0.480193 0.876314 0.038575 -0.017011 -0.046589 -0.069395 0.996501 0.181869 0.875925 0.476715 0.07415 0.084759 0 0 0 1 -0.480226 0.876296 0.038573 -0.017011 -0.046588 -0.069395 0.996501 0.181869 0.875906 0.476749 0.07415 0.084759 0 0 0 1 -0.480244 0.876286 0.038571 -0.017011 -0.046587 -0.069394 0.996501 0.181869 0.875897 0.476767 0.07415 0.084759 0 0 0 1 -0.480255 0.87628 0.038569 -0.017011 -0.046586 -0.069393 0.996501 0.181869 0.875891 0.476778 0.074149 0.084759 0 0 0 1 -0.480262 0.876276 0.038568 -0.017011 -0.046586 -0.069392 0.996501 0.181869 0.875887 0.476785 0.074149 0.084759 0 0 0 1 -0.480264 0.876275 0.038567 -0.017011 -0.046586 -0.069391 0.996501 0.181869 0.875886 0.476787 0.074148 0.084759 0 0 0 1 -0.480265 0.876275 0.038566 -0.017011 -0.046586 -0.06939 0.996501 0.181869 0.875885 0.476788 0.074147 0.084759 0 0 0 1 -0.480259 0.876281 0.038524 -0.017011 -0.046586 -0.069342 0.996505 0.181869 0.875889 0.476785 0.074125 0.084759 0 0 0 1 -0.480234 0.876298 0.038434 -0.017011 -0.046587 -0.069238 0.996512 0.181869 0.875902 0.476769 0.074075 0.084759 0 0 0 1 -0.480234 0.876298 0.038434 -0.017011 -0.046587 -0.069238 0.996512 0.181869 0.875902 0.476769 0.074075 0.084759 0 0 0 1 -0.48015 0.876352 0.038255 -0.017011 -0.046591 -0.069028 0.996526 0.181869 0.875948 0.476699 0.073974 0.084759 0 0 0 1 -0.480008 0.876434 0.038158 -0.017011 -0.046598 -0.068908 0.996534 0.181869 0.876025 0.476566 0.073917 0.084759 0 0 0 1</float_array>
        <technique_common>
          <accessor source="#RightShoulder_matrix_RightShoulder_transform-output-array" count="106" stride="16">
            <param name="TRANSFORM" type="float4x4"/>
          </accessor>
        </technique_common>
      </source>
      <source id="RightShoulder_matrix_RightShoulder_transform-interpolations">
        <Name_array id="RightShoulder_matrix_RightShoulder_transform-interpolations-array" count="106">LINEAR LINEAR LINEAR LINEAR LINEAR LINEAR LINEAR LINEAR LINEAR LINEAR LINEAR LINEAR LINEAR LINEAR LINEAR LINEAR LINEAR LINEAR LINEAR LINEAR LINEAR LINEAR LINEAR LINEAR LINEAR LINEAR LINEAR LINEAR LINEAR LINEAR LINEAR LINEAR LINEAR LINEAR LINEAR LINEAR LINEAR LINEAR LINEAR LINEAR LINEAR LINEAR LINEAR LINEAR LINEAR LINEAR LINEAR LINEAR LINEAR LINEAR LINEAR LINEAR LINEAR LINEAR LINEAR LINEAR LINEAR LINEAR LINEAR LINEAR LINEAR LINEAR LINEAR LINEAR LINEAR LINEAR LINEAR LINEAR LINEAR LINEAR LINEAR LINEAR LINEAR LINEAR LINEAR LINEAR LINEAR LINEAR LINEAR LINEAR LINEAR LINEAR LINEAR LINEAR LINEAR LINEAR LINEAR LINEAR LINEAR LINEAR LINEAR LINEAR LINEAR LINEAR LINEAR LINEAR LINEAR LINEAR LINEAR LINEAR LINEAR LINEAR LINEAR LINEAR LINEAR LINEAR</Name_array>
        <technique_common>
          <accessor source="#RightShoulder_matrix_RightShoulder_transform-interpolations-array" count="106" stride="1">
            <param name="INTERPOLATION" type="Name"/>
          </accessor>
        </technique_common>
      </source>
      <sampler id="RightShoulder_matrix_RightShoulder_transform-sampler">
        <input semantic="INPUT" source="#RightShoulder_matrix_RightShoulder_transform-input"/>
        <input semantic="OUTPUT" source="#RightShoulder_matrix_RightShoulder_transform-output"/>
        <input semantic="INTERPOLATION" source="#RightShoulder_matrix_RightShoulder_transform-interpolations"/>
      </sampler>
      <channel source="#RightShoulder_matrix_RightShoulder_transform-sampler" target="RightShoulder/transform"/>
    </animation>
    <animation id="RightArm_matrix">
      <source id="RightArm_matrix_RightArm_transform-input">
        <float_array id="RightArm_matrix_RightArm_transform-input-array" count="106">0 0.033333 0.066666 0.1 0.133333 0.166667 0.2 0.233333 0.266667 0.3 0.333333 0.366667 0.4 0.433333 0.466667 0.5 0.533333 0.566667 0.6 0.633333 0.666667 0.7 0.733333 0.766667 0.8 0.833333 0.866667 0.9 0.933333 0.966667 1 1.03333 1.06667 1.1 1.13333 1.16667 1.2 1.23333 1.26667 1.3 1.33333 1.36667 1.4 1.43333 1.46667 1.5 1.53333 1.56667 1.6 1.63333 1.66667 1.7 1.73333 1.76667 1.8 1.83333 1.86667 1.9 1.93333 1.96667 2 2.03333 2.06667 2.1 2.13333 2.16667 2.2 2.23333 2.26667 2.3 2.33333 2.36667 2.4 2.43333 2.46667 2.5 2.53333 2.56667 2.6 2.63333 2.66667 2.7 2.73333 2.76667 2.8 2.83333 2.86667 2.9 2.93333 2.96667 3 3.03333 3.06667 3.1 3.13333 3.16667 3.2 3.23333 3.26667 3.3 3.33333 3.36667 3.4 3.43333 3.46667 3.5</float_array>
        <technique_common>
          <accessor source="#RightArm_matrix_RightArm_transform-input-array" count="106" stride="1">
            <param name="TIME" type="float"/>
          </accessor>
        </technique_common>
        <technique profile="MAYA">
          <pre_infinity>CONSTANT</pre_infinity>
          <post_infinity>CONSTANT</post_infinity>
        </technique>
      </source>
      <source id="RightArm_matrix_RightArm_transform-output">
        <float_array id="RightArm_matrix_RightArm_transform-output-array" count="1696">0.732001 -0.005818 0.681278 0 0.676386 0.12613 -0.725667 -0.188543 -0.081707 0.991997 0.096263 -0.000002 0 0 0 1 0.732118 -0.00589 0.681152 0 0.676268 0.126119 -0.725779 -0.188543 -0.08163 0.991998 0.096317 -0.000002 0 0 0 1 0.732212 -0.00597 0.681051 0 0.676177 0.126105 -0.725867 -0.188543 -0.081549 0.991999 0.096373 -0.000002 0 0 0 1 0.732252 -0.006075 0.681007 0 0.676145 0.12609 -0.725899 -0.188543 -0.081457 0.992 0.096437 -0.000002 0 0 0 1 0.732234 -0.006187 0.681025 0 0.676175 0.126077 -0.725874 -0.188543 -0.08137 0.992001 0.096501 -0.000002 0 0 0 1 0.732136 -0.006291 0.68113 0 0.676289 0.126072 -0.725768 -0.188543 -0.081305 0.992001 0.096556 -0.000002 0 0 0 1 0.731988 -0.006396 0.681287 0 0.676453 0.126092 -0.725611 -0.188543 -0.081263 0.991998 0.096625 -0.000002 0 0 0 1 0.731804 -0.0065 0.681484 0 0.676651 0.126181 -0.725411 -0.188543 -0.081274 0.991986 0.096738 -0.000002 0 0 0 1 0.731619 -0.006623 0.681682 0 0.676851 0.126286 -0.725207 -0.188543 -0.081283 0.991972 0.096876 -0.000002 0 0 0 1 0.731479 -0.006787 0.681831 0 0.677005 0.126396 -0.725044 -0.188543 -0.081259 0.991957 0.097051 -0.000002 0 0 0 1 0.731366 -0.00698 0.68195 0 0.677133 0.126501 -0.724906 -0.188543 -0.081207 0.991942 0.097244 -0.000002 0 0 0 1 0.731283 -0.007207 0.682036 0 0.677234 0.126584 -0.724797 -0.188543 -0.08111 0.99193 0.097449 -0.000002 0 0 0 1 0.731216 -0.007434 0.682105 0 0.67732 0.126649 -0.724705 -0.188543 -0.080999 0.99192 0.097643 -0.000002 0 0 0 1 0.731147 -0.007643 0.682178 0 0.677409 0.126677 -0.724617 -0.188543 -0.080877 0.991915 0.097796 -0.000002 0 0 0 1 0.731089 -0.007794 0.682237 0 0.677482 0.126691 -0.724546 -0.188543 -0.080785 0.991912 0.097903 -0.000002 0 0 0 1 0.731064 -0.007826 0.682264 0 0.677511 0.126705 -0.724517 -0.188543 -0.080775 0.99191 0.097932 -0.000002 0 0 0 1 0.731038 -0.007796 0.682292 0 0.677535 0.126714 -0.724493 -0.188543 -0.080807 0.991909 0.097915 -0.000002 0 0 0 1 0.730989 -0.007731 0.682345 0 0.677582 0.126705 -0.724451 -0.188543 -0.080854 0.99191 0.097858 -0.000002 0 0 0 1 0.730912 -0.007656 0.682429 0 0.677663 0.12664 -0.724386 -0.188543 -0.080876 0.991919 0.097751 -0.000002 0 0 0 1 0.730785 -0.007616 0.682565 0 0.677801 0.126554 -0.724272 -0.188543 -0.080864 0.99193 0.097646 -0.000002 0 0 0 1 0.730632 -0.00759 0.682729 0 0.677968 0.126462 -0.724132 -0.188543 -0.080842 0.991942 0.097543 -0.000002 0 0 0 1 0.730453 -0.007577 0.68292 0 0.678163 0.126389 -0.723962 -0.188543 -0.080827 0.991952 0.097459 -0.000002 0 0 0 1 0.730293 -0.007552 0.683092 0 0.678336 0.126313 -0.723813 -0.188543 -0.080816 0.991962 0.097368 -0.000002 0 0 0 1 0.730196 -0.007493 0.683197 0 0.678442 0.12622 -0.72373 -0.188543 -0.080809 0.991974 0.097248 -0.000002 0 0 0 1 0.730164 -0.007399 0.683232 0 0.678476 0.126113 -0.723716 -0.188543 -0.080809 0.991988 0.097103 -0.000002 0 0 0 1 0.730225 -0.00726 0.683168 0 0.67841 0.125988 -0.7238 -0.188543 -0.080815 0.992005 0.096925 -0.000002 0 0 0 1 0.730353 -0.007084 0.683034 0 0.67827 0.125855 -0.723954 -0.188543 -0.080834 0.992023 0.096723 -0.000002 0 0 0 1 0.730544 -0.006863 0.682831 0 0.678059 0.125724 -0.724175 -0.188543 -0.080877 0.992042 0.096501 -0.000002 0 0 0 1 0.730755 -0.006623 0.682608 0 0.677825 0.125599 -0.724416 -0.188543 -0.080936 0.992059 0.096271 -0.000002 0 0 0 1 0.730948 -0.006373 0.682404 0 0.677608 0.125487 -0.724638 -0.188543 -0.081014 0.992075 0.096043 -0.000002 0 0 0 1 0.731095 -0.006146 0.682248 0 0.677439 0.125392 -0.724813 -0.188543 -0.081093 0.992088 0.095837 -0.000002 0 0 0 1 0.731155 -0.005975 0.682185 0 0.677366 0.125323 -0.724893 -0.188543 -0.081161 0.992098 0.095677 -0.000002 0 0 0 1 0.731134 -0.005867 0.682208 0 0.677383 0.125265 -0.724886 -0.188543 -0.081203 0.992106 0.09556 -0.000002 0 0 0 1 0.731008 -0.005849 0.682344 0 0.677522 0.125204 -0.724768 -0.188543 -0.081193 0.992114 0.095488 -0.000002 0 0 0 1 0.730826 -0.00589 0.682539 0 0.677723 0.125155 -0.724589 -0.188543 -0.081154 0.99212 0.095458 -0.000002 0 0 0 1 0.730608 -0.005979 0.682771 0 0.677964 0.125123 -0.724368 -0.188543 -0.081099 0.992123 0.095469 -0.000002 0 0 0 1 0.730423 -0.00608 0.682968 0 0.678171 0.125101 -0.724178 -0.188543 -0.081036 0.992125 0.0955 -0.000002 0 0 0 1 0.730339 -0.00615 0.683057 0 0.678267 0.125086 -0.724091 -0.188543 -0.080987 0.992127 0.095526 -0.000002 0 0 0 1 0.730376 -0.006205 0.683017 0 0.678233 0.125074 -0.724124 -0.188543 -0.080934 0.992128 0.095559 -0.000002 0 0 0 1 0.730595 -0.006241 0.682782 0 0.678005 0.125065 -0.72434 -0.188543 -0.080871 0.992129 0.095603 -0.000002 0 0 0 1 0.730937 -0.006272 0.682416 0 0.677645 0.125056 -0.724678 -0.188543 -0.080795 0.99213 0.095658 -0.000002 0 0 0 1 0.731396 -0.006313 0.681923 0 0.677161 0.125048 -0.725131 -0.188543 -0.080694 0.992131 0.095734 -0.000002 0 0 0 1 0.731873 -0.006351 0.681412 0 0.676659 0.12504 -0.725602 -0.188543 -0.080595 0.992131 0.09581 -0.000002 0 0 0 1 0.732276 -0.006377 0.680978 0 0.676232 0.125033 -0.726001 -0.188543 -0.080514 0.992132 0.095871 -0.000002 0 0 0 1 0.732568 -0.006388 0.680664 0 0.675922 0.125028 -0.72629 -0.188543 -0.080462 0.992133 0.095909 -0.000002 0 0 0 1 0.732655 -0.006371 0.68057 0 0.675827 0.125026 -0.726379 -0.188543 -0.080461 0.992133 0.095906 -0.000002 0 0 0 1 0.732616 -0.006338 0.680613 0 0.675866 0.125027 -0.726342 -0.188543 -0.080491 0.992133 0.09588 -0.000002 0 0 0 1 0.732468 -0.006295 0.680773 0 0.676021 0.125028 -0.726198 -0.188543 -0.080544 0.992133 0.095835 -0.000002 0 0 0 1 0.732292 -0.006248 0.680962 0 0.676203 0.125038 -0.726027 -0.188543 -0.080609 0.992132 0.095789 -0.000002 0 0 0 1 0.732179 -0.006203 0.681085 0 0.676317 0.125072 -0.725915 -0.188543 -0.080681 0.992128 0.09577 -0.000002 0 0 0 1 0.73212 -0.006163 0.681147 0 0.676369 0.125158 -0.725852 -0.188543 -0.080777 0.992118 0.095799 -0.000002 0 0 0 1 0.732151 -0.006126 0.681115 0 0.676324 0.125268 -0.725874 -0.188543 -0.080874 0.992104 0.095858 -0.000002 0 0 0 1 0.732237 -0.006093 0.681023 0 0.67622 0.12539 -0.725951 -0.188543 -0.08097 0.992089 0.095935 -0.000002 0 0 0 1 0.732361 -0.006067 0.68089 0 0.676075 0.125517 -0.726064 -0.188543 -0.081057 0.992073 0.096026 -0.000002 0 0 0 1 0.73251 -0.006028 0.68073 0 0.675903 0.125638 -0.726203 -0.188543 -0.081148 0.992058 0.096105 -0.000002 0 0 0 1 0.732674 -0.005949 0.680553 0 0.675711 0.125747 -0.726362 -0.188543 -0.081255 0.992045 0.096151 -0.000002 0 0 0 1 0.732825 -0.005839 0.680392 0 0.675534 0.125828 -0.726513 -0.188543 -0.081369 0.992035 0.096154 -0.000002 0 0 0 1 0.732926 -0.005696 0.680284 0 0.675409 0.125882 -0.72662 -0.188543 -0.081496 0.992029 0.096109 -0.000002 0 0 0 1 0.732989 -0.005523 0.680218 0 0.675323 0.125925 -0.726692 -0.188543 -0.081642 0.992024 0.096031 -0.000002 0 0 0 1 0.733011 -0.005312 0.680196 0 0.675278 0.125964 -0.726727 -0.188543 -0.081819 0.992021 0.09592 -0.000002 0 0 0 1 0.733006 -0.005091 0.680204 0 0.675261 0.125999 -0.726737 -0.188543 -0.082005 0.992017 0.095795 -0.000002 0 0 0 1 0.732985 -0.00488 0.680227 0 0.675263 0.126021 -0.726732 -0.188543 -0.082176 0.992016 0.095667 -0.000002 0 0 0 1 0.732955 -0.004685 0.680261 0 0.675277 0.126037 -0.726716 -0.188543 -0.082333 0.992014 0.095543 -0.000002 0 0 0 1 0.732931 -0.00452 0.680288 0 0.675286 0.12605 -0.726705 -0.188543 -0.082465 0.992014 0.095438 -0.000002 0 0 0 1 0.732889 -0.004386 0.680334 0 0.675318 0.12606 -0.726673 -0.188543 -0.082575 0.992013 0.09535 -0.000002 0 0 0 1 0.732802 -0.004297 0.680428 0 0.675403 0.126068 -0.726594 -0.188543 -0.082657 0.992012 0.095285 -0.000002 0 0 0 1 0.732695 -0.004229 0.680544 0 0.67551 0.126074 -0.726493 -0.188543 -0.082726 0.992012 0.09523 -0.000002 0 0 0 1 0.732583 -0.004164 0.680665 0 0.675624 0.12608 -0.726386 -0.188543 -0.082793 0.992011 0.095177 -0.000002 0 0 0 1 0.732469 -0.004093 0.680788 0 0.675738 0.126086 -0.726278 -0.188543 -0.082864 0.992011 0.09512 -0.000002 0 0 0 1 0.732355 -0.003998 0.680911 0 0.675851 0.126093 -0.726172 -0.188543 -0.082954 0.99201 0.095047 -0.000002 0 0 0 1 0.732264 -0.003894 0.68101 0 0.675938 0.1261 -0.726089 -0.188543 -0.083047 0.99201 0.094971 -0.000002 0 0 0 1 0.732217 -0.003786 0.681061 0 0.675978 0.126108 -0.726051 -0.188543 -0.083137 0.992009 0.094897 -0.000002 0 0 0 1 0.732217 -0.003696 0.681061 0 0.675969 0.126114 -0.726059 -0.188543 -0.083207 0.992009 0.094841 -0.000002 0 0 0 1 0.732274 -0.003645 0.681001 0 0.675904 0.126119 -0.726118 -0.188543 -0.083239 0.992008 0.094817 -0.000002 0 0 0 1 0.732387 -0.003638 0.680879 0 0.675783 0.126121 -0.726231 -0.188543 -0.08323 0.992008 0.094828 -0.000002 0 0 0 1 0.732571 -0.003691 0.680681 0 0.675591 0.126121 -0.726409 -0.188543 -0.083166 0.992008 0.094886 -0.000002 0 0 0 1 0.732796 -0.003786 0.680438 0 0.675359 0.126119 -0.726625 -0.188543 -0.083064 0.992008 0.094976 -0.000002 0 0 0 1 0.733047 -0.003916 0.680167 0 0.675103 0.126115 -0.726864 -0.188543 -0.082932 0.992008 0.095092 -0.000002 0 0 0 1 0.733299 -0.004059 0.679894 0 0.674847 0.12611 -0.727103 -0.188543 -0.08279 0.992008 0.095216 -0.000002 0 0 0 1 0.733526 -0.004187 0.679649 0 0.674616 0.126107 -0.727317 -0.188543 -0.082662 0.992008 0.095327 -0.000002 0 0 0 1 0.733722 -0.004308 0.679436 0 0.674417 0.126103 -0.727502 -0.188543 -0.082544 0.992008 0.09543 -0.000002 0 0 0 1 0.733877 -0.004416 0.679268 0 0.674261 0.126101 -0.727647 -0.188543 -0.082442 0.992008 0.09552 -0.000002 0 0 0 1 0.733981 -0.00452 0.679155 0 0.674159 0.1261 -0.727742 -0.188543 -0.082351 0.992007 0.095602 -0.000002 0 0 0 1 0.734024 -0.004629 0.679108 0 0.674123 0.126101 -0.727775 -0.188543 -0.082267 0.992007 0.095682 -0.000002 0 0 0 1 0.734003 -0.004738 0.679129 0 0.674154 0.126108 -0.727746 -0.188543 -0.082195 0.992005 0.095758 -0.000002 0 0 0 1 0.733905 -0.004843 0.679235 0 0.674266 0.126126 -0.727638 -0.188543 -0.082144 0.992002 0.09583 -0.000002 0 0 0 1 0.733759 -0.00495 0.679392 0 0.67443 0.126167 -0.727479 -0.188543 -0.082115 0.991997 0.095915 -0.000002 0 0 0 1 0.733575 -0.005055 0.67959 0 0.674628 0.126257 -0.72728 -0.188543 -0.082126 0.991985 0.096029 -0.000002 0 0 0 1 0.73339 -0.005177 0.679788 0 0.674828 0.126361 -0.727077 -0.188543 -0.082134 0.991971 0.096165 -0.000002 0 0 0 1 0.733251 -0.005341 0.679937 0 0.674982 0.126471 -0.726914 -0.188543 -0.082109 0.991956 0.09634 -0.000002 0 0 0 1 0.733138 -0.005534 0.680057 0 0.675111 0.126576 -0.726776 -0.188543 -0.082056 0.991941 0.096534 -0.000002 0 0 0 1 0.733056 -0.005761 0.680144 0 0.675212 0.126659 -0.726668 -0.188543 -0.08196 0.99193 0.096738 -0.000002 0 0 0 1 0.73299 -0.005988 0.680214 0 0.675298 0.126725 -0.726577 -0.188543 -0.081848 0.99192 0.096932 -0.000002 0 0 0 1 0.73292 -0.006197 0.680286 0 0.675388 0.126753 -0.726488 -0.188543 -0.081726 0.991915 0.097085 -0.000002 0 0 0 1 0.732863 -0.006349 0.680346 0 0.67546 0.12677 -0.726418 -0.188543 -0.081635 0.991912 0.097193 -0.000002 0 0 0 1 0.732838 -0.006381 0.680373 0 0.675489 0.126785 -0.726388 -0.188543 -0.081626 0.99191 0.097223 -0.000002 0 0 0 1 0.732812 -0.006351 0.680401 0 0.675513 0.126794 -0.726364 -0.188543 -0.081657 0.991909 0.097206 -0.000002 0 0 0 1 0.732764 -0.006285 0.680454 0 0.67556 0.126781 -0.726323 -0.188543 -0.081703 0.991911 0.097147 -0.000002 0 0 0 1 0.732686 -0.00621 0.680538 0 0.675642 0.126717 -0.726258 -0.188543 -0.081725 0.991919 0.097039 -0.000002 0 0 0 1 0.73256 -0.00617 0.680674 0 0.67578 0.126631 -0.726145 -0.188543 -0.081713 0.991931 0.096934 -0.000002 0 0 0 1 0.732399 -0.006148 0.680848 0 0.675957 0.126547 -0.725994 -0.188543 -0.081695 0.991942 0.096839 -0.000002 0 0 0 1 0.732229 -0.00613 0.681031 0 0.676143 0.126466 -0.725835 -0.188543 -0.081677 0.991952 0.096747 -0.000002 0 0 0 1 0.732069 -0.006106 0.681203 0 0.676317 0.126391 -0.725686 -0.188543 -0.081666 0.991962 0.096656 -0.000002 0 0 0 1 0.732069 -0.006106 0.681203 0 0.676317 0.126391 -0.725686 -0.188543 -0.081666 0.991962 0.096656 -0.000002 0 0 0 1 0.73194 -0.005952 0.681343 0 0.676458 0.126191 -0.72559 -0.188543 -0.081659 0.991988 0.096391 -0.000002 0 0 0 1 0.732001 -0.005814 0.681279 0 0.676391 0.126066 -0.725674 -0.188543 -0.081666 0.992005 0.096213 -0.000002 0 0 0 1</float_array>
        <technique_common>
          <accessor source="#RightArm_matrix_RightArm_transform-output-array" count="106" stride="16">
            <param name="TRANSFORM" type="float4x4"/>
          </accessor>
        </technique_common>
      </source>
      <source id="RightArm_matrix_RightArm_transform-interpolations">
        <Name_array id="RightArm_matrix_RightArm_transform-interpolations-array" count="106">LINEAR LINEAR LINEAR LINEAR LINEAR LINEAR LINEAR LINEAR LINEAR LINEAR LINEAR LINEAR LINEAR LINEAR LINEAR LINEAR LINEAR LINEAR LINEAR LINEAR LINEAR LINEAR LINEAR LINEAR LINEAR LINEAR LINEAR LINEAR LINEAR LINEAR LINEAR LINEAR LINEAR LINEAR LINEAR LINEAR LINEAR LINEAR LINEAR LINEAR LINEAR LINEAR LINEAR LINEAR LINEAR LINEAR LINEAR LINEAR LINEAR LINEAR LINEAR LINEAR LINEAR LINEAR LINEAR LINEAR LINEAR LINEAR LINEAR LINEAR LINEAR LINEAR LINEAR LINEAR LINEAR LINEAR LINEAR LINEAR LINEAR LINEAR LINEAR LINEAR LINEAR LINEAR LINEAR LINEAR LINEAR LINEAR LINEAR LINEAR LINEAR LINEAR LINEAR LINEAR LINEAR LINEAR LINEAR LINEAR LINEAR LINEAR LINEAR LINEAR LINEAR LINEAR LINEAR LINEAR LINEAR LINEAR LINEAR LINEAR LINEAR LINEAR LINEAR LINEAR LINEAR LINEAR</Name_array>
        <technique_common>
          <accessor source="#RightArm_matrix_RightArm_transform-interpolations-array" count="106" stride="1">
            <param name="INTERPOLATION" type="Name"/>
          </accessor>
        </technique_common>
      </source>
      <sampler id="RightArm_matrix_RightArm_transform-sampler">
        <input semantic="INPUT" source="#RightArm_matrix_RightArm_transform-input"/>
        <input semantic="OUTPUT" source="#RightArm_matrix_RightArm_transform-output"/>
        <input semantic="INTERPOLATION" source="#RightArm_matrix_RightArm_transform-interpolations"/>
      </sampler>
      <channel source="#RightArm_matrix_RightArm_transform-sampler" target="RightArm/transform"/>
    </animation>
    <animation id="RightForeArm_matrix">
      <source id="RightForeArm_matrix_RightForeArm_transform-input">
        <float_array id="RightForeArm_matrix_RightForeArm_transform-input-array" count="106">0 0.033333 0.066666 0.1 0.133333 0.166667 0.2 0.233333 0.266667 0.3 0.333333 0.366667 0.4 0.433333 0.466667 0.5 0.533333 0.566667 0.6 0.633333 0.666667 0.7 0.733333 0.766667 0.8 0.833333 0.866667 0.9 0.933333 0.966667 1 1.03333 1.06667 1.1 1.13333 1.16667 1.2 1.23333 1.26667 1.3 1.33333 1.36667 1.4 1.43333 1.46667 1.5 1.53333 1.56667 1.6 1.63333 1.66667 1.7 1.73333 1.76667 1.8 1.83333 1.86667 1.9 1.93333 1.96667 2 2.03333 2.06667 2.1 2.13333 2.16667 2.2 2.23333 2.26667 2.3 2.33333 2.36667 2.4 2.43333 2.46667 2.5 2.53333 2.56667 2.6 2.63333 2.66667 2.7 2.73333 2.76667 2.8 2.83333 2.86667 2.9 2.93333 2.96667 3 3.03333 3.06667 3.1 3.13333 3.16667 3.2 3.23333 3.26667 3.3 3.33333 3.36667 3.4 3.43333 3.46667 3.5</float_array>
        <technique_common>
          <accessor source="#RightForeArm_matrix_RightForeArm_transform-input-array" count="106" stride="1">
            <param name="TIME" type="float"/>
          </accessor>
        </technique_common>
        <technique profile="MAYA">
          <pre_infinity>CONSTANT</pre_infinity>
          <post_infinity>CONSTANT</post_infinity>
        </technique>
      </source>
      <source id="RightForeArm_matrix_RightForeArm_transform-output">
        <float_array id="RightForeArm_matrix_RightForeArm_transform-output-array" count="1696">0.934675 -0.355503 0 -0.000011 0.355503 0.934674 -0.001515 -0.321501 0.000538 0.001416 0.999999 0.000000 0 0 0 1 0.934674 -0.355505 0 -0.000011 0.355505 0.934673 -0.001515 -0.321501 0.000538 0.001416 0.999999 0.000000 0 0 0 1 0.934673 -0.355508 0 -0.000011 0.355508 0.934672 -0.001515 -0.321501 0.000538 0.001416 0.999999 0.000000 0 0 0 1 0.934672 -0.355512 0 -0.000011 0.355512 0.934671 -0.001515 -0.321501 0.000538 0.001416 0.999999 0.000000 0 0 0 1 0.93467 -0.355516 0 -0.000011 0.355515 0.934669 -0.001515 -0.321501 0.000538 0.001416 0.999999 0.000000 0 0 0 1 0.934669 -0.355519 0 -0.000011 0.355519 0.934668 -0.001515 -0.321501 0.000538 0.001416 0.999999 0.000000 0 0 0 1 0.934668 -0.355523 0 -0.000011 0.355523 0.934666 -0.001515 -0.321501 0.000538 0.001416 0.999999 0.000000 0 0 0 1 0.934666 -0.355526 0 -0.000011 0.355526 0.934665 -0.001515 -0.321501 0.000538 0.001416 0.999999 0.000000 0 0 0 1 0.934665 -0.35553 0 -0.000011 0.355529 0.934664 -0.001515 -0.321501 0.000538 0.001416 0.999999 0.000000 0 0 0 1 0.934664 -0.355533 0 -0.000011 0.355532 0.934663 -0.001515 -0.321501 0.000538 0.001416 0.999999 0.000000 0 0 0 1 0.934663 -0.355535 0 -0.000011 0.355534 0.934662 -0.001515 -0.321501 0.000538 0.001416 0.999999 0.000000 0 0 0 1 0.934662 -0.355536 0 -0.000011 0.355536 0.934661 -0.001515 -0.321501 0.000538 0.001416 0.999999 0.000000 0 0 0 1 0.934662 -0.355539 0 -0.000011 0.355538 0.934661 -0.001515 -0.321501 0.000538 0.001416 0.999999 0.000000 0 0 0 1 0.934662 -0.355536 0 -0.000011 0.355536 0.934661 -0.001515 -0.321501 0.000538 0.001416 0.999999 0.000000 0 0 0 1 0.934666 -0.355528 0 -0.000011 0.355528 0.934664 -0.001515 -0.321501 0.000538 0.001416 0.999999 0.000000 0 0 0 1 0.934675 -0.355503 0 -0.000011 0.355503 0.934674 -0.001515 -0.321501 0.000538 0.001416 0.999999 0.000000 0 0 0 1 0.934702 -0.355433 0 -0.000011 0.355432 0.934701 -0.001515 -0.321501 0.000538 0.001416 0.999999 0.000000 0 0 0 1 0.934743 -0.355323 0 -0.000011 0.355323 0.934742 -0.001515 -0.321501 0.000538 0.001416 0.999999 0.000000 0 0 0 1 0.934792 -0.355195 0 -0.000011 0.355195 0.934791 -0.001515 -0.321501 0.000538 0.001416 0.999999 0.000000 0 0 0 1 0.93485 -0.355044 0 -0.000011 0.355043 0.934849 -0.001515 -0.321501 0.000537 0.001416 0.999999 0.000000 0 0 0 1 0.934895 -0.354923 0 -0.000011 0.354923 0.934894 -0.001515 -0.321501 0.000537 0.001416 0.999999 0.000000 0 0 0 1 0.934906 -0.354895 0 -0.000011 0.354895 0.934905 -0.001515 -0.321501 0.000537 0.001416 0.999999 0.000000 0 0 0 1 0.93489 -0.354937 0 -0.000011 0.354937 0.934889 -0.001515 -0.321501 0.000537 0.001416 0.999999 0.000000 0 0 0 1 0.934845 -0.355055 0 -0.000011 0.355055 0.934844 -0.001515 -0.321501 0.000538 0.001416 0.999999 0.000000 0 0 0 1 0.934778 -0.355233 0 -0.000011 0.355233 0.934777 -0.001515 -0.321501 0.000538 0.001416 0.999999 0.000000 0 0 0 1 0.934689 -0.355468 0 -0.000011 0.355467 0.934687 -0.001515 -0.321501 0.000538 0.001416 0.999999 0.000000 0 0 0 1 0.934591 -0.355724 0 -0.000011 0.355723 0.93459 -0.001515 -0.321501 0.000539 0.001416 0.999999 0.000000 0 0 0 1 0.934497 -0.355971 0 -0.000011 0.35597 0.934496 -0.001515 -0.321501 0.000539 0.001416 0.999999 0.000000 0 0 0 1 0.934413 -0.356192 0 -0.000011 0.356192 0.934412 -0.001515 -0.321501 0.000539 0.001415 0.999999 0.000000 0 0 0 1 0.93435 -0.356357 0 -0.000011 0.356357 0.934349 -0.001515 -0.321501 0.000539 0.001415 0.999999 0.000000 0 0 0 1 0.934304 -0.356478 0 -0.000011 0.356478 0.934303 -0.001515 -0.321501 0.00054 0.001415 0.999999 0.000000 0 0 0 1 0.934286 -0.356526 0 -0.000011 0.356525 0.934285 -0.001515 -0.321501 0.00054 0.001415 0.999999 0.000000 0 0 0 1 0.934277 -0.356548 0 -0.000011 0.356548 0.934276 -0.001515 -0.321501 0.00054 0.001415 0.999999 0.000000 0 0 0 1 0.934273 -0.356559 0 -0.000011 0.356559 0.934272 -0.001515 -0.321501 0.00054 0.001415 0.999999 0.000000 0 0 0 1 0.934271 -0.356565 0 -0.000011 0.356564 0.93427 -0.001515 -0.321501 0.00054 0.001415 0.999999 0.000000 0 0 0 1 0.934272 -0.356562 0 -0.000011 0.356562 0.934271 -0.001515 -0.321501 0.00054 0.001415 0.999999 0.000000 0 0 0 1 0.934279 -0.356544 0 -0.000011 0.356543 0.934278 -0.001515 -0.321501 0.00054 0.001415 0.999999 0.000000 0 0 0 1 0.934288 -0.356519 0 -0.000011 0.356518 0.934287 -0.001515 -0.321501 0.00054 0.001415 0.999999 0.000000 0 0 0 1 0.934299 -0.35649 0 -0.000011 0.35649 0.934298 -0.001515 -0.321501 0.00054 0.001415 0.999999 0.000000 0 0 0 1 0.934311 -0.35646 0 -0.000011 0.356459 0.93431 -0.001515 -0.321501 0.00054 0.001415 0.999999 0.000000 0 0 0 1 0.934323 -0.356427 0 -0.000011 0.356427 0.934322 -0.001515 -0.321501 0.00054 0.001415 0.999999 0.000000 0 0 0 1 0.934338 -0.356388 0 -0.000011 0.356388 0.934337 -0.001515 -0.321501 0.00054 0.001415 0.999999 0.000000 0 0 0 1 0.934359 -0.356334 0 -0.000011 0.356334 0.934358 -0.001515 -0.321501 0.000539 0.001415 0.999999 0.000000 0 0 0 1 0.934396 -0.356237 0 -0.000011 0.356236 0.934395 -0.001515 -0.321501 0.000539 0.001415 0.999999 0.000000 0 0 0 1 0.934412 -0.356195 0 -0.000011 0.356195 0.93441 -0.001515 -0.321501 0.000539 0.001415 0.999999 0.000000 0 0 0 1 0.934417 -0.35618 0 -0.000011 0.356179 0.934416 -0.001515 -0.321501 0.000539 0.001415 0.999999 0.000000 0 0 0 1 0.934419 -0.356176 0 -0.000011 0.356176 0.934418 -0.001515 -0.321501 0.000539 0.001415 0.999999 0.000000 0 0 0 1 0.934418 -0.356178 0 -0.000011 0.356177 0.934417 -0.001515 -0.321501 0.000539 0.001415 0.999999 0.000000 0 0 0 1 0.934417 -0.356182 0 -0.000011 0.356181 0.934416 -0.001515 -0.321501 0.000539 0.001415 0.999999 0.000000 0 0 0 1 0.934415 -0.356186 0 -0.000011 0.356186 0.934414 -0.001515 -0.321501 0.000539 0.001415 0.999999 0.000000 0 0 0 1 0.934413 -0.356191 0 -0.000011 0.356191 0.934412 -0.001515 -0.321501 0.000539 0.001415 0.999999 0.000000 0 0 0 1 0.934412 -0.356195 0 -0.000011 0.356195 0.934411 -0.001515 -0.321501 0.000539 0.001415 0.999999 0.000000 0 0 0 1 0.934411 -0.356198 0 -0.000011 0.356197 0.93441 -0.001515 -0.321501 0.000539 0.001415 0.999999 0.000000 0 0 0 1 0.934411 -0.356198 0 -0.000011 0.356197 0.93441 -0.001515 -0.321501 0.000539 0.001415 0.999999 0.000000 0 0 0 1 0.934412 -0.356194 0 -0.000011 0.356193 0.934411 -0.001515 -0.321501 0.000539 0.001415 0.999999 0.000000 0 0 0 1 0.934422 -0.356167 0 -0.000011 0.356166 0.934421 -0.001515 -0.321501 0.000539 0.001415 0.999999 0.000000 0 0 0 1 0.934452 -0.35609 0 -0.000011 0.356089 0.934451 -0.001515 -0.321501 0.000539 0.001415 0.999999 0.000000 0 0 0 1 0.934497 -0.355971 0 -0.000011 0.35597 0.934496 -0.001515 -0.321501 0.000539 0.001416 0.999999 0.000000 0 0 0 1 0.934556 -0.355815 0 -0.000011 0.355815 0.934555 -0.001515 -0.321501 0.000539 0.001416 0.999999 0.000000 0 0 0 1 0.934633 -0.355615 0 -0.000011 0.355614 0.934632 -0.001515 -0.321501 0.000538 0.001416 0.999999 0.000000 0 0 0 1 0.934716 -0.355396 0 -0.000011 0.355396 0.934715 -0.001515 -0.321501 0.000538 0.001416 0.999999 0.000000 0 0 0 1 0.934798 -0.355181 0 -0.000011 0.355181 0.934796 -0.001515 -0.321501 0.000538 0.001416 0.999999 0.000000 0 0 0 1 0.934874 -0.354979 0 -0.000011 0.354979 0.934873 -0.001515 -0.321501 0.000537 0.001416 0.999999 0.000000 0 0 0 1 0.934938 -0.35481 0 -0.000011 0.354809 0.934937 -0.001515 -0.321501 0.000537 0.001416 0.999999 0.000000 0 0 0 1 0.934993 -0.354667 0 -0.000011 0.354666 0.934992 -0.001515 -0.321501 0.000537 0.001416 0.999999 0.000000 0 0 0 1 0.935038 -0.354548 0 -0.000011 0.354548 0.935037 -0.001515 -0.321501 0.000537 0.001416 0.999999 0.000000 0 0 0 1 0.935072 -0.354458 0 -0.000011 0.354457 0.935071 -0.001515 -0.321501 0.000537 0.001416 0.999999 0.000000 0 0 0 1 0.935095 -0.354396 0 -0.000011 0.354396 0.935094 -0.001515 -0.321501 0.000537 0.001416 0.999999 0.000000 0 0 0 1 0.935107 -0.354366 0 -0.000011 0.354365 0.935106 -0.001515 -0.321501 0.000536 0.001416 0.999999 0.000000 0 0 0 1 0.935111 -0.354355 0 -0.000011 0.354355 0.93511 -0.001515 -0.321501 0.000536 0.001416 0.999999 0.000000 0 0 0 1 0.935104 -0.354373 0 -0.000011 0.354373 0.935103 -0.001515 -0.321501 0.000536 0.001416 0.999999 0.000000 0 0 0 1 0.935074 -0.354453 0 -0.000011 0.354452 0.935073 -0.001515 -0.321501 0.000537 0.001416 0.999999 0.000000 0 0 0 1 0.935029 -0.35457 0 -0.000011 0.35457 0.935028 -0.001515 -0.321501 0.000537 0.001416 0.999999 0.000000 0 0 0 1 0.934974 -0.354718 0 -0.000011 0.354717 0.934972 -0.001515 -0.321501 0.000537 0.001416 0.999999 0.000000 0 0 0 1 0.934912 -0.35488 0 -0.000011 0.35488 0.934911 -0.001515 -0.321501 0.000537 0.001416 0.999999 0.000000 0 0 0 1 0.934848 -0.355048 0 -0.000011 0.355047 0.934847 -0.001515 -0.321501 0.000537 0.001416 0.999999 0.000000 0 0 0 1 0.93479 -0.3552 0 -0.000011 0.3552 0.934789 -0.001515 -0.321501 0.000538 0.001416 0.999999 0.000000 0 0 0 1 0.934747 -0.355314 0 -0.000011 0.355314 0.934746 -0.001515 -0.321501 0.000538 0.001416 0.999999 0.000000 0 0 0 1 0.934718 -0.355389 0 -0.000011 0.355389 0.934717 -0.001515 -0.321501 0.000538 0.001416 0.999999 0.000000 0 0 0 1 0.934703 -0.355429 0 -0.000011 0.355429 0.934702 -0.001515 -0.321501 0.000538 0.001416 0.999999 0.000000 0 0 0 1 0.934693 -0.355456 0 -0.000011 0.355455 0.934692 -0.001515 -0.321501 0.000538 0.001416 0.999999 0.000000 0 0 0 1 0.934685 -0.355478 0 -0.000011 0.355477 0.934684 -0.001515 -0.321501 0.000538 0.001416 0.999999 0.000000 0 0 0 1 0.934678 -0.355495 0 -0.000011 0.355495 0.934677 -0.001515 -0.321501 0.000538 0.001416 0.999999 0.000000 0 0 0 1 0.934672 -0.355511 0 -0.000011 0.355511 0.934671 -0.001515 -0.321501 0.000538 0.001416 0.999999 0.000000 0 0 0 1 0.934666 -0.355527 0 -0.000011 0.355526 0.934665 -0.001515 -0.321501 0.000538 0.001416 0.999999 0.000000 0 0 0 1 0.934661 -0.355541 0 -0.000011 0.355541 0.93466 -0.001515 -0.321501 0.000538 0.001416 0.999999 0.000000 0 0 0 1 0.934656 -0.355554 0 -0.000011 0.355554 0.934655 -0.001515 -0.321501 0.000538 0.001416 0.999999 0.000000 0 0 0 1 0.934652 -0.355563 0 -0.000011 0.355563 0.934651 -0.001515 -0.321501 0.000538 0.001416 0.999999 0.000000 0 0 0 1 0.934651 -0.355565 0 -0.000011 0.355565 0.93465 -0.001515 -0.321501 0.000538 0.001416 0.999999 0.000000 0 0 0 1 0.934651 -0.355567 0 -0.000011 0.355567 0.93465 -0.001515 -0.321501 0.000538 0.001416 0.999999 0.000000 0 0 0 1 0.93465 -0.355568 0 -0.000011 0.355568 0.934649 -0.001515 -0.321501 0.000538 0.001416 0.999999 0.000000 0 0 0 1 0.93465 -0.355569 0 -0.000011 0.355569 0.934649 -0.001515 -0.321501 0.000538 0.001416 0.999999 0.000000 0 0 0 1 0.93465 -0.35557 0 -0.000011 0.355569 0.934649 -0.001515 -0.321501 0.000538 0.001416 0.999999 0.000000 0 0 0 1 0.93465 -0.35557 0 -0.000011 0.35557 0.934649 -0.001515 -0.321501 0.000538 0.001416 0.999999 0.000000 0 0 0 1 0.934653 -0.355561 0 -0.000011 0.355561 0.934652 -0.001515 -0.321501 0.000538 0.001416 0.999999 0.000000 0 0 0 1 0.934664 -0.355533 0 -0.000011 0.355532 0.934663 -0.001515 -0.321501 0.000538 0.001416 0.999999 0.000000 0 0 0 1 0.934691 -0.355462 0 -0.000011 0.355462 0.93469 -0.001515 -0.321501 0.000538 0.001416 0.999999 0.000000 0 0 0 1 0.934732 -0.355353 0 -0.000011 0.355353 0.934731 -0.001515 -0.321501 0.000538 0.001416 0.999999 0.000000 0 0 0 1 0.934781 -0.355225 0 -0.000011 0.355224 0.93478 -0.001515 -0.321501 0.000538 0.001416 0.999999 0.000000 0 0 0 1 0.934839 -0.355073 0 -0.000011 0.355073 0.934837 -0.001515 -0.321501 0.000538 0.001416 0.999999 0.000000 0 0 0 1 0.934876 -0.354975 0 -0.000011 0.354974 0.934875 -0.001515 -0.321501 0.000537 0.001416 0.999999 0.000000 0 0 0 1 0.934895 -0.354924 0 -0.000011 0.354924 0.934894 -0.001515 -0.321501 0.000537 0.001416 0.999999 0.000000 0 0 0 1 0.934879 -0.354967 0 -0.000011 0.354966 0.934878 -0.001515 -0.321501 0.000537 0.001416 0.999999 0.000000 0 0 0 1 0.934879 -0.354967 0 -0.000011 0.354966 0.934878 -0.001515 -0.321501 0.000537 0.001416 0.999999 0.000000 0 0 0 1 0.934767 -0.355263 0 -0.000011 0.355262 0.934765 -0.001515 -0.321501 0.000538 0.001416 0.999999 0.000000 0 0 0 1 0.934677 -0.355497 0 -0.000011 0.355497 0.934676 -0.001515 -0.321501 0.000538 0.001416 0.999999 0.000000 0 0 0 1</float_array>
        <technique_common>
          <accessor source="#RightForeArm_matrix_RightForeArm_transform-output-array" count="106" stride="16">
            <param name="TRANSFORM" type="float4x4"/>
          </accessor>
        </technique_common>
      </source>
      <source id="RightForeArm_matrix_RightForeArm_transform-interpolations">
        <Name_array id="RightForeArm_matrix_RightForeArm_transform-interpolations-array" count="106">LINEAR LINEAR LINEAR LINEAR LINEAR LINEAR LINEAR LINEAR LINEAR LINEAR LINEAR LINEAR LINEAR LINEAR LINEAR LINEAR LINEAR LINEAR LINEAR LINEAR LINEAR LINEAR LINEAR LINEAR LINEAR LINEAR LINEAR LINEAR LINEAR LINEAR LINEAR LINEAR LINEAR LINEAR LINEAR LINEAR LINEAR LINEAR LINEAR LINEAR LINEAR LINEAR LINEAR LINEAR LINEAR LINEAR LINEAR LINEAR LINEAR LINEAR LINEAR LINEAR LINEAR LINEAR LINEAR LINEAR LINEAR LINEAR LINEAR LINEAR LINEAR LINEAR LINEAR LINEAR LINEAR LINEAR LINEAR LINEAR LINEAR LINEAR LINEAR LINEAR LINEAR LINEAR LINEAR LINEAR LINEAR LINEAR LINEAR LINEAR LINEAR LINEAR LINEAR LINEAR LINEAR LINEAR LINEAR LINEAR LINEAR LINEAR LINEAR LINEAR LINEAR LINEAR LINEAR LINEAR LINEAR LINEAR LINEAR LINEAR LINEAR LINEAR LINEAR LINEAR LINEAR LINEAR</Name_array>
        <technique_common>
          <accessor source="#RightForeArm_matrix_RightForeArm_transform-interpolations-array" count="106" stride="1">
            <param name="INTERPOLATION" type="Name"/>
          </accessor>
        </technique_common>
      </source>
      <sampler id="RightForeArm_matrix_RightForeArm_transform-sampler">
        <input semantic="INPUT" source="#RightForeArm_matrix_RightForeArm_transform-input"/>
        <input semantic="OUTPUT" source="#RightForeArm_matrix_RightForeArm_transform-output"/>
        <input semantic="INTERPOLATION" source="#RightForeArm_matrix_RightForeArm_transform-interpolations"/>
      </sampler>
      <channel source="#RightForeArm_matrix_RightForeArm_transform-sampler" target="RightForeArm/transform"/>
    </animation>
    <animation id="RightHand_matrix">
      <source id="RightHand_matrix_RightHand_transform-input">
        <float_array id="RightHand_matrix_RightHand_transform-input-array" count="106">0 0.033333 0.066666 0.1 0.133333 0.166667 0.2 0.233333 0.266667 0.3 0.333333 0.366667 0.4 0.433333 0.466667 0.5 0.533333 0.566667 0.6 0.633333 0.666667 0.7 0.733333 0.766667 0.8 0.833333 0.866667 0.9 0.933333 0.966667 1 1.03333 1.06667 1.1 1.13333 1.16667 1.2 1.23333 1.26667 1.3 1.33333 1.36667 1.4 1.43333 1.46667 1.5 1.53333 1.56667 1.6 1.63333 1.66667 1.7 1.73333 1.76667 1.8 1.83333 1.86667 1.9 1.93333 1.96667 2 2.03333 2.06667 2.1 2.13333 2.16667 2.2 2.23333 2.26667 2.3 2.33333 2.36667 2.4 2.43333 2.46667 2.5 2.53333 2.56667 2.6 2.63333 2.66667 2.7 2.73333 2.76667 2.8 2.83333 2.86667 2.9 2.93333 2.96667 3 3.03333 3.06667 3.1 3.13333 3.16667 3.2 3.23333 3.26667 3.3 3.33333 3.36667 3.4 3.43333 3.46667 3.5</float_array>
        <technique_common>
          <accessor source="#RightHand_matrix_RightHand_transform-input-array" count="106" stride="1">
            <param name="TIME" type="float"/>
          </accessor>
        </technique_common>
        <technique profile="MAYA">
          <pre_infinity>CONSTANT</pre_infinity>
          <post_infinity>CONSTANT</post_infinity>
        </technique>
      </source>
      <source id="RightHand_matrix_RightHand_transform-output">
        <float_array id="RightHand_matrix_RightHand_transform-output-array" count="1696">0.948747 0.057643 0.310735 -0.000011 -0.013623 0.989771 -0.142015 -0.244116 -0.315743 0.130503 0.939827 0.000000 0 0 0 1 0.948787 0.057616 0.310619 -0.000011 -0.013611 0.989771 -0.142017 -0.244116 -0.315624 0.130516 0.939866 0.000000 0 0 0 1 0.948824 0.057588 0.310509 -0.000011 -0.013597 0.989771 -0.142018 -0.244116 -0.315511 0.130528 0.939902 0.000000 0 0 0 1 0.948855 0.057571 0.310418 -0.000011 -0.013592 0.989771 -0.142019 -0.244116 -0.315419 0.130537 0.939932 0.000000 0 0 0 1 0.948883 0.057589 0.310331 -0.000011 -0.013623 0.98977 -0.142021 -0.244116 -0.315335 0.130533 0.93996 0.000000 0 0 0 1 0.948897 0.057705 0.310264 -0.000011 -0.013753 0.989768 -0.142022 -0.244116 -0.315285 0.130497 0.939982 0.000000 0 0 0 1 0.948907 0.057926 0.310194 -0.000011 -0.013993 0.989764 -0.142023 -0.244116 -0.315245 0.130426 0.940005 0.000000 0 0 0 1 0.948917 0.058187 0.310115 -0.000011 -0.014277 0.98976 -0.142024 -0.244116 -0.315204 0.130341 0.940031 0.000000 0 0 0 1 0.948932 0.058449 0.31002 -0.000011 -0.014563 0.989756 -0.142025 -0.244116 -0.315145 0.130257 0.940062 0.000000 0 0 0 1 0.948964 0.058661 0.309881 -0.000011 -0.014804 0.989752 -0.142026 -0.244116 -0.315037 0.13019 0.940108 0.000000 0 0 0 1 0.949007 0.058811 0.309719 -0.000011 -0.014983 0.989749 -0.142027 -0.244116 -0.314897 0.130144 0.940161 0.000000 0 0 0 1 0.949064 0.058849 0.309538 -0.000011 -0.015049 0.989748 -0.142029 -0.244116 -0.314723 0.130137 0.94022 0.000000 0 0 0 1 0.949123 0.058845 0.30936 -0.000011 -0.01507 0.989747 -0.142032 -0.244116 -0.314546 0.130144 0.940278 0.000000 0 0 0 1 0.949176 0.058827 0.309199 -0.000011 -0.015073 0.989747 -0.142034 -0.244116 -0.314384 0.130155 0.940331 0.000000 0 0 0 1 0.949216 0.05881 0.30908 -0.000011 -0.015072 0.989747 -0.142037 -0.244116 -0.314265 0.130165 0.940369 0.000000 0 0 0 1 0.949234 0.058814 0.309024 -0.000011 -0.015083 0.989746 -0.142039 -0.244116 -0.314209 0.130167 0.940388 0.000000 0 0 0 1 0.949218 0.058869 0.309063 -0.000011 -0.015134 0.989745 -0.142042 -0.244116 -0.314256 0.130151 0.940374 0.000000 0 0 0 1 0.949141 0.059026 0.309269 -0.000011 -0.015268 0.989743 -0.142044 -0.244116 -0.314482 0.130097 0.940306 0.000000 0 0 0 1 0.949037 0.059192 0.309557 -0.000011 -0.015398 0.98974 -0.142045 -0.244116 -0.314789 0.13004 0.940212 0.000000 0 0 0 1 0.94892 0.059289 0.309895 -0.000011 -0.01545 0.989739 -0.142047 -0.244116 -0.315138 0.130004 0.9401 0.000000 0 0 0 1 0.948822 0.05934 0.310187 -0.000011 -0.015461 0.989739 -0.142049 -0.244116 -0.315434 0.129983 0.940003 0.000000 0 0 0 1 0.948779 0.059353 0.310316 -0.000011 -0.015455 0.989739 -0.142051 -0.244116 -0.315563 0.129979 0.939961 0.000000 0 0 0 1 0.948785 0.059345 0.310298 -0.000011 -0.015449 0.989738 -0.142053 -0.244116 -0.315544 0.129984 0.939966 0.000000 0 0 0 1 0.948859 0.059322 0.310075 -0.000011 -0.015456 0.989738 -0.142054 -0.244116 -0.31532 0.129997 0.940039 0.000000 0 0 0 1 0.948961 0.059333 0.309762 -0.000011 -0.015512 0.989737 -0.142056 -0.244116 -0.315012 0.130001 0.940142 0.000000 0 0 0 1 0.949059 0.059391 0.30945 -0.000011 -0.015619 0.989736 -0.142054 -0.244116 -0.314711 0.129985 0.940245 0.000000 0 0 0 1 0.949147 0.059472 0.309166 -0.000011 -0.015745 0.989734 -0.142053 -0.244116 -0.31444 0.129961 0.940339 0.000000 0 0 0 1 0.949202 0.059566 0.308977 -0.000011 -0.015872 0.989733 -0.142043 -0.244116 -0.314265 0.129924 0.940403 0.000000 0 0 0 1 0.949239 0.059629 0.308853 -0.000011 -0.015967 0.989736 -0.14201 -0.244116 -0.314151 0.12987 0.940448 0.000000 0 0 0 1 0.949262 0.059596 0.308786 -0.000011 -0.015967 0.989747 -0.141937 -0.244116 -0.314079 0.129805 0.940481 0.000000 0 0 0 1 0.949268 0.0595 0.308787 -0.000011 -0.015896 0.98976 -0.141851 -0.244116 -0.314065 0.129746 0.940494 0.000000 0 0 0 1 0.949252 0.059324 0.308871 -0.000011 -0.015727 0.989774 -0.141771 -0.244116 -0.314123 0.129719 0.940478 0.000000 0 0 0 1 0.949216 0.059144 0.309017 -0.000011 -0.015547 0.98979 -0.141685 -0.244116 -0.314241 0.129685 0.940444 0.000000 0 0 0 1 0.949154 0.059025 0.309229 -0.000011 -0.015433 0.989809 -0.141563 -0.244116 -0.314433 0.129593 0.940392 0.000000 0 0 0 1 0.949088 0.058977 0.309441 -0.000011 -0.015401 0.98983 -0.141417 -0.244116 -0.314634 0.129452 0.940344 0.000000 0 0 0 1 0.94904 0.059048 0.309575 -0.000011 -0.015516 0.989854 -0.141236 -0.244116 -0.314774 0.129235 0.940327 0.000000 0 0 0 1 0.949001 0.059188 0.309666 -0.000011 -0.015711 0.989877 -0.141052 -0.244116 -0.31488 0.128993 0.940325 0.000000 0 0 0 1 0.948972 0.059395 0.309716 -0.000011 -0.015975 0.989897 -0.140886 -0.244116 -0.314954 0.128749 0.940334 0.000000 0 0 0 1 0.948948 0.05958 0.309756 -0.000011 -0.016204 0.989911 -0.140763 -0.244116 -0.315017 0.128558 0.940339 0.000000 0 0 0 1 0.948925 0.059664 0.309809 -0.000011 -0.016297 0.989915 -0.140724 -0.244116 -0.315081 0.128487 0.940327 0.000000 0 0 0 1 0.948899 0.059629 0.309894 -0.000011 -0.016239 0.989912 -0.14075 -0.244116 -0.315161 0.128525 0.940295 0.000000 0 0 0 1 0.948884 0.059405 0.309985 -0.000011 -0.015957 0.989901 -0.14086 -0.244116 -0.315222 0.128713 0.940249 0.000000 0 0 0 1 0.948889 0.059054 0.310036 -0.000011 -0.015538 0.989888 -0.140994 -0.244116 -0.315227 0.12897 0.940212 0.000000 0 0 0 1 0.948907 0.05859 0.310069 -0.000011 -0.015014 0.989882 -0.141099 -0.244116 -0.315199 0.129235 0.940185 0.000000 0 0 0 1 0.94894 0.058111 0.31006 -0.000011 -0.014488 0.989878 -0.141179 -0.244116 -0.315125 0.129478 0.940176 0.000000 0 0 0 1 0.948987 0.057728 0.309984 -0.000011 -0.014092 0.98988 -0.141205 -0.244116 -0.314999 0.129633 0.940197 0.000000 0 0 0 1 0.949044 0.057457 0.309861 -0.000011 -0.013817 0.98988 -0.141232 -0.244116 -0.31484 0.129754 0.940234 0.000000 0 0 0 1 0.949106 0.057352 0.30969 -0.000011 -0.013723 0.989878 -0.141259 -0.244116 -0.314657 0.12982 0.940286 0.000000 0 0 0 1 0.949175 0.057367 0.309477 -0.000011 -0.01376 0.989873 -0.141288 -0.244116 -0.314448 0.129848 0.940352 0.000000 0 0 0 1 0.949257 0.057498 0.3092 -0.000011 -0.013926 0.989866 -0.141319 -0.244116 -0.314192 0.129842 0.940438 0.000000 0 0 0 1 0.949331 0.05771 0.308935 -0.000011 -0.014171 0.989856 -0.141363 -0.244116 -0.313959 0.129822 0.940519 0.000000 0 0 0 1 0.949374 0.05798 0.308752 -0.000011 -0.014454 0.989842 -0.141436 -0.244116 -0.313816 0.129813 0.940568 0.000000 0 0 0 1 0.949377 0.058272 0.308686 -0.000011 -0.014739 0.989825 -0.141523 -0.244116 -0.313792 0.129809 0.940577 0.000000 0 0 0 1 0.949365 0.058532 0.308674 -0.000011 -0.014981 0.989808 -0.141615 -0.244116 -0.313817 0.12982 0.940567 0.000000 0 0 0 1 0.949348 0.058756 0.308683 -0.000011 -0.015179 0.989791 -0.141717 -0.244116 -0.313859 0.129853 0.940548 0.000000 0 0 0 1 0.949335 0.058949 0.308688 -0.000011 -0.015334 0.989769 -0.141856 -0.244116 -0.313892 0.129935 0.940526 0.000000 0 0 0 1 0.949337 0.05905 0.308663 -0.000011 -0.015393 0.989746 -0.142005 -0.244116 -0.313884 0.130059 0.940511 0.000000 0 0 0 1 0.949387 0.058963 0.308525 -0.000011 -0.015274 0.989728 -0.142148 -0.244116 -0.313738 0.130241 0.940535 0.000000 0 0 0 1 0.949445 0.058774 0.308382 -0.000011 -0.015047 0.989709 -0.142301 -0.244116 -0.313572 0.130467 0.940559 0.000000 0 0 0 1 0.949489 0.05852 0.308295 -0.000011 -0.014733 0.989687 -0.142484 -0.244116 -0.313454 0.130745 0.94056 0.000000 0 0 0 1 0.949493 0.058264 0.308331 -0.000011 -0.0144 0.989666 -0.142668 -0.244116 -0.313457 0.131022 0.94052 0.000000 0 0 0 1 0.949407 0.058096 0.308627 -0.000011 -0.014127 0.989646 -0.142835 -0.244116 -0.31373 0.131248 0.940398 0.000000 0 0 0 1 0.949284 0.057975 0.309029 -0.000011 -0.013898 0.98963 -0.142966 -0.244116 -0.314113 0.13142 0.940246 0.000000 0 0 0 1 0.949153 0.057894 0.309445 -0.000011 -0.013739 0.989626 -0.143007 -0.244116 -0.314514 0.131484 0.940103 0.000000 0 0 0 1 0.949036 0.057822 0.309819 -0.000011 -0.013607 0.989627 -0.143013 -0.244116 -0.314875 0.131509 0.939978 0.000000 0 0 0 1 0.948963 0.057716 0.310061 -0.000011 -0.013463 0.98963 -0.143009 -0.244116 -0.3151 0.131536 0.939899 0.000000 0 0 0 1 0.948931 0.057586 0.310182 -0.000011 -0.013314 0.989634 -0.142997 -0.244116 -0.315202 0.131564 0.939861 0.000000 0 0 0 1 0.948947 0.057427 0.310163 -0.000011 -0.013159 0.989639 -0.142975 -0.244116 -0.31516 0.131594 0.939871 0.000000 0 0 0 1 0.94901 0.057249 0.310004 -0.000011 -0.013008 0.989646 -0.142937 -0.244116 -0.314978 0.131616 0.939929 0.000000 0 0 0 1 0.949134 0.057032 0.309664 -0.000011 -0.012857 0.989659 -0.142862 -0.244116 -0.314609 0.131614 0.940053 0.000000 0 0 0 1 0.949279 0.056831 0.309257 -0.000011 -0.012734 0.989672 -0.14278 -0.244116 -0.314178 0.1316 0.940199 0.000000 0 0 0 1 0.949422 0.056689 0.308845 -0.000011 -0.012672 0.989684 -0.142703 -0.244116 -0.313749 0.131572 0.940346 0.000000 0 0 0 1 0.94952 0.056604 0.308557 -0.000011 -0.012661 0.9897 -0.142594 -0.244116 -0.31345 0.131489 0.940457 0.000000 0 0 0 1 0.949522 0.056617 0.308548 -0.000011 -0.012739 0.989726 -0.142406 -0.244116 -0.313441 0.131287 0.940489 0.000000 0 0 0 1 0.949436 0.056709 0.308798 -0.000011 -0.012867 0.989754 -0.142199 -0.244116 -0.313698 0.131035 0.940438 0.000000 0 0 0 1 0.949223 0.056913 0.309414 -0.000011 -0.013054 0.989779 -0.142009 -0.244116 -0.314334 0.130759 0.940264 0.000000 0 0 0 1 0.948964 0.057112 0.31017 -0.000011 -0.013204 0.989799 -0.141856 -0.244116 -0.315108 0.130521 0.940038 0.000000 0 0 0 1 0.948716 0.057223 0.310906 -0.000011 -0.013223 0.989803 -0.141825 -0.244116 -0.315852 0.130441 0.939799 0.000000 0 0 0 1 0.948516 0.057207 0.311521 -0.000011 -0.013113 0.989803 -0.141839 -0.244116 -0.316459 0.130452 0.939594 0.000000 0 0 0 1 0.948434 0.05696 0.311814 -0.000011 -0.012804 0.989803 -0.141867 -0.244116 -0.316715 0.130559 0.939492 0.000000 0 0 0 1 0.94842 0.056613 0.311921 -0.000011 -0.012415 0.989803 -0.141899 -0.244116 -0.316774 0.130707 0.939452 0.000000 0 0 0 1 0.948452 0.056234 0.311892 -0.000011 -0.012013 0.989804 -0.141931 -0.244116 -0.316693 0.130868 0.939457 0.000000 0 0 0 1 0.948504 0.055916 0.311791 -0.000011 -0.011687 0.989804 -0.141957 -0.244116 -0.316549 0.131003 0.939486 0.000000 0 0 0 1 0.948539 0.055795 0.311707 -0.000011 -0.01157 0.989804 -0.141966 -0.244116 -0.31645 0.131053 0.939513 0.000000 0 0 0 1 0.948566 0.055809 0.311621 -0.000011 -0.011596 0.989803 -0.141969 -0.244116 -0.316366 0.131053 0.939541 0.000000 0 0 0 1 0.948581 0.055953 0.311549 -0.000011 -0.011756 0.989801 -0.141969 -0.244116 -0.316315 0.131007 0.939565 0.000000 0 0 0 1 0.948591 0.056174 0.311478 -0.000011 -0.011997 0.989798 -0.141969 -0.244116 -0.316276 0.130934 0.939588 0.000000 0 0 0 1 0.948601 0.056437 0.3114 -0.000011 -0.012284 0.989795 -0.141968 -0.244116 -0.316235 0.130846 0.939614 0.000000 0 0 0 1 0.948617 0.056697 0.311304 -0.000011 -0.012569 0.989792 -0.141968 -0.244116 -0.316176 0.13076 0.939646 0.000000 0 0 0 1 0.94865 0.056909 0.311166 -0.000011 -0.01281 0.989789 -0.141967 -0.244116 -0.316067 0.130691 0.939692 0.000000 0 0 0 1 0.948694 0.057059 0.311004 -0.000011 -0.01299 0.989786 -0.141966 -0.244116 -0.315928 0.130642 0.939746 0.000000 0 0 0 1 0.948751 0.057098 0.310824 -0.000011 -0.013058 0.989785 -0.141965 -0.244116 -0.315755 0.130631 0.939806 0.000000 0 0 0 1 0.94881 0.05709 0.310646 -0.000011 -0.013075 0.989785 -0.141965 -0.244116 -0.315578 0.130636 0.939864 0.000000 0 0 0 1 0.948863 0.057066 0.310486 -0.000011 -0.013074 0.989785 -0.141964 -0.244116 -0.315416 0.130645 0.939917 0.000000 0 0 0 1 0.948903 0.05705 0.310368 -0.000011 -0.013075 0.989785 -0.141964 -0.244116 -0.315297 0.130652 0.939956 0.000000 0 0 0 1 0.948921 0.057056 0.310311 -0.000011 -0.013089 0.989785 -0.141963 -0.244116 -0.315241 0.13065 0.939975 0.000000 0 0 0 1 0.948905 0.05711 0.310351 -0.000011 -0.01314 0.989785 -0.141963 -0.244116 -0.315288 0.130631 0.939962 0.000000 0 0 0 1 0.948828 0.057267 0.310556 -0.000011 -0.013274 0.989783 -0.141962 -0.244116 -0.315513 0.130575 0.939894 0.000000 0 0 0 1 0.948724 0.057432 0.310844 -0.000011 -0.013404 0.989781 -0.141962 -0.244116 -0.31582 0.130516 0.9398 0.000000 0 0 0 1 0.948607 0.057528 0.311182 -0.000011 -0.013456 0.989781 -0.141961 -0.244116 -0.316169 0.130478 0.939688 0.000000 0 0 0 1 0.948521 0.057598 0.311433 -0.000011 -0.013493 0.98978 -0.141961 -0.244116 -0.316427 0.13045 0.939604 0.000000 0 0 0 1 0.948465 0.057648 0.311594 -0.000011 -0.013522 0.98978 -0.14196 -0.244116 -0.316594 0.13043 0.939551 0.000000 0 0 0 1 0.948471 0.057671 0.311572 -0.000011 -0.013549 0.98978 -0.141959 -0.244116 -0.316575 0.130422 0.939559 0.000000 0 0 0 1 0.948471 0.057671 0.311572 -0.000011 -0.013549 0.98978 -0.141959 -0.244116 -0.316575 0.130422 0.939559 0.000000 0 0 0 1 0.948648 0.057624 0.311042 -0.000011 -0.013578 0.98978 -0.141957 -0.244116 -0.316043 0.130444 0.939735 0.000000 0 0 0 1 0.948747 0.057626 0.310738 -0.000011 -0.013625 0.98978 -0.141953 -0.244116 -0.315743 0.130444 0.939836 0.000000 0 0 0 1</float_array>
        <technique_common>
          <accessor source="#RightHand_matrix_RightHand_transform-output-array" count="106" stride="16">
            <param name="TRANSFORM" type="float4x4"/>
          </accessor>
        </technique_common>
      </source>
      <source id="RightHand_matrix_RightHand_transform-interpolations">
        <Name_array id="RightHand_matrix_RightHand_transform-interpolations-array" count="106">LINEAR LINEAR LINEAR LINEAR LINEAR LINEAR LINEAR LINEAR LINEAR LINEAR LINEAR LINEAR LINEAR LINEAR LINEAR LINEAR LINEAR LINEAR LINEAR LINEAR LINEAR LINEAR LINEAR LINEAR LINEAR LINEAR LINEAR LINEAR LINEAR LINEAR LINEAR LINEAR LINEAR LINEAR LINEAR LINEAR LINEAR LINEAR LINEAR LINEAR LINEAR LINEAR LINEAR LINEAR LINEAR LINEAR LINEAR LINEAR LINEAR LINEAR LINEAR LINEAR LINEAR LINEAR LINEAR LINEAR LINEAR LINEAR LINEAR LINEAR LINEAR LINEAR LINEAR LINEAR LINEAR LINEAR LINEAR LINEAR LINEAR LINEAR LINEAR LINEAR LINEAR LINEAR LINEAR LINEAR LINEAR LINEAR LINEAR LINEAR LINEAR LINEAR LINEAR LINEAR LINEAR LINEAR LINEAR LINEAR LINEAR LINEAR LINEAR LINEAR LINEAR LINEAR LINEAR LINEAR LINEAR LINEAR LINEAR LINEAR LINEAR LINEAR LINEAR LINEAR LINEAR LINEAR</Name_array>
        <technique_common>
          <accessor source="#RightHand_matrix_RightHand_transform-interpolations-array" count="106" stride="1">
            <param name="INTERPOLATION" type="Name"/>
          </accessor>
        </technique_common>
      </source>
      <sampler id="RightHand_matrix_RightHand_transform-sampler">
        <input semantic="INPUT" source="#RightHand_matrix_RightHand_transform-input"/>
        <input semantic="OUTPUT" source="#RightHand_matrix_RightHand_transform-output"/>
        <input semantic="INTERPOLATION" source="#RightHand_matrix_RightHand_transform-interpolations"/>
      </sampler>
      <channel source="#RightHand_matrix_RightHand_transform-sampler" target="RightHand/transform"/>
    </animation>
    <animation id="RightForeArm_Helper1_matrix">
      <source id="RightForeArm_Helper1_matrix_RightForeArm_Helper1_transform-input">
        <float_array id="RightForeArm_Helper1_matrix_RightForeArm_Helper1_transform-input-array" count="106">0 0.033333 0.066666 0.1 0.133333 0.166667 0.2 0.233333 0.266667 0.3 0.333333 0.366667 0.4 0.433333 0.466667 0.5 0.533333 0.566667 0.6 0.633333 0.666667 0.7 0.733333 0.766667 0.8 0.833333 0.866667 0.9 0.933333 0.966667 1 1.03333 1.06667 1.1 1.13333 1.16667 1.2 1.23333 1.26667 1.3 1.33333 1.36667 1.4 1.43333 1.46667 1.5 1.53333 1.56667 1.6 1.63333 1.66667 1.7 1.73333 1.76667 1.8 1.83333 1.86667 1.9 1.93333 1.96667 2 2.03333 2.06667 2.1 2.13333 2.16667 2.2 2.23333 2.26667 2.3 2.33333 2.36667 2.4 2.43333 2.46667 2.5 2.53333 2.56667 2.6 2.63333 2.66667 2.7 2.73333 2.76667 2.8 2.83333 2.86667 2.9 2.93333 2.96667 3 3.03333 3.06667 3.1 3.13333 3.16667 3.2 3.23333 3.26667 3.3 3.33333 3.36667 3.4 3.43333 3.46667 3.5</float_array>
        <technique_common>
          <accessor source="#RightForeArm_Helper1_matrix_RightForeArm_Helper1_transform-input-array" count="106" stride="1">
            <param name="TIME" type="float"/>
          </accessor>
        </technique_common>
        <technique profile="MAYA">
          <pre_infinity>CONSTANT</pre_infinity>
          <post_infinity>CONSTANT</post_infinity>
        </technique>
      </source>
      <source id="RightForeArm_Helper1_matrix_RightForeArm_Helper1_transform-output">
        <float_array id="RightForeArm_Helper1_matrix_RightForeArm_Helper1_transform-output-array" count="1696">0.987126 0 0.159945 -0.000000 0.000001 1 -0.000006 -0.078445 -0.159945 0.000006 0.987126 0.000003 0 0 0 1 0.987136 0 0.159883 -0.000000 0.000001 1 -0.000006 -0.078445 -0.159883 0.000006 0.987136 0.000003 0 0 0 1 0.987145 0 0.159825 -0.000000 0.000001 1 -0.000006 -0.078445 -0.159825 0.000006 0.987145 0.000003 0 0 0 1 0.987153 0 0.159776 -0.000000 0.000001 1 -0.000006 -0.078445 -0.159776 0.000006 0.987153 0.000003 0 0 0 1 0.98716 0 0.159733 -0.000000 0.000001 1 -0.000006 -0.078445 -0.159733 0.000006 0.98716 0.000003 0 0 0 1 0.987164 0 0.159707 -0.000000 0.000001 1 -0.000006 -0.078445 -0.159707 0.000006 0.987164 0.000003 0 0 0 1 0.987168 0 0.159687 -0.000000 0.000001 1 -0.000006 -0.078445 -0.159687 0.000006 0.987168 0.000003 0 0 0 1 0.987171 0 0.159666 -0.000000 0.000001 1 -0.000006 -0.078445 -0.159666 0.000006 0.987171 0.000003 0 0 0 1 0.987176 0 0.159636 -0.000000 0.000001 1 -0.000006 -0.078445 -0.159636 0.000006 0.987176 0.000003 0 0 0 1 0.987185 0 0.159581 -0.000000 0.000001 1 -0.000006 -0.078445 -0.159581 0.000006 0.987185 0.000003 0 0 0 1 0.987197 0 0.159509 -0.000000 0.000001 1 -0.000006 -0.078445 -0.159509 0.000006 0.987197 0.000003 0 0 0 1 0.987211 0 0.159418 -0.000000 0.000000 1 -0.000006 -0.078445 -0.159418 0.000006 0.987211 0.000003 0 0 0 1 0.987226 0 0.159326 -0.000000 0.000000 1 -0.000006 -0.078445 -0.159326 0.000006 0.987226 0.000003 0 0 0 1 0.98724 0 0.159242 -0.000000 0.000000 1 -0.000006 -0.078445 -0.159242 0.000006 0.98724 0.000003 0 0 0 1 0.98725 0 0.15918 -0.000000 0.000000 1 -0.000006 -0.078445 -0.15918 0.000006 0.98725 0.000003 0 0 0 1 0.987254 0 0.159151 -0.000000 0.000000 1 -0.000006 -0.078445 -0.159151 0.000006 0.987254 0.000003 0 0 0 1 0.98725 0 0.159175 -0.000000 0.000000 1 -0.000006 -0.078445 -0.159175 0.000006 0.98725 0.000003 0 0 0 1 0.987231 0 0.159293 -0.000000 0.000000 1 -0.000006 -0.078445 -0.159293 0.000006 0.987231 0.000003 0 0 0 1 0.987206 0 0.159453 -0.000000 0.000001 1 -0.000006 -0.078445 -0.159453 0.000006 0.987206 0.000003 0 0 0 1 0.987176 0 0.159635 -0.000000 0.000001 1 -0.000006 -0.078445 -0.159635 0.000006 0.987176 0.000003 0 0 0 1 0.987151 0 0.159789 -0.000000 0.000001 1 -0.000006 -0.078445 -0.159789 0.000006 0.987151 0.000003 0 0 0 1 0.98714 0 0.159856 -0.000000 0.000001 1 -0.000006 -0.078445 -0.159856 0.000006 0.98714 0.000003 0 0 0 1 0.987142 0 0.159846 -0.000000 0.000001 1 -0.000006 -0.078445 -0.159846 0.000006 0.987142 0.000003 0 0 0 1 0.987161 0 0.15973 -0.000000 0.000001 1 -0.000006 -0.078445 -0.15973 0.000006 0.987161 0.000003 0 0 0 1 0.987187 0 0.15957 -0.000000 0.000001 1 -0.000006 -0.078445 -0.15957 0.000006 0.987187 0.000003 0 0 0 1 0.987212 0 0.159413 -0.000000 0.000000 1 -0.000006 -0.078445 -0.159413 0.000006 0.987212 0.000003 0 0 0 1 0.987235 0 0.159273 -0.000000 0.000000 1 -0.000006 -0.078445 -0.159273 0.000006 0.987235 0.000003 0 0 0 1 0.987249 0 0.159182 -0.000000 0.000000 1 -0.000006 -0.078445 -0.159182 0.000006 0.987249 0.000003 0 0 0 1 0.987259 0 0.159123 -0.000000 0.000000 1 -0.000006 -0.078445 -0.159123 0.000006 0.987259 0.000003 0 0 0 1 0.987265 0 0.159086 -0.000000 0.000000 1 -0.000006 -0.078445 -0.159086 0.000006 0.987265 0.000003 0 0 0 1 0.987266 0 0.159078 -0.000000 0.000000 1 -0.000006 -0.078445 -0.159078 0.000006 0.987266 0.000003 0 0 0 1 0.987261 0 0.159108 -0.000000 0.000000 1 -0.000006 -0.078445 -0.159108 0.000006 0.987261 0.000003 0 0 0 1 0.987251 0 0.159169 -0.000000 0.000000 1 -0.000006 -0.078445 -0.159169 0.000006 0.987251 0.000003 0 0 0 1 0.987235 0 0.159268 -0.000000 0.000000 1 -0.000006 -0.078445 -0.159268 0.000006 0.987235 0.000003 0 0 0 1 0.987218 0 0.159373 -0.000000 0.000000 1 -0.000006 -0.078445 -0.159373 0.000006 0.987218 0.000003 0 0 0 1 0.987207 0 0.159446 -0.000000 0.000000 1 -0.000006 -0.078445 -0.159446 0.000006 0.987207 0.000003 0 0 0 1 0.987198 0 0.159502 -0.000000 0.000001 1 -0.000006 -0.078445 -0.159502 0.000006 0.987198 0.000003 0 0 0 1 0.987191 0 0.159541 -0.000000 0.000001 1 -0.000006 -0.078445 -0.159541 0.000006 0.987191 0.000003 0 0 0 1 0.987186 0 0.159574 -0.000000 0.000001 1 -0.000006 -0.078445 -0.159574 0.000006 0.987186 0.000003 0 0 0 1 0.987181 0 0.159607 -0.000000 0.000001 1 -0.000006 -0.078445 -0.159607 0.000006 0.987181 0.000003 0 0 0 1 0.987174 0 0.159649 -0.000000 0.000001 1 -0.000006 -0.078445 -0.159649 0.000006 0.987174 0.000003 0 0 0 1 0.987169 0 0.15968 -0.000000 0.000001 1 -0.000006 -0.078445 -0.15968 0.000006 0.987169 0.000003 0 0 0 1 0.987169 0 0.159682 -0.000000 0.000001 1 -0.000006 -0.078445 -0.159682 0.000006 0.987169 0.000003 0 0 0 1 0.987171 0 0.159666 -0.000000 0.000001 1 -0.000006 -0.078445 -0.159666 0.000006 0.987171 0.000003 0 0 0 1 0.987178 0 0.159626 -0.000000 0.000001 1 -0.000006 -0.078445 -0.159626 0.000006 0.987178 0.000003 0 0 0 1 0.987188 0 0.159559 -0.000000 0.000001 1 -0.000006 -0.078445 -0.159559 0.000006 0.987188 0.000003 0 0 0 1 0.987202 0 0.159476 -0.000000 0.000001 1 -0.000006 -0.078445 -0.159476 0.000006 0.987202 0.000003 0 0 0 1 0.987217 0 0.15938 -0.000000 0.000000 1 -0.000006 -0.078445 -0.15938 0.000006 0.987217 0.000003 0 0 0 1 0.987235 0 0.159272 -0.000000 0.000000 1 -0.000006 -0.078445 -0.159272 0.000006 0.987235 0.000003 0 0 0 1 0.987256 0 0.159139 -0.000000 0.000000 1 -0.000006 -0.078445 -0.159139 0.000006 0.987256 0.000003 0 0 0 1 0.987276 0 0.159019 -0.000000 0.000000 1 -0.000006 -0.078445 -0.159019 0.000006 0.987276 0.000003 0 0 0 1 0.987287 0 0.158945 -0.000000 0.000000 1 -0.000006 -0.078445 -0.158945 0.000006 0.987287 0.000003 0 0 0 1 0.987289 0 0.158933 -0.000000 0.000000 1 -0.000006 -0.078445 -0.158933 0.000006 0.987289 0.000003 0 0 0 1 0.987287 0 0.158947 -0.000000 0.000000 1 -0.000006 -0.078445 -0.158947 0.000006 0.987287 0.000003 0 0 0 1 0.987284 0 0.158969 -0.000000 0.000000 1 -0.000006 -0.078445 -0.158969 0.000006 0.987284 0.000003 0 0 0 1 0.987281 0 0.158987 -0.000000 0.000000 1 -0.000006 -0.078445 -0.158987 0.000006 0.987281 0.000003 0 0 0 1 0.987281 0 0.158983 -0.000000 0.000000 1 -0.000006 -0.078445 -0.158983 0.000006 0.987281 0.000003 0 0 0 1 0.987294 0 0.158906 -0.000000 0.000000 1 -0.000006 -0.078445 -0.158906 0.000006 0.987294 0.000003 0 0 0 1 0.987308 0 0.15882 -0.000000 0.000000 1 -0.000006 -0.078445 -0.15882 0.000006 0.987308 0.000003 0 0 0 1 0.987318 0 0.158758 -0.000000 0.000000 1 -0.000006 -0.078445 -0.158758 0.000006 0.987318 0.000003 0 0 0 1 0.987318 0 0.158758 -0.000000 0.000000 1 -0.000006 -0.078445 -0.158758 0.000006 0.987318 0.000003 0 0 0 1 0.987295 0 0.158899 -0.000000 0.000000 1 -0.000006 -0.078445 -0.158899 0.000006 0.987295 0.000003 0 0 0 1 0.987263 0 0.159098 -0.000000 0.000000 1 -0.000006 -0.078445 -0.159098 0.000006 0.987263 0.000003 0 0 0 1 0.987229 0 0.159306 -0.000000 0.000000 1 -0.000006 -0.078445 -0.159306 0.000006 0.987229 0.000003 0 0 0 1 0.987199 0 0.159494 -0.000000 0.000001 1 -0.000006 -0.078445 -0.159494 0.000006 0.987199 0.000003 0 0 0 1 0.98718 0 0.15961 -0.000000 0.000001 1 -0.000006 -0.078445 -0.15961 0.000006 0.98718 0.000003 0 0 0 1 0.987172 0 0.159663 -0.000000 0.000001 1 -0.000006 -0.078445 -0.159663 0.000006 0.987172 0.000003 0 0 0 1 0.987175 0 0.159641 -0.000000 0.000001 1 -0.000006 -0.078445 -0.159641 0.000006 0.987175 0.000003 0 0 0 1 0.987191 0 0.159546 -0.000000 0.000001 1 -0.000006 -0.078445 -0.159546 0.000006 0.987191 0.000003 0 0 0 1 0.987222 0 0.159354 -0.000000 0.000000 1 -0.000006 -0.078445 -0.159354 0.000006 0.987222 0.000003 0 0 0 1 0.987258 0 0.159129 -0.000000 0.000000 1 -0.000006 -0.078445 -0.159129 0.000006 0.987258 0.000003 0 0 0 1 0.987294 0 0.158906 -0.000000 0.000000 1 -0.000006 -0.078445 -0.158906 0.000006 0.987294 0.000003 0 0 0 1 0.987319 0 0.158751 -0.000000 0.000000 1 -0.000006 -0.078445 -0.158751 0.000006 0.987319 0.000003 0 0 0 1 0.987319 0 0.158746 -0.000000 0.000000 1 -0.000006 -0.078445 -0.158746 0.000006 0.987319 0.000003 0 0 0 1 0.987298 0 0.15888 -0.000000 0.000000 1 -0.000006 -0.078445 -0.15888 0.000006 0.987298 0.000003 0 0 0 1 0.987245 0 0.159211 -0.000000 0.000000 1 -0.000006 -0.078445 -0.159211 0.000006 0.987245 0.000003 0 0 0 1 0.98718 0 0.159614 -0.000000 0.000001 1 -0.000006 -0.078445 -0.159614 0.000006 0.98718 0.000003 0 0 0 1 0.987117 0 0.160001 -0.000000 0.000001 1 -0.000006 -0.078445 -0.160001 0.000006 0.987117 0.000003 0 0 0 1 0.987066 0 0.160317 -0.000000 0.000001 1 -0.000006 -0.078445 -0.160317 0.000006 0.987066 0.000003 0 0 0 1 0.987044 0 0.160449 -0.000000 0.000001 1 -0.000006 -0.078445 -0.160449 0.000006 0.987044 0.000003 0 0 0 1 0.987039 0 0.160479 -0.000000 0.000001 1 -0.000006 -0.078445 -0.160479 0.000006 0.987039 0.000003 0 0 0 1 0.987046 0 0.160436 -0.000000 0.000001 1 -0.000006 -0.078445 -0.160436 0.000006 0.987046 0.000003 0 0 0 1 0.987058 0 0.160361 -0.000000 0.000001 1 -0.000006 -0.078445 -0.160361 0.000006 0.987058 0.000003 0 0 0 1 0.987067 0 0.160309 -0.000000 0.000001 1 -0.000006 -0.078445 -0.160309 0.000006 0.987067 0.000003 0 0 0 1 0.987074 0 0.160265 -0.000000 0.000001 1 -0.000006 -0.078445 -0.160265 0.000006 0.987074 0.000003 0 0 0 1 0.987078 0 0.160239 -0.000000 0.000001 1 -0.000006 -0.078445 -0.160239 0.000006 0.987078 0.000003 0 0 0 1 0.987081 0 0.160219 -0.000000 0.000001 1 -0.000006 -0.078445 -0.160219 0.000006 0.987081 0.000003 0 0 0 1 0.987085 0 0.160198 -0.000000 0.000001 1 -0.000006 -0.078445 -0.160198 0.000006 0.987085 0.000003 0 0 0 1 0.98709 0 0.160168 -0.000000 0.000001 1 -0.000006 -0.078445 -0.160168 0.000006 0.98709 0.000003 0 0 0 1 0.987099 0 0.160112 -0.000000 0.000001 1 -0.000006 -0.078445 -0.160112 0.000006 0.987099 0.000003 0 0 0 1 0.98711 0 0.16004 -0.000000 0.000001 1 -0.000006 -0.078445 -0.16004 0.000006 0.98711 0.000003 0 0 0 1 0.987125 0 0.15995 -0.000000 0.000001 1 -0.000006 -0.078445 -0.15995 0.000006 0.987125 0.000003 0 0 0 1 0.98714 0 0.159858 -0.000000 0.000001 1 -0.000006 -0.078445 -0.159858 0.000006 0.98714 0.000003 0 0 0 1 0.987154 0 0.159774 -0.000000 0.000001 1 -0.000006 -0.078445 -0.159774 0.000006 0.987154 0.000003 0 0 0 1 0.987164 0 0.159712 -0.000000 0.000001 1 -0.000006 -0.078445 -0.159712 0.000006 0.987164 0.000003 0 0 0 1 0.987168 0 0.159683 -0.000000 0.000001 1 -0.000006 -0.078445 -0.159683 0.000006 0.987168 0.000003 0 0 0 1 0.987164 0 0.159707 -0.000000 0.000001 1 -0.000006 -0.078445 -0.159707 0.000006 0.987164 0.000003 0 0 0 1 0.987145 0 0.159825 -0.000000 0.000001 1 -0.000006 -0.078445 -0.159825 0.000006 0.987145 0.000003 0 0 0 1 0.987119 0 0.159985 -0.000000 0.000001 1 -0.000006 -0.078445 -0.159985 0.000006 0.987119 0.000003 0 0 0 1 0.98709 0 0.160167 -0.000000 0.000001 1 -0.000006 -0.078445 -0.160167 0.000006 0.98709 0.000003 0 0 0 1 0.987068 0 0.160301 -0.000000 0.000001 1 -0.000006 -0.078445 -0.160301 0.000006 0.987068 0.000003 0 0 0 1 0.987054 0 0.160388 -0.000000 0.000001 1 -0.000006 -0.078445 -0.160388 0.000006 0.987054 0.000003 0 0 0 1 0.987056 0 0.160378 -0.000000 0.000001 1 -0.000006 -0.078445 -0.160378 0.000006 0.987056 0.000003 0 0 0 1 0.987056 0 0.160378 -0.000000 0.000001 1 -0.000006 -0.078445 -0.160378 0.000006 0.987056 0.000003 0 0 0 1 0.987101 0 0.160101 -0.000000 0.000001 1 -0.000006 -0.078445 -0.160101 0.000006 0.987101 0.000003 0 0 0 1 0.987126 0 0.159945 -0.000000 0.000001 1 -0.000006 -0.078445 -0.159945 0.000006 0.987126 0.000003 0 0 0 1</float_array>
        <technique_common>
          <accessor source="#RightForeArm_Helper1_matrix_RightForeArm_Helper1_transform-output-array" count="106" stride="16">
            <param name="TRANSFORM" type="float4x4"/>
          </accessor>
        </technique_common>
      </source>
      <source id="RightForeArm_Helper1_matrix_RightForeArm_Helper1_transform-interpolations">
        <Name_array id="RightForeArm_Helper1_matrix_RightForeArm_Helper1_transform-interpolations-array" count="106">LINEAR LINEAR LINEAR LINEAR LINEAR LINEAR LINEAR LINEAR LINEAR LINEAR LINEAR LINEAR LINEAR LINEAR LINEAR LINEAR LINEAR LINEAR LINEAR LINEAR LINEAR LINEAR LINEAR LINEAR LINEAR LINEAR LINEAR LINEAR LINEAR LINEAR LINEAR LINEAR LINEAR LINEAR LINEAR LINEAR LINEAR LINEAR LINEAR LINEAR LINEAR LINEAR LINEAR LINEAR LINEAR LINEAR LINEAR LINEAR LINEAR LINEAR LINEAR LINEAR LINEAR LINEAR LINEAR LINEAR LINEAR LINEAR LINEAR LINEAR LINEAR LINEAR LINEAR LINEAR LINEAR LINEAR LINEAR LINEAR LINEAR LINEAR LINEAR LINEAR LINEAR LINEAR LINEAR LINEAR LINEAR LINEAR LINEAR LINEAR LINEAR LINEAR LINEAR LINEAR LINEAR LINEAR LINEAR LINEAR LINEAR LINEAR LINEAR LINEAR LINEAR LINEAR LINEAR LINEAR LINEAR LINEAR LINEAR LINEAR LINEAR LINEAR LINEAR LINEAR LINEAR LINEAR</Name_array>
        <technique_common>
          <accessor source="#RightForeArm_Helper1_matrix_RightForeArm_Helper1_transform-interpolations-array" count="106" stride="1">
            <param name="INTERPOLATION" type="Name"/>
          </accessor>
        </technique_common>
      </source>
      <sampler id="RightForeArm_Helper1_matrix_RightForeArm_Helper1_transform-sampler">
        <input semantic="INPUT" source="#RightForeArm_Helper1_matrix_RightForeArm_Helper1_transform-input"/>
        <input semantic="OUTPUT" source="#RightForeArm_Helper1_matrix_RightForeArm_Helper1_transform-output"/>
        <input semantic="INTERPOLATION" source="#RightForeArm_Helper1_matrix_RightForeArm_Helper1_transform-interpolations"/>
      </sampler>
      <channel source="#RightForeArm_Helper1_matrix_RightForeArm_Helper1_transform-sampler" target="RightForeArm_Helper1/transform"/>
    </animation>
    <animation id="RightForeArm_Helper2_matrix">
      <source id="RightForeArm_Helper2_matrix_RightForeArm_Helper2_transform-input">
        <float_array id="RightForeArm_Helper2_matrix_RightForeArm_Helper2_transform-input-array" count="106">0 0.033333 0.066666 0.1 0.133333 0.166667 0.2 0.233333 0.266667 0.3 0.333333 0.366667 0.4 0.433333 0.466667 0.5 0.533333 0.566667 0.6 0.633333 0.666667 0.7 0.733333 0.766667 0.8 0.833333 0.866667 0.9 0.933333 0.966667 1 1.03333 1.06667 1.1 1.13333 1.16667 1.2 1.23333 1.26667 1.3 1.33333 1.36667 1.4 1.43333 1.46667 1.5 1.53333 1.56667 1.6 1.63333 1.66667 1.7 1.73333 1.76667 1.8 1.83333 1.86667 1.9 1.93333 1.96667 2 2.03333 2.06667 2.1 2.13333 2.16667 2.2 2.23333 2.26667 2.3 2.33333 2.36667 2.4 2.43333 2.46667 2.5 2.53333 2.56667 2.6 2.63333 2.66667 2.7 2.73333 2.76667 2.8 2.83333 2.86667 2.9 2.93333 2.96667 3 3.03333 3.06667 3.1 3.13333 3.16667 3.2 3.23333 3.26667 3.3 3.33333 3.36667 3.4 3.43333 3.46667 3.5</float_array>
        <technique_common>
          <accessor source="#RightForeArm_Helper2_matrix_RightForeArm_Helper2_transform-input-array" count="106" stride="1">
            <param name="TIME" type="float"/>
          </accessor>
        </technique_common>
        <technique profile="MAYA">
          <pre_infinity>CONSTANT</pre_infinity>
          <post_infinity>CONSTANT</post_infinity>
        </technique>
      </source>
      <source id="RightForeArm_Helper2_matrix_RightForeArm_Helper2_transform-output">
        <float_array id="RightForeArm_Helper2_matrix_RightForeArm_Helper2_transform-output-array" count="1696">0.987126 0 0.159945 -0.000000 0.000001 1 -0.000008 -0.15367 -0.159945 0.000008 0.987126 -0.000000 0 0 0 1 0.987136 0 0.159883 -0.000000 0.000001 1 -0.000008 -0.15367 -0.159883 0.000008 0.987136 -0.000000 0 0 0 1 0.987145 0 0.159825 -0.000000 0.000001 1 -0.000008 -0.15367 -0.159825 0.000008 0.987145 -0.000000 0 0 0 1 0.987153 0 0.159776 -0.000000 0.000001 1 -0.000008 -0.15367 -0.159776 0.000008 0.987153 -0.000000 0 0 0 1 0.98716 0 0.159733 -0.000000 0.000001 1 -0.000008 -0.15367 -0.159733 0.000008 0.98716 -0.000000 0 0 0 1 0.987164 0 0.159707 -0.000000 0.000001 1 -0.000008 -0.15367 -0.159707 0.000008 0.987164 -0.000000 0 0 0 1 0.987168 0 0.159687 -0.000000 0.000001 1 -0.000008 -0.15367 -0.159687 0.000008 0.987168 -0.000000 0 0 0 1 0.987171 0 0.159666 -0.000000 0.000001 1 -0.000008 -0.15367 -0.159666 0.000008 0.987171 -0.000000 0 0 0 1 0.987176 0 0.159636 -0.000000 0.000001 1 -0.000008 -0.15367 -0.159636 0.000008 0.987176 -0.000000 0 0 0 1 0.987185 0 0.159581 -0.000000 0.000001 1 -0.000008 -0.15367 -0.159581 0.000008 0.987185 -0.000000 0 0 0 1 0.987197 0 0.159509 -0.000000 0.000001 1 -0.000008 -0.15367 -0.159509 0.000008 0.987197 -0.000000 0 0 0 1 0.987211 0 0.159418 -0.000000 0.000001 1 -0.000008 -0.15367 -0.159418 0.000008 0.987211 -0.000000 0 0 0 1 0.987226 0 0.159326 -0.000000 0.000001 1 -0.000008 -0.15367 -0.159326 0.000008 0.987226 -0.000000 0 0 0 1 0.98724 0 0.159242 -0.000000 0.000001 1 -0.000008 -0.15367 -0.159242 0.000008 0.98724 -0.000000 0 0 0 1 0.98725 0 0.15918 -0.000000 0.000001 1 -0.000008 -0.15367 -0.15918 0.000008 0.98725 -0.000000 0 0 0 1 0.987254 0 0.159151 -0.000000 0.000001 1 -0.000008 -0.15367 -0.159151 0.000008 0.987254 -0.000000 0 0 0 1 0.98725 0 0.159175 -0.000000 0.000001 1 -0.000008 -0.15367 -0.159175 0.000008 0.98725 -0.000000 0 0 0 1 0.987231 0 0.159293 -0.000000 0.000001 1 -0.000008 -0.15367 -0.159293 0.000008 0.987231 -0.000000 0 0 0 1 0.987206 0 0.159453 -0.000000 0.000001 1 -0.000008 -0.15367 -0.159453 0.000008 0.987206 -0.000000 0 0 0 1 0.987176 0 0.159635 -0.000000 0.000001 1 -0.000008 -0.15367 -0.159635 0.000008 0.987176 -0.000000 0 0 0 1 0.987151 0 0.159789 -0.000000 0.000001 1 -0.000008 -0.15367 -0.159789 0.000008 0.987151 -0.000000 0 0 0 1 0.98714 0 0.159856 -0.000000 0.000001 1 -0.000008 -0.15367 -0.159856 0.000008 0.98714 -0.000000 0 0 0 1 0.987142 0 0.159846 -0.000000 0.000001 1 -0.000008 -0.15367 -0.159846 0.000008 0.987142 -0.000000 0 0 0 1 0.987161 0 0.15973 -0.000000 0.000001 1 -0.000008 -0.15367 -0.15973 0.000008 0.987161 -0.000000 0 0 0 1 0.987187 0 0.15957 -0.000000 0.000001 1 -0.000008 -0.15367 -0.15957 0.000008 0.987187 -0.000000 0 0 0 1 0.987212 0 0.159413 -0.000000 0.000001 1 -0.000008 -0.15367 -0.159413 0.000008 0.987212 -0.000000 0 0 0 1 0.987235 0 0.159273 -0.000000 0.000001 1 -0.000008 -0.15367 -0.159273 0.000008 0.987235 -0.000000 0 0 0 1 0.987249 0 0.159182 -0.000000 0.000001 1 -0.000008 -0.15367 -0.159182 0.000008 0.987249 -0.000000 0 0 0 1 0.987259 0 0.159123 -0.000000 0.000001 1 -0.000008 -0.15367 -0.159123 0.000008 0.987259 -0.000000 0 0 0 1 0.987265 0 0.159086 -0.000000 0.000001 1 -0.000008 -0.15367 -0.159086 0.000008 0.987265 -0.000000 0 0 0 1 0.987266 0 0.159078 -0.000000 0.000001 1 -0.000008 -0.15367 -0.159078 0.000008 0.987266 -0.000000 0 0 0 1 0.987261 0 0.159108 -0.000000 0.000001 1 -0.000008 -0.15367 -0.159108 0.000008 0.987261 -0.000000 0 0 0 1 0.987251 0 0.159169 -0.000000 0.000001 1 -0.000008 -0.15367 -0.159169 0.000008 0.987251 -0.000000 0 0 0 1 0.987235 0 0.159268 -0.000000 0.000001 1 -0.000008 -0.15367 -0.159268 0.000008 0.987235 -0.000000 0 0 0 1 0.987218 0 0.159373 -0.000000 0.000001 1 -0.000008 -0.15367 -0.159373 0.000008 0.987218 -0.000000 0 0 0 1 0.987207 0 0.159446 -0.000000 0.000001 1 -0.000008 -0.15367 -0.159446 0.000008 0.987207 -0.000000 0 0 0 1 0.987198 0 0.159502 -0.000000 0.000001 1 -0.000008 -0.15367 -0.159502 0.000008 0.987198 -0.000000 0 0 0 1 0.987191 0 0.159541 -0.000000 0.000001 1 -0.000008 -0.15367 -0.159541 0.000008 0.987191 -0.000000 0 0 0 1 0.987186 0 0.159574 -0.000000 0.000001 1 -0.000008 -0.15367 -0.159574 0.000008 0.987186 -0.000000 0 0 0 1 0.987181 0 0.159607 -0.000000 0.000001 1 -0.000008 -0.15367 -0.159607 0.000008 0.987181 -0.000000 0 0 0 1 0.987174 0 0.159649 -0.000000 0.000001 1 -0.000008 -0.15367 -0.159649 0.000008 0.987174 -0.000000 0 0 0 1 0.987169 0 0.15968 -0.000000 0.000001 1 -0.000008 -0.15367 -0.15968 0.000008 0.987169 -0.000000 0 0 0 1 0.987169 0 0.159682 -0.000000 0.000001 1 -0.000008 -0.15367 -0.159682 0.000008 0.987169 -0.000000 0 0 0 1 0.987171 0 0.159666 -0.000000 0.000001 1 -0.000008 -0.15367 -0.159666 0.000008 0.987171 -0.000000 0 0 0 1 0.987178 0 0.159626 -0.000000 0.000001 1 -0.000008 -0.15367 -0.159626 0.000008 0.987178 -0.000000 0 0 0 1 0.987188 0 0.159559 -0.000000 0.000001 1 -0.000008 -0.15367 -0.159559 0.000008 0.987188 -0.000000 0 0 0 1 0.987202 0 0.159476 -0.000000 0.000001 1 -0.000008 -0.15367 -0.159476 0.000008 0.987202 -0.000000 0 0 0 1 0.987217 0 0.15938 -0.000000 0.000001 1 -0.000008 -0.15367 -0.15938 0.000008 0.987217 -0.000000 0 0 0 1 0.987235 0 0.159272 -0.000000 0.000001 1 -0.000008 -0.15367 -0.159272 0.000008 0.987235 -0.000000 0 0 0 1 0.987256 0 0.159139 -0.000000 0.000001 1 -0.000008 -0.15367 -0.159139 0.000008 0.987256 -0.000000 0 0 0 1 0.987276 0 0.159019 -0.000000 0.000001 1 -0.000008 -0.15367 -0.159019 0.000008 0.987276 -0.000000 0 0 0 1 0.987287 0 0.158945 -0.000000 0.000001 1 -0.000008 -0.15367 -0.158945 0.000008 0.987287 -0.000000 0 0 0 1 0.987289 0 0.158933 -0.000000 0.000001 1 -0.000008 -0.15367 -0.158933 0.000008 0.987289 -0.000000 0 0 0 1 0.987287 0 0.158947 -0.000000 0.000001 1 -0.000008 -0.15367 -0.158947 0.000008 0.987287 -0.000000 0 0 0 1 0.987284 0 0.158969 -0.000000 0.000001 1 -0.000008 -0.15367 -0.158969 0.000008 0.987284 -0.000000 0 0 0 1 0.987281 0 0.158987 -0.000000 0.000001 1 -0.000008 -0.15367 -0.158987 0.000008 0.987281 -0.000000 0 0 0 1 0.987281 0 0.158983 -0.000000 0.000001 1 -0.000008 -0.15367 -0.158983 0.000008 0.987281 -0.000000 0 0 0 1 0.987294 0 0.158906 -0.000000 0.000001 1 -0.000008 -0.15367 -0.158906 0.000008 0.987294 -0.000000 0 0 0 1 0.987308 0 0.15882 -0.000000 0.000001 1 -0.000008 -0.15367 -0.15882 0.000008 0.987308 -0.000000 0 0 0 1 0.987318 0 0.158758 -0.000000 0.000001 1 -0.000008 -0.15367 -0.158758 0.000008 0.987318 -0.000000 0 0 0 1 0.987318 0 0.158758 -0.000000 0.000001 1 -0.000008 -0.15367 -0.158758 0.000008 0.987318 -0.000000 0 0 0 1 0.987295 0 0.158899 -0.000000 0.000001 1 -0.000008 -0.15367 -0.158899 0.000008 0.987295 -0.000000 0 0 0 1 0.987263 0 0.159098 -0.000000 0.000001 1 -0.000008 -0.15367 -0.159098 0.000008 0.987263 -0.000000 0 0 0 1 0.987229 0 0.159306 -0.000000 0.000001 1 -0.000008 -0.15367 -0.159306 0.000008 0.987229 -0.000000 0 0 0 1 0.987199 0 0.159494 -0.000000 0.000001 1 -0.000008 -0.15367 -0.159494 0.000008 0.987199 -0.000000 0 0 0 1 0.98718 0 0.15961 -0.000000 0.000001 1 -0.000008 -0.15367 -0.15961 0.000008 0.98718 -0.000000 0 0 0 1 0.987172 0 0.159663 -0.000000 0.000001 1 -0.000008 -0.15367 -0.159663 0.000008 0.987172 -0.000000 0 0 0 1 0.987175 0 0.159641 -0.000000 0.000001 1 -0.000008 -0.15367 -0.159641 0.000008 0.987175 -0.000000 0 0 0 1 0.987191 0 0.159546 -0.000000 0.000001 1 -0.000008 -0.15367 -0.159546 0.000008 0.987191 -0.000000 0 0 0 1 0.987222 0 0.159354 -0.000000 0.000001 1 -0.000008 -0.15367 -0.159354 0.000008 0.987222 -0.000000 0 0 0 1 0.987258 0 0.159129 -0.000000 0.000001 1 -0.000008 -0.15367 -0.159129 0.000008 0.987258 -0.000000 0 0 0 1 0.987294 0 0.158906 -0.000000 0.000001 1 -0.000008 -0.15367 -0.158906 0.000008 0.987294 -0.000000 0 0 0 1 0.987319 0 0.158751 -0.000000 0.000001 1 -0.000008 -0.15367 -0.158751 0.000008 0.987319 -0.000000 0 0 0 1 0.987319 0 0.158746 -0.000000 0.000001 1 -0.000008 -0.15367 -0.158746 0.000008 0.987319 -0.000000 0 0 0 1 0.987298 0 0.15888 -0.000000 0.000001 1 -0.000008 -0.15367 -0.15888 0.000008 0.987298 -0.000000 0 0 0 1 0.987245 0 0.159211 -0.000000 0.000001 1 -0.000008 -0.15367 -0.159211 0.000008 0.987245 -0.000000 0 0 0 1 0.98718 0 0.159614 -0.000000 0.000001 1 -0.000008 -0.15367 -0.159614 0.000008 0.98718 -0.000000 0 0 0 1 0.987117 0 0.160001 -0.000000 0.000001 1 -0.000008 -0.15367 -0.160001 0.000008 0.987117 -0.000000 0 0 0 1 0.987066 0 0.160317 -0.000000 0.000001 1 -0.000008 -0.15367 -0.160317 0.000008 0.987066 -0.000000 0 0 0 1 0.987044 0 0.160449 -0.000000 0.000001 1 -0.000008 -0.15367 -0.160449 0.000008 0.987044 -0.000000 0 0 0 1 0.987039 0 0.160479 -0.000000 0.000001 1 -0.000008 -0.15367 -0.160479 0.000008 0.987039 -0.000000 0 0 0 1 0.987046 0 0.160436 -0.000000 0.000001 1 -0.000008 -0.15367 -0.160436 0.000008 0.987046 -0.000000 0 0 0 1 0.987058 0 0.160361 -0.000000 0.000001 1 -0.000008 -0.15367 -0.160361 0.000008 0.987058 -0.000000 0 0 0 1 0.987067 0 0.160309 -0.000000 0.000001 1 -0.000008 -0.15367 -0.160309 0.000008 0.987067 -0.000000 0 0 0 1 0.987074 0 0.160265 -0.000000 0.000001 1 -0.000008 -0.15367 -0.160265 0.000008 0.987074 -0.000000 0 0 0 1 0.987078 0 0.160239 -0.000000 0.000001 1 -0.000008 -0.15367 -0.160239 0.000008 0.987078 -0.000000 0 0 0 1 0.987081 0 0.160219 -0.000000 0.000001 1 -0.000008 -0.15367 -0.160219 0.000008 0.987081 -0.000000 0 0 0 1 0.987085 0 0.160198 -0.000000 0.000001 1 -0.000008 -0.15367 -0.160198 0.000008 0.987085 -0.000000 0 0 0 1 0.98709 0 0.160168 -0.000000 0.000001 1 -0.000008 -0.15367 -0.160168 0.000008 0.98709 -0.000000 0 0 0 1 0.987099 0 0.160112 -0.000000 0.000001 1 -0.000008 -0.15367 -0.160112 0.000008 0.987099 -0.000000 0 0 0 1 0.98711 0 0.16004 -0.000000 0.000001 1 -0.000008 -0.15367 -0.16004 0.000008 0.98711 -0.000000 0 0 0 1 0.987125 0 0.15995 -0.000000 0.000001 1 -0.000008 -0.15367 -0.15995 0.000008 0.987125 -0.000000 0 0 0 1 0.98714 0 0.159858 -0.000000 0.000001 1 -0.000008 -0.15367 -0.159858 0.000008 0.98714 -0.000000 0 0 0 1 0.987154 0 0.159774 -0.000000 0.000001 1 -0.000008 -0.15367 -0.159774 0.000008 0.987154 -0.000000 0 0 0 1 0.987164 0 0.159712 -0.000000 0.000001 1 -0.000008 -0.15367 -0.159712 0.000008 0.987164 -0.000000 0 0 0 1 0.987168 0 0.159683 -0.000000 0.000001 1 -0.000008 -0.15367 -0.159683 0.000008 0.987168 -0.000000 0 0 0 1 0.987164 0 0.159707 -0.000000 0.000001 1 -0.000008 -0.15367 -0.159707 0.000008 0.987164 -0.000000 0 0 0 1 0.987145 0 0.159825 -0.000000 0.000001 1 -0.000008 -0.15367 -0.159825 0.000008 0.987145 -0.000000 0 0 0 1 0.987119 0 0.159985 -0.000000 0.000001 1 -0.000008 -0.15367 -0.159985 0.000008 0.987119 -0.000000 0 0 0 1 0.98709 0 0.160167 -0.000000 0.000001 1 -0.000008 -0.15367 -0.160167 0.000008 0.98709 -0.000000 0 0 0 1 0.987068 0 0.160301 -0.000000 0.000001 1 -0.000008 -0.15367 -0.160301 0.000008 0.987068 -0.000000 0 0 0 1 0.987054 0 0.160388 -0.000000 0.000001 1 -0.000008 -0.15367 -0.160388 0.000008 0.987054 -0.000000 0 0 0 1 0.987056 0 0.160378 -0.000000 0.000001 1 -0.000008 -0.15367 -0.160378 0.000008 0.987056 -0.000000 0 0 0 1 0.987056 0 0.160378 -0.000000 0.000001 1 -0.000008 -0.15367 -0.160378 0.000008 0.987056 -0.000000 0 0 0 1 0.987101 0 0.160101 -0.000000 0.000001 1 -0.000008 -0.15367 -0.160101 0.000008 0.987101 -0.000000 0 0 0 1 0.987126 0 0.159945 -0.000000 0.000001 1 -0.000008 -0.15367 -0.159945 0.000008 0.987126 -0.000000 0 0 0 1</float_array>
        <technique_common>
          <accessor source="#RightForeArm_Helper2_matrix_RightForeArm_Helper2_transform-output-array" count="106" stride="16">
            <param name="TRANSFORM" type="float4x4"/>
          </accessor>
        </technique_common>
      </source>
      <source id="RightForeArm_Helper2_matrix_RightForeArm_Helper2_transform-interpolations">
        <Name_array id="RightForeArm_Helper2_matrix_RightForeArm_Helper2_transform-interpolations-array" count="106">LINEAR LINEAR LINEAR LINEAR LINEAR LINEAR LINEAR LINEAR LINEAR LINEAR LINEAR LINEAR LINEAR LINEAR LINEAR LINEAR LINEAR LINEAR LINEAR LINEAR LINEAR LINEAR LINEAR LINEAR LINEAR LINEAR LINEAR LINEAR LINEAR LINEAR LINEAR LINEAR LINEAR LINEAR LINEAR LINEAR LINEAR LINEAR LINEAR LINEAR LINEAR LINEAR LINEAR LINEAR LINEAR LINEAR LINEAR LINEAR LINEAR LINEAR LINEAR LINEAR LINEAR LINEAR LINEAR LINEAR LINEAR LINEAR LINEAR LINEAR LINEAR LINEAR LINEAR LINEAR LINEAR LINEAR LINEAR LINEAR LINEAR LINEAR LINEAR LINEAR LINEAR LINEAR LINEAR LINEAR LINEAR LINEAR LINEAR LINEAR LINEAR LINEAR LINEAR LINEAR LINEAR LINEAR LINEAR LINEAR LINEAR LINEAR LINEAR LINEAR LINEAR LINEAR LINEAR LINEAR LINEAR LINEAR LINEAR LINEAR LINEAR LINEAR LINEAR LINEAR LINEAR LINEAR</Name_array>
        <technique_common>
          <accessor source="#RightForeArm_Helper2_matrix_RightForeArm_Helper2_transform-interpolations-array" count="106" stride="1">
            <param name="INTERPOLATION" type="Name"/>
          </accessor>
        </technique_common>
      </source>
      <sampler id="RightForeArm_Helper2_matrix_RightForeArm_Helper2_transform-sampler">
        <input semantic="INPUT" source="#RightForeArm_Helper2_matrix_RightForeArm_Helper2_transform-input"/>
        <input semantic="OUTPUT" source="#RightForeArm_Helper2_matrix_RightForeArm_Helper2_transform-output"/>
        <input semantic="INTERPOLATION" source="#RightForeArm_Helper2_matrix_RightForeArm_Helper2_transform-interpolations"/>
      </sampler>
      <channel source="#RightForeArm_Helper2_matrix_RightForeArm_Helper2_transform-sampler" target="RightForeArm_Helper2/transform"/>
    </animation>
    <animation id="RightArm_Helper2_matrix">
      <source id="RightArm_Helper2_matrix_RightArm_Helper2_transform-input">
        <float_array id="RightArm_Helper2_matrix_RightArm_Helper2_transform-input-array" count="106">0 0.033333 0.066666 0.1 0.133333 0.166667 0.2 0.233333 0.266667 0.3 0.333333 0.366667 0.4 0.433333 0.466667 0.5 0.533333 0.566667 0.6 0.633333 0.666667 0.7 0.733333 0.766667 0.8 0.833333 0.866667 0.9 0.933333 0.966667 1 1.03333 1.06667 1.1 1.13333 1.16667 1.2 1.23333 1.26667 1.3 1.33333 1.36667 1.4 1.43333 1.46667 1.5 1.53333 1.56667 1.6 1.63333 1.66667 1.7 1.73333 1.76667 1.8 1.83333 1.86667 1.9 1.93333 1.96667 2 2.03333 2.06667 2.1 2.13333 2.16667 2.2 2.23333 2.26667 2.3 2.33333 2.36667 2.4 2.43333 2.46667 2.5 2.53333 2.56667 2.6 2.63333 2.66667 2.7 2.73333 2.76667 2.8 2.83333 2.86667 2.9 2.93333 2.96667 3 3.03333 3.06667 3.1 3.13333 3.16667 3.2 3.23333 3.26667 3.3 3.33333 3.36667 3.4 3.43333 3.46667 3.5</float_array>
        <technique_common>
          <accessor source="#RightArm_Helper2_matrix_RightArm_Helper2_transform-input-array" count="106" stride="1">
            <param name="TIME" type="float"/>
          </accessor>
        </technique_common>
        <technique profile="MAYA">
          <pre_infinity>CONSTANT</pre_infinity>
          <post_infinity>CONSTANT</post_infinity>
        </technique>
      </source>
      <source id="RightArm_Helper2_matrix_RightArm_Helper2_transform-output">
        <float_array id="RightArm_Helper2_matrix_RightArm_Helper2_transform-output-array" count="1696">0.732001 -0.005818 0.681278 0 0.676386 0.12613 -0.725667 -0.188543 -0.081707 0.991997 0.096263 -0.000002 0 0 0 1 0.732118 -0.00589 0.681152 0 0.676268 0.126119 -0.725779 -0.188543 -0.08163 0.991998 0.096317 -0.000002 0 0 0 1 0.732212 -0.00597 0.681051 0 0.676177 0.126105 -0.725867 -0.188543 -0.081549 0.991999 0.096373 -0.000002 0 0 0 1 0.732252 -0.006075 0.681007 0 0.676145 0.12609 -0.725899 -0.188543 -0.081457 0.992 0.096437 -0.000002 0 0 0 1 0.732234 -0.006187 0.681025 0 0.676175 0.126077 -0.725874 -0.188543 -0.08137 0.992001 0.096501 -0.000002 0 0 0 1 0.732136 -0.006291 0.68113 0 0.676289 0.126072 -0.725768 -0.188543 -0.081305 0.992001 0.096556 -0.000002 0 0 0 1 0.731988 -0.006396 0.681287 0 0.676453 0.126092 -0.725611 -0.188543 -0.081263 0.991998 0.096625 -0.000002 0 0 0 1 0.731804 -0.0065 0.681484 0 0.676651 0.126181 -0.725411 -0.188543 -0.081274 0.991986 0.096738 -0.000002 0 0 0 1 0.731619 -0.006623 0.681682 0 0.676851 0.126286 -0.725207 -0.188543 -0.081283 0.991972 0.096876 -0.000002 0 0 0 1 0.731479 -0.006787 0.681831 0 0.677005 0.126396 -0.725044 -0.188543 -0.081259 0.991957 0.097051 -0.000002 0 0 0 1 0.731366 -0.00698 0.68195 0 0.677133 0.126501 -0.724906 -0.188543 -0.081207 0.991942 0.097244 -0.000002 0 0 0 1 0.731283 -0.007207 0.682036 0 0.677234 0.126584 -0.724797 -0.188543 -0.08111 0.99193 0.097449 -0.000002 0 0 0 1 0.731216 -0.007434 0.682105 0 0.67732 0.126649 -0.724705 -0.188543 -0.080999 0.99192 0.097643 -0.000002 0 0 0 1 0.731147 -0.007643 0.682178 0 0.677409 0.126677 -0.724617 -0.188543 -0.080877 0.991915 0.097796 -0.000002 0 0 0 1 0.731089 -0.007794 0.682237 0 0.677482 0.126691 -0.724546 -0.188543 -0.080785 0.991912 0.097903 -0.000002 0 0 0 1 0.731064 -0.007826 0.682264 0 0.677511 0.126705 -0.724517 -0.188543 -0.080775 0.99191 0.097932 -0.000002 0 0 0 1 0.731038 -0.007796 0.682292 0 0.677535 0.126714 -0.724493 -0.188543 -0.080807 0.991909 0.097915 -0.000002 0 0 0 1 0.730989 -0.007731 0.682345 0 0.677582 0.126705 -0.724451 -0.188543 -0.080854 0.99191 0.097858 -0.000002 0 0 0 1 0.730912 -0.007656 0.682429 0 0.677663 0.12664 -0.724386 -0.188543 -0.080876 0.991919 0.097751 -0.000002 0 0 0 1 0.730785 -0.007616 0.682565 0 0.677801 0.126554 -0.724272 -0.188543 -0.080864 0.99193 0.097646 -0.000002 0 0 0 1 0.730632 -0.00759 0.682729 0 0.677968 0.126462 -0.724132 -0.188543 -0.080842 0.991942 0.097543 -0.000002 0 0 0 1 0.730453 -0.007577 0.68292 0 0.678163 0.126389 -0.723962 -0.188543 -0.080827 0.991952 0.097459 -0.000002 0 0 0 1 0.730293 -0.007552 0.683092 0 0.678336 0.126313 -0.723813 -0.188543 -0.080816 0.991962 0.097368 -0.000002 0 0 0 1 0.730196 -0.007493 0.683197 0 0.678442 0.12622 -0.72373 -0.188543 -0.080809 0.991974 0.097248 -0.000002 0 0 0 1 0.730164 -0.007399 0.683232 0 0.678476 0.126113 -0.723716 -0.188543 -0.080809 0.991988 0.097103 -0.000002 0 0 0 1 0.730225 -0.00726 0.683168 0 0.67841 0.125988 -0.7238 -0.188543 -0.080815 0.992005 0.096925 -0.000002 0 0 0 1 0.730353 -0.007084 0.683034 0 0.67827 0.125855 -0.723954 -0.188543 -0.080834 0.992023 0.096723 -0.000002 0 0 0 1 0.730544 -0.006863 0.682831 0 0.678059 0.125724 -0.724175 -0.188543 -0.080877 0.992042 0.096501 -0.000002 0 0 0 1 0.730755 -0.006623 0.682608 0 0.677825 0.125599 -0.724416 -0.188543 -0.080936 0.992059 0.096271 -0.000002 0 0 0 1 0.730948 -0.006373 0.682404 0 0.677608 0.125487 -0.724638 -0.188543 -0.081014 0.992075 0.096043 -0.000002 0 0 0 1 0.731095 -0.006146 0.682248 0 0.677439 0.125392 -0.724813 -0.188543 -0.081093 0.992088 0.095837 -0.000002 0 0 0 1 0.731155 -0.005975 0.682185 0 0.677366 0.125323 -0.724893 -0.188543 -0.081161 0.992098 0.095677 -0.000002 0 0 0 1 0.731134 -0.005867 0.682208 0 0.677383 0.125265 -0.724886 -0.188543 -0.081203 0.992106 0.09556 -0.000002 0 0 0 1 0.731008 -0.005849 0.682344 0 0.677522 0.125204 -0.724768 -0.188543 -0.081193 0.992114 0.095488 -0.000002 0 0 0 1 0.730826 -0.00589 0.682539 0 0.677723 0.125155 -0.724589 -0.188543 -0.081154 0.99212 0.095458 -0.000002 0 0 0 1 0.730608 -0.005979 0.682771 0 0.677964 0.125123 -0.724368 -0.188543 -0.081099 0.992123 0.095469 -0.000002 0 0 0 1 0.730423 -0.00608 0.682968 0 0.678171 0.125101 -0.724178 -0.188543 -0.081036 0.992125 0.0955 -0.000002 0 0 0 1 0.730339 -0.00615 0.683057 0 0.678267 0.125086 -0.724091 -0.188543 -0.080987 0.992127 0.095526 -0.000002 0 0 0 1 0.730376 -0.006205 0.683017 0 0.678233 0.125074 -0.724124 -0.188543 -0.080934 0.992128 0.095559 -0.000002 0 0 0 1 0.730595 -0.006241 0.682782 0 0.678005 0.125065 -0.72434 -0.188543 -0.080871 0.992129 0.095603 -0.000002 0 0 0 1 0.730937 -0.006272 0.682416 0 0.677645 0.125056 -0.724678 -0.188543 -0.080795 0.99213 0.095658 -0.000002 0 0 0 1 0.731396 -0.006313 0.681923 0 0.677161 0.125048 -0.725131 -0.188543 -0.080694 0.992131 0.095734 -0.000002 0 0 0 1 0.731873 -0.006351 0.681412 0 0.676659 0.12504 -0.725602 -0.188543 -0.080595 0.992131 0.09581 -0.000002 0 0 0 1 0.732276 -0.006377 0.680978 0 0.676232 0.125033 -0.726001 -0.188543 -0.080514 0.992132 0.095871 -0.000002 0 0 0 1 0.732568 -0.006388 0.680664 0 0.675922 0.125028 -0.72629 -0.188543 -0.080462 0.992133 0.095909 -0.000002 0 0 0 1 0.732655 -0.006371 0.68057 0 0.675827 0.125026 -0.726379 -0.188543 -0.080461 0.992133 0.095906 -0.000002 0 0 0 1 0.732616 -0.006338 0.680613 0 0.675866 0.125027 -0.726342 -0.188543 -0.080491 0.992133 0.09588 -0.000002 0 0 0 1 0.732468 -0.006295 0.680773 0 0.676021 0.125028 -0.726198 -0.188543 -0.080544 0.992133 0.095835 -0.000002 0 0 0 1 0.732292 -0.006248 0.680962 0 0.676203 0.125038 -0.726027 -0.188543 -0.080609 0.992132 0.095789 -0.000002 0 0 0 1 0.732179 -0.006203 0.681085 0 0.676317 0.125072 -0.725915 -0.188543 -0.080681 0.992128 0.09577 -0.000002 0 0 0 1 0.73212 -0.006163 0.681147 0 0.676369 0.125158 -0.725852 -0.188543 -0.080777 0.992118 0.095799 -0.000002 0 0 0 1 0.732151 -0.006126 0.681115 0 0.676324 0.125268 -0.725874 -0.188543 -0.080874 0.992104 0.095858 -0.000002 0 0 0 1 0.732237 -0.006093 0.681023 0 0.67622 0.12539 -0.725951 -0.188543 -0.08097 0.992089 0.095935 -0.000002 0 0 0 1 0.732361 -0.006067 0.68089 0 0.676075 0.125517 -0.726064 -0.188543 -0.081057 0.992073 0.096026 -0.000002 0 0 0 1 0.73251 -0.006028 0.68073 0 0.675903 0.125638 -0.726203 -0.188543 -0.081148 0.992058 0.096105 -0.000002 0 0 0 1 0.732674 -0.005949 0.680553 0 0.675711 0.125747 -0.726362 -0.188543 -0.081255 0.992045 0.096151 -0.000002 0 0 0 1 0.732825 -0.005839 0.680392 0 0.675534 0.125828 -0.726513 -0.188543 -0.081369 0.992035 0.096154 -0.000002 0 0 0 1 0.732926 -0.005696 0.680284 0 0.675409 0.125882 -0.72662 -0.188543 -0.081496 0.992029 0.096109 -0.000002 0 0 0 1 0.732989 -0.005523 0.680218 0 0.675323 0.125925 -0.726692 -0.188543 -0.081642 0.992024 0.096031 -0.000002 0 0 0 1 0.733011 -0.005312 0.680196 0 0.675278 0.125964 -0.726727 -0.188543 -0.081819 0.992021 0.09592 -0.000002 0 0 0 1 0.733006 -0.005091 0.680204 0 0.675261 0.125999 -0.726737 -0.188543 -0.082005 0.992017 0.095795 -0.000002 0 0 0 1 0.732985 -0.00488 0.680227 0 0.675263 0.126021 -0.726732 -0.188543 -0.082176 0.992016 0.095667 -0.000002 0 0 0 1 0.732955 -0.004685 0.680261 0 0.675277 0.126037 -0.726716 -0.188543 -0.082333 0.992014 0.095543 -0.000002 0 0 0 1 0.732931 -0.00452 0.680288 0 0.675286 0.12605 -0.726705 -0.188543 -0.082465 0.992014 0.095438 -0.000002 0 0 0 1 0.732889 -0.004386 0.680334 0 0.675318 0.12606 -0.726673 -0.188543 -0.082575 0.992013 0.09535 -0.000002 0 0 0 1 0.732802 -0.004297 0.680428 0 0.675403 0.126068 -0.726594 -0.188543 -0.082657 0.992012 0.095285 -0.000002 0 0 0 1 0.732695 -0.004229 0.680544 0 0.67551 0.126074 -0.726493 -0.188543 -0.082726 0.992012 0.09523 -0.000002 0 0 0 1 0.732583 -0.004164 0.680665 0 0.675624 0.12608 -0.726386 -0.188543 -0.082793 0.992011 0.095177 -0.000002 0 0 0 1 0.732469 -0.004093 0.680788 0 0.675738 0.126086 -0.726278 -0.188543 -0.082864 0.992011 0.09512 -0.000002 0 0 0 1 0.732355 -0.003998 0.680911 0 0.675851 0.126093 -0.726172 -0.188543 -0.082954 0.99201 0.095047 -0.000002 0 0 0 1 0.732264 -0.003894 0.68101 0 0.675938 0.1261 -0.726089 -0.188543 -0.083047 0.99201 0.094971 -0.000002 0 0 0 1 0.732217 -0.003786 0.681061 0 0.675978 0.126108 -0.726051 -0.188543 -0.083137 0.992009 0.094897 -0.000002 0 0 0 1 0.732217 -0.003696 0.681061 0 0.675969 0.126114 -0.726059 -0.188543 -0.083207 0.992009 0.094841 -0.000002 0 0 0 1 0.732274 -0.003645 0.681001 0 0.675904 0.126119 -0.726118 -0.188543 -0.083239 0.992008 0.094817 -0.000002 0 0 0 1 0.732387 -0.003638 0.680879 0 0.675783 0.126121 -0.726231 -0.188543 -0.08323 0.992008 0.094828 -0.000002 0 0 0 1 0.732571 -0.003691 0.680681 0 0.675591 0.126121 -0.726409 -0.188543 -0.083166 0.992008 0.094886 -0.000002 0 0 0 1 0.732796 -0.003786 0.680438 0 0.675359 0.126119 -0.726625 -0.188543 -0.083064 0.992008 0.094976 -0.000002 0 0 0 1 0.733047 -0.003916 0.680167 0 0.675103 0.126115 -0.726864 -0.188543 -0.082932 0.992008 0.095092 -0.000002 0 0 0 1 0.733299 -0.004059 0.679894 0 0.674847 0.12611 -0.727103 -0.188543 -0.08279 0.992008 0.095216 -0.000002 0 0 0 1 0.733526 -0.004187 0.679649 0 0.674616 0.126107 -0.727317 -0.188543 -0.082662 0.992008 0.095327 -0.000002 0 0 0 1 0.733722 -0.004308 0.679436 0 0.674417 0.126103 -0.727502 -0.188543 -0.082544 0.992008 0.09543 -0.000002 0 0 0 1 0.733877 -0.004416 0.679268 0 0.674261 0.126101 -0.727647 -0.188543 -0.082442 0.992008 0.09552 -0.000002 0 0 0 1 0.733981 -0.00452 0.679155 0 0.674159 0.1261 -0.727742 -0.188543 -0.082351 0.992007 0.095602 -0.000002 0 0 0 1 0.734024 -0.004629 0.679108 0 0.674123 0.126101 -0.727775 -0.188543 -0.082267 0.992007 0.095682 -0.000002 0 0 0 1 0.734003 -0.004738 0.679129 0 0.674154 0.126108 -0.727746 -0.188543 -0.082195 0.992005 0.095758 -0.000002 0 0 0 1 0.733905 -0.004843 0.679235 0 0.674266 0.126126 -0.727638 -0.188543 -0.082144 0.992002 0.09583 -0.000002 0 0 0 1 0.733759 -0.00495 0.679392 0 0.67443 0.126167 -0.727479 -0.188543 -0.082115 0.991997 0.095915 -0.000002 0 0 0 1 0.733575 -0.005055 0.67959 0 0.674628 0.126257 -0.72728 -0.188543 -0.082126 0.991985 0.096029 -0.000002 0 0 0 1 0.73339 -0.005177 0.679788 0 0.674828 0.126361 -0.727077 -0.188543 -0.082134 0.991971 0.096165 -0.000002 0 0 0 1 0.733251 -0.005341 0.679937 0 0.674982 0.126471 -0.726914 -0.188543 -0.082109 0.991956 0.09634 -0.000002 0 0 0 1 0.733138 -0.005534 0.680057 0 0.675111 0.126576 -0.726776 -0.188543 -0.082056 0.991941 0.096534 -0.000002 0 0 0 1 0.733056 -0.005761 0.680144 0 0.675212 0.126659 -0.726668 -0.188543 -0.08196 0.99193 0.096738 -0.000002 0 0 0 1 0.73299 -0.005988 0.680214 0 0.675298 0.126725 -0.726577 -0.188543 -0.081848 0.99192 0.096932 -0.000002 0 0 0 1 0.73292 -0.006197 0.680286 0 0.675388 0.126753 -0.726488 -0.188543 -0.081726 0.991915 0.097085 -0.000002 0 0 0 1 0.732863 -0.006349 0.680346 0 0.67546 0.12677 -0.726418 -0.188543 -0.081635 0.991912 0.097193 -0.000002 0 0 0 1 0.732838 -0.006381 0.680373 0 0.675489 0.126785 -0.726388 -0.188543 -0.081626 0.99191 0.097223 -0.000002 0 0 0 1 0.732812 -0.006351 0.680401 0 0.675513 0.126794 -0.726364 -0.188543 -0.081657 0.991909 0.097206 -0.000002 0 0 0 1 0.732764 -0.006285 0.680454 0 0.67556 0.126781 -0.726323 -0.188543 -0.081703 0.991911 0.097147 -0.000002 0 0 0 1 0.732686 -0.00621 0.680538 0 0.675642 0.126717 -0.726258 -0.188543 -0.081725 0.991919 0.097039 -0.000002 0 0 0 1 0.73256 -0.00617 0.680674 0 0.67578 0.126631 -0.726145 -0.188543 -0.081713 0.991931 0.096934 -0.000002 0 0 0 1 0.732399 -0.006148 0.680848 0 0.675957 0.126547 -0.725994 -0.188543 -0.081695 0.991942 0.096839 -0.000002 0 0 0 1 0.732229 -0.00613 0.681031 0 0.676143 0.126466 -0.725835 -0.188543 -0.081677 0.991952 0.096747 -0.000002 0 0 0 1 0.732069 -0.006106 0.681203 0 0.676317 0.126391 -0.725686 -0.188543 -0.081666 0.991962 0.096656 -0.000002 0 0 0 1 0.732069 -0.006106 0.681203 0 0.676317 0.126391 -0.725686 -0.188543 -0.081666 0.991962 0.096656 -0.000002 0 0 0 1 0.73194 -0.005952 0.681343 0 0.676458 0.126191 -0.72559 -0.188543 -0.081659 0.991988 0.096391 -0.000002 0 0 0 1 0.732001 -0.005814 0.681279 0 0.676391 0.126066 -0.725674 -0.188543 -0.081666 0.992005 0.096213 -0.000002 0 0 0 1</float_array>
        <technique_common>
          <accessor source="#RightArm_Helper2_matrix_RightArm_Helper2_transform-output-array" count="106" stride="16">
            <param name="TRANSFORM" type="float4x4"/>
          </accessor>
        </technique_common>
      </source>
      <source id="RightArm_Helper2_matrix_RightArm_Helper2_transform-interpolations">
        <Name_array id="RightArm_Helper2_matrix_RightArm_Helper2_transform-interpolations-array" count="106">LINEAR LINEAR LINEAR LINEAR LINEAR LINEAR LINEAR LINEAR LINEAR LINEAR LINEAR LINEAR LINEAR LINEAR LINEAR LINEAR LINEAR LINEAR LINEAR LINEAR LINEAR LINEAR LINEAR LINEAR LINEAR LINEAR LINEAR LINEAR LINEAR LINEAR LINEAR LINEAR LINEAR LINEAR LINEAR LINEAR LINEAR LINEAR LINEAR LINEAR LINEAR LINEAR LINEAR LINEAR LINEAR LINEAR LINEAR LINEAR LINEAR LINEAR LINEAR LINEAR LINEAR LINEAR LINEAR LINEAR LINEAR LINEAR LINEAR LINEAR LINEAR LINEAR LINEAR LINEAR LINEAR LINEAR LINEAR LINEAR LINEAR LINEAR LINEAR LINEAR LINEAR LINEAR LINEAR LINEAR LINEAR LINEAR LINEAR LINEAR LINEAR LINEAR LINEAR LINEAR LINEAR LINEAR LINEAR LINEAR LINEAR LINEAR LINEAR LINEAR LINEAR LINEAR LINEAR LINEAR LINEAR LINEAR LINEAR LINEAR LINEAR LINEAR LINEAR LINEAR LINEAR LINEAR</Name_array>
        <technique_common>
          <accessor source="#RightArm_Helper2_matrix_RightArm_Helper2_transform-interpolations-array" count="106" stride="1">
            <param name="INTERPOLATION" type="Name"/>
          </accessor>
        </technique_common>
      </source>
      <sampler id="RightArm_Helper2_matrix_RightArm_Helper2_transform-sampler">
        <input semantic="INPUT" source="#RightArm_Helper2_matrix_RightArm_Helper2_transform-input"/>
        <input semantic="OUTPUT" source="#RightArm_Helper2_matrix_RightArm_Helper2_transform-output"/>
        <input semantic="INTERPOLATION" source="#RightArm_Helper2_matrix_RightArm_Helper2_transform-interpolations"/>
      </sampler>
      <channel source="#RightArm_Helper2_matrix_RightArm_Helper2_transform-sampler" target="RightArm_Helper2/transform"/>
    </animation>
    <animation id="RightArm_Helper1_matrix">
      <source id="RightArm_Helper1_matrix_RightArm_Helper1_transform-input">
        <float_array id="RightArm_Helper1_matrix_RightArm_Helper1_transform-input-array" count="106">0 0.033333 0.066666 0.1 0.133333 0.166667 0.2 0.233333 0.266667 0.3 0.333333 0.366667 0.4 0.433333 0.466667 0.5 0.533333 0.566667 0.6 0.633333 0.666667 0.7 0.733333 0.766667 0.8 0.833333 0.866667 0.9 0.933333 0.966667 1 1.03333 1.06667 1.1 1.13333 1.16667 1.2 1.23333 1.26667 1.3 1.33333 1.36667 1.4 1.43333 1.46667 1.5 1.53333 1.56667 1.6 1.63333 1.66667 1.7 1.73333 1.76667 1.8 1.83333 1.86667 1.9 1.93333 1.96667 2 2.03333 2.06667 2.1 2.13333 2.16667 2.2 2.23333 2.26667 2.3 2.33333 2.36667 2.4 2.43333 2.46667 2.5 2.53333 2.56667 2.6 2.63333 2.66667 2.7 2.73333 2.76667 2.8 2.83333 2.86667 2.9 2.93333 2.96667 3 3.03333 3.06667 3.1 3.13333 3.16667 3.2 3.23333 3.26667 3.3 3.33333 3.36667 3.4 3.43333 3.46667 3.5</float_array>
        <technique_common>
          <accessor source="#RightArm_Helper1_matrix_RightArm_Helper1_transform-input-array" count="106" stride="1">
            <param name="TIME" type="float"/>
          </accessor>
        </technique_common>
        <technique profile="MAYA">
          <pre_infinity>CONSTANT</pre_infinity>
          <post_infinity>CONSTANT</post_infinity>
        </technique>
      </source>
      <source id="RightArm_Helper1_matrix_RightArm_Helper1_transform-output">
        <float_array id="RightArm_Helper1_matrix_RightArm_Helper1_transform-output-array" count="1696">0.732001 -0.005818 0.681278 0 0.676386 0.12613 -0.725667 -0.188543 -0.081707 0.991997 0.096263 -0.000002 0 0 0 1 0.732118 -0.00589 0.681152 0 0.676268 0.126119 -0.725779 -0.188543 -0.08163 0.991998 0.096317 -0.000002 0 0 0 1 0.732212 -0.00597 0.681051 0 0.676177 0.126105 -0.725867 -0.188543 -0.081549 0.991999 0.096373 -0.000002 0 0 0 1 0.732252 -0.006075 0.681007 0 0.676145 0.12609 -0.725899 -0.188543 -0.081457 0.992 0.096437 -0.000002 0 0 0 1 0.732234 -0.006187 0.681025 0 0.676175 0.126077 -0.725874 -0.188543 -0.08137 0.992001 0.096501 -0.000002 0 0 0 1 0.732136 -0.006291 0.68113 0 0.676289 0.126072 -0.725768 -0.188543 -0.081305 0.992001 0.096556 -0.000002 0 0 0 1 0.731988 -0.006396 0.681287 0 0.676453 0.126092 -0.725611 -0.188543 -0.081263 0.991998 0.096625 -0.000002 0 0 0 1 0.731804 -0.0065 0.681484 0 0.676651 0.126181 -0.725411 -0.188543 -0.081274 0.991986 0.096738 -0.000002 0 0 0 1 0.731619 -0.006623 0.681682 0 0.676851 0.126286 -0.725207 -0.188543 -0.081283 0.991972 0.096876 -0.000002 0 0 0 1 0.731479 -0.006787 0.681831 0 0.677005 0.126396 -0.725044 -0.188543 -0.081259 0.991957 0.097051 -0.000002 0 0 0 1 0.731366 -0.00698 0.68195 0 0.677133 0.126501 -0.724906 -0.188543 -0.081207 0.991942 0.097244 -0.000002 0 0 0 1 0.731283 -0.007207 0.682036 0 0.677234 0.126584 -0.724797 -0.188543 -0.08111 0.99193 0.097449 -0.000002 0 0 0 1 0.731216 -0.007434 0.682105 0 0.67732 0.126649 -0.724705 -0.188543 -0.080999 0.99192 0.097643 -0.000002 0 0 0 1 0.731147 -0.007643 0.682178 0 0.677409 0.126677 -0.724617 -0.188543 -0.080877 0.991915 0.097796 -0.000002 0 0 0 1 0.731089 -0.007794 0.682237 0 0.677482 0.126691 -0.724546 -0.188543 -0.080785 0.991912 0.097903 -0.000002 0 0 0 1 0.731064 -0.007826 0.682264 0 0.677511 0.126705 -0.724517 -0.188543 -0.080775 0.99191 0.097932 -0.000002 0 0 0 1 0.731038 -0.007796 0.682292 0 0.677535 0.126714 -0.724493 -0.188543 -0.080807 0.991909 0.097915 -0.000002 0 0 0 1 0.730989 -0.007731 0.682345 0 0.677582 0.126705 -0.724451 -0.188543 -0.080854 0.99191 0.097858 -0.000002 0 0 0 1 0.730912 -0.007656 0.682429 0 0.677663 0.12664 -0.724386 -0.188543 -0.080876 0.991919 0.097751 -0.000002 0 0 0 1 0.730785 -0.007616 0.682565 0 0.677801 0.126554 -0.724272 -0.188543 -0.080864 0.99193 0.097646 -0.000002 0 0 0 1 0.730632 -0.00759 0.682729 0 0.677968 0.126462 -0.724132 -0.188543 -0.080842 0.991942 0.097543 -0.000002 0 0 0 1 0.730453 -0.007577 0.68292 0 0.678163 0.126389 -0.723962 -0.188543 -0.080827 0.991952 0.097459 -0.000002 0 0 0 1 0.730293 -0.007552 0.683092 0 0.678336 0.126313 -0.723813 -0.188543 -0.080816 0.991962 0.097368 -0.000002 0 0 0 1 0.730196 -0.007493 0.683197 0 0.678442 0.12622 -0.72373 -0.188543 -0.080809 0.991974 0.097248 -0.000002 0 0 0 1 0.730164 -0.007399 0.683232 0 0.678476 0.126113 -0.723716 -0.188543 -0.080809 0.991988 0.097103 -0.000002 0 0 0 1 0.730225 -0.00726 0.683168 0 0.67841 0.125988 -0.7238 -0.188543 -0.080815 0.992005 0.096925 -0.000002 0 0 0 1 0.730353 -0.007084 0.683034 0 0.67827 0.125855 -0.723954 -0.188543 -0.080834 0.992023 0.096723 -0.000002 0 0 0 1 0.730544 -0.006863 0.682831 0 0.678059 0.125724 -0.724175 -0.188543 -0.080877 0.992042 0.096501 -0.000002 0 0 0 1 0.730755 -0.006623 0.682608 0 0.677825 0.125599 -0.724416 -0.188543 -0.080936 0.992059 0.096271 -0.000002 0 0 0 1 0.730948 -0.006373 0.682404 0 0.677608 0.125487 -0.724638 -0.188543 -0.081014 0.992075 0.096043 -0.000002 0 0 0 1 0.731095 -0.006146 0.682248 0 0.677439 0.125392 -0.724813 -0.188543 -0.081093 0.992088 0.095837 -0.000002 0 0 0 1 0.731155 -0.005975 0.682185 0 0.677366 0.125323 -0.724893 -0.188543 -0.081161 0.992098 0.095677 -0.000002 0 0 0 1 0.731134 -0.005867 0.682208 0 0.677383 0.125265 -0.724886 -0.188543 -0.081203 0.992106 0.09556 -0.000002 0 0 0 1 0.731008 -0.005849 0.682344 0 0.677522 0.125204 -0.724768 -0.188543 -0.081193 0.992114 0.095488 -0.000002 0 0 0 1 0.730826 -0.00589 0.682539 0 0.677723 0.125155 -0.724589 -0.188543 -0.081154 0.99212 0.095458 -0.000002 0 0 0 1 0.730608 -0.005979 0.682771 0 0.677964 0.125123 -0.724368 -0.188543 -0.081099 0.992123 0.095469 -0.000002 0 0 0 1 0.730423 -0.00608 0.682968 0 0.678171 0.125101 -0.724178 -0.188543 -0.081036 0.992125 0.0955 -0.000002 0 0 0 1 0.730339 -0.00615 0.683057 0 0.678267 0.125086 -0.724091 -0.188543 -0.080987 0.992127 0.095526 -0.000002 0 0 0 1 0.730376 -0.006205 0.683017 0 0.678233 0.125074 -0.724124 -0.188543 -0.080934 0.992128 0.095559 -0.000002 0 0 0 1 0.730595 -0.006241 0.682782 0 0.678005 0.125065 -0.72434 -0.188543 -0.080871 0.992129 0.095603 -0.000002 0 0 0 1 0.730937 -0.006272 0.682416 0 0.677645 0.125056 -0.724678 -0.188543 -0.080795 0.99213 0.095658 -0.000002 0 0 0 1 0.731396 -0.006313 0.681923 0 0.677161 0.125048 -0.725131 -0.188543 -0.080694 0.992131 0.095734 -0.000002 0 0 0 1 0.731873 -0.006351 0.681412 0 0.676659 0.12504 -0.725602 -0.188543 -0.080595 0.992131 0.09581 -0.000002 0 0 0 1 0.732276 -0.006377 0.680978 0 0.676232 0.125033 -0.726001 -0.188543 -0.080514 0.992132 0.095871 -0.000002 0 0 0 1 0.732568 -0.006388 0.680664 0 0.675922 0.125028 -0.72629 -0.188543 -0.080462 0.992133 0.095909 -0.000002 0 0 0 1 0.732655 -0.006371 0.68057 0 0.675827 0.125026 -0.726379 -0.188543 -0.080461 0.992133 0.095906 -0.000002 0 0 0 1 0.732616 -0.006338 0.680613 0 0.675866 0.125027 -0.726342 -0.188543 -0.080491 0.992133 0.09588 -0.000002 0 0 0 1 0.732468 -0.006295 0.680773 0 0.676021 0.125028 -0.726198 -0.188543 -0.080544 0.992133 0.095835 -0.000002 0 0 0 1 0.732292 -0.006248 0.680962 0 0.676203 0.125038 -0.726027 -0.188543 -0.080609 0.992132 0.095789 -0.000002 0 0 0 1 0.732179 -0.006203 0.681085 0 0.676317 0.125072 -0.725915 -0.188543 -0.080681 0.992128 0.09577 -0.000002 0 0 0 1 0.73212 -0.006163 0.681147 0 0.676369 0.125158 -0.725852 -0.188543 -0.080777 0.992118 0.095799 -0.000002 0 0 0 1 0.732151 -0.006126 0.681115 0 0.676324 0.125268 -0.725874 -0.188543 -0.080874 0.992104 0.095858 -0.000002 0 0 0 1 0.732237 -0.006093 0.681023 0 0.67622 0.12539 -0.725951 -0.188543 -0.08097 0.992089 0.095935 -0.000002 0 0 0 1 0.732361 -0.006067 0.68089 0 0.676075 0.125517 -0.726064 -0.188543 -0.081057 0.992073 0.096026 -0.000002 0 0 0 1 0.73251 -0.006028 0.68073 0 0.675903 0.125638 -0.726203 -0.188543 -0.081148 0.992058 0.096105 -0.000002 0 0 0 1 0.732674 -0.005949 0.680553 0 0.675711 0.125747 -0.726362 -0.188543 -0.081255 0.992045 0.096151 -0.000002 0 0 0 1 0.732825 -0.005839 0.680392 0 0.675534 0.125828 -0.726513 -0.188543 -0.081369 0.992035 0.096154 -0.000002 0 0 0 1 0.732926 -0.005696 0.680284 0 0.675409 0.125882 -0.72662 -0.188543 -0.081496 0.992029 0.096109 -0.000002 0 0 0 1 0.732989 -0.005523 0.680218 0 0.675323 0.125925 -0.726692 -0.188543 -0.081642 0.992024 0.096031 -0.000002 0 0 0 1 0.733011 -0.005312 0.680196 0 0.675278 0.125964 -0.726727 -0.188543 -0.081819 0.992021 0.09592 -0.000002 0 0 0 1 0.733006 -0.005091 0.680204 0 0.675261 0.125999 -0.726737 -0.188543 -0.082005 0.992017 0.095795 -0.000002 0 0 0 1 0.732985 -0.00488 0.680227 0 0.675263 0.126021 -0.726732 -0.188543 -0.082176 0.992016 0.095667 -0.000002 0 0 0 1 0.732955 -0.004685 0.680261 0 0.675277 0.126037 -0.726716 -0.188543 -0.082333 0.992014 0.095543 -0.000002 0 0 0 1 0.732931 -0.00452 0.680288 0 0.675286 0.12605 -0.726705 -0.188543 -0.082465 0.992014 0.095438 -0.000002 0 0 0 1 0.732889 -0.004386 0.680334 0 0.675318 0.12606 -0.726673 -0.188543 -0.082575 0.992013 0.09535 -0.000002 0 0 0 1 0.732802 -0.004297 0.680428 0 0.675403 0.126068 -0.726594 -0.188543 -0.082657 0.992012 0.095285 -0.000002 0 0 0 1 0.732695 -0.004229 0.680544 0 0.67551 0.126074 -0.726493 -0.188543 -0.082726 0.992012 0.09523 -0.000002 0 0 0 1 0.732583 -0.004164 0.680665 0 0.675624 0.12608 -0.726386 -0.188543 -0.082793 0.992011 0.095177 -0.000002 0 0 0 1 0.732469 -0.004093 0.680788 0 0.675738 0.126086 -0.726278 -0.188543 -0.082864 0.992011 0.09512 -0.000002 0 0 0 1 0.732355 -0.003998 0.680911 0 0.675851 0.126093 -0.726172 -0.188543 -0.082954 0.99201 0.095047 -0.000002 0 0 0 1 0.732264 -0.003894 0.68101 0 0.675938 0.1261 -0.726089 -0.188543 -0.083047 0.99201 0.094971 -0.000002 0 0 0 1 0.732217 -0.003786 0.681061 0 0.675978 0.126108 -0.726051 -0.188543 -0.083137 0.992009 0.094897 -0.000002 0 0 0 1 0.732217 -0.003696 0.681061 0 0.675969 0.126114 -0.726059 -0.188543 -0.083207 0.992009 0.094841 -0.000002 0 0 0 1 0.732274 -0.003645 0.681001 0 0.675904 0.126119 -0.726118 -0.188543 -0.083239 0.992008 0.094817 -0.000002 0 0 0 1 0.732387 -0.003638 0.680879 0 0.675783 0.126121 -0.726231 -0.188543 -0.08323 0.992008 0.094828 -0.000002 0 0 0 1 0.732571 -0.003691 0.680681 0 0.675591 0.126121 -0.726409 -0.188543 -0.083166 0.992008 0.094886 -0.000002 0 0 0 1 0.732796 -0.003786 0.680438 0 0.675359 0.126119 -0.726625 -0.188543 -0.083064 0.992008 0.094976 -0.000002 0 0 0 1 0.733047 -0.003916 0.680167 0 0.675103 0.126115 -0.726864 -0.188543 -0.082932 0.992008 0.095092 -0.000002 0 0 0 1 0.733299 -0.004059 0.679894 0 0.674847 0.12611 -0.727103 -0.188543 -0.08279 0.992008 0.095216 -0.000002 0 0 0 1 0.733526 -0.004187 0.679649 0 0.674616 0.126107 -0.727317 -0.188543 -0.082662 0.992008 0.095327 -0.000002 0 0 0 1 0.733722 -0.004308 0.679436 0 0.674417 0.126103 -0.727502 -0.188543 -0.082544 0.992008 0.09543 -0.000002 0 0 0 1 0.733877 -0.004416 0.679268 0 0.674261 0.126101 -0.727647 -0.188543 -0.082442 0.992008 0.09552 -0.000002 0 0 0 1 0.733981 -0.00452 0.679155 0 0.674159 0.1261 -0.727742 -0.188543 -0.082351 0.992007 0.095602 -0.000002 0 0 0 1 0.734024 -0.004629 0.679108 0 0.674123 0.126101 -0.727775 -0.188543 -0.082267 0.992007 0.095682 -0.000002 0 0 0 1 0.734003 -0.004738 0.679129 0 0.674154 0.126108 -0.727746 -0.188543 -0.082195 0.992005 0.095758 -0.000002 0 0 0 1 0.733905 -0.004843 0.679235 0 0.674266 0.126126 -0.727638 -0.188543 -0.082144 0.992002 0.09583 -0.000002 0 0 0 1 0.733759 -0.00495 0.679392 0 0.67443 0.126167 -0.727479 -0.188543 -0.082115 0.991997 0.095915 -0.000002 0 0 0 1 0.733575 -0.005055 0.67959 0 0.674628 0.126257 -0.72728 -0.188543 -0.082126 0.991985 0.096029 -0.000002 0 0 0 1 0.73339 -0.005177 0.679788 0 0.674828 0.126361 -0.727077 -0.188543 -0.082134 0.991971 0.096165 -0.000002 0 0 0 1 0.733251 -0.005341 0.679937 0 0.674982 0.126471 -0.726914 -0.188543 -0.082109 0.991956 0.09634 -0.000002 0 0 0 1 0.733138 -0.005534 0.680057 0 0.675111 0.126576 -0.726776 -0.188543 -0.082056 0.991941 0.096534 -0.000002 0 0 0 1 0.733056 -0.005761 0.680144 0 0.675212 0.126659 -0.726668 -0.188543 -0.08196 0.99193 0.096738 -0.000002 0 0 0 1 0.73299 -0.005988 0.680214 0 0.675298 0.126725 -0.726577 -0.188543 -0.081848 0.99192 0.096932 -0.000002 0 0 0 1 0.73292 -0.006197 0.680286 0 0.675388 0.126753 -0.726488 -0.188543 -0.081726 0.991915 0.097085 -0.000002 0 0 0 1 0.732863 -0.006349 0.680346 0 0.67546 0.12677 -0.726418 -0.188543 -0.081635 0.991912 0.097193 -0.000002 0 0 0 1 0.732838 -0.006381 0.680373 0 0.675489 0.126785 -0.726388 -0.188543 -0.081626 0.99191 0.097223 -0.000002 0 0 0 1 0.732812 -0.006351 0.680401 0 0.675513 0.126794 -0.726364 -0.188543 -0.081657 0.991909 0.097206 -0.000002 0 0 0 1 0.732764 -0.006285 0.680454 0 0.67556 0.126781 -0.726323 -0.188543 -0.081703 0.991911 0.097147 -0.000002 0 0 0 1 0.732686 -0.00621 0.680538 0 0.675642 0.126717 -0.726258 -0.188543 -0.081725 0.991919 0.097039 -0.000002 0 0 0 1 0.73256 -0.00617 0.680674 0 0.67578 0.126631 -0.726145 -0.188543 -0.081713 0.991931 0.096934 -0.000002 0 0 0 1 0.732399 -0.006148 0.680848 0 0.675957 0.126547 -0.725994 -0.188543 -0.081695 0.991942 0.096839 -0.000002 0 0 0 1 0.732229 -0.00613 0.681031 0 0.676143 0.126466 -0.725835 -0.188543 -0.081677 0.991952 0.096747 -0.000002 0 0 0 1 0.732069 -0.006106 0.681203 0 0.676317 0.126391 -0.725686 -0.188543 -0.081666 0.991962 0.096656 -0.000002 0 0 0 1 0.732069 -0.006106 0.681203 0 0.676317 0.126391 -0.725686 -0.188543 -0.081666 0.991962 0.096656 -0.000002 0 0 0 1 0.73194 -0.005952 0.681343 0 0.676458 0.126191 -0.72559 -0.188543 -0.081659 0.991988 0.096391 -0.000002 0 0 0 1 0.732001 -0.005814 0.681279 0 0.676391 0.126066 -0.725674 -0.188543 -0.081666 0.992005 0.096213 -0.000002 0 0 0 1</float_array>
        <technique_common>
          <accessor source="#RightArm_Helper1_matrix_RightArm_Helper1_transform-output-array" count="106" stride="16">
            <param name="TRANSFORM" type="float4x4"/>
          </accessor>
        </technique_common>
      </source>
      <source id="RightArm_Helper1_matrix_RightArm_Helper1_transform-interpolations">
        <Name_array id="RightArm_Helper1_matrix_RightArm_Helper1_transform-interpolations-array" count="106">LINEAR LINEAR LINEAR LINEAR LINEAR LINEAR LINEAR LINEAR LINEAR LINEAR LINEAR LINEAR LINEAR LINEAR LINEAR LINEAR LINEAR LINEAR LINEAR LINEAR LINEAR LINEAR LINEAR LINEAR LINEAR LINEAR LINEAR LINEAR LINEAR LINEAR LINEAR LINEAR LINEAR LINEAR LINEAR LINEAR LINEAR LINEAR LINEAR LINEAR LINEAR LINEAR LINEAR LINEAR LINEAR LINEAR LINEAR LINEAR LINEAR LINEAR LINEAR LINEAR LINEAR LINEAR LINEAR LINEAR LINEAR LINEAR LINEAR LINEAR LINEAR LINEAR LINEAR LINEAR LINEAR LINEAR LINEAR LINEAR LINEAR LINEAR LINEAR LINEAR LINEAR LINEAR LINEAR LINEAR LINEAR LINEAR LINEAR LINEAR LINEAR LINEAR LINEAR LINEAR LINEAR LINEAR LINEAR LINEAR LINEAR LINEAR LINEAR LINEAR LINEAR LINEAR LINEAR LINEAR LINEAR LINEAR LINEAR LINEAR LINEAR LINEAR LINEAR LINEAR LINEAR LINEAR</Name_array>
        <technique_common>
          <accessor source="#RightArm_Helper1_matrix_RightArm_Helper1_transform-interpolations-array" count="106" stride="1">
            <param name="INTERPOLATION" type="Name"/>
          </accessor>
        </technique_common>
      </source>
      <sampler id="RightArm_Helper1_matrix_RightArm_Helper1_transform-sampler">
        <input semantic="INPUT" source="#RightArm_Helper1_matrix_RightArm_Helper1_transform-input"/>
        <input semantic="OUTPUT" source="#RightArm_Helper1_matrix_RightArm_Helper1_transform-output"/>
        <input semantic="INTERPOLATION" source="#RightArm_Helper1_matrix_RightArm_Helper1_transform-interpolations"/>
      </sampler>
      <channel source="#RightArm_Helper1_matrix_RightArm_Helper1_transform-sampler" target="RightArm_Helper1/transform"/>
    </animation>
  </library_animations>
  <library_images>
    <image id="file69" name="file69">
      <init_from>file:///D:/Online/hub/Build/Characters/Male/Male01/Legs/Textures/Male01_legs_jeans_regular_C.dds</init_from>
    </image>
    <image id="file81" name="file81">
      <init_from>file:///D:/Online/Hub/Build/Characters/Male/Male01/Torso/Textures/male01_tshirt_generic_C.dds</init_from>
    </image>
    <image id="imported_file76" name="imported_file76">
      <init_from>file:///D:/Online/Hub/Build/Characters/Male/Male01/Shared%20textures/male01_body_Cauc_C.dds</init_from>
    </image>
    <image id="file76" name="file76">
      <init_from>file:///D:/Online/Hub/Build/Characters/Male/Male01/Feet/Textures/male01_feet_shoes_generic_C.dds</init_from>
    </image>
    <image id="file72" name="file72">
      <init_from>file:///D:/Online/Hub/Build/Characters/Male/Male01/Shared%20textures/male01_head_Cauc_C.dds</init_from>
    </image>
  </library_images>
  <library_materials>
    <material id="imported_lambert2SG1" name="imported_lambert2SG1">
      <instance_effect url="#imported_lambert2SG1-fx"/>
    </material>
    <material id="initialShadingGroup2" name="initialShadingGroup2">
      <instance_effect url="#initialShadingGroup2-fx"/>
    </material>
    <material id="imported_lambert4" name="imported_lambert4">
      <instance_effect url="#imported_lambert4-fx"/>
    </material>
    <material id="imported_lambert2SG3" name="imported_lambert2SG3">
      <instance_effect url="#imported_lambert2SG3-fx"/>
    </material>
    <material id="imported_lambert14" name="imported_lambert14">
      <instance_effect url="#imported_lambert14-fx"/>
    </material>
    <material id="imported_lambert15" name="imported_lambert15">
      <instance_effect url="#imported_lambert15-fx"/>
    </material>
  </library_materials>
  <library_effects>
    <effect id="imported_lambert2SG1-fx">
      <profile_COMMON>
        <newparam sid="file69-surface">
          <surface type="2D">
            <init_from>file69</init_from>
            <format>A8R8G8B8</format>
          </surface>
        </newparam>
        <newparam sid="file69-sampler">
          <sampler2D>
            <source>file69-surface</source>
            <minfilter>LINEAR_MIPMAP_LINEAR</minfilter>
            <magfilter>LINEAR</magfilter>
          </sampler2D>
        </newparam>
        <technique sid="common">
          <lambert>
            <emission>
              <color>0 0 0 1</color>
            </emission>
            <ambient>
              <color>0 0 0 1</color>
            </ambient>
            <diffuse>
              <texture texture="file69-sampler" texcoord="TEX0">
                <extra>
                  <technique profile="MAYA">
                    <blend_mode>NONE</blend_mode>
                  </technique>
                </extra>
              </texture>
            </diffuse>
            <transparent opaque="A_ONE">
              <color>0 0 0 1</color>
            </transparent>
            <transparency>
              <float>1</float>
            </transparency>
            <index_of_refraction>
              <float>1</float>
            </index_of_refraction>
          </lambert>
          <extra>
            <technique profile="FCOLLADA"/>
          </extra>
        </technique>
      </profile_COMMON>
    </effect>
    <effect id="initialShadingGroup2-fx">
      <profile_COMMON>
        <newparam sid="file81-surface">
          <surface type="2D">
            <init_from>file81</init_from>
            <format>A8R8G8B8</format>
          </surface>
        </newparam>
        <newparam sid="file81-sampler">
          <sampler2D>
            <source>file81-surface</source>
            <minfilter>LINEAR_MIPMAP_LINEAR</minfilter>
            <magfilter>LINEAR</magfilter>
          </sampler2D>
        </newparam>
        <technique sid="common">
          <lambert>
            <emission>
              <color>0 0 0 1</color>
            </emission>
            <ambient>
              <color>0 0 0 1</color>
            </ambient>
            <diffuse>
              <texture texture="file81-sampler" texcoord="TEX0">
                <extra>
                  <technique profile="MAYA">
                    <blend_mode>NONE</blend_mode>
                  </technique>
                </extra>
              </texture>
            </diffuse>
            <transparent opaque="A_ONE">
              <color>0 0 0 1</color>
            </transparent>
            <transparency>
              <float>1</float>
            </transparency>
            <index_of_refraction>
              <float>1</float>
            </index_of_refraction>
          </lambert>
          <extra>
            <technique profile="FCOLLADA"/>
          </extra>
        </technique>
      </profile_COMMON>
    </effect>
    <effect id="imported_lambert4-fx">
      <profile_COMMON>
        <newparam sid="imported_file76-surface">
          <surface type="2D">
            <init_from>imported_file76</init_from>
            <format>A8R8G8B8</format>
          </surface>
        </newparam>
        <newparam sid="imported_file76-sampler">
          <sampler2D>
            <source>imported_file76-surface</source>
            <minfilter>LINEAR_MIPMAP_LINEAR</minfilter>
            <magfilter>LINEAR</magfilter>
          </sampler2D>
        </newparam>
        <technique sid="common">
          <lambert>
            <emission>
              <color>0 0 0 1</color>
            </emission>
            <ambient>
              <color>0 0 0 1</color>
            </ambient>
            <diffuse>
              <texture texture="imported_file76-sampler" texcoord="TEX0">
                <extra>
                  <technique profile="MAYA">
                    <blend_mode>NONE</blend_mode>
                  </technique>
                </extra>
              </texture>
            </diffuse>
            <transparent opaque="A_ONE">
              <color>0 0 0 1</color>
            </transparent>
            <transparency>
              <float>1</float>
            </transparency>
            <index_of_refraction>
              <float>1</float>
            </index_of_refraction>
          </lambert>
          <extra>
            <technique profile="FCOLLADA"/>
          </extra>
        </technique>
      </profile_COMMON>
    </effect>
    <effect id="imported_lambert2SG3-fx">
      <profile_COMMON>
        <newparam sid="file76-surface">
          <surface type="2D">
            <init_from>file76</init_from>
            <format>A8R8G8B8</format>
          </surface>
        </newparam>
        <newparam sid="file76-sampler">
          <sampler2D>
            <source>file76-surface</source>
            <minfilter>LINEAR_MIPMAP_LINEAR</minfilter>
            <magfilter>LINEAR</magfilter>
          </sampler2D>
        </newparam>
        <technique sid="common">
          <lambert>
            <emission>
              <color>0 0 0 1</color>
            </emission>
            <ambient>
              <color>0 0 0 1</color>
            </ambient>
            <diffuse>
              <texture texture="file76-sampler" texcoord="TEX0">
                <extra>
                  <technique profile="MAYA">
                    <blend_mode>NONE</blend_mode>
                  </technique>
                </extra>
              </texture>
            </diffuse>
            <transparent opaque="A_ONE">
              <color>0 0 0 1</color>
            </transparent>
            <transparency>
              <float>1</float>
            </transparency>
            <index_of_refraction>
              <float>1</float>
            </index_of_refraction>
          </lambert>
          <extra>
            <technique profile="FCOLLADA"/>
          </extra>
        </technique>
      </profile_COMMON>
    </effect>
    <effect id="imported_lambert14-fx">
      <profile_COMMON>
        <newparam sid="file72-surface">
          <surface type="2D">
            <init_from>file72</init_from>
            <format>A8R8G8B8</format>
          </surface>
        </newparam>
        <newparam sid="file72-sampler">
          <sampler2D>
            <source>file72-surface</source>
            <minfilter>LINEAR_MIPMAP_LINEAR</minfilter>
            <magfilter>LINEAR</magfilter>
          </sampler2D>
        </newparam>
        <technique sid="common">
          <lambert>
            <emission>
              <color>0 0 0 1</color>
            </emission>
            <ambient>
              <color>0 0 0 1</color>
            </ambient>
            <diffuse>
              <texture texture="file72-sampler" texcoord="TEX0">
                <extra>
                  <technique profile="MAYA">
                    <blend_mode>NONE</blend_mode>
                  </technique>
                </extra>
              </texture>
            </diffuse>
            <transparent opaque="A_ONE">
              <color>0 0 0 1</color>
            </transparent>
            <transparency>
              <float>1</float>
            </transparency>
            <index_of_refraction>
              <float>1</float>
            </index_of_refraction>
          </lambert>
          <extra>
            <technique profile="FCOLLADA"/>
          </extra>
        </technique>
      </profile_COMMON>
    </effect>
    <effect id="imported_lambert15-fx">
      <profile_COMMON>
        <newparam sid="imported_file76-surface">
          <surface type="2D">
            <init_from>imported_file76</init_from>
            <format>A8R8G8B8</format>
          </surface>
        </newparam>
        <newparam sid="imported_file76-sampler">
          <sampler2D>
            <source>imported_file76-surface</source>
            <minfilter>LINEAR_MIPMAP_LINEAR</minfilter>
            <magfilter>LINEAR</magfilter>
          </sampler2D>
        </newparam>
        <technique sid="common">
          <lambert>
            <emission>
              <color>0 0 0 1</color>
            </emission>
            <ambient>
              <color>0 0 0 1</color>
            </ambient>
            <diffuse>
              <texture texture="imported_file76-sampler" texcoord="TEX0">
                <extra>
                  <technique profile="MAYA">
                    <blend_mode>NONE</blend_mode>
                  </technique>
                </extra>
              </texture>
            </diffuse>
            <transparent opaque="A_ONE">
              <color>0 0 0 1</color>
            </transparent>
            <transparency>
              <float>1</float>
            </transparency>
            <index_of_refraction>
              <float>1</float>
            </index_of_refraction>
          </lambert>
          <extra>
            <technique profile="FCOLLADA"/>
          </extra>
        </technique>
      </profile_COMMON>
    </effect>
  </library_effects>
  <library_visual_scenes>
    <visual_scene id="VisualSceneNode" name="I_STA_M_14">
      <node id="pointLight1" name="pointLight1" type="NODE">
        <matrix sid="transform">1 0 0 -0.637677 0 1 0 1.94601 0 0 1 1.31159 0 0 0 1</matrix>
      </node>
      <node id="GEOM" name="GEOM" type="NODE">
        <matrix sid="transform">1 0 0 0 0 1 0 0 0 0 1 0 0 0 0 1</matrix>
        <node id="male01_torso_tshirt_lod1" name="male01_torso_tshirt_lod1" type="NODE">
          <matrix sid="transform">1 0 0 0 0 1 0 0 0 0 1 0 0 0 0 1</matrix>
        </node>
        <node id="male01_feet_shoesgeneric_lod1" name="male01_feet_shoesgeneric_lod1" type="NODE">
          <matrix sid="transform">1 0 0 0 0 1 0 0 0 0 1 0 0 0 0 1</matrix>
        </node>
        <node id="male01_legs_jeans_regular_lod1" name="male01_legs_jeans_regular_lod1" type="NODE">
          <matrix sid="transform">1 0 0 0 0 1 0 0 0 0 1 0 0 0 0 1</matrix>
        </node>
        <node id="BASE_HEAD" name="BASE_HEAD" type="NODE">
          <matrix sid="transform">1 0 0 0 0 1 0 0 0 0 1 0 0 0 0 1</matrix>
        </node>
        <node id="male01_hands_lod1" name="male01_hands_lod1" type="NODE">
          <matrix sid="transform">1 0 0 0 0 1 0 0 0 0 1 0 0 0 0 1</matrix>
        </node>
      </node>
      <node id="ambientLight1" name="ambientLight1" type="NODE">
        <matrix sid="transform">1 0 0 0.511583 0 1 0 2.19624 0 0 1 1.15508 0 0 0 1</matrix>
      </node>
      <node id="PelvisRoot" name="PelvisRoot" type="JOINT">
        <matrix sid="transform">1 0 0 0 0 1 0 0 0 0 1 0 0 0 0 1</matrix>
        <node id="Pelvis" name="Pelvis" type="JOINT">
          <matrix sid="transform">1 -0.000125 -0.000607 0.000000 0.000102 0.999294 -0.037571 1.00104 0.000611 0.037571 0.999294 -0.00027 0 0 0 1</matrix>
          <node id="Hips" name="Hips" type="JOINT">
            <matrix sid="transform">1 0 0 0 0 1 0 0 0 0 1 0 0 0 0 1</matrix>
            <node id="LeftUpLeg_Helper1" name="LeftUpLeg_Helper1" type="JOINT">
              <matrix sid="transform">-0.998538 0.054029 0.001299 0.087164 -0.054008 -0.998459 0.012791 -0.000001 0.001988 0.012703 0.999917 0 0 0 0 1</matrix>
            </node>
            <node id="RightUpLeg_Helper1" name="RightUpLeg_Helper1" type="JOINT">
              <matrix sid="transform">-0.998511 0.054532 0.001338 -0.087164 0.054508 0.998418 -0.01377 0 -0.002087 -0.013677 -0.999904 0 0 0 0 1</matrix>
            </node>
            <node id="LeftUpLeg_Helper2" name="LeftUpLeg_Helper2" type="JOINT">
              <matrix sid="transform">-0.998518 0.054029 0.006496 0.087164 -0.053941 -0.998459 0.013072 -0.000001 0.007192 0.012703 0.999893 0 0 0 0 1</matrix>
            </node>
            <node id="RightUpLeg_Helper2" name="RightUpLeg_Helper2" type="JOINT">
              <matrix sid="transform">-0.99849 0.054532 0.006693 -0.087164 0.054433 0.998418 -0.014062 0 -0.007449 -0.013677 -0.999879 0 0 0 0 1</matrix>
            </node>
            <node id="LeftUpLeg" name="LeftUpLeg" type="JOINT">
              <matrix sid="transform">-0.998455 0.054029 0.012992 0.087164 -0.053855 -0.998459 0.013423 -0.000001 0.013698 0.012703 0.999825 0 0 0 0 1</matrix>
              <node id="LeftLeg" name="LeftLeg" type="JOINT">
                <matrix sid="transform">1 0.000088 0.000019 0 -0.000089 0.993598 0.112976 0.513626 -0.000009 -0.112976 0.993598 0.00777 0 0 0 1</matrix>
                <node id="LeftFoot" name="LeftFoot" type="JOINT">
                  <matrix sid="transform">0.989542 -0.07168 -0.125177 0 -0.070029 0.519942 -0.851326 0.396099 0.126108 0.851189 0.509485 0 0 0 0 1</matrix>
                  <node id="LeftToes" name="LeftToes" type="JOINT">
                    <matrix sid="transform">1 0 -0.000115 0 -0.000072 0.779169 -0.626814 0.153519 0.000089 0.626814 0.779169 0 0 0 0 1</matrix>
                    <node id="LeftToesNull" name="LeftToesNull" type="JOINT">
                      <matrix sid="transform">1 0 0 0 0 1 0 0.093148 0 0 1 0 0 0 0 1</matrix>
                    </node>
                  </node>
                </node>
              </node>
            </node>
            <node id="RightUpLeg" name="RightUpLeg" type="JOINT">
              <matrix sid="transform">-0.998422 0.054532 0.013386 -0.087164 0.054338 0.998418 -0.014427 0 -0.014152 -0.013677 -0.999806 0 0 0 0 1</matrix>
              <node id="RightLeg" name="RightLeg" type="JOINT">
                <matrix sid="transform">1 0.000058 0.000316 0 -0.000084 0.996508 0.083495 -0.513628 -0.00031 -0.083495 0.996508 -0.00777 0 0 0 1</matrix>
                <node id="RightFoot" name="RightFoot" type="JOINT">
                  <matrix sid="transform">0.989744 -0.070412 -0.124291 0 -0.066104 0.545558 -0.835462 -0.395911 0.126635 0.83511 0.535308 0.012201 0 0 0 1</matrix>
                  <node id="RightToes" name="RightToes" type="JOINT">
                    <matrix sid="transform">1 0 -0.000028 0 -0.000018 0.779182 -0.626798 -0.153519 0.000022 0.626798 0.779182 0 0 0 0 1</matrix>
                    <node id="RightToesNull" name="RightToesNull" type="JOINT">
                      <matrix sid="transform">1 0 0 0 0 1 0 -0.093148 0 0 1 0 0 0 0 1</matrix>
                    </node>
                  </node>
                </node>
              </node>
            </node>
          </node>
          <node id="Spine" name="Spine" type="JOINT">
            <matrix sid="transform">1 0.00003 -0.000064 0 -0.000027 0.99865 0.051952 0.070051 0.000066 -0.051952 0.99865 -0.000217 0 0 0 1</matrix>
            <node id="Spine1" name="Spine1" type="JOINT">
              <matrix sid="transform">1 0.00003 -0.000064 0 -0.000029 0.999872 0.015977 0.077503 0.000065 -0.015977 0.999872 0 0 0 0 1</matrix>
              <node id="Spine2" name="Spine2" type="JOINT">
                <matrix sid="transform">1 0.000044 -0.000064 0 -0.000043 0.999877 0.015654 0.073924 0.000065 -0.015654 0.999877 0 0 0 0 1</matrix>
                <node id="Spine3" name="Spine3" type="JOINT">
                  <matrix sid="transform">1 0.000011 -0.000065 0 -0.000009 0.999578 0.029035 0.111876 0.000065 -0.029035 0.999578 0 0 0 0 1</matrix>
                  <node id="Neck" name="Neck" type="JOINT">
                    <matrix sid="transform">1 0.000011 0.000147 0 0.000029 0.962338 -0.271857 0.248046 -0.000145 0.271857 0.962338 0 0 0 0 1</matrix>
                    <node id="Neck1" name="Neck1" type="JOINT">
                      <matrix sid="transform">1 0.000012 0.000024 0 -0.000011 0.998325 -0.057852 0.04828 -0.000025 0.057852 0.998325 0 0 0 0 1</matrix>
                      <node id="Head" name="Head" type="JOINT">
                        <matrix sid="transform">1 0.000014 0.000024 0 -0.00002 0.965283 0.261205 0.053577 -0.000019 -0.261205 0.965283 0 0 0 0 1</matrix>
                        <node id="HeadNull" name="HeadNull" type="JOINT">
                          <matrix sid="transform">1 0 0 0 0 1 0 0.180848 0 0 1 0 0 0 0 1</matrix>
                        </node>
                      </node>
                    </node>
                  </node>
                  <node id="LeftShoulder" name="LeftShoulder" type="JOINT">
                    <matrix sid="transform">-0.480008 0.876435 0.038124 0.017011 0.046629 0.068887 -0.996534 0.181867 -0.876024 -0.476566 -0.073934 0.084759 0 0 0 1</matrix>
                    <node id="LeftArm" name="LeftArm" type="JOINT">
                      <matrix sid="transform">0.731415 -0.005812 0.681908 0 0.677014 0.126073 -0.725092 0.188543 -0.081755 0.992004 0.096146 0 0 0 0 1</matrix>
                      <node id="LeftForeArm" name="LeftForeArm" type="JOINT">
                        <matrix sid="transform">0.934273 -0.356558 0.000048 0.000011 0.356558 0.934272 -0.001641 0.3215 0.00054 0.00155 0.999999 0 0 0 0 1</matrix>
                        <node id="LeftHand" name="LeftHand" type="JOINT">
                          <matrix sid="transform">0.948404 0.057034 0.311894 0.000011 -0.012987 0.989851 -0.141517 0.244116 -0.316799 0.130164 0.939519 0 0 0 0 1</matrix>
                          <node id="LeftIndex1" name="LeftIndex1" type="JOINT">
                            <matrix sid="transform">0.98679 0.158414 -0.033916 -0.027238 -0.159699 0.916009 -0.368 0.104 -0.027228 0.368555 0.929207 -0.012047 0 0 0 1</matrix>
                            <node id="LeftIndex2" name="LeftIndex2" type="JOINT">
                              <matrix sid="transform">0.999999 -0.001361 0.000723 0 0.001523 0.944944 -0.327229 0.037252 -0.000237 0.327229 0.944945 0 0 0 0 1</matrix>
                              <node id="LeftIndex3" name="LeftIndex3" type="JOINT">
                                <matrix sid="transform">0.999999 -0.001353 0.00072 0 0.001481 0.9744 -0.224817 0.025094 -0.000397 0.224817 0.974401 0 0 0 0 1</matrix>
                                <node id="LeftIndexNull" name="LeftIndexNull" type="JOINT">
                                  <matrix sid="transform">1 0 0 0 0 1 0 0.025118 0 0 1 0 0 0 0 1</matrix>
                                </node>
                              </node>
                            </node>
                          </node>
                          <node id="LeftMiddle1" name="LeftMiddle1" type="JOINT">
                            <matrix sid="transform">0.999143 0.041063 -0.005121 -0.001251 -0.039971 0.925649 -0.376266 0.107976 -0.01071 0.376148 0.926498 -0.013471 0 0 0 1</matrix>
                            <node id="LeftMiddle2" name="LeftMiddle2" type="JOINT">
                              <matrix sid="transform">0.999999 -0.00127 0.001029 0 0.001588 0.904214 -0.427076 0.039923 -0.000388 0.427077 0.904215 0 0 0 0 1</matrix>
                              <node id="LeftMiddle3" name="LeftMiddle3" type="JOINT">
                                <matrix sid="transform">0.999999 -0.00102 0.000883 0 0.001286 0.918466 -0.395498 0.027331 -0.000407 0.395498 0.918467 0 0 0 0 1</matrix>
                                <node id="LeftMiddleNull" name="LeftMiddleNull" type="JOINT">
                                  <matrix sid="transform">1 0 0 0 0 1 0 0.026102 0 0 1 0 0 0 0 1</matrix>
                                </node>
                              </node>
                            </node>
                          </node>
                          <node id="LeftRing1" name="LeftRing1" type="JOINT">
                            <matrix sid="transform">0.996226 -0.076279 -0.041408 0.021135 0.04781 0.880471 -0.471683 0.102233 0.072438 0.467923 0.880795 -0.010783 0 0 0 1</matrix>
                            <node id="LeftRing2" name="LeftRing2" type="JOINT">
                              <matrix sid="transform">0.999999 -0.001077 0.001083 0 0.001484 0.852989 -0.521927 0.039098 -0.000362 0.521928 0.85299 0 0 0 0 1</matrix>
                              <node id="LeftRing3" name="LeftRing3" type="JOINT">
                                <matrix sid="transform">0.999999 -0.00108 0.001086 0 0.001471 0.87451 -0.485006 0.027324 -0.000425 0.485007 0.87451 0 0 0 0 1</matrix>
                                <node id="LeftRingNull" name="LeftRingNull" type="JOINT">
                                  <matrix sid="transform">1 0 0 0 0 1 0 0.024717 0 0 1 0 0 0 0 1</matrix>
                                </node>
                              </node>
                            </node>
                          </node>
                          <node id="LeftPinky1" name="LeftPinky1" type="JOINT">
                            <matrix sid="transform">0.989961 -0.125912 -0.064209 0.041258 0.076197 0.858069 -0.507849 0.096203 0.119041 0.497859 0.859049 -0.00331 0 0 0 1</matrix>
                            <node id="LeftPinky2" name="LeftPinky2" type="JOINT">
                              <matrix sid="transform">0.999686 -0.024872 -0.003088 0 0.017173 0.76951 -0.638404 0.032185 0.018254 0.638151 0.769695 0 0 0 0 1</matrix>
                              <node id="LeftPinky3" name="LeftPinky3" type="JOINT">
                                <matrix sid="transform">0.999685 -0.024918 -0.003048 0 0.020672 0.886024 -0.463179 0.016345 0.014242 0.46297 0.88626 0 0 0 0 1</matrix>
                                <node id="LeftPinkyNull" name="LeftPinkyNull" type="JOINT">
                                  <matrix sid="transform">1 0 0 0 0 1 0 0.019694 0 0 1 0 0 0 0 1</matrix>
                                </node>
                              </node>
                            </node>
                          </node>
                          <node id="LeftThumb1" name="LeftThumb1" type="JOINT">
                            <matrix sid="transform">-0.910493 0.385704 0.149112 -0.038235 0.362049 0.917756 -0.163228 0.02164 -0.199806 -0.094632 -0.975255 0.002124 0 0 0 1</matrix>
                            <node id="LeftThumb2" name="LeftThumb2" type="JOINT">
                              <matrix sid="transform">0.235193 0.247901 -0.939803 0.025687 0.419652 0.846254 0.328246 0.021903 0.876685 -0.471591 0.095 -0.017375 0 0 0 1</matrix>
                              <node id="LeftThumb3" name="LeftThumb3" type="JOINT">
                                <matrix sid="transform">0.999931 0.010364 0.005484 0 -0.008963 0.977127 -0.212468 0.034681 -0.00756 0.212404 0.977153 0 0 0 0 1</matrix>
                                <node id="LeftThumbNull" name="LeftThumbNull" type="JOINT">
                                  <matrix sid="transform">1 0 0 0 0 1 0 0.027381 0 0 1 0 0 0 0 1</matrix>
                                </node>
                              </node>
                            </node>
                          </node>
                        </node>
                        <node id="LeftForeArm_Helper1" name="LeftForeArm_Helper1" type="JOINT">
                          <matrix sid="transform">0.987037 0 0.160494 0 0 1 0 0.078445 -0.160494 0 0.987037 0 0 0 0 1</matrix>
                          <node id="LeftForeArm_Helper2" name="LeftForeArm_Helper2" type="JOINT">
                            <matrix sid="transform">0.987037 0 0.160494 0 0 1 0 0.153671 -0.160494 0 0.987037 0 0 0 0 1</matrix>
                          </node>
                        </node>
                      </node>
                    </node>
                    <node id="LeftArm_Helper2" name="LeftArm_Helper2" type="JOINT">
                      <matrix sid="transform">0.731415 -0.005812 0.681908 0 0.677014 0.126073 -0.725092 0.188543 -0.081755 0.992004 0.096146 0 0 0 0 1</matrix>
                    </node>
                    <node id="LeftArm_Helper1" name="LeftArm_Helper1" type="JOINT">
                      <matrix sid="transform">0.731415 -0.005812 0.681908 0 0.677014 0.126073 -0.725092 0.188543 -0.081755 0.992004 0.096146 0 0 0 0 1</matrix>
                    </node>
                  </node>
                  <node id="RightShoulder" name="RightShoulder" type="JOINT">
                    <matrix sid="transform">-0.479973 0.876451 0.038209 -0.017011 -0.0466 -0.068964 0.99653 0.181869 0.876045 0.476527 0.073943 0.084759 0 0 0 1</matrix>
                    <node id="RightArm" name="RightArm" type="JOINT">
                      <matrix sid="transform">0.732252 -0.006075 0.681007 0 0.676145 0.12609 -0.725899 -0.188543 -0.081457 0.992 0.096437 -0.000002 0 0 0 1</matrix>
                      <node id="RightForeArm" name="RightForeArm" type="JOINT">
                        <matrix sid="transform">0.934672 -0.355512 0 -0.000011 0.355512 0.934671 -0.001515 -0.321501 0.000538 0.001416 0.999999 0.000000 0 0 0 1</matrix>
                        <node id="RightHand" name="RightHand" type="JOINT">
                          <matrix sid="transform">0.948855 0.057571 0.310418 -0.000011 -0.013592 0.989771 -0.142019 -0.244116 -0.315419 0.130537 0.939932 0.000000 0 0 0 1</matrix>
                          <node id="RightIndex1" name="RightIndex1" type="JOINT">
                            <matrix sid="transform">0.986789 0.158419 -0.033919 0.027237 -0.159706 0.91601 -0.367994 -0.104 -0.027227 0.368549 0.929209 0.012048 0 0 0 1</matrix>
                            <node id="RightIndex2" name="RightIndex2" type="JOINT">
                              <matrix sid="transform">0.999999 -0.001361 0.000723 0 0.001523 0.944944 -0.327229 -0.037252 -0.000237 0.327229 0.944945 -0.000003 0 0 0 1</matrix>
                              <node id="RightIndex3" name="RightIndex3" type="JOINT">
                                <matrix sid="transform">0.999999 -0.001352 0.000719 0 0.001479 0.9744 -0.224817 -0.025094 -0.000397 0.224817 0.974401 -0.000002 0 0 0 1</matrix>
                                <node id="RightIndexNull" name="RightIndexNull" type="JOINT">
                                  <matrix sid="transform">1 0 0 0 0 1 -0.000001 -0.025118 0 0.000001 1 0 0 0 0 1</matrix>
                                </node>
                              </node>
                            </node>
                          </node>
                          <node id="RightMiddle1" name="RightMiddle1" type="JOINT">
                            <matrix sid="transform">0.999143 0.041068 -0.005123 0.00125 -0.039977 0.925651 -0.37626 -0.107975 -0.01071 0.376142 0.9265 0.013471 0 0 0 1</matrix>
                            <node id="RightMiddle2" name="RightMiddle2" type="JOINT">
                              <matrix sid="transform">0.999999 -0.00127 0.001029 0 0.001588 0.904214 -0.427076 -0.039923 -0.000388 0.427077 0.904215 0.000005 0 0 0 1</matrix>
                              <node id="RightMiddle3" name="RightMiddle3" type="JOINT">
                                <matrix sid="transform">0.999999 -0.00102 0.000883 0 0.001286 0.918466 -0.395498 -0.027332 -0.000407 0.395498 0.918467 -0.000005 0 0 0 1</matrix>
                                <node id="RightMiddleNull" name="RightMiddleNull" type="JOINT">
                                  <matrix sid="transform">1 0 0 0 0 1 0 -0.026101 0 0 1 0.000003 0 0 0 1</matrix>
                                </node>
                              </node>
                            </node>
                          </node>
                          <node id="RightRing1" name="RightRing1" type="JOINT">
                            <matrix sid="transform">0.996227 -0.076273 -0.041411 -0.021136 0.047804 0.880475 -0.471677 -0.102233 0.072437 0.467918 0.880798 0.010788 0 0 0 1</matrix>
                            <node id="RightRing2" name="RightRing2" type="JOINT">
                              <matrix sid="transform">0.999999 -0.00108 0.001085 -0.000000 0.001488 0.852989 -0.521927 -0.039099 -0.000362 0.521928 0.85299 -0.000001 0 0 0 1</matrix>
                              <node id="RightRing3" name="RightRing3" type="JOINT">
                                <matrix sid="transform">0.999999 -0.00108 0.001086 -0.000000 0.001471 0.874508 -0.485009 -0.027324 -0.000425 0.48501 0.874508 -0.000005 0 0 0 1</matrix>
                                <node id="RightRingNull" name="RightRingNull" type="JOINT">
                                  <matrix sid="transform">1 0 0 -0.000000 0 1 -0.000005 -0.024717 0 0.000005 1 -0.000002 0 0 0 1</matrix>
                                </node>
                              </node>
                            </node>
                          </node>
                          <node id="RightPinky1" name="RightPinky1" type="JOINT">
                            <matrix sid="transform">0.989962 -0.125907 -0.064212 -0.041259 0.076192 0.858073 -0.507844 -0.096202 0.11904 0.497853 0.859053 0.003314 0 0 0 1</matrix>
                            <node id="RightPinky2" name="RightPinky2" type="JOINT">
                              <matrix sid="transform">0.999686 -0.024872 -0.003088 -0.000000 0.017173 0.76951 -0.638404 -0.032185 0.018254 0.638151 0.769695 -0.000003 0 0 0 1</matrix>
                              <node id="RightPinky3" name="RightPinky3" type="JOINT">
                                <matrix sid="transform">0.999685 -0.024918 -0.003048 0.000000 0.020672 0.886024 -0.463179 -0.016344 0.014242 0.46297 0.88626 0.000002 0 0 0 1</matrix>
                                <node id="RightPinkyNull" name="RightPinkyNull" type="JOINT">
                                  <matrix sid="transform">1 0 0 -0.000000 0 1 0 -0.019694 0 0 1 -0.000006 0 0 0 1</matrix>
                                </node>
                              </node>
                            </node>
                          </node>
                          <node id="RightThumb1" name="RightThumb1" type="JOINT">
                            <matrix sid="transform">-0.910491 0.38571 0.149111 0.038235 0.362054 0.917753 -0.163235 -0.02164 -0.199808 -0.094638 -0.975254 -0.002127 0 0 0 1</matrix>
                            <node id="RightThumb2" name="RightThumb2" type="JOINT">
                              <matrix sid="transform">0.235193 0.247901 -0.939803 -0.025687 0.419652 0.846254 0.328246 -0.021903 0.876685 -0.471591 0.095 0.017372 0 0 0 1</matrix>
                              <node id="RightThumb3" name="RightThumb3" type="JOINT">
                                <matrix sid="transform">0.999931 0.010364 0.005484 0.000002 -0.008963 0.977127 -0.212468 -0.034682 -0.00756 0.212404 0.977153 0.000000 0 0 0 1</matrix>
                                <node id="RightThumbNull" name="RightThumbNull" type="JOINT">
                                  <matrix sid="transform">1 0 0 -0.000001 0 1 0 -0.027381 0 0 1 0 0 0 0 1</matrix>
                                </node>
                              </node>
                            </node>
                          </node>
                        </node>
                        <node id="RightForeArm_Helper1" name="RightForeArm_Helper1" type="JOINT">
                          <matrix sid="transform">0.987153 0 0.159776 -0.000000 0.000001 1 -0.000006 -0.078445 -0.159776 0.000006 0.987153 0.000003 0 0 0 1</matrix>
                          <node id="RightForeArm_Helper2" name="RightForeArm_Helper2" type="JOINT">
                            <matrix sid="transform">0.987153 0 0.159776 -0.000000 0.000001 1 -0.000008 -0.15367 -0.159776 0.000008 0.987153 -0.000000 0 0 0 1</matrix>
                          </node>
                        </node>
                      </node>
                    </node>
                    <node id="RightArm_Helper2" name="RightArm_Helper2" type="JOINT">
                      <matrix sid="transform">0.732252 -0.006075 0.681007 0 0.676145 0.12609 -0.725899 -0.188543 -0.081457 0.992 0.096437 -0.000002 0 0 0 1</matrix>
                    </node>
                    <node id="RightArm_Helper1" name="RightArm_Helper1" type="JOINT">
                      <matrix sid="transform">0.732252 -0.006075 0.681007 0 0.676145 0.12609 -0.725899 -0.188543 -0.081457 0.992 0.096437 -0.000002 0 0 0 1</matrix>
                    </node>
                  </node>
                </node>
              </node>
            </node>
          </node>
        </node>
        <extra>
          <technique profile="MAYA">
            <dynamic_attributes>
              <homeSex short_name="homeSex" type="string">man</homeSex>
            </dynamic_attributes>
          </technique>
        </extra>
      </node>
      <extra>
        <technique profile="MAYA">
          <layer name="tshirt_lod1">male01_torso_tshirt_lod1</layer>
          <layer name="shoes_lod1">male01_feet_shoesgeneric_lod1</layer>
          <layer name="trousers_lod1">male01_legs_jeans_regular_lod1</layer>
          <layer name="hands_lod1">male01_hands_lod1</layer>
          <layer name="skeleton">PelvisRoot Pelvis Hips LeftUpLeg_Helper1 RightUpLeg_Helper1 LeftUpLeg_Helper2 RightUpLeg_Helper2 LeftUpLeg LeftLeg LeftFoot LeftToes LeftToesNull RightUpLeg RightLeg RightFoot RightToes RightToesNull Spine Spine1 Spine2 Spine3 Neck Neck1 Head HeadNull LeftShoulder LeftArm LeftForeArm LeftHand LeftIndex1 LeftIndex2 LeftIndex3 LeftIndexNull LeftMiddle1 LeftMiddle2 LeftMiddle3 LeftMiddleNull LeftRing1 LeftRing2 LeftRing3 LeftRingNull LeftPinky1 LeftPinky2 LeftPinky3 LeftPinkyNull LeftThumb1 LeftThumb2 LeftThumb3 LeftThumbNull LeftForeArm_Helper1 LeftForeArm_Helper2 LeftArm_Helper2 LeftArm_Helper1 RightShoulder RightArm RightForeArm RightHand RightIndex1 RightIndex2 RightIndex3 RightIndexNull RightMiddle1 RightMiddle2 RightMiddle3 RightMiddleNull RightRing1 RightRing2 RightRing3 RightRingNull RightPinky1 RightPinky2 RightPinky3 RightPinkyNull RightThumb1 RightThumb2 RightThumb3 RightThumbNull RightForeArm_Helper1 RightForeArm_Helper2 RightArm_Helper2 RightArm_Helper1</layer>
        </technique>
        <technique profile="FCOLLADA">
          <start_time>0</start_time>
          <end_time>3.5</end_time>
        </technique>
      </extra>
    </visual_scene>
  </library_visual_scenes>
  <scene>
    <instance_visual_scene url="#VisualSceneNode"/>
  </scene>
</COLLADA>
