<?xml version="1.0" encoding="utf-8"?>
<COLLADA xmlns="http://www.collada.org/2005/11/COLLADASchema" version="1.4.1">
  <asset>
    <contributor>
      <author>Nicolas_Serres</author>
      <authoring_tool>Maya 8.5P01 | ColladaMaya v3.02 | FCollada v3.2</authoring_tool>
      <comments>Collada Maya Export Options: bakeTransforms=1;exportPolygonMeshes=0;bakeLighting=0;isSampling=1;
curveConstrainSampling=0;exportCameraAsLookat=0;
exportLights=0;exportCameras=0;exportJointsAndSkin=1;
exportAnimations=1;exportTriangles=0;exportInvisibleNodes=0;
exportNormals=0;exportTexCoords=0;exportVertexColors=0;exportTangents=0;
exportTexTangents=0;exportConstraints=0;exportPhysics=0;exportXRefs=1;
dereferenceXRefs=0;cameraXFov=0;cameraYFov=1</comments>
      <source_data>file:///C:/Documents%20and%20Settings/nicolas_serres/Desktop/EDGE_ASSETS/ANIMATION/MALE/I_STA_M_15.mb</source_data>
    </contributor>
    <created>2007-05-10T19:25:13Z</created>
    <modified>2007-05-10T19:25:14Z</modified>
    <unit meter="1" name="meter"/>
    <up_axis>Y_UP</up_axis>
  </asset>
  <library_animations>
    <animation id="Pelvis_matrix">
      <source id="Pelvis_matrix_Pelvis_transform-input">
        <float_array id="Pelvis_matrix_Pelvis_transform-input-array" count="106">0 0.033333 0.066666 0.1 0.133333 0.166667 0.2 0.233333 0.266667 0.3 0.333333 0.366667 0.4 0.433333 0.466667 0.5 0.533333 0.566667 0.6 0.633333 0.666667 0.7 0.733333 0.766667 0.8 0.833333 0.866667 0.9 0.933333 0.966667 1 1.03333 1.06667 1.1 1.13333 1.16667 1.2 1.23333 1.26667 1.3 1.33333 1.36667 1.4 1.43333 1.46667 1.5 1.53333 1.56667 1.6 1.63333 1.66667 1.7 1.73333 1.76667 1.8 1.83333 1.86667 1.9 1.93333 1.96667 2 2.03333 2.06667 2.1 2.13333 2.16667 2.2 2.23333 2.26667 2.3 2.33333 2.36667 2.4 2.43333 2.46667 2.5 2.53333 2.56667 2.6 2.63333 2.66667 2.7 2.73333 2.76667 2.8 2.83333 2.86667 2.9 2.93333 2.96667 3 3.03333 3.06667 3.1 3.13333 3.16667 3.2 3.23333 3.26667 3.3 3.33333 3.36667 3.4 3.43333 3.46667 3.5</float_array>
        <technique_common>
          <accessor source="#Pelvis_matrix_Pelvis_transform-input-array" count="106" stride="1">
            <param name="TIME" type="float"/>
          </accessor>
        </technique_common>
        <technique profile="MAYA">
          <pre_infinity>CONSTANT</pre_infinity>
          <post_infinity>CONSTANT</post_infinity>
        </technique>
      </source>
      <source id="Pelvis_matrix_Pelvis_transform-output">
        <float_array id="Pelvis_matrix_Pelvis_transform-output-array" count="1696">1 0.000002 0.000063 0 0 0.999266 -0.038295 1.001 -0.000063 0.038295 0.999266 0 0 0 0 1 1 0.000087 0.00006 0.00001 -0.000085 0.999287 -0.037751 1.00094 -0.000063 0.037751 0.999287 0.000026 0 0 0 1 1 0.000196 0.000056 0.000031 -0.000194 0.999313 -0.037056 1.00087 -0.000063 0.037056 0.999313 0.000062 0 0 0 1 1 0.000311 0.000134 0.000062 -0.000306 0.99934 -0.036337 1.00079 -0.000145 0.036337 0.99934 0.000099 0 0 0 1 1 0.00043 0.000213 0.000101 -0.000422 0.999366 -0.035612 1.00071 -0.000228 0.035612 0.999366 0.000131 0 0 0 1 1 0.000551 0.000295 0.000141 -0.000541 0.999391 -0.0349 1.00064 -0.000314 0.0349 0.999391 0.000155 0 0 0 1 1 0.000676 0.000379 0.000178 -0.000663 0.999414 -0.03423 1.00056 -0.000402 0.03423 0.999414 0.000172 0 0 0 1 1 0.000806 0.000465 0.000211 -0.000789 0.999435 -0.033608 1.00048 -0.000492 0.033607 0.999435 0.000184 0 0 0 1 0.999999 0.00092 0.000553 0.000245 -0.000901 0.999453 -0.033045 1.00041 -0.000584 0.033045 0.999454 0.000188 0 0 0 1 0.999999 0.000995 0.000645 0.00028 -0.000973 0.999469 -0.032561 1.00035 -0.000677 0.03256 0.99947 0.000184 0 0 0 1 0.999999 0.000997 0.00074 0.000316 -0.000972 0.999481 -0.032197 1.0003 -0.000772 0.032196 0.999481 0.000162 0 0 0 1 0.999999 0.000932 0.000841 0.000357 -0.000904 0.999487 -0.032007 1.00028 -0.00087 0.032006 0.999487 0.000112 0 0 0 1 0.999999 0.00083 0.00093 0.000397 -0.000799 0.999488 -0.031978 1.00027 -0.000956 0.031977 0.999488 0.000038 0 0 0 1 0.999999 0.000762 0.000976 0.000429 -0.00073 0.999489 -0.031969 1.00027 -0.000999 0.031968 0.999488 -0.000039 0 0 0 1 0.999999 0.000808 0.000973 0.000448 -0.000776 0.999494 -0.031794 1.00027 -0.000999 0.031793 0.999494 -0.000087 0 0 0 1 0.999999 0.000994 0.000878 0.000456 -0.000966 0.999507 -0.03138 1.00026 -0.000909 0.031379 0.999507 -0.000088 0 0 0 1 0.999999 0.001275 0.000717 0.00046 -0.001252 0.999524 -0.030828 1.00026 -0.000756 0.030828 0.999524 -0.00005 0 0 0 1 0.999999 0.001572 0.000572 0.000471 -0.001554 0.99954 -0.030303 1.00025 -0.000619 0.030302 0.999541 0.000007 0 0 0 1 0.999998 0.001845 0.000531 0.00049 -0.001829 0.999552 -0.02988 1.00024 -0.000586 0.029879 0.999553 0.000075 0 0 0 1 0.999998 0.002101 0.000538 0.000509 -0.002085 0.999562 -0.029535 1.00022 -0.0006 0.029534 0.999564 0.000156 0 0 0 1 0.999997 0.002343 0.000547 0.00052 -0.002326 0.999569 -0.029247 1.0002 -0.000616 0.029246 0.999572 0.000252 0 0 0 1 0.999997 0.002534 0.000515 0.000518 -0.002518 0.999574 -0.029082 1.00016 -0.000589 0.029081 0.999577 0.000351 0 0 0 1 0.999996 0.002639 0.000392 0.000503 -0.002627 0.999572 -0.029129 1.00013 -0.000469 0.029127 0.999576 0.000435 0 0 0 1 0.999996 0.00267 0.00012 0.000471 -0.002665 0.999564 -0.029391 1.00009 -0.000199 0.029391 0.999568 0.000495 0 0 0 1 0.999996 0.002668 -0.000311 0.000414 -0.002676 0.999552 -0.029796 1.00006 0.000231 0.029797 0.999556 0.000529 0 0 0 1 0.999996 0.002677 -0.000879 0.000326 -0.002702 0.999536 -0.03033 1.00004 0.000797 0.030332 0.99954 0.000537 0 0 0 1 0.999995 0.002728 -0.001549 0.000206 -0.002775 0.999512 -0.031122 1.00005 0.001463 0.031126 0.999514 0.000505 0 0 0 1 0.999993 0.002814 -0.002271 0.000067 -0.002886 0.999473 -0.032333 1.00006 0.002179 0.03234 0.999475 0.000418 0 0 0 1 0.999991 0.002904 -0.002977 -0.000081 -0.003003 0.999419 -0.033944 1.0001 0.002877 0.033953 0.999419 0.000276 0 0 0 1 0.999989 0.002986 -0.003593 -0.000234 -0.003112 0.999358 -0.035689 1.00012 0.003485 0.0357 0.999356 0.000106 0 0 0 1 0.999987 0.003047 -0.004073 -0.000385 -0.003196 0.999302 -0.037223 1.00015 0.003957 0.037236 0.999299 -0.000049 0 0 0 1 0.999986 0.003061 -0.004389 -0.000525 -0.003228 0.999259 -0.038343 1.00018 0.004269 0.038357 0.999255 -0.000162 0 0 0 1 0.999985 0.002995 -0.004507 -0.000643 -0.003168 0.999232 -0.039044 1.00023 0.004386 0.039058 0.999227 -0.000225 0 0 0 1 0.999986 0.002828 -0.004394 -0.000737 -0.002999 0.999218 -0.039423 1.0003 0.004279 0.039435 0.999213 -0.000249 0 0 0 1 0.999988 0.002579 -0.004076 -0.000808 -0.002738 0.999212 -0.039587 1.00039 0.003971 0.039598 0.999208 -0.00025 0 0 0 1 0.999991 0.002284 -0.003662 -0.000856 -0.002428 0.99921 -0.039654 1.00047 0.003568 0.039663 0.999207 -0.000245 0 0 0 1 0.999993 0.001964 -0.003307 -0.00088 -0.002094 0.999207 -0.039755 1.00054 0.003226 0.039762 0.999204 -0.00025 0 0 0 1 0.999994 0.001625 -0.003129 -0.000881 -0.001749 0.999199 -0.039976 1.0006 0.003062 0.039981 0.999196 -0.000273 0 0 0 1 0.999994 0.001299 -0.003156 -0.00086 -0.001425 0.999188 -0.040274 1.00067 0.003101 0.040278 0.999184 -0.000311 0 0 0 1 0.999994 0.001046 -0.003328 -0.000826 -0.00118 0.999179 -0.040493 1.00074 0.003283 0.040496 0.999174 -0.000342 0 0 0 1 0.999993 0.000897 -0.00355 -0.000784 -0.00104 0.99918 -0.040475 1.0008 0.003511 0.040478 0.999174 -0.000349 0 0 0 1 0.999993 0.000815 -0.003746 -0.000735 -0.000965 0.999192 -0.040175 1.00084 0.00371 0.040179 0.999186 -0.000326 0 0 0 1 0.999992 0.000721 -0.003877 -0.000673 -0.000875 0.999213 -0.039666 1.00086 0.003845 0.039669 0.999205 -0.000278 0 0 0 1 0.999992 0.000563 -0.003933 -0.000594 -0.000716 0.999236 -0.039067 1.00088 0.003908 0.03907 0.999229 -0.000224 0 0 0 1 0.999992 0.00034 -0.003916 -0.000502 -0.00049 0.999259 -0.03848 1.00089 0.0039 0.038482 0.999252 -0.000177 0 0 0 1 0.999993 0.000094 -0.00381 -0.000407 -0.000238 0.999279 -0.037972 1.00091 0.003804 0.037972 0.999272 -0.000153 0 0 0 1 0.999994 -0.000116 -0.003596 -0.000315 -0.000018 0.999293 -0.03759 1.00093 0.003598 0.03759 0.999287 -0.000161 0 0 0 1 0.999995 -0.000237 -0.003272 -0.000231 0.000115 0.999301 -0.037383 1.00095 0.003279 0.037382 0.999296 -0.000203 0 0 0 1 0.999996 -0.00026 -0.002875 -0.000157 0.000152 0.999301 -0.037374 1.00097 0.002882 0.037373 0.999297 -0.000274 0 0 0 1 0.999997 -0.000211 -0.002449 -0.000097 0.000119 0.999296 -0.037525 1.00099 0.002455 0.037525 0.999293 -0.000359 0 0 0 1 0.999998 -0.000136 -0.002019 -0.000053 0.00006 0.999288 -0.037736 1.00102 0.002023 0.037736 0.999286 -0.000435 0 0 0 1 0.999999 -0.000053 -0.001583 -0.000025 -0.000007 0.999281 -0.037904 1.00105 0.001584 0.037904 0.99928 -0.000476 0 0 0 1 0.999999 0.00002 -0.001144 -0.000011 -0.000064 0.999278 -0.037986 1.00106 0.001142 0.037986 0.999278 -0.000463 0 0 0 1 1 0.000074 -0.000725 -0.000007 -0.000102 0.999277 -0.038014 1.00106 0.000721 0.038014 0.999277 -0.000384 0 0 0 1 1 0.000086 -0.000373 -0.000007 -0.0001 0.999275 -0.038079 1.00104 0.000369 0.03808 0.999275 -0.000238 0 0 0 1 1 0.000001 -0.000131 0.000002 -0.000006 0.999266 -0.038296 1.00101 0.000131 0.038296 0.999266 -0.000036 0 0 0 1 1 -0.000225 -0.000007 0.000032 0.000225 0.999249 -0.038737 1.00098 0.000016 0.038737 0.999249 0.000209 0 0 0 1 1 -0.000587 0.000036 0.000082 0.000588 0.999225 -0.039363 1.00095 -0.000013 0.039363 0.999225 0.000496 0 0 0 1 0.999999 -0.001008 0.000077 0.000141 0.00101 0.999198 -0.040034 1.00092 -0.000037 0.040034 0.999198 0.000827 0 0 0 1 0.999999 -0.00138 0.00018 0.000196 0.001386 0.999174 -0.040621 1.00089 -0.000124 0.040621 0.999175 0.001203 0 0 0 1 0.999999 -0.001646 0.000335 0.000241 0.001659 0.999154 -0.041089 1.00085 -0.000267 0.04109 0.999155 0.001617 0 0 0 1 0.999998 -0.001822 0.000432 0.000274 0.001838 0.999137 -0.041495 1.00081 -0.000356 0.041496 0.999139 0.002052 0 0 0 1 0.999998 -0.001957 0.000347 0.000294 0.001969 0.99912 -0.041896 1.00078 -0.000265 0.041897 0.999122 0.00249 0 0 0 1 0.999998 -0.00209 0.000038 0.000301 0.00209 0.999102 -0.042309 1.00074 0.00005 0.042309 0.999105 0.002914 0 0 0 1 0.999997 -0.002233 -0.00041 0.000296 0.002214 0.999086 -0.042694 1.00071 0.000505 0.042693 0.999088 0.003319 0 0 0 1 0.999997 -0.002379 -0.000842 0.000283 0.002341 0.999072 -0.043005 1.00067 0.000944 0.043002 0.999075 0.003699 0 0 0 1 0.999996 -0.002524 -0.001149 0.000267 0.002472 0.999062 -0.043225 1.00063 0.001257 0.043222 0.999065 0.004054 0 0 0 1 0.999996 -0.002673 -0.001321 0.000252 0.002613 0.999054 -0.043403 1.0006 0.001435 0.043399 0.999057 0.004374 0 0 0 1 0.999995 -0.002842 -0.001425 0.00024 0.002777 0.999044 -0.043631 1.00057 0.001547 0.043627 0.999047 0.004649 0 0 0 1 0.999994 -0.003049 -0.00152 0.00023 0.002979 0.999027 -0.043993 1.00055 0.001653 0.043988 0.999031 0.00487 0 0 0 1 0.999993 -0.003307 -0.001624 0.000218 0.003231 0.999003 -0.044532 1.00054 0.00177 0.044526 0.999007 0.005029 0 0 0 1 0.999992 -0.003612 -0.001707 0.000204 0.003531 0.99897 -0.045244 1.00055 0.001868 0.045238 0.998975 0.00513 0 0 0 1 0.999991 -0.003955 -0.001722 0.000188 0.003872 0.99893 -0.046094 1.00057 0.001902 0.046087 0.998936 0.005179 0 0 0 1 0.999989 -0.004334 -0.00171 0.000171 0.004249 0.998884 -0.047048 1.00059 0.001912 0.04704 0.998891 0.005184 0 0 0 1 0.999987 -0.004748 -0.001677 0.000148 0.004662 0.998831 -0.048107 1.00063 0.001903 0.048098 0.998841 0.005152 0 0 0 1 0.999985 -0.005188 -0.001626 0.000111 0.005102 0.998771 -0.049294 1.00067 0.00188 0.049285 0.998783 0.005088 0 0 0 1 0.999983 -0.005637 -0.001564 0.000056 0.00555 0.998703 -0.050608 1.00071 0.001847 0.050599 0.998717 0.005 0 0 0 1 0.99998 -0.006076 -0.001466 -0.000015 0.005991 0.99863 -0.051985 1.00075 0.001779 0.051975 0.998647 0.0049 0 0 0 1 0.999978 -0.00648 -0.001337 -0.000101 0.006399 0.998558 -0.053305 1.00078 0.001681 0.053295 0.998577 0.004807 0 0 0 1 0.999976 -0.006804 -0.001179 -0.000199 0.00673 0.998496 -0.0544 1.00079 0.001547 0.054391 0.998518 0.004741 0 0 0 1 0.999975 -0.006998 -0.000992 -0.000308 0.006933 0.998459 -0.05506 1.00075 0.001376 0.055052 0.998483 0.004729 0 0 0 1 0.999975 -0.007038 -0.000818 -0.000434 0.006983 0.998461 -0.055016 1.00066 0.001204 0.055009 0.998485 0.004801 0 0 0 1 0.999976 -0.006921 -0.00073 -0.00058 0.006871 0.998518 -0.053981 1.00051 0.001103 0.053975 0.998542 0.004987 0 0 0 1 0.999978 -0.00662 -0.000795 -0.000749 0.00657 0.998639 -0.051734 1.00028 0.001137 0.051728 0.998661 0.005309 0 0 0 1 0.999981 -0.006085 -0.000999 -0.00094 0.00603 0.998815 -0.048288 1.00001 0.001292 0.048281 0.998833 0.00576 0 0 0 1 0.999985 -0.005298 -0.001219 -0.001142 0.005239 0.99902 -0.043942 0.999736 0.001451 0.043935 0.999033 0.006302 0 0 0 1 0.99999 -0.004331 -0.001255 -0.001333 0.004279 0.999221 -0.039227 0.999519 0.001424 0.039222 0.999229 0.006867 0 0 0 1 0.999994 -0.003329 -0.000963 -0.001488 0.003293 0.999393 -0.034673 0.999383 0.001078 0.03467 0.999398 0.007383 0 0 0 1 0.999997 -0.002419 -0.000355 -0.001591 0.002406 0.999526 -0.030696 0.999315 0.000429 0.030695 0.999529 0.007784 0 0 0 1 0.999999 -0.001674 0.000375 -0.001639 0.001684 0.999619 -0.027563 0.999288 -0.000329 0.027564 0.99962 0.008013 0 0 0 1 0.999999 -0.001114 0.000976 -0.001641 0.001138 0.999676 -0.025418 0.999286 -0.000947 0.025419 0.999676 0.008034 0 0 0 1 0.999999 -0.000708 0.001286 -0.001609 0.000739 0.999706 -0.024249 0.99931 -0.001269 0.02425 0.999705 0.007833 0 0 0 1 0.999999 -0.000388 0.00132 -0.001561 0.000419 0.999714 -0.023903 0.999364 -0.00131 0.023903 0.999713 0.007428 0 0 0 1 0.999999 -0.000101 0.001185 -0.001508 0.000129 0.999707 -0.024202 0.999444 -0.001182 0.024202 0.999706 0.006852 0 0 0 1 1 0.000126 0.000956 -0.001446 -0.000102 0.999686 -0.025072 0.999543 -0.000959 0.025072 0.999685 0.006144 0 0 0 1 1 0.000215 0.000626 -0.001356 -0.000198 0.999649 -0.026488 0.999664 -0.000632 0.026488 0.999649 0.005342 0 0 0 1 1 0.000147 0.000192 -0.001228 -0.000142 0.999599 -0.028325 0.999811 -0.000196 0.028325 0.999599 0.004495 0 0 0 1 1 0.000033 -0.000268 -0.001071 -0.000041 0.99954 -0.030312 0.999984 0.000267 0.030312 0.99954 0.003658 0 0 0 1 1 0.000021 -0.000632 -0.000904 -0.000041 0.99948 -0.032233 1.00016 0.000631 0.032233 0.99948 0.002868 0 0 0 1 1 0.000014 -0.000799 -0.000744 -0.000041 0.999421 -0.03401 1.00033 0.000798 0.03401 0.999421 0.002145 0 0 0 1 1 0.000014 -0.000764 -0.000597 -0.000041 0.999363 -0.035678 1.00048 0.000763 0.035678 0.999363 0.001501 0 0 0 1 1 0.000019 -0.000595 -0.000463 -0.000041 0.999309 -0.037179 1.0006 0.000594 0.037179 0.999308 0.000957 0 0 0 1 1 0.000026 -0.000384 -0.000337 -0.000041 0.999264 -0.038352 1.00071 0.000383 0.038352 0.999264 0.000535 0 0 0 1 1 0.000034 -0.000188 -0.000213 -0.000041 0.999241 -0.038954 1.00081 0.000187 0.038954 0.999241 0.000235 0 0 0 1 1 0.000041 -0.000001 -0.000068 -0.000041 0.999242 -0.03894 1.00092 0.000000 0.03894 0.999242 0.000003 0 0 0 1 1 0.000041 -0.000001 0 -0.000041 0.999266 -0.038295 1.001 0 0.038295 0.999266 0 0 0 0 1</float_array>
        <technique_common>
          <accessor source="#Pelvis_matrix_Pelvis_transform-output-array" count="106" stride="16">
            <param name="TRANSFORM" type="float4x4"/>
          </accessor>
        </technique_common>
      </source>
      <source id="Pelvis_matrix_Pelvis_transform-interpolations">
        <Name_array id="Pelvis_matrix_Pelvis_transform-interpolations-array" count="106">LINEAR LINEAR LINEAR LINEAR LINEAR LINEAR LINEAR LINEAR LINEAR LINEAR LINEAR LINEAR LINEAR LINEAR LINEAR LINEAR LINEAR LINEAR LINEAR LINEAR LINEAR LINEAR LINEAR LINEAR LINEAR LINEAR LINEAR LINEAR LINEAR LINEAR LINEAR LINEAR LINEAR LINEAR LINEAR LINEAR LINEAR LINEAR LINEAR LINEAR LINEAR LINEAR LINEAR LINEAR LINEAR LINEAR LINEAR LINEAR LINEAR LINEAR LINEAR LINEAR LINEAR LINEAR LINEAR LINEAR LINEAR LINEAR LINEAR LINEAR LINEAR LINEAR LINEAR LINEAR LINEAR LINEAR LINEAR LINEAR LINEAR LINEAR LINEAR LINEAR LINEAR LINEAR LINEAR LINEAR LINEAR LINEAR LINEAR LINEAR LINEAR LINEAR LINEAR LINEAR LINEAR LINEAR LINEAR LINEAR LINEAR LINEAR LINEAR LINEAR LINEAR LINEAR LINEAR LINEAR LINEAR LINEAR LINEAR LINEAR LINEAR LINEAR LINEAR LINEAR LINEAR LINEAR</Name_array>
        <technique_common>
          <accessor source="#Pelvis_matrix_Pelvis_transform-interpolations-array" count="106" stride="1">
            <param name="INTERPOLATION" type="Name"/>
          </accessor>
        </technique_common>
      </source>
      <sampler id="Pelvis_matrix_Pelvis_transform-sampler">
        <input semantic="INPUT" source="#Pelvis_matrix_Pelvis_transform-input"/>
        <input semantic="OUTPUT" source="#Pelvis_matrix_Pelvis_transform-output"/>
        <input semantic="INTERPOLATION" source="#Pelvis_matrix_Pelvis_transform-interpolations"/>
      </sampler>
      <channel source="#Pelvis_matrix_Pelvis_transform-sampler" target="Pelvis/transform"/>
    </animation>
    <animation id="LeftUpLeg_Helper1_matrix">
      <source id="LeftUpLeg_Helper1_matrix_LeftUpLeg_Helper1_transform-input">
        <float_array id="LeftUpLeg_Helper1_matrix_LeftUpLeg_Helper1_transform-input-array" count="106">0 0.033333 0.066666 0.1 0.133333 0.166667 0.2 0.233333 0.266667 0.3 0.333333 0.366667 0.4 0.433333 0.466667 0.5 0.533333 0.566667 0.6 0.633333 0.666667 0.7 0.733333 0.766667 0.8 0.833333 0.866667 0.9 0.933333 0.966667 1 1.03333 1.06667 1.1 1.13333 1.16667 1.2 1.23333 1.26667 1.3 1.33333 1.36667 1.4 1.43333 1.46667 1.5 1.53333 1.56667 1.6 1.63333 1.66667 1.7 1.73333 1.76667 1.8 1.83333 1.86667 1.9 1.93333 1.96667 2 2.03333 2.06667 2.1 2.13333 2.16667 2.2 2.23333 2.26667 2.3 2.33333 2.36667 2.4 2.43333 2.46667 2.5 2.53333 2.56667 2.6 2.63333 2.66667 2.7 2.73333 2.76667 2.8 2.83333 2.86667 2.9 2.93333 2.96667 3 3.03333 3.06667 3.1 3.13333 3.16667 3.2 3.23333 3.26667 3.3 3.33333 3.36667 3.4 3.43333 3.46667 3.5</float_array>
        <technique_common>
          <accessor source="#LeftUpLeg_Helper1_matrix_LeftUpLeg_Helper1_transform-input-array" count="106" stride="1">
            <param name="TIME" type="float"/>
          </accessor>
        </technique_common>
        <technique profile="MAYA">
          <pre_infinity>CONSTANT</pre_infinity>
          <post_infinity>CONSTANT</post_infinity>
        </technique>
      </source>
      <source id="LeftUpLeg_Helper1_matrix_LeftUpLeg_Helper1_transform-output">
        <float_array id="LeftUpLeg_Helper1_matrix_LeftUpLeg_Helper1_transform-output-array" count="1696">-0.998526 0.054265 0.001278 0.087164 -0.054242 -0.998433 0.01378 -0.000001 0.002024 0.01369 0.999904 0 0 0 0 1 -0.998519 0.054384 0.001278 0.087164 -0.054361 -0.998421 0.01416 -0.000001 0.002046 0.01407 0.999899 0 0 0 0 1 -0.998511 0.054534 0.001278 0.087164 -0.05451 -0.998406 0.014636 -0.000001 0.002074 0.014544 0.999892 0 0 0 0 1 -0.998503 0.054687 0.001278 0.087164 -0.054662 -0.99839 0.015124 -0.000001 0.002103 0.015031 0.999885 0 0 0 0 1 -0.998494 0.054845 0.001278 0.087164 -0.054818 -0.998374 0.015636 -0.000001 0.002134 0.015543 0.999877 0 0 0 0 1 -0.998485 0.05501 0.001278 0.087164 -0.054982 -0.998356 0.016183 -0.000001 0.002166 0.016088 0.999868 0 0 0 0 1 -0.998476 0.05518 0.00127 0.087164 -0.055151 -0.998337 0.016757 -0.000001 0.002193 0.016662 0.999859 0 0 0 0 1 -0.998467 0.05534 0.001258 0.087164 -0.05531 -0.998318 0.01735 -0.000001 0.002216 0.017254 0.999849 0 0 0 0 1 -0.99846 0.055469 0.001245 0.087164 -0.055438 -0.998302 0.017905 -0.000001 0.002236 0.017809 0.999839 0 0 0 0 1 -0.998456 0.055531 0.001232 0.087164 -0.055499 -0.99829 0.018338 -0.000001 0.002248 0.018241 0.999831 0 0 0 0 1 -0.998457 0.055518 0.001219 0.087164 -0.055486 -0.998286 0.018588 -0.000001 0.002249 0.018492 0.999826 0 0 0 0 1 -0.998462 0.05542 0.001205 0.087164 -0.055387 -0.998289 0.018731 -0.000001 0.002241 0.018636 0.999824 0 0 0 0 1 -0.998471 0.055272 0.001185 0.087164 -0.05524 -0.998295 0.018869 -0.000001 0.002225 0.018774 0.999821 0 0 0 0 1 -0.998477 0.055158 0.001163 0.087164 -0.055126 -0.998298 0.01901 -0.000001 0.00221 0.018917 0.999819 0 0 0 0 1 -0.998476 0.055171 0.001153 0.087164 -0.055139 -0.998297 0.019039 -0.000001 0.002201 0.018946 0.999818 0 0 0 0 1 -0.998467 0.055334 0.001163 0.087164 -0.055302 -0.998292 0.018848 -0.000001 0.002204 0.018755 0.999822 0 0 0 0 1 -0.998452 0.055605 0.001189 0.087164 -0.055574 -0.998283 0.018518 -0.000001 0.002217 0.018423 0.999828 0 0 0 0 1 -0.998435 0.055914 0.001211 0.087164 -0.055883 -0.998271 0.018233 -0.000001 0.002228 0.018137 0.999833 0 0 0 0 1 -0.998418 0.056222 0.001209 0.087164 -0.056191 -0.998256 0.018112 -0.000001 0.002225 0.018015 0.999835 0 0 0 0 1 -0.998401 0.056514 0.001198 0.087164 -0.056483 -0.998239 0.018152 -0.000001 0.002222 0.018055 0.999835 0 0 0 0 1 -0.998386 0.056782 0.001193 0.087164 -0.056751 -0.998221 0.018304 -0.000001 0.00223 0.018207 0.999832 0 0 0 0 1 -0.998374 0.056997 0.001206 0.087164 -0.056965 -0.998204 0.018565 -0.000001 0.002262 0.018466 0.999827 0 0 0 0 1 -0.998366 0.057133 0.001235 0.087164 -0.057099 -0.998188 0.018962 -0.000001 0.002316 0.018861 0.999819 0 0 0 0 1 -0.998362 0.057199 0.001258 0.087164 -0.057163 -0.998175 0.019477 -0.000001 0.00237 0.019373 0.99981 0 0 0 0 1 -0.998359 0.057257 0.001258 0.087164 -0.057221 -0.99816 0.020041 -0.000001 0.002403 0.019936 0.999798 0 0 0 0 1 -0.998352 0.057367 0.001239 0.087164 -0.057329 -0.998142 0.020626 -0.000001 0.00242 0.020521 0.999786 0 0 0 0 1 -0.998343 0.057536 0.001226 0.087164 -0.057497 -0.998118 0.021323 -0.000001 0.002451 0.021217 0.999772 0 0 0 0 1 -0.998331 0.057735 0.00124 0.087164 -0.057693 -0.998085 0.022301 -0.000001 0.002526 0.022192 0.999751 0 0 0 0 1 -0.998319 0.057949 0.001277 0.087164 -0.057902 -0.998042 0.023648 -0.000001 0.002645 0.023534 0.99972 0 0 0 0 1 -0.998305 0.058175 0.001311 0.087164 -0.058124 -0.997991 0.025227 -0.000001 0.002776 0.025108 0.999681 0 0 0 0 1 -0.998293 0.058398 0.001319 0.087164 -0.058342 -0.99794 0.026665 -0.000001 0.002874 0.026543 0.999644 0 0 0 0 1 -0.998284 0.058551 0.001302 0.087164 -0.058493 -0.997908 0.027534 -0.000001 0.002911 0.02741 0.99962 0 0 0 0 1 -0.998282 0.058579 0.001275 0.087164 -0.058522 -0.997905 0.027579 -0.000001 0.002888 0.027457 0.999619 0 0 0 0 1 -0.998289 0.058458 0.001253 0.087164 -0.058404 -0.997932 0.026845 -0.000001 0.002819 0.026726 0.999639 0 0 0 0 1 -0.998303 0.058226 0.001234 0.087164 -0.058176 -0.997976 0.025669 -0.000001 0.002726 0.025553 0.99967 0 0 0 0 1 -0.99832 0.057926 0.00121 0.087164 -0.057879 -0.998025 0.024425 -0.000001 0.002622 0.024314 0.999701 0 0 0 0 1 -0.99834 0.057575 0.001179 0.087164 -0.057532 -0.99807 0.023358 -0.000001 0.002522 0.023251 0.999726 0 0 0 0 1 -0.998364 0.057165 0.001148 0.087164 -0.057125 -0.998116 0.022402 -0.000001 0.002427 0.0223 0.999748 0 0 0 0 1 -0.998388 0.056744 0.001127 0.087164 -0.056707 -0.998161 0.021428 -0.000001 0.002341 0.021329 0.99977 0 0 0 0 1 -0.998408 0.056391 0.00112 0.087164 -0.056356 -0.998203 0.020373 -0.000001 0.002267 0.020277 0.999792 0 0 0 0 1 -0.998421 0.056154 0.001127 0.087164 -0.056122 -0.998237 0.01932 -0.000001 0.00221 0.019226 0.999813 0 0 0 0 1 -0.998431 0.05599 0.001143 0.087164 -0.05596 -0.998265 0.018337 -0.000001 0.002167 0.018244 0.999831 0 0 0 0 1 -0.998441 0.055804 0.00116 0.087164 -0.055775 -0.998292 0.017369 -0.000001 0.002128 0.017277 0.999848 0 0 0 0 1 -0.998456 0.055529 0.001174 0.087164 -0.055502 -0.998325 0.016331 -0.000001 0.002079 0.016241 0.999866 0 0 0 0 1 -0.998476 0.055168 0.00118 0.087164 -0.055144 -0.998362 0.015235 -0.000001 0.002018 0.015147 0.999883 0 0 0 0 1 -0.998498 0.054781 0.001179 0.087164 -0.054759 -0.998399 0.014205 -0.000001 0.001955 0.014119 0.999898 0 0 0 0 1 -0.998516 0.054443 0.00117 0.087164 -0.054423 -0.998428 0.013396 -0.000001 0.001898 0.013313 0.99991 0 0 0 0 1 -0.998529 0.05421 0.001152 0.087164 -0.05419 -0.998447 0.012946 -0.000001 0.001852 0.012865 0.999916 0 0 0 0 1 -0.998535 0.054092 0.001127 0.087164 -0.054073 -0.998454 0.012869 -0.000001 0.001821 0.01279 0.999917 0 0 0 0 1 -0.998536 0.054083 0.001106 0.087164 -0.054064 -0.998452 0.013047 -0.000001 0.00181 0.012968 0.999914 0 0 0 0 1 -0.998533 0.054128 0.001103 0.087164 -0.054108 -0.998447 0.013242 -0.000001 0.001818 0.013163 0.999912 0 0 0 0 1 -0.998528 0.054223 0.001122 0.087164 -0.054203 -0.998441 0.013314 -0.000001 0.001842 0.013233 0.999911 0 0 0 0 1 -0.998523 0.054321 0.001159 0.087164 -0.054301 -0.998436 0.013294 -0.000001 0.001879 0.013212 0.999911 0 0 0 0 1 -0.998519 0.054392 0.001205 0.087164 -0.054371 -0.998432 0.013332 -0.000001 0.001929 0.013246 0.99991 0 0 0 0 1 -0.998519 0.054397 0.00125 0.087164 -0.054375 -0.998429 0.013507 -0.000001 0.001982 0.013419 0.999908 0 0 0 0 1 -0.998524 0.054292 0.001275 0.087164 -0.05427 -0.998432 0.013739 -0.000001 0.002019 0.01365 0.999905 0 0 0 0 1 -0.998539 0.05402 0.001274 0.087164 -0.053997 -0.998444 0.013905 -0.000001 0.002023 0.013816 0.999902 0 0 0 0 1 -0.998562 0.053591 0.001253 0.087164 -0.053569 -0.998467 0.013953 -0.000001 0.001999 0.013866 0.999902 0 0 0 0 1 -0.998589 0.053094 0.001229 0.087164 -0.053072 -0.998494 0.013893 -0.000001 0.001964 0.013808 0.999903 0 0 0 0 1 -0.998612 0.052656 0.001212 0.087164 -0.052634 -0.998519 0.013769 -0.000001 0.001935 0.013686 0.999904 0 0 0 0 1 -0.998629 0.052341 0.001206 0.087164 -0.052319 -0.998538 0.013615 -0.000001 0.001917 0.013533 0.999907 0 0 0 0 1 -0.998639 0.052137 0.001221 0.087164 -0.052116 -0.998551 0.013432 -0.000001 0.00192 0.01335 0.999909 0 0 0 0 1 -0.998647 0.051995 0.00127 0.087164 -0.051973 -0.998561 0.013248 -0.000001 0.001958 0.013164 0.999911 0 0 0 0 1 -0.998653 0.051871 0.001356 0.087164 -0.051849 -0.998569 0.013069 -0.000001 0.002032 0.012981 0.999914 0 0 0 0 1 -0.998659 0.051748 0.001452 0.087164 -0.051725 -0.998578 0.012865 -0.000001 0.002116 0.012772 0.999916 0 0 0 0 1 -0.998666 0.05162 0.00152 0.087164 -0.051597 -0.998589 0.012593 -0.000001 0.002168 0.012498 0.99992 0 0 0 0 1 -0.998673 0.051481 0.00153 0.087164 -0.051458 -0.9986 0.012275 -0.000001 0.00216 0.01218 0.999923 0 0 0 0 1 -0.998681 0.051317 0.001485 0.087164 -0.051295 -0.998612 0.011993 -0.000001 0.002098 0.011901 0.999927 0 0 0 0 1 -0.998692 0.051115 0.001412 0.087164 -0.051095 -0.998624 0.011789 -0.000001 0.002013 0.011702 0.999929 0 0 0 0 1 -0.998705 0.050865 0.001346 0.087164 -0.050846 -0.998639 0.011639 -0.000001 0.001936 0.011555 0.999931 0 0 0 0 1 -0.99872 0.050562 0.001305 0.087164 -0.050544 -0.998655 0.011515 -0.000001 0.001886 0.011434 0.999933 0 0 0 0 1 -0.998738 0.050212 0.001287 0.087164 -0.050194 -0.998674 0.011436 -0.000001 0.001859 0.011357 0.999934 0 0 0 0 1 -0.998757 0.049822 0.001281 0.087164 -0.049804 -0.998694 0.011406 -0.000001 0.001848 0.011328 0.999934 0 0 0 0 1 -0.998779 0.049391 0.001281 0.087164 -0.049373 -0.998715 0.0114 -0.000001 0.001842 0.011323 0.999934 0 0 0 0 1 -0.998801 0.048929 0.001284 0.087164 -0.048911 -0.998738 0.011416 -0.000001 0.001841 0.011339 0.999934 0 0 0 0 1 -0.998824 0.048456 0.001287 0.087164 -0.048438 -0.99876 0.011473 -0.000001 0.001842 0.011398 0.999933 0 0 0 0 1 -0.998846 0.048 0.00129 0.087164 -0.047982 -0.998781 0.011601 -0.000001 0.001845 0.011526 0.999932 0 0 0 0 1 -0.998867 0.047579 0.001289 0.087164 -0.04756 -0.998798 0.011838 -0.000001 0.001851 0.011763 0.999929 0 0 0 0 1 -0.998884 0.047215 0.001282 0.087164 -0.047196 -0.998811 0.012202 -0.000001 0.001856 0.012128 0.999925 0 0 0 0 1 -0.998896 0.046961 0.001267 0.087164 -0.046941 -0.998817 0.012729 -0.000001 0.001864 0.012655 0.999918 0 0 0 0 1 -0.9989 0.046881 0.001248 0.087164 -0.04686 -0.99881 0.013514 -0.000001 0.00188 0.013441 0.999908 0 0 0 0 1 -0.998893 0.047018 0.001234 0.087164 -0.046995 -0.998789 0.014588 -0.000001 0.001918 0.014514 0.999893 0 0 0 0 1 -0.998876 0.047391 0.001241 0.087164 -0.047365 -0.998752 0.015855 -0.000001 0.001991 0.015778 0.999874 0 0 0 0 1 -0.998845 0.048034 0.001285 0.087164 -0.048005 -0.998705 0.016838 -0.000001 0.002092 0.016757 0.999857 0 0 0 0 1 -0.998799 0.04898 0.001365 0.087164 -0.04895 -0.998655 0.017092 -0.000001 0.0022 0.017005 0.999853 0 0 0 0 1 -0.998738 0.0502 0.001459 0.087164 -0.05017 -0.998609 0.016234 -0.000001 0.002272 0.016141 0.999867 0 0 0 0 1 -0.998669 0.051553 0.001532 0.087164 -0.051526 -0.99857 0.014242 -0.000001 0.002264 0.014144 0.999897 0 0 0 0 1 -0.998601 0.052851 0.001559 0.087164 -0.05283 -0.998538 0.011457 -0.000001 0.002162 0.011359 0.999933 0 0 0 0 1 -0.998542 0.053958 0.001539 0.087164 -0.053943 -0.998507 0.008573 -0.000001 0.001999 0.008477 0.999962 0 0 0 0 1 -0.998495 0.054816 0.001488 0.087164 -0.054806 -0.998478 0.006221 -0.000001 0.001827 0.00613 0.99998 0 0 0 0 1 -0.998462 0.055426 0.00143 0.087164 -0.055419 -0.998452 0.004783 -0.000001 0.001693 0.004697 0.999988 0 0 0 0 1 -0.998439 0.055832 0.001387 0.087164 -0.055826 -0.998431 0.004249 -0.000001 0.001622 0.004165 0.99999 0 0 0 0 1 -0.998423 0.05613 0.001374 0.087164 -0.056124 -0.998414 0.00447 -0.000001 0.001622 0.004386 0.999989 0 0 0 0 1 -0.998408 0.056392 0.001391 0.087164 -0.056384 -0.998395 0.005303 -0.000001 0.001688 0.005216 0.999985 0 0 0 0 1 -0.998397 0.056572 0.001424 0.087164 -0.056562 -0.998377 0.006658 -0.000001 0.001799 0.006567 0.999977 0 0 0 0 1 -0.998398 0.056556 0.001453 0.087164 -0.056542 -0.998365 0.008324 -0.000001 0.001921 0.008229 0.999964 0 0 0 0 1 -0.998413 0.056303 0.001462 0.087164 -0.056285 -0.998365 0.00997 -0.000001 0.002021 0.009872 0.999949 0 0 0 0 1 -0.998435 0.055913 0.00145 0.087164 -0.055893 -0.998372 0.011329 -0.000001 0.002081 0.011231 0.999935 0 0 0 0 1 -0.998455 0.055542 0.001425 0.087164 -0.05552 -0.99838 0.012454 -0.000001 0.002115 0.012356 0.999921 0 0 0 0 1 -0.99847 0.05528 0.0014 0.087164 -0.055256 -0.99838 0.013543 -0.000001 0.002146 0.013445 0.999907 0 0 0 0 1 -0.998479 0.055107 0.001379 0.087164 -0.05508 -0.998373 0.014716 -0.000001 0.002188 0.014618 0.999891 0 0 0 0 1 -0.998488 0.054958 0.001362 0.087164 -0.05493 -0.998365 0.015811 -0.000001 0.002229 0.015713 0.999874 0 0 0 0 1 -0.998497 0.054788 0.001344 0.087164 -0.054758 -0.998364 0.016466 -0.000001 0.002244 0.016367 0.999864 0 0 0 0 1 -0.998507 0.05461 0.001321 0.087164 -0.054581 -0.998374 0.016441 -0.000001 0.002217 0.016344 0.999864 0 0 0 0 1 -0.998518 0.054415 0.001293 0.087164 -0.054388 -0.998398 0.01557 -0.000001 0.002138 0.015477 0.999878 0 0 0 0 1 -0.998526 0.054265 0.001278 0.087164 -0.054242 -0.998433 0.01378 -0.000001 0.002024 0.01369 0.999904 0 0 0 0 1</float_array>
        <technique_common>
          <accessor source="#LeftUpLeg_Helper1_matrix_LeftUpLeg_Helper1_transform-output-array" count="106" stride="16">
            <param name="TRANSFORM" type="float4x4"/>
          </accessor>
        </technique_common>
      </source>
      <source id="LeftUpLeg_Helper1_matrix_LeftUpLeg_Helper1_transform-interpolations">
        <Name_array id="LeftUpLeg_Helper1_matrix_LeftUpLeg_Helper1_transform-interpolations-array" count="106">LINEAR LINEAR LINEAR LINEAR LINEAR LINEAR LINEAR LINEAR LINEAR LINEAR LINEAR LINEAR LINEAR LINEAR LINEAR LINEAR LINEAR LINEAR LINEAR LINEAR LINEAR LINEAR LINEAR LINEAR LINEAR LINEAR LINEAR LINEAR LINEAR LINEAR LINEAR LINEAR LINEAR LINEAR LINEAR LINEAR LINEAR LINEAR LINEAR LINEAR LINEAR LINEAR LINEAR LINEAR LINEAR LINEAR LINEAR LINEAR LINEAR LINEAR LINEAR LINEAR LINEAR LINEAR LINEAR LINEAR LINEAR LINEAR LINEAR LINEAR LINEAR LINEAR LINEAR LINEAR LINEAR LINEAR LINEAR LINEAR LINEAR LINEAR LINEAR LINEAR LINEAR LINEAR LINEAR LINEAR LINEAR LINEAR LINEAR LINEAR LINEAR LINEAR LINEAR LINEAR LINEAR LINEAR LINEAR LINEAR LINEAR LINEAR LINEAR LINEAR LINEAR LINEAR LINEAR LINEAR LINEAR LINEAR LINEAR LINEAR LINEAR LINEAR LINEAR LINEAR LINEAR LINEAR</Name_array>
        <technique_common>
          <accessor source="#LeftUpLeg_Helper1_matrix_LeftUpLeg_Helper1_transform-interpolations-array" count="106" stride="1">
            <param name="INTERPOLATION" type="Name"/>
          </accessor>
        </technique_common>
      </source>
      <sampler id="LeftUpLeg_Helper1_matrix_LeftUpLeg_Helper1_transform-sampler">
        <input semantic="INPUT" source="#LeftUpLeg_Helper1_matrix_LeftUpLeg_Helper1_transform-input"/>
        <input semantic="OUTPUT" source="#LeftUpLeg_Helper1_matrix_LeftUpLeg_Helper1_transform-output"/>
        <input semantic="INTERPOLATION" source="#LeftUpLeg_Helper1_matrix_LeftUpLeg_Helper1_transform-interpolations"/>
      </sampler>
      <channel source="#LeftUpLeg_Helper1_matrix_LeftUpLeg_Helper1_transform-sampler" target="LeftUpLeg_Helper1/transform"/>
    </animation>
    <animation id="RightUpLeg_Helper1_matrix">
      <source id="RightUpLeg_Helper1_matrix_RightUpLeg_Helper1_transform-input">
        <float_array id="RightUpLeg_Helper1_matrix_RightUpLeg_Helper1_transform-input-array" count="106">0 0.033333 0.066666 0.1 0.133333 0.166667 0.2 0.233333 0.266667 0.3 0.333333 0.366667 0.4 0.433333 0.466667 0.5 0.533333 0.566667 0.6 0.633333 0.666667 0.7 0.733333 0.766667 0.8 0.833333 0.866667 0.9 0.933333 0.966667 1 1.03333 1.06667 1.1 1.13333 1.16667 1.2 1.23333 1.26667 1.3 1.33333 1.36667 1.4 1.43333 1.46667 1.5 1.53333 1.56667 1.6 1.63333 1.66667 1.7 1.73333 1.76667 1.8 1.83333 1.86667 1.9 1.93333 1.96667 2 2.03333 2.06667 2.1 2.13333 2.16667 2.2 2.23333 2.26667 2.3 2.33333 2.36667 2.4 2.43333 2.46667 2.5 2.53333 2.56667 2.6 2.63333 2.66667 2.7 2.73333 2.76667 2.8 2.83333 2.86667 2.9 2.93333 2.96667 3 3.03333 3.06667 3.1 3.13333 3.16667 3.2 3.23333 3.26667 3.3 3.33333 3.36667 3.4 3.43333 3.46667 3.5</float_array>
        <technique_common>
          <accessor source="#RightUpLeg_Helper1_matrix_RightUpLeg_Helper1_transform-input-array" count="106" stride="1">
            <param name="TIME" type="float"/>
          </accessor>
        </technique_common>
        <technique profile="MAYA">
          <pre_infinity>CONSTANT</pre_infinity>
          <post_infinity>CONSTANT</post_infinity>
        </technique>
      </source>
      <source id="RightUpLeg_Helper1_matrix_RightUpLeg_Helper1_transform-output">
        <float_array id="RightUpLeg_Helper1_matrix_RightUpLeg_Helper1_transform-output-array" count="1696">-0.998534 0.054112 0.001278 -0.087164 0.054089 0.998441 -0.013782 0 -0.002022 -0.013693 -0.999904 0 0 0 0 1 -0.998534 0.054112 0.001288 -0.087164 0.054089 0.998439 -0.013935 0 -0.00204 -0.013845 -0.999902 0 0 0 0 1 -0.998534 0.054112 0.001301 -0.087164 0.054088 0.998436 -0.014146 0 -0.002064 -0.014055 -0.999899 0 0 0 0 1 -0.998534 0.054112 0.001312 -0.087164 0.054087 0.998433 -0.014375 0 -0.002088 -0.014283 -0.999896 0 0 0 0 1 -0.998534 0.054112 0.001319 -0.087164 0.054087 0.99843 -0.014585 0 -0.002106 -0.014492 -0.999893 0 0 0 0 1 -0.998534 0.054112 0.001322 -0.087164 0.054087 0.998427 -0.014759 0 -0.002118 -0.014666 -0.99989 0 0 0 0 1 -0.998536 0.054068 0.001324 -0.087164 0.054043 0.998427 -0.014929 0 -0.002129 -0.014836 -0.999888 0 0 0 0 1 -0.998539 0.054018 0.00133 -0.087164 0.053992 0.998427 -0.015141 0 -0.002146 -0.015047 -0.999884 0 0 0 0 1 -0.998542 0.053969 0.001339 -0.087164 0.053942 0.998425 -0.015402 0 -0.002168 -0.015307 -0.99988 0 0 0 0 1 -0.998543 0.053952 0.001348 -0.087164 0.053924 0.998422 -0.015653 0 -0.002191 -0.015558 -0.999877 0 0 0 0 1 -0.99854 0.054006 0.001354 -0.087164 0.053977 0.998416 -0.015874 0 -0.002209 -0.015778 -0.999873 0 0 0 0 1 -0.998532 0.054142 0.001357 -0.087164 0.054113 0.998405 -0.01611 0 -0.002227 -0.016013 -0.999869 0 0 0 0 1 -0.998523 0.054318 0.001359 -0.087164 0.054288 0.99839 -0.016415 0 -0.002248 -0.016317 -0.999864 0 0 0 0 1 -0.998516 0.054448 0.001361 -0.087164 0.054418 0.998379 -0.016657 0 -0.002265 -0.016559 -0.99986 0 0 0 0 1 -0.998516 0.054438 0.001363 -0.087164 0.054408 0.998381 -0.016561 0 -0.002262 -0.016462 -0.999862 0 0 0 0 1 -0.998526 0.054258 0.001366 -0.087164 0.054229 0.998401 -0.015979 0 -0.002231 -0.015881 -0.999871 0 0 0 0 1 -0.998541 0.053972 0.001371 -0.087164 0.053945 0.99843 -0.015081 0 -0.002183 -0.014986 -0.999885 0 0 0 0 1 -0.998557 0.053683 0.001375 -0.087164 0.053658 0.998459 -0.014186 0 -0.002135 -0.014092 -0.999898 0 0 0 0 1 -0.99857 0.053438 0.001379 -0.087164 0.053415 0.998482 -0.013467 0 -0.002097 -0.013374 -0.999908 0 0 0 0 1 -0.998582 0.053214 0.001381 -0.087164 0.053192 0.998501 -0.012903 0 -0.002066 -0.012812 -0.999916 0 0 0 0 1 -0.998594 0.052991 0.00138 -0.087164 0.052969 0.998518 -0.012477 0 -0.00204 -0.012387 -0.999921 0 0 0 0 1 -0.998604 0.052799 0.001373 -0.087164 0.052779 0.99853 -0.012317 0 -0.002021 -0.012227 -0.999923 0 0 0 0 1 -0.99861 0.052688 0.001351 -0.087164 0.052667 0.998533 -0.012564 0 -0.002011 -0.012475 -0.99992 0 0 0 0 1 -0.998612 0.052648 0.001318 -0.087164 0.052626 0.998527 -0.013199 0 -0.002011 -0.013112 -0.999912 0 0 0 0 1 -0.998615 0.0526 0.00128 -0.087164 0.052577 0.998518 -0.014037 0 -0.002017 -0.01395 -0.999901 0 0 0 0 1 -0.998621 0.052478 0.001236 -0.087164 0.052454 0.998512 -0.014922 0 -0.002017 -0.014837 -0.999888 0 0 0 0 1 -0.998632 0.052271 0.001184 -0.087164 0.052246 0.998508 -0.015888 0 -0.002013 -0.015804 -0.999873 0 0 0 0 1 -0.998645 0.05203 0.001131 -0.087164 0.052003 0.9985 -0.017099 0 -0.002019 -0.017017 -0.999853 0 0 0 0 1 -0.998657 0.051791 0.00109 -0.087164 0.051761 0.998485 -0.018673 0 -0.002055 -0.018592 -0.999825 0 0 0 0 1 -0.99867 0.051548 0.001067 -0.087164 0.051516 0.998462 -0.020469 0 -0.002121 -0.020387 -0.99979 0 0 0 0 1 -0.998682 0.051305 0.001062 -0.087164 0.051269 0.99844 -0.022117 0 -0.002195 -0.022033 -0.999755 0 0 0 0 1 -0.998693 0.051106 0.001065 -0.087164 0.051068 0.998425 -0.023211 0 -0.002249 -0.023126 -0.99973 0 0 0 0 1 -0.998697 0.051012 0.001077 -0.087164 0.050973 0.998422 -0.023545 0 -0.002276 -0.023459 -0.999722 0 0 0 0 1 -0.998696 0.051047 0.001103 -0.087164 0.051008 0.998429 -0.023205 0 -0.002286 -0.023119 -0.99973 0 0 0 0 1 -0.998688 0.051189 0.001146 -0.087164 0.05115 0.998437 -0.022507 0 -0.002296 -0.022419 -0.999746 0 0 0 0 1 -0.998677 0.051406 0.001197 -0.087164 0.051367 0.998442 -0.021813 0 -0.002316 -0.021722 -0.999761 0 0 0 0 1 -0.998663 0.051684 0.001245 -0.087164 0.051645 0.998437 -0.021357 0 -0.002346 -0.021264 -0.999771 0 0 0 0 1 -0.998646 0.052014 0.001278 -0.087164 0.051975 0.998425 -0.021121 0 -0.002375 -0.021026 -0.999776 0 0 0 0 1 -0.998628 0.052349 0.001291 -0.087164 0.052311 0.998412 -0.020884 0 -0.002382 -0.020788 -0.999781 0 0 0 0 1 -0.998614 0.052612 0.001286 -0.087164 0.052575 0.998408 -0.020442 0 -0.002359 -0.020346 -0.99979 0 0 0 0 1 -0.998606 0.052773 0.001271 -0.087164 0.052737 0.998413 -0.019766 0 -0.002312 -0.019672 -0.999804 0 0 0 0 1 -0.9986 0.052878 0.001255 -0.087164 0.052845 0.998422 -0.018985 0 -0.002257 -0.018892 -0.999819 0 0 0 0 1 -0.998592 0.053024 0.001243 -0.087164 0.052992 0.998429 -0.018203 0 -0.002206 -0.018112 -0.999834 0 0 0 0 1 -0.99858 0.053264 0.001232 -0.087164 0.053234 0.998429 -0.017458 0 -0.00216 -0.017367 -0.999847 0 0 0 0 1 -0.998562 0.053591 0.001224 -0.087164 0.053563 0.998424 -0.016768 0 -0.00212 -0.016679 -0.999859 0 0 0 0 1 -0.998543 0.053943 0.001219 -0.087164 0.053916 0.998414 -0.016175 0 -0.00209 -0.016086 -0.999868 0 0 0 0 1 -0.998527 0.054244 0.001214 -0.087164 0.054218 0.998406 -0.015685 0 -0.002063 -0.015596 -0.999876 0 0 0 0 1 -0.998516 0.054445 0.001206 -0.087164 0.05442 0.998401 -0.015288 0 -0.002036 -0.0152 -0.999882 0 0 0 0 1 -0.998511 0.054533 0.001192 -0.087164 0.054509 0.998401 -0.014985 0 -0.002007 -0.014898 -0.999887 0 0 0 0 1 -0.998511 0.054531 0.001179 -0.087164 0.054508 0.998404 -0.014755 0 -0.001982 -0.014669 -0.99989 0 0 0 0 1 -0.998515 0.054467 0.001178 -0.087164 0.054444 0.998411 -0.01451 0 -0.001967 -0.014424 -0.999894 0 0 0 0 1 -0.99852 0.05437 0.001193 -0.087164 0.054348 0.998422 -0.01416 0 -0.001961 -0.014074 -0.999899 0 0 0 0 1 -0.998525 0.054271 0.001215 -0.087164 0.054249 0.998433 -0.013756 0 -0.00196 -0.01367 -0.999905 0 0 0 0 1 -0.998529 0.054203 0.001237 -0.087164 0.054182 0.99844 -0.013466 0 -0.001965 -0.013379 -0.999909 0 0 0 0 1 -0.998529 0.054206 0.001256 -0.087164 0.054184 0.99844 -0.013448 0 -0.001983 -0.01336 -0.999909 0 0 0 0 1 -0.998522 0.054336 0.001275 -0.087164 0.054313 0.998429 -0.013775 0 -0.002022 -0.013686 -0.999904 0 0 0 0 1 -0.998505 0.054645 0.001297 -0.087164 0.05462 0.998403 -0.014438 0 -0.002084 -0.014346 -0.999895 0 0 0 0 1 -0.998479 0.055116 0.001315 -0.087164 0.05509 0.998364 -0.015331 0 -0.002157 -0.015235 -0.999882 0 0 0 0 1 -0.998449 0.055656 0.001318 -0.087164 0.055627 0.998319 -0.016254 0 -0.00222 -0.016156 -0.999867 0 0 0 0 1 -0.998423 0.056124 0.001297 -0.087164 0.056094 0.998281 -0.016955 0 -0.002247 -0.016856 -0.999855 0 0 0 0 1 -0.998405 0.056446 0.001253 -0.087164 0.056416 0.998257 -0.017333 0 -0.002229 -0.017234 -0.999849 0 0 0 0 1 -0.998394 0.056639 0.001194 -0.087164 0.05661 0.998243 -0.017488 0 -0.002183 -0.017393 -0.999846 0 0 0 0 1 -0.998387 0.056768 0.00113 -0.087164 0.05674 0.998233 -0.017636 0 -0.002129 -0.017544 -0.999844 0 0 0 0 1 -0.99838 0.056883 0.00106 -0.087164 0.056855 0.998222 -0.017906 0 -0.002077 -0.017817 -0.999839 0 0 0 0 1 -0.998374 0.056999 0.000987 -0.087164 0.056972 0.998209 -0.018259 0 -0.002026 -0.018173 -0.999833 0 0 0 0 1 -0.998367 0.057118 0.000929 -0.087164 0.057091 0.998196 -0.01858 0 -0.001989 -0.018497 -0.999827 0 0 0 0 1 -0.998359 0.057251 0.000915 -0.087164 0.057224 0.998184 -0.018834 0 -0.001991 -0.018751 -0.999822 0 0 0 0 1 -0.99835 0.057411 0.000953 -0.087164 0.057383 0.99817 -0.019082 0 -0.002047 -0.018996 -0.999817 0 0 0 0 1 -0.998339 0.057602 0.001021 -0.087164 0.057571 0.998153 -0.019401 0 -0.002137 -0.01931 -0.999811 0 0 0 0 1 -0.998326 0.057821 0.001085 -0.087164 0.057788 0.998131 -0.019855 0 -0.002231 -0.019759 -0.999802 0 0 0 0 1 -0.998312 0.058073 0.001125 -0.087164 0.058038 0.998104 -0.020492 0 -0.002313 -0.020392 -0.999789 0 0 0 0 1 -0.998295 0.058359 0.001139 -0.087164 0.058322 0.99807 -0.021328 0 -0.002381 -0.021225 -0.999772 0 0 0 0 1 -0.998276 0.058677 0.001136 -0.087164 0.058637 0.99803 -0.022327 0 -0.002444 -0.022222 -0.99975 0 0 0 0 1 -0.998256 0.059022 0.001126 -0.087164 0.05898 0.997984 -0.023423 0 -0.002507 -0.023316 -0.999725 0 0 0 0 1 -0.998234 0.059386 0.001112 -0.087164 0.059341 0.997935 -0.024594 0 -0.002571 -0.024485 -0.999697 0 0 0 0 1 -0.998213 0.05975 0.001096 -0.087164 0.059702 0.99788 -0.02589 0 -0.002641 -0.025778 -0.999664 0 0 0 0 1 -0.998192 0.060095 0.001079 -0.087164 0.060043 0.997821 -0.027362 0 -0.002721 -0.027248 -0.999625 0 0 0 0 1 -0.998173 0.060415 0.001062 -0.087164 0.060359 0.997755 -0.028998 0 -0.002812 -0.028881 -0.999579 0 0 0 0 1 -0.998156 0.060695 0.001045 -0.087164 0.060635 0.997688 -0.030697 0 -0.002906 -0.030577 -0.999528 0 0 0 0 1 -0.998143 0.060897 0.001028 -0.087164 0.060832 0.997625 -0.032318 0 -0.002993 -0.032195 -0.999477 0 0 0 0 1 -0.998139 0.060971 0.001008 -0.087164 0.060903 0.997574 -0.033719 0 -0.003061 -0.033595 -0.999431 0 0 0 0 1 -0.998143 0.060898 0.000984 -0.087164 0.060827 0.997543 -0.034753 0 -0.003098 -0.034628 -0.999395 0 0 0 0 1 -0.998157 0.060673 0.000951 -0.087164 0.060601 0.99754 -0.035241 0 -0.003086 -0.035118 -0.999378 0 0 0 0 1 -0.998182 0.06027 0.0009 -0.087164 0.060202 0.997576 -0.034888 0 -0.003001 -0.03477 -0.999391 0 0 0 0 1 -0.998221 0.059622 0.000835 -0.087164 0.059561 0.997667 -0.033364 0 -0.002823 -0.033255 -0.999443 0 0 0 0 1 -0.998275 0.0587 0.000772 -0.087164 0.05865 0.997815 -0.03041 0 -0.002556 -0.030312 -0.999537 0 0 0 0 1 -0.998341 0.057578 0.000738 -0.087164 0.057539 0.998001 -0.026156 0 -0.002243 -0.02607 -0.999658 0 0 0 0 1 -0.998407 0.056421 0.000751 -0.087164 0.056392 0.998185 -0.021119 0 -0.001941 -0.021043 -0.999777 0 0 0 0 1 -0.998464 0.055392 0.000807 -0.087164 0.055372 0.998335 -0.01614 0 -0.0017 -0.01607 -0.999869 0 0 0 0 1 -0.998509 0.054579 0.000885 -0.087164 0.054565 0.998438 -0.011987 0 -0.001538 -0.011921 -0.999928 0 0 0 0 1 -0.99854 0.054012 0.000965 -0.087164 0.054 0.998499 -0.00914 0 -0.001457 -0.009075 -0.999958 0 0 0 0 1 -0.99856 0.053644 0.001033 -0.087164 0.053635 0.998532 -0.007589 0 -0.001438 -0.007523 -0.999971 0 0 0 0 1 -0.998574 0.053381 0.001082 -0.087164 0.053372 0.99855 -0.007049 0 -0.001456 -0.006981 -0.999975 0 0 0 0 1 -0.998586 0.053142 0.001104 -0.087164 0.053133 0.998561 -0.007236 0 -0.001487 -0.007167 -0.999973 0 0 0 0 1 -0.998596 0.052952 0.001095 -0.087164 0.052941 0.998565 -0.008088 0 -0.001522 -0.008018 -0.999967 0 0 0 0 1 -0.998599 0.052913 0.001064 -0.087164 0.0529 0.998554 -0.009549 0 -0.001568 -0.009479 -0.999954 0 0 0 0 1 -0.99859 0.053069 0.001036 -0.087164 0.053054 0.998527 -0.011329 0 -0.001636 -0.011258 -0.999935 0 0 0 0 1 -0.998576 0.053338 0.001033 -0.087164 0.05332 0.998493 -0.012976 0 -0.001724 -0.012903 -0.999915 0 0 0 0 1 -0.998562 0.053591 0.001059 -0.087164 0.05357 0.998462 -0.014266 0 -0.001822 -0.014189 -0.999898 0 0 0 0 1 -0.998554 0.053744 0.001095 -0.087164 0.053721 0.998439 -0.015258 0 -0.001914 -0.015177 -0.999883 0 0 0 0 1 -0.99855 0.053814 0.001121 -0.087164 0.053789 0.998422 -0.016131 0 -0.001988 -0.016048 -0.999869 0 0 0 0 1 -0.998547 0.053871 0.001129 -0.087164 0.053844 0.998406 -0.016892 0 -0.002038 -0.016806 -0.999857 0 0 0 0 1 -0.998542 0.053969 0.001134 -0.087164 0.053941 0.998395 -0.017278 0 -0.002064 -0.017192 -0.99985 0 0 0 0 1 -0.998534 0.054108 0.00116 -0.087164 0.054081 0.998391 -0.017023 0 -0.00208 -0.016935 -0.999854 0 0 0 0 1 -0.998525 0.054273 0.001228 -0.087164 0.054247 0.998402 -0.015822 0 -0.002084 -0.015732 -0.999874 0 0 0 0 1 -0.998526 0.054266 0.001278 -0.087164 0.054243 0.998433 -0.013782 0 -0.002024 -0.013693 -0.999904 0 0 0 0 1</float_array>
        <technique_common>
          <accessor source="#RightUpLeg_Helper1_matrix_RightUpLeg_Helper1_transform-output-array" count="106" stride="16">
            <param name="TRANSFORM" type="float4x4"/>
          </accessor>
        </technique_common>
      </source>
      <source id="RightUpLeg_Helper1_matrix_RightUpLeg_Helper1_transform-interpolations">
        <Name_array id="RightUpLeg_Helper1_matrix_RightUpLeg_Helper1_transform-interpolations-array" count="106">LINEAR LINEAR LINEAR LINEAR LINEAR LINEAR LINEAR LINEAR LINEAR LINEAR LINEAR LINEAR LINEAR LINEAR LINEAR LINEAR LINEAR LINEAR LINEAR LINEAR LINEAR LINEAR LINEAR LINEAR LINEAR LINEAR LINEAR LINEAR LINEAR LINEAR LINEAR LINEAR LINEAR LINEAR LINEAR LINEAR LINEAR LINEAR LINEAR LINEAR LINEAR LINEAR LINEAR LINEAR LINEAR LINEAR LINEAR LINEAR LINEAR LINEAR LINEAR LINEAR LINEAR LINEAR LINEAR LINEAR LINEAR LINEAR LINEAR LINEAR LINEAR LINEAR LINEAR LINEAR LINEAR LINEAR LINEAR LINEAR LINEAR LINEAR LINEAR LINEAR LINEAR LINEAR LINEAR LINEAR LINEAR LINEAR LINEAR LINEAR LINEAR LINEAR LINEAR LINEAR LINEAR LINEAR LINEAR LINEAR LINEAR LINEAR LINEAR LINEAR LINEAR LINEAR LINEAR LINEAR LINEAR LINEAR LINEAR LINEAR LINEAR LINEAR LINEAR LINEAR LINEAR LINEAR</Name_array>
        <technique_common>
          <accessor source="#RightUpLeg_Helper1_matrix_RightUpLeg_Helper1_transform-interpolations-array" count="106" stride="1">
            <param name="INTERPOLATION" type="Name"/>
          </accessor>
        </technique_common>
      </source>
      <sampler id="RightUpLeg_Helper1_matrix_RightUpLeg_Helper1_transform-sampler">
        <input semantic="INPUT" source="#RightUpLeg_Helper1_matrix_RightUpLeg_Helper1_transform-input"/>
        <input semantic="OUTPUT" source="#RightUpLeg_Helper1_matrix_RightUpLeg_Helper1_transform-output"/>
        <input semantic="INTERPOLATION" source="#RightUpLeg_Helper1_matrix_RightUpLeg_Helper1_transform-interpolations"/>
      </sampler>
      <channel source="#RightUpLeg_Helper1_matrix_RightUpLeg_Helper1_transform-sampler" target="RightUpLeg_Helper1/transform"/>
    </animation>
    <animation id="LeftUpLeg_Helper2_matrix">
      <source id="LeftUpLeg_Helper2_matrix_LeftUpLeg_Helper2_transform-input">
        <float_array id="LeftUpLeg_Helper2_matrix_LeftUpLeg_Helper2_transform-input-array" count="106">0 0.033333 0.066666 0.1 0.133333 0.166667 0.2 0.233333 0.266667 0.3 0.333333 0.366667 0.4 0.433333 0.466667 0.5 0.533333 0.566667 0.6 0.633333 0.666667 0.7 0.733333 0.766667 0.8 0.833333 0.866667 0.9 0.933333 0.966667 1 1.03333 1.06667 1.1 1.13333 1.16667 1.2 1.23333 1.26667 1.3 1.33333 1.36667 1.4 1.43333 1.46667 1.5 1.53333 1.56667 1.6 1.63333 1.66667 1.7 1.73333 1.76667 1.8 1.83333 1.86667 1.9 1.93333 1.96667 2 2.03333 2.06667 2.1 2.13333 2.16667 2.2 2.23333 2.26667 2.3 2.33333 2.36667 2.4 2.43333 2.46667 2.5 2.53333 2.56667 2.6 2.63333 2.66667 2.7 2.73333 2.76667 2.8 2.83333 2.86667 2.9 2.93333 2.96667 3 3.03333 3.06667 3.1 3.13333 3.16667 3.2 3.23333 3.26667 3.3 3.33333 3.36667 3.4 3.43333 3.46667 3.5</float_array>
        <technique_common>
          <accessor source="#LeftUpLeg_Helper2_matrix_LeftUpLeg_Helper2_transform-input-array" count="106" stride="1">
            <param name="TIME" type="float"/>
          </accessor>
        </technique_common>
        <technique profile="MAYA">
          <pre_infinity>CONSTANT</pre_infinity>
          <post_infinity>CONSTANT</post_infinity>
        </technique>
      </source>
      <source id="LeftUpLeg_Helper2_matrix_LeftUpLeg_Helper2_transform-output">
        <float_array id="LeftUpLeg_Helper2_matrix_LeftUpLeg_Helper2_transform-output-array" count="1696">-0.998506 0.054265 0.006393 0.087164 -0.054171 -0.998433 0.014058 -0.000001 0.007146 0.01369 0.999881 0 0 0 0 1 -0.9985 0.054384 0.006393 0.087164 -0.054287 -0.998421 0.014438 -0.000001 0.007169 0.01407 0.999875 0 0 0 0 1 -0.998491 0.054534 0.006393 0.087164 -0.054434 -0.998406 0.014915 -0.000001 0.007197 0.014544 0.999868 0 0 0 0 1 -0.998483 0.054687 0.006393 0.087164 -0.054584 -0.99839 0.015404 -0.000001 0.007225 0.015031 0.999861 0 0 0 0 1 -0.998474 0.054845 0.006393 0.087164 -0.054738 -0.998374 0.015917 -0.000001 0.007256 0.015543 0.999853 0 0 0 0 1 -0.998465 0.05501 0.006393 0.087164 -0.054898 -0.998356 0.016464 -0.000001 0.007288 0.016088 0.999844 0 0 0 0 1 -0.998456 0.05518 0.006354 0.087164 -0.055065 -0.998337 0.017038 -0.000001 0.007284 0.016662 0.999835 0 0 0 0 1 -0.998448 0.05534 0.006294 0.087164 -0.055222 -0.998318 0.017629 -0.000001 0.007259 0.017254 0.999825 0 0 0 0 1 -0.998441 0.055469 0.006227 0.087164 -0.055348 -0.998302 0.018182 -0.000001 0.007225 0.017809 0.999815 0 0 0 0 1 -0.998438 0.055531 0.006161 0.087164 -0.055408 -0.99829 0.018611 -0.000001 0.007184 0.018241 0.999808 0 0 0 0 1 -0.998439 0.055518 0.006098 0.087164 -0.055394 -0.998286 0.018859 -0.000001 0.007135 0.018492 0.999804 0 0 0 0 1 -0.998445 0.05542 0.006025 0.087164 -0.055296 -0.998289 0.018999 -0.000001 0.007068 0.018636 0.999801 0 0 0 0 1 -0.998454 0.055272 0.005925 0.087164 -0.055149 -0.998295 0.019131 -0.000001 0.006972 0.018774 0.999799 0 0 0 0 1 -0.998461 0.055158 0.005818 0.087164 -0.055037 -0.998298 0.019267 -0.000001 0.006871 0.018917 0.999797 0 0 0 0 1 -0.99846 0.055171 0.005765 0.087164 -0.05505 -0.998297 0.019294 -0.000001 0.00682 0.018946 0.999797 0 0 0 0 1 -0.998451 0.055334 0.005818 0.087164 -0.055214 -0.998292 0.019106 -0.000001 0.006866 0.018755 0.999801 0 0 0 0 1 -0.998435 0.055605 0.005948 0.087164 -0.055485 -0.998283 0.018783 -0.000001 0.006982 0.018423 0.999806 0 0 0 0 1 -0.998417 0.055914 0.006056 0.087164 -0.055794 -0.998271 0.018504 -0.000001 0.007081 0.018137 0.99981 0 0 0 0 1 -0.9984 0.056222 0.006047 0.087164 -0.056103 -0.998256 0.018384 -0.000001 0.00707 0.018015 0.999813 0 0 0 0 1 -0.998384 0.056514 0.005991 0.087164 -0.056396 -0.998239 0.018423 -0.000001 0.007022 0.018055 0.999812 0 0 0 0 1 -0.998369 0.056782 0.005967 0.087164 -0.056663 -0.998221 0.018575 -0.000001 0.007011 0.018207 0.99981 0 0 0 0 1 -0.998356 0.056997 0.006033 0.087164 -0.056874 -0.998204 0.018841 -0.000001 0.007096 0.018466 0.999804 0 0 0 0 1 -0.998347 0.057133 0.006177 0.087164 -0.057005 -0.998188 0.019245 -0.000001 0.007266 0.018861 0.999796 0 0 0 0 1 -0.998343 0.057199 0.006291 0.087164 -0.057064 -0.998175 0.019765 -0.000001 0.007411 0.019373 0.999785 0 0 0 0 1 -0.99834 0.057257 0.00629 0.087164 -0.057119 -0.99816 0.020329 -0.000001 0.007442 0.019936 0.999774 0 0 0 0 1 -0.998334 0.057367 0.006197 0.087164 -0.057226 -0.998142 0.020911 -0.000001 0.007385 0.020521 0.999762 0 0 0 0 1 -0.998325 0.057536 0.006133 0.087164 -0.057391 -0.998118 0.021605 -0.000001 0.007365 0.021217 0.999748 0 0 0 0 1 -0.998313 0.057735 0.006204 0.087164 -0.057581 -0.998085 0.022587 -0.000001 0.007496 0.022192 0.999726 0 0 0 0 1 -0.998299 0.057949 0.006389 0.087164 -0.057781 -0.998042 0.023944 -0.000001 0.007764 0.023534 0.999693 0 0 0 0 1 -0.998285 0.058175 0.006558 0.087164 -0.05799 -0.997991 0.025532 -0.000001 0.00803 0.025108 0.999653 0 0 0 0 1 -0.998272 0.058398 0.006599 0.087164 -0.0582 -0.99794 0.026973 -0.000001 0.008161 0.026543 0.999614 0 0 0 0 1 -0.998263 0.058551 0.006512 0.087164 -0.058349 -0.997908 0.027839 -0.000001 0.008128 0.02741 0.999591 0 0 0 0 1 -0.998262 0.058579 0.006378 0.087164 -0.05838 -0.997905 0.027878 -0.000001 0.007998 0.027457 0.999591 0 0 0 0 1 -0.99827 0.058458 0.006265 0.087164 -0.058268 -0.997932 0.027138 -0.000001 0.007839 0.026726 0.999612 0 0 0 0 1 -0.998284 0.058226 0.00617 0.087164 -0.058048 -0.997976 0.025956 -0.000001 0.007669 0.025553 0.999644 0 0 0 0 1 -0.998303 0.057926 0.006052 0.087164 -0.05776 -0.998025 0.024706 -0.000001 0.007471 0.024314 0.999676 0 0 0 0 1 -0.998324 0.057575 0.005897 0.087164 -0.057421 -0.99807 0.023629 -0.000001 0.007246 0.023251 0.999703 0 0 0 0 1 -0.998348 0.057165 0.005742 0.087164 -0.057021 -0.998116 0.022665 -0.000001 0.007027 0.0223 0.999727 0 0 0 0 1 -0.998373 0.056744 0.005636 0.087164 -0.056609 -0.998161 0.021684 -0.000001 0.006856 0.021329 0.999749 0 0 0 0 1 -0.998393 0.056391 0.005603 0.087164 -0.056264 -0.998203 0.020626 -0.000001 0.006756 0.020277 0.999772 0 0 0 0 1 -0.998406 0.056154 0.005637 0.087164 -0.056034 -0.998237 0.019574 -0.000001 0.006726 0.019226 0.999793 0 0 0 0 1 -0.998415 0.05599 0.005716 0.087164 -0.055875 -0.998265 0.018593 -0.000001 0.006747 0.018244 0.999811 0 0 0 0 1 -0.998425 0.055804 0.005804 0.087164 -0.055694 -0.998292 0.017628 -0.000001 0.006778 0.017277 0.999828 0 0 0 0 1 -0.99844 0.055529 0.005871 0.087164 -0.055425 -0.998325 0.016592 -0.000001 0.006783 0.016241 0.999845 0 0 0 0 1 -0.99846 0.055168 0.005901 0.087164 -0.055072 -0.998362 0.015496 -0.000001 0.006747 0.015147 0.999862 0 0 0 0 1 -0.998481 0.054781 0.005896 0.087164 -0.054691 -0.998399 0.014463 -0.000001 0.006679 0.014119 0.999878 0 0 0 0 1 -0.9985 0.054443 0.005852 0.087164 -0.054359 -0.998428 0.013651 -0.000001 0.006586 0.013313 0.99989 0 0 0 0 1 -0.998513 0.05421 0.00576 0.087164 -0.05413 -0.998447 0.013196 -0.000001 0.006467 0.012865 0.999896 0 0 0 0 1 -0.99852 0.054092 0.005635 0.087164 -0.054015 -0.998454 0.013113 -0.000001 0.006335 0.01279 0.999898 0 0 0 0 1 -0.998521 0.054083 0.005532 0.087164 -0.054006 -0.998452 0.013286 -0.000001 0.006242 0.012968 0.999896 0 0 0 0 1 -0.998519 0.054128 0.005516 0.087164 -0.054049 -0.998447 0.013481 -0.000001 0.006237 0.013163 0.999894 0 0 0 0 1 -0.998513 0.054223 0.005611 0.087164 -0.054143 -0.998441 0.013557 -0.000001 0.006337 0.013233 0.999892 0 0 0 0 1 -0.998507 0.054321 0.005796 0.087164 -0.054238 -0.998436 0.013546 -0.000001 0.006523 0.013212 0.999891 0 0 0 0 1 -0.998501 0.054392 0.006029 0.087164 -0.054306 -0.998432 0.013594 -0.000001 0.006759 0.013246 0.999889 0 0 0 0 1 -0.9985 0.054397 0.00625 0.087164 -0.054307 -0.998429 0.013779 -0.000001 0.006989 0.013419 0.999885 0 0 0 0 1 -0.998505 0.054292 0.006379 0.087164 -0.054199 -0.998432 0.014016 -0.000001 0.00713 0.01365 0.999881 0 0 0 0 1 -0.998519 0.05402 0.006373 0.087164 -0.053925 -0.998444 0.01418 -0.000001 0.007129 0.013816 0.999879 0 0 0 0 1 -0.998543 0.053591 0.006267 0.087164 -0.053498 -0.998467 0.014222 -0.000001 0.007019 0.013866 0.999879 0 0 0 0 1 -0.998571 0.053094 0.006145 0.087164 -0.053003 -0.998494 0.014154 -0.000001 0.006887 0.013808 0.999881 0 0 0 0 1 -0.998594 0.052656 0.006061 0.087164 -0.052567 -0.998519 0.014024 -0.000001 0.00679 0.013686 0.999883 0 0 0 0 1 -0.998611 0.052341 0.006033 0.087164 -0.052253 -0.998538 0.013867 -0.000001 0.00675 0.013533 0.999886 0 0 0 0 1 -0.998621 0.052137 0.006107 0.087164 -0.05205 -0.998551 0.013687 -0.000001 0.006812 0.01335 0.999888 0 0 0 0 1 -0.998627 0.051995 0.006354 0.087164 -0.051905 -0.998561 0.013512 -0.000001 0.007048 0.013164 0.999888 0 0 0 0 1 -0.998631 0.051871 0.00678 0.087164 -0.051777 -0.998569 0.013351 -0.000001 0.007463 0.012981 0.999888 0 0 0 0 1 -0.998634 0.051748 0.007262 0.087164 -0.051649 -0.998578 0.013165 -0.000001 0.007933 0.012772 0.999887 0 0 0 0 1 -0.998638 0.05162 0.0076 0.087164 -0.05152 -0.998589 0.012907 -0.000001 0.008255 0.012498 0.999888 0 0 0 0 1 -0.998645 0.051481 0.007651 0.087164 -0.051382 -0.9986 0.01259 -0.000001 0.008289 0.01218 0.999891 0 0 0 0 1 -0.998655 0.051317 0.007425 0.087164 -0.051223 -0.998612 0.012298 -0.000001 0.008046 0.011901 0.999897 0 0 0 0 1 -0.998668 0.051115 0.007063 0.087164 -0.051027 -0.998624 0.012078 -0.000001 0.00767 0.011702 0.999902 0 0 0 0 1 -0.998683 0.050865 0.006733 0.087164 -0.050782 -0.998639 0.011913 -0.000001 0.00733 0.011555 0.999906 0 0 0 0 1 -0.9987 0.050562 0.006527 0.087164 -0.050483 -0.998655 0.011779 -0.000001 0.007114 0.011434 0.999909 0 0 0 0 1 -0.998718 0.050212 0.006436 0.087164 -0.050135 -0.998674 0.011695 -0.000001 0.007015 0.011357 0.999911 0 0 0 0 1 -0.998738 0.049822 0.006408 0.087164 -0.049745 -0.998694 0.011662 -0.000001 0.006981 0.011328 0.999911 0 0 0 0 1 -0.998759 0.049391 0.006407 0.087164 -0.049314 -0.998715 0.011653 -0.000001 0.006974 0.011323 0.999912 0 0 0 0 1 -0.998782 0.048929 0.00642 0.087164 -0.048852 -0.998738 0.011667 -0.000001 0.006983 0.011339 0.999911 0 0 0 0 1 -0.998805 0.048456 0.006439 0.087164 -0.048378 -0.99876 0.011723 -0.000001 0.006999 0.011398 0.999911 0 0 0 0 1 -0.998827 0.048 0.006451 0.087164 -0.047921 -0.998781 0.011849 -0.000001 0.007012 0.011526 0.999909 0 0 0 0 1 -0.998847 0.047579 0.006446 0.087164 -0.047498 -0.998798 0.012083 -0.000001 0.007013 0.011763 0.999906 0 0 0 0 1 -0.998864 0.047215 0.006411 0.087164 -0.047133 -0.998811 0.012444 -0.000001 0.006991 0.012128 0.999902 0 0 0 0 1 -0.998877 0.046961 0.006338 0.087164 -0.046876 -0.998817 0.012967 -0.000001 0.00694 0.012655 0.999896 0 0 0 0 1 -0.998881 0.046881 0.006242 0.087164 -0.046791 -0.99881 0.013748 -0.000001 0.006879 0.013441 0.999886 0 0 0 0 1 -0.998875 0.047018 0.006172 0.087164 -0.046922 -0.998789 0.01482 -0.000001 0.006861 0.014514 0.999871 0 0 0 0 1 -0.998857 0.047391 0.006207 0.087164 -0.047286 -0.998752 0.01609 -0.000001 0.006962 0.015778 0.999851 0 0 0 0 1 -0.998825 0.048034 0.006425 0.087164 -0.047918 -0.998705 0.017085 -0.000001 0.007238 0.016757 0.999833 0 0 0 0 1 -0.998776 0.04898 0.006825 0.087164 -0.048855 -0.998655 0.017359 -0.000001 0.007666 0.017005 0.999826 0 0 0 0 1 -0.998713 0.0502 0.007295 0.087164 -0.050074 -0.998609 0.016527 -0.000001 0.008114 0.016141 0.999837 0 0 0 0 1 -0.998641 0.051553 0.00766 0.087164 -0.051438 -0.99857 0.014558 -0.000001 0.0084 0.014144 0.999865 0 0 0 0 1 -0.998572 0.052851 0.007797 0.087164 -0.052757 -0.998538 0.011787 -0.000001 0.008408 0.011359 0.9999 0 0 0 0 1 -0.998514 0.053958 0.007695 0.087164 -0.053889 -0.998507 0.008905 -0.000001 0.008164 0.008477 0.999931 0 0 0 0 1 -0.998469 0.054816 0.007441 0.087164 -0.054768 -0.998478 0.006547 -0.000001 0.007789 0.00613 0.999951 0 0 0 0 1 -0.998437 0.055426 0.00715 0.087164 -0.055391 -0.998452 0.005101 -0.000001 0.007422 0.004697 0.999961 0 0 0 0 1 -0.998416 0.055832 0.006935 0.087164 -0.055801 -0.998431 0.004559 -0.000001 0.007179 0.004165 0.999966 0 0 0 0 1 -0.9984 0.05613 0.00687 0.087164 -0.056098 -0.998414 0.004779 -0.000001 0.007127 0.004386 0.999965 0 0 0 0 1 -0.998384 0.056392 0.006958 0.087164 -0.056353 -0.998395 0.005617 -0.000001 0.007264 0.005216 0.99996 0 0 0 0 1 -0.998373 0.056572 0.007123 0.087164 -0.056523 -0.998377 0.006981 -0.000001 0.007506 0.006567 0.99995 0 0 0 0 1 -0.998373 0.056556 0.007265 0.087164 -0.056493 -0.998365 0.008653 -0.000001 0.007742 0.008229 0.999936 0 0 0 0 1 -0.998387 0.056303 0.007312 0.087164 -0.056226 -0.998365 0.0103 -0.000001 0.00788 0.009872 0.99992 0 0 0 0 1 -0.998409 0.055913 0.007253 0.087164 -0.055827 -0.998372 0.011654 -0.000001 0.007893 0.011231 0.999906 0 0 0 0 1 -0.998431 0.055542 0.007128 0.087164 -0.055448 -0.99838 0.012771 -0.000001 0.007826 0.012356 0.999893 0 0 0 0 1 -0.998446 0.05528 0.007 0.087164 -0.055179 -0.99838 0.013852 -0.000001 0.007754 0.013445 0.99988 0 0 0 0 1 -0.998457 0.055107 0.006899 0.087164 -0.054998 -0.998373 0.01502 -0.000001 0.007715 0.014618 0.999863 0 0 0 0 1 -0.998465 0.054958 0.006814 0.087164 -0.054843 -0.998365 0.016111 -0.000001 0.007689 0.015713 0.999847 0 0 0 0 1 -0.998475 0.054788 0.006721 0.087164 -0.054669 -0.998364 0.01676 -0.000001 0.007628 0.016367 0.999837 0 0 0 0 1 -0.998486 0.05461 0.006607 0.087164 -0.054493 -0.998374 0.01673 -0.000001 0.00751 0.016344 0.999838 0 0 0 0 1 -0.998497 0.054415 0.006464 0.087164 -0.054307 -0.998398 0.015851 -0.000001 0.007317 0.015477 0.999853 0 0 0 0 1 -0.998506 0.054265 0.006393 0.087164 -0.054171 -0.998433 0.014058 -0.000001 0.007146 0.01369 0.999881 0 0 0 0 1</float_array>
        <technique_common>
          <accessor source="#LeftUpLeg_Helper2_matrix_LeftUpLeg_Helper2_transform-output-array" count="106" stride="16">
            <param name="TRANSFORM" type="float4x4"/>
          </accessor>
        </technique_common>
      </source>
      <source id="LeftUpLeg_Helper2_matrix_LeftUpLeg_Helper2_transform-interpolations">
        <Name_array id="LeftUpLeg_Helper2_matrix_LeftUpLeg_Helper2_transform-interpolations-array" count="106">LINEAR LINEAR LINEAR LINEAR LINEAR LINEAR LINEAR LINEAR LINEAR LINEAR LINEAR LINEAR LINEAR LINEAR LINEAR LINEAR LINEAR LINEAR LINEAR LINEAR LINEAR LINEAR LINEAR LINEAR LINEAR LINEAR LINEAR LINEAR LINEAR LINEAR LINEAR LINEAR LINEAR LINEAR LINEAR LINEAR LINEAR LINEAR LINEAR LINEAR LINEAR LINEAR LINEAR LINEAR LINEAR LINEAR LINEAR LINEAR LINEAR LINEAR LINEAR LINEAR LINEAR LINEAR LINEAR LINEAR LINEAR LINEAR LINEAR LINEAR LINEAR LINEAR LINEAR LINEAR LINEAR LINEAR LINEAR LINEAR LINEAR LINEAR LINEAR LINEAR LINEAR LINEAR LINEAR LINEAR LINEAR LINEAR LINEAR LINEAR LINEAR LINEAR LINEAR LINEAR LINEAR LINEAR LINEAR LINEAR LINEAR LINEAR LINEAR LINEAR LINEAR LINEAR LINEAR LINEAR LINEAR LINEAR LINEAR LINEAR LINEAR LINEAR LINEAR LINEAR LINEAR LINEAR</Name_array>
        <technique_common>
          <accessor source="#LeftUpLeg_Helper2_matrix_LeftUpLeg_Helper2_transform-interpolations-array" count="106" stride="1">
            <param name="INTERPOLATION" type="Name"/>
          </accessor>
        </technique_common>
      </source>
      <sampler id="LeftUpLeg_Helper2_matrix_LeftUpLeg_Helper2_transform-sampler">
        <input semantic="INPUT" source="#LeftUpLeg_Helper2_matrix_LeftUpLeg_Helper2_transform-input"/>
        <input semantic="OUTPUT" source="#LeftUpLeg_Helper2_matrix_LeftUpLeg_Helper2_transform-output"/>
        <input semantic="INTERPOLATION" source="#LeftUpLeg_Helper2_matrix_LeftUpLeg_Helper2_transform-interpolations"/>
      </sampler>
      <channel source="#LeftUpLeg_Helper2_matrix_LeftUpLeg_Helper2_transform-sampler" target="LeftUpLeg_Helper2/transform"/>
    </animation>
    <animation id="RightUpLeg_Helper2_matrix">
      <source id="RightUpLeg_Helper2_matrix_RightUpLeg_Helper2_transform-input">
        <float_array id="RightUpLeg_Helper2_matrix_RightUpLeg_Helper2_transform-input-array" count="106">0 0.033333 0.066666 0.1 0.133333 0.166667 0.2 0.233333 0.266667 0.3 0.333333 0.366667 0.4 0.433333 0.466667 0.5 0.533333 0.566667 0.6 0.633333 0.666667 0.7 0.733333 0.766667 0.8 0.833333 0.866667 0.9 0.933333 0.966667 1 1.03333 1.06667 1.1 1.13333 1.16667 1.2 1.23333 1.26667 1.3 1.33333 1.36667 1.4 1.43333 1.46667 1.5 1.53333 1.56667 1.6 1.63333 1.66667 1.7 1.73333 1.76667 1.8 1.83333 1.86667 1.9 1.93333 1.96667 2 2.03333 2.06667 2.1 2.13333 2.16667 2.2 2.23333 2.26667 2.3 2.33333 2.36667 2.4 2.43333 2.46667 2.5 2.53333 2.56667 2.6 2.63333 2.66667 2.7 2.73333 2.76667 2.8 2.83333 2.86667 2.9 2.93333 2.96667 3 3.03333 3.06667 3.1 3.13333 3.16667 3.2 3.23333 3.26667 3.3 3.33333 3.36667 3.4 3.43333 3.46667 3.5</float_array>
        <technique_common>
          <accessor source="#RightUpLeg_Helper2_matrix_RightUpLeg_Helper2_transform-input-array" count="106" stride="1">
            <param name="TIME" type="float"/>
          </accessor>
        </technique_common>
        <technique profile="MAYA">
          <pre_infinity>CONSTANT</pre_infinity>
          <post_infinity>CONSTANT</post_infinity>
        </technique>
      </source>
      <source id="RightUpLeg_Helper2_matrix_RightUpLeg_Helper2_transform-output">
        <float_array id="RightUpLeg_Helper2_matrix_RightUpLeg_Helper2_transform-output-array" count="1696">-0.998514 0.054112 0.006393 -0.087164 0.054018 0.998441 -0.014059 0 -0.007144 -0.013693 -0.999881 0 0 0 0 1 -0.998514 0.054112 0.006441 -0.087164 0.054016 0.998439 -0.014214 0 -0.0072 -0.013845 -0.999878 0 0 0 0 1 -0.998514 0.054112 0.006505 -0.087164 0.054014 0.998436 -0.014428 0 -0.007275 -0.014055 -0.999875 0 0 0 0 1 -0.998513 0.054112 0.006561 -0.087164 0.054011 0.998433 -0.014659 0 -0.007344 -0.014283 -0.999871 0 0 0 0 1 -0.998513 0.054112 0.006597 -0.087164 0.054009 0.99843 -0.01487 0 -0.007392 -0.014492 -0.999868 0 0 0 0 1 -0.998513 0.054112 0.006611 -0.087164 0.054008 0.998427 -0.015045 0 -0.007415 -0.014666 -0.999865 0 0 0 0 1 -0.998515 0.054068 0.006623 -0.087164 0.053963 0.998427 -0.015216 0 -0.007435 -0.014836 -0.999862 0 0 0 0 1 -0.998518 0.054018 0.006652 -0.087164 0.05391 0.998427 -0.015429 0 -0.007475 -0.015047 -0.999859 0 0 0 0 1 -0.99852 0.053969 0.006697 -0.087164 0.053859 0.998425 -0.015691 0 -0.007534 -0.015307 -0.999854 0 0 0 0 1 -0.998521 0.053952 0.006743 -0.087164 0.053839 0.998422 -0.015944 0 -0.007593 -0.015558 -0.99985 0 0 0 0 1 -0.998518 0.054006 0.006771 -0.087164 0.05389 0.998416 -0.016167 0 -0.007634 -0.015778 -0.999846 0 0 0 0 1 -0.99851 0.054142 0.006786 -0.087164 0.054024 0.998405 -0.016404 0 -0.007664 -0.016013 -0.999842 0 0 0 0 1 -0.998501 0.054318 0.006796 -0.087164 0.054198 0.99839 -0.01671 0 -0.007693 -0.016317 -0.999837 0 0 0 0 1 -0.998493 0.054448 0.006805 -0.087164 0.054326 0.998379 -0.016954 0 -0.007717 -0.016559 -0.999833 0 0 0 0 1 -0.998494 0.054438 0.006816 -0.087164 0.054317 0.998381 -0.016858 0 -0.007723 -0.016462 -0.999835 0 0 0 0 1 -0.998504 0.054258 0.006833 -0.087164 0.054141 0.998401 -0.016276 0 -0.007705 -0.015881 -0.999844 0 0 0 0 1 -0.998519 0.053972 0.006856 -0.087164 0.053861 0.99843 -0.015378 0 -0.007675 -0.014986 -0.999858 0 0 0 0 1 -0.998534 0.053683 0.006879 -0.087164 0.053579 0.998459 -0.014482 0 -0.007646 -0.014092 -0.999871 0 0 0 0 1 -0.998547 0.053438 0.006898 -0.087164 0.053339 0.998482 -0.013762 0 -0.007623 -0.013374 -0.999882 0 0 0 0 1 -0.998559 0.053214 0.006908 -0.087164 0.053119 0.998501 -0.013198 0 -0.0076 -0.012812 -0.999889 0 0 0 0 1 -0.998571 0.052991 0.006904 -0.087164 0.0529 0.998518 -0.01277 0 -0.007571 -0.012387 -0.999895 0 0 0 0 1 -0.998582 0.052799 0.006865 -0.087164 0.05271 0.99853 -0.012607 0 -0.007521 -0.012227 -0.999897 0 0 0 0 1 -0.998588 0.052688 0.006754 -0.087164 0.052598 0.998533 -0.012849 0 -0.007422 -0.012475 -0.999895 0 0 0 0 1 -0.998591 0.052648 0.006594 -0.087164 0.052556 0.998527 -0.013477 0 -0.007294 -0.013112 -0.999887 0 0 0 0 1 -0.998595 0.0526 0.006404 -0.087164 0.052504 0.998518 -0.014306 0 -0.007147 -0.01395 -0.999877 0 0 0 0 1 -0.998603 0.052478 0.006181 -0.087164 0.05238 0.998512 -0.015182 0 -0.006969 -0.014837 -0.999866 0 0 0 0 1 -0.998615 0.052271 0.005923 -0.087164 0.05217 0.998508 -0.016135 0 -0.006757 -0.015804 -0.999852 0 0 0 0 1 -0.998629 0.05203 0.005658 -0.087164 0.051925 0.9985 -0.017335 0 -0.006552 -0.017017 -0.999834 0 0 0 0 1 -0.998643 0.051791 0.00545 -0.087164 0.051679 0.998485 -0.018899 0 -0.006421 -0.018592 -0.999807 0 0 0 0 1 -0.998656 0.051548 0.005339 -0.087164 0.051428 0.998462 -0.020689 0 -0.006398 -0.020387 -0.999772 0 0 0 0 1 -0.998669 0.051305 0.00531 -0.087164 0.051174 0.99844 -0.022335 0 -0.006448 -0.022033 -0.999736 0 0 0 0 1 -0.998679 0.051106 0.005325 -0.087164 0.050968 0.998425 -0.023428 0 -0.006514 -0.023126 -0.999711 0 0 0 0 1 -0.998684 0.051012 0.005385 -0.087164 0.050871 0.998422 -0.023765 0 -0.006589 -0.023459 -0.999703 0 0 0 0 1 -0.998681 0.051047 0.005519 -0.087164 0.050905 0.998429 -0.02343 0 -0.006707 -0.023119 -0.99971 0 0 0 0 1 -0.998672 0.051189 0.005732 -0.087164 0.051046 0.998437 -0.022742 0 -0.006888 -0.022419 -0.999725 0 0 0 0 1 -0.99866 0.051406 0.005987 -0.087164 0.051262 0.998442 -0.022059 0 -0.007112 -0.021722 -0.999739 0 0 0 0 1 -0.998644 0.051684 0.006225 -0.087164 0.051538 0.998437 -0.021614 0 -0.007332 -0.021264 -0.999747 0 0 0 0 1 -0.998626 0.052014 0.006392 -0.087164 0.051866 0.998425 -0.021387 0 -0.007494 -0.021026 -0.999751 0 0 0 0 1 -0.998608 0.052349 0.006458 -0.087164 0.052202 0.998412 -0.021154 0 -0.007555 -0.020788 -0.999755 0 0 0 0 1 -0.998594 0.052612 0.006431 -0.087164 0.052469 0.998408 -0.020712 0 -0.00751 -0.020346 -0.999765 0 0 0 0 1 -0.998586 0.052773 0.006356 -0.087164 0.052636 0.998413 -0.020035 0 -0.007403 -0.019672 -0.999779 0 0 0 0 1 -0.998581 0.052878 0.006278 -0.087164 0.052749 0.998422 -0.019251 0 -0.007286 -0.018892 -0.999795 0 0 0 0 1 -0.998574 0.053024 0.006216 -0.087164 0.052901 0.998429 -0.018467 0 -0.007185 -0.018112 -0.99981 0 0 0 0 1 -0.998561 0.053264 0.006162 -0.087164 0.053147 0.998429 -0.01772 0 -0.007096 -0.017367 -0.999824 0 0 0 0 1 -0.998544 0.053591 0.00612 -0.087164 0.05348 0.998424 -0.017031 0 -0.007023 -0.016679 -0.999836 0 0 0 0 1 -0.998525 0.053943 0.006097 -0.087164 0.053836 0.998414 -0.016438 0 -0.006974 -0.016086 -0.999846 0 0 0 0 1 -0.998509 0.054244 0.006074 -0.087164 0.054141 0.998406 -0.015949 0 -0.006929 -0.015596 -0.999854 0 0 0 0 1 -0.998499 0.054445 0.006031 -0.087164 0.054345 0.998401 -0.015551 0 -0.006868 -0.0152 -0.999861 0 0 0 0 1 -0.998494 0.054533 0.00596 -0.087164 0.054437 0.998401 -0.015245 0 -0.006782 -0.014898 -0.999866 0 0 0 0 1 -0.998495 0.054531 0.005896 -0.087164 0.054438 0.998404 -0.015013 0 -0.006706 -0.014669 -0.99987 0 0 0 0 1 -0.998498 0.054467 0.005893 -0.087164 0.054375 0.998411 -0.014767 0 -0.006688 -0.014424 -0.999874 0 0 0 0 1 -0.998503 0.05437 0.005965 -0.087164 0.05428 0.998422 -0.01442 0 -0.00674 -0.014074 -0.999878 0 0 0 0 1 -0.998508 0.054271 0.006079 -0.087164 0.054182 0.998433 -0.014021 0 -0.00683 -0.01367 -0.999883 0 0 0 0 1 -0.998511 0.054203 0.006187 -0.087164 0.054114 0.99844 -0.013735 0 -0.006922 -0.013379 -0.999887 0 0 0 0 1 -0.99851 0.054206 0.006281 -0.087164 0.054116 0.99844 -0.013721 0 -0.007015 -0.01336 -0.999886 0 0 0 0 1 -0.998502 0.054336 0.006378 -0.087164 0.054242 0.998429 -0.014053 0 -0.007131 -0.013686 -0.999881 0 0 0 0 1 -0.998485 0.054645 0.006485 -0.087164 0.054545 0.998403 -0.014722 0 -0.007279 -0.014346 -0.999871 0 0 0 0 1 -0.998458 0.055116 0.006575 -0.087164 0.055008 0.998364 -0.015621 0 -0.007425 -0.015235 -0.999856 0 0 0 0 1 -0.998428 0.055656 0.006592 -0.087164 0.055541 0.998319 -0.016548 0 -0.007502 -0.016156 -0.999841 0 0 0 0 1 -0.998403 0.056124 0.006489 -0.087164 0.056005 0.998281 -0.017247 0 -0.007445 -0.016856 -0.99983 0 0 0 0 1 -0.998386 0.056446 0.006267 -0.087164 0.056328 0.998257 -0.017616 0 -0.00725 -0.017234 -0.999825 0 0 0 0 1 -0.998377 0.056639 0.005973 -0.087164 0.056526 0.998243 -0.017759 0 -0.006969 -0.017393 -0.999824 0 0 0 0 1 -0.998371 0.056768 0.005651 -0.087164 0.056659 0.998233 -0.017893 0 -0.006657 -0.017544 -0.999824 0 0 0 0 1 -0.998367 0.056883 0.005303 -0.087164 0.056779 0.998222 -0.018148 0 -0.006326 -0.017817 -0.999821 0 0 0 0 1 -0.998362 0.056999 0.004937 -0.087164 0.056899 0.998209 -0.018484 0 -0.005982 -0.018173 -0.999817 0 0 0 0 1 -0.998357 0.057118 0.004647 -0.087164 0.057022 0.998196 -0.018793 0 -0.005712 -0.018497 -0.999813 0 0 0 0 1 -0.998349 0.057251 0.004575 -0.087164 0.057155 0.998184 -0.019044 0 -0.005657 -0.018751 -0.999808 0 0 0 0 1 -0.998339 0.057411 0.004766 -0.087164 0.057309 0.99817 -0.019301 0 -0.005865 -0.018996 -0.999802 0 0 0 0 1 -0.998327 0.057602 0.005108 -0.087164 0.057491 0.998153 -0.019637 0 -0.00623 -0.01931 -0.999794 0 0 0 0 1 -0.998312 0.057821 0.005429 -0.087164 0.057701 0.998131 -0.020106 0 -0.006581 -0.019759 -0.999783 0 0 0 0 1 -0.998296 0.058073 0.005625 -0.087164 0.057945 0.998104 -0.020753 0 -0.00682 -0.020392 -0.999769 0 0 0 0 1 -0.998279 0.058359 0.005695 -0.087164 0.058224 0.99807 -0.021594 0 -0.006944 -0.021225 -0.999751 0 0 0 0 1 -0.998261 0.058677 0.005684 -0.087164 0.058535 0.99803 -0.022594 0 -0.006998 -0.022222 -0.999729 0 0 0 0 1 -0.998241 0.059022 0.005634 -0.087164 0.058874 0.997984 -0.023689 0 -0.007021 -0.023316 -0.999703 0 0 0 0 1 -0.99822 0.059386 0.005564 -0.087164 0.059231 0.997935 -0.024859 0 -0.007029 -0.024485 -0.999675 0 0 0 0 1 -0.998198 0.05975 0.005482 -0.087164 0.059587 0.99788 -0.026152 0 -0.007033 -0.025778 -0.999643 0 0 0 0 1 -0.998178 0.060095 0.005397 -0.087164 0.059924 0.997821 -0.027622 0 -0.007045 -0.027248 -0.999604 0 0 0 0 1 -0.998159 0.060415 0.005312 -0.087164 0.060235 0.997755 -0.029255 0 -0.007068 -0.028881 -0.999558 0 0 0 0 1 -0.998143 0.060695 0.005228 -0.087164 0.060506 0.997688 -0.030951 0 -0.007094 -0.030577 -0.999507 0 0 0 0 1 -0.998131 0.060897 0.005139 -0.087164 0.060699 0.997625 -0.032568 0 -0.007111 -0.032195 -0.999456 0 0 0 0 1 -0.998127 0.060971 0.005042 -0.087164 0.060766 0.997574 -0.033965 0 -0.0071 -0.033595 -0.99941 0 0 0 0 1 -0.998132 0.060898 0.004923 -0.087164 0.060689 0.997543 -0.034992 0 -0.007042 -0.034628 -0.999375 0 0 0 0 1 -0.998146 0.060673 0.004755 -0.087164 0.060467 0.99754 -0.035472 0 -0.006895 -0.035118 -0.999359 0 0 0 0 1 -0.998172 0.06027 0.004504 -0.087164 0.060075 0.997576 -0.035105 0 -0.006609 -0.03477 -0.999373 0 0 0 0 1 -0.998212 0.059622 0.004178 -0.087164 0.059449 0.997667 -0.033563 0 -0.006169 -0.033255 -0.999428 0 0 0 0 1 -0.998268 0.0587 0.003863 -0.087164 0.058555 0.997815 -0.030591 0 -0.005651 -0.030312 -0.999524 0 0 0 0 1 -0.998334 0.057578 0.003694 -0.087164 0.057461 0.998001 -0.026326 0 -0.005202 -0.02607 -0.999647 0 0 0 0 1 -0.9984 0.056421 0.003758 -0.087164 0.056328 0.998185 -0.021289 0 -0.004952 -0.021043 -0.999766 0 0 0 0 1 -0.998456 0.055392 0.004037 -0.087164 0.055319 0.998335 -0.016319 0 -0.004934 -0.01607 -0.999859 0 0 0 0 1 -0.9985 0.054579 0.004429 -0.087164 0.054522 0.998438 -0.012181 0 -0.005087 -0.011921 -0.999916 0 0 0 0 1 -0.998529 0.054012 0.004827 -0.087164 0.053965 0.998499 -0.009349 0 -0.005324 -0.009075 -0.999945 0 0 0 0 1 -0.998547 0.053644 0.005166 -0.087164 0.053603 0.998532 -0.007811 0 -0.005577 -0.007523 -0.999956 0 0 0 0 1 -0.99856 0.053381 0.005411 -0.087164 0.053341 0.99855 -0.00728 0 -0.005792 -0.006981 -0.999959 0 0 0 0 1 -0.998572 0.053142 0.005522 -0.087164 0.0531 0.998561 -0.007471 0 -0.005911 -0.007167 -0.999957 0 0 0 0 1 -0.998582 0.052952 0.005477 -0.087164 0.052905 0.998565 -0.00832 0 -0.005909 -0.008018 -0.99995 0 0 0 0 1 -0.998585 0.052913 0.005324 -0.087164 0.052859 0.998554 -0.009775 0 -0.005834 -0.009479 -0.999938 0 0 0 0 1 -0.998577 0.053069 0.005184 -0.087164 0.053006 0.998527 -0.011549 0 -0.00579 -0.011258 -0.99992 0 0 0 0 1 -0.998563 0.053338 0.005168 -0.087164 0.053266 0.998493 -0.013197 0 -0.005865 -0.012903 -0.9999 0 0 0 0 1 -0.998549 0.053591 0.005295 -0.087164 0.053509 0.998462 -0.014494 0 -0.006064 -0.014189 -0.999881 0 0 0 0 1 -0.99854 0.053744 0.005479 -0.087164 0.053654 0.998439 -0.015493 0 -0.006303 -0.015177 -0.999865 0 0 0 0 1 -0.998535 0.053814 0.005609 -0.087164 0.053716 0.998422 -0.016373 0 -0.006481 -0.016048 -0.99985 0 0 0 0 1 -0.998532 0.053871 0.005649 -0.087164 0.053767 0.998406 -0.017135 0 -0.006563 -0.016806 -0.999837 0 0 0 0 1 -0.998527 0.053969 0.005671 -0.087164 0.053862 0.998395 -0.017523 0 -0.006607 -0.017192 -0.99983 0 0 0 0 1 -0.998518 0.054108 0.005804 -0.087164 0.054001 0.998391 -0.017274 0 -0.006729 -0.016935 -0.999834 0 0 0 0 1 -0.998507 0.054273 0.006139 -0.087164 0.054168 0.998402 -0.016088 0 -0.007003 -0.015732 -0.999852 0 0 0 0 1 -0.998506 0.054266 0.006393 -0.087164 0.054172 0.998433 -0.01406 0 -0.007146 -0.013693 -0.999881 0 0 0 0 1</float_array>
        <technique_common>
          <accessor source="#RightUpLeg_Helper2_matrix_RightUpLeg_Helper2_transform-output-array" count="106" stride="16">
            <param name="TRANSFORM" type="float4x4"/>
          </accessor>
        </technique_common>
      </source>
      <source id="RightUpLeg_Helper2_matrix_RightUpLeg_Helper2_transform-interpolations">
        <Name_array id="RightUpLeg_Helper2_matrix_RightUpLeg_Helper2_transform-interpolations-array" count="106">LINEAR LINEAR LINEAR LINEAR LINEAR LINEAR LINEAR LINEAR LINEAR LINEAR LINEAR LINEAR LINEAR LINEAR LINEAR LINEAR LINEAR LINEAR LINEAR LINEAR LINEAR LINEAR LINEAR LINEAR LINEAR LINEAR LINEAR LINEAR LINEAR LINEAR LINEAR LINEAR LINEAR LINEAR LINEAR LINEAR LINEAR LINEAR LINEAR LINEAR LINEAR LINEAR LINEAR LINEAR LINEAR LINEAR LINEAR LINEAR LINEAR LINEAR LINEAR LINEAR LINEAR LINEAR LINEAR LINEAR LINEAR LINEAR LINEAR LINEAR LINEAR LINEAR LINEAR LINEAR LINEAR LINEAR LINEAR LINEAR LINEAR LINEAR LINEAR LINEAR LINEAR LINEAR LINEAR LINEAR LINEAR LINEAR LINEAR LINEAR LINEAR LINEAR LINEAR LINEAR LINEAR LINEAR LINEAR LINEAR LINEAR LINEAR LINEAR LINEAR LINEAR LINEAR LINEAR LINEAR LINEAR LINEAR LINEAR LINEAR LINEAR LINEAR LINEAR LINEAR LINEAR LINEAR</Name_array>
        <technique_common>
          <accessor source="#RightUpLeg_Helper2_matrix_RightUpLeg_Helper2_transform-interpolations-array" count="106" stride="1">
            <param name="INTERPOLATION" type="Name"/>
          </accessor>
        </technique_common>
      </source>
      <sampler id="RightUpLeg_Helper2_matrix_RightUpLeg_Helper2_transform-sampler">
        <input semantic="INPUT" source="#RightUpLeg_Helper2_matrix_RightUpLeg_Helper2_transform-input"/>
        <input semantic="OUTPUT" source="#RightUpLeg_Helper2_matrix_RightUpLeg_Helper2_transform-output"/>
        <input semantic="INTERPOLATION" source="#RightUpLeg_Helper2_matrix_RightUpLeg_Helper2_transform-interpolations"/>
      </sampler>
      <channel source="#RightUpLeg_Helper2_matrix_RightUpLeg_Helper2_transform-sampler" target="RightUpLeg_Helper2/transform"/>
    </animation>
    <animation id="LeftUpLeg_matrix">
      <source id="LeftUpLeg_matrix_LeftUpLeg_transform-input">
        <float_array id="LeftUpLeg_matrix_LeftUpLeg_transform-input-array" count="106">0 0.033333 0.066666 0.1 0.133333 0.166667 0.2 0.233333 0.266667 0.3 0.333333 0.366667 0.4 0.433333 0.466667 0.5 0.533333 0.566667 0.6 0.633333 0.666667 0.7 0.733333 0.766667 0.8 0.833333 0.866667 0.9 0.933333 0.966667 1 1.03333 1.06667 1.1 1.13333 1.16667 1.2 1.23333 1.26667 1.3 1.33333 1.36667 1.4 1.43333 1.46667 1.5 1.53333 1.56667 1.6 1.63333 1.66667 1.7 1.73333 1.76667 1.8 1.83333 1.86667 1.9 1.93333 1.96667 2 2.03333 2.06667 2.1 2.13333 2.16667 2.2 2.23333 2.26667 2.3 2.33333 2.36667 2.4 2.43333 2.46667 2.5 2.53333 2.56667 2.6 2.63333 2.66667 2.7 2.73333 2.76667 2.8 2.83333 2.86667 2.9 2.93333 2.96667 3 3.03333 3.06667 3.1 3.13333 3.16667 3.2 3.23333 3.26667 3.3 3.33333 3.36667 3.4 3.43333 3.46667 3.5</float_array>
        <technique_common>
          <accessor source="#LeftUpLeg_matrix_LeftUpLeg_transform-input-array" count="106" stride="1">
            <param name="TIME" type="float"/>
          </accessor>
        </technique_common>
        <technique profile="MAYA">
          <pre_infinity>CONSTANT</pre_infinity>
          <post_infinity>CONSTANT</post_infinity>
        </technique>
      </source>
      <source id="LeftUpLeg_matrix_LeftUpLeg_transform-output">
        <float_array id="LeftUpLeg_matrix_LeftUpLeg_transform-output-array" count="1696">-0.998445 0.054265 0.012787 0.087164 -0.05408 -0.998433 0.014404 -0.000001 0.013549 0.01369 0.999814 0 0 0 0 1 -0.998438 0.054384 0.012787 0.087164 -0.054194 -0.998421 0.014786 -0.000001 0.013571 0.01407 0.999809 0 0 0 0 1 -0.99843 0.054534 0.012787 0.087164 -0.054337 -0.998406 0.015263 -0.000001 0.013599 0.014544 0.999802 0 0 0 0 1 -0.998422 0.054687 0.012787 0.087164 -0.054484 -0.99839 0.015753 -0.000001 0.013628 0.015031 0.999794 0 0 0 0 1 -0.998413 0.054845 0.012787 0.087164 -0.054635 -0.998374 0.016267 -0.000001 0.013658 0.015543 0.999786 0 0 0 0 1 -0.998404 0.05501 0.012787 0.087164 -0.054792 -0.998356 0.016815 -0.000001 0.013691 0.016088 0.999777 0 0 0 0 1 -0.998396 0.05518 0.012708 0.087164 -0.054956 -0.998337 0.017388 -0.000001 0.013647 0.016662 0.999768 0 0 0 0 1 -0.998388 0.05534 0.012588 0.087164 -0.05511 -0.998318 0.017976 -0.000001 0.013562 0.017254 0.999759 0 0 0 0 1 -0.998383 0.055469 0.012454 0.087164 -0.055233 -0.998302 0.018526 -0.000001 0.01346 0.017809 0.999751 0 0 0 0 1 -0.998381 0.055531 0.012323 0.087164 -0.055292 -0.99829 0.018953 -0.000001 0.013354 0.018241 0.999744 0 0 0 0 1 -0.998383 0.055518 0.012197 0.087164 -0.055278 -0.998286 0.019197 -0.000001 0.013241 0.018492 0.999741 0 0 0 0 1 -0.99839 0.05542 0.01205 0.087164 -0.055181 -0.998289 0.019332 -0.000001 0.013101 0.018636 0.99974 0 0 0 0 1 -0.998401 0.055272 0.01185 0.087164 -0.055035 -0.998295 0.019458 -0.000001 0.012905 0.018774 0.99974 0 0 0 0 1 -0.99841 0.055158 0.011637 0.087164 -0.054924 -0.998298 0.019587 -0.000001 0.012698 0.018917 0.99974 0 0 0 0 1 -0.99841 0.055171 0.011531 0.087164 -0.054938 -0.998297 0.019611 -0.000001 0.012594 0.018946 0.999741 0 0 0 0 1 -0.9984 0.055334 0.011637 0.087164 -0.055101 -0.998292 0.019427 -0.000001 0.012692 0.018755 0.999744 0 0 0 0 1 -0.998382 0.055605 0.011896 0.087164 -0.055372 -0.998283 0.019113 -0.000001 0.012938 0.018423 0.999747 0 0 0 0 1 -0.998362 0.055914 0.012113 0.087164 -0.055681 -0.998271 0.018842 -0.000001 0.013146 0.018137 0.999749 0 0 0 0 1 -0.998345 0.056222 0.012094 0.087164 -0.05599 -0.998256 0.018724 -0.000001 0.013126 0.018015 0.999752 0 0 0 0 1 -0.99833 0.056514 0.011982 0.087164 -0.056284 -0.998239 0.018761 -0.000001 0.013021 0.018055 0.999752 0 0 0 0 1 -0.998315 0.056782 0.011935 0.087164 -0.056551 -0.998221 0.018914 -0.000001 0.012987 0.018207 0.99975 0 0 0 0 1 -0.998301 0.056997 0.012067 0.087164 -0.05676 -0.998204 0.019184 -0.000001 0.013139 0.018466 0.999743 0 0 0 0 1 -0.99829 0.057133 0.012355 0.087164 -0.056884 -0.998188 0.019597 -0.000001 0.013452 0.018861 0.999732 0 0 0 0 1 -0.998284 0.057199 0.012583 0.087164 -0.056939 -0.998175 0.020124 -0.000001 0.013711 0.019373 0.999718 0 0 0 0 1 -0.99828 0.057257 0.01258 0.087164 -0.05699 -0.99816 0.020689 -0.000001 0.013741 0.019936 0.999707 0 0 0 0 1 -0.998276 0.057367 0.012393 0.087164 -0.057095 -0.998142 0.021266 -0.000001 0.01359 0.020521 0.999697 0 0 0 0 1 -0.998268 0.057536 0.012267 0.087164 -0.057258 -0.998118 0.021958 -0.000001 0.013507 0.021217 0.999684 0 0 0 0 1 -0.998255 0.057735 0.012408 0.087164 -0.05744 -0.998085 0.022945 -0.000001 0.013709 0.022192 0.99966 0 0 0 0 1 -0.998238 0.057949 0.012778 0.087164 -0.057626 -0.998042 0.024313 -0.000001 0.014162 0.023534 0.999623 0 0 0 0 1 -0.99822 0.058175 0.013116 0.087164 -0.057821 -0.997991 0.025913 -0.000001 0.014597 0.025108 0.999578 0 0 0 0 1 -0.998206 0.058398 0.013199 0.087164 -0.058021 -0.99794 0.027358 -0.000001 0.014769 0.026543 0.999539 0 0 0 0 1 -0.998199 0.058551 0.013024 0.087164 -0.058166 -0.997908 0.028219 -0.000001 0.014649 0.02741 0.999517 0 0 0 0 1 -0.998201 0.058579 0.012757 0.087164 -0.058201 -0.997905 0.02825 -0.000001 0.014385 0.027457 0.999519 0 0 0 0 1 -0.998211 0.058458 0.012531 0.087164 -0.058097 -0.997932 0.027503 -0.000001 0.014113 0.026726 0.999543 0 0 0 0 1 -0.998227 0.058226 0.01234 0.087164 -0.057886 -0.997976 0.026314 -0.000001 0.013847 0.025553 0.999578 0 0 0 0 1 -0.998247 0.057926 0.012103 0.087164 -0.057609 -0.998025 0.025055 -0.000001 0.013531 0.024314 0.999613 0 0 0 0 1 -0.998271 0.057575 0.011794 0.087164 -0.05728 -0.99807 0.023968 -0.000001 0.013151 0.023251 0.999643 0 0 0 0 1 -0.998299 0.057165 0.011485 0.087164 -0.05689 -0.998116 0.022992 -0.000001 0.012778 0.0223 0.99967 0 0 0 0 1 -0.998325 0.056744 0.011272 0.087164 -0.056486 -0.998161 0.022003 -0.000001 0.0125 0.021329 0.999694 0 0 0 0 1 -0.998346 0.056391 0.011206 0.087164 -0.056148 -0.998203 0.020941 -0.000001 0.012366 0.020277 0.999718 0 0 0 0 1 -0.998358 0.056154 0.011275 0.087164 -0.055923 -0.998237 0.01989 -0.000001 0.012372 0.019226 0.999739 0 0 0 0 1 -0.998366 0.05599 0.011432 0.087164 -0.055768 -0.998265 0.018913 -0.000001 0.012471 0.018244 0.999756 0 0 0 0 1 -0.998374 0.055804 0.011609 0.087164 -0.05559 -0.998292 0.017951 -0.000001 0.012591 0.017277 0.999771 0 0 0 0 1 -0.998388 0.055529 0.011742 0.087164 -0.055326 -0.998325 0.016918 -0.000001 0.012662 0.016241 0.999788 0 0 0 0 1 -0.998407 0.055168 0.011803 0.087164 -0.054979 -0.998362 0.015821 -0.000001 0.012657 0.015147 0.999805 0 0 0 0 1 -0.998429 0.054781 0.011792 0.087164 -0.054605 -0.998399 0.014786 -0.000001 0.012583 0.014119 0.999821 0 0 0 0 1 -0.998448 0.054443 0.011705 0.087164 -0.054278 -0.998428 0.01397 -0.000001 0.012447 0.013313 0.999834 0 0 0 0 1 -0.998463 0.05421 0.011521 0.087164 -0.054053 -0.998447 0.013508 -0.000001 0.012235 0.012865 0.999842 0 0 0 0 1 -0.998472 0.054092 0.01127 0.087164 -0.05394 -0.998454 0.013418 -0.000001 0.011978 0.01279 0.999846 0 0 0 0 1 -0.998475 0.054083 0.011065 0.087164 -0.053932 -0.998452 0.013585 -0.000001 0.011782 0.012968 0.999846 0 0 0 0 1 -0.998473 0.054128 0.011032 0.087164 -0.053974 -0.998447 0.013779 -0.000001 0.011761 0.013163 0.999844 0 0 0 0 1 -0.998466 0.054223 0.011222 0.087164 -0.054066 -0.998441 0.013861 -0.000001 0.011956 0.013233 0.999841 0 0 0 0 1 -0.998456 0.054321 0.011592 0.087164 -0.054159 -0.998436 0.013861 -0.000001 0.012327 0.013212 0.999837 0 0 0 0 1 -0.998447 0.054392 0.012059 0.087164 -0.054223 -0.998432 0.013922 -0.000001 0.012797 0.013246 0.99983 0 0 0 0 1 -0.998441 0.054397 0.0125 0.087164 -0.05422 -0.998429 0.014119 -0.000001 0.013248 0.013419 0.999822 0 0 0 0 1 -0.998444 0.054292 0.012758 0.087164 -0.054108 -0.998432 0.014362 -0.000001 0.013518 0.01365 0.999815 0 0 0 0 1 -0.998459 0.05402 0.012746 0.087164 -0.053834 -0.998444 0.014524 -0.000001 0.01351 0.013816 0.999813 0 0 0 0 1 -0.998484 0.053591 0.012533 0.087164 -0.053408 -0.998467 0.014557 -0.000001 0.013294 0.013866 0.999815 0 0 0 0 1 -0.998514 0.053094 0.01229 0.087164 -0.052915 -0.998494 0.01448 -0.000001 0.01304 0.013808 0.99982 0 0 0 0 1 -0.998539 0.052656 0.012122 0.087164 -0.05248 -0.998519 0.014343 -0.000001 0.012859 0.013686 0.999824 0 0 0 0 1 -0.998556 0.052341 0.012066 0.087164 -0.052168 -0.998538 0.014183 -0.000001 0.012791 0.013533 0.999827 0 0 0 0 1 -0.998565 0.052137 0.012215 0.087164 -0.051965 -0.998551 0.014005 -0.000001 0.012928 0.01335 0.999827 0 0 0 0 1 -0.998566 0.051995 0.012709 0.087164 -0.051818 -0.998561 0.013843 -0.000001 0.01341 0.013164 0.999823 0 0 0 0 1 -0.998562 0.051871 0.013561 0.087164 -0.051685 -0.998569 0.013702 -0.000001 0.014253 0.012981 0.999814 0 0 0 0 1 -0.998555 0.051748 0.014525 0.087164 -0.051552 -0.998578 0.013541 -0.000001 0.015205 0.012772 0.999803 0 0 0 0 1 -0.998551 0.05162 0.0152 0.087164 -0.05142 -0.998589 0.013299 -0.000001 0.015865 0.012498 0.999796 0 0 0 0 1 -0.998557 0.051481 0.015303 0.087164 -0.051284 -0.9986 0.012983 -0.000001 0.01595 0.01218 0.999799 0 0 0 0 1 -0.998572 0.051317 0.01485 0.087164 -0.05113 -0.998612 0.012679 -0.000001 0.01548 0.011901 0.999809 0 0 0 0 1 -0.998593 0.051115 0.014125 0.087164 -0.050941 -0.998624 0.012439 -0.000001 0.014742 0.011702 0.999823 0 0 0 0 1 -0.998615 0.050865 0.013466 0.087164 -0.050701 -0.998639 0.012255 -0.000001 0.014071 0.011555 0.999834 0 0 0 0 1 -0.998636 0.050562 0.013055 0.087164 -0.050405 -0.998655 0.012109 -0.000001 0.013649 0.011434 0.999841 0 0 0 0 1 -0.998656 0.050212 0.012873 0.087164 -0.050058 -0.998674 0.012018 -0.000001 0.013459 0.011357 0.999845 0 0 0 0 1 -0.998676 0.049822 0.012817 0.087164 -0.049669 -0.998694 0.011981 -0.000001 0.013397 0.011328 0.999846 0 0 0 0 1 -0.998697 0.049391 0.012814 0.087164 -0.049238 -0.998715 0.011969 -0.000001 0.013388 0.011323 0.999846 0 0 0 0 1 -0.99872 0.048929 0.012841 0.087164 -0.048776 -0.998738 0.011981 -0.000001 0.013411 0.011339 0.999846 0 0 0 0 1 -0.998742 0.048456 0.012878 0.087164 -0.048301 -0.99876 0.012035 -0.000001 0.013445 0.011398 0.999845 0 0 0 0 1 -0.998764 0.048 0.012902 0.087164 -0.047844 -0.998781 0.012158 -0.000001 0.01347 0.011526 0.999843 0 0 0 0 1 -0.998784 0.047579 0.012893 0.087164 -0.047419 -0.998798 0.01239 -0.000001 0.013467 0.011763 0.99984 0 0 0 0 1 -0.998802 0.047215 0.012822 0.087164 -0.047052 -0.998811 0.012746 -0.000001 0.013409 0.012128 0.999837 0 0 0 0 1 -0.998816 0.046961 0.012676 0.087164 -0.046793 -0.998817 0.013264 -0.000001 0.013284 0.012655 0.999832 0 0 0 0 1 -0.998822 0.046881 0.012483 0.087164 -0.046705 -0.99881 0.01404 -0.000001 0.013127 0.013441 0.999824 0 0 0 0 1 -0.998818 0.047018 0.012344 0.087164 -0.04683 -0.998789 0.01511 -0.000001 0.013039 0.014514 0.99981 0 0 0 0 1 -0.998799 0.047391 0.012414 0.087164 -0.047185 -0.998752 0.016384 -0.000001 0.013175 0.015778 0.999789 0 0 0 0 1 -0.998763 0.048034 0.012851 0.087164 -0.047807 -0.998705 0.017393 -0.000001 0.01367 0.016757 0.999766 0 0 0 0 1 -0.998706 0.04898 0.013649 0.087164 -0.048736 -0.998655 0.017693 -0.000001 0.014498 0.017005 0.99975 0 0 0 0 1 -0.998633 0.0502 0.01459 0.087164 -0.049952 -0.998609 0.016893 -0.000001 0.015417 0.016141 0.999751 0 0 0 0 1 -0.998553 0.051553 0.01532 0.087164 -0.051324 -0.99857 0.014952 -0.000001 0.016069 0.014144 0.999771 0 0 0 0 1 -0.998481 0.052851 0.015594 0.087164 -0.052663 -0.998538 0.012199 -0.000001 0.016216 0.011359 0.999804 0 0 0 0 1 -0.998425 0.053958 0.015391 0.087164 -0.053818 -0.998507 0.00932 -0.000001 0.015871 0.008477 0.999838 0 0 0 0 1 -0.998385 0.054816 0.014882 0.087164 -0.054718 -0.998478 0.006955 -0.000001 0.015241 0.00613 0.999865 0 0 0 0 1 -0.99836 0.055426 0.0143 0.087164 -0.055353 -0.998452 0.005497 -0.000001 0.014583 0.004697 0.999883 0 0 0 0 1 -0.998344 0.055832 0.01387 0.087164 -0.055768 -0.998431 0.004947 -0.000001 0.014124 0.004165 0.999892 0 0 0 0 1 -0.998329 0.05613 0.01374 0.087164 -0.056064 -0.998414 0.005165 -0.000001 0.014009 0.004386 0.999892 0 0 0 0 1 -0.998312 0.056392 0.013916 0.087164 -0.056313 -0.998395 0.00601 -0.000001 0.014233 0.005216 0.999885 0 0 0 0 1 -0.998297 0.056572 0.014246 0.087164 -0.056472 -0.998377 0.007384 -0.000001 0.014641 0.006567 0.999871 0 0 0 0 1 -0.998294 0.056556 0.01453 0.087164 -0.056429 -0.998365 0.009064 -0.000001 0.015019 0.008229 0.999853 0 0 0 0 1 -0.998307 0.056303 0.014624 0.087164 -0.056149 -0.998365 0.010711 -0.000001 0.015203 0.009872 0.999836 0 0 0 0 1 -0.99833 0.055913 0.014507 0.087164 -0.05574 -0.998372 0.012059 -0.000001 0.015158 0.011231 0.999822 0 0 0 0 1 -0.998354 0.055542 0.014257 0.087164 -0.055356 -0.99838 0.013167 -0.000001 0.014965 0.012356 0.999812 0 0 0 0 1 -0.998373 0.05528 0.013999 0.087164 -0.055081 -0.99838 0.014239 -0.000001 0.014764 0.013445 0.999801 0 0 0 0 1 -0.998385 0.055107 0.013797 0.087164 -0.054893 -0.998373 0.0154 -0.000001 0.014624 0.014618 0.999786 0 0 0 0 1 -0.998396 0.054958 0.013629 0.087164 -0.054732 -0.998365 0.016485 -0.000001 0.014513 0.015713 0.999771 0 0 0 0 1 -0.998407 0.054788 0.013442 0.087164 -0.054555 -0.998364 0.017128 -0.000001 0.014359 0.016367 0.999763 0 0 0 0 1 -0.99842 0.05461 0.013215 0.087164 -0.054381 -0.998374 0.01709 -0.000001 0.014127 0.016344 0.999767 0 0 0 0 1 -0.998435 0.054415 0.012929 0.087164 -0.054203 -0.998398 0.016203 -0.000001 0.01379 0.015477 0.999785 0 0 0 0 1 -0.998445 0.054265 0.012786 0.087164 -0.05408 -0.998433 0.014404 -0.000001 0.013548 0.01369 0.999815 0 0 0 0 1</float_array>
        <technique_common>
          <accessor source="#LeftUpLeg_matrix_LeftUpLeg_transform-output-array" count="106" stride="16">
            <param name="TRANSFORM" type="float4x4"/>
          </accessor>
        </technique_common>
      </source>
      <source id="LeftUpLeg_matrix_LeftUpLeg_transform-interpolations">
        <Name_array id="LeftUpLeg_matrix_LeftUpLeg_transform-interpolations-array" count="106">LINEAR LINEAR LINEAR LINEAR LINEAR LINEAR LINEAR LINEAR LINEAR LINEAR LINEAR LINEAR LINEAR LINEAR LINEAR LINEAR LINEAR LINEAR LINEAR LINEAR LINEAR LINEAR LINEAR LINEAR LINEAR LINEAR LINEAR LINEAR LINEAR LINEAR LINEAR LINEAR LINEAR LINEAR LINEAR LINEAR LINEAR LINEAR LINEAR LINEAR LINEAR LINEAR LINEAR LINEAR LINEAR LINEAR LINEAR LINEAR LINEAR LINEAR LINEAR LINEAR LINEAR LINEAR LINEAR LINEAR LINEAR LINEAR LINEAR LINEAR LINEAR LINEAR LINEAR LINEAR LINEAR LINEAR LINEAR LINEAR LINEAR LINEAR LINEAR LINEAR LINEAR LINEAR LINEAR LINEAR LINEAR LINEAR LINEAR LINEAR LINEAR LINEAR LINEAR LINEAR LINEAR LINEAR LINEAR LINEAR LINEAR LINEAR LINEAR LINEAR LINEAR LINEAR LINEAR LINEAR LINEAR LINEAR LINEAR LINEAR LINEAR LINEAR LINEAR LINEAR LINEAR LINEAR</Name_array>
        <technique_common>
          <accessor source="#LeftUpLeg_matrix_LeftUpLeg_transform-interpolations-array" count="106" stride="1">
            <param name="INTERPOLATION" type="Name"/>
          </accessor>
        </technique_common>
      </source>
      <sampler id="LeftUpLeg_matrix_LeftUpLeg_transform-sampler">
        <input semantic="INPUT" source="#LeftUpLeg_matrix_LeftUpLeg_transform-input"/>
        <input semantic="OUTPUT" source="#LeftUpLeg_matrix_LeftUpLeg_transform-output"/>
        <input semantic="INTERPOLATION" source="#LeftUpLeg_matrix_LeftUpLeg_transform-interpolations"/>
      </sampler>
      <channel source="#LeftUpLeg_matrix_LeftUpLeg_transform-sampler" target="LeftUpLeg/transform"/>
    </animation>
    <animation id="LeftLeg_matrix">
      <source id="LeftLeg_matrix_LeftLeg_transform-input">
        <float_array id="LeftLeg_matrix_LeftLeg_transform-input-array" count="106">0 0.033333 0.066666 0.1 0.133333 0.166667 0.2 0.233333 0.266667 0.3 0.333333 0.366667 0.4 0.433333 0.466667 0.5 0.533333 0.566667 0.6 0.633333 0.666667 0.7 0.733333 0.766667 0.8 0.833333 0.866667 0.9 0.933333 0.966667 1 1.03333 1.06667 1.1 1.13333 1.16667 1.2 1.23333 1.26667 1.3 1.33333 1.36667 1.4 1.43333 1.46667 1.5 1.53333 1.56667 1.6 1.63333 1.66667 1.7 1.73333 1.76667 1.8 1.83333 1.86667 1.9 1.93333 1.96667 2 2.03333 2.06667 2.1 2.13333 2.16667 2.2 2.23333 2.26667 2.3 2.33333 2.36667 2.4 2.43333 2.46667 2.5 2.53333 2.56667 2.6 2.63333 2.66667 2.7 2.73333 2.76667 2.8 2.83333 2.86667 2.9 2.93333 2.96667 3 3.03333 3.06667 3.1 3.13333 3.16667 3.2 3.23333 3.26667 3.3 3.33333 3.36667 3.4 3.43333 3.46667 3.5</float_array>
        <technique_common>
          <accessor source="#LeftLeg_matrix_LeftLeg_transform-input-array" count="106" stride="1">
            <param name="TIME" type="float"/>
          </accessor>
        </technique_common>
        <technique profile="MAYA">
          <pre_infinity>CONSTANT</pre_infinity>
          <post_infinity>CONSTANT</post_infinity>
        </technique>
      </source>
      <source id="LeftLeg_matrix_LeftLeg_transform-output">
        <float_array id="LeftLeg_matrix_LeftLeg_transform-output-array" count="1696">1 0.00006 0.000302 0 -0.000094 0.993475 0.114049 0.513626 -0.000293 -0.114049 0.993475 0.00777 0 0 0 1 1 0.00005 0.000391 0 -0.000095 0.993218 0.11627 0.513626 -0.000383 -0.11627 0.993218 0.00777 0 0 0 1 1 0.000036 0.000509 0 -0.000097 0.992878 0.119136 0.513626 -0.000501 -0.119136 0.992878 0.00777 0 0 0 1 1 0.000028 0.000576 0 -0.000098 0.99252 0.122085 0.513626 -0.000568 -0.122085 0.992519 0.00777 0 0 0 1 1 0.000019 0.000644 0 -0.000099 0.992154 0.125026 0.513626 -0.000637 -0.125026 0.992153 0.00777 0 0 0 1 1 0.000011 0.000697 0 -0.0001 0.991793 0.127858 0.513626 -0.00069 -0.127858 0.991792 0.00777 0 0 0 1 1 0.000005 0.000726 0 -0.0001 0.991433 0.130616 0.513626 -0.000719 -0.130616 0.991433 0.00777 0 0 0 1 1 0.000000 0.000752 0 -0.000101 0.991075 0.133303 0.513626 -0.000746 -0.133303 0.991075 0.00777 0 0 0 1 1 -0.000003 0.000775 0 -0.000101 0.990735 0.135807 0.513626 -0.000768 -0.135807 0.990735 0.00777 0 0 0 1 1 -0.000007 0.000794 0 -0.000101 0.990452 0.137855 0.513626 -0.000788 -0.137855 0.990452 0.00777 0 0 0 1 1 -0.00001 0.00081 0 -0.000102 0.990268 0.139173 0.513626 -0.000804 -0.139173 0.990268 0.00777 0 0 0 1 1 -0.000013 0.000824 0 -0.000102 0.990184 0.139767 0.513626 -0.000817 -0.139767 0.990184 0.00777 0 0 0 1 1 -0.000014 0.000834 0 -0.000102 0.990162 0.139926 0.513626 -0.000828 -0.139926 0.990162 0.00777 0 0 0 1 1 -0.000015 0.000842 0 -0.000102 0.990145 0.140046 0.513626 -0.000836 -0.140046 0.990145 0.00777 0 0 0 1 1 -0.000016 0.000848 0 -0.000102 0.990097 0.140385 0.513626 -0.000842 -0.140386 0.990097 0.00777 0 0 0 1 1 -0.000017 0.000852 0 -0.000102 0.990023 0.140909 0.513626 -0.000846 -0.140909 0.990022 0.00777 0 0 0 1 1 -0.000018 0.000853 0 -0.000102 0.989931 0.141549 0.513626 -0.000847 -0.141549 0.989931 0.00777 0 0 0 1 1 -0.000018 0.000853 0 -0.000102 0.989826 0.142282 0.513626 -0.000847 -0.142282 0.989826 0.00777 0 0 0 1 1 -0.000019 0.000851 0 -0.000102 0.989699 0.143162 0.513626 -0.000845 -0.143162 0.989699 0.00777 0 0 0 1 1 -0.000019 0.000847 0 -0.000102 0.989544 0.144234 0.513626 -0.000841 -0.144234 0.989543 0.00777 0 0 0 1 1 -0.00002 0.000843 0 -0.000102 0.989366 0.145447 0.513626 -0.000837 -0.145447 0.989366 0.00777 0 0 0 1 1 -0.00002 0.000837 0 -0.000102 0.98919 0.146639 0.513626 -0.00083 -0.146639 0.98919 0.00777 0 0 0 1 1 -0.00002 0.00083 0 -0.000102 0.989039 0.147652 0.513626 -0.000824 -0.147652 0.989039 0.00777 0 0 0 1 1 -0.000019 0.000822 0 -0.000102 0.988923 0.148428 0.513626 -0.000816 -0.148428 0.988923 0.00777 0 0 0 1 1 -0.000019 0.000813 0 -0.000102 0.988839 0.148987 0.513626 -0.000807 -0.148987 0.988839 0.00777 0 0 0 1 1 -0.000018 0.000805 0 -0.000102 0.988793 0.149296 0.513626 -0.000798 -0.149296 0.988792 0.00777 0 0 0 1 1 -0.000017 0.000796 0 -0.000101 0.988803 0.149227 0.513626 -0.000789 -0.149227 0.988803 0.00777 0 0 0 1 1 -0.000015 0.000786 0 -0.000101 0.988876 0.148741 0.513626 -0.00078 -0.148741 0.988876 0.00777 0 0 0 1 1 -0.000013 0.000777 0 -0.000101 0.988981 0.148044 0.513626 -0.000771 -0.148045 0.98898 0.00777 0 0 0 1 1 -0.000012 0.000768 0 -0.000101 0.989069 0.147453 0.513626 -0.000762 -0.147453 0.989069 0.00777 0 0 0 1 1 -0.00001 0.00076 0 -0.000101 0.989139 0.146983 0.513626 -0.000753 -0.146984 0.989139 0.00777 0 0 0 1 1 -0.000007 0.000741 0 -0.000101 0.989255 0.146201 0.513626 -0.000734 -0.146201 0.989255 0.00777 0 0 0 1 1 -0.000002 0.000709 0 -0.0001 0.989496 0.144563 0.513626 -0.000702 -0.144563 0.989495 0.00777 0 0 0 1 1 0.000004 0.000671 0 -0.000099 0.989878 0.141918 0.513626 -0.000663 -0.141918 0.989878 0.00777 0 0 0 1 1 0.000011 0.000631 0 -0.000099 0.990329 0.138739 0.513626 -0.000623 -0.138739 0.990329 0.00777 0 0 0 1 1 0.000018 0.000596 0 -0.000098 0.990762 0.135614 0.513626 -0.000588 -0.135614 0.990762 0.00777 0 0 0 1 1 0.000022 0.000571 0 -0.000098 0.991141 0.132817 0.513626 -0.000563 -0.132817 0.99114 0.00777 0 0 0 1 1 0.000026 0.000553 0 -0.000098 0.991509 0.130038 0.513626 -0.000545 -0.130038 0.991509 0.00777 0 0 0 1 1 0.000029 0.000537 0 -0.000097 0.991892 0.127084 0.513626 -0.000529 -0.127084 0.991892 0.00777 0 0 0 1 1 0.000032 0.000523 0 -0.000097 0.992258 0.124191 0.513626 -0.000515 -0.124191 0.992258 0.00777 0 0 0 1 1 0.000035 0.00051 0 -0.000097 0.992541 0.121913 0.513626 -0.000502 -0.121913 0.992541 0.00777 0 0 0 1 1 0.000037 0.000498 0 -0.000097 0.992714 0.120498 0.513626 -0.00049 -0.120498 0.992714 0.00777 0 0 0 1 1 0.000039 0.000487 0 -0.000097 0.992819 0.119626 0.513626 -0.000479 -0.119626 0.992819 0.00777 0 0 0 1 1 0.00004 0.000478 0 -0.000096 0.992919 0.118794 0.513626 -0.00047 -0.118794 0.992919 0.00777 0 0 0 1 1 0.000041 0.00047 0 -0.000096 0.993043 0.117755 0.513626 -0.000462 -0.117755 0.993043 0.00777 0 0 0 1 1 0.000042 0.000463 0 -0.000096 0.993179 0.116603 0.513626 -0.000455 -0.116603 0.993178 0.00777 0 0 0 1 1 0.000044 0.000457 0 -0.000096 0.993302 0.115551 0.513626 -0.000449 -0.115551 0.993301 0.00777 0 0 0 1 1 0.000044 0.000452 0 -0.000096 0.99339 0.11479 0.513626 -0.000444 -0.11479 0.99339 0.00777 0 0 0 1 1 0.000045 0.000448 0 -0.000096 0.993443 0.11433 0.513626 -0.00044 -0.11433 0.993443 0.00777 0 0 0 1 1 0.000045 0.000445 0 -0.000096 0.993476 0.114038 0.513626 -0.000437 -0.114039 0.993476 0.00777 0 0 0 1 1 0.000046 0.000443 0 -0.000096 0.993519 0.11367 0.513626 -0.000435 -0.11367 0.993518 0.00777 0 0 0 1 1 0.000046 0.000442 0 -0.000096 0.993573 0.113192 0.513626 -0.000434 -0.113192 0.993573 0.00777 0 0 0 1 1 0.000046 0.000442 0 -0.000096 0.993614 0.112835 0.513626 -0.000434 -0.112835 0.993614 0.00777 0 0 0 1 1 0.000046 0.000443 0 -0.000096 0.993606 0.112907 0.513626 -0.000434 -0.112907 0.993605 0.00777 0 0 0 1 1 0.000046 0.000444 0 -0.000096 0.993548 0.113409 0.513626 -0.000436 -0.113409 0.993548 0.00777 0 0 0 1 1 0.000045 0.000446 0 -0.000096 0.993495 0.113878 0.513626 -0.000438 -0.113878 0.993495 0.00777 0 0 0 1 1 0.000045 0.000449 0 -0.000096 0.993499 0.113839 0.513626 -0.000441 -0.113839 0.993499 0.00777 0 0 0 1 1 0.000045 0.000452 0 -0.000096 0.993567 0.113248 0.513626 -0.000444 -0.113248 0.993567 0.00777 0 0 0 1 1 0.000045 0.000456 0 -0.000096 0.99366 0.112424 0.513626 -0.000448 -0.112424 0.99366 0.00777 0 0 0 1 1 0.000045 0.000461 0 -0.000096 0.993736 0.111752 0.513626 -0.000453 -0.111752 0.993736 0.00777 0 0 0 1 1 0.000045 0.000466 0 -0.000096 0.993778 0.111375 0.513626 -0.000458 -0.111375 0.993778 0.00777 0 0 0 1 1 0.000044 0.000471 0 -0.000096 0.993802 0.111163 0.513626 -0.000463 -0.111163 0.993802 0.00777 0 0 0 1 1 0.000044 0.000477 0 -0.000096 0.993821 0.110995 0.513626 -0.000469 -0.110995 0.993821 0.00777 0 0 0 1 1 0.000043 0.000483 0 -0.000097 0.993841 0.110811 0.513626 -0.000476 -0.110811 0.993841 0.00777 0 0 0 1 1 0.000043 0.00049 0 -0.000097 0.993865 0.110601 0.513626 -0.000482 -0.110601 0.993865 0.00777 0 0 0 1 1 0.000042 0.000497 0 -0.000097 0.993891 0.110363 0.513626 -0.000489 -0.110363 0.993891 0.00777 0 0 0 1 1 0.000042 0.000504 0 -0.000097 0.993917 0.110133 0.513626 -0.000496 -0.110133 0.993917 0.00777 0 0 0 1 1 0.000041 0.000512 0 -0.000097 0.993937 0.109955 0.513626 -0.000504 -0.109955 0.993936 0.00777 0 0 0 1 1 0.000039 0.000529 0 -0.000097 0.993964 0.109709 0.513626 -0.000521 -0.109709 0.993964 0.00777 0 0 0 1 1 0.000038 0.000543 0 -0.000097 0.994026 0.109144 0.513626 -0.000535 -0.109144 0.994026 0.00777 0 0 0 1 1 0.000038 0.000554 0 -0.000098 0.994141 0.108087 0.513626 -0.000546 -0.108087 0.994141 0.00777 0 0 0 1 1 0.000038 0.000563 0 -0.000098 0.994301 0.106606 0.513626 -0.000555 -0.106606 0.994301 0.00777 0 0 0 1 1 0.000038 0.000571 0 -0.000098 0.994494 0.104794 0.513626 -0.000564 -0.104794 0.994494 0.00777 0 0 0 1 1 0.000039 0.000579 0 -0.000098 0.994719 0.102632 0.513626 -0.000572 -0.102632 0.994719 0.00777 0 0 0 1 1 0.000039 0.000589 0 -0.000098 0.994967 0.100199 0.513626 -0.000582 -0.100199 0.994967 0.00777 0 0 0 1 1 0.00004 0.000601 0 -0.000098 0.995238 0.09747 0.513626 -0.000594 -0.09747 0.995238 0.00777 0 0 0 1 1 0.00004 0.000617 0 -0.000099 0.99552 0.094546 0.513626 -0.00061 -0.094546 0.99552 0.00777 0 0 0 1 1 0.000041 0.000638 0 -0.000099 0.995788 0.091683 0.513626 -0.000631 -0.091683 0.995788 0.00777 0 0 0 1 1 0.00004 0.000664 0 -0.000099 0.99601 0.089238 0.513626 -0.000658 -0.089238 0.99601 0.00777 0 0 0 1 1 0.000039 0.000698 0 -0.0001 0.996145 0.087716 0.513626 -0.000692 -0.087716 0.996145 0.00777 0 0 0 1 1 0.000034 0.000759 0 -0.000101 0.99613 0.087889 0.513626 -0.000753 -0.087889 0.99613 0.00777 0 0 0 1 1 0.000025 0.000855 0 -0.000102 0.995892 0.090549 0.513626 -0.00085 -0.090549 0.995892 0.00777 0 0 0 1 1 0.000009 0.000987 0 -0.000104 0.995357 0.096253 0.513626 -0.000981 -0.096253 0.995356 0.00777 0 0 0 1 0.999999 -0.000011 0.001136 0 -0.000107 0.994528 0.104471 0.513626 -0.001131 -0.104471 0.994527 0.00777 0 0 0 1 0.999999 -0.000035 0.001269 0 -0.000109 0.993467 0.114124 0.513626 -0.001265 -0.114124 0.993466 0.00777 0 0 0 1 0.999999 -0.000057 0.001352 0 -0.00011 0.992344 0.123508 0.513626 -0.001349 -0.123508 0.992343 0.00777 0 0 0 1 0.999999 -0.000069 0.001368 0 -0.00011 0.991365 0.131129 0.513626 -0.001365 -0.131129 0.991364 0.00777 0 0 0 1 0.999999 -0.000074 0.001355 0 -0.00011 0.990663 0.136334 0.513626 -0.001352 -0.136334 0.990662 0.00777 0 0 0 1 0.999999 -0.000075 0.001327 0 -0.00011 0.990209 0.139596 0.513626 -0.001325 -0.139596 0.990208 0.00777 0 0 0 1 0.999999 -0.000075 0.001301 0 -0.000109 0.989912 0.141682 0.513626 -0.001298 -0.141682 0.989911 0.00777 0 0 0 1 0.999999 -0.000073 0.001271 0 -0.000109 0.989704 0.14313 0.513626 -0.001269 -0.14313 0.989703 0.00777 0 0 0 1 0.999999 -0.000063 0.001184 0 -0.000107 0.989585 0.143952 0.513626 -0.00118 -0.143952 0.989584 0.00777 0 0 0 1 0.999999 -0.000052 0.001102 0 -0.000106 0.989551 0.144182 0.513626 -0.001098 -0.144182 0.989551 0.00777 0 0 0 1 0.999999 -0.000048 0.001073 0 -0.000106 0.989586 0.143942 0.513626 -0.001069 -0.143942 0.989585 0.00777 0 0 0 1 0.999999 -0.000047 0.001067 0 -0.000106 0.989681 0.143286 0.513626 -0.001063 -0.143286 0.989681 0.00777 0 0 0 1 0.999999 -0.000046 0.001075 0 -0.000106 0.989879 0.141913 0.513626 -0.001071 -0.141913 0.989879 0.00777 0 0 0 1 0.999999 -0.000045 0.001086 0 -0.000106 0.990224 0.139485 0.513626 -0.001082 -0.139485 0.990224 0.00777 0 0 0 1 0.999999 -0.000042 0.001091 0 -0.000106 0.990693 0.136113 0.513626 -0.001086 -0.136113 0.990693 0.00777 0 0 0 1 0.999999 -0.000037 0.001079 0 -0.000106 0.991193 0.132428 0.513626 -0.001074 -0.132428 0.991192 0.00777 0 0 0 1 0.999999 -0.000028 0.001036 0 -0.000105 0.991636 0.129064 0.513626 -0.001031 -0.129064 0.991636 0.00777 0 0 0 1 1 -0.00002 0.000989 0 -0.000104 0.991996 0.126266 0.513626 -0.000984 -0.126266 0.991996 0.00777 0 0 0 1 1 -0.000012 0.000938 0 -0.000104 0.992296 0.123887 0.513626 -0.000932 -0.123887 0.992296 0.00777 0 0 0 1 1 -0.000003 0.000876 0 -0.000103 0.992585 0.121551 0.513626 -0.00087 -0.121551 0.992585 0.00777 0 0 0 1 1 0.000007 0.00079 0 -0.000101 0.99286 0.119285 0.513626 -0.000784 -0.119285 0.99286 0.00777 0 0 0 1 1 0.000026 0.00062 0 -0.000099 0.993171 0.116664 0.513626 -0.000613 -0.116664 0.993171 0.00777 0 0 0 1 1 0.00006 0.000302 0 -0.000094 0.993475 0.114049 0.513626 -0.000293 -0.114049 0.993475 0.00777 0 0 0 1</float_array>
        <technique_common>
          <accessor source="#LeftLeg_matrix_LeftLeg_transform-output-array" count="106" stride="16">
            <param name="TRANSFORM" type="float4x4"/>
          </accessor>
        </technique_common>
      </source>
      <source id="LeftLeg_matrix_LeftLeg_transform-interpolations">
        <Name_array id="LeftLeg_matrix_LeftLeg_transform-interpolations-array" count="106">LINEAR LINEAR LINEAR LINEAR LINEAR LINEAR LINEAR LINEAR LINEAR LINEAR LINEAR LINEAR LINEAR LINEAR LINEAR LINEAR LINEAR LINEAR LINEAR LINEAR LINEAR LINEAR LINEAR LINEAR LINEAR LINEAR LINEAR LINEAR LINEAR LINEAR LINEAR LINEAR LINEAR LINEAR LINEAR LINEAR LINEAR LINEAR LINEAR LINEAR LINEAR LINEAR LINEAR LINEAR LINEAR LINEAR LINEAR LINEAR LINEAR LINEAR LINEAR LINEAR LINEAR LINEAR LINEAR LINEAR LINEAR LINEAR LINEAR LINEAR LINEAR LINEAR LINEAR LINEAR LINEAR LINEAR LINEAR LINEAR LINEAR LINEAR LINEAR LINEAR LINEAR LINEAR LINEAR LINEAR LINEAR LINEAR LINEAR LINEAR LINEAR LINEAR LINEAR LINEAR LINEAR LINEAR LINEAR LINEAR LINEAR LINEAR LINEAR LINEAR LINEAR LINEAR LINEAR LINEAR LINEAR LINEAR LINEAR LINEAR LINEAR LINEAR LINEAR LINEAR LINEAR LINEAR</Name_array>
        <technique_common>
          <accessor source="#LeftLeg_matrix_LeftLeg_transform-interpolations-array" count="106" stride="1">
            <param name="INTERPOLATION" type="Name"/>
          </accessor>
        </technique_common>
      </source>
      <sampler id="LeftLeg_matrix_LeftLeg_transform-sampler">
        <input semantic="INPUT" source="#LeftLeg_matrix_LeftLeg_transform-input"/>
        <input semantic="OUTPUT" source="#LeftLeg_matrix_LeftLeg_transform-output"/>
        <input semantic="INTERPOLATION" source="#LeftLeg_matrix_LeftLeg_transform-interpolations"/>
      </sampler>
      <channel source="#LeftLeg_matrix_LeftLeg_transform-sampler" target="LeftLeg/transform"/>
    </animation>
    <animation id="LeftFoot_matrix">
      <source id="LeftFoot_matrix_LeftFoot_transform-input">
        <float_array id="LeftFoot_matrix_LeftFoot_transform-input-array" count="106">0 0.033333 0.066666 0.1 0.133333 0.166667 0.2 0.233333 0.266667 0.3 0.333333 0.366667 0.4 0.433333 0.466667 0.5 0.533333 0.566667 0.6 0.633333 0.666667 0.7 0.733333 0.766667 0.8 0.833333 0.866667 0.9 0.933333 0.966667 1 1.03333 1.06667 1.1 1.13333 1.16667 1.2 1.23333 1.26667 1.3 1.33333 1.36667 1.4 1.43333 1.46667 1.5 1.53333 1.56667 1.6 1.63333 1.66667 1.7 1.73333 1.76667 1.8 1.83333 1.86667 1.9 1.93333 1.96667 2 2.03333 2.06667 2.1 2.13333 2.16667 2.2 2.23333 2.26667 2.3 2.33333 2.36667 2.4 2.43333 2.46667 2.5 2.53333 2.56667 2.6 2.63333 2.66667 2.7 2.73333 2.76667 2.8 2.83333 2.86667 2.9 2.93333 2.96667 3 3.03333 3.06667 3.1 3.13333 3.16667 3.2 3.23333 3.26667 3.3 3.33333 3.36667 3.4 3.43333 3.46667 3.5</float_array>
        <technique_common>
          <accessor source="#LeftFoot_matrix_LeftFoot_transform-input-array" count="106" stride="1">
            <param name="TIME" type="float"/>
          </accessor>
        </technique_common>
        <technique profile="MAYA">
          <pre_infinity>CONSTANT</pre_infinity>
          <post_infinity>CONSTANT</post_infinity>
        </technique>
      </source>
      <source id="LeftFoot_matrix_LeftFoot_transform-output">
        <float_array id="LeftFoot_matrix_LeftFoot_transform-output-array" count="1696">0.989548 -0.071651 -0.125147 0 -0.070118 0.519259 -0.851735 0.396099 0.126012 0.851608 0.508808 0 0 0 0 1 0.989557 -0.071659 -0.125066 0 -0.070207 0.51816 -0.852397 0.396099 0.125887 0.852276 0.507718 0 0 0 0 1 0.98957 -0.071665 -0.124963 0 -0.070325 0.516738 -0.853251 0.396099 0.125721 0.853139 0.506308 0 0 0 0 1 0.989587 -0.071609 -0.124862 0 -0.070482 0.515276 -0.854121 0.396099 0.125501 0.854028 0.504863 0 0 0 0 1 0.9896 -0.071526 -0.124802 0 -0.070684 0.513832 -0.854974 0.396099 0.12528 0.854904 0.503433 0 0 0 0 1 0.989614 -0.071435 -0.124748 0 -0.070884 0.512468 -0.855776 0.396099 0.125062 0.85573 0.502081 0 0 0 0 1 0.989627 -0.071335 -0.124699 0 -0.071084 0.511154 -0.856545 0.396099 0.124843 0.856524 0.500781 0 0 0 0 1 0.989641 -0.07123 -0.12465 0 -0.071281 0.509874 -0.857291 0.396099 0.124621 0.857295 0.499514 0 0 0 0 1 0.989655 -0.071122 -0.124601 0 -0.071467 0.508676 -0.857987 0.396099 0.124404 0.858016 0.49833 0 0 0 0 1 0.989666 -0.07103 -0.124559 0 -0.071618 0.5077 -0.858552 0.396099 0.124222 0.858601 0.497366 0 0 0 0 1 0.989673 -0.070978 -0.124535 0 -0.071711 0.507091 -0.858904 0.396099 0.124114 0.858965 0.496764 0 0 0 0 1 0.989672 -0.07101 -0.124524 0 -0.071722 0.506844 -0.859049 0.396099 0.124116 0.859108 0.496516 0 0 0 0 1 0.989665 -0.071122 -0.12452 0 -0.071663 0.506833 -0.859061 0.396099 0.124209 0.859106 0.496497 0 0 0 0 1 0.989656 -0.071258 -0.124513 0 -0.071588 0.50684 -0.859062 0.396099 0.124324 0.85909 0.496496 0 0 0 0 1 0.989652 -0.07133 -0.1245 0 -0.07156 0.506707 -0.859143 0.396099 0.124368 0.859162 0.49636 0 0 0 0 1 0.989656 -0.071297 -0.124487 0 -0.071604 0.50644 -0.859297 0.396099 0.124311 0.859323 0.496096 0 0 0 0 1 0.989663 -0.071235 -0.124471 0 -0.071674 0.506073 -0.859507 0.396099 0.124219 0.859544 0.495736 0 0 0 0 1 0.989668 -0.071204 -0.124448 0 -0.071732 0.505639 -0.859758 0.396099 0.124144 0.859802 0.495307 0 0 0 0 1 0.989672 -0.071195 -0.124419 0 -0.071785 0.505129 -0.860053 0.396099 0.12408 0.860102 0.494801 0 0 0 0 1 0.989676 -0.071197 -0.124386 0 -0.071843 0.50452 -0.860406 0.396099 0.124014 0.860459 0.494197 0 0 0 0 1 0.989683 -0.071164 -0.124354 0 -0.07193 0.50384 -0.860797 0.396099 0.123912 0.860861 0.493523 0 0 0 0 1 0.989694 -0.071041 -0.124337 0 -0.072071 0.503176 -0.861173 0.396099 0.123742 0.861259 0.49287 0 0 0 0 1 0.989702 -0.070914 -0.12434 0 -0.072219 0.502607 -0.861493 0.396099 0.123586 0.861601 0.49231 0 0 0 0 1 0.989685 -0.070952 -0.124455 0 -0.072364 0.50216 -0.861742 0.396099 0.123639 0.861859 0.491846 0 0 0 0 1 0.989623 -0.071265 -0.124772 0 -0.072533 0.501831 -0.861919 0.396099 0.124039 0.862025 0.491454 0 0 0 0 1 0.989519 -0.071806 -0.125283 0 -0.072736 0.501647 -0.862009 0.396099 0.124746 0.862087 0.491166 0 0 0 0 1 0.989407 -0.072372 -0.125838 0 -0.072935 0.501669 -0.861979 0.396099 0.125512 0.862027 0.491077 0 0 0 0 1 0.989323 -0.072765 -0.126275 0 -0.073083 0.501922 -0.86182 0.396099 0.126091 0.861847 0.491245 0 0 0 0 1 0.989271 -0.07296 -0.126568 0 -0.073183 0.502319 -0.86158 0.396099 0.126439 0.861599 0.49159 0 0 0 0 1 0.989227 -0.073093 -0.126838 0 -0.073294 0.502714 -0.86134 0.396099 0.126722 0.861357 0.491941 0 0 0 0 1 0.989165 -0.073305 -0.127192 0 -0.073444 0.503076 -0.861116 0.396099 0.127112 0.861128 0.492242 0 0 0 0 1 0.989092 -0.073594 -0.127599 0 -0.07358 0.503575 -0.860812 0.396099 0.127607 0.860811 0.492667 0 0 0 0 1 0.989032 -0.073838 -0.127918 0 -0.073608 0.504442 -0.860303 0.396099 0.12805 0.860283 0.493474 0 0 0 0 1 0.989006 -0.073931 -0.128068 0 -0.073495 0.505758 -0.859539 0.396099 0.128318 0.859502 0.494764 0 0 0 0 1 0.988992 -0.073864 -0.128214 0 -0.073418 0.507355 -0.858604 0.396099 0.12847 0.858566 0.496347 0 0 0 0 1 0.98898 -0.073782 -0.128354 0 -0.073342 0.508943 -0.85767 0.396099 0.128605 0.857632 0.497923 0 0 0 0 1 0.988963 -0.07382 -0.128462 0 -0.073202 0.510374 -0.856832 0.396099 0.128815 0.856779 0.499337 0 0 0 0 1 0.988935 -0.074065 -0.128537 0 -0.072936 0.511748 -0.856034 0.396099 0.129181 0.855937 0.500683 0 0 0 0 1 0.988902 -0.07439 -0.1286 0 -0.072608 0.513187 -0.8552 0.396099 0.129615 0.855047 0.502091 0 0 0 0 1 0.988874 -0.074672 -0.128652 0 -0.072297 0.514583 -0.854387 0.396099 0.130001 0.854183 0.503459 0 0 0 0 1 0.988858 -0.074848 -0.128675 0 -0.072064 0.515661 -0.853757 0.396099 0.130255 0.853517 0.504522 0 0 0 0 1 0.988859 -0.074926 -0.128621 0 -0.071881 0.516294 -0.85339 0.396099 0.130348 0.853128 0.505156 0 0 0 0 1 0.988871 -0.074956 -0.128516 0 -0.07172 0.516648 -0.853189 0.396099 0.13035 0.852911 0.505522 0 0 0 0 1 0.988888 -0.074977 -0.128371 0 -0.071534 0.516978 -0.853005 0.396099 0.130322 0.852709 0.505869 0 0 0 0 1 0.988908 -0.074997 -0.128201 0 -0.071309 0.517419 -0.852756 0.396099 0.130289 0.852439 0.506332 0 0 0 0 1 0.988932 -0.075009 -0.128016 0 -0.071064 0.51794 -0.85246 0.396099 0.130247 0.852122 0.506877 0 0 0 0 1 0.988955 -0.075004 -0.127833 0 -0.070831 0.518452 -0.852168 0.396099 0.130192 0.851811 0.507413 0 0 0 0 1 0.98898 -0.074977 -0.127664 0 -0.070635 0.518869 -0.85193 0.396099 0.130116 0.851559 0.507855 0 0 0 0 1 0.989004 -0.074927 -0.127503 0 -0.070475 0.519181 -0.851753 0.396099 0.130017 0.851373 0.508192 0 0 0 0 1 0.989036 -0.074806 -0.127326 0 -0.070346 0.519428 -0.851613 0.396099 0.129843 0.851233 0.508471 0 0 0 0 1 0.989086 -0.074545 -0.127093 0 -0.070238 0.51971 -0.851451 0.396099 0.129523 0.851084 0.508802 0 0 0 0 1 0.989162 -0.074098 -0.126759 0 -0.070133 0.520016 -0.851272 0.396099 0.128995 0.850936 0.509183 0 0 0 0 1 0.989264 -0.073487 -0.126319 0 -0.07004 0.520212 -0.85116 0.396099 0.128262 0.850869 0.50948 0 0 0 0 1 0.989378 -0.072803 -0.125823 0 -0.069977 0.520133 -0.851214 0.396099 0.127416 0.850977 0.509513 0 0 0 0 1 0.98948 -0.072198 -0.125366 0 -0.06995 0.519774 -0.851435 0.396099 0.126635 0.851248 0.509255 0 0 0 0 1 0.989541 -0.071849 -0.125085 0 -0.069947 0.519369 -0.851683 0.396099 0.126159 0.851524 0.508911 0 0 0 0 1 0.989548 -0.071848 -0.12503 0 -0.069931 0.519163 -0.85181 0.396099 0.126112 0.85165 0.508712 0 0 0 0 1 0.98952 -0.072081 -0.125119 0 -0.069889 0.51915 -0.851821 0.396099 0.126356 0.851638 0.508671 0 0 0 0 1 0.989489 -0.072332 -0.125222 0 -0.069843 0.519191 -0.8518 0.396099 0.126627 0.851592 0.508682 0 0 0 0 1 0.989483 -0.072426 -0.125212 0 -0.069799 0.519105 -0.851855 0.396099 0.126695 0.851636 0.508591 0 0 0 0 1 0.989503 -0.072351 -0.125093 0 -0.069775 0.51884 -0.852019 0.396099 0.126548 0.851804 0.508346 0 0 0 0 1 0.989543 -0.072143 -0.1249 0 -0.06977 0.518475 -0.852242 0.396099 0.126241 0.852044 0.50802 0 0 0 0 1 0.9896 -0.07181 -0.124641 0 -0.069773 0.5181 -0.852469 0.396099 0.125792 0.8523 0.507701 0 0 0 0 1 0.98967 -0.071383 -0.124333 0 -0.069776 0.517763 -0.852674 0.396099 0.125242 0.852541 0.507433 0 0 0 0 1 0.989731 -0.070991 -0.124067 0 -0.06979 0.517475 -0.852847 0.396099 0.124747 0.852748 0.507207 0 0 0 0 1 0.989754 -0.070825 -0.123977 0 -0.069832 0.51724 -0.852987 0.396099 0.124539 0.852905 0.506994 0 0 0 0 1 0.989719 -0.071015 -0.124147 0 -0.069909 0.517054 -0.853093 0.396099 0.124773 0.853002 0.506773 0 0 0 0 1 0.989631 -0.071544 -0.124549 0 -0.070009 0.516887 -0.853186 0.396099 0.125419 0.853059 0.506519 0 0 0 0 1 0.989515 -0.072252 -0.125056 0 -0.0701 0.516769 -0.85325 0.396099 0.126275 0.85307 0.506286 0 0 0 0 1 0.989407 -0.072929 -0.12552 0 -0.070146 0.516829 -0.85321 0.396099 0.127097 0.852977 0.506238 0 0 0 0 1 0.989326 -0.073437 -0.125859 0 -0.070125 0.517182 -0.852998 0.396099 0.127734 0.852719 0.506512 0 0 0 0 1 0.989277 -0.073764 -0.126056 0 -0.070036 0.517786 -0.852639 0.396099 0.128164 0.852324 0.507067 0 0 0 0 1 0.989248 -0.073968 -0.126163 0 -0.069902 0.518597 -0.852156 0.396099 0.128461 0.851813 0.507851 0 0 0 0 1 0.989231 -0.0741 -0.126216 0 -0.069725 0.51962 -0.851547 0.396099 0.128685 0.851178 0.508858 0 0 0 0 1 0.989221 -0.074193 -0.126245 0 -0.069529 0.520761 -0.850866 0.396099 0.128872 0.850472 0.509989 0 0 0 0 1 0.989215 -0.074254 -0.126255 0 -0.069312 0.522044 -0.850097 0.396099 0.129034 0.84968 0.511267 0 0 0 0 1 0.98921 -0.074287 -0.126274 0 -0.069096 0.523459 -0.849245 0.396099 0.129187 0.848807 0.512677 0 0 0 0 1 0.989202 -0.074306 -0.126324 0 -0.068912 0.524886 -0.848378 0.396099 0.129346 0.847923 0.514098 0 0 0 0 1 0.989192 -0.074321 -0.126395 0 -0.068772 0.526149 -0.847607 0.396099 0.129498 0.847138 0.515351 0 0 0 0 1 0.989178 -0.074323 -0.126506 0 -0.068734 0.527016 -0.847072 0.396099 0.129628 0.846599 0.516203 0 0 0 0 1 0.989162 -0.074289 -0.126648 0 -0.068863 0.527077 -0.847023 0.396099 0.129678 0.846564 0.516249 0 0 0 0 1 0.989155 -0.074149 -0.126782 0 -0.069236 0.525868 -0.847743 0.396099 0.129531 0.847328 0.515031 0 0 0 0 1 0.98917 -0.073833 -0.126854 0 -0.069902 0.522984 -0.849471 0.396099 0.129063 0.849139 0.512159 0 0 0 0 1 0.989218 -0.073252 -0.126817 0 -0.070815 0.51872 -0.852006 0.396099 0.128195 0.8518 0.507939 0 0 0 0 1 0.989302 -0.072405 -0.126644 0 -0.071862 0.51361 -0.855009 0.396099 0.126953 0.854963 0.502912 0 0 0 0 1 0.989411 -0.071408 -0.126361 0 -0.072871 0.508521 -0.85796 0.396099 0.125522 0.858083 0.497933 0 0 0 0 1 0.98952 -0.070442 -0.126046 0 -0.0737 0.504267 -0.860397 0.396099 0.124169 0.86067 0.493791 0 0 0 0 1 0.989614 -0.069634 -0.125761 0 -0.074285 0.501259 -0.862103 0.396099 0.123071 0.862491 0.49088 0 0 0 0 1 0.989685 -0.069033 -0.125534 0 -0.074659 0.499333 -0.863187 0.396099 0.122272 0.863655 0.489029 0 0 0 0 1 0.98973 -0.068658 -0.125384 0 -0.074879 0.498154 -0.863849 0.396099 0.121772 0.864366 0.487897 0 0 0 0 1 0.98975 -0.068514 -0.125305 0 -0.074977 0.497472 -0.864234 0.396099 0.121549 0.86477 0.487236 0 0 0 0 1 0.989759 -0.068475 -0.125253 0 -0.074977 0.497287 -0.86434 0.396099 0.121473 0.864879 0.487061 0 0 0 0 1 0.989768 -0.068471 -0.125184 0 -0.074879 0.497572 -0.864184 0.396099 0.121461 0.864716 0.487354 0 0 0 0 1 0.989778 -0.068466 -0.125105 0 -0.074718 0.498245 -0.863811 0.396099 0.121475 0.864329 0.488037 0 0 0 0 1 0.989789 -0.068479 -0.125013 0 -0.07449 0.499244 -0.863254 0.396099 0.121527 0.863751 0.489045 0 0 0 0 1 0.989789 -0.068594 -0.124948 0 -0.074176 0.500666 -0.862457 0.396099 0.121717 0.862919 0.490465 0 0 0 0 1 0.989749 -0.068999 -0.125043 0 -0.073781 0.502627 -0.861349 0.396099 0.122283 0.861745 0.492384 0 0 0 0 1 0.989685 -0.069616 -0.125212 0 -0.073278 0.505026 -0.859988 0.396099 0.123105 0.860292 0.494715 0 0 0 0 1 0.98962 -0.070252 -0.125363 0 -0.07273 0.50754 -0.858553 0.396099 0.123942 0.858759 0.497163 0 0 0 0 1 0.989577 -0.07074 -0.125431 0 -0.072207 0.509858 -0.857223 0.396099 0.124592 0.857345 0.499435 0 0 0 0 1 0.989564 -0.071032 -0.125369 0 -0.071716 0.511846 -0.856078 0.396099 0.124979 0.856135 0.50141 0 0 0 0 1 0.989568 -0.071181 -0.125251 0 -0.071292 0.513529 -0.855105 0.396099 0.125188 0.855115 0.503097 0 0 0 0 1 0.989573 -0.071276 -0.125156 0 -0.070934 0.515084 -0.8542 0.396099 0.12535 0.854171 0.504657 0 0 0 0 1 0.989574 -0.071376 -0.125091 0 -0.070622 0.516475 -0.853385 0.396099 0.125518 0.853322 0.50605 0 0 0 0 1 0.989576 -0.071509 -0.125002 0 -0.070257 0.517977 -0.852505 0.396099 0.125711 0.8524 0.507553 0 0 0 0 1 0.989574 -0.071638 -0.124945 0 -0.069953 0.519248 -0.851756 0.396099 0.125896 0.851616 0.508822 0 0 0 0 1</float_array>
        <technique_common>
          <accessor source="#LeftFoot_matrix_LeftFoot_transform-output-array" count="106" stride="16">
            <param name="TRANSFORM" type="float4x4"/>
          </accessor>
        </technique_common>
      </source>
      <source id="LeftFoot_matrix_LeftFoot_transform-interpolations">
        <Name_array id="LeftFoot_matrix_LeftFoot_transform-interpolations-array" count="106">LINEAR LINEAR LINEAR LINEAR LINEAR LINEAR LINEAR LINEAR LINEAR LINEAR LINEAR LINEAR LINEAR LINEAR LINEAR LINEAR LINEAR LINEAR LINEAR LINEAR LINEAR LINEAR LINEAR LINEAR LINEAR LINEAR LINEAR LINEAR LINEAR LINEAR LINEAR LINEAR LINEAR LINEAR LINEAR LINEAR LINEAR LINEAR LINEAR LINEAR LINEAR LINEAR LINEAR LINEAR LINEAR LINEAR LINEAR LINEAR LINEAR LINEAR LINEAR LINEAR LINEAR LINEAR LINEAR LINEAR LINEAR LINEAR LINEAR LINEAR LINEAR LINEAR LINEAR LINEAR LINEAR LINEAR LINEAR LINEAR LINEAR LINEAR LINEAR LINEAR LINEAR LINEAR LINEAR LINEAR LINEAR LINEAR LINEAR LINEAR LINEAR LINEAR LINEAR LINEAR LINEAR LINEAR LINEAR LINEAR LINEAR LINEAR LINEAR LINEAR LINEAR LINEAR LINEAR LINEAR LINEAR LINEAR LINEAR LINEAR LINEAR LINEAR LINEAR LINEAR LINEAR LINEAR</Name_array>
        <technique_common>
          <accessor source="#LeftFoot_matrix_LeftFoot_transform-interpolations-array" count="106" stride="1">
            <param name="INTERPOLATION" type="Name"/>
          </accessor>
        </technique_common>
      </source>
      <sampler id="LeftFoot_matrix_LeftFoot_transform-sampler">
        <input semantic="INPUT" source="#LeftFoot_matrix_LeftFoot_transform-input"/>
        <input semantic="OUTPUT" source="#LeftFoot_matrix_LeftFoot_transform-output"/>
        <input semantic="INTERPOLATION" source="#LeftFoot_matrix_LeftFoot_transform-interpolations"/>
      </sampler>
      <channel source="#LeftFoot_matrix_LeftFoot_transform-sampler" target="LeftFoot/transform"/>
    </animation>
    <animation id="RightUpLeg_matrix">
      <source id="RightUpLeg_matrix_RightUpLeg_transform-input">
        <float_array id="RightUpLeg_matrix_RightUpLeg_transform-input-array" count="106">0 0.033333 0.066666 0.1 0.133333 0.166667 0.2 0.233333 0.266667 0.3 0.333333 0.366667 0.4 0.433333 0.466667 0.5 0.533333 0.566667 0.6 0.633333 0.666667 0.7 0.733333 0.766667 0.8 0.833333 0.866667 0.9 0.933333 0.966667 1 1.03333 1.06667 1.1 1.13333 1.16667 1.2 1.23333 1.26667 1.3 1.33333 1.36667 1.4 1.43333 1.46667 1.5 1.53333 1.56667 1.6 1.63333 1.66667 1.7 1.73333 1.76667 1.8 1.83333 1.86667 1.9 1.93333 1.96667 2 2.03333 2.06667 2.1 2.13333 2.16667 2.2 2.23333 2.26667 2.3 2.33333 2.36667 2.4 2.43333 2.46667 2.5 2.53333 2.56667 2.6 2.63333 2.66667 2.7 2.73333 2.76667 2.8 2.83333 2.86667 2.9 2.93333 2.96667 3 3.03333 3.06667 3.1 3.13333 3.16667 3.2 3.23333 3.26667 3.3 3.33333 3.36667 3.4 3.43333 3.46667 3.5</float_array>
        <technique_common>
          <accessor source="#RightUpLeg_matrix_RightUpLeg_transform-input-array" count="106" stride="1">
            <param name="TIME" type="float"/>
          </accessor>
        </technique_common>
        <technique profile="MAYA">
          <pre_infinity>CONSTANT</pre_infinity>
          <post_infinity>CONSTANT</post_infinity>
        </technique>
      </source>
      <source id="RightUpLeg_matrix_RightUpLeg_transform-output">
        <float_array id="RightUpLeg_matrix_RightUpLeg_transform-output-array" count="1696">-0.998453 0.054112 0.012786 -0.087164 0.053927 0.998441 -0.014404 0 -0.013546 -0.013693 -0.999815 0 0 0 0 1 -0.998452 0.054112 0.012883 -0.087164 0.053923 0.998439 -0.014562 0 -0.013651 -0.013845 -0.999811 0 0 0 0 1 -0.99845 0.054112 0.01301 -0.087164 0.053919 0.998436 -0.01478 0 -0.013789 -0.014055 -0.999806 0 0 0 0 1 -0.998449 0.054112 0.013122 -0.087164 0.053914 0.998433 -0.015013 0 -0.013914 -0.014283 -0.999801 0 0 0 0 1 -0.998448 0.054112 0.013195 -0.087164 0.05391 0.99843 -0.015227 0 -0.013998 -0.014492 -0.999797 0 0 0 0 1 -0.998447 0.054112 0.013222 -0.087164 0.053907 0.998427 -0.015402 0 -0.014035 -0.014666 -0.999794 0 0 0 0 1 -0.998449 0.054068 0.013245 -0.087164 0.053861 0.998427 -0.015573 0 -0.014067 -0.014836 -0.999791 0 0 0 0 1 -0.998451 0.054018 0.013304 -0.087164 0.053806 0.998427 -0.015788 0 -0.014136 -0.015047 -0.999787 0 0 0 0 1 -0.998453 0.053969 0.013395 -0.087164 0.053752 0.998425 -0.016052 0 -0.01424 -0.015307 -0.999781 0 0 0 0 1 -0.998452 0.053952 0.013486 -0.087164 0.05373 0.998422 -0.016308 0 -0.014345 -0.015558 -0.999776 0 0 0 0 1 -0.998449 0.054006 0.013543 -0.087164 0.05378 0.998416 -0.016532 0 -0.014414 -0.015778 -0.999772 0 0 0 0 1 -0.998441 0.054142 0.013573 -0.087164 0.053912 0.998405 -0.016771 0 -0.014459 -0.016013 -0.999767 0 0 0 0 1 -0.998431 0.054318 0.013592 -0.087164 0.054083 0.99839 -0.017079 0 -0.014498 -0.016317 -0.999762 0 0 0 0 1 -0.998424 0.054448 0.013611 -0.087164 0.054209 0.998379 -0.017324 0 -0.014532 -0.016559 -0.999757 0 0 0 0 1 -0.998424 0.054438 0.013632 -0.087164 0.054201 0.998381 -0.017228 0 -0.014548 -0.016462 -0.999759 0 0 0 0 1 -0.998433 0.054258 0.013667 -0.087164 0.054028 0.998401 -0.016646 0 -0.014548 -0.015881 -0.999768 0 0 0 0 1 -0.998448 0.053972 0.013712 -0.087164 0.053754 0.99843 -0.015747 0 -0.01454 -0.014986 -0.999782 0 0 0 0 1 -0.998463 0.053683 0.013758 -0.087164 0.053478 0.998459 -0.014851 0 -0.014534 -0.014092 -0.999795 0 0 0 0 1 -0.998476 0.053438 0.013796 -0.087164 0.053243 0.998482 -0.01413 0 -0.01453 -0.013374 -0.999805 0 0 0 0 1 -0.998488 0.053214 0.013816 -0.087164 0.053027 0.998501 -0.013565 0 -0.014517 -0.012812 -0.999813 0 0 0 0 1 -0.9985 0.052991 0.013809 -0.087164 0.05281 0.998518 -0.013135 0 -0.014484 -0.012387 -0.999818 0 0 0 0 1 -0.998511 0.052799 0.01373 -0.087164 0.052622 0.99853 -0.012969 0 -0.014395 -0.012227 -0.999822 0 0 0 0 1 -0.99852 0.052688 0.013509 -0.087164 0.05251 0.998533 -0.013204 0 -0.014185 -0.012475 -0.999822 0 0 0 0 1 -0.998526 0.052648 0.013188 -0.087164 0.052465 0.998527 -0.013824 0 -0.013897 -0.013112 -0.999817 0 0 0 0 1 -0.998533 0.0526 0.012808 -0.087164 0.052412 0.998518 -0.014643 0 -0.013559 -0.01395 -0.999811 0 0 0 0 1 -0.998545 0.052478 0.012363 -0.087164 0.052285 0.998512 -0.015506 0 -0.013159 -0.014837 -0.999803 0 0 0 0 1 -0.998563 0.052271 0.011846 -0.087164 0.052073 0.998508 -0.016444 0 -0.012688 -0.015804 -0.999795 0 0 0 0 1 -0.998581 0.05203 0.011317 -0.087164 0.051826 0.9985 -0.017629 0 -0.012217 -0.017017 -0.999781 0 0 0 0 1 -0.998598 0.051791 0.010901 -0.087164 0.051575 0.998485 -0.019181 0 -0.011878 -0.018592 -0.999757 0 0 0 0 1 -0.998613 0.051548 0.010679 -0.087164 0.051316 0.998462 -0.020964 0 -0.011743 -0.020387 -0.999723 0 0 0 0 1 -0.998627 0.051305 0.01062 -0.087164 0.051055 0.99844 -0.022607 0 -0.011764 -0.022033 -0.999688 0 0 0 0 1 -0.998636 0.051106 0.010651 -0.087164 0.050842 0.998425 -0.0237 0 -0.011846 -0.023126 -0.999662 0 0 0 0 1 -0.99864 0.051012 0.01077 -0.087164 0.050742 0.998422 -0.024038 0 -0.01198 -0.023459 -0.999653 0 0 0 0 1 -0.998635 0.051047 0.011039 -0.087164 0.050774 0.998429 -0.023711 0 -0.012232 -0.023119 -0.999658 0 0 0 0 1 -0.998623 0.051189 0.011465 -0.087164 0.050915 0.998437 -0.023034 0 -0.012626 -0.022419 -0.999669 0 0 0 0 1 -0.998606 0.051406 0.011975 -0.087164 0.051129 0.998442 -0.022366 0 -0.013106 -0.021722 -0.999678 0 0 0 0 1 -0.998586 0.051684 0.01245 -0.087164 0.051402 0.998437 -0.021935 0 -0.013564 -0.021264 -0.999682 0 0 0 0 1 -0.998564 0.052014 0.012784 -0.087164 0.051729 0.998425 -0.021719 0 -0.013893 -0.021026 -0.999682 0 0 0 0 1 -0.998545 0.052349 0.012915 -0.087164 0.052064 0.998412 -0.021491 0 -0.01402 -0.020788 -0.999686 0 0 0 0 1 -0.998532 0.052612 0.012861 -0.087164 0.052335 0.998408 -0.02105 0 -0.013948 -0.020346 -0.999696 0 0 0 0 1 -0.998526 0.052773 0.012711 -0.087164 0.052507 0.998413 -0.020369 0 -0.013766 -0.019672 -0.999712 0 0 0 0 1 -0.998522 0.052878 0.012557 -0.087164 0.052627 0.998422 -0.019582 0 -0.013572 -0.018892 -0.999729 0 0 0 0 1 -0.998516 0.053024 0.012431 -0.087164 0.052785 0.998429 -0.018796 0 -0.013409 -0.018112 -0.999746 0 0 0 0 1 -0.998504 0.053264 0.012325 -0.087164 0.053037 0.998429 -0.018048 0 -0.013267 -0.017367 -0.999761 0 0 0 0 1 -0.998488 0.053591 0.01224 -0.087164 0.053375 0.998424 -0.017358 0 -0.013151 -0.016679 -0.999774 0 0 0 0 1 -0.99847 0.053943 0.012194 -0.087164 0.053735 0.998414 -0.016766 0 -0.013079 -0.016086 -0.999785 0 0 0 0 1 -0.998454 0.054244 0.012148 -0.087164 0.054043 0.998406 -0.016278 0 -0.013011 -0.015596 -0.999794 0 0 0 0 1 -0.998444 0.054445 0.012062 -0.087164 0.05425 0.998401 -0.015879 0 -0.012907 -0.0152 -0.999801 0 0 0 0 1 -0.998441 0.054533 0.01192 -0.087164 0.054345 0.998401 -0.01557 0 -0.01275 -0.014898 -0.999808 0 0 0 0 1 -0.998442 0.054531 0.011793 -0.087164 0.054348 0.998404 -0.015334 0 -0.01261 -0.014669 -0.999813 0 0 0 0 1 -0.998446 0.054467 0.011786 -0.087164 0.054287 0.998411 -0.015087 0 -0.012589 -0.014424 -0.999817 0 0 0 0 1 -0.99845 0.05437 0.011931 -0.087164 0.054192 0.998422 -0.014744 0 -0.012714 -0.014074 -0.99982 0 0 0 0 1 -0.998452 0.054271 0.012157 -0.087164 0.054095 0.998433 -0.01435 0 -0.012917 -0.01367 -0.999823 0 0 0 0 1 -0.998453 0.054203 0.012375 -0.087164 0.054028 0.99844 -0.01407 0 -0.013119 -0.013379 -0.999824 0 0 0 0 1 -0.998451 0.054206 0.012563 -0.087164 0.054029 0.99844 -0.014061 0 -0.013306 -0.01336 -0.999822 0 0 0 0 1 -0.998441 0.054336 0.012756 -0.087164 0.054151 0.998429 -0.014399 0 -0.013518 -0.013686 -0.999815 0 0 0 0 1 -0.998422 0.054645 0.01297 -0.087164 0.054448 0.998403 -0.015076 0 -0.013773 -0.014346 -0.999802 0 0 0 0 1 -0.998393 0.055116 0.01315 -0.087164 0.054904 0.998364 -0.015983 0 -0.014009 -0.015235 -0.999786 0 0 0 0 1 -0.998363 0.055656 0.013183 -0.087164 0.05543 0.998319 -0.016914 0 -0.014103 -0.016156 -0.99977 0 0 0 0 1 -0.998339 0.056124 0.012977 -0.087164 0.055892 0.998281 -0.01761 0 -0.013943 -0.016856 -0.999761 0 0 0 0 1 -0.998327 0.056446 0.012533 -0.087164 0.056217 0.998257 -0.017969 0 -0.013526 -0.017234 -0.99976 0 0 0 0 1 -0.998323 0.056639 0.011947 -0.087164 0.056418 0.998243 -0.018097 0 -0.012951 -0.017393 -0.999765 0 0 0 0 1 -0.998323 0.056768 0.011302 -0.087164 0.056557 0.998233 -0.018213 0 -0.012316 -0.017544 -0.99977 0 0 0 0 1 -0.998324 0.056883 0.010606 -0.087164 0.056681 0.998222 -0.018449 0 -0.011637 -0.017817 -0.999774 0 0 0 0 1 -0.998325 0.056999 0.009875 -0.087164 0.056807 0.998209 -0.018765 0 -0.010927 -0.018173 -0.999775 0 0 0 0 1 -0.998324 0.057118 0.009295 -0.087164 0.056933 0.998196 -0.019058 0 -0.010367 -0.018497 -0.999775 0 0 0 0 1 -0.998318 0.057251 0.00915 -0.087164 0.057067 0.998184 -0.019306 0 -0.010239 -0.018751 -0.999772 0 0 0 0 1 -0.998305 0.057411 0.009532 -0.087164 0.057216 0.99817 -0.019574 0 -0.010638 -0.018996 -0.999763 0 0 0 0 1 -0.998287 0.057602 0.010217 -0.087164 0.05739 0.998153 -0.019931 0 -0.011346 -0.01931 -0.999749 0 0 0 0 1 -0.998268 0.057821 0.010858 -0.087164 0.057591 0.998131 -0.02042 0 -0.012019 -0.019759 -0.999732 0 0 0 0 1 -0.998249 0.058073 0.011251 -0.087164 0.057827 0.998104 -0.02108 0 -0.012454 -0.020392 -0.999714 0 0 0 0 1 -0.998231 0.058359 0.011389 -0.087164 0.0581 0.99807 -0.021926 0 -0.012647 -0.021225 -0.999695 0 0 0 0 1 -0.998212 0.058677 0.011368 -0.087164 0.058405 0.99803 -0.022927 0 -0.012691 -0.022222 -0.999672 0 0 0 0 1 -0.998193 0.059022 0.011268 -0.087164 0.058739 0.997984 -0.024021 0 -0.012663 -0.023316 -0.999648 0 0 0 0 1 -0.998173 0.059386 0.011128 -0.087164 0.059091 0.997935 -0.025189 0 -0.012601 -0.024485 -0.999621 0 0 0 0 1 -0.998153 0.05975 0.010965 -0.087164 0.059443 0.99788 -0.026479 0 -0.012524 -0.025778 -0.999589 0 0 0 0 1 -0.998134 0.060095 0.010794 -0.087164 0.059774 0.997821 -0.027946 0 -0.01245 -0.027248 -0.999551 0 0 0 0 1 -0.998117 0.060415 0.010625 -0.087164 0.060078 0.997755 -0.029575 0 -0.012388 -0.028881 -0.999506 0 0 0 0 1 -0.998102 0.060695 0.010456 -0.087164 0.060343 0.997688 -0.031267 0 -0.012329 -0.030577 -0.999456 0 0 0 0 1 -0.998091 0.060897 0.010279 -0.087164 0.06053 0.997625 -0.03288 0 -0.012257 -0.032195 -0.999406 0 0 0 0 1 -0.998089 0.060971 0.010084 -0.087164 0.060594 0.997574 -0.034271 0 -0.012149 -0.033595 -0.999362 0 0 0 0 1 -0.998095 0.060898 0.009846 -0.087164 0.060516 0.997543 -0.035291 0 -0.011971 -0.034628 -0.999329 0 0 0 0 1 -0.998112 0.060673 0.00951 -0.087164 0.060297 0.99754 -0.035759 0 -0.011656 -0.035118 -0.999315 0 0 0 0 1 -0.998141 0.06027 0.009009 -0.087164 0.059916 0.997576 -0.035376 0 -0.011119 -0.03477 -0.999333 0 0 0 0 1 -0.998186 0.059622 0.008357 -0.087164 0.059308 0.997667 -0.033812 0 -0.010353 -0.033255 -0.999393 0 0 0 0 1 -0.998246 0.0587 0.007727 -0.087164 0.058436 0.997815 -0.030817 0 -0.009519 -0.030312 -0.999495 0 0 0 0 1 -0.998314 0.057578 0.007388 -0.087164 0.057363 0.998001 -0.026538 0 -0.008902 -0.02607 -0.99962 0 0 0 0 1 -0.998379 0.056421 0.007517 -0.087164 0.056248 0.998185 -0.021501 0 -0.008716 -0.021043 -0.999741 0 0 0 0 1 -0.998432 0.055392 0.008075 -0.087164 0.055253 0.998335 -0.016543 0 -0.008978 -0.01607 -0.999831 0 0 0 0 1 -0.99847 0.054579 0.008859 -0.087164 0.054468 0.998438 -0.012423 0 -0.009524 -0.011921 -0.999884 0 0 0 0 1 -0.998494 0.054012 0.009654 -0.087164 0.053919 0.998499 -0.00961 0 -0.010158 -0.009075 -0.999907 0 0 0 0 1 -0.998507 0.053644 0.010332 -0.087164 0.053562 0.998532 -0.008088 0 -0.010751 -0.007523 -0.999914 0 0 0 0 1 -0.998516 0.053381 0.010822 -0.087164 0.053301 0.99855 -0.007569 0 -0.01121 -0.006981 -0.999913 0 0 0 0 1 -0.998526 0.053142 0.011044 -0.087164 0.053058 0.998561 -0.007764 0 -0.011441 -0.007167 -0.999909 0 0 0 0 1 -0.998537 0.052952 0.010954 -0.087164 0.052859 0.998565 -0.00861 0 -0.011394 -0.008018 -0.999903 0 0 0 0 1 -0.998542 0.052913 0.010649 -0.087164 0.052806 0.998554 -0.010056 0 -0.011166 -0.009479 -0.999893 0 0 0 0 1 -0.998537 0.053069 0.010369 -0.087164 0.052945 0.998527 -0.011824 0 -0.010982 -0.011258 -0.999876 0 0 0 0 1 -0.998523 0.053338 0.010337 -0.087164 0.053197 0.998493 -0.013473 0 -0.01104 -0.012903 -0.999856 0 0 0 0 1 -0.998507 0.053591 0.01059 -0.087164 0.053432 0.998462 -0.014777 0 -0.011366 -0.014189 -0.999835 0 0 0 0 1 -0.998495 0.053744 0.010959 -0.087164 0.053568 0.998439 -0.015788 0 -0.01179 -0.015177 -0.999815 0 0 0 0 1 -0.998488 0.053814 0.011219 -0.087164 0.053623 0.998422 -0.016674 0 -0.012098 -0.016048 -0.999798 0 0 0 0 1 -0.998484 0.053871 0.011298 -0.087164 0.053669 0.998406 -0.017439 0 -0.01222 -0.016806 -0.999784 0 0 0 0 1 -0.998478 0.053969 0.011342 -0.087164 0.053762 0.998395 -0.017829 0 -0.012286 -0.017192 -0.999777 0 0 0 0 1 -0.998468 0.054108 0.011608 -0.087164 0.0539 0.998391 -0.017588 0 -0.012541 -0.016935 -0.999778 0 0 0 0 1 -0.998451 0.054273 0.012279 -0.087164 0.054068 0.998402 -0.016421 0 -0.013151 -0.015732 -0.99979 0 0 0 0 1 -0.998445 0.054266 0.012786 -0.087164 0.05408 0.998433 -0.014406 0 -0.013548 -0.013693 -0.999814 0 0 0 0 1</float_array>
        <technique_common>
          <accessor source="#RightUpLeg_matrix_RightUpLeg_transform-output-array" count="106" stride="16">
            <param name="TRANSFORM" type="float4x4"/>
          </accessor>
        </technique_common>
      </source>
      <source id="RightUpLeg_matrix_RightUpLeg_transform-interpolations">
        <Name_array id="RightUpLeg_matrix_RightUpLeg_transform-interpolations-array" count="106">LINEAR LINEAR LINEAR LINEAR LINEAR LINEAR LINEAR LINEAR LINEAR LINEAR LINEAR LINEAR LINEAR LINEAR LINEAR LINEAR LINEAR LINEAR LINEAR LINEAR LINEAR LINEAR LINEAR LINEAR LINEAR LINEAR LINEAR LINEAR LINEAR LINEAR LINEAR LINEAR LINEAR LINEAR LINEAR LINEAR LINEAR LINEAR LINEAR LINEAR LINEAR LINEAR LINEAR LINEAR LINEAR LINEAR LINEAR LINEAR LINEAR LINEAR LINEAR LINEAR LINEAR LINEAR LINEAR LINEAR LINEAR LINEAR LINEAR LINEAR LINEAR LINEAR LINEAR LINEAR LINEAR LINEAR LINEAR LINEAR LINEAR LINEAR LINEAR LINEAR LINEAR LINEAR LINEAR LINEAR LINEAR LINEAR LINEAR LINEAR LINEAR LINEAR LINEAR LINEAR LINEAR LINEAR LINEAR LINEAR LINEAR LINEAR LINEAR LINEAR LINEAR LINEAR LINEAR LINEAR LINEAR LINEAR LINEAR LINEAR LINEAR LINEAR LINEAR LINEAR LINEAR LINEAR</Name_array>
        <technique_common>
          <accessor source="#RightUpLeg_matrix_RightUpLeg_transform-interpolations-array" count="106" stride="1">
            <param name="INTERPOLATION" type="Name"/>
          </accessor>
        </technique_common>
      </source>
      <sampler id="RightUpLeg_matrix_RightUpLeg_transform-sampler">
        <input semantic="INPUT" source="#RightUpLeg_matrix_RightUpLeg_transform-input"/>
        <input semantic="OUTPUT" source="#RightUpLeg_matrix_RightUpLeg_transform-output"/>
        <input semantic="INTERPOLATION" source="#RightUpLeg_matrix_RightUpLeg_transform-interpolations"/>
      </sampler>
      <channel source="#RightUpLeg_matrix_RightUpLeg_transform-sampler" target="RightUpLeg/transform"/>
    </animation>
    <animation id="RightLeg_matrix">
      <source id="RightLeg_matrix_RightLeg_transform-input">
        <float_array id="RightLeg_matrix_RightLeg_transform-input-array" count="106">0 0.033333 0.066666 0.1 0.133333 0.166667 0.2 0.233333 0.266667 0.3 0.333333 0.366667 0.4 0.433333 0.466667 0.5 0.533333 0.566667 0.6 0.633333 0.666667 0.7 0.733333 0.766667 0.8 0.833333 0.866667 0.9 0.933333 0.966667 1 1.03333 1.06667 1.1 1.13333 1.16667 1.2 1.23333 1.26667 1.3 1.33333 1.36667 1.4 1.43333 1.46667 1.5 1.53333 1.56667 1.6 1.63333 1.66667 1.7 1.73333 1.76667 1.8 1.83333 1.86667 1.9 1.93333 1.96667 2 2.03333 2.06667 2.1 2.13333 2.16667 2.2 2.23333 2.26667 2.3 2.33333 2.36667 2.4 2.43333 2.46667 2.5 2.53333 2.56667 2.6 2.63333 2.66667 2.7 2.73333 2.76667 2.8 2.83333 2.86667 2.9 2.93333 2.96667 3 3.03333 3.06667 3.1 3.13333 3.16667 3.2 3.23333 3.26667 3.3 3.33333 3.36667 3.4 3.43333 3.46667 3.5</float_array>
        <technique_common>
          <accessor source="#RightLeg_matrix_RightLeg_transform-input-array" count="106" stride="1">
            <param name="TIME" type="float"/>
          </accessor>
        </technique_common>
        <technique profile="MAYA">
          <pre_infinity>CONSTANT</pre_infinity>
          <post_infinity>CONSTANT</post_infinity>
        </technique>
      </source>
      <source id="RightLeg_matrix_RightLeg_transform-output">
        <float_array id="RightLeg_matrix_RightLeg_transform-output-array" count="1696">1 0.000184 0.000315 0 -0.00021 0.996516 0.083397 -0.513628 -0.000299 -0.083397 0.996516 -0.00777 0 0 0 1 1 0.000174 0.000413 0 -0.000208 0.996381 0.084999 -0.513628 -0.000397 -0.084999 0.996381 -0.00777 0 0 0 1 1 0.00016 0.000542 0 -0.000206 0.996201 0.08708 -0.513628 -0.000526 -0.08708 0.996201 -0.00777 0 0 0 1 1 0.000148 0.000638 0 -0.000205 0.996009 0.089254 -0.513628 -0.000622 -0.089254 0.996009 -0.00777 0 0 0 1 1 0.000139 0.000711 0 -0.000204 0.995813 0.091417 -0.513628 -0.000695 -0.091417 0.995812 -0.00777 0 0 0 1 1 0.000128 0.000804 0 -0.000202 0.995621 0.093481 -0.513628 -0.000788 -0.093481 0.995621 -0.00777 0 0 0 1 1 0.000116 0.000891 0 -0.000201 0.995433 0.095462 -0.513628 -0.000876 -0.095462 0.995433 -0.00777 0 0 0 1 1 0.000104 0.000982 0 -0.0002 0.995245 0.097407 -0.513628 -0.000968 -0.097407 0.995244 -0.00777 0 0 0 1 0.999999 0.000094 0.001055 0 -0.000198 0.995057 0.099302 -0.513628 -0.00104 -0.099302 0.995057 -0.00777 0 0 0 1 0.999999 0.000083 0.001132 0 -0.000197 0.994889 0.100976 -0.513628 -0.001118 -0.100976 0.994888 -0.00777 0 0 0 1 0.999999 0.000072 0.001212 0 -0.000196 0.994758 0.102261 -0.513628 -0.001198 -0.102261 0.994757 -0.00777 0 0 0 1 0.999999 0.000062 0.001292 0 -0.000195 0.994669 0.103118 -0.513628 -0.001279 -0.103118 0.994668 -0.00777 0 0 0 1 0.999999 0.000048 0.001398 0 -0.000193 0.994608 0.103707 -0.513628 -0.001386 -0.103707 0.994607 -0.00777 0 0 0 1 0.999999 0.000033 0.001517 0 -0.000191 0.994567 0.104097 -0.513628 -0.001505 -0.104097 0.994566 -0.00777 0 0 0 1 0.999999 0.000019 0.001637 0 -0.000189 0.994561 0.104152 -0.513628 -0.001626 -0.104152 0.99456 -0.00777 0 0 0 1 0.999998 0.000004 0.001763 0 -0.000187 0.994604 0.103739 -0.513628 -0.001753 -0.10374 0.994603 -0.00777 0 0 0 1 0.999998 -0.000008 0.001886 0 -0.000185 0.994681 0.103 -0.513628 -0.001877 -0.103 0.99468 -0.00777 0 0 0 1 0.999998 -0.000018 0.001984 0 -0.000184 0.994758 0.10226 -0.513628 -0.001975 -0.10226 0.994756 -0.00777 0 0 0 1 0.999998 -0.00002 0.002007 0 -0.000184 0.994811 0.101735 -0.513628 -0.001999 -0.101736 0.994809 -0.00777 0 0 0 1 0.999998 -0.000019 0.002002 0 -0.000184 0.99484 0.101454 -0.513628 -0.001993 -0.101454 0.994838 -0.00777 0 0 0 1 0.999998 -0.000015 0.001977 0 -0.000184 0.994845 0.101409 -0.513628 -0.001968 -0.101409 0.994843 -0.00777 0 0 0 1 0.999998 -0.000012 0.001939 0 -0.000185 0.994817 0.101684 -0.513628 -0.00193 -0.101685 0.994815 -0.00777 0 0 0 1 0.999998 -0.000008 0.001898 0 -0.000185 0.994751 0.102321 -0.513628 -0.001889 -0.102321 0.99475 -0.00777 0 0 0 1 0.999998 -0.000002 0.001835 0 -0.000186 0.994658 0.103223 -0.513628 -0.001826 -0.103223 0.994657 -0.00777 0 0 0 1 0.999998 0.000000 0.001794 0 -0.000187 0.994563 0.104137 -0.513628 -0.001784 -0.104137 0.994561 -0.00777 0 0 0 1 0.999998 0.000003 0.001759 0 -0.000187 0.994497 0.104764 -0.513628 -0.001749 -0.104764 0.994496 -0.00777 0 0 0 1 0.999999 0.000009 0.001708 0 -0.000188 0.994486 0.10487 -0.513628 -0.001698 -0.10487 0.994484 -0.00777 0 0 0 1 0.999999 0.000021 0.001617 0 -0.00019 0.994532 0.104435 -0.513628 -0.001606 -0.104435 0.99453 -0.00777 0 0 0 1 0.999999 0.000035 0.001504 0 -0.000191 0.9946 0.10378 -0.513628 -0.001492 -0.10378 0.994599 -0.00777 0 0 0 1 0.999999 0.00005 0.001392 0 -0.000193 0.994654 0.103267 -0.513628 -0.001379 -0.103267 0.994653 -0.00777 0 0 0 1 0.999999 0.000061 0.001296 0 -0.000195 0.994685 0.102966 -0.513628 -0.001283 -0.102967 0.994684 -0.00777 0 0 0 1 0.999999 0.000073 0.001203 0 -0.000196 0.994731 0.102514 -0.513628 -0.001189 -0.102515 0.994731 -0.00777 0 0 0 1 0.999999 0.000088 0.001091 0 -0.000198 0.994836 0.101495 -0.513628 -0.001076 -0.101495 0.994835 -0.00777 0 0 0 1 1 0.000105 0.000954 0 -0.0002 0.995002 0.099858 -0.513628 -0.000939 -0.099858 0.995001 -0.00777 0 0 0 1 1 0.000122 0.000819 0 -0.000202 0.995185 0.098016 -0.513628 -0.000803 -0.098016 0.995184 -0.00777 0 0 0 1 1 0.000135 0.000719 0 -0.000204 0.995339 0.09644 -0.513628 -0.000703 -0.09644 0.995338 -0.00777 0 0 0 1 1 0.000143 0.000655 0 -0.000205 0.99545 0.095287 -0.513628 -0.000638 -0.095287 0.99545 -0.00777 0 0 0 1 1 0.000147 0.000623 0 -0.000205 0.995548 0.094258 -0.513628 -0.000606 -0.094258 0.995548 -0.00777 0 0 0 1 1 0.000151 0.000597 0 -0.000205 0.99567 0.092955 -0.513628 -0.000581 -0.092955 0.99567 -0.00777 0 0 0 1 1 0.000155 0.000561 0 -0.000206 0.99582 0.091332 -0.513628 -0.000544 -0.091332 0.99582 -0.00777 0 0 0 1 1 0.00016 0.000521 0 -0.000207 0.995963 0.089763 -0.513628 -0.000505 -0.089763 0.995963 -0.00777 0 0 0 1 1 0.000165 0.00048 0 -0.000207 0.996061 0.088671 -0.513628 -0.000464 -0.088671 0.996061 -0.00777 0 0 0 1 1 0.00017 0.000439 0 -0.000208 0.996109 0.088128 -0.513628 -0.000422 -0.088129 0.996109 -0.00777 0 0 0 1 1 0.000174 0.000397 0 -0.000209 0.996127 0.087921 -0.513628 -0.00038 -0.087921 0.996127 -0.00777 0 0 0 1 1 0.000179 0.000353 0 -0.000209 0.996136 0.087818 -0.513628 -0.000335 -0.087818 0.996136 -0.00777 0 0 0 1 1 0.000181 0.000329 0 -0.00021 0.996144 0.087729 -0.513628 -0.000312 -0.087729 0.996144 -0.00777 0 0 0 1 1 0.000183 0.000311 0 -0.00021 0.99616 0.087549 -0.513628 -0.000294 -0.087549 0.99616 -0.00777 0 0 0 1 1 0.000185 0.000297 0 -0.00021 0.996195 0.087146 -0.513628 -0.000279 -0.087146 0.996195 -0.00777 0 0 0 1 1 0.000186 0.000286 0 -0.00021 0.996254 0.086471 -0.513628 -0.000268 -0.086471 0.996254 -0.00777 0 0 0 1 1 0.000187 0.000278 0 -0.00021 0.996331 0.085579 -0.513628 -0.000261 -0.085579 0.996331 -0.00777 0 0 0 1 1 0.000188 0.000272 0 -0.00021 0.996421 0.08453 -0.513628 -0.000255 -0.08453 0.996421 -0.00777 0 0 0 1 1 0.000189 0.000269 0 -0.000211 0.996515 0.083414 -0.513628 -0.000252 -0.083414 0.996515 -0.00777 0 0 0 1 1 0.000189 0.000267 0 -0.000211 0.996591 0.082497 -0.513628 -0.00025 -0.082497 0.996591 -0.00777 0 0 0 1 1 0.000189 0.000266 0 -0.000211 0.996623 0.082117 -0.513628 -0.000249 -0.082117 0.996623 -0.00777 0 0 0 1 1 0.000189 0.000266 0 -0.000211 0.996598 0.082418 -0.513628 -0.000249 -0.082418 0.996598 -0.00777 0 0 0 1 1 0.000189 0.000265 0 -0.000211 0.996528 0.08326 -0.513628 -0.000249 -0.08326 0.996528 -0.00777 0 0 0 1 1 0.000189 0.000264 0 -0.000211 0.99643 0.084419 -0.513628 -0.000247 -0.084419 0.99643 -0.00777 0 0 0 1 1 0.000189 0.000263 0 -0.000211 0.996316 0.085752 -0.513628 -0.000245 -0.085752 0.996316 -0.00777 0 0 0 1 1 0.000189 0.000259 0 -0.000211 0.996194 0.087158 -0.513628 -0.000242 -0.087158 0.996194 -0.00777 0 0 0 1 1 0.000189 0.000253 0 -0.000211 0.996085 0.088405 -0.513628 -0.000236 -0.088405 0.996085 -0.00777 0 0 0 1 1 0.00019 0.000245 0 -0.000211 0.996002 0.089329 -0.513628 -0.000227 -0.089329 0.996002 -0.00777 0 0 0 1 1 0.000191 0.000233 0 -0.000211 0.995946 0.089957 -0.513628 -0.000215 -0.089957 0.995946 -0.00777 0 0 0 1 1 0.000193 0.000213 0 -0.000211 0.995896 0.090508 -0.513628 -0.000195 -0.090508 0.995896 -0.00777 0 0 0 1 1 0.000196 0.000185 0 -0.000212 0.995836 0.091163 -0.513628 -0.000167 -0.091163 0.995836 -0.00777 0 0 0 1 1 0.000199 0.000154 0 -0.000212 0.995764 0.091942 -0.513628 -0.000135 -0.091942 0.995764 -0.00777 0 0 0 1 1 0.000202 0.000121 0 -0.000213 0.995687 0.092779 -0.513628 -0.000102 -0.092779 0.995687 -0.00777 0 0 0 1 1 0.000206 0.000087 0 -0.000213 0.995605 0.093657 -0.513628 -0.000067 -0.093657 0.995605 -0.00777 0 0 0 1 1 0.00021 0.000052 0 -0.000214 0.995518 0.09457 -0.513628 -0.000032 -0.09457 0.995518 -0.00777 0 0 0 1 1 0.000214 0.000016 0 -0.000214 0.995436 0.095435 -0.513628 0.000003 -0.095435 0.995436 -0.00777 0 0 0 1 1 0.000218 -0.000021 0 -0.000215 0.995366 0.096163 -0.513628 0.000042 -0.096163 0.995366 -0.00777 0 0 0 1 1 0.000223 -0.00006 0 -0.000216 0.995309 0.096749 -0.513628 0.000082 -0.096749 0.995309 -0.00777 0 0 0 1 1 0.000227 -0.000101 0 -0.000216 0.995261 0.097244 -0.513628 0.000123 -0.097244 0.995261 -0.00777 0 0 0 1 1 0.000232 -0.000143 0 -0.000217 0.995218 0.09768 -0.513628 0.000165 -0.09768 0.995218 -0.00777 0 0 0 1 1 0.000237 -0.000189 0 -0.000218 0.995185 0.098016 -0.513628 0.000211 -0.098016 0.995185 -0.00777 0 0 0 1 1 0.000243 -0.000238 0 -0.000218 0.995165 0.098217 -0.513628 0.000261 -0.098217 0.995165 -0.00777 0 0 0 1 1 0.000249 -0.000288 0 -0.000219 0.995152 0.098344 -0.513628 0.000311 -0.098344 0.995152 -0.00777 0 0 0 1 1 0.000253 -0.000327 0 -0.00022 0.995134 0.098533 -0.513628 0.00035 -0.098533 0.995134 -0.00777 0 0 0 1 1 0.000257 -0.000357 0 -0.00022 0.995096 0.098917 -0.513628 0.00038 -0.098917 0.995096 -0.00777 0 0 0 1 1 0.00026 -0.000381 0 -0.000221 0.995028 0.099593 -0.513628 0.000405 -0.099593 0.995028 -0.00777 0 0 0 1 1 0.000262 -0.000391 0 -0.000221 0.994919 0.100679 -0.513628 0.000415 -0.100679 0.994919 -0.00777 0 0 0 1 1 0.00026 -0.000375 0 -0.000221 0.994743 0.102401 -0.513628 0.0004 -0.102401 0.994743 -0.00777 0 0 0 1 1 0.000252 -0.000299 0 -0.000219 0.994462 0.105092 -0.513628 0.000324 -0.105092 0.994462 -0.00777 0 0 0 1 1 0.000234 -0.000143 0 -0.000217 0.994036 0.109052 -0.513628 0.000168 -0.109052 0.994036 -0.00777 0 0 0 1 1 0.000203 0.000099 0 -0.000213 0.993463 0.114156 -0.513628 -0.000075 -0.114156 0.993463 -0.00777 0 0 0 1 1 0.00016 0.000412 0 -0.000208 0.992819 0.119622 -0.513628 -0.00039 -0.119622 0.992819 -0.00777 0 0 0 1 1 0.000111 0.000751 0 -0.000203 0.992268 0.124116 -0.513628 -0.000732 -0.124116 0.992267 -0.00777 0 0 0 1 0.999999 0.000064 0.001067 0 -0.000198 0.991952 0.126611 -0.513628 -0.00105 -0.126611 0.991952 -0.00777 0 0 0 1 0.999999 0.000027 0.001322 0 -0.000194 0.991911 0.126935 -0.513628 -0.001308 -0.126936 0.99191 -0.00777 0 0 0 1 0.999999 0.000002 0.001506 0 -0.000191 0.992046 0.125876 -0.513628 -0.001494 -0.125876 0.992045 -0.00777 0 0 0 1 0.999999 -0.00001 0.001613 0 -0.00019 0.992236 0.12437 -0.513628 -0.001602 -0.12437 0.992235 -0.00777 0 0 0 1 0.999999 -0.00001 0.00163 0 -0.000189 0.992406 0.123002 -0.513628 -0.001619 -0.123002 0.992405 -0.00777 0 0 0 1 0.999999 -0.000005 0.001607 0 -0.00019 0.992567 0.121699 -0.513628 -0.001595 -0.121699 0.992566 -0.00777 0 0 0 1 0.999999 0.000002 0.001566 0 -0.00019 0.992748 0.120217 -0.513628 -0.001554 -0.120218 0.992746 -0.00777 0 0 0 1 0.999999 0.000014 0.001499 0 -0.000192 0.99296 0.118453 -0.513628 -0.001486 -0.118453 0.992959 -0.00777 0 0 0 1 0.999999 0.000026 0.001432 0 -0.000193 0.993185 0.116549 -0.513628 -0.001419 -0.116549 0.993184 -0.00777 0 0 0 1 0.999999 0.000038 0.001361 0 -0.000194 0.99342 0.114526 -0.513628 -0.001348 -0.114527 0.993419 -0.00777 0 0 0 1 0.999999 0.000052 0.001279 0 -0.000195 0.993695 0.112113 -0.513628 -0.001265 -0.112113 0.993695 -0.00777 0 0 0 1 0.999999 0.000068 0.001184 0 -0.000196 0.994035 0.10906 -0.513628 -0.001169 -0.10906 0.994034 -0.00777 0 0 0 1 0.999999 0.000085 0.001079 0 -0.000198 0.994421 0.105483 -0.513628 -0.001064 -0.105483 0.994421 -0.00777 0 0 0 1 1 0.000101 0.000974 0 -0.0002 0.994807 0.101781 -0.513628 -0.000959 -0.101781 0.994806 -0.00777 0 0 0 1 1 0.000116 0.000872 0 -0.000201 0.995154 0.098329 -0.513628 -0.000856 -0.098329 0.995154 -0.00777 0 0 0 1 1 0.00013 0.000773 0 -0.000203 0.995448 0.095306 -0.513628 -0.000757 -0.095307 0.995448 -0.00777 0 0 0 1 1 0.000143 0.000669 0 -0.000204 0.995712 0.092505 -0.513628 -0.000653 -0.092505 0.995712 -0.00777 0 0 0 1 1 0.000156 0.000561 0 -0.000206 0.995955 0.089852 -0.513628 -0.000544 -0.089852 0.995955 -0.00777 0 0 0 1 1 0.000172 0.000426 0 -0.000208 0.996241 0.08662 -0.513628 -0.000409 -0.08662 0.996241 -0.00777 0 0 0 1 1 0.000184 0.000315 0 -0.00021 0.996516 0.083397 -0.513628 -0.000299 -0.083397 0.996516 -0.00777 0 0 0 1</float_array>
        <technique_common>
          <accessor source="#RightLeg_matrix_RightLeg_transform-output-array" count="106" stride="16">
            <param name="TRANSFORM" type="float4x4"/>
          </accessor>
        </technique_common>
      </source>
      <source id="RightLeg_matrix_RightLeg_transform-interpolations">
        <Name_array id="RightLeg_matrix_RightLeg_transform-interpolations-array" count="106">LINEAR LINEAR LINEAR LINEAR LINEAR LINEAR LINEAR LINEAR LINEAR LINEAR LINEAR LINEAR LINEAR LINEAR LINEAR LINEAR LINEAR LINEAR LINEAR LINEAR LINEAR LINEAR LINEAR LINEAR LINEAR LINEAR LINEAR LINEAR LINEAR LINEAR LINEAR LINEAR LINEAR LINEAR LINEAR LINEAR LINEAR LINEAR LINEAR LINEAR LINEAR LINEAR LINEAR LINEAR LINEAR LINEAR LINEAR LINEAR LINEAR LINEAR LINEAR LINEAR LINEAR LINEAR LINEAR LINEAR LINEAR LINEAR LINEAR LINEAR LINEAR LINEAR LINEAR LINEAR LINEAR LINEAR LINEAR LINEAR LINEAR LINEAR LINEAR LINEAR LINEAR LINEAR LINEAR LINEAR LINEAR LINEAR LINEAR LINEAR LINEAR LINEAR LINEAR LINEAR LINEAR LINEAR LINEAR LINEAR LINEAR LINEAR LINEAR LINEAR LINEAR LINEAR LINEAR LINEAR LINEAR LINEAR LINEAR LINEAR LINEAR LINEAR LINEAR LINEAR LINEAR LINEAR</Name_array>
        <technique_common>
          <accessor source="#RightLeg_matrix_RightLeg_transform-interpolations-array" count="106" stride="1">
            <param name="INTERPOLATION" type="Name"/>
          </accessor>
        </technique_common>
      </source>
      <sampler id="RightLeg_matrix_RightLeg_transform-sampler">
        <input semantic="INPUT" source="#RightLeg_matrix_RightLeg_transform-input"/>
        <input semantic="OUTPUT" source="#RightLeg_matrix_RightLeg_transform-output"/>
        <input semantic="INTERPOLATION" source="#RightLeg_matrix_RightLeg_transform-interpolations"/>
      </sampler>
      <channel source="#RightLeg_matrix_RightLeg_transform-sampler" target="RightLeg/transform"/>
    </animation>
    <animation id="RightFoot_matrix">
      <source id="RightFoot_matrix_RightFoot_transform-input">
        <float_array id="RightFoot_matrix_RightFoot_transform-input-array" count="106">0 0.033333 0.066666 0.1 0.133333 0.166667 0.2 0.233333 0.266667 0.3 0.333333 0.366667 0.4 0.433333 0.466667 0.5 0.533333 0.566667 0.6 0.633333 0.666667 0.7 0.733333 0.766667 0.8 0.833333 0.866667 0.9 0.933333 0.966667 1 1.03333 1.06667 1.1 1.13333 1.16667 1.2 1.23333 1.26667 1.3 1.33333 1.36667 1.4 1.43333 1.46667 1.5 1.53333 1.56667 1.6 1.63333 1.66667 1.7 1.73333 1.76667 1.8 1.83333 1.86667 1.9 1.93333 1.96667 2 2.03333 2.06667 2.1 2.13333 2.16667 2.2 2.23333 2.26667 2.3 2.33333 2.36667 2.4 2.43333 2.46667 2.5 2.53333 2.56667 2.6 2.63333 2.66667 2.7 2.73333 2.76667 2.8 2.83333 2.86667 2.9 2.93333 2.96667 3 3.03333 3.06667 3.1 3.13333 3.16667 3.2 3.23333 3.26667 3.3 3.33333 3.36667 3.4 3.43333 3.46667 3.5</float_array>
        <technique_common>
          <accessor source="#RightFoot_matrix_RightFoot_transform-input-array" count="106" stride="1">
            <param name="TIME" type="float"/>
          </accessor>
        </technique_common>
        <technique profile="MAYA">
          <pre_infinity>CONSTANT</pre_infinity>
          <post_infinity>CONSTANT</post_infinity>
        </technique>
      </source>
      <source id="RightFoot_matrix_RightFoot_transform-output">
        <float_array id="RightFoot_matrix_RightFoot_transform-output-array" count="1696">0.989574 -0.071637 -0.124948 0 -0.066046 0.545232 -0.835679 -0.395911 0.127991 0.835219 0.534816 0.012201 0 0 0 1 0.989571 -0.071616 -0.124979 0 -0.066199 0.544479 -0.836158 -0.395911 0.127931 0.835712 0.53406 0.012201 0 0 0 1 0.989569 -0.071593 -0.125013 0 -0.06639 0.543496 -0.836782 -0.395911 0.127852 0.836353 0.533073 0.012201 0 0 0 1 0.989565 -0.071566 -0.125054 0 -0.066596 0.542469 -0.837432 -0.395911 0.12777 0.837022 0.532042 0.012201 0 0 0 1 0.989554 -0.071575 -0.125137 0 -0.066818 0.541442 -0.838078 -0.395911 0.12774 0.837686 0.531004 0.012201 0 0 0 1 0.989528 -0.07167 -0.12529 0 -0.067047 0.540459 -0.838695 -0.395911 0.127823 0.838312 0.529994 0.012201 0 0 0 1 0.989501 -0.07178 -0.125441 0 -0.067261 0.539508 -0.839289 -0.395911 0.12792 0.838915 0.529016 0.012201 0 0 0 1 0.989479 -0.071868 -0.125561 0 -0.067457 0.538581 -0.839869 -0.395911 0.127985 0.839503 0.528067 0.012201 0 0 0 1 0.989466 -0.071914 -0.125637 0 -0.067633 0.537684 -0.84043 -0.395911 0.127992 0.840074 0.527156 0.012201 0 0 0 1 0.989456 -0.071951 -0.125695 0 -0.067783 0.536897 -0.84092 -0.395911 0.127991 0.840574 0.526359 0.012201 0 0 0 1 0.989447 -0.071977 -0.125753 0 -0.067908 0.536309 -0.841285 -0.395911 0.127996 0.840947 0.525762 0.012201 0 0 0 1 0.989438 -0.072005 -0.125805 0 -0.067993 0.535948 -0.841508 -0.395911 0.128018 0.841175 0.525392 0.012201 0 0 0 1 0.989432 -0.072021 -0.125845 0 -0.06805 0.535735 -0.841639 -0.395911 0.128036 0.841309 0.525173 0.012201 0 0 0 1 0.989428 -0.072032 -0.125869 0 -0.068083 0.535618 -0.841711 -0.395911 0.128048 0.841382 0.525052 0.012201 0 0 0 1 0.989425 -0.072029 -0.125895 0 -0.068103 0.535636 -0.841698 -0.395911 0.128061 0.841371 0.525066 0.012201 0 0 0 1 0.989422 -0.072004 -0.125936 0 -0.068121 0.535838 -0.841568 -0.395911 0.128077 0.841245 0.525265 0.012201 0 0 0 1 0.989418 -0.071962 -0.125986 0 -0.068137 0.536165 -0.841359 -0.395911 0.128096 0.84104 0.525588 0.012201 0 0 0 1 0.989415 -0.071922 -0.126034 0 -0.068151 0.536476 -0.841159 -0.395911 0.128112 0.840845 0.525896 0.012201 0 0 0 1 0.989413 -0.071896 -0.12607 0 -0.068165 0.536671 -0.841033 -0.395911 0.128125 0.840723 0.526089 0.012201 0 0 0 1 0.989411 -0.071884 -0.12609 0 -0.06818 0.536731 -0.840994 -0.395911 0.128131 0.840686 0.526147 0.012201 0 0 0 1 0.98941 -0.071883 -0.126094 0 -0.068195 0.536658 -0.84104 -0.395911 0.128127 0.840733 0.526073 0.012201 0 0 0 1 0.989411 -0.071894 -0.12608 0 -0.068212 0.536427 -0.841185 -0.395911 0.12811 0.840879 0.525843 0.012201 0 0 0 1 0.989414 -0.071913 -0.126047 0 -0.068232 0.536051 -0.841424 -0.395911 0.128077 0.841117 0.52547 0.012201 0 0 0 1 0.989421 -0.071901 -0.126002 0 -0.06827 0.535588 -0.841715 -0.395911 0.128006 0.841413 0.525013 0.012201 0 0 0 1 0.989433 -0.071867 -0.125926 0 -0.06829 0.535157 -0.841988 -0.395911 0.127902 0.84169 0.524594 0.012201 0 0 0 1 0.989461 -0.071774 -0.125761 0 -0.068239 0.534886 -0.842164 -0.395911 0.127714 0.84187 0.524351 0.012201 0 0 0 1 0.989504 -0.071618 -0.125513 0 -0.068109 0.534896 -0.842168 -0.395911 0.127451 0.841877 0.524404 0.012201 0 0 0 1 0.989559 -0.071392 -0.125205 0 -0.067918 0.535215 -0.841981 -0.395911 0.127122 0.841694 0.524778 0.012201 0 0 0 1 0.989627 -0.071085 -0.124839 0 -0.067699 0.535691 -0.841696 -0.395911 0.126707 0.841417 0.525322 0.012201 0 0 0 1 0.989707 -0.070724 -0.124412 0 -0.067462 0.536122 -0.84144 -0.395911 0.12621 0.841173 0.525833 0.012201 0 0 0 1 0.989786 -0.070392 -0.123971 0 -0.067217 0.536433 -0.841262 -0.395911 0.12572 0.841002 0.526222 0.012201 0 0 0 1 0.98985 -0.070152 -0.123593 0 -0.066975 0.536763 -0.841071 -0.395911 0.125344 0.840812 0.526616 0.012201 0 0 0 1 0.989894 -0.070019 -0.123315 0 -0.06673 0.5373 -0.840747 -0.395911 0.125126 0.840479 0.527198 0.012201 0 0 0 1 0.989928 -0.069911 -0.123108 0 -0.066496 0.538074 -0.840271 -0.395911 0.124986 0.839993 0.528005 0.012201 0 0 0 1 0.989955 -0.06982 -0.122942 0 -0.066279 0.53891 -0.839751 -0.395911 0.124886 0.839464 0.528869 0.012201 0 0 0 1 0.989977 -0.06974 -0.122809 0 -0.066105 0.539612 -0.839314 -0.395911 0.124804 0.83902 0.529593 0.012201 0 0 0 1 0.989994 -0.069673 -0.122706 0 -0.065976 0.540132 -0.83899 -0.395911 0.124733 0.838691 0.530131 0.012201 0 0 0 1 0.990008 -0.069609 -0.122634 0 -0.065876 0.540627 -0.838679 -0.395911 0.124679 0.838378 0.530639 0.012201 0 0 0 1 0.99002 -0.069518 -0.122585 0 -0.065786 0.541276 -0.838267 -0.395911 0.124627 0.837966 0.531301 0.012201 0 0 0 1 0.990033 -0.069403 -0.122545 0 -0.065695 0.542078 -0.837756 -0.395911 0.124573 0.837457 0.532116 0.012201 0 0 0 1 0.990044 -0.069296 -0.122516 0 -0.065615 0.542837 -0.837271 -0.395911 0.124526 0.836974 0.532886 0.012201 0 0 0 1 0.990047 -0.069233 -0.122534 0 -0.065589 0.543346 -0.836943 -0.395911 0.124523 0.836649 0.533396 0.012201 0 0 0 1 0.990042 -0.06922 -0.122579 0 -0.0656 0.543576 -0.836793 -0.395911 0.124554 0.836501 0.533622 0.012201 0 0 0 1 0.990026 -0.069244 -0.122691 0 -0.065672 0.543636 -0.836748 -0.395911 0.12464 0.83646 0.533667 0.012201 0 0 0 1 0.990004 -0.069288 -0.122843 0 -0.065775 0.543649 -0.836731 -0.395911 0.124759 0.836448 0.533658 0.012201 0 0 0 1 0.989978 -0.06936 -0.123013 0 -0.065877 0.543666 -0.836712 -0.395911 0.124913 0.83643 0.533649 0.012201 0 0 0 1 0.989943 -0.069505 -0.123214 0 -0.065957 0.543746 -0.836654 -0.395911 0.125149 0.836366 0.533694 0.012201 0 0 0 1 0.98989 -0.069774 -0.123488 0 -0.066013 0.543947 -0.836519 -0.395911 0.125539 0.836213 0.533842 0.012201 0 0 0 1 0.98982 -0.070157 -0.123829 0 -0.066043 0.544291 -0.836293 -0.395911 0.126072 0.835957 0.534117 0.012201 0 0 0 1 0.98975 -0.07056 -0.124163 0 -0.066039 0.544745 -0.835997 -0.395911 0.126626 0.835628 0.534502 0.012201 0 0 0 1 0.989697 -0.070875 -0.124402 0 -0.065992 0.545263 -0.835663 -0.395911 0.12706 0.835263 0.534968 0.012201 0 0 0 1 0.989665 -0.071085 -0.12454 0 -0.065916 0.545782 -0.83533 -0.395911 0.127351 0.834906 0.535456 0.012201 0 0 0 1 0.989639 -0.071258 -0.124644 0 -0.065852 0.546161 -0.835088 -0.395911 0.127582 0.834644 0.53581 0.012201 0 0 0 1 0.989611 -0.071445 -0.124762 0 -0.065839 0.546232 -0.835042 -0.395911 0.127809 0.834581 0.535853 0.012201 0 0 0 1 0.989587 -0.071611 -0.124861 0 -0.065879 0.545929 -0.835237 -0.395911 0.127978 0.834765 0.535526 0.012201 0 0 0 1 0.98958 -0.071635 -0.124902 0 -0.065992 0.545341 -0.835612 -0.395911 0.127973 0.835148 0.534931 0.012201 0 0 0 1 0.989594 -0.071509 -0.124864 0 -0.066145 0.544567 -0.836105 -0.395911 0.127787 0.835663 0.534169 0.012201 0 0 0 1 0.989614 -0.071303 -0.124819 0 -0.066356 0.543665 -0.836675 -0.395911 0.127518 0.836268 0.533287 0.012201 0 0 0 1 0.989624 -0.071139 -0.124833 0 -0.066604 0.542695 -0.837285 -0.395911 0.12731 0.836912 0.532326 0.012201 0 0 0 1 0.9896 -0.071205 -0.124988 0 -0.066844 0.541748 -0.837879 -0.395911 0.127373 0.83752 0.531354 0.012201 0 0 0 1 0.989535 -0.071548 -0.125306 0 -0.067058 0.540904 -0.838407 -0.395911 0.127766 0.838036 0.530445 0.012201 0 0 0 1 0.989449 -0.072043 -0.125702 0 -0.067239 0.540177 -0.838861 -0.395911 0.128336 0.838462 0.529633 0.012201 0 0 0 1 0.989371 -0.072503 -0.126052 0 -0.067393 0.539506 -0.83928 -0.395911 0.128856 0.838854 0.528885 0.012201 0 0 0 1 0.989312 -0.072857 -0.12631 0 -0.067527 0.538829 -0.839704 -0.395911 0.129238 0.839259 0.52815 0.012201 0 0 0 1 0.98927 -0.073117 -0.126489 0 -0.067648 0.538129 -0.840143 -0.395911 0.129496 0.839685 0.527409 0.012201 0 0 0 1 0.989249 -0.073258 -0.126572 0 -0.067753 0.537417 -0.840591 -0.395911 0.129603 0.840129 0.526675 0.012201 0 0 0 1 0.989268 -0.07315 -0.126483 0 -0.067847 0.536691 -0.841047 -0.395911 0.129406 0.840602 0.525968 0.012201 0 0 0 1 0.989335 -0.072742 -0.126193 0 -0.067927 0.53597 -0.8415 -0.395911 0.128849 0.841097 0.525313 0.012201 0 0 0 1 0.989433 -0.072139 -0.125773 0 -0.067991 0.535308 -0.841916 -0.395911 0.128063 0.841571 0.524746 0.012201 0 0 0 1 0.989529 -0.071545 -0.125354 0 -0.068033 0.53476 -0.842261 -0.395911 0.127294 0.84197 0.524293 0.012201 0 0 0 1 0.989603 -0.071096 -0.125029 0 -0.068058 0.534336 -0.842528 -0.395911 0.126708 0.842277 0.523942 0.012201 0 0 0 1 0.989649 -0.070815 -0.124819 0 -0.068077 0.534009 -0.842734 -0.395911 0.126334 0.842508 0.52366 0.012201 0 0 0 1 0.989673 -0.07067 -0.124709 0 -0.068099 0.533755 -0.842893 -0.395911 0.126132 0.842681 0.52343 0.012201 0 0 0 1 0.98968 -0.070631 -0.124681 0 -0.068121 0.533584 -0.842999 -0.395911 0.12607 0.842793 0.523265 0.012201 0 0 0 1 0.989675 -0.070678 -0.124688 0 -0.068114 0.533504 -0.84305 -0.395911 0.126107 0.842839 0.523182 0.012201 0 0 0 1 0.989664 -0.070794 -0.124715 0 -0.068078 0.533484 -0.843066 -0.395911 0.126218 0.842842 0.523151 0.012201 0 0 0 1 0.989649 -0.070945 -0.124744 0 -0.068028 0.533453 -0.84309 -0.395911 0.126358 0.842849 0.523105 0.012201 0 0 0 1 0.989631 -0.071127 -0.124788 0 -0.067987 0.533339 -0.843165 -0.395911 0.126527 0.842906 0.522973 0.012201 0 0 0 1 0.989609 -0.071334 -0.124839 0 -0.067959 0.533081 -0.84333 -0.395911 0.126708 0.843052 0.522694 0.012201 0 0 0 1 0.989586 -0.071568 -0.124893 0 -0.067954 0.532598 -0.843636 -0.395911 0.126895 0.843337 0.522188 0.012201 0 0 0 1 0.989558 -0.071829 -0.124959 0 -0.067999 0.531759 -0.844162 -0.395911 0.127084 0.843844 0.521322 0.012201 0 0 0 1 0.989525 -0.072144 -0.125041 0 -0.068111 0.530378 -0.84502 -0.395911 0.127283 0.844686 0.519909 0.012201 0 0 0 1 0.989481 -0.072549 -0.125154 0 -0.06831 0.528291 -0.846311 -0.395911 0.127517 0.845958 0.517778 0.012201 0 0 0 1 0.989422 -0.073074 -0.125315 0 -0.06859 0.525533 -0.848004 -0.395911 0.127824 0.847629 0.514961 0.012201 0 0 0 1 0.989348 -0.073713 -0.125523 0 -0.068898 0.522476 -0.849866 -0.395911 0.128229 0.849462 0.511832 0.012201 0 0 0 1 0.989268 -0.074409 -0.125748 0 -0.069137 0.519792 -0.851491 -0.395911 0.128722 0.851046 0.509069 0.012201 0 0 0 1 0.989194 -0.075068 -0.125933 0 -0.069225 0.518033 -0.852555 -0.395911 0.129237 0.85206 0.507239 0.012201 0 0 0 1 0.989139 -0.075597 -0.126049 0 -0.069157 0.517349 -0.852976 -0.395911 0.129694 0.852429 0.506502 0.012201 0 0 0 1 0.989106 -0.075954 -0.126094 0 -0.069001 0.517425 -0.852942 -0.395911 0.130029 0.852351 0.506548 0.012201 0 0 0 1 0.989096 -0.076114 -0.126079 0 -0.068837 0.517876 -0.852681 -0.395911 0.130195 0.852063 0.50699 0.012201 0 0 0 1 0.989112 -0.07605 -0.125989 0 -0.068701 0.518476 -0.852328 -0.395911 0.130142 0.851704 0.507606 0.012201 0 0 0 1 0.989156 -0.075758 -0.125824 0 -0.068586 0.519284 -0.851845 -0.395911 0.129873 0.851237 0.508457 0.012201 0 0 0 1 0.989211 -0.07536 -0.125628 0 -0.068453 0.520396 -0.851177 -0.395911 0.129522 0.850593 0.509623 0.012201 0 0 0 1 0.989251 -0.075052 -0.125496 0 -0.068282 0.521814 -0.850322 -0.395911 0.129305 0.849752 0.51108 0.012201 0 0 0 1 0.989262 -0.074921 -0.125487 0 -0.068097 0.523426 -0.849346 -0.395911 0.129318 0.848771 0.512703 0.012201 0 0 0 1 0.989261 -0.074843 -0.125543 0 -0.067917 0.525188 -0.848271 -0.395911 0.129421 0.847688 0.514465 0.012201 0 0 0 1 0.989281 -0.074596 -0.125531 0 -0.067729 0.52719 -0.847044 -0.395911 0.129365 0.846467 0.516487 0.012201 0 0 0 1 0.989338 -0.074095 -0.125377 0 -0.067508 0.529491 -0.845625 -0.395911 0.129043 0.845073 0.518844 0.012201 0 0 0 1 0.989418 -0.073451 -0.125128 0 -0.067253 0.531991 -0.844075 -0.395911 0.128566 0.843558 0.521421 0.012201 0 0 0 1 0.989485 -0.07289 -0.124922 0 -0.066997 0.534467 -0.84253 -0.395911 0.128179 0.84204 0.523964 0.012201 0 0 0 1 0.989515 -0.072581 -0.124872 0 -0.066774 0.536729 -0.841108 -0.395911 0.128071 0.840627 0.526255 0.012201 0 0 0 1 0.989505 -0.072518 -0.124986 0 -0.066609 0.53867 -0.83988 -0.395911 0.128233 0.83939 0.528186 0.012201 0 0 0 1 0.989484 -0.072536 -0.125141 0 -0.066466 0.540397 -0.838781 -0.395911 0.128468 0.838278 0.529892 0.012201 0 0 0 1 0.989484 -0.072396 -0.125217 0 -0.066369 0.541934 -0.837796 -0.395911 0.128513 0.837297 0.53143 0.012201 0 0 0 1 0.989521 -0.072029 -0.12514 0 -0.066232 0.543693 -0.836667 -0.395911 0.128302 0.836188 0.533225 0.012201 0 0 0 1 0.989574 -0.071637 -0.124948 0 -0.066046 0.545232 -0.835679 -0.395911 0.127991 0.835219 0.534816 0.012201 0 0 0 1</float_array>
        <technique_common>
          <accessor source="#RightFoot_matrix_RightFoot_transform-output-array" count="106" stride="16">
            <param name="TRANSFORM" type="float4x4"/>
          </accessor>
        </technique_common>
      </source>
      <source id="RightFoot_matrix_RightFoot_transform-interpolations">
        <Name_array id="RightFoot_matrix_RightFoot_transform-interpolations-array" count="106">LINEAR LINEAR LINEAR LINEAR LINEAR LINEAR LINEAR LINEAR LINEAR LINEAR LINEAR LINEAR LINEAR LINEAR LINEAR LINEAR LINEAR LINEAR LINEAR LINEAR LINEAR LINEAR LINEAR LINEAR LINEAR LINEAR LINEAR LINEAR LINEAR LINEAR LINEAR LINEAR LINEAR LINEAR LINEAR LINEAR LINEAR LINEAR LINEAR LINEAR LINEAR LINEAR LINEAR LINEAR LINEAR LINEAR LINEAR LINEAR LINEAR LINEAR LINEAR LINEAR LINEAR LINEAR LINEAR LINEAR LINEAR LINEAR LINEAR LINEAR LINEAR LINEAR LINEAR LINEAR LINEAR LINEAR LINEAR LINEAR LINEAR LINEAR LINEAR LINEAR LINEAR LINEAR LINEAR LINEAR LINEAR LINEAR LINEAR LINEAR LINEAR LINEAR LINEAR LINEAR LINEAR LINEAR LINEAR LINEAR LINEAR LINEAR LINEAR LINEAR LINEAR LINEAR LINEAR LINEAR LINEAR LINEAR LINEAR LINEAR LINEAR LINEAR LINEAR LINEAR LINEAR LINEAR</Name_array>
        <technique_common>
          <accessor source="#RightFoot_matrix_RightFoot_transform-interpolations-array" count="106" stride="1">
            <param name="INTERPOLATION" type="Name"/>
          </accessor>
        </technique_common>
      </source>
      <sampler id="RightFoot_matrix_RightFoot_transform-sampler">
        <input semantic="INPUT" source="#RightFoot_matrix_RightFoot_transform-input"/>
        <input semantic="OUTPUT" source="#RightFoot_matrix_RightFoot_transform-output"/>
        <input semantic="INTERPOLATION" source="#RightFoot_matrix_RightFoot_transform-interpolations"/>
      </sampler>
      <channel source="#RightFoot_matrix_RightFoot_transform-sampler" target="RightFoot/transform"/>
    </animation>
    <animation id="Spine_matrix">
      <source id="Spine_matrix_Spine_transform-input">
        <float_array id="Spine_matrix_Spine_transform-input-array" count="106">0 0.033333 0.066666 0.1 0.133333 0.166667 0.2 0.233333 0.266667 0.3 0.333333 0.366667 0.4 0.433333 0.466667 0.5 0.533333 0.566667 0.6 0.633333 0.666667 0.7 0.733333 0.766667 0.8 0.833333 0.866667 0.9 0.933333 0.966667 1 1.03333 1.06667 1.1 1.13333 1.16667 1.2 1.23333 1.26667 1.3 1.33333 1.36667 1.4 1.43333 1.46667 1.5 1.53333 1.56667 1.6 1.63333 1.66667 1.7 1.73333 1.76667 1.8 1.83333 1.86667 1.9 1.93333 1.96667 2 2.03333 2.06667 2.1 2.13333 2.16667 2.2 2.23333 2.26667 2.3 2.33333 2.36667 2.4 2.43333 2.46667 2.5 2.53333 2.56667 2.6 2.63333 2.66667 2.7 2.73333 2.76667 2.8 2.83333 2.86667 2.9 2.93333 2.96667 3 3.03333 3.06667 3.1 3.13333 3.16667 3.2 3.23333 3.26667 3.3 3.33333 3.36667 3.4 3.43333 3.46667 3.5</float_array>
        <technique_common>
          <accessor source="#Spine_matrix_Spine_transform-input-array" count="106" stride="1">
            <param name="TIME" type="float"/>
          </accessor>
        </technique_common>
        <technique profile="MAYA">
          <pre_infinity>CONSTANT</pre_infinity>
          <post_infinity>CONSTANT</post_infinity>
        </technique>
      </source>
      <source id="Spine_matrix_Spine_transform-output">
        <float_array id="Spine_matrix_Spine_transform-output-array" count="1696">1 -0.000001 -0.000167 0 0.00001 0.998644 0.052065 0.070051 0.000166 -0.052065 0.998644 -0.000217 0 0 0 1 1 -0.000001 -0.000167 0 0.00001 0.998644 0.052065 0.070051 0.000166 -0.052065 0.998644 -0.000217 0 0 0 1 1 -0.000001 -0.000167 0 0.00001 0.998644 0.052065 0.070051 0.000166 -0.052065 0.998644 -0.000217 0 0 0 1 1 -0.000001 -0.000167 0 0.00001 0.998644 0.052065 0.070051 0.000166 -0.052065 0.998644 -0.000217 0 0 0 1 1 -0.000001 -0.000167 0 0.00001 0.998644 0.052065 0.070051 0.000166 -0.052065 0.998644 -0.000217 0 0 0 1 1 -0.000001 -0.000167 0 0.00001 0.998644 0.052065 0.070051 0.000166 -0.052065 0.998644 -0.000217 0 0 0 1 1 -0.000001 -0.000167 0 0.00001 0.998644 0.052065 0.070051 0.000166 -0.052065 0.998644 -0.000217 0 0 0 1 1 -0.000001 -0.000167 0 0.00001 0.998644 0.052065 0.070051 0.000166 -0.052065 0.998644 -0.000217 0 0 0 1 1 -0.000001 -0.000167 0 0.00001 0.998644 0.052065 0.070051 0.000166 -0.052065 0.998644 -0.000217 0 0 0 1 1 -0.000001 -0.000167 0 0.00001 0.998644 0.052065 0.070051 0.000166 -0.052065 0.998644 -0.000217 0 0 0 1 1 0.000077 -0.000166 0 -0.000068 0.998644 0.052065 0.070051 0.00017 -0.052065 0.998644 -0.000217 0 0 0 1 1 0.000206 -0.000165 0 -0.000198 0.998639 0.052149 0.070051 0.000176 -0.052148 0.998639 -0.000217 0 0 0 1 1 0.000367 -0.000164 0 -0.000357 0.998632 0.052283 0.070051 0.000183 -0.052283 0.998632 -0.000217 0 0 0 1 1 0.000506 -0.00016 0 -0.000497 0.998624 0.052439 0.070051 0.000186 -0.052439 0.998624 -0.000217 0 0 0 1 1 0.000589 -0.000162 0 -0.000579 0.998617 0.052564 0.070051 0.000192 -0.052564 0.998618 -0.000217 0 0 0 1 1 0.000607 -0.000164 0 -0.000598 0.998613 0.052638 0.070051 0.000196 -0.052638 0.998614 -0.000217 0 0 0 1 1 0.000597 -0.000161 0 -0.000588 0.99861 0.052696 0.070051 0.000193 -0.052695 0.998611 -0.000217 0 0 0 1 1 0.000579 -0.000148 0 -0.00057 0.998605 0.052794 0.070051 0.000178 -0.052794 0.998605 -0.000217 0 0 0 1 1 0.00055 -0.000118 0 -0.000543 0.998596 0.052969 0.070051 0.000147 -0.052969 0.998596 -0.000217 0 0 0 1 1 0.000519 -0.000046 0 -0.000516 0.998583 0.053222 0.070051 0.000074 -0.053222 0.998583 -0.000217 0 0 0 1 1 0.000485 0.000037 0 -0.000487 0.998565 0.053556 0.070051 -0.000011 -0.053556 0.998565 -0.000217 0 0 0 1 1 0.000452 0.000148 0 -0.000459 0.998541 0.053992 0.070051 -0.000123 -0.053993 0.998541 -0.000217 0 0 0 1 1 0.000421 0.000304 0 -0.000437 0.998511 0.054543 0.070051 -0.00028 -0.054543 0.998511 -0.000217 0 0 0 1 1 0.000395 0.000517 0 -0.000423 0.998476 0.055179 0.070051 -0.000495 -0.05518 0.998476 -0.000217 0 0 0 1 1 0.000368 0.00079 0 -0.000412 0.998439 0.055845 0.070051 -0.000768 -0.055846 0.998439 -0.000217 0 0 0 1 0.999999 0.000336 0.001104 0 -0.000398 0.998402 0.056518 0.070051 -0.001083 -0.056518 0.998401 -0.000217 0 0 0 1 0.999999 0.000303 0.001425 0 -0.000384 0.99836 0.057239 0.070051 -0.001405 -0.057239 0.998359 -0.000217 0 0 0 1 0.999998 0.000271 0.001722 0 -0.000371 0.998312 0.058074 0.070051 -0.001703 -0.058075 0.998311 -0.000217 0 0 0 1 0.999998 0.000245 0.001976 0 -0.000361 0.998257 0.059021 0.070051 -0.001958 -0.059021 0.998255 -0.000217 0 0 0 1 0.999998 0.000227 0.002182 0 -0.000358 0.998199 0.059985 0.070051 -0.002165 -0.059985 0.998197 -0.000217 0 0 0 1 0.999997 0.000222 0.002341 0 -0.000364 0.998147 0.060844 0.070051 -0.002324 -0.060844 0.998145 -0.000217 0 0 0 1 0.999997 0.000233 0.002442 0 -0.000383 0.998105 0.061537 0.070051 -0.002423 -0.061538 0.998102 -0.000217 0 0 0 1 0.999997 0.000265 0.002464 0 -0.000417 0.998071 0.062077 0.070051 -0.002442 -0.062078 0.998068 -0.000217 0 0 0 1 0.999997 0.00036 0.002451 0 -0.000513 0.998045 0.0625 0.070051 -0.002423 -0.062501 0.998042 -0.000217 0 0 0 1 0.999997 0.000517 0.002425 0 -0.000669 0.998024 0.062833 0.070051 -0.002388 -0.062834 0.998021 -0.000217 0 0 0 1 0.999997 0.000712 0.002381 0 -0.000861 0.998007 0.063091 0.070051 -0.002332 -0.063093 0.998005 -0.000217 0 0 0 1 0.999997 0.000919 0.002341 0 -0.001065 0.997994 0.063302 0.070051 -0.002278 -0.063304 0.997992 -0.000217 0 0 0 1 0.999997 0.001124 0.002301 0 -0.001268 0.997982 0.06349 0.070051 -0.002225 -0.063493 0.99798 -0.000217 0 0 0 1 0.999997 0.001319 0.002254 0 -0.00146 0.997971 0.063655 0.070051 -0.002166 -0.063658 0.997969 -0.000217 0 0 0 1 0.999996 0.001491 0.002191 0 -0.001628 0.997964 0.06376 0.070051 -0.002092 -0.063764 0.997963 -0.000217 0 0 0 1 0.999996 0.001631 0.002099 0 -0.001762 0.997963 0.063772 0.070051 -0.001991 -0.063775 0.997962 -0.000217 0 0 0 1 0.999996 0.001746 0.002021 0 -0.001871 0.997968 0.063686 0.070051 -0.001906 -0.063689 0.997968 -0.000217 0 0 0 1 0.999996 0.001856 0.001988 0 -0.001978 0.997978 0.063532 0.070051 -0.001866 -0.063535 0.997978 -0.000217 0 0 0 1 0.999996 0.001977 0.001972 0 -0.002098 0.997989 0.063344 0.070051 -0.001843 -0.063348 0.99799 -0.000217 0 0 0 1 0.999996 0.002112 0.001969 0 -0.002232 0.998002 0.063141 0.070051 -0.001832 -0.063145 0.998003 -0.000217 0 0 0 1 0.999996 0.00225 0.001971 0 -0.00237 0.998016 0.062921 0.070051 -0.001826 -0.062925 0.998017 -0.000217 0 0 0 1 0.999995 0.002374 0.001973 0 -0.002493 0.99803 0.062687 0.070051 -0.00182 -0.062692 0.998031 -0.000217 0 0 0 1 0.999995 0.002467 0.001982 0 -0.002586 0.998044 0.062454 0.070051 -0.001824 -0.062459 0.998046 -0.000217 0 0 0 1 0.999995 0.00253 0.002004 0 -0.002649 0.998058 0.062238 0.070051 -0.001843 -0.062243 0.998059 -0.000217 0 0 0 1 0.999995 0.002581 0.002029 0 -0.002702 0.99807 0.062036 0.070051 -0.001864 -0.062042 0.998072 -0.000217 0 0 0 1 0.999994 0.002628 0.002057 0 -0.00275 0.998083 0.061828 0.070051 -0.001891 -0.061833 0.998085 -0.000217 0 0 0 1 0.999994 0.00268 0.00209 0 -0.002803 0.998097 0.061601 0.070051 -0.001921 -0.061607 0.998099 -0.000217 0 0 0 1 0.999994 0.002757 0.00213 0 -0.002882 0.998111 0.061376 0.070051 -0.001957 -0.061382 0.998112 -0.000217 0 0 0 1 0.999994 0.002849 0.002177 0 -0.002977 0.998121 0.061201 0.070051 -0.001998 -0.061207 0.998123 -0.000217 0 0 0 1 0.999993 0.002949 0.002245 0 -0.00308 0.998125 0.061125 0.070051 -0.00206 -0.061131 0.998128 -0.000217 0 0 0 1 0.999993 0.003073 0.002341 0 -0.00321 0.998121 0.061185 0.070051 -0.002149 -0.061192 0.998124 -0.000217 0 0 0 1 0.999992 0.00324 0.002463 0 -0.003385 0.998108 0.061391 0.070051 -0.00226 -0.061399 0.998111 -0.000217 0 0 0 1 0.999991 0.003446 0.002595 0 -0.0036 0.998087 0.061714 0.070051 -0.002377 -0.061723 0.998091 -0.000217 0 0 0 1 0.99999 0.003661 0.002704 0 -0.003822 0.998063 0.062089 0.070051 -0.002471 -0.062099 0.998067 -0.000217 0 0 0 1 0.999989 0.003848 0.002775 0 -0.004014 0.99804 0.062457 0.070051 -0.002529 -0.062468 0.998044 -0.000217 0 0 0 1 0.999988 0.003991 0.002801 0 -0.004159 0.998018 0.062794 0.070051 -0.002545 -0.062805 0.998023 -0.000217 0 0 0 1 0.999988 0.004095 0.002814 0 -0.004264 0.997997 0.063113 0.070051 -0.00255 -0.063124 0.998002 -0.000217 0 0 0 1 0.999987 0.004175 0.002814 0 -0.004346 0.997976 0.063435 0.070051 -0.002544 -0.063446 0.997982 -0.000217 0 0 0 1 0.999987 0.004245 0.002804 0 -0.004415 0.997956 0.063758 0.070051 -0.002527 -0.063769 0.997961 -0.000217 0 0 0 1 0.999987 0.004309 0.002784 0 -0.004478 0.997936 0.064053 0.070051 -0.002502 -0.064065 0.997943 -0.000217 0 0 0 1 0.999987 0.004368 0.002755 0 -0.004537 0.997921 0.064292 0.070051 -0.002468 -0.064303 0.997927 -0.000217 0 0 0 1 0.999987 0.004425 0.002695 0 -0.00459 0.997909 0.064467 0.070051 -0.002404 -0.064479 0.997916 -0.000217 0 0 0 1 0.999987 0.004481 0.002608 0 -0.00464 0.9979 0.064599 0.070051 -0.002313 -0.06461 0.997908 -0.000217 0 0 0 1 0.999987 0.004537 0.002521 0 -0.004691 0.997893 0.064713 0.070051 -0.002222 -0.064724 0.997901 -0.000217 0 0 0 1 0.999986 0.004595 0.002457 0 -0.004745 0.997885 0.064826 0.070051 -0.002154 -0.064837 0.997894 -0.000217 0 0 0 1 0.999986 0.004653 0.002434 0 -0.004801 0.997877 0.064943 0.070051 -0.002127 -0.064953 0.997886 -0.000217 0 0 0 1 0.999986 0.004711 0.002423 0 -0.004859 0.99787 0.065053 0.070051 -0.002111 -0.065064 0.997879 -0.000217 0 0 0 1 0.999986 0.004768 0.002424 0 -0.004916 0.997864 0.065141 0.070051 -0.002108 -0.065152 0.997873 -0.000217 0 0 0 1 0.999985 0.004824 0.002438 0 -0.004973 0.99786 0.065198 0.070051 -0.002119 -0.065209 0.997869 -0.000217 0 0 0 1 0.999985 0.004881 0.002467 0 -0.005032 0.997857 0.065233 0.070051 -0.002143 -0.065245 0.997867 -0.000217 0 0 0 1 0.999985 0.004942 0.002511 0 -0.005095 0.997855 0.06527 0.070051 -0.002183 -0.065281 0.997864 -0.000217 0 0 0 1 0.999984 0.004992 0.002606 0 -0.005152 0.99785 0.065328 0.070051 -0.002275 -0.065341 0.99786 -0.000217 0 0 0 1 0.999984 0.005029 0.002721 0 -0.005197 0.997845 0.065411 0.070051 -0.002386 -0.065425 0.997855 -0.000217 0 0 0 1 0.999983 0.005062 0.002837 0 -0.005236 0.99784 0.065489 0.070051 -0.002499 -0.065503 0.997849 -0.000217 0 0 0 1 0.999983 0.005079 0.002939 0 -0.005261 0.997837 0.065526 0.070051 -0.002599 -0.06554 0.997847 -0.000217 0 0 0 1 0.999983 0.005074 0.003014 0 -0.00526 0.997841 0.065467 0.070051 -0.002675 -0.065482 0.99785 -0.000217 0 0 0 1 0.999983 0.005012 0.003065 0 -0.005201 0.997856 0.065241 0.070051 -0.002732 -0.065256 0.997865 -0.000217 0 0 0 1 0.999983 0.004885 0.003104 0 -0.005075 0.997888 0.064761 0.070051 -0.002781 -0.064776 0.997896 -0.000217 0 0 0 1 0.999984 0.004681 0.003133 0 -0.004872 0.997941 0.063952 0.070051 -0.002827 -0.063967 0.997948 -0.000217 0 0 0 1 0.999986 0.004377 0.003136 0 -0.004566 0.998016 0.062793 0.070051 -0.002855 -0.062806 0.998022 -0.000217 0 0 0 1 0.999987 0.003963 0.003087 0 -0.004145 0.998108 0.06135 0.070051 -0.002838 -0.061362 0.998111 -0.000217 0 0 0 1 0.99999 0.003468 0.00295 0 -0.003638 0.998205 0.059774 0.070051 -0.002738 -0.059784 0.998208 -0.000217 0 0 0 1 0.999992 0.002961 0.002708 0 -0.003114 0.998299 0.058225 0.070051 -0.002531 -0.058233 0.9983 -0.000217 0 0 0 1 0.999994 0.002502 0.002381 0 -0.002634 0.998381 0.05682 0.070051 -0.002235 -0.056826 0.998382 -0.000217 0 0 0 1 0.999996 0.002117 0.002026 0 -0.002227 0.99845 0.055618 0.070051 -0.001905 -0.055622 0.99845 -0.000217 0 0 0 1 0.999997 0.001798 0.001702 0 -0.001888 0.998504 0.054638 0.070051 -0.001602 -0.054641 0.998505 -0.000217 0 0 0 1 0.999998 0.001522 0.001442 0 -0.001597 0.998547 0.053863 0.070051 -0.001358 -0.053865 0.998547 -0.000217 0 0 0 1 0.999998 0.001269 0.001228 0 -0.001332 0.99858 0.053252 0.070051 -0.001159 -0.053254 0.99858 -0.000217 0 0 0 1 0.999999 0.00103 0.001016 0 -0.001082 0.998606 0.052776 0.070051 -0.00096 -0.052777 0.998606 -0.000217 0 0 0 1 0.999999 0.000819 0.000788 0 -0.000859 0.998624 0.052433 0.070051 -0.000744 -0.052433 0.998624 -0.000217 0 0 0 1 1 0.00065 0.000585 0 -0.00068 0.998635 0.052233 0.070051 -0.00055 -0.052233 0.998635 -0.000217 0 0 0 1 1 0.000526 0.000455 0 -0.000549 0.998639 0.05215 0.070051 -0.000427 -0.05215 0.998639 -0.000217 0 0 0 1 1 0.000426 0.000408 0 -0.000447 0.99864 0.052131 0.070051 -0.000385 -0.052132 0.99864 -0.000217 0 0 0 1 1 0.000325 0.000402 0 -0.000346 0.998639 0.052147 0.070051 -0.000385 -0.052147 0.998639 -0.000217 0 0 0 1 1 0.000212 0.000411 0 -0.000233 0.998637 0.0522 0.070051 -0.000399 -0.0522 0.998637 -0.000217 0 0 0 1 1 0.000094 0.000399 0 -0.000114 0.998631 0.052309 0.070051 -0.000394 -0.052309 0.998631 -0.000217 0 0 0 1 1 0.000001 0.000335 0 -0.000018 0.998623 0.052463 0.070051 -0.000334 -0.052463 0.998623 -0.000217 0 0 0 1 1 0.000002 0.000238 0 -0.000014 0.998616 0.052592 0.070051 -0.000238 -0.052592 0.998616 -0.000217 0 0 0 1 1 0.000003 0.000131 0 -0.000009 0.998616 0.052596 0.070051 -0.00013 -0.052596 0.998616 -0.000217 0 0 0 1 1 0.000004 0 0 -0.000004 0.998626 0.052411 0.070051 0.000000 -0.052411 0.998626 -0.000217 0 0 0 1 1 0.000004 0 0 -0.000004 0.998644 0.052065 0.070051 0.000000 -0.052065 0.998644 -0.000217 0 0 0 1</float_array>
        <technique_common>
          <accessor source="#Spine_matrix_Spine_transform-output-array" count="106" stride="16">
            <param name="TRANSFORM" type="float4x4"/>
          </accessor>
        </technique_common>
      </source>
      <source id="Spine_matrix_Spine_transform-interpolations">
        <Name_array id="Spine_matrix_Spine_transform-interpolations-array" count="106">LINEAR LINEAR LINEAR LINEAR LINEAR LINEAR LINEAR LINEAR LINEAR LINEAR LINEAR LINEAR LINEAR LINEAR LINEAR LINEAR LINEAR LINEAR LINEAR LINEAR LINEAR LINEAR LINEAR LINEAR LINEAR LINEAR LINEAR LINEAR LINEAR LINEAR LINEAR LINEAR LINEAR LINEAR LINEAR LINEAR LINEAR LINEAR LINEAR LINEAR LINEAR LINEAR LINEAR LINEAR LINEAR LINEAR LINEAR LINEAR LINEAR LINEAR LINEAR LINEAR LINEAR LINEAR LINEAR LINEAR LINEAR LINEAR LINEAR LINEAR LINEAR LINEAR LINEAR LINEAR LINEAR LINEAR LINEAR LINEAR LINEAR LINEAR LINEAR LINEAR LINEAR LINEAR LINEAR LINEAR LINEAR LINEAR LINEAR LINEAR LINEAR LINEAR LINEAR LINEAR LINEAR LINEAR LINEAR LINEAR LINEAR LINEAR LINEAR LINEAR LINEAR LINEAR LINEAR LINEAR LINEAR LINEAR LINEAR LINEAR LINEAR LINEAR LINEAR LINEAR LINEAR LINEAR</Name_array>
        <technique_common>
          <accessor source="#Spine_matrix_Spine_transform-interpolations-array" count="106" stride="1">
            <param name="INTERPOLATION" type="Name"/>
          </accessor>
        </technique_common>
      </source>
      <sampler id="Spine_matrix_Spine_transform-sampler">
        <input semantic="INPUT" source="#Spine_matrix_Spine_transform-input"/>
        <input semantic="OUTPUT" source="#Spine_matrix_Spine_transform-output"/>
        <input semantic="INTERPOLATION" source="#Spine_matrix_Spine_transform-interpolations"/>
      </sampler>
      <channel source="#Spine_matrix_Spine_transform-sampler" target="Spine/transform"/>
    </animation>
    <animation id="Spine1_matrix">
      <source id="Spine1_matrix_Spine1_transform-input">
        <float_array id="Spine1_matrix_Spine1_transform-input-array" count="106">0 0.033333 0.066666 0.1 0.133333 0.166667 0.2 0.233333 0.266667 0.3 0.333333 0.366667 0.4 0.433333 0.466667 0.5 0.533333 0.566667 0.6 0.633333 0.666667 0.7 0.733333 0.766667 0.8 0.833333 0.866667 0.9 0.933333 0.966667 1 1.03333 1.06667 1.1 1.13333 1.16667 1.2 1.23333 1.26667 1.3 1.33333 1.36667 1.4 1.43333 1.46667 1.5 1.53333 1.56667 1.6 1.63333 1.66667 1.7 1.73333 1.76667 1.8 1.83333 1.86667 1.9 1.93333 1.96667 2 2.03333 2.06667 2.1 2.13333 2.16667 2.2 2.23333 2.26667 2.3 2.33333 2.36667 2.4 2.43333 2.46667 2.5 2.53333 2.56667 2.6 2.63333 2.66667 2.7 2.73333 2.76667 2.8 2.83333 2.86667 2.9 2.93333 2.96667 3 3.03333 3.06667 3.1 3.13333 3.16667 3.2 3.23333 3.26667 3.3 3.33333 3.36667 3.4 3.43333 3.46667 3.5</float_array>
        <technique_common>
          <accessor source="#Spine1_matrix_Spine1_transform-input-array" count="106" stride="1">
            <param name="TIME" type="float"/>
          </accessor>
        </technique_common>
        <technique profile="MAYA">
          <pre_infinity>CONSTANT</pre_infinity>
          <post_infinity>CONSTANT</post_infinity>
        </technique>
      </source>
      <source id="Spine1_matrix_Spine1_transform-output">
        <float_array id="Spine1_matrix_Spine1_transform-output-array" count="1696">1 -0.000000 -0.000173 0 0.000003 0.999871 0.016032 0.077503 0.000173 -0.016032 0.999871 0 0 0 0 1 1 -0.000000 -0.000173 0 0.000003 0.999871 0.016032 0.077503 0.000173 -0.016032 0.999871 0 0 0 0 1 1 -0.000000 -0.000173 0 0.000003 0.999871 0.016032 0.077503 0.000173 -0.016032 0.999871 0 0 0 0 1 1 -0.000000 -0.000173 0 0.000003 0.999871 0.016032 0.077503 0.000173 -0.016032 0.999871 0 0 0 0 1 1 -0.000000 -0.000173 0 0.000003 0.999871 0.016032 0.077503 0.000173 -0.016032 0.999871 0 0 0 0 1 1 -0.000000 -0.000173 0 0.000003 0.999871 0.016032 0.077503 0.000173 -0.016032 0.999871 0 0 0 0 1 1 -0.000000 -0.000173 0 0.000003 0.999871 0.016032 0.077503 0.000173 -0.016032 0.999871 0 0 0 0 1 1 -0.000000 -0.000173 0 0.000003 0.999871 0.016032 0.077503 0.000173 -0.016032 0.999871 0 0 0 0 1 1 -0.000000 -0.000173 0 0.000003 0.999871 0.016032 0.077503 0.000173 -0.016032 0.999871 0 0 0 0 1 1 -0.000000 -0.000173 0 0.000003 0.999871 0.016032 0.077503 0.000173 -0.016032 0.999871 0 0 0 0 1 1 0.000068 -0.000172 0 -0.000065 0.999871 0.016032 0.077503 0.000174 -0.016032 0.999871 0 0 0 0 1 1 0.000182 -0.000172 0 -0.000179 0.99987 0.016116 0.077503 0.000174 -0.016116 0.99987 0 0 0 0 1 1 0.000322 -0.00017 0 -0.000319 0.999868 0.016251 0.077503 0.000176 -0.016251 0.999868 0 0 0 0 1 1 0.000445 -0.000167 0 -0.000442 0.999865 0.016407 0.077503 0.000174 -0.016407 0.999865 0 0 0 0 1 1 0.000491 -0.000169 0 -0.000489 0.999863 0.016532 0.077503 0.000177 -0.016531 0.999863 0 0 0 0 1 1 0.000505 -0.000172 0 -0.000502 0.999862 0.016606 0.077503 0.00018 -0.016606 0.999862 0 0 0 0 1 1 0.000507 -0.000169 0 -0.000504 0.999861 0.016663 0.077503 0.000177 -0.016663 0.999861 0 0 0 0 1 1 0.0005 -0.000155 0 -0.000497 0.999859 0.016762 0.077503 0.000164 -0.016762 0.99986 0 0 0 0 1 1 0.000486 -0.000125 0 -0.000484 0.999856 0.016937 0.077503 0.000133 -0.016937 0.999857 0 0 0 0 1 1 0.000469 -0.000052 0 -0.000469 0.999852 0.01719 0.077503 0.00006 -0.01719 0.999852 0 0 0 0 1 1 0.000452 0.000032 0 -0.000452 0.999846 0.017525 0.077503 -0.000024 -0.017525 0.999846 0 0 0 0 1 1 0.000425 0.000145 0 -0.000428 0.999839 0.017962 0.077503 -0.000137 -0.017962 0.999839 0 0 0 0 1 1 0.000394 0.0003 0 -0.0004 0.999829 0.018513 0.077503 -0.000292 -0.018513 0.999829 0 0 0 0 1 1 0.00036 0.000512 0 -0.00037 0.999817 0.01915 0.077503 -0.000505 -0.019151 0.999816 0 0 0 0 1 1 0.000325 0.000783 0 -0.000341 0.999804 0.019817 0.077503 -0.000777 -0.019818 0.999803 0 0 0 0 1 0.999999 0.000292 0.001095 0 -0.000314 0.99979 0.020491 0.077503 -0.001089 -0.020491 0.999789 0 0 0 0 1 0.999999 0.000262 0.001416 0 -0.000292 0.999775 0.021213 0.077503 -0.00141 -0.021213 0.999774 0 0 0 0 1 0.999999 0.000232 0.001713 0 -0.00027 0.999757 0.022049 0.077503 -0.001707 -0.02205 0.999755 0 0 0 0 1 0.999998 0.000199 0.001966 0 -0.000244 0.999735 0.022998 0.077503 -0.001961 -0.022998 0.999734 0 0 0 0 1 0.999998 0.000168 0.002172 0 -0.00022 0.999713 0.023963 0.077503 -0.002167 -0.023963 0.999711 0 0 0 0 1 0.999997 0.000146 0.00233 0 -0.000203 0.999692 0.024823 0.077503 -0.002325 -0.024824 0.999689 0 0 0 0 1 0.999997 0.000138 0.002428 0 -0.0002 0.999674 0.025518 0.077503 -0.002424 -0.025518 0.999671 0 0 0 0 1 0.999997 0.000152 0.002447 0 -0.000216 0.99966 0.026058 0.077503 -0.002442 -0.026059 0.999657 0 0 0 0 1 0.999997 0.000219 0.00243 0 -0.000283 0.999649 0.026483 0.077503 -0.002423 -0.026483 0.999646 0 0 0 0 1 0.999997 0.00034 0.0024 0 -0.000404 0.99964 0.026816 0.077503 -0.00239 -0.026817 0.999637 0 0 0 0 1 0.999997 0.000498 0.002351 0 -0.000562 0.999633 0.027074 0.077503 -0.002337 -0.027076 0.999631 0 0 0 0 1 0.999997 0.000674 0.002306 0 -0.000737 0.999627 0.027285 0.077503 -0.002287 -0.027287 0.999625 0 0 0 0 1 0.999997 0.000854 0.002262 0 -0.000916 0.999622 0.027475 0.077503 -0.002238 -0.027477 0.99962 0 0 0 0 1 0.999997 0.00103 0.002211 0 -0.00109 0.999617 0.027639 0.077503 -0.002182 -0.027642 0.999615 0 0 0 0 1 0.999997 0.001187 0.002146 0 -0.001246 0.999614 0.027745 0.077503 -0.002112 -0.027748 0.999613 0 0 0 0 1 0.999997 0.001319 0.002051 0 -0.001376 0.999614 0.027756 0.077503 -0.002014 -0.027759 0.999613 0 0 0 0 1 0.999997 0.001431 0.001972 0 -0.001485 0.999616 0.02767 0.077503 -0.001932 -0.027673 0.999615 0 0 0 0 1 0.999997 0.001536 0.00194 0 -0.001588 0.99962 0.027516 0.077503 -0.001897 -0.027519 0.999619 0 0 0 0 1 0.999997 0.001647 0.001921 0 -0.001699 0.999625 0.027329 0.077503 -0.001875 -0.027332 0.999625 0 0 0 0 1 0.999997 0.001768 0.001912 0 -0.001819 0.99963 0.027124 0.077503 -0.001863 -0.027128 0.99963 0 0 0 0 1 0.999996 0.00189 0.001913 0 -0.001941 0.999636 0.026904 0.077503 -0.001861 -0.026908 0.999636 0 0 0 0 1 0.999996 0.002 0.00192 0 -0.002051 0.999642 0.02667 0.077503 -0.001866 -0.026674 0.999642 0 0 0 0 1 0.999996 0.002088 0.001933 0 -0.002138 0.999648 0.026437 0.077503 -0.001877 -0.026441 0.999649 0 0 0 0 1 0.999996 0.002152 0.00195 0 -0.002203 0.999654 0.02622 0.077503 -0.001893 -0.026224 0.999654 0 0 0 0 1 0.999996 0.002205 0.001969 0 -0.002256 0.999659 0.026018 0.077503 -0.00191 -0.026023 0.99966 0 0 0 0 1 0.999995 0.002261 0.001988 0 -0.002311 0.999664 0.02581 0.077503 -0.001929 -0.025814 0.999665 0 0 0 0 1 0.999995 0.002334 0.002026 0 -0.002385 0.99967 0.025582 0.077503 -0.001966 -0.025587 0.999671 0 0 0 0 1 0.999995 0.002426 0.002072 0 -0.002478 0.999675 0.025357 0.077503 -0.00201 -0.025362 0.999676 0 0 0 0 1 0.999995 0.002526 0.002123 0 -0.002579 0.99968 0.025181 0.077503 -0.002059 -0.025186 0.999681 0 0 0 0 1 0.999994 0.00263 0.002188 0 -0.002684 0.999681 0.025105 0.077503 -0.002121 -0.025111 0.999682 0 0 0 0 1 0.999994 0.002749 0.00228 0 -0.002805 0.999679 0.025165 0.077503 -0.00221 -0.025172 0.999681 0 0 0 0 1 0.999993 0.002896 0.002399 0 -0.002956 0.999674 0.025372 0.077503 -0.002325 -0.025379 0.999675 0 0 0 0 1 0.999992 0.00307 0.002525 0 -0.003134 0.999665 0.025695 0.077503 -0.002446 -0.025703 0.999667 0 0 0 0 1 0.999991 0.003248 0.002629 0 -0.003315 0.999655 0.026072 0.077503 -0.002543 -0.02608 0.999657 0 0 0 0 1 0.999991 0.003404 0.002672 0 -0.003473 0.999644 0.02644 0.077503 -0.002581 -0.026449 0.999647 0 0 0 0 1 0.99999 0.003526 0.002699 0 -0.003597 0.999635 0.026778 0.077503 -0.002603 -0.026787 0.999638 0 0 0 0 1 0.99999 0.003618 0.002711 0 -0.00369 0.999626 0.027097 0.077503 -0.002612 -0.027107 0.999629 0 0 0 0 1 0.99999 0.00369 0.00271 0 -0.003762 0.999617 0.02742 0.077503 -0.002608 -0.02743 0.99962 0 0 0 0 1 0.999989 0.003749 0.002697 0 -0.003822 0.999608 0.027743 0.077503 -0.002592 -0.027753 0.999611 0 0 0 0 1 0.999989 0.003798 0.002673 0 -0.003871 0.999599 0.028039 0.077503 -0.002566 -0.028049 0.999603 0 0 0 0 1 0.999989 0.003843 0.00264 0 -0.003916 0.999592 0.028278 0.077503 -0.00253 -0.028288 0.999597 0 0 0 0 1 0.999989 0.003885 0.002597 0 -0.003957 0.999587 0.028454 0.077503 -0.002485 -0.028464 0.999592 0 0 0 0 1 0.999989 0.003928 0.002508 0 -0.003998 0.999583 0.028586 0.077503 -0.002395 -0.028595 0.999588 0 0 0 0 1 0.999989 0.003972 0.002419 0 -0.00404 0.99958 0.0287 0.077503 -0.002304 -0.028709 0.999585 0 0 0 0 1 0.999989 0.004014 0.002351 0 -0.00408 0.999576 0.028813 0.077503 -0.002235 -0.028823 0.999582 0 0 0 0 1 0.999989 0.004054 0.002326 0 -0.004119 0.999573 0.02893 0.077503 -0.002208 -0.028939 0.999579 0 0 0 0 1 0.999989 0.004092 0.002312 0 -0.004157 0.99957 0.02904 0.077503 -0.002192 -0.02905 0.999576 0 0 0 0 1 0.999989 0.004122 0.002309 0 -0.004187 0.999567 0.029128 0.077503 -0.002188 -0.029138 0.999573 0 0 0 0 1 0.999989 0.004147 0.00232 0 -0.004213 0.999565 0.029185 0.077503 -0.002198 -0.029195 0.999571 0 0 0 0 1 0.999989 0.004172 0.002345 0 -0.004239 0.999564 0.029221 0.077503 -0.002222 -0.029231 0.99957 0 0 0 0 1 0.999988 0.004196 0.002386 0 -0.004264 0.999563 0.029258 0.077503 -0.002262 -0.029268 0.999569 0 0 0 0 1 0.999988 0.004215 0.002477 0 -0.004286 0.999561 0.029317 0.077503 -0.002353 -0.029327 0.999567 0 0 0 0 1 0.999988 0.004228 0.002588 0 -0.004303 0.999558 0.0294 0.077503 -0.002463 -0.029411 0.999564 0 0 0 0 1 0.999987 0.004233 0.002701 0 -0.004311 0.999556 0.029478 0.077503 -0.002575 -0.029489 0.999562 0 0 0 0 1 0.999987 0.004228 0.0028 0 -0.004309 0.999555 0.029515 0.077503 -0.002674 -0.029527 0.99956 0 0 0 0 1 0.999987 0.004211 0.002876 0 -0.004294 0.999557 0.029457 0.077503 -0.002751 -0.029468 0.999562 0 0 0 0 1 0.999987 0.004154 0.002927 0 -0.004237 0.999564 0.02923 0.077503 -0.002804 -0.029242 0.999568 0 0 0 0 1 0.999987 0.004045 0.002962 0 -0.004129 0.999578 0.028749 0.077503 -0.002844 -0.028761 0.999582 0 0 0 0 1 0.999988 0.003872 0.00299 0 -0.003954 0.999602 0.027939 0.077503 -0.002881 -0.027951 0.999605 0 0 0 0 1 0.999989 0.003613 0.002996 0 -0.003692 0.999635 0.026777 0.077503 -0.002898 -0.026788 0.999637 0 0 0 0 1 0.99999 0.003263 0.002961 0 -0.003337 0.999673 0.025332 0.077503 -0.002878 -0.025342 0.999675 0 0 0 0 1 0.999992 0.002856 0.002838 0 -0.002922 0.999714 0.023753 0.077503 -0.002769 -0.023761 0.999714 0 0 0 0 1 0.999994 0.002447 0.00261 0 -0.002504 0.99975 0.022202 0.077503 -0.002555 -0.022208 0.99975 0 0 0 0 1 0.999995 0.002083 0.002297 0 -0.002131 0.999781 0.020794 0.077503 -0.002254 -0.020799 0.999781 0 0 0 0 1 0.999996 0.00178 0.001955 0 -0.001818 0.999806 0.019591 0.077503 -0.00192 -0.019594 0.999806 0 0 0 0 1 0.999997 0.001527 0.001643 0 -0.001558 0.999826 0.018609 0.077503 -0.001614 -0.018611 0.999825 0 0 0 0 1 0.999998 0.001305 0.001392 0 -0.00133 0.99984 0.017833 0.077503 -0.001368 -0.017834 0.99984 0 0 0 0 1 0.999999 0.001097 0.001186 0 -0.001117 0.999851 0.017221 0.077503 -0.001167 -0.017223 0.999851 0 0 0 0 1 0.999999 0.0009 0.000982 0 -0.000916 0.999859 0.016744 0.077503 -0.000967 -0.016745 0.999859 0 0 0 0 1 0.999999 0.000723 0.000762 0 -0.000735 0.999865 0.0164 0.077503 -0.00075 -0.016401 0.999865 0 0 0 0 1 1 0.000577 0.000563 0 -0.000586 0.999869 0.0162 0.077503 -0.000553 -0.016201 0.999869 0 0 0 0 1 1 0.000463 0.000436 0 -0.00047 0.99987 0.016117 0.077503 -0.000428 -0.016117 0.99987 0 0 0 0 1 1 0.000366 0.000391 0 -0.000372 0.99987 0.016099 0.077503 -0.000385 -0.016099 0.99987 0 0 0 0 1 1 0.000273 0.000375 0 -0.000279 0.99987 0.016114 0.077503 -0.000371 -0.016114 0.99987 0 0 0 0 1 1 0.000174 0.000373 0 -0.00018 0.999869 0.016167 0.077503 -0.00037 -0.016167 0.999869 0 0 0 0 1 1 0.000076 0.000364 0 -0.000082 0.999867 0.016277 0.077503 -0.000363 -0.016277 0.999867 0 0 0 0 1 1 0.000000 0.000329 0 -0.000006 0.999865 0.016431 0.077503 -0.000329 -0.016431 0.999865 0 0 0 0 1 1 0.000001 0.000234 0 -0.000005 0.999863 0.01656 0.077503 -0.000234 -0.01656 0.999863 0 0 0 0 1 1 0.000002 0.000129 0 -0.000004 0.999863 0.016564 0.077503 -0.000128 -0.016564 0.999863 0 0 0 0 1 1 0.000003 0 0 -0.000003 0.999866 0.016379 0.077503 0 -0.016379 0.999866 0 0 0 0 1 1 0.000003 0 0 -0.000003 0.999871 0.016032 0.077503 0 -0.016032 0.999871 0 0 0 0 1</float_array>
        <technique_common>
          <accessor source="#Spine1_matrix_Spine1_transform-output-array" count="106" stride="16">
            <param name="TRANSFORM" type="float4x4"/>
          </accessor>
        </technique_common>
      </source>
      <source id="Spine1_matrix_Spine1_transform-interpolations">
        <Name_array id="Spine1_matrix_Spine1_transform-interpolations-array" count="106">LINEAR LINEAR LINEAR LINEAR LINEAR LINEAR LINEAR LINEAR LINEAR LINEAR LINEAR LINEAR LINEAR LINEAR LINEAR LINEAR LINEAR LINEAR LINEAR LINEAR LINEAR LINEAR LINEAR LINEAR LINEAR LINEAR LINEAR LINEAR LINEAR LINEAR LINEAR LINEAR LINEAR LINEAR LINEAR LINEAR LINEAR LINEAR LINEAR LINEAR LINEAR LINEAR LINEAR LINEAR LINEAR LINEAR LINEAR LINEAR LINEAR LINEAR LINEAR LINEAR LINEAR LINEAR LINEAR LINEAR LINEAR LINEAR LINEAR LINEAR LINEAR LINEAR LINEAR LINEAR LINEAR LINEAR LINEAR LINEAR LINEAR LINEAR LINEAR LINEAR LINEAR LINEAR LINEAR LINEAR LINEAR LINEAR LINEAR LINEAR LINEAR LINEAR LINEAR LINEAR LINEAR LINEAR LINEAR LINEAR LINEAR LINEAR LINEAR LINEAR LINEAR LINEAR LINEAR LINEAR LINEAR LINEAR LINEAR LINEAR LINEAR LINEAR LINEAR LINEAR LINEAR LINEAR</Name_array>
        <technique_common>
          <accessor source="#Spine1_matrix_Spine1_transform-interpolations-array" count="106" stride="1">
            <param name="INTERPOLATION" type="Name"/>
          </accessor>
        </technique_common>
      </source>
      <sampler id="Spine1_matrix_Spine1_transform-sampler">
        <input semantic="INPUT" source="#Spine1_matrix_Spine1_transform-input"/>
        <input semantic="OUTPUT" source="#Spine1_matrix_Spine1_transform-output"/>
        <input semantic="INTERPOLATION" source="#Spine1_matrix_Spine1_transform-interpolations"/>
      </sampler>
      <channel source="#Spine1_matrix_Spine1_transform-sampler" target="Spine1/transform"/>
    </animation>
    <animation id="Spine2_matrix">
      <source id="Spine2_matrix_Spine2_transform-input">
        <float_array id="Spine2_matrix_Spine2_transform-input-array" count="106">0 0.033333 0.066666 0.1 0.133333 0.166667 0.2 0.233333 0.266667 0.3 0.333333 0.366667 0.4 0.433333 0.466667 0.5 0.533333 0.566667 0.6 0.633333 0.666667 0.7 0.733333 0.766667 0.8 0.833333 0.866667 0.9 0.933333 0.966667 1 1.03333 1.06667 1.1 1.13333 1.16667 1.2 1.23333 1.26667 1.3 1.33333 1.36667 1.4 1.43333 1.46667 1.5 1.53333 1.56667 1.6 1.63333 1.66667 1.7 1.73333 1.76667 1.8 1.83333 1.86667 1.9 1.93333 1.96667 2 2.03333 2.06667 2.1 2.13333 2.16667 2.2 2.23333 2.26667 2.3 2.33333 2.36667 2.4 2.43333 2.46667 2.5 2.53333 2.56667 2.6 2.63333 2.66667 2.7 2.73333 2.76667 2.8 2.83333 2.86667 2.9 2.93333 2.96667 3 3.03333 3.06667 3.1 3.13333 3.16667 3.2 3.23333 3.26667 3.3 3.33333 3.36667 3.4 3.43333 3.46667 3.5</float_array>
        <technique_common>
          <accessor source="#Spine2_matrix_Spine2_transform-input-array" count="106" stride="1">
            <param name="TIME" type="float"/>
          </accessor>
        </technique_common>
        <technique profile="MAYA">
          <pre_infinity>CONSTANT</pre_infinity>
          <post_infinity>CONSTANT</post_infinity>
        </technique>
      </source>
      <source id="Spine2_matrix_Spine2_transform-output">
        <float_array id="Spine2_matrix_Spine2_transform-output-array" count="1696">1 -0.000000 -0.00017 0 0.000003 0.999877 0.01571 0.073924 0.00017 -0.01571 0.999877 0 0 0 0 1 1 -0.000000 -0.00017 0 0.000003 0.999877 0.01571 0.073924 0.00017 -0.01571 0.999877 0 0 0 0 1 1 -0.000000 -0.00017 0 0.000003 0.999877 0.01571 0.073924 0.00017 -0.01571 0.999877 0 0 0 0 1 1 -0.000000 -0.00017 0 0.000003 0.999877 0.01571 0.073924 0.00017 -0.01571 0.999877 0 0 0 0 1 1 -0.000000 -0.00017 0 0.000003 0.999877 0.01571 0.073924 0.00017 -0.01571 0.999877 0 0 0 0 1 1 -0.000000 -0.00017 0 0.000003 0.999877 0.01571 0.073924 0.00017 -0.01571 0.999877 0 0 0 0 1 1 -0.000000 -0.00017 0 0.000003 0.999877 0.01571 0.073924 0.00017 -0.01571 0.999877 0 0 0 0 1 1 -0.000000 -0.00017 0 0.000003 0.999877 0.01571 0.073924 0.00017 -0.01571 0.999877 0 0 0 0 1 1 -0.000000 -0.00017 0 0.000003 0.999877 0.01571 0.073924 0.00017 -0.01571 0.999877 0 0 0 0 1 1 -0.000000 -0.00017 0 0.000003 0.999877 0.01571 0.073924 0.00017 -0.01571 0.999877 0 0 0 0 1 1 0.000068 -0.000169 0 -0.000066 0.999877 0.01571 0.073924 0.00017 -0.01571 0.999877 0 0 0 0 1 1 0.000182 -0.000168 0 -0.000179 0.999875 0.015793 0.073924 0.000171 -0.015793 0.999875 0 0 0 0 1 1 0.000325 -0.000167 0 -0.000323 0.999873 0.015928 0.073924 0.000172 -0.015928 0.999873 0 0 0 0 1 1 0.000454 -0.000163 0 -0.000451 0.999871 0.016084 0.073924 0.00017 -0.016084 0.999871 0 0 0 0 1 1 0.000503 -0.000165 0 -0.0005 0.999869 0.016209 0.073924 0.000173 -0.016209 0.999869 0 0 0 0 1 1 0.000517 -0.000167 0 -0.000514 0.999867 0.016283 0.073924 0.000175 -0.016283 0.999867 0 0 0 0 1 1 0.00052 -0.000163 0 -0.000517 0.999866 0.016341 0.073924 0.000172 -0.01634 0.999866 0 0 0 0 1 1 0.000513 -0.000149 0 -0.00051 0.999865 0.016439 0.073924 0.000158 -0.016439 0.999865 0 0 0 0 1 1 0.000499 -0.000119 0 -0.000497 0.999862 0.016614 0.073924 0.000127 -0.016614 0.999862 0 0 0 0 1 1 0.000482 -0.000046 0 -0.000481 0.999858 0.016868 0.073924 0.000054 -0.016867 0.999858 0 0 0 0 1 1 0.000464 0.000038 0 -0.000465 0.999852 0.017203 0.073924 -0.00003 -0.017203 0.999852 0 0 0 0 1 1 0.000437 0.00015 0 -0.00044 0.999844 0.017639 0.073924 -0.000142 -0.017639 0.999844 0 0 0 0 1 1 0.000405 0.000304 0 -0.00041 0.999834 0.01819 0.073924 -0.000297 -0.01819 0.999834 0 0 0 0 1 1 0.000368 0.000516 0 -0.000378 0.999823 0.018828 0.073924 -0.000509 -0.018828 0.999823 0 0 0 0 1 1 0.000331 0.000787 0 -0.000346 0.99981 0.019495 0.073924 -0.00078 -0.019495 0.99981 0 0 0 0 1 0.999999 0.000294 0.001099 0 -0.000316 0.999797 0.020168 0.073924 -0.001093 -0.020168 0.999796 0 0 0 0 1 0.999999 0.000261 0.001419 0 -0.000291 0.999782 0.02089 0.073924 -0.001413 -0.020891 0.999781 0 0 0 0 1 0.999999 0.000227 0.001715 0 -0.000264 0.999764 0.021727 0.073924 -0.00171 -0.021727 0.999762 0 0 0 0 1 0.999998 0.000189 0.001968 0 -0.000234 0.999743 0.022675 0.073924 -0.001963 -0.022675 0.999741 0 0 0 0 1 0.999998 0.000153 0.002173 0 -0.000205 0.999721 0.02364 0.073924 -0.002169 -0.02364 0.999718 0 0 0 0 1 0.999997 0.000127 0.002331 0 -0.000184 0.9997 0.024501 0.073924 -0.002327 -0.024501 0.999697 0 0 0 0 1 0.999997 0.000115 0.00243 0 -0.000176 0.999683 0.025195 0.073924 -0.002426 -0.025195 0.99968 0 0 0 0 1 0.999997 0.000125 0.002449 0 -0.000188 0.999669 0.025736 0.073924 -0.002445 -0.025736 0.999666 0 0 0 0 1 0.999997 0.00019 0.002432 0 -0.000254 0.999658 0.02616 0.073924 -0.002427 -0.026161 0.999655 0 0 0 0 1 0.999997 0.000312 0.002404 0 -0.000375 0.999649 0.026493 0.073924 -0.002395 -0.026494 0.999646 0 0 0 0 1 0.999997 0.000471 0.002357 0 -0.000534 0.999642 0.026752 0.073924 -0.002343 -0.026753 0.999639 0 0 0 0 1 0.999997 0.000647 0.002314 0 -0.000709 0.999636 0.026963 0.073924 -0.002295 -0.026964 0.999634 0 0 0 0 1 0.999997 0.000828 0.002272 0 -0.00089 0.999631 0.027152 0.073924 -0.002249 -0.027154 0.999629 0 0 0 0 1 0.999997 0.001004 0.002224 0 -0.001064 0.999626 0.027316 0.073924 -0.002196 -0.027319 0.999624 0 0 0 0 1 0.999997 0.001163 0.00216 0 -0.001221 0.999623 0.027422 0.073924 -0.002127 -0.027425 0.999622 0 0 0 0 1 0.999997 0.001296 0.002067 0 -0.001352 0.999623 0.027433 0.073924 -0.002031 -0.027436 0.999621 0 0 0 0 1 0.999997 0.001408 0.001989 0 -0.001462 0.999625 0.027347 0.073924 -0.00195 -0.02735 0.999624 0 0 0 0 1 0.999997 0.001514 0.001956 0 -0.001567 0.999629 0.027193 0.073924 -0.001914 -0.027196 0.999628 0 0 0 0 1 0.999997 0.001626 0.001939 0 -0.001678 0.999634 0.027006 0.073924 -0.001895 -0.027009 0.999633 0 0 0 0 1 0.999997 0.001747 0.001934 0 -0.001798 0.999639 0.026801 0.073924 -0.001887 -0.026805 0.999639 0 0 0 0 1 0.999996 0.001869 0.001937 0 -0.001919 0.999645 0.026581 0.073924 -0.001886 -0.026585 0.999645 0 0 0 0 1 0.999996 0.001979 0.001942 0 -0.002029 0.999651 0.026347 0.073924 -0.001889 -0.026351 0.999651 0 0 0 0 1 0.999996 0.002066 0.001946 0 -0.002116 0.999657 0.026114 0.073924 -0.001891 -0.026118 0.999657 0 0 0 0 1 0.999996 0.002131 0.001957 0 -0.002181 0.999662 0.025897 0.073924 -0.001901 -0.025901 0.999663 0 0 0 0 1 0.999996 0.002184 0.001984 0 -0.002234 0.999667 0.025695 0.073924 -0.001927 -0.0257 0.999668 0 0 0 0 1 0.999995 0.002239 0.002017 0 -0.002289 0.999673 0.025487 0.073924 -0.001959 -0.025491 0.999673 0 0 0 0 1 0.999995 0.002311 0.002056 0 -0.002363 0.999678 0.025259 0.073924 -0.001997 -0.025264 0.999679 0 0 0 0 1 0.999995 0.002403 0.0021 0 -0.002455 0.999684 0.025034 0.073924 -0.00204 -0.025039 0.999684 0 0 0 0 1 0.999995 0.002503 0.002151 0 -0.002555 0.999688 0.024858 0.073924 -0.002088 -0.024863 0.999689 0 0 0 0 1 0.999994 0.002606 0.00222 0 -0.00266 0.999689 0.024782 0.073924 -0.002155 -0.024788 0.99969 0 0 0 0 1 0.999994 0.002723 0.002314 0 -0.00278 0.999687 0.024842 0.073924 -0.002246 -0.024848 0.999689 0 0 0 0 1 0.999993 0.002869 0.002435 0 -0.00293 0.999682 0.025049 0.073924 -0.002362 -0.025056 0.999683 0 0 0 0 1 0.999992 0.003042 0.002563 0 -0.003106 0.999673 0.025372 0.073924 -0.002485 -0.02538 0.999675 0 0 0 0 1 0.999991 0.003218 0.002669 0 -0.003286 0.999663 0.025748 0.073924 -0.002585 -0.025757 0.999665 0 0 0 0 1 0.999991 0.003374 0.002713 0 -0.003443 0.999653 0.026117 0.073924 -0.002624 -0.026126 0.999655 0 0 0 0 1 0.99999 0.003495 0.002741 0 -0.003566 0.999644 0.026454 0.073924 -0.002648 -0.026464 0.999646 0 0 0 0 1 0.99999 0.003587 0.002755 0 -0.003659 0.999635 0.026774 0.073924 -0.002658 -0.026784 0.999638 0 0 0 0 1 0.99999 0.003659 0.002755 0 -0.003732 0.999626 0.027096 0.073924 -0.002655 -0.027106 0.999629 0 0 0 0 1 0.999989 0.003718 0.002743 0 -0.003792 0.999617 0.02742 0.073924 -0.00264 -0.02743 0.99962 0 0 0 0 1 0.999989 0.003768 0.00272 0 -0.003842 0.999608 0.027716 0.073924 -0.002614 -0.027726 0.999612 0 0 0 0 1 0.999989 0.003813 0.002687 0 -0.003887 0.999602 0.027955 0.073924 -0.002579 -0.027965 0.999606 0 0 0 0 1 0.999989 0.003856 0.002645 0 -0.003929 0.999597 0.02813 0.073924 -0.002535 -0.02814 0.999601 0 0 0 0 1 0.999989 0.0039 0.002557 0 -0.003971 0.999593 0.028262 0.073924 -0.002446 -0.028272 0.999597 0 0 0 0 1 0.999989 0.003946 0.002468 0 -0.004014 0.999589 0.028377 0.073924 -0.002355 -0.028386 0.999594 0 0 0 0 1 0.999989 0.003988 0.002401 0 -0.004055 0.999586 0.02849 0.073924 -0.002287 -0.0285 0.999591 0 0 0 0 1 0.999989 0.004029 0.002376 0 -0.004095 0.999582 0.028607 0.073924 -0.00226 -0.028616 0.999588 0 0 0 0 1 0.999989 0.004067 0.002363 0 -0.004133 0.999579 0.028717 0.073924 -0.002245 -0.028726 0.999585 0 0 0 0 1 0.999989 0.004097 0.002361 0 -0.004163 0.999576 0.028805 0.073924 -0.002242 -0.028814 0.999582 0 0 0 0 1 0.999989 0.004121 0.002372 0 -0.004188 0.999575 0.028862 0.073924 -0.002252 -0.028872 0.999581 0 0 0 0 1 0.999989 0.004146 0.002397 0 -0.004214 0.999573 0.028898 0.073924 -0.002276 -0.028908 0.999579 0 0 0 0 1 0.999988 0.004169 0.002438 0 -0.004238 0.999572 0.028935 0.073924 -0.002316 -0.028945 0.999578 0 0 0 0 1 0.999988 0.004188 0.00253 0 -0.004259 0.99957 0.028994 0.073924 -0.002408 -0.029004 0.999576 0 0 0 0 1 0.999988 0.004199 0.002641 0 -0.004275 0.999568 0.029077 0.073924 -0.002518 -0.029088 0.999574 0 0 0 0 1 0.999987 0.004203 0.002754 0 -0.004282 0.999566 0.029155 0.073924 -0.00263 -0.029166 0.999571 0 0 0 0 1 0.999987 0.004197 0.002853 0 -0.004279 0.999565 0.029192 0.073924 -0.00273 -0.029204 0.99957 0 0 0 0 1 0.999987 0.00418 0.002928 0 -0.004263 0.999566 0.029133 0.073924 -0.002805 -0.029145 0.999571 0 0 0 0 1 0.999987 0.004121 0.00298 0 -0.004206 0.999573 0.028906 0.073924 -0.002859 -0.028918 0.999578 0 0 0 0 1 0.999987 0.004013 0.003012 0 -0.004097 0.999587 0.028426 0.073924 -0.002897 -0.028438 0.999591 0 0 0 0 1 0.999988 0.003839 0.003038 0 -0.003921 0.999611 0.027616 0.073924 -0.002931 -0.027627 0.999614 0 0 0 0 1 0.999989 0.00358 0.00304 0 -0.003659 0.999643 0.026454 0.073924 -0.002944 -0.026465 0.999645 0 0 0 0 1 0.99999 0.003231 0.003002 0 -0.003305 0.999682 0.025009 0.073924 -0.00292 -0.025019 0.999683 0 0 0 0 1 0.999992 0.002825 0.002873 0 -0.002891 0.999721 0.02343 0.073924 -0.002806 -0.023438 0.999721 0 0 0 0 1 0.999994 0.002419 0.00264 0 -0.002476 0.999758 0.021879 0.073924 -0.002587 -0.021885 0.999757 0 0 0 0 1 0.999995 0.002059 0.002323 0 -0.002106 0.999788 0.020471 0.073924 -0.002281 -0.020476 0.999788 0 0 0 0 1 0.999996 0.00176 0.001977 0 -0.001798 0.999813 0.019268 0.073924 -0.001943 -0.019271 0.999812 0 0 0 0 1 0.999997 0.001511 0.001661 0 -0.001541 0.999832 0.018286 0.073924 -0.001634 -0.018288 0.999831 0 0 0 0 1 0.999998 0.001292 0.001408 0 -0.001316 0.999846 0.01751 0.073924 -0.001385 -0.017511 0.999846 0 0 0 0 1 0.999999 0.001086 0.0012 0 -0.001106 0.999857 0.016898 0.073924 -0.001181 -0.0169 0.999856 0 0 0 0 1 0.999999 0.000891 0.000994 0 -0.000908 0.999865 0.016421 0.073924 -0.000979 -0.016422 0.999865 0 0 0 0 1 0.999999 0.000717 0.00077 0 -0.00073 0.99987 0.016077 0.073924 -0.000759 -0.016078 0.99987 0 0 0 0 1 1 0.000574 0.00057 0 -0.000583 0.999874 0.015877 0.073924 -0.000561 -0.015878 0.999874 0 0 0 0 1 1 0.000461 0.000442 0 -0.000468 0.999875 0.015794 0.073924 -0.000434 -0.015794 0.999875 0 0 0 0 1 1 0.000365 0.000396 0 -0.000371 0.999875 0.015776 0.073924 -0.00039 -0.015776 0.999875 0 0 0 0 1 1 0.000272 0.000378 0 -0.000278 0.999875 0.015791 0.073924 -0.000374 -0.015792 0.999875 0 0 0 0 1 1 0.000173 0.000375 0 -0.000179 0.999874 0.015844 0.073924 -0.000372 -0.015844 0.999874 0 0 0 0 1 1 0.000075 0.000365 0 -0.000081 0.999873 0.015954 0.073924 -0.000364 -0.015954 0.999873 0 0 0 0 1 1 0.000000 0.000329 0 -0.000006 0.99987 0.016108 0.073924 -0.000329 -0.016108 0.99987 0 0 0 0 1 1 0.000001 0.000234 0 -0.000005 0.999868 0.016237 0.073924 -0.000234 -0.016237 0.999868 0 0 0 0 1 1 0.000002 0.000128 0 -0.000004 0.999868 0.016241 0.073924 -0.000128 -0.016241 0.999868 0 0 0 0 1 1 0.000003 0 0 -0.000003 0.999871 0.016056 0.073924 0 -0.016056 0.999871 0 0 0 0 1 1 0.000003 0 0 -0.000003 0.999877 0.01571 0.073924 0 -0.01571 0.999877 0 0 0 0 1</float_array>
        <technique_common>
          <accessor source="#Spine2_matrix_Spine2_transform-output-array" count="106" stride="16">
            <param name="TRANSFORM" type="float4x4"/>
          </accessor>
        </technique_common>
      </source>
      <source id="Spine2_matrix_Spine2_transform-interpolations">
        <Name_array id="Spine2_matrix_Spine2_transform-interpolations-array" count="106">LINEAR LINEAR LINEAR LINEAR LINEAR LINEAR LINEAR LINEAR LINEAR LINEAR LINEAR LINEAR LINEAR LINEAR LINEAR LINEAR LINEAR LINEAR LINEAR LINEAR LINEAR LINEAR LINEAR LINEAR LINEAR LINEAR LINEAR LINEAR LINEAR LINEAR LINEAR LINEAR LINEAR LINEAR LINEAR LINEAR LINEAR LINEAR LINEAR LINEAR LINEAR LINEAR LINEAR LINEAR LINEAR LINEAR LINEAR LINEAR LINEAR LINEAR LINEAR LINEAR LINEAR LINEAR LINEAR LINEAR LINEAR LINEAR LINEAR LINEAR LINEAR LINEAR LINEAR LINEAR LINEAR LINEAR LINEAR LINEAR LINEAR LINEAR LINEAR LINEAR LINEAR LINEAR LINEAR LINEAR LINEAR LINEAR LINEAR LINEAR LINEAR LINEAR LINEAR LINEAR LINEAR LINEAR LINEAR LINEAR LINEAR LINEAR LINEAR LINEAR LINEAR LINEAR LINEAR LINEAR LINEAR LINEAR LINEAR LINEAR LINEAR LINEAR LINEAR LINEAR LINEAR LINEAR</Name_array>
        <technique_common>
          <accessor source="#Spine2_matrix_Spine2_transform-interpolations-array" count="106" stride="1">
            <param name="INTERPOLATION" type="Name"/>
          </accessor>
        </technique_common>
      </source>
      <sampler id="Spine2_matrix_Spine2_transform-sampler">
        <input semantic="INPUT" source="#Spine2_matrix_Spine2_transform-input"/>
        <input semantic="OUTPUT" source="#Spine2_matrix_Spine2_transform-output"/>
        <input semantic="INTERPOLATION" source="#Spine2_matrix_Spine2_transform-interpolations"/>
      </sampler>
      <channel source="#Spine2_matrix_Spine2_transform-sampler" target="Spine2/transform"/>
    </animation>
    <animation id="Spine3_matrix">
      <source id="Spine3_matrix_Spine3_transform-input">
        <float_array id="Spine3_matrix_Spine3_transform-input-array" count="106">0 0.033333 0.066666 0.1 0.133333 0.166667 0.2 0.233333 0.266667 0.3 0.333333 0.366667 0.4 0.433333 0.466667 0.5 0.533333 0.566667 0.6 0.633333 0.666667 0.7 0.733333 0.766667 0.8 0.833333 0.866667 0.9 0.933333 0.966667 1 1.03333 1.06667 1.1 1.13333 1.16667 1.2 1.23333 1.26667 1.3 1.33333 1.36667 1.4 1.43333 1.46667 1.5 1.53333 1.56667 1.6 1.63333 1.66667 1.7 1.73333 1.76667 1.8 1.83333 1.86667 1.9 1.93333 1.96667 2 2.03333 2.06667 2.1 2.13333 2.16667 2.2 2.23333 2.26667 2.3 2.33333 2.36667 2.4 2.43333 2.46667 2.5 2.53333 2.56667 2.6 2.63333 2.66667 2.7 2.73333 2.76667 2.8 2.83333 2.86667 2.9 2.93333 2.96667 3 3.03333 3.06667 3.1 3.13333 3.16667 3.2 3.23333 3.26667 3.3 3.33333 3.36667 3.4 3.43333 3.46667 3.5</float_array>
        <technique_common>
          <accessor source="#Spine3_matrix_Spine3_transform-input-array" count="106" stride="1">
            <param name="TIME" type="float"/>
          </accessor>
        </technique_common>
        <technique profile="MAYA">
          <pre_infinity>CONSTANT</pre_infinity>
          <post_infinity>CONSTANT</post_infinity>
        </technique>
      </source>
      <source id="Spine3_matrix_Spine3_transform-output">
        <float_array id="Spine3_matrix_Spine3_transform-output-array" count="1696">1 -0.000000 -0.000175 0 0.000005 0.999577 0.02909 0.111876 0.000175 -0.02909 0.999577 0 0 0 0 1 1 -0.000000 -0.000175 0 0.000005 0.999577 0.02909 0.111876 0.000175 -0.02909 0.999577 0 0 0 0 1 1 -0.000000 -0.000175 0 0.000005 0.999577 0.02909 0.111876 0.000175 -0.02909 0.999577 0 0 0 0 1 1 -0.000000 -0.000175 0 0.000005 0.999577 0.02909 0.111876 0.000175 -0.02909 0.999577 0 0 0 0 1 1 -0.000000 -0.000175 0 0.000005 0.999577 0.02909 0.111876 0.000175 -0.02909 0.999577 0 0 0 0 1 1 -0.000000 -0.000175 0 0.000005 0.999577 0.02909 0.111876 0.000175 -0.02909 0.999577 0 0 0 0 1 1 -0.000000 -0.000175 0 0.000005 0.999577 0.02909 0.111876 0.000175 -0.02909 0.999577 0 0 0 0 1 1 -0.000000 -0.000175 0 0.000005 0.999577 0.02909 0.111876 0.000175 -0.02909 0.999577 0 0 0 0 1 1 -0.000000 -0.000175 0 0.000005 0.999577 0.02909 0.111876 0.000175 -0.02909 0.999577 0 0 0 0 1 1 -0.000000 -0.000175 0 0.000005 0.999577 0.02909 0.111876 0.000175 -0.02909 0.999577 0 0 0 0 1 1 0.000068 -0.000175 0 -0.000063 0.999577 0.02909 0.111876 0.000177 -0.02909 0.999577 0 0 0 0 1 1 0.000181 -0.000174 0 -0.000176 0.999574 0.029173 0.111876 0.000179 -0.029173 0.999574 0 0 0 0 1 1 0.00032 -0.000173 0 -0.000315 0.99957 0.029308 0.111876 0.000182 -0.029308 0.99957 0 0 0 0 1 1 0.000442 -0.000169 0 -0.000437 0.999566 0.029464 0.111876 0.000182 -0.029464 0.999566 0 0 0 0 1 1 0.00049 -0.000172 0 -0.000485 0.999562 0.029589 0.111876 0.000187 -0.029589 0.999562 0 0 0 0 1 1 0.00051 -0.000175 0 -0.000504 0.99956 0.029663 0.111876 0.00019 -0.029663 0.99956 0 0 0 0 1 1 0.000517 -0.000173 0 -0.000512 0.999558 0.029721 0.111876 0.000188 -0.029721 0.999558 0 0 0 0 1 1 0.000517 -0.000159 0 -0.000512 0.999555 0.02982 0.111876 0.000174 -0.02982 0.999555 0 0 0 0 1 1 0.00051 -0.000129 0 -0.000506 0.99955 0.029994 0.111876 0.000144 -0.029994 0.99955 0 0 0 0 1 1 0.000488 -0.000055 0 -0.000486 0.999542 0.030248 0.111876 0.00007 -0.030248 0.999542 0 0 0 0 1 1 0.000461 0.000029 0 -0.000462 0.999532 0.030582 0.111876 -0.000015 -0.030582 0.999532 0 0 0 0 1 1 0.000432 0.000141 0 -0.000436 0.999519 0.031019 0.111876 -0.000128 -0.031019 0.999519 0 0 0 0 1 1 0.0004 0.000296 0 -0.00041 0.999501 0.03157 0.111876 -0.000284 -0.03157 0.999501 0 0 0 0 1 1 0.000369 0.000509 0 -0.000385 0.999481 0.032207 0.111876 -0.000497 -0.032207 0.999481 0 0 0 0 1 1 0.000339 0.000781 0 -0.000364 0.999459 0.032874 0.111876 -0.000769 -0.032874 0.999459 0 0 0 0 1 0.999999 0.000311 0.001093 0 -0.000347 0.999437 0.033547 0.111876 -0.001082 -0.033547 0.999437 0 0 0 0 1 0.999999 0.000282 0.001414 0 -0.00033 0.999413 0.034269 0.111876 -0.001404 -0.034269 0.999412 0 0 0 0 1 0.999999 0.000248 0.001711 0 -0.000308 0.999384 0.035105 0.111876 -0.001701 -0.035105 0.999382 0 0 0 0 1 0.999998 0.000215 0.001965 0 -0.000286 0.99935 0.036053 0.111876 -0.001956 -0.036053 0.999348 0 0 0 0 1 0.999998 0.000187 0.002172 0 -0.000267 0.999315 0.037017 0.111876 -0.002164 -0.037018 0.999312 0 0 0 0 1 0.999997 0.000169 0.002318 0 -0.000256 0.999282 0.037878 0.111876 -0.00231 -0.037878 0.99928 0 0 0 0 1 0.999997 0.000165 0.002366 0 -0.000256 0.999256 0.038572 0.111876 -0.002358 -0.038572 0.999253 0 0 0 0 1 0.999997 0.00018 0.002386 0 -0.000273 0.999235 0.039112 0.111876 -0.002378 -0.039113 0.999232 0 0 0 0 1 0.999997 0.000246 0.002384 0 -0.00034 0.999218 0.039536 0.111876 -0.002372 -0.039537 0.999215 0 0 0 0 1 0.999997 0.000366 0.002364 0 -0.00046 0.999205 0.039869 0.111876 -0.002347 -0.03987 0.999202 0 0 0 0 1 0.999997 0.000523 0.002331 0 -0.000616 0.999194 0.040128 0.111876 -0.002308 -0.040129 0.999192 0 0 0 0 1 0.999997 0.000698 0.00229 0 -0.00079 0.999186 0.040339 0.111876 -0.00226 -0.04034 0.999183 0 0 0 0 1 0.999997 0.000878 0.002245 0 -0.000969 0.999178 0.040528 0.111876 -0.002208 -0.04053 0.999176 0 0 0 0 1 0.999997 0.001053 0.002203 0 -0.001142 0.999171 0.040692 0.111876 -0.002158 -0.040695 0.999169 0 0 0 0 1 0.999997 0.00121 0.002135 0 -0.001296 0.999167 0.040798 0.111876 -0.002084 -0.040801 0.999165 0 0 0 0 1 0.999997 0.001341 0.002047 0 -0.001423 0.999166 0.040809 0.111876 -0.00199 -0.040812 0.999165 0 0 0 0 1 0.999997 0.001451 0.00196 0 -0.00153 0.999169 0.040723 0.111876 -0.0019 -0.040726 0.999169 0 0 0 0 1 0.999997 0.001556 0.001925 0 -0.001632 0.999175 0.040569 0.111876 -0.00186 -0.040572 0.999175 0 0 0 0 1 0.999997 0.001667 0.001907 0 -0.001743 0.999183 0.040381 0.111876 -0.001838 -0.040385 0.999183 0 0 0 0 1 0.999997 0.001788 0.001902 0 -0.001863 0.999191 0.040177 0.111876 -0.001828 -0.040181 0.999191 0 0 0 0 1 0.999996 0.001909 0.001906 0 -0.001984 0.999199 0.039957 0.111876 -0.001828 -0.039961 0.9992 0 0 0 0 1 0.999996 0.00202 0.001916 0 -0.002094 0.999209 0.039723 0.111876 -0.001835 -0.039727 0.999209 0 0 0 0 1 0.999996 0.002107 0.001929 0 -0.002182 0.999218 0.03949 0.111876 -0.001844 -0.039494 0.999218 0 0 0 0 1 0.999996 0.002172 0.001939 0 -0.002247 0.999226 0.039273 0.111876 -0.001852 -0.039278 0.999227 0 0 0 0 1 0.999996 0.002225 0.001961 0 -0.0023 0.999234 0.039072 0.111876 -0.001872 -0.039076 0.999234 0 0 0 0 1 0.999995 0.002281 0.00199 0 -0.002356 0.999242 0.038863 0.111876 -0.0019 -0.038868 0.999243 0 0 0 0 1 0.999995 0.002354 0.002021 0 -0.002431 0.99925 0.038636 0.111876 -0.001929 -0.038641 0.999251 0 0 0 0 1 0.999995 0.002447 0.002057 0 -0.002524 0.999259 0.038411 0.111876 -0.001961 -0.038416 0.99926 0 0 0 0 1 0.999995 0.002547 0.002102 0 -0.002626 0.999265 0.038235 0.111876 -0.002003 -0.03824 0.999267 0 0 0 0 1 0.999994 0.002652 0.002161 0 -0.002733 0.999268 0.038159 0.111876 -0.002058 -0.038164 0.999269 0 0 0 0 1 0.999994 0.002772 0.002254 0 -0.002856 0.999265 0.038219 0.111876 -0.002146 -0.038225 0.999267 0 0 0 0 1 0.999993 0.00292 0.002371 0 -0.003009 0.999257 0.038426 0.111876 -0.002257 -0.038433 0.999259 0 0 0 0 1 0.999992 0.003096 0.002496 0 -0.00319 0.999244 0.038749 0.111876 -0.002374 -0.038756 0.999246 0 0 0 0 1 0.999991 0.003274 0.002598 0 -0.003374 0.999229 0.039125 0.111876 -0.002468 -0.039133 0.999231 0 0 0 0 1 0.999991 0.00343 0.002639 0 -0.003532 0.999214 0.039494 0.111876 -0.002502 -0.039502 0.999216 0 0 0 0 1 0.99999 0.003553 0.002665 0 -0.003656 0.9992 0.039831 0.111876 -0.002522 -0.03984 0.999203 0 0 0 0 1 0.99999 0.003644 0.002677 0 -0.003749 0.999187 0.04015 0.111876 -0.002528 -0.040159 0.99919 0 0 0 0 1 0.99999 0.003716 0.002675 0 -0.003821 0.999173 0.040472 0.111876 -0.002523 -0.040482 0.999177 0 0 0 0 1 0.999989 0.003774 0.002662 0 -0.00388 0.99916 0.040796 0.111876 -0.002505 -0.040806 0.999164 0 0 0 0 1 0.999989 0.003825 0.002637 0 -0.00393 0.999148 0.041091 0.111876 -0.002478 -0.041101 0.999152 0 0 0 0 1 0.999989 0.003869 0.002603 0 -0.003974 0.999138 0.04133 0.111876 -0.002441 -0.04134 0.999142 0 0 0 0 1 0.999989 0.003912 0.00256 0 -0.004015 0.99913 0.041506 0.111876 -0.002395 -0.041515 0.999135 0 0 0 0 1 0.999989 0.003955 0.002471 0 -0.004054 0.999125 0.041638 0.111876 -0.002304 -0.041647 0.99913 0 0 0 0 1 0.999989 0.003997 0.002381 0 -0.004093 0.99912 0.041752 0.111876 -0.002212 -0.041761 0.999125 0 0 0 0 1 0.999989 0.004038 0.002313 0 -0.004131 0.999115 0.041865 0.111876 -0.002142 -0.041874 0.999121 0 0 0 0 1 0.999989 0.004078 0.002287 0 -0.00417 0.99911 0.041982 0.111876 -0.002114 -0.041991 0.999116 0 0 0 0 1 0.999989 0.004115 0.002273 0 -0.004207 0.999105 0.042092 0.111876 -0.002098 -0.042101 0.999111 0 0 0 0 1 0.999989 0.004144 0.00227 0 -0.004236 0.999101 0.04218 0.111876 -0.002093 -0.042189 0.999107 0 0 0 0 1 0.999989 0.00417 0.002281 0 -0.004263 0.999098 0.042237 0.111876 -0.002102 -0.042246 0.999105 0 0 0 0 1 0.999989 0.004196 0.002305 0 -0.00429 0.999097 0.042273 0.111876 -0.002126 -0.042282 0.999103 0 0 0 0 1 0.999988 0.004221 0.002346 0 -0.004316 0.999095 0.042309 0.111876 -0.002165 -0.042319 0.999102 0 0 0 0 1 0.999988 0.004241 0.002437 0 -0.00434 0.999093 0.042369 0.111876 -0.002255 -0.042379 0.999099 0 0 0 0 1 0.999988 0.004255 0.002548 0 -0.004359 0.999089 0.042452 0.111876 -0.002365 -0.042462 0.999095 0 0 0 0 1 0.999987 0.00426 0.002661 0 -0.004369 0.999086 0.04253 0.111876 -0.002478 -0.042541 0.999092 0 0 0 0 1 0.999987 0.004256 0.002761 0 -0.004369 0.999084 0.042567 0.111876 -0.002577 -0.042578 0.99909 0 0 0 0 1 0.999987 0.00424 0.002835 0 -0.004356 0.999087 0.042508 0.111876 -0.002653 -0.04252 0.999092 0 0 0 0 1 0.999987 0.004182 0.002886 0 -0.004301 0.999096 0.042281 0.111876 -0.002707 -0.042293 0.999102 0 0 0 0 1 0.999987 0.004074 0.002923 0 -0.004193 0.999117 0.041801 0.111876 -0.00275 -0.041813 0.999122 0 0 0 0 1 0.999988 0.003901 0.002954 0 -0.004019 0.999151 0.040991 0.111876 -0.002792 -0.041003 0.999155 0 0 0 0 1 0.999989 0.003642 0.002963 0 -0.003757 0.999199 0.03983 0.111876 -0.002815 -0.039841 0.999202 0 0 0 0 1 0.99999 0.003292 0.002931 0 -0.003402 0.999257 0.038386 0.111876 -0.002803 -0.038395 0.999259 0 0 0 0 1 0.999992 0.002883 0.002811 0 -0.002984 0.999318 0.036807 0.111876 -0.002703 -0.036816 0.999318 0 0 0 0 1 0.999994 0.002471 0.002587 0 -0.002561 0.999375 0.035257 0.111876 -0.002498 -0.035263 0.999375 0 0 0 0 1 0.999995 0.002104 0.002278 0 -0.00218 0.999425 0.03385 0.111876 -0.002205 -0.033855 0.999424 0 0 0 0 1 0.999996 0.001798 0.001938 0 -0.00186 0.999465 0.032647 0.111876 -0.001879 -0.03265 0.999465 0 0 0 0 1 0.999997 0.001541 0.001628 0 -0.001592 0.999497 0.031665 0.111876 -0.001578 -0.031668 0.999497 0 0 0 0 1 0.999998 0.001316 0.001379 0 -0.001358 0.999522 0.030889 0.111876 -0.001338 -0.030891 0.999522 0 0 0 0 1 0.999999 0.001106 0.001176 0 -0.001141 0.999541 0.030278 0.111876 -0.001142 -0.03028 0.999541 0 0 0 0 1 0.999999 0.000906 0.000974 0 -0.000935 0.999555 0.029801 0.111876 -0.000946 -0.029802 0.999555 0 0 0 0 1 0.999999 0.000728 0.000755 0 -0.000749 0.999566 0.029458 0.111876 -0.000733 -0.029458 0.999566 0 0 0 0 1 1 0.00058 0.000557 0 -0.000596 0.999572 0.029258 0.111876 -0.00054 -0.029258 0.999572 0 0 0 0 1 1 0.000464 0.000432 0 -0.000476 0.999574 0.029175 0.111876 -0.000418 -0.029175 0.999574 0 0 0 0 1 1 0.000366 0.000388 0 -0.000378 0.999575 0.029156 0.111876 -0.000377 -0.029156 0.999575 0 0 0 0 1 1 0.000273 0.000373 0 -0.000284 0.999574 0.029172 0.111876 -0.000365 -0.029172 0.999574 0 0 0 0 1 1 0.000174 0.000372 0 -0.000185 0.999573 0.029224 0.111876 -0.000366 -0.029225 0.999573 0 0 0 0 1 1 0.000076 0.000364 0 -0.000087 0.99957 0.029334 0.111876 -0.000362 -0.029334 0.99957 0 0 0 0 1 1 0.000000 0.000329 0 -0.00001 0.999565 0.029488 0.111876 -0.000329 -0.029488 0.999565 0 0 0 0 1 1 0.000001 0.000235 0 -0.000008 0.999561 0.029617 0.111876 -0.000235 -0.029617 0.999561 0 0 0 0 1 1 0.000002 0.000129 0 -0.000006 0.999561 0.029622 0.111876 -0.000129 -0.029622 0.999561 0 0 0 0 1 1 0.000003 0 0 -0.000003 0.999567 0.029436 0.111876 0 -0.029436 0.999567 0 0 0 0 1 1 0.000003 0 0 -0.000003 0.999577 0.02909 0.111876 0 -0.02909 0.999577 0 0 0 0 1</float_array>
        <technique_common>
          <accessor source="#Spine3_matrix_Spine3_transform-output-array" count="106" stride="16">
            <param name="TRANSFORM" type="float4x4"/>
          </accessor>
        </technique_common>
      </source>
      <source id="Spine3_matrix_Spine3_transform-interpolations">
        <Name_array id="Spine3_matrix_Spine3_transform-interpolations-array" count="106">LINEAR LINEAR LINEAR LINEAR LINEAR LINEAR LINEAR LINEAR LINEAR LINEAR LINEAR LINEAR LINEAR LINEAR LINEAR LINEAR LINEAR LINEAR LINEAR LINEAR LINEAR LINEAR LINEAR LINEAR LINEAR LINEAR LINEAR LINEAR LINEAR LINEAR LINEAR LINEAR LINEAR LINEAR LINEAR LINEAR LINEAR LINEAR LINEAR LINEAR LINEAR LINEAR LINEAR LINEAR LINEAR LINEAR LINEAR LINEAR LINEAR LINEAR LINEAR LINEAR LINEAR LINEAR LINEAR LINEAR LINEAR LINEAR LINEAR LINEAR LINEAR LINEAR LINEAR LINEAR LINEAR LINEAR LINEAR LINEAR LINEAR LINEAR LINEAR LINEAR LINEAR LINEAR LINEAR LINEAR LINEAR LINEAR LINEAR LINEAR LINEAR LINEAR LINEAR LINEAR LINEAR LINEAR LINEAR LINEAR LINEAR LINEAR LINEAR LINEAR LINEAR LINEAR LINEAR LINEAR LINEAR LINEAR LINEAR LINEAR LINEAR LINEAR LINEAR LINEAR LINEAR LINEAR</Name_array>
        <technique_common>
          <accessor source="#Spine3_matrix_Spine3_transform-interpolations-array" count="106" stride="1">
            <param name="INTERPOLATION" type="Name"/>
          </accessor>
        </technique_common>
      </source>
      <sampler id="Spine3_matrix_Spine3_transform-sampler">
        <input semantic="INPUT" source="#Spine3_matrix_Spine3_transform-input"/>
        <input semantic="OUTPUT" source="#Spine3_matrix_Spine3_transform-output"/>
        <input semantic="INTERPOLATION" source="#Spine3_matrix_Spine3_transform-interpolations"/>
      </sampler>
      <channel source="#Spine3_matrix_Spine3_transform-sampler" target="Spine3/transform"/>
    </animation>
    <animation id="Neck_matrix">
      <source id="Neck_matrix_Neck_transform-input">
        <float_array id="Neck_matrix_Neck_transform-input-array" count="106">0 0.033333 0.066666 0.1 0.133333 0.166667 0.2 0.233333 0.266667 0.3 0.333333 0.366667 0.4 0.433333 0.466667 0.5 0.533333 0.566667 0.6 0.633333 0.666667 0.7 0.733333 0.766667 0.8 0.833333 0.866667 0.9 0.933333 0.966667 1 1.03333 1.06667 1.1 1.13333 1.16667 1.2 1.23333 1.26667 1.3 1.33333 1.36667 1.4 1.43333 1.46667 1.5 1.53333 1.56667 1.6 1.63333 1.66667 1.7 1.73333 1.76667 1.8 1.83333 1.86667 1.9 1.93333 1.96667 2 2.03333 2.06667 2.1 2.13333 2.16667 2.2 2.23333 2.26667 2.3 2.33333 2.36667 2.4 2.43333 2.46667 2.5 2.53333 2.56667 2.6 2.63333 2.66667 2.7 2.73333 2.76667 2.8 2.83333 2.86667 2.9 2.93333 2.96667 3 3.03333 3.06667 3.1 3.13333 3.16667 3.2 3.23333 3.26667 3.3 3.33333 3.36667 3.4 3.43333 3.46667 3.5</float_array>
        <technique_common>
          <accessor source="#Neck_matrix_Neck_transform-input-array" count="106" stride="1">
            <param name="TIME" type="float"/>
          </accessor>
        </technique_common>
        <technique profile="MAYA">
          <pre_infinity>CONSTANT</pre_infinity>
          <post_infinity>CONSTANT</post_infinity>
        </technique>
      </source>
      <source id="Neck_matrix_Neck_transform-output">
        <float_array id="Neck_matrix_Neck_transform-output-array" count="1696">1 0 0 0 0 0.962053 -0.272863 0.248046 0 0.272863 0.962053 0 0 0 0 1 1 -0.000087 0.000077 0 0.000105 0.962053 -0.272863 0.248046 -0.00005 0.272863 0.962053 0 0 0 0 1 1 -0.000206 0.000181 0 0.000248 0.962053 -0.272863 0.248046 -0.000117 0.272863 0.962053 0 0 0 0 1 1 -0.000336 0.000293 0 0.000403 0.962053 -0.272863 0.248046 -0.000191 0.272863 0.962053 0 0 0 0 1 1 -0.000465 0.000408 0 0.000559 0.962053 -0.272863 0.248046 -0.000265 0.272863 0.962053 0 0 0 0 1 1 -0.000595 0.000535 0 0.000718 0.962053 -0.272863 0.248046 -0.000352 0.272864 0.962053 0 0 0 0 1 0.999999 -0.000729 0.000698 0 0.000892 0.962052 -0.272863 0.248046 -0.000472 0.272864 0.962053 0 0 0 0 1 0.999999 -0.000876 0.000911 0 0.001092 0.962078 -0.272771 0.248046 -0.000638 0.272772 0.962078 0 0 0 0 1 0.999999 -0.001051 0.001167 0 0.00133 0.962121 -0.27262 0.248046 -0.000836 0.272621 0.962121 0 0 0 0 1 0.999998 -0.001252 0.001428 0 0.001594 0.96219 -0.272376 0.248046 -0.001032 0.272377 0.96219 0 0 0 0 1 0.999998 -0.001456 0.00166 0 0.001852 0.962297 -0.271996 0.248046 -0.001201 0.271998 0.962297 0 0 0 0 1 0.999997 -0.001623 0.001855 0 0.002066 0.962447 -0.271463 0.248046 -0.001345 0.271466 0.962447 0 0 0 0 1 0.999996 -0.001729 0.002028 0 0.002214 0.962635 -0.270794 0.248046 -0.001483 0.270797 0.962635 0 0 0 0 1 0.999996 -0.001767 0.002198 0 0.002295 0.962855 -0.27001 0.248046 -0.001639 0.270014 0.962855 0 0 0 0 1 0.999996 -0.00177 0.002392 0 0.002349 0.963107 -0.269108 0.248046 -0.001827 0.269112 0.963107 0 0 0 0 1 0.999995 -0.001739 0.002648 0 0.002386 0.963398 -0.268066 0.248046 -0.002085 0.268071 0.963397 0 0 0 0 1 0.999994 -0.001638 0.003013 0 0.002383 0.963723 -0.266895 0.248046 -0.002467 0.266901 0.963721 0 0 0 0 1 0.999993 -0.001439 0.0035 0 0.002317 0.964062 -0.265666 0.248046 -0.002992 0.265672 0.964059 0 0 0 0 1 0.999991 -0.001133 0.004081 0 0.002172 0.964388 -0.264481 0.248046 -0.003636 0.264488 0.964382 0 0 0 0 1 0.999989 -0.000739 0.004707 0 0.001953 0.964676 -0.263432 0.248046 -0.004346 0.263438 0.964666 0 0 0 0 1 0.999986 -0.000283 0.005355 0 0.001679 0.96491 -0.262577 0.248046 -0.005093 0.262582 0.964896 0 0 0 0 1 0.999982 0.000226 0.006027 0 0.00136 0.965084 -0.261936 0.248046 -0.005876 0.261939 0.965066 0 0 0 0 1 0.999977 0.000782 0.006722 0 0.001002 0.965205 -0.261491 0.248046 -0.006692 0.261491 0.965183 0 0 0 0 1 0.999972 0.001357 0.007402 0 0.000622 0.965292 -0.261171 0.248046 -0.0075 0.261168 0.965264 0 0 0 0 1 0.999966 0.001918 0.00801 0 0.000237 0.965371 -0.260881 0.248046 -0.008234 0.260875 0.965338 0 0 0 0 1 0.999961 0.002449 0.008487 0 -0.000153 0.965458 -0.26056 0.248046 -0.008832 0.260549 0.96542 0 0 0 0 1 0.999957 0.002957 0.008805 0 -0.000564 0.96555 -0.260215 0.248046 -0.009272 0.260199 0.96551 0 0 0 0 1 0.999954 0.003459 0.008978 0 -0.001007 0.965637 -0.259894 0.248046 -0.009569 0.259873 0.965595 0 0 0 0 1 0.999951 0.003971 0.009017 0 -0.001493 0.96571 -0.259618 0.248046 -0.009739 0.259592 0.965669 0 0 0 0 1 0.99995 0.004499 0.008879 0 -0.002042 0.96578 -0.259354 0.248046 -0.009742 0.259323 0.965741 0 0 0 0 1 0.999951 0.005038 0.008498 0 -0.002664 0.965861 -0.259048 0.248046 -0.009513 0.259013 0.965827 0 0 0 0 1 0.999954 0.005545 0.007879 0 -0.003318 0.965955 -0.258687 0.248046 -0.009046 0.258649 0.965929 0 0 0 0 1 0.999957 0.005947 0.007127 0 -0.003904 0.966057 -0.258301 0.248046 -0.008421 0.258262 0.966038 0 0 0 0 1 0.999961 0.006176 0.006346 0 -0.004331 0.966158 -0.257913 0.248046 -0.007724 0.257875 0.966147 0 0 0 0 1 0.999965 0.006225 0.005574 0 -0.00458 0.966267 -0.257501 0.248046 -0.006989 0.257466 0.966262 0 0 0 0 1 0.999969 0.00615 0.004814 0 -0.004706 0.966397 -0.257011 0.248046 -0.006233 0.25698 0.966397 0 0 0 0 1 0.999974 0.006018 0.004089 0 -0.004768 0.966558 -0.256405 0.248046 -0.005495 0.256379 0.966561 0 0 0 0 1 0.999977 0.005867 0.003434 0 -0.004793 0.966746 -0.255694 0.248046 -0.00482 0.255672 0.966752 0 0 0 0 1 0.99998 0.005708 0.002869 0 -0.004788 0.966949 -0.254926 0.248046 -0.004229 0.254907 0.966956 0 0 0 0 1 0.999982 0.005551 0.002385 0 -0.004763 0.967149 -0.254166 0.248046 -0.003718 0.25415 0.967158 0 0 0 0 1 0.999983 0.00541 0.001932 0 -0.004743 0.96733 -0.253476 0.248046 -0.003241 0.253462 0.96734 0 0 0 0 1 0.999985 0.005291 0.00141 0 -0.004762 0.967478 -0.252911 0.248046 -0.002702 0.2529 0.967489 0 0 0 0 1 0.999986 0.005197 0.000722 0 -0.004847 0.967583 -0.252507 0.248046 -0.002011 0.2525 0.967595 0 0 0 0 1 0.999987 0.005126 -0.000132 0 -0.004994 0.967649 -0.25225 0.248046 -0.001164 0.252247 0.967662 0 0 0 0 1 0.999987 0.005073 -0.001038 0 -0.005171 0.967694 -0.252074 0.248046 -0.000273 0.252076 0.967707 0 0 0 0 1 0.999986 0.005034 -0.001821 0 -0.00533 0.967739 -0.251898 0.248046 0.000494 0.251904 0.967752 0 0 0 0 1 0.999985 0.004996 -0.00233 0 -0.005421 0.967795 -0.251683 0.248046 0.000998 0.251691 0.967807 0 0 0 0 1 0.999985 0.004955 -0.002501 0 -0.005425 0.967854 -0.251453 0.248046 0.001175 0.251462 0.967866 0 0 0 0 1 0.999985 0.004912 -0.002391 0 -0.005355 0.967907 -0.25125 0.248046 0.00108 0.251259 0.967919 0 0 0 0 1 0.999986 0.004868 -0.002178 0 -0.005259 0.967951 -0.251084 0.248046 0.000885 0.251092 0.967963 0 0 0 0 1 0.999986 0.004844 -0.002068 0 -0.005208 0.967988 -0.250941 0.248046 0.000786 0.250948 0.968 0 0 0 0 1 0.999986 0.004835 -0.002159 0 -0.005222 0.968013 -0.250846 0.248046 0.000877 0.250853 0.968025 0 0 0 0 1 0.999986 0.004835 -0.002368 0 -0.005275 0.968006 -0.250873 0.248046 0.001079 0.250882 0.968017 0 0 0 0 1 0.999985 0.004835 -0.002522 0 -0.005313 0.967947 -0.251099 0.248046 0.001227 0.251109 0.967958 0 0 0 0 1 0.999985 0.004829 -0.002514 0 -0.005306 0.967834 -0.251534 0.248046 0.001218 0.251544 0.967845 0 0 0 0 1 0.999986 0.004814 -0.002372 0 -0.005257 0.967681 -0.252122 0.248046 0.001081 0.252131 0.967692 0 0 0 0 1 0.999986 0.004792 -0.002195 0 -0.005191 0.967512 -0.252773 0.248046 0.000913 0.252781 0.967523 0 0 0 0 1 0.999987 0.00476 -0.002062 0 -0.005127 0.967353 -0.253382 0.248046 0.000788 0.253389 0.967364 0 0 0 0 1 0.999987 0.004718 -0.002022 0 -0.005077 0.967231 -0.253846 0.248046 0.000758 0.253853 0.967242 0 0 0 0 1 0.999987 0.004639 -0.002113 0 -0.005024 0.96717 -0.254082 0.248046 0.000865 0.25409 0.96718 0 0 0 0 1 0.999987 0.004502 -0.002329 0 -0.004946 0.967178 -0.254053 0.248046 0.001108 0.254062 0.967187 0 0 0 0 1 0.999987 0.0043 -0.002607 0 -0.00482 0.967253 -0.25377 0.248046 0.00143 0.253779 0.967261 0 0 0 0 1 0.999988 0.004059 -0.002892 0 -0.004659 0.967386 -0.253262 0.248046 0.00177 0.253273 0.967393 0 0 0 0 1 0.999988 0.00382 -0.003195 0 -0.004503 0.967571 -0.252559 0.248046 0.002126 0.25257 0.967576 0 0 0 0 1 0.999987 0.003609 -0.003546 0 -0.004385 0.967795 -0.251701 0.248046 0.002523 0.251714 0.967798 0 0 0 0 1 0.999986 0.003429 -0.003911 0 -0.0043 0.968035 -0.25078 0.248046 0.002926 0.250793 0.968036 0 0 0 0 1 0.999986 0.003274 -0.004195 0 -0.004218 0.968258 -0.249917 0.248046 0.003244 0.249932 0.968258 0 0 0 0 1 0.999986 0.003133 -0.004337 0 -0.004115 0.968437 -0.249225 0.248046 0.003419 0.24924 0.968436 0 0 0 0 1 0.999986 0.002995 -0.004363 0 -0.003986 0.968557 -0.248762 0.248046 0.003481 0.248776 0.968555 0 0 0 0 1 0.999986 0.002844 -0.004372 0 -0.003842 0.968616 -0.248531 0.248046 0.003528 0.248544 0.968614 0 0 0 0 1 0.999986 0.002674 -0.004457 0 -0.003698 0.968624 -0.248504 0.248046 0.003653 0.248517 0.968621 0 0 0 0 1 0.999986 0.002488 -0.004647 0 -0.003565 0.968592 -0.248631 0.248046 0.003883 0.248644 0.968587 0 0 0 0 1 0.999985 0.002302 -0.004883 0 -0.003445 0.968536 -0.248849 0.248046 0.004157 0.248862 0.96853 0 0 0 0 1 0.999985 0.002133 -0.005073 0 -0.00333 0.968476 -0.249086 0.248046 0.004382 0.249099 0.968468 0 0 0 0 1 0.999985 0.001985 -0.005162 0 -0.003209 0.968421 -0.249302 0.248046 0.004504 0.249315 0.968412 0 0 0 0 1 0.999985 0.001851 -0.005157 0 -0.003079 0.968368 -0.249507 0.248046 0.004531 0.249519 0.968359 0 0 0 0 1 0.999985 0.001727 -0.005108 0 -0.002948 0.968306 -0.249748 0.248046 0.004515 0.249759 0.968297 0 0 0 0 1 0.999986 0.001612 -0.005027 0 -0.002818 0.968223 -0.250072 0.248046 0.004464 0.250082 0.968214 0 0 0 0 1 0.999987 0.001507 -0.00489 0 -0.002684 0.968112 -0.250504 0.248046 0.004356 0.250514 0.968103 0 0 0 0 1 0.999988 0.001423 -0.004637 0 -0.002541 0.967969 -0.251058 0.248046 0.004131 0.251067 0.967961 0 0 0 0 1 0.99999 0.001379 -0.004237 0 -0.002402 0.967792 -0.251741 0.248046 0.003753 0.251749 0.967785 0 0 0 0 1 0.999992 0.0014 -0.00364 0 -0.002275 0.967581 -0.252552 0.248046 0.003169 0.252559 0.967576 0 0 0 0 1 0.999995 0.001499 -0.00282 0 -0.002165 0.967343 -0.253462 0.248046 0.002347 0.253467 0.967341 0 0 0 0 1 0.999997 0.001676 -0.001742 0 -0.002064 0.967093 -0.254415 0.248046 0.001258 0.254418 0.967094 0 0 0 0 1 0.999998 0.001926 -0.000591 0 -0.002014 0.966856 -0.255315 0.248046 0.00008 0.255316 0.966858 0 0 0 0 1 0.999997 0.002223 0.000466 0 -0.002029 0.966645 -0.256113 0.248046 -0.00102 0.256112 0.966647 0 0 0 0 1 0.999996 0.002514 0.001272 0 -0.002103 0.966456 -0.256822 0.248046 -0.001875 0.256818 0.966458 0 0 0 0 1 0.999994 0.002744 0.001871 0 -0.00217 0.96627 -0.257522 0.248046 -0.002515 0.257516 0.966271 0 0 0 0 1 0.999993 0.002889 0.00229 0 -0.0022 0.966077 -0.258244 0.248046 -0.002958 0.258237 0.966077 0 0 0 0 1 0.999992 0.002972 0.002573 0 -0.002204 0.965886 -0.258957 0.248046 -0.003255 0.258949 0.965886 0 0 0 0 1 0.999992 0.003025 0.002749 0 -0.002208 0.965712 -0.259605 0.248046 -0.00344 0.259597 0.965711 0 0 0 0 1 0.999991 0.00306 0.002874 0 -0.002207 0.96556 -0.260172 0.248046 -0.003571 0.260163 0.965558 0 0 0 0 1 0.999991 0.003058 0.003048 0 -0.002158 0.965417 -0.260701 0.248046 -0.00374 0.260692 0.965415 0 0 0 0 1 0.99999 0.002967 0.003373 0 -0.001983 0.965263 -0.261272 0.248046 -0.004031 0.261263 0.965259 0 0 0 0 1 0.999989 0.002774 0.003805 0 -0.00168 0.965084 -0.261936 0.248046 -0.004399 0.261927 0.965078 0 0 0 0 1 0.999988 0.002496 0.004159 0 -0.001316 0.964886 -0.262664 0.248046 -0.004668 0.262655 0.964878 0 0 0 0 1 0.999989 0.002152 0.00424 0 -0.000959 0.964689 -0.26339 0.248046 -0.004657 0.263383 0.96468 0 0 0 0 1 0.99999 0.001745 0.00406 0 -0.000611 0.964495 -0.264099 0.248046 -0.004377 0.264094 0.964487 0 0 0 0 1 0.999992 0.001283 0.003772 0 -0.000238 0.96428 -0.264887 0.248046 -0.003977 0.264884 0.964272 0 0 0 0 1 0.999993 0.000817 0.00352 0 0.000147 0.964014 -0.265851 0.248046 -0.003611 0.26585 0.964008 0 0 0 0 1 0.999995 0.000415 0.003277 0 0.000474 0.963691 -0.267021 0.248046 -0.003269 0.267021 0.963685 0 0 0 0 1 0.999996 0.000135 0.002933 0 0.000656 0.963333 -0.268308 0.248046 -0.002862 0.268308 0.963329 0 0 0 0 1 0.999997 -0.000013 0.002403 0 0.00066 0.962979 -0.269577 0.248046 -0.00231 0.269578 0.962976 0 0 0 0 1 0.999999 -0.000058 0.001665 0 0.000507 0.962642 -0.270778 0.248046 -0.001586 0.270779 0.96264 0 0 0 0 1 1 -0.000048 0.000635 0 0.000219 0.962264 -0.272118 0.248046 -0.000598 0.272118 0.962264 0 0 0 0 1 1 -0.000043 -0.000000 0 0.000041 0.962052 -0.272867 0.248046 0.000012 0.272867 0.962052 0 0 0 0 1</float_array>
        <technique_common>
          <accessor source="#Neck_matrix_Neck_transform-output-array" count="106" stride="16">
            <param name="TRANSFORM" type="float4x4"/>
          </accessor>
        </technique_common>
      </source>
      <source id="Neck_matrix_Neck_transform-interpolations">
        <Name_array id="Neck_matrix_Neck_transform-interpolations-array" count="106">LINEAR LINEAR LINEAR LINEAR LINEAR LINEAR LINEAR LINEAR LINEAR LINEAR LINEAR LINEAR LINEAR LINEAR LINEAR LINEAR LINEAR LINEAR LINEAR LINEAR LINEAR LINEAR LINEAR LINEAR LINEAR LINEAR LINEAR LINEAR LINEAR LINEAR LINEAR LINEAR LINEAR LINEAR LINEAR LINEAR LINEAR LINEAR LINEAR LINEAR LINEAR LINEAR LINEAR LINEAR LINEAR LINEAR LINEAR LINEAR LINEAR LINEAR LINEAR LINEAR LINEAR LINEAR LINEAR LINEAR LINEAR LINEAR LINEAR LINEAR LINEAR LINEAR LINEAR LINEAR LINEAR LINEAR LINEAR LINEAR LINEAR LINEAR LINEAR LINEAR LINEAR LINEAR LINEAR LINEAR LINEAR LINEAR LINEAR LINEAR LINEAR LINEAR LINEAR LINEAR LINEAR LINEAR LINEAR LINEAR LINEAR LINEAR LINEAR LINEAR LINEAR LINEAR LINEAR LINEAR LINEAR LINEAR LINEAR LINEAR LINEAR LINEAR LINEAR LINEAR LINEAR LINEAR</Name_array>
        <technique_common>
          <accessor source="#Neck_matrix_Neck_transform-interpolations-array" count="106" stride="1">
            <param name="INTERPOLATION" type="Name"/>
          </accessor>
        </technique_common>
      </source>
      <sampler id="Neck_matrix_Neck_transform-sampler">
        <input semantic="INPUT" source="#Neck_matrix_Neck_transform-input"/>
        <input semantic="OUTPUT" source="#Neck_matrix_Neck_transform-output"/>
        <input semantic="INTERPOLATION" source="#Neck_matrix_Neck_transform-interpolations"/>
      </sampler>
      <channel source="#Neck_matrix_Neck_transform-sampler" target="Neck/transform"/>
    </animation>
    <animation id="Neck1_matrix">
      <source id="Neck1_matrix_Neck1_transform-input">
        <float_array id="Neck1_matrix_Neck1_transform-input-array" count="106">0 0.033333 0.066666 0.1 0.133333 0.166667 0.2 0.233333 0.266667 0.3 0.333333 0.366667 0.4 0.433333 0.466667 0.5 0.533333 0.566667 0.6 0.633333 0.666667 0.7 0.733333 0.766667 0.8 0.833333 0.866667 0.9 0.933333 0.966667 1 1.03333 1.06667 1.1 1.13333 1.16667 1.2 1.23333 1.26667 1.3 1.33333 1.36667 1.4 1.43333 1.46667 1.5 1.53333 1.56667 1.6 1.63333 1.66667 1.7 1.73333 1.76667 1.8 1.83333 1.86667 1.9 1.93333 1.96667 2 2.03333 2.06667 2.1 2.13333 2.16667 2.2 2.23333 2.26667 2.3 2.33333 2.36667 2.4 2.43333 2.46667 2.5 2.53333 2.56667 2.6 2.63333 2.66667 2.7 2.73333 2.76667 2.8 2.83333 2.86667 2.9 2.93333 2.96667 3 3.03333 3.06667 3.1 3.13333 3.16667 3.2 3.23333 3.26667 3.3 3.33333 3.36667 3.4 3.43333 3.46667 3.5</float_array>
        <technique_common>
          <accessor source="#Neck1_matrix_Neck1_transform-input-array" count="106" stride="1">
            <param name="TIME" type="float"/>
          </accessor>
        </technique_common>
        <technique profile="MAYA">
          <pre_infinity>CONSTANT</pre_infinity>
          <post_infinity>CONSTANT</post_infinity>
        </technique>
      </source>
      <source id="Neck1_matrix_Neck1_transform-output">
        <float_array id="Neck1_matrix_Neck1_transform-output-array" count="1696">1 0 0 0 0 0.998264 -0.058897 0.04828 0 0.058897 0.998264 0 0 0 0 1 1 -0.000087 0.000076 0 0.000092 0.998264 -0.058897 0.04828 -0.000071 0.058897 0.998264 0 0 0 0 1 1 -0.000206 0.000179 0 0.000216 0.998264 -0.058897 0.04828 -0.000167 0.058897 0.998264 0 0 0 0 1 1 -0.000336 0.000291 0 0.000353 0.998264 -0.058897 0.04828 -0.000271 0.058897 0.998264 0 0 0 0 1 1 -0.000466 0.000404 0 0.000489 0.998264 -0.058897 0.04828 -0.000376 0.058897 0.998264 0 0 0 0 1 1 -0.000595 0.00053 0 0.000626 0.998264 -0.058897 0.04828 -0.000494 0.058897 0.998264 0 0 0 0 1 1 -0.000728 0.000691 0 0.000768 0.998264 -0.058897 0.04828 -0.000647 0.058897 0.998264 0 0 0 0 1 0.999999 -0.000875 0.000902 0 0.000926 0.998269 -0.058801 0.04828 -0.000849 0.058802 0.998269 0 0 0 0 1 0.999999 -0.001049 0.001156 0 0.001115 0.998278 -0.058644 0.04828 -0.001092 0.058646 0.998278 0 0 0 0 1 0.999998 -0.001251 0.001415 0 0.001331 0.998293 -0.058391 0.04828 -0.001339 0.058393 0.998293 0 0 0 0 1 0.999998 -0.001456 0.001645 0 0.001549 0.998316 -0.057997 0.04828 -0.001558 0.057999 0.998315 0 0 0 0 1 0.999997 -0.001625 0.00184 0 0.001728 0.998347 -0.057445 0.04828 -0.001743 0.057448 0.998347 0 0 0 0 1 0.999996 -0.001732 0.002011 0 0.001843 0.998387 -0.05675 0.04828 -0.001909 0.056754 0.998386 0 0 0 0 1 0.999996 -0.00177 0.002181 0 0.00189 0.998432 -0.055938 0.04828 -0.002079 0.055942 0.998432 0 0 0 0 1 0.999996 -0.001776 0.002375 0 0.001904 0.998484 -0.055003 0.04828 -0.002273 0.055007 0.998483 0 0 0 0 1 0.999995 -0.001746 0.002632 0 0.001886 0.998543 -0.053923 0.04828 -0.002534 0.053928 0.998542 0 0 0 0 1 0.999994 -0.001647 0.002997 0 0.001803 0.998608 -0.05271 0.04828 -0.002906 0.052715 0.998605 0 0 0 0 1 0.999993 -0.001452 0.003486 0 0.001629 0.998675 -0.051436 0.04828 -0.003407 0.051442 0.99867 0 0 0 0 1 0.999991 -0.00115 0.00407 0 0.001353 0.998738 -0.050209 0.04828 -0.004007 0.050214 0.99873 0 0 0 0 1 0.999989 -0.000761 0.004699 0 0.000991 0.998792 -0.049124 0.04828 -0.004656 0.049128 0.998782 0 0 0 0 1 0.999986 -0.00031 0.005351 0 0.000568 0.998836 -0.048238 0.04828 -0.00533 0.048241 0.998821 0 0 0 0 1 0.999982 0.000193 0.006027 0 0.000093 0.998868 -0.047576 0.04828 -0.00603 0.047576 0.998849 0 0 0 0 1 0.999977 0.000743 0.006727 0 -0.000426 0.998889 -0.047116 0.04828 -0.006754 0.047112 0.998867 0 0 0 0 1 0.999972 0.001314 0.007412 0 -0.000966 0.998904 -0.046786 0.04828 -0.007465 0.046777 0.998877 0 0 0 0 1 0.999966 0.00187 0.008025 0 -0.001495 0.998918 -0.046487 0.04828 -0.008103 0.046473 0.998887 0 0 0 0 1 0.999961 0.002398 0.008506 0 -0.002003 0.998932 -0.046156 0.04828 -0.008608 0.046137 0.998898 0 0 0 0 1 0.999957 0.002904 0.008829 0 -0.002496 0.998948 -0.045799 0.04828 -0.008952 0.045775 0.998912 0 0 0 0 1 0.999954 0.003405 0.009006 0 -0.002992 0.998961 -0.045467 0.04828 -0.009151 0.045438 0.998925 0 0 0 0 1 0.999951 0.003916 0.009049 0 -0.003504 0.998973 -0.045182 0.04828 -0.009217 0.045148 0.998938 0 0 0 0 1 0.99995 0.004447 0.008916 0 -0.004042 0.998983 -0.044908 0.04828 -0.009106 0.044869 0.998951 0 0 0 0 1 0.999951 0.004989 0.008539 0 -0.004603 0.998995 -0.04459 0.04828 -0.008753 0.044549 0.998969 0 0 0 0 1 0.999953 0.005501 0.007925 0 -0.005146 0.999009 -0.044216 0.04828 -0.00816 0.044173 0.998991 0 0 0 0 1 0.999957 0.005912 0.007176 0 -0.005592 0.999024 -0.043815 0.04828 -0.007428 0.043773 0.999014 0 0 0 0 1 0.999961 0.006162 0.006398 0 -0.005879 0.99904 -0.043413 0.04828 -0.006659 0.043373 0.999037 0 0 0 0 1 0.999965 0.006255 0.005627 0 -0.006007 0.999058 -0.042986 0.04828 -0.005891 0.04295 0.99906 0 0 0 0 1 0.999969 0.006242 0.004869 0 -0.00603 0.999079 -0.042478 0.04828 -0.00513 0.042448 0.999085 0 0 0 0 1 0.999972 0.006178 0.004145 0 -0.005999 0.999106 -0.041852 0.04828 -0.0044 0.041826 0.999115 0 0 0 0 1 0.999975 0.006082 0.003491 0 -0.005933 0.999137 -0.041115 0.04828 -0.003738 0.041094 0.999148 0 0 0 0 1 0.999978 0.00596 0.002926 0 -0.005837 0.99917 -0.040321 0.04828 -0.003164 0.040303 0.999182 0 0 0 0 1 0.99998 0.005819 0.002442 0 -0.005718 0.999202 -0.039535 0.04828 -0.00267 0.03952 0.999215 0 0 0 0 1 0.999982 0.005669 0.001987 0 -0.005588 0.999231 -0.038821 0.04828 -0.002206 0.03881 0.999244 0 0 0 0 1 0.999984 0.00552 0.001461 0 -0.00546 0.999254 -0.038238 0.04828 -0.001671 0.038229 0.999268 0 0 0 0 1 0.999985 0.005383 0.00077 0 -0.00535 0.99927 -0.03782 0.04828 -0.000974 0.037816 0.999284 0 0 0 0 1 0.999986 0.005264 -0.000086 0 -0.005264 0.999281 -0.037556 0.04828 -0.000111 0.037555 0.999295 0 0 0 0 1 0.999986 0.005169 -0.000994 0 -0.005202 0.999288 -0.037375 0.04828 0.0008 0.037379 0.999301 0 0 0 0 1 0.999985 0.005098 -0.001778 0 -0.00516 0.999295 -0.037193 0.04828 0.001587 0.037202 0.999306 0 0 0 0 1 0.999985 0.005048 -0.002288 0 -0.005129 0.999303 -0.036972 0.04828 0.0021 0.036983 0.999314 0 0 0 0 1 0.999984 0.005006 -0.002459 0 -0.005093 0.999312 -0.036735 0.04828 0.002274 0.036747 0.999322 0 0 0 0 1 0.999985 0.004962 -0.00235 0 -0.005045 0.99932 -0.036525 0.04828 0.002167 0.036537 0.99933 0 0 0 0 1 0.999986 0.00492 -0.002137 0 -0.004994 0.999326 -0.036354 0.04828 0.001956 0.036364 0.999337 0 0 0 0 1 0.999986 0.004896 -0.002028 0 -0.004967 0.999332 -0.036206 0.04828 0.001849 0.036216 0.999342 0 0 0 0 1 0.999986 0.004888 -0.002119 0 -0.004961 0.999336 -0.036108 0.04828 0.001941 0.036118 0.999346 0 0 0 0 1 0.999985 0.004888 -0.002331 0 -0.004969 0.999335 -0.036136 0.04828 0.002153 0.036147 0.999344 0 0 0 0 1 0.999985 0.004889 -0.00249 0 -0.004976 0.999326 -0.03637 0.04828 0.002311 0.036382 0.999335 0 0 0 0 1 0.999985 0.004883 -0.00249 0 -0.004972 0.99931 -0.036818 0.04828 0.002308 0.03683 0.999319 0 0 0 0 1 0.999985 0.004869 -0.002351 0 -0.004954 0.999287 -0.037426 0.04828 0.002167 0.037437 0.999297 0 0 0 0 1 0.999986 0.004847 -0.002167 0 -0.004926 0.999262 -0.038097 0.04828 0.001981 0.038108 0.999272 0 0 0 0 1 0.999986 0.004816 -0.002025 0 -0.004891 0.999238 -0.038727 0.04828 0.001837 0.038736 0.999248 0 0 0 0 1 0.999987 0.004775 -0.001981 0 -0.004849 0.999219 -0.039206 0.04828 0.001792 0.039215 0.999229 0 0 0 0 1 0.999987 0.004698 -0.002073 0 -0.004777 0.99921 -0.03945 0.04828 0.001886 0.03946 0.999219 0 0 0 0 1 0.999987 0.004563 -0.00229 0 -0.00465 0.999212 -0.03942 0.04828 0.002108 0.039431 0.99922 0 0 0 0 1 0.999987 0.004364 -0.00257 0 -0.004461 0.999224 -0.039128 0.04828 0.002397 0.039139 0.999231 0 0 0 0 1 0.999987 0.004126 -0.002857 0 -0.004233 0.999246 -0.038604 0.04828 0.002696 0.038616 0.99925 0 0 0 0 1 0.999987 0.00389 -0.003162 0 -0.004007 0.999274 -0.037877 0.04828 0.003012 0.037889 0.999277 0 0 0 0 1 0.999987 0.003682 -0.003514 0 -0.00381 0.999308 -0.036992 0.04828 0.003376 0.037005 0.999309 0 0 0 0 1 0.999986 0.003505 -0.003881 0 -0.003643 0.999344 -0.036041 0.04828 0.003752 0.036055 0.999343 0 0 0 0 1 0.999986 0.003352 -0.004167 0 -0.003496 0.999376 -0.035151 0.04828 0.004046 0.035166 0.999373 0 0 0 0 1 0.999986 0.003211 -0.004309 0 -0.003358 0.999401 -0.034437 0.04828 0.004196 0.034451 0.999398 0 0 0 0 1 0.999986 0.003074 -0.004337 0 -0.00322 0.999418 -0.033959 0.04828 0.00423 0.033972 0.999414 0 0 0 0 1 0.999986 0.002925 -0.004347 0 -0.00307 0.999427 -0.033721 0.04828 0.004246 0.033734 0.999422 0 0 0 0 1 0.999986 0.002757 -0.004433 0 -0.002905 0.999428 -0.033693 0.04828 0.004338 0.033705 0.999422 0 0 0 0 1 0.999986 0.002574 -0.004625 0 -0.002729 0.999424 -0.033825 0.04828 0.004535 0.033837 0.999417 0 0 0 0 1 0.999985 0.00239 -0.004862 0 -0.002554 0.999417 -0.034049 0.04828 0.004778 0.034061 0.999408 0 0 0 0 1 0.999985 0.002221 -0.005053 0 -0.002393 0.999409 -0.034295 0.04828 0.004974 0.034306 0.999399 0 0 0 0 1 0.999985 0.002072 -0.005144 0 -0.002248 0.999402 -0.034518 0.04828 0.00507 0.034529 0.999391 0 0 0 0 1 0.999985 0.001936 -0.00514 0 -0.002113 0.999395 -0.034729 0.04828 0.005069 0.034739 0.999384 0 0 0 0 1 0.999985 0.001811 -0.005092 0 -0.001988 0.999386 -0.034978 0.04828 0.005026 0.034987 0.999375 0 0 0 0 1 0.999986 0.001697 -0.005012 0 -0.001873 0.999375 -0.035312 0.04828 0.004949 0.035321 0.999364 0 0 0 0 1 0.999987 0.001596 -0.004876 0 -0.00177 0.999359 -0.035758 0.04828 0.004815 0.035766 0.999349 0 0 0 0 1 0.999988 0.001514 -0.004623 0 -0.001681 0.999338 -0.03633 0.04828 0.004565 0.036337 0.999329 0 0 0 0 1 0.99999 0.001479 -0.004223 0 -0.001635 0.999313 -0.037035 0.04828 0.004166 0.037041 0.999305 0 0 0 0 1 0.999992 0.001487 -0.003626 0 -0.001623 0.999281 -0.037872 0.04828 0.003567 0.037878 0.999276 0 0 0 0 1 0.999995 0.00158 -0.002805 0 -0.001687 0.999245 -0.038811 0.04828 0.002741 0.038815 0.999243 0 0 0 0 1 0.999997 0.001749 -0.001726 0 -0.001816 0.999206 -0.039795 0.04828 0.001655 0.039798 0.999206 0 0 0 0 1 0.999998 0.00199 -0.000573 0 -0.002012 0.999168 -0.040725 0.04828 0.000491 0.040726 0.99917 0 0 0 0 1 0.999997 0.002279 0.000487 0 -0.002257 0.999134 -0.041549 0.04828 -0.000582 0.041548 0.999136 0 0 0 0 1 0.999996 0.002564 0.001296 0 -0.002507 0.999103 -0.042282 0.04828 -0.001403 0.042279 0.999105 0 0 0 0 1 0.999994 0.00279 0.001897 0 -0.002706 0.999071 -0.043005 0.04828 -0.002015 0.043 0.999073 0 0 0 0 1 0.999993 0.002932 0.002317 0 -0.002828 0.999038 -0.043752 0.04828 -0.002443 0.043745 0.99904 0 0 0 0 1 0.999992 0.003013 0.002601 0 -0.002894 0.999006 -0.04449 0.04828 -0.002732 0.044482 0.999006 0 0 0 0 1 0.999991 0.003066 0.002777 0 -0.002937 0.998975 -0.045161 0.04828 -0.002913 0.045152 0.998976 0 0 0 0 1 0.999991 0.003101 0.002903 0 -0.002965 0.998949 -0.045747 0.04828 -0.003042 0.045738 0.998949 0 0 0 0 1 0.99999 0.003099 0.003077 0 -0.002953 0.998923 -0.046294 0.04828 -0.003217 0.046285 0.998923 0 0 0 0 1 0.99999 0.003006 0.003401 0 -0.002843 0.998896 -0.046886 0.04828 -0.003538 0.046876 0.998894 0 0 0 0 1 0.999989 0.00281 0.003832 0 -0.002624 0.998864 -0.047574 0.04828 -0.003961 0.047563 0.99886 0 0 0 0 1 0.999988 0.00253 0.004183 0 -0.002325 0.998829 -0.048327 0.04828 -0.0043 0.048317 0.998823 0 0 0 0 1 0.999989 0.002186 0.004261 0 -0.001974 0.998793 -0.049079 0.04828 -0.004363 0.04907 0.998786 0 0 0 0 1 0.99999 0.001782 0.004078 0 -0.001576 0.998757 -0.049813 0.04828 -0.004162 0.049806 0.99875 0 0 0 0 1 0.999992 0.001323 0.003786 0 -0.001129 0.998717 -0.050628 0.04828 -0.003848 0.050624 0.99871 0 0 0 0 1 0.999993 0.000861 0.00353 0 -0.000677 0.998666 -0.051628 0.04828 -0.00357 0.051625 0.99866 0 0 0 0 1 0.999995 0.000462 0.003284 0 -0.000287 0.998603 -0.05284 0.04828 -0.003304 0.052839 0.998598 0 0 0 0 1 0.999996 0.000186 0.002938 0 -0.000027 0.998532 -0.054173 0.04828 -0.002944 0.054173 0.998527 0 0 0 0 1 0.999997 0.000041 0.002407 0 0.000092 0.998459 -0.055488 0.04828 -0.002406 0.055488 0.998456 0 0 0 0 1 0.999999 -0.000001 0.001668 0 0.000095 0.998389 -0.056734 0.04828 -0.001665 0.056734 0.998388 0 0 0 0 1 1 0.000009 0.000637 0 0.000027 0.998309 -0.058123 0.04828 -0.000636 0.058123 0.998309 0 0 0 0 1 1 0.000014 0 0 -0.000014 0.998264 -0.0589 0.04828 -0.000000 0.0589 0.998264 0 0 0 0 1</float_array>
        <technique_common>
          <accessor source="#Neck1_matrix_Neck1_transform-output-array" count="106" stride="16">
            <param name="TRANSFORM" type="float4x4"/>
          </accessor>
        </technique_common>
      </source>
      <source id="Neck1_matrix_Neck1_transform-interpolations">
        <Name_array id="Neck1_matrix_Neck1_transform-interpolations-array" count="106">LINEAR LINEAR LINEAR LINEAR LINEAR LINEAR LINEAR LINEAR LINEAR LINEAR LINEAR LINEAR LINEAR LINEAR LINEAR LINEAR LINEAR LINEAR LINEAR LINEAR LINEAR LINEAR LINEAR LINEAR LINEAR LINEAR LINEAR LINEAR LINEAR LINEAR LINEAR LINEAR LINEAR LINEAR LINEAR LINEAR LINEAR LINEAR LINEAR LINEAR LINEAR LINEAR LINEAR LINEAR LINEAR LINEAR LINEAR LINEAR LINEAR LINEAR LINEAR LINEAR LINEAR LINEAR LINEAR LINEAR LINEAR LINEAR LINEAR LINEAR LINEAR LINEAR LINEAR LINEAR LINEAR LINEAR LINEAR LINEAR LINEAR LINEAR LINEAR LINEAR LINEAR LINEAR LINEAR LINEAR LINEAR LINEAR LINEAR LINEAR LINEAR LINEAR LINEAR LINEAR LINEAR LINEAR LINEAR LINEAR LINEAR LINEAR LINEAR LINEAR LINEAR LINEAR LINEAR LINEAR LINEAR LINEAR LINEAR LINEAR LINEAR LINEAR LINEAR LINEAR LINEAR LINEAR</Name_array>
        <technique_common>
          <accessor source="#Neck1_matrix_Neck1_transform-interpolations-array" count="106" stride="1">
            <param name="INTERPOLATION" type="Name"/>
          </accessor>
        </technique_common>
      </source>
      <sampler id="Neck1_matrix_Neck1_transform-sampler">
        <input semantic="INPUT" source="#Neck1_matrix_Neck1_transform-input"/>
        <input semantic="OUTPUT" source="#Neck1_matrix_Neck1_transform-output"/>
        <input semantic="INTERPOLATION" source="#Neck1_matrix_Neck1_transform-interpolations"/>
      </sampler>
      <channel source="#Neck1_matrix_Neck1_transform-sampler" target="Neck1/transform"/>
    </animation>
    <animation id="Head_matrix">
      <source id="Head_matrix_Head_transform-input">
        <float_array id="Head_matrix_Head_transform-input-array" count="106">0 0.033333 0.066666 0.1 0.133333 0.166667 0.2 0.233333 0.266667 0.3 0.333333 0.366667 0.4 0.433333 0.466667 0.5 0.533333 0.566667 0.6 0.633333 0.666667 0.7 0.733333 0.766667 0.8 0.833333 0.866667 0.9 0.933333 0.966667 1 1.03333 1.06667 1.1 1.13333 1.16667 1.2 1.23333 1.26667 1.3 1.33333 1.36667 1.4 1.43333 1.46667 1.5 1.53333 1.56667 1.6 1.63333 1.66667 1.7 1.73333 1.76667 1.8 1.83333 1.86667 1.9 1.93333 1.96667 2 2.03333 2.06667 2.1 2.13333 2.16667 2.2 2.23333 2.26667 2.3 2.33333 2.36667 2.4 2.43333 2.46667 2.5 2.53333 2.56667 2.6 2.63333 2.66667 2.7 2.73333 2.76667 2.8 2.83333 2.86667 2.9 2.93333 2.96667 3 3.03333 3.06667 3.1 3.13333 3.16667 3.2 3.23333 3.26667 3.3 3.33333 3.36667 3.4 3.43333 3.46667 3.5</float_array>
        <technique_common>
          <accessor source="#Head_matrix_Head_transform-input-array" count="106" stride="1">
            <param name="TIME" type="float"/>
          </accessor>
        </technique_common>
        <technique profile="MAYA">
          <pre_infinity>CONSTANT</pre_infinity>
          <post_infinity>CONSTANT</post_infinity>
        </technique>
      </source>
      <source id="Head_matrix_Head_transform-output">
        <float_array id="Head_matrix_Head_transform-output-array" count="1696">1 0 0 0 0 0.965556 0.260195 0.053577 0 -0.260195 0.965556 0 0 0 0 1 1 -0.000087 0.000077 0 0.000064 0.965556 0.260195 0.053577 -0.000097 -0.260195 0.965556 0 0 0 0 1 1 -0.000205 0.000182 0 0.00015 0.965556 0.260195 0.053577 -0.000229 -0.260195 0.965556 0 0 0 0 1 1 -0.000333 0.000296 0 0.000245 0.965556 0.260195 0.053577 -0.000373 -0.260195 0.965556 0 0 0 0 1 1 -0.000462 0.000411 0 0.000339 0.965556 0.260195 0.053577 -0.000517 -0.260195 0.965556 0 0 0 0 1 1 -0.00059 0.000539 0 0.000429 0.965556 0.260195 0.053577 -0.000674 -0.260195 0.965556 0 0 0 0 1 1 -0.000721 0.000701 0 0.000513 0.965556 0.260195 0.053577 -0.000865 -0.260195 0.965556 0 0 0 0 1 0.999999 -0.000863 0.000915 0 0.000596 0.965531 0.260287 0.053577 -0.001108 -0.260287 0.965531 0 0 0 0 1 0.999999 -0.001034 0.00117 0 0.000693 0.96549 0.260439 0.053577 -0.001399 -0.260438 0.96549 0 0 0 0 1 0.999998 -0.001232 0.001432 0 0.000816 0.965424 0.260684 0.053577 -0.001704 -0.260682 0.965423 0 0 0 0 1 0.999998 -0.001434 0.001666 0 0.000949 0.965321 0.261065 0.053577 -0.001982 -0.261063 0.96532 0 0 0 0 1 0.999997 -0.001601 0.001862 0 0.001058 0.965176 0.261598 0.053577 -0.002216 -0.261596 0.965175 0 0 0 0 1 0.999996 -0.001706 0.002035 0 0.001112 0.964994 0.26227 0.053577 -0.002412 -0.262266 0.964992 0 0 0 0 1 0.999996 -0.001743 0.002206 0 0.001101 0.96478 0.263055 0.053577 -0.002587 -0.263051 0.964778 0 0 0 0 1 0.999996 -0.001746 0.0024 0 0.00105 0.964534 0.263958 0.053577 -0.002775 -0.263955 0.964531 0 0 0 0 1 0.999995 -0.001713 0.002656 0 0.000948 0.964248 0.265001 0.053577 -0.003015 -0.264997 0.964244 0 0 0 0 1 0.999994 -0.00161 0.00302 0 0.000748 0.963925 0.266172 0.053577 -0.00334 -0.266168 0.963921 0 0 0 0 1 0.999993 -0.001408 0.003506 0 0.00042 0.963585 0.267401 0.053577 -0.003755 -0.267397 0.963579 0 0 0 0 1 0.999991 -0.001099 0.004085 0 -0.000038 0.963256 0.268584 0.053577 -0.00423 -0.268581 0.963248 0 0 0 0 1 0.999989 -0.000702 0.004708 0 -0.000593 0.962964 0.26963 0.053577 -0.004723 -0.269629 0.962953 0 0 0 0 1 0.999986 -0.000242 0.005353 0 -0.001214 0.962724 0.270482 0.053577 -0.005219 -0.270485 0.96271 0 0 0 0 1 0.999982 0.000271 0.006022 0 -0.001894 0.962544 0.271119 0.053577 -0.005723 -0.271126 0.962527 0 0 0 0 1 0.999977 0.000831 0.006713 0 -0.002623 0.962417 0.271562 0.053577 -0.006235 -0.271573 0.962398 0 0 0 0 1 0.999972 0.001411 0.00739 0 -0.003367 0.962326 0.271878 0.053577 -0.006727 -0.271896 0.962303 0 0 0 0 1 0.999966 0.001976 0.007994 0 -0.004078 0.962242 0.272165 0.053577 -0.007154 -0.272188 0.962217 0 0 0 0 1 0.999961 0.00251 0.008468 0 -0.004723 0.962149 0.272483 0.053577 -0.007463 -0.272512 0.962123 0 0 0 0 1 0.999957 0.00302 0.008782 0 -0.005302 0.962049 0.272826 0.053577 -0.007625 -0.272861 0.962023 0 0 0 0 1 0.999954 0.003523 0.008952 0 -0.005835 0.961955 0.273145 0.053577 -0.007649 -0.273185 0.961931 0 0 0 0 1 0.999951 0.004035 0.008988 0 -0.006339 0.961874 0.27342 0.053577 -0.007542 -0.273464 0.961853 0 0 0 0 1 0.99995 0.004563 0.008846 0 -0.00681 0.961795 0.273684 0.053577 -0.00726 -0.273731 0.961779 0 0 0 0 1 0.999951 0.005099 0.008462 0 -0.007222 0.961705 0.273991 0.053577 -0.00674 -0.274039 0.961695 0 0 0 0 1 0.999954 0.005602 0.00784 0 -0.007538 0.961599 0.274354 0.053577 -0.006002 -0.2744 0.961597 0 0 0 0 1 0.999957 0.005999 0.007085 0 -0.007714 0.961487 0.274741 0.053577 -0.005164 -0.274784 0.961492 0 0 0 0 1 0.999961 0.006224 0.006302 0 -0.007718 0.961376 0.27513 0.053577 -0.004347 -0.275168 0.961386 0 0 0 0 1 0.999965 0.006272 0.00553 0 -0.007553 0.961259 0.275543 0.053577 -0.003588 -0.275575 0.961273 0 0 0 0 1 0.999969 0.006206 0.004771 0 -0.007282 0.961121 0.276032 0.053577 -0.002872 -0.276058 0.961137 0 0 0 0 1 0.999973 0.006093 0.004047 0 -0.006975 0.960949 0.276636 0.053577 -0.002203 -0.276657 0.960966 0 0 0 0 1 0.999976 0.005971 0.003394 0 -0.006678 0.960747 0.277345 0.053577 -0.001605 -0.277361 0.960765 0 0 0 0 1 0.999979 0.005841 0.002831 0 -0.006398 0.960528 0.278108 0.053577 -0.001095 -0.278121 0.960546 0 0 0 0 1 0.999981 0.005707 0.002349 0 -0.006135 0.960311 0.278864 0.053577 -0.000664 -0.278873 0.960328 0 0 0 0 1 0.999983 0.005572 0.001897 0 -0.00588 0.960113 0.27955 0.053577 -0.000263 -0.279557 0.960129 0 0 0 0 1 0.999984 0.005442 0.001374 0 -0.005609 0.959951 0.280111 0.053577 0.000204 -0.280114 0.959967 0 0 0 0 1 0.999986 0.00532 0.000686 0 -0.005299 0.959836 0.280512 0.053577 0.000833 -0.280512 0.95985 0 0 0 0 1 0.999986 0.00521 -0.000168 0 -0.004953 0.959763 0.280767 0.053577 0.001624 -0.280762 0.959776 0 0 0 0 1 0.999986 0.005116 -0.001074 0 -0.004608 0.959714 0.28094 0.053577 0.002468 -0.280931 0.959725 0 0 0 0 1 0.999986 0.00504 -0.001857 0 -0.004315 0.959665 0.281114 0.053577 0.003199 -0.281102 0.959673 0 0 0 0 1 0.999985 0.004984 -0.002366 0 -0.004117 0.959603 0.281326 0.053577 0.003673 -0.281312 0.959609 0 0 0 0 1 0.999985 0.004941 -0.002536 0 -0.004027 0.959537 0.281554 0.053577 0.003825 -0.281539 0.959542 0 0 0 0 1 0.999985 0.004899 -0.002426 0 -0.004016 0.959478 0.281755 0.053577 0.003708 -0.281741 0.959483 0 0 0 0 1 0.999986 0.004858 -0.002212 0 -0.004037 0.95943 0.281919 0.053577 0.003492 -0.281906 0.959436 0 0 0 0 1 0.999986 0.004836 -0.002103 0 -0.004046 0.959388 0.282061 0.053577 0.003382 -0.282049 0.959394 0 0 0 0 1 0.999986 0.004828 -0.002195 0 -0.004012 0.95936 0.282156 0.053577 0.003468 -0.282143 0.959366 0 0 0 0 1 0.999985 0.004828 -0.002406 0 -0.003953 0.959369 0.282128 0.053577 0.003671 -0.282114 0.959374 0 0 0 0 1 0.999985 0.004829 -0.002565 0 -0.00391 0.959435 0.281904 0.053577 0.003822 -0.281889 0.959439 0 0 0 0 1 0.999985 0.004824 -0.002565 0 -0.003907 0.959561 0.281473 0.053577 0.003819 -0.281459 0.959566 0 0 0 0 1 0.999986 0.004809 -0.002425 0 -0.003934 0.959732 0.28089 0.053577 0.003679 -0.280876 0.959737 0 0 0 0 1 0.999986 0.004787 -0.002242 0 -0.003967 0.95992 0.280245 0.053577 0.003494 -0.280232 0.959926 0 0 0 0 1 0.999986 0.004755 -0.002099 0 -0.003978 0.960097 0.27964 0.053577 0.003345 -0.279628 0.960102 0 0 0 0 1 0.999987 0.004713 -0.002054 0 -0.003952 0.960231 0.27918 0.053577 0.003288 -0.279168 0.960237 0 0 0 0 1 0.999987 0.004634 -0.002145 0 -0.003851 0.960299 0.278945 0.053577 0.003353 -0.278933 0.960305 0 0 0 0 1 0.999987 0.004495 -0.00236 0 -0.003658 0.960292 0.278973 0.053577 0.00352 -0.278961 0.960296 0 0 0 0 1 0.999987 0.004291 -0.002637 0 -0.003384 0.960211 0.279254 0.053577 0.00373 -0.279242 0.960214 0 0 0 0 1 0.999988 0.004048 -0.002921 0 -0.003069 0.960066 0.279757 0.053577 0.003937 -0.279745 0.960066 0 0 0 0 1 0.999988 0.003807 -0.003222 0 -0.00275 0.959863 0.280455 0.053577 0.00416 -0.280443 0.959862 0 0 0 0 1 0.999987 0.003593 -0.003571 0 -0.002443 0.959615 0.281304 0.053577 0.004438 -0.281292 0.959612 0 0 0 0 1 0.999986 0.003409 -0.003935 0 -0.00216 0.959348 0.282217 0.053577 0.004737 -0.282205 0.959342 0 0 0 0 1 0.999986 0.003244 -0.004219 0 -0.001917 0.959097 0.283071 0.053577 0.004965 -0.283058 0.95909 0 0 0 0 1 0.999986 0.003084 -0.00436 0 -0.00172 0.958895 0.283755 0.053577 0.005056 -0.283744 0.958887 0 0 0 0 1 0.999986 0.002923 -0.004386 0 -0.001556 0.95876 0.284214 0.053577 0.005036 -0.284203 0.958751 0 0 0 0 1 0.999987 0.002758 -0.004394 0 -0.001395 0.958692 0.284443 0.053577 0.004997 -0.284433 0.958683 0 0 0 0 1 0.999987 0.002597 -0.004477 0 -0.001216 0.958684 0.284469 0.053577 0.005031 -0.28446 0.958675 0 0 0 0 1 0.999986 0.002444 -0.004666 0 -0.001016 0.958722 0.284342 0.053577 0.005168 -0.284334 0.958711 0 0 0 0 1 0.999985 0.002297 -0.0049 0 -0.00081 0.958786 0.284127 0.053577 0.00535 -0.284119 0.958774 0 0 0 0 1 0.999985 0.002152 -0.005088 0 -0.000619 0.958856 0.283891 0.053577 0.005489 -0.283884 0.958843 0 0 0 0 1 0.999985 0.002008 -0.005176 0 -0.000457 0.95892 0.283677 0.053577 0.005533 -0.28367 0.958906 0 0 0 0 1 0.999985 0.001867 -0.00517 0 -0.000325 0.95898 0.283474 0.053577 0.005487 -0.283468 0.958966 0 0 0 0 1 0.999985 0.001732 -0.005121 0 -0.00021 0.95905 0.283235 0.053577 0.005401 -0.28323 0.959037 0 0 0 0 1 0.999986 0.001606 -0.005039 0 -0.000115 0.959145 0.282915 0.053577 0.005288 -0.28291 0.959132 0 0 0 0 1 0.999987 0.001494 -0.004901 0 -0.000049 0.959271 0.282487 0.053577 0.005124 -0.282483 0.959259 0 0 0 0 1 0.999988 0.001406 -0.004647 0 -0.000039 0.959433 0.281938 0.053577 0.004855 -0.281935 0.959421 0 0 0 0 1 0.99999 0.001373 -0.004247 0 -0.000122 0.959631 0.281262 0.053577 0.004462 -0.281259 0.959622 0 0 0 0 1 0.999992 0.001388 -0.00365 0 -0.000308 0.959866 0.280459 0.053577 0.003893 -0.280455 0.959859 0 0 0 0 1 0.999995 0.001492 -0.00283 0 -0.000642 0.960129 0.279558 0.053577 0.003134 -0.279555 0.960125 0 0 0 0 1 0.999997 0.001678 -0.001753 0 -0.001122 0.960403 0.278613 0.053577 0.002151 -0.27861 0.960402 0 0 0 0 1 0.999998 0.001936 -0.000604 0 -0.001692 0.960661 0.27772 0.053577 0.001118 -0.277718 0.960662 0 0 0 0 1 0.999997 0.00224 0.000452 0 -0.002278 0.960888 0.276927 0.053577 0.000185 -0.276928 0.960891 0 0 0 0 1 0.999996 0.002537 0.001256 0 -0.002786 0.96109 0.276222 0.053577 -0.000506 -0.276225 0.961093 0 0 0 0 1 0.999994 0.002772 0.001854 0 -0.003175 0.961288 0.275526 0.053577 -0.001018 -0.275531 0.961292 0 0 0 0 1 0.999993 0.00292 0.002272 0 -0.003432 0.961493 0.274807 0.053577 -0.001382 -0.274813 0.961497 0 0 0 0 1 0.999992 0.003003 0.002555 0 -0.003589 0.961695 0.274097 0.053577 -0.001633 -0.274105 0.961699 0 0 0 0 1 0.999992 0.003057 0.00273 0 -0.003687 0.961879 0.273451 0.053577 -0.00179 -0.273459 0.961882 0 0 0 0 1 0.999991 0.003093 0.002855 0 -0.003755 0.962039 0.272887 0.053577 -0.001903 -0.272895 0.962042 0 0 0 0 1 0.999991 0.003094 0.003029 0 -0.003802 0.962188 0.272359 0.053577 -0.002072 -0.272368 0.962191 0 0 0 0 1 0.99999 0.003008 0.003355 0 -0.003807 0.962349 0.271789 0.053577 -0.002411 -0.271799 0.962351 0 0 0 0 1 0.999989 0.002818 0.003789 0 -0.003739 0.962537 0.271126 0.053577 -0.002883 -0.271137 0.962536 0 0 0 0 1 0.999988 0.002543 0.004144 0 -0.003569 0.962742 0.270399 0.053577 -0.003302 -0.270411 0.962739 0 0 0 0 1 0.999989 0.0022 0.004228 0 -0.003259 0.962946 0.269674 0.053577 -0.003477 -0.269685 0.962942 0 0 0 0 1 0.99999 0.001793 0.004051 0 -0.002816 0.963145 0.268966 0.053577 -0.003419 -0.268975 0.963141 0 0 0 0 1 0.999992 0.001329 0.003766 0 -0.002291 0.963366 0.26818 0.053577 -0.003271 -0.268187 0.963361 0 0 0 0 1 0.999993 0.000863 0.003517 0 -0.001772 0.963635 0.267216 0.053577 -0.003158 -0.267221 0.96363 0 0 0 0 1 0.999995 0.00046 0.003277 0 -0.001316 0.963959 0.266047 0.053577 -0.003036 -0.266049 0.963955 0 0 0 0 1 0.999996 0.000179 0.002935 0 -0.00095 0.964314 0.26476 0.053577 -0.002782 -0.264761 0.96431 0 0 0 0 1 0.999997 0.000028 0.002406 0 -0.000662 0.964662 0.263489 0.053577 -0.002314 -0.26349 0.964659 0 0 0 0 1 0.999999 0.00002 0.001667 0 -0.000456 0.96499 0.262286 0.053577 -0.001604 -0.262286 0.964989 0 0 0 0 1 1 0.00003 0.000636 0 -0.000195 0.965354 0.260943 0.053577 -0.000606 -0.260943 0.965354 0 0 0 0 1 1 0.000035 0.000000 0 -0.000034 0.965557 0.260192 0.053577 0.000009 -0.260192 0.965557 0 0 0 0 1</float_array>
        <technique_common>
          <accessor source="#Head_matrix_Head_transform-output-array" count="106" stride="16">
            <param name="TRANSFORM" type="float4x4"/>
          </accessor>
        </technique_common>
      </source>
      <source id="Head_matrix_Head_transform-interpolations">
        <Name_array id="Head_matrix_Head_transform-interpolations-array" count="106">LINEAR LINEAR LINEAR LINEAR LINEAR LINEAR LINEAR LINEAR LINEAR LINEAR LINEAR LINEAR LINEAR LINEAR LINEAR LINEAR LINEAR LINEAR LINEAR LINEAR LINEAR LINEAR LINEAR LINEAR LINEAR LINEAR LINEAR LINEAR LINEAR LINEAR LINEAR LINEAR LINEAR LINEAR LINEAR LINEAR LINEAR LINEAR LINEAR LINEAR LINEAR LINEAR LINEAR LINEAR LINEAR LINEAR LINEAR LINEAR LINEAR LINEAR LINEAR LINEAR LINEAR LINEAR LINEAR LINEAR LINEAR LINEAR LINEAR LINEAR LINEAR LINEAR LINEAR LINEAR LINEAR LINEAR LINEAR LINEAR LINEAR LINEAR LINEAR LINEAR LINEAR LINEAR LINEAR LINEAR LINEAR LINEAR LINEAR LINEAR LINEAR LINEAR LINEAR LINEAR LINEAR LINEAR LINEAR LINEAR LINEAR LINEAR LINEAR LINEAR LINEAR LINEAR LINEAR LINEAR LINEAR LINEAR LINEAR LINEAR LINEAR LINEAR LINEAR LINEAR LINEAR LINEAR</Name_array>
        <technique_common>
          <accessor source="#Head_matrix_Head_transform-interpolations-array" count="106" stride="1">
            <param name="INTERPOLATION" type="Name"/>
          </accessor>
        </technique_common>
      </source>
      <sampler id="Head_matrix_Head_transform-sampler">
        <input semantic="INPUT" source="#Head_matrix_Head_transform-input"/>
        <input semantic="OUTPUT" source="#Head_matrix_Head_transform-output"/>
        <input semantic="INTERPOLATION" source="#Head_matrix_Head_transform-interpolations"/>
      </sampler>
      <channel source="#Head_matrix_Head_transform-sampler" target="Head/transform"/>
    </animation>
    <animation id="LeftShoulder_matrix">
      <source id="LeftShoulder_matrix_LeftShoulder_transform-input">
        <float_array id="LeftShoulder_matrix_LeftShoulder_transform-input-array" count="106">0 0.033333 0.066666 0.1 0.133333 0.166667 0.2 0.233333 0.266667 0.3 0.333333 0.366667 0.4 0.433333 0.466667 0.5 0.533333 0.566667 0.6 0.633333 0.666667 0.7 0.733333 0.766667 0.8 0.833333 0.866667 0.9 0.933333 0.966667 1 1.03333 1.06667 1.1 1.13333 1.16667 1.2 1.23333 1.26667 1.3 1.33333 1.36667 1.4 1.43333 1.46667 1.5 1.53333 1.56667 1.6 1.63333 1.66667 1.7 1.73333 1.76667 1.8 1.83333 1.86667 1.9 1.93333 1.96667 2 2.03333 2.06667 2.1 2.13333 2.16667 2.2 2.23333 2.26667 2.3 2.33333 2.36667 2.4 2.43333 2.46667 2.5 2.53333 2.56667 2.6 2.63333 2.66667 2.7 2.73333 2.76667 2.8 2.83333 2.86667 2.9 2.93333 2.96667 3 3.03333 3.06667 3.1 3.13333 3.16667 3.2 3.23333 3.26667 3.3 3.33333 3.36667 3.4 3.43333 3.46667 3.5</float_array>
        <technique_common>
          <accessor source="#LeftShoulder_matrix_LeftShoulder_transform-input-array" count="106" stride="1">
            <param name="TIME" type="float"/>
          </accessor>
        </technique_common>
        <technique profile="MAYA">
          <pre_infinity>CONSTANT</pre_infinity>
          <post_infinity>CONSTANT</post_infinity>
        </technique>
      </source>
      <source id="LeftShoulder_matrix_LeftShoulder_transform-output">
        <float_array id="LeftShoulder_matrix_LeftShoulder_transform-output-array" count="1696">-0.480011 0.876439 0.038008 0.017011 0.046823 0.06886 -0.996527 0.181867 -0.876012 -0.476564 -0.074092 0.084759 0 0 0 1 -0.480011 0.876439 0.038008 0.017011 0.046823 0.06886 -0.996527 0.181867 -0.876012 -0.476564 -0.074092 0.084759 0 0 0 1 -0.480011 0.876439 0.038008 0.017011 0.046823 0.06886 -0.996527 0.181867 -0.876012 -0.476564 -0.074092 0.084759 0 0 0 1 -0.480011 0.876439 0.038008 0.017011 0.046823 0.06886 -0.996527 0.181867 -0.876012 -0.476564 -0.074092 0.084759 0 0 0 1 -0.480011 0.876439 0.038008 0.017011 0.046823 0.06886 -0.996527 0.181867 -0.876012 -0.476564 -0.074092 0.084759 0 0 0 1 -0.479952 0.876471 0.038009 0.017011 0.046826 0.068857 -0.996527 0.181867 -0.876044 -0.476505 -0.07409 0.084759 0 0 0 1 -0.479832 0.876537 0.038011 0.017011 0.046832 0.068851 -0.996527 0.181867 -0.87611 -0.476385 -0.074087 0.084759 0 0 0 1 -0.479647 0.876638 0.038014 0.017011 0.04684 0.068841 -0.996527 0.181867 -0.87621 -0.476201 -0.074082 0.084759 0 0 0 1 -0.479398 0.876774 0.038017 0.017011 0.046852 0.068828 -0.996528 0.181867 -0.876346 -0.475952 -0.074075 0.084759 0 0 0 1 -0.47909 0.876942 0.038022 0.017011 0.046867 0.068811 -0.996528 0.181867 -0.876514 -0.475644 -0.074066 0.084759 0 0 0 1 -0.478746 0.877127 0.038081 0.017011 0.046883 0.068854 -0.996524 0.181867 -0.876701 -0.475297 -0.074086 0.084759 0 0 0 1 -0.478423 0.8773 0.038176 0.017011 0.046898 0.068939 -0.996518 0.181867 -0.876877 -0.474966 -0.074126 0.084759 0 0 0 1 -0.478134 0.877451 0.0383 0.017011 0.046912 0.069059 -0.996509 0.181867 -0.877033 -0.474668 -0.074182 0.084759 0 0 0 1 -0.477792 0.877632 0.038441 0.017011 0.046928 0.069195 -0.996499 0.181867 -0.877219 -0.474315 -0.074246 0.084759 0 0 0 1 -0.477259 0.877918 0.038529 0.017011 0.047066 0.06932 -0.996484 0.181867 -0.877501 -0.473767 -0.074404 0.084759 0 0 0 1 -0.476501 0.878326 0.0386 0.017011 0.04725 0.069426 -0.996467 0.181867 -0.877903 -0.472994 -0.074583 0.084759 0 0 0 1 -0.47565 0.878784 0.038667 0.017011 0.047451 0.069528 -0.996451 0.181867 -0.878354 -0.472127 -0.07477 0.084759 0 0 0 1 -0.474906 0.879183 0.038749 0.017011 0.047637 0.069649 -0.996433 0.181867 -0.878746 -0.471367 -0.074959 0.084759 0 0 0 1 -0.474383 0.879461 0.038855 0.017011 0.047791 0.069801 -0.996415 0.181867 -0.87902 -0.470825 -0.075143 0.084759 0 0 0 1 -0.474066 0.879626 0.038981 0.017011 0.047909 0.069976 -0.996397 0.181867 -0.879185 -0.470491 -0.075315 0.084759 0 0 0 1 -0.473904 0.879707 0.039121 0.017011 0.047991 0.070163 -0.99638 0.181867 -0.879268 -0.470311 -0.075469 0.084759 0 0 0 1 -0.473882 0.879712 0.039271 0.017011 0.048045 0.07036 -0.996364 0.181867 -0.879277 -0.470272 -0.075608 0.084759 0 0 0 1 -0.474026 0.879628 0.039431 0.017011 0.048082 0.070574 -0.996347 0.181867 -0.879197 -0.470398 -0.075748 0.084759 0 0 0 1 -0.474329 0.879457 0.039603 0.017011 0.048106 0.070811 -0.996329 0.181867 -0.879032 -0.470682 -0.075895 0.084759 0 0 0 1 -0.47472 0.879237 0.039783 0.017011 0.048122 0.071062 -0.99631 0.181867 -0.87882 -0.471054 -0.076046 0.084759 0 0 0 1 -0.475121 0.879013 0.039962 0.017011 0.048141 0.071316 -0.996291 0.181867 -0.878603 -0.471435 -0.0762 0.084759 0 0 0 1 -0.475521 0.878788 0.040138 0.017011 0.048168 0.071568 -0.996272 0.181867 -0.878385 -0.471815 -0.076362 0.084759 0 0 0 1 -0.475974 0.878535 0.040316 0.017011 0.048192 0.071828 -0.996252 0.181867 -0.878138 -0.472247 -0.076527 0.084759 0 0 0 1 -0.476509 0.878236 0.040494 0.017011 0.048212 0.072093 -0.996232 0.181867 -0.877846 -0.472762 -0.076695 0.084759 0 0 0 1 -0.477096 0.87791 0.040667 0.017011 0.048228 0.072357 -0.996212 0.181867 -0.877527 -0.473328 -0.076861 0.084759 0 0 0 1 -0.477678 0.877585 0.040835 0.017011 0.048241 0.072612 -0.996193 0.181867 -0.877209 -0.47389 -0.077021 0.084759 0 0 0 1 -0.478213 0.877286 0.041004 0.017011 0.048246 0.07286 -0.996175 0.181867 -0.876917 -0.474406 -0.077168 0.084759 0 0 0 1 -0.478665 0.877031 0.041185 0.017011 0.048249 0.073112 -0.996156 0.181867 -0.876671 -0.474838 -0.077312 0.084759 0 0 0 1 -0.478992 0.876844 0.041379 0.017011 0.048256 0.07337 -0.996137 0.181867 -0.876492 -0.475144 -0.077457 0.084759 0 0 0 1 -0.479168 0.876738 0.041579 0.017011 0.04827 0.073622 -0.996117 0.181867 -0.876395 -0.475301 -0.077597 0.084759 0 0 0 1 -0.479227 0.876696 0.041769 0.017011 0.048291 0.073856 -0.996099 0.181867 -0.876361 -0.475341 -0.07773 0.084759 0 0 0 1 -0.479249 0.876676 0.041945 0.017011 0.048317 0.074072 -0.996082 0.181867 -0.876348 -0.475344 -0.077858 0.084759 0 0 0 1 -0.479316 0.876632 0.042114 0.017011 0.048344 0.074285 -0.996064 0.181867 -0.87631 -0.475393 -0.077986 0.084759 0 0 0 1 -0.479439 0.876556 0.042281 0.017011 0.048367 0.074501 -0.996047 0.181867 -0.876241 -0.475499 -0.078115 0.084759 0 0 0 1 -0.479555 0.876485 0.042437 0.017011 0.048394 0.074703 -0.996031 0.181867 -0.876177 -0.475597 -0.078241 0.084759 0 0 0 1 -0.479557 0.876478 0.042563 0.017011 0.048433 0.074868 -0.996017 0.181867 -0.876173 -0.475585 -0.078354 0.084759 0 0 0 1 -0.479378 0.876571 0.042654 0.017011 0.048491 0.074985 -0.996005 0.181867 -0.876268 -0.475395 -0.078452 0.084759 0 0 0 1 -0.479028 0.87676 0.042709 0.017011 0.048584 0.075061 -0.995995 0.181867 -0.876454 -0.475035 -0.078553 0.084759 0 0 0 1 -0.478596 0.876994 0.042747 0.017011 0.048688 0.075117 -0.995985 0.181867 -0.876684 -0.474593 -0.07865 0.084759 0 0 0 1 -0.478183 0.877218 0.042772 0.017011 0.048786 0.075157 -0.995978 0.181867 -0.876904 -0.474173 -0.078735 0.084759 0 0 0 1 -0.477835 0.877408 0.042768 0.017011 0.048872 0.075163 -0.995973 0.181867 -0.877089 -0.47382 -0.078796 0.084759 0 0 0 1 -0.477531 0.877573 0.042762 0.017011 0.048943 0.075164 -0.995969 0.181867 -0.87725 -0.473514 -0.078845 0.084759 0 0 0 1 -0.477241 0.877732 0.04276 0.017011 0.048998 0.075162 -0.995967 0.181867 -0.877405 -0.473221 -0.078878 0.084759 0 0 0 1 -0.476961 0.877884 0.042758 0.017011 0.049043 0.075154 -0.995965 0.181867 -0.877555 -0.47294 -0.0789 0.084759 0 0 0 1 -0.476718 0.878016 0.042754 0.017011 0.049078 0.075144 -0.995964 0.181867 -0.877685 -0.472696 -0.078914 0.084759 0 0 0 1 -0.476526 0.87812 0.042747 0.017011 0.049108 0.075133 -0.995964 0.181867 -0.877788 -0.472504 -0.078926 0.084759 0 0 0 1 -0.476349 0.878217 0.042738 0.017011 0.049135 0.07512 -0.995963 0.181867 -0.877882 -0.472326 -0.078934 0.084759 0 0 0 1 -0.476114 0.878345 0.04273 0.017011 0.049162 0.0751 -0.995963 0.181867 -0.878008 -0.472091 -0.078937 0.084759 0 0 0 1 -0.475793 0.878519 0.042722 0.017011 0.049191 0.075075 -0.995964 0.181867 -0.878181 -0.471771 -0.078935 0.084759 0 0 0 1 -0.475471 0.878694 0.042715 0.017011 0.049217 0.075048 -0.995965 0.181867 -0.878354 -0.47145 -0.07893 0.084759 0 0 0 1 -0.475286 0.878794 0.042707 0.017011 0.049235 0.07503 -0.995965 0.181867 -0.878452 -0.471266 -0.078928 0.084759 0 0 0 1 -0.4753 0.878787 0.042697 0.017011 0.049242 0.075023 -0.995965 0.181867 -0.878445 -0.47128 -0.078932 0.084759 0 0 0 1 -0.475452 0.878706 0.042687 0.017011 0.04924 0.075026 -0.995965 0.181867 -0.878363 -0.471431 -0.078939 0.084759 0 0 0 1 -0.475636 0.878606 0.04268 0.017011 0.049234 0.075034 -0.995965 0.181867 -0.878263 -0.471615 -0.078946 0.084759 0 0 0 1 -0.475802 0.878516 0.042678 0.017011 0.049218 0.07504 -0.995965 0.181867 -0.878174 -0.471782 -0.078943 0.084759 0 0 0 1 -0.475951 0.878436 0.042664 0.017011 0.049202 0.075031 -0.995967 0.181867 -0.878094 -0.471932 -0.078932 0.084759 0 0 0 1 -0.476085 0.878365 0.042647 0.017011 0.049188 0.075018 -0.995968 0.181867 -0.878023 -0.472067 -0.078921 0.084759 0 0 0 1 -0.476184 0.878312 0.042628 0.017011 0.049177 0.075 -0.99597 0.181867 -0.877969 -0.472169 -0.078907 0.084759 0 0 0 1 -0.476219 0.878294 0.042607 0.017011 0.049169 0.074975 -0.995972 0.181867 -0.877951 -0.472206 -0.07889 0.084759 0 0 0 1 -0.47616 0.878327 0.042585 0.017011 0.049166 0.074943 -0.995975 0.181867 -0.877983 -0.47215 -0.078869 0.084759 0 0 0 1 -0.475998 0.878416 0.042563 0.017011 0.049167 0.074903 -0.995978 0.181867 -0.878071 -0.471991 -0.078843 0.084759 0 0 0 1 -0.475761 0.878545 0.042542 0.017011 0.049172 0.074857 -0.995981 0.181867 -0.878199 -0.471757 -0.078814 0.084759 0 0 0 1 -0.475513 0.878681 0.042514 0.017011 0.049177 0.074803 -0.995985 0.181867 -0.878333 -0.471513 -0.078781 0.084759 0 0 0 1 -0.475317 0.878788 0.042485 0.017011 0.049179 0.074751 -0.995989 0.181867 -0.878439 -0.471321 -0.078748 0.084759 0 0 0 1 -0.4752 0.878853 0.042454 0.017011 0.049176 0.074703 -0.995992 0.181867 -0.878502 -0.471208 -0.078718 0.084759 0 0 0 1 -0.475147 0.878883 0.042424 0.017011 0.049169 0.07466 -0.995996 0.181867 -0.878531 -0.471159 -0.078688 0.084759 0 0 0 1 -0.475134 0.878892 0.042396 0.017011 0.049158 0.07462 -0.996 0.181867 -0.878539 -0.471149 -0.07866 0.084759 0 0 0 1 -0.475136 0.878892 0.042367 0.017011 0.049146 0.074581 -0.996003 0.181867 -0.878539 -0.471154 -0.07863 0.084759 0 0 0 1 -0.475152 0.878884 0.042338 0.017011 0.04913 0.074542 -0.996007 0.181867 -0.878531 -0.471175 -0.078598 0.084759 0 0 0 1 -0.475183 0.878869 0.042309 0.017011 0.049111 0.074502 -0.996011 0.181867 -0.878515 -0.471209 -0.078565 0.084759 0 0 0 1 -0.475247 0.878836 0.042279 0.017011 0.049089 0.074462 -0.996015 0.181867 -0.878482 -0.471278 -0.078529 0.084759 0 0 0 1 -0.475366 0.878773 0.042243 0.017011 0.049061 0.074418 -0.99602 0.181867 -0.878419 -0.471402 -0.078489 0.084759 0 0 0 1 -0.475533 0.878685 0.042211 0.017011 0.049015 0.074374 -0.996025 0.181867 -0.878331 -0.471574 -0.078437 0.084759 0 0 0 1 -0.475711 0.87859 0.042176 0.017011 0.048963 0.074324 -0.996031 0.181867 -0.878238 -0.471758 -0.078375 0.084759 0 0 0 1 -0.475885 0.878498 0.042128 0.017011 0.048906 0.074257 -0.996039 0.181867 -0.878147 -0.471939 -0.078302 0.084759 0 0 0 1 -0.476083 0.878394 0.042057 0.017011 0.048839 0.074161 -0.99605 0.181867 -0.878043 -0.472148 -0.078207 0.084759 0 0 0 1 -0.476331 0.878265 0.041949 0.017011 0.048751 0.074016 -0.996065 0.181867 -0.877913 -0.472411 -0.078072 0.084759 0 0 0 1 -0.476568 0.878144 0.041791 0.017011 0.048628 0.073795 -0.996087 0.181867 -0.877792 -0.472671 -0.077871 0.084759 0 0 0 1 -0.476681 0.878093 0.041563 0.017011 0.048501 0.073479 -0.996117 0.181867 -0.877737 -0.472814 -0.077614 0.084759 0 0 0 1 -0.476614 0.878143 0.041276 0.017011 0.048383 0.073083 -0.996152 0.181867 -0.87778 -0.472783 -0.07732 0.084759 0 0 0 1 -0.476465 0.878238 0.040969 0.017011 0.048272 0.072661 -0.996188 0.181867 -0.877867 -0.472671 -0.077015 0.084759 0 0 0 1 -0.476394 0.87829 0.040684 0.017011 0.048152 0.072265 -0.996222 0.181867 -0.877912 -0.472635 -0.076718 0.084759 0 0 0 1 -0.476493 0.878248 0.040433 0.017011 0.048016 0.071918 -0.996254 0.181867 -0.877866 -0.472766 -0.076438 0.084759 0 0 0 1 -0.476696 0.878148 0.040208 0.017011 0.04787 0.071603 -0.996284 0.181867 -0.877764 -0.473 -0.07617 0.084759 0 0 0 1 -0.476886 0.878055 0.039989 0.017011 0.047729 0.071297 -0.996312 0.181867 -0.877668 -0.473219 -0.07591 0.084759 0 0 0 1 -0.47701 0.877997 0.039769 0.017011 0.047602 0.070991 -0.99634 0.181867 -0.877608 -0.473372 -0.075658 0.084759 0 0 0 1 -0.477093 0.877962 0.039554 0.017011 0.047486 0.070694 -0.996367 0.181867 -0.877569 -0.473481 -0.075419 0.084759 0 0 0 1 -0.477187 0.87792 0.039357 0.017011 0.047375 0.070419 -0.996392 0.181867 -0.877524 -0.473601 -0.075194 0.084759 0 0 0 1 -0.477351 0.877838 0.039188 0.017011 0.047262 0.070182 -0.996414 0.181867 -0.877441 -0.473787 -0.07499 0.084759 0 0 0 1 -0.477614 0.877701 0.039058 0.017011 0.047143 0.069996 -0.996433 0.181867 -0.877304 -0.474069 -0.074809 0.084759 0 0 0 1 -0.477937 0.87753 0.038962 0.017011 0.047041 0.069862 -0.996447 0.181867 -0.877134 -0.474406 -0.074669 0.084759 0 0 0 1 -0.478228 0.877374 0.038888 0.017011 0.046978 0.069773 -0.996456 0.181867 -0.876978 -0.474706 -0.074584 0.084759 0 0 0 1 -0.478427 0.877268 0.038833 0.017011 0.046945 0.069711 -0.996462 0.181867 -0.876871 -0.474911 -0.074535 0.084759 0 0 0 1 -0.478548 0.877204 0.03879 0.017011 0.046924 0.069663 -0.996466 0.181867 -0.876807 -0.475036 -0.074499 0.084759 0 0 0 1 -0.478659 0.877146 0.038739 0.017011 0.046918 0.069613 -0.99647 0.181867 -0.876746 -0.475152 -0.074475 0.084759 0 0 0 1 -0.478824 0.877059 0.038673 0.017011 0.046911 0.069549 -0.996475 0.181867 -0.876657 -0.475322 -0.074445 0.084759 0 0 0 1 -0.479039 0.876945 0.038581 0.017011 0.046901 0.06946 -0.996482 0.181867 -0.87654 -0.475544 -0.074404 0.084759 0 0 0 1 -0.479249 0.876836 0.038464 0.017011 0.046891 0.069342 -0.99649 0.181867 -0.876425 -0.475764 -0.074348 0.084759 0 0 0 1 -0.479432 0.876742 0.038322 0.017011 0.046882 0.069194 -0.996501 0.181867 -0.876326 -0.475958 -0.074277 0.084759 0 0 0 1 -0.479669 0.87662 0.038132 0.017011 0.046871 0.068994 -0.996515 0.181867 -0.876197 -0.47621 -0.074183 0.084759 0 0 0 1 -0.480012 0.876438 0.038011 0.017011 0.046855 0.068881 -0.996524 0.181867 -0.87601 -0.476562 -0.074129 0.084759 0 0 0 1</float_array>
        <technique_common>
          <accessor source="#LeftShoulder_matrix_LeftShoulder_transform-output-array" count="106" stride="16">
            <param name="TRANSFORM" type="float4x4"/>
          </accessor>
        </technique_common>
      </source>
      <source id="LeftShoulder_matrix_LeftShoulder_transform-interpolations">
        <Name_array id="LeftShoulder_matrix_LeftShoulder_transform-interpolations-array" count="106">LINEAR LINEAR LINEAR LINEAR LINEAR LINEAR LINEAR LINEAR LINEAR LINEAR LINEAR LINEAR LINEAR LINEAR LINEAR LINEAR LINEAR LINEAR LINEAR LINEAR LINEAR LINEAR LINEAR LINEAR LINEAR LINEAR LINEAR LINEAR LINEAR LINEAR LINEAR LINEAR LINEAR LINEAR LINEAR LINEAR LINEAR LINEAR LINEAR LINEAR LINEAR LINEAR LINEAR LINEAR LINEAR LINEAR LINEAR LINEAR LINEAR LINEAR LINEAR LINEAR LINEAR LINEAR LINEAR LINEAR LINEAR LINEAR LINEAR LINEAR LINEAR LINEAR LINEAR LINEAR LINEAR LINEAR LINEAR LINEAR LINEAR LINEAR LINEAR LINEAR LINEAR LINEAR LINEAR LINEAR LINEAR LINEAR LINEAR LINEAR LINEAR LINEAR LINEAR LINEAR LINEAR LINEAR LINEAR LINEAR LINEAR LINEAR LINEAR LINEAR LINEAR LINEAR LINEAR LINEAR LINEAR LINEAR LINEAR LINEAR LINEAR LINEAR LINEAR LINEAR LINEAR LINEAR</Name_array>
        <technique_common>
          <accessor source="#LeftShoulder_matrix_LeftShoulder_transform-interpolations-array" count="106" stride="1">
            <param name="INTERPOLATION" type="Name"/>
          </accessor>
        </technique_common>
      </source>
      <sampler id="LeftShoulder_matrix_LeftShoulder_transform-sampler">
        <input semantic="INPUT" source="#LeftShoulder_matrix_LeftShoulder_transform-input"/>
        <input semantic="OUTPUT" source="#LeftShoulder_matrix_LeftShoulder_transform-output"/>
        <input semantic="INTERPOLATION" source="#LeftShoulder_matrix_LeftShoulder_transform-interpolations"/>
      </sampler>
      <channel source="#LeftShoulder_matrix_LeftShoulder_transform-sampler" target="LeftShoulder/transform"/>
    </animation>
    <animation id="LeftArm_matrix">
      <source id="LeftArm_matrix_LeftArm_transform-input">
        <float_array id="LeftArm_matrix_LeftArm_transform-input-array" count="106">0 0.033333 0.066666 0.1 0.133333 0.166667 0.2 0.233333 0.266667 0.3 0.333333 0.366667 0.4 0.433333 0.466667 0.5 0.533333 0.566667 0.6 0.633333 0.666667 0.7 0.733333 0.766667 0.8 0.833333 0.866667 0.9 0.933333 0.966667 1 1.03333 1.06667 1.1 1.13333 1.16667 1.2 1.23333 1.26667 1.3 1.33333 1.36667 1.4 1.43333 1.46667 1.5 1.53333 1.56667 1.6 1.63333 1.66667 1.7 1.73333 1.76667 1.8 1.83333 1.86667 1.9 1.93333 1.96667 2 2.03333 2.06667 2.1 2.13333 2.16667 2.2 2.23333 2.26667 2.3 2.33333 2.36667 2.4 2.43333 2.46667 2.5 2.53333 2.56667 2.6 2.63333 2.66667 2.7 2.73333 2.76667 2.8 2.83333 2.86667 2.9 2.93333 2.96667 3 3.03333 3.06667 3.1 3.13333 3.16667 3.2 3.23333 3.26667 3.3 3.33333 3.36667 3.4 3.43333 3.46667 3.5</float_array>
        <technique_common>
          <accessor source="#LeftArm_matrix_LeftArm_transform-input-array" count="106" stride="1">
            <param name="TIME" type="float"/>
          </accessor>
        </technique_common>
        <technique profile="MAYA">
          <pre_infinity>CONSTANT</pre_infinity>
          <post_infinity>CONSTANT</post_infinity>
        </technique>
      </source>
      <source id="LeftArm_matrix_LeftArm_transform-output">
        <float_array id="LeftArm_matrix_LeftArm_transform-output-array" count="1696">0.732001 -0.005814 0.681279 0 0.676391 0.126066 -0.725674 0.188543 -0.081666 0.992005 0.096213 0 0 0 0 1 0.732005 -0.005673 0.681276 0 0.676367 0.126164 -0.72568 0.188543 -0.081835 0.991993 0.09619 0 0 0 0 1 0.731971 -0.005451 0.681314 0 0.676368 0.126348 -0.725646 0.188543 -0.082126 0.991971 0.09617 0 0 0 0 1 0.731851 -0.005166 0.681445 0 0.676447 0.126633 -0.725523 0.188543 -0.082545 0.991936 0.09617 0 0 0 0 1 0.731623 -0.004852 0.681692 0 0.676629 0.127018 -0.725285 0.188543 -0.083067 0.991888 0.096213 0 0 0 0 1 0.731301 -0.00453 0.68204 0 0.676906 0.12747 -0.724949 0.188543 -0.083654 0.991832 0.096285 0 0 0 0 1 0.730916 -0.004207 0.682454 0 0.677243 0.127966 -0.724546 0.188543 -0.084282 0.99177 0.096382 0 0 0 0 1 0.730467 -0.003919 0.682936 0 0.67765 0.128467 -0.724076 0.188543 -0.084896 0.991706 0.096496 0 0 0 0 1 0.729889 -0.003743 0.683556 0 0.67821 0.128906 -0.723474 0.188543 -0.085405 0.99165 0.096626 0 0 0 0 1 0.729097 -0.003645 0.684401 0 0.678997 0.129381 -0.722651 0.188543 -0.085914 0.991588 0.096807 0 0 0 0 1 0.728051 -0.003523 0.685514 0 0.68003 0.13005 -0.721558 0.188543 -0.086608 0.991501 0.097078 0 0 0 0 1 0.726803 -0.003253 0.686838 0 0.681225 0.13108 -0.720243 0.188543 -0.087687 0.991366 0.097485 0 0 0 0 1 0.72544 -0.002922 0.688279 0 0.682507 0.132355 -0.718795 0.188543 -0.088996 0.991198 0.098009 0 0 0 0 1 0.724042 -0.002695 0.68975 0 0.683824 0.133659 -0.7173 0.188543 -0.090258 0.991024 0.098618 0 0 0 0 1 0.722721 -0.002561 0.691135 0 0.685067 0.134923 -0.715876 0.188543 -0.091416 0.990853 0.099266 0 0 0 0 1 0.721648 -0.002484 0.692255 0 0.68606 0.136099 -0.714702 0.188543 -0.092439 0.990692 0.09992 0 0 0 0 1 0.721003 -0.002305 0.692928 0 0.686597 0.13729 -0.713958 0.188543 -0.093486 0.990528 0.100569 0 0 0 0 1 0.720795 -0.002093 0.693145 0 0.686685 0.138394 -0.71366 0.188543 -0.094433 0.990375 0.101191 0 0 0 0 1 0.720899 -0.001896 0.693038 0 0.686464 0.139392 -0.713679 0.188543 -0.09525 0.990236 0.101789 0 0 0 0 1 0.72125 -0.001691 0.692673 0 0.68599 0.140334 -0.713949 0.188543 -0.095998 0.990103 0.102376 0 0 0 0 1 0.721962 -0.001415 0.691931 0 0.685139 0.141248 -0.714586 0.188543 -0.096722 0.989973 0.102945 0 0 0 0 1 0.723194 -0.001087 0.690645 0 0.683751 0.142068 -0.715752 0.188543 -0.09734 0.989856 0.103486 0 0 0 0 1 0.724896 -0.000806 0.688858 0 0.68189 0.142714 -0.717397 0.188543 -0.097731 0.989764 0.104002 0 0 0 0 1 0.726752 -0.000709 0.686899 0 0.679899 0.143154 -0.719197 0.188543 -0.097822 0.9897 0.104521 0 0 0 0 1 0.728395 -0.000805 0.685157 0 0.678151 0.143499 -0.720777 0.188543 -0.097738 0.98965 0.10507 0 0 0 0 1 0.72964 -0.001037 0.68383 0 0.676829 0.14384 -0.721951 0.188543 -0.097613 0.9896 0.105653 0 0 0 0 1 0.730543 -0.001317 0.682866 0 0.675867 0.144217 -0.722777 0.188543 -0.097528 0.989545 0.106247 0 0 0 0 1 0.731263 -0.001586 0.682093 0 0.675093 0.144599 -0.723423 0.188543 -0.097482 0.989489 0.106811 0 0 0 0 1 0.731938 -0.001818 0.681368 0 0.674365 0.144964 -0.724028 0.188543 -0.097457 0.989435 0.107331 0 0 0 0 1 0.732629 -0.002045 0.680625 0 0.673621 0.145307 -0.724652 0.188543 -0.097417 0.989384 0.107834 0 0 0 0 1 0.733311 -0.002345 0.67989 0 0.672895 0.145612 -0.725265 0.188543 -0.097299 0.989339 0.108357 0 0 0 0 1 0.733882 -0.002815 0.679272 0 0.672316 0.145806 -0.725763 0.188543 -0.096998 0.989309 0.108897 0 0 0 0 1 0.734237 -0.003488 0.678884 0 0.672001 0.145858 -0.726044 0.188543 -0.096488 0.989299 0.109439 0 0 0 0 1 0.734351 -0.004306 0.678756 0 0.671969 0.145819 -0.726082 0.188543 -0.095848 0.989302 0.109976 0 0 0 0 1 0.734288 -0.005119 0.678819 0 0.672119 0.145832 -0.72594 0.188543 -0.095276 0.989296 0.110523 0 0 0 0 1 0.734126 -0.00585 0.678988 0 0.672355 0.145946 -0.725698 0.188543 -0.094849 0.989275 0.111076 0 0 0 0 1 0.733917 -0.006486 0.679209 0 0.672625 0.146151 -0.725407 0.188543 -0.094561 0.989241 0.111626 0 0 0 0 1 0.733644 -0.007077 0.679497 0 0.672953 0.14639 -0.725055 0.188543 -0.094339 0.989202 0.112161 0 0 0 0 1 0.733223 -0.007631 0.679945 0 0.673432 0.146667 -0.724554 0.188543 -0.094196 0.989156 0.112679 0 0 0 0 1 0.732577 -0.008091 0.680636 0 0.67413 0.147054 -0.723826 0.188543 -0.094233 0.989095 0.113183 0 0 0 0 1 0.731771 -0.008413 0.681499 0 0.674967 0.147597 -0.722935 0.188543 -0.094504 0.989012 0.113686 0 0 0 0 1 0.731021 -0.008619 0.682301 0 0.675723 0.148225 -0.7221 0.188543 -0.09491 0.988916 0.11418 0 0 0 0 1 0.730525 -0.008781 0.68283 0 0.676209 0.148796 -0.721527 0.188543 -0.095265 0.988829 0.114637 0 0 0 0 1 0.73029 -0.008989 0.683079 0 0.676441 0.149178 -0.72123 0.188543 -0.095417 0.988769 0.115024 0 0 0 0 1 0.730156 -0.009285 0.683217 0 0.676594 0.149362 -0.721049 0.188543 -0.095351 0.988739 0.115341 0 0 0 0 1 0.729952 -0.009712 0.68343 0 0.676853 0.149367 -0.720804 0.188543 -0.09508 0.988734 0.115605 0 0 0 0 1 0.729615 -0.010259 0.683781 0 0.677277 0.149227 -0.720436 0.188543 -0.094647 0.98875 0.115827 0 0 0 0 1 0.729177 -0.010872 0.684239 0 0.677822 0.148993 -0.719971 0.188543 -0.094119 0.988778 0.116012 0 0 0 0 1 0.728675 -0.011486 0.684763 0 0.678437 0.148719 -0.719449 0.188543 -0.093573 0.988813 0.116161 0 0 0 0 1 0.728167 -0.012087 0.685293 0 0.679057 0.14844 -0.718921 0.188543 -0.093034 0.988848 0.116297 0 0 0 0 1 0.727798 -0.012638 0.685675 0 0.67952 0.148196 -0.718534 0.188543 -0.092533 0.988877 0.116445 0 0 0 0 1 0.727766 -0.013088 0.685701 0 0.679613 0.14803 -0.71848 0.188543 -0.0921 0.988896 0.116626 0 0 0 0 1 0.728148 -0.013296 0.685291 0 0.679232 0.148035 -0.718839 0.188543 -0.091889 0.988893 0.116823 0 0 0 0 1 0.728796 -0.013201 0.684603 0 0.678524 0.148239 -0.719466 0.188543 -0.091986 0.988864 0.116993 0 0 0 0 1 0.729439 -0.012817 0.683925 0 0.677773 0.14863 -0.720092 0.188543 -0.092421 0.98881 0.117104 0 0 0 0 1 0.729877 -0.012214 0.68347 0 0.677203 0.149162 -0.720519 0.188543 -0.093147 0.988737 0.117142 0 0 0 0 1 0.730077 -0.011452 0.683269 0 0.676857 0.149776 -0.720716 0.188543 -0.094083 0.988654 0.117099 0 0 0 0 1 0.730122 -0.01056 0.683236 0 0.676657 0.150432 -0.720767 0.188543 -0.095169 0.988564 0.11698 0 0 0 0 1 0.7301 -0.009568 0.683274 0 0.676514 0.151107 -0.720761 0.188543 -0.09635 0.988471 0.116796 0 0 0 0 1 0.730071 -0.008549 0.683318 0 0.676373 0.151776 -0.720752 0.188543 -0.097549 0.988378 0.11659 0 0 0 0 1 0.730089 -0.00755 0.683311 0 0.676186 0.152417 -0.720792 0.188543 -0.098705 0.988287 0.116384 0 0 0 0 1 0.730193 -0.006585 0.683209 0 0.675912 0.15303 -0.720919 0.188543 -0.099804 0.9882 0.116193 0 0 0 0 1 0.73038 -0.00559 0.683018 0 0.675541 0.153698 -0.721125 0.188543 -0.100947 0.988102 0.116035 0 0 0 0 1 0.730585 -0.00458 0.682807 0 0.675136 0.154463 -0.721341 0.188543 -0.102164 0.987988 0.11594 0 0 0 0 1 0.730758 -0.003627 0.682627 0 0.674761 0.155304 -0.721512 0.188543 -0.103397 0.98786 0.115937 0 0 0 0 1 0.730926 -0.002811 0.682451 0 0.674407 0.156114 -0.721667 0.188543 -0.104511 0.987735 0.116004 0 0 0 0 1 0.731141 -0.002133 0.682223 0 0.674027 0.156828 -0.721867 0.188543 -0.105452 0.987624 0.116101 0 0 0 0 1 0.731357 -0.00157 0.681993 0 0.673671 0.157422 -0.72207 0.188543 -0.106227 0.98753 0.116189 0 0 0 0 1 0.731423 -0.001139 0.681923 0 0.673504 0.157868 -0.722129 0.188543 -0.106831 0.98746 0.116236 0 0 0 0 1 0.731236 -0.000864 0.682124 0 0.673643 0.158126 -0.721943 0.188543 -0.107237 0.987419 0.11621 0 0 0 0 1 0.730834 -0.000739 0.682555 0 0.674048 0.158172 -0.721554 0.188543 -0.107428 0.987411 0.116096 0 0 0 0 1 0.730359 -0.000734 0.683063 0 0.674567 0.158011 -0.721104 0.188543 -0.107401 0.987437 0.1159 0 0 0 0 1 0.729972 -0.000855 0.683476 0 0.675028 0.157645 -0.720753 0.188543 -0.107131 0.987495 0.115654 0 0 0 0 1 0.72978 -0.001121 0.683681 0 0.675322 0.15709 -0.720599 0.188543 -0.106591 0.987584 0.115398 0 0 0 0 1 0.729778 -0.001543 0.683682 0 0.675447 0.156389 -0.720635 0.188543 -0.105808 0.987694 0.115171 0 0 0 0 1 0.729892 -0.002084 0.68356 0 0.67547 0.155621 -0.720779 0.188543 -0.104874 0.987815 0.114994 0 0 0 0 1 0.730062 -0.002707 0.683376 0 0.675443 0.154841 -0.720973 0.188543 -0.103862 0.987936 0.114872 0 0 0 0 1 0.730325 -0.003343 0.683092 0 0.675313 0.154092 -0.721254 0.188543 -0.102847 0.988051 0.114795 0 0 0 0 1 0.730786 -0.003922 0.682595 0 0.674962 0.153389 -0.721733 0.188543 -0.101872 0.988158 0.114742 0 0 0 0 1 0.731502 -0.004322 0.681825 0 0.674308 0.152798 -0.722469 0.188543 -0.101058 0.988248 0.114687 0 0 0 0 1 0.732381 -0.004485 0.68088 0 0.67344 0.152342 -0.723375 0.188543 -0.100482 0.988318 0.114593 0 0 0 0 1 0.733244 -0.004379 0.679952 0 0.672538 0.152072 -0.72427 0.188543 -0.10023 0.98836 0.114451 0 0 0 0 1 0.73397 -0.004013 0.67917 0 0.671734 0.151974 -0.725036 0.188543 -0.100307 0.988376 0.11424 0 0 0 0 1 0.73454 -0.003347 0.678558 0 0.671045 0.152052 -0.725657 0.188543 -0.100747 0.988367 0.113934 0 0 0 0 1 0.734916 -0.002479 0.678153 0 0.670541 0.152115 -0.72611 0.188543 -0.101356 0.98836 0.113454 0 0 0 0 1 0.734943 -0.001645 0.678127 0 0.670446 0.151863 -0.72625 0.188543 -0.101788 0.9884 0.112714 0 0 0 0 1 0.73448 -0.001042 0.678629 0 0.670954 0.1511 -0.725941 0.188543 -0.101784 0.988518 0.111679 0 0 0 0 1 0.733561 -0.000692 0.679624 0 0.672024 0.149873 -0.725205 0.188543 -0.101355 0.988705 0.110406 0 0 0 0 1 0.732395 -0.000447 0.68088 0 0.673387 0.148426 -0.724237 0.188543 -0.100736 0.988923 0.109008 0 0 0 0 1 0.731206 -0.0002 0.682156 0 0.674771 0.146964 -0.723247 0.188543 -0.100107 0.989142 0.107596 0 0 0 0 1 0.730163 0.000021 0.683273 0 0.675996 0.145532 -0.722392 0.188543 -0.099453 0.989354 0.106247 0 0 0 0 1 0.729403 0.00007 0.684084 0 0.676945 0.144016 -0.721806 0.188543 -0.09857 0.989575 0.104998 0 0 0 0 1 0.729047 -0.000143 0.684464 0 0.67751 0.142336 -0.72161 0.188543 -0.09732 0.989818 0.103867 0 0 0 0 1 0.729137 -0.000598 0.684368 0 0.677638 0.14053 -0.721844 0.188543 -0.095741 0.990076 0.102871 0 0 0 0 1 0.729555 -0.001217 0.683921 0 0.677436 0.138681 -0.72239 0.188543 -0.093967 0.990336 0.102 0 0 0 0 1 0.729981 -0.001991 0.683464 0 0.677237 0.136823 -0.722931 0.188543 -0.092074 0.990593 0.101227 0 0 0 0 1 0.730049 -0.002964 0.683389 0 0.67743 0.134971 -0.723098 0.188543 -0.090093 0.990845 0.100544 0 0 0 0 1 0.729663 -0.004122 0.683795 0 0.678111 0.133161 -0.722795 0.188543 -0.088075 0.991086 0.099958 0 0 0 0 1 0.729095 -0.005333 0.684391 0 0.678973 0.131456 -0.722298 0.188543 -0.086115 0.991308 0.099465 0 0 0 0 1 0.728742 -0.006408 0.684759 0 0.679577 0.129904 -0.722011 0.188543 -0.084325 0.991506 0.099021 0 0 0 0 1 0.728779 -0.007146 0.684712 0 0.679711 0.128626 -0.722114 0.188543 -0.082911 0.991667 0.098597 0 0 0 0 1 0.729147 -0.007342 0.684318 0 0.679405 0.127846 -0.72254 0.188543 -0.082182 0.991767 0.098206 0 0 0 0 1 0.729683 -0.007059 0.68375 0 0.678841 0.127517 -0.723128 0.188543 -0.082085 0.991811 0.097838 0 0 0 0 1 0.730346 -0.006546 0.683046 0 0.678109 0.127344 -0.723846 0.188543 -0.082243 0.991837 0.097444 0 0 0 0 1 0.73125 -0.006067 0.682083 0 0.677152 0.126801 -0.724836 0.188543 -0.08209 0.99191 0.096831 0 0 0 0 1 0.732001 -0.005814 0.681279 0 0.676391 0.126066 -0.725674 0.188543 -0.081666 0.992005 0.096213 0 0 0 0 1</float_array>
        <technique_common>
          <accessor source="#LeftArm_matrix_LeftArm_transform-output-array" count="106" stride="16">
            <param name="TRANSFORM" type="float4x4"/>
          </accessor>
        </technique_common>
      </source>
      <source id="LeftArm_matrix_LeftArm_transform-interpolations">
        <Name_array id="LeftArm_matrix_LeftArm_transform-interpolations-array" count="106">LINEAR LINEAR LINEAR LINEAR LINEAR LINEAR LINEAR LINEAR LINEAR LINEAR LINEAR LINEAR LINEAR LINEAR LINEAR LINEAR LINEAR LINEAR LINEAR LINEAR LINEAR LINEAR LINEAR LINEAR LINEAR LINEAR LINEAR LINEAR LINEAR LINEAR LINEAR LINEAR LINEAR LINEAR LINEAR LINEAR LINEAR LINEAR LINEAR LINEAR LINEAR LINEAR LINEAR LINEAR LINEAR LINEAR LINEAR LINEAR LINEAR LINEAR LINEAR LINEAR LINEAR LINEAR LINEAR LINEAR LINEAR LINEAR LINEAR LINEAR LINEAR LINEAR LINEAR LINEAR LINEAR LINEAR LINEAR LINEAR LINEAR LINEAR LINEAR LINEAR LINEAR LINEAR LINEAR LINEAR LINEAR LINEAR LINEAR LINEAR LINEAR LINEAR LINEAR LINEAR LINEAR LINEAR LINEAR LINEAR LINEAR LINEAR LINEAR LINEAR LINEAR LINEAR LINEAR LINEAR LINEAR LINEAR LINEAR LINEAR LINEAR LINEAR LINEAR LINEAR LINEAR LINEAR</Name_array>
        <technique_common>
          <accessor source="#LeftArm_matrix_LeftArm_transform-interpolations-array" count="106" stride="1">
            <param name="INTERPOLATION" type="Name"/>
          </accessor>
        </technique_common>
      </source>
      <sampler id="LeftArm_matrix_LeftArm_transform-sampler">
        <input semantic="INPUT" source="#LeftArm_matrix_LeftArm_transform-input"/>
        <input semantic="OUTPUT" source="#LeftArm_matrix_LeftArm_transform-output"/>
        <input semantic="INTERPOLATION" source="#LeftArm_matrix_LeftArm_transform-interpolations"/>
      </sampler>
      <channel source="#LeftArm_matrix_LeftArm_transform-sampler" target="LeftArm/transform"/>
    </animation>
    <animation id="LeftForeArm_matrix">
      <source id="LeftForeArm_matrix_LeftForeArm_transform-input">
        <float_array id="LeftForeArm_matrix_LeftForeArm_transform-input-array" count="106">0 0.033333 0.066666 0.1 0.133333 0.166667 0.2 0.233333 0.266667 0.3 0.333333 0.366667 0.4 0.433333 0.466667 0.5 0.533333 0.566667 0.6 0.633333 0.666667 0.7 0.733333 0.766667 0.8 0.833333 0.866667 0.9 0.933333 0.966667 1 1.03333 1.06667 1.1 1.13333 1.16667 1.2 1.23333 1.26667 1.3 1.33333 1.36667 1.4 1.43333 1.46667 1.5 1.53333 1.56667 1.6 1.63333 1.66667 1.7 1.73333 1.76667 1.8 1.83333 1.86667 1.9 1.93333 1.96667 2 2.03333 2.06667 2.1 2.13333 2.16667 2.2 2.23333 2.26667 2.3 2.33333 2.36667 2.4 2.43333 2.46667 2.5 2.53333 2.56667 2.6 2.63333 2.66667 2.7 2.73333 2.76667 2.8 2.83333 2.86667 2.9 2.93333 2.96667 3 3.03333 3.06667 3.1 3.13333 3.16667 3.2 3.23333 3.26667 3.3 3.33333 3.36667 3.4 3.43333 3.46667 3.5</float_array>
        <technique_common>
          <accessor source="#LeftForeArm_matrix_LeftForeArm_transform-input-array" count="106" stride="1">
            <param name="TIME" type="float"/>
          </accessor>
        </technique_common>
        <technique profile="MAYA">
          <pre_infinity>CONSTANT</pre_infinity>
          <post_infinity>CONSTANT</post_infinity>
        </technique>
      </source>
      <source id="LeftForeArm_matrix_LeftForeArm_transform-output">
        <float_array id="LeftForeArm_matrix_LeftForeArm_transform-output-array" count="1696">0.93468 -0.355491 0.000031 0.000011 0.355491 0.934678 -0.001599 0.3215 0.000538 0.001506 0.999999 0 0 0 0 1 0.93453 -0.355885 -0.000056 0.000011 0.355884 0.934529 -0.001599 0.3215 0.000621 0.001474 0.999999 0 0 0 0 1 0.934284 -0.356528 -0.000225 0.000011 0.356528 0.934283 -0.001599 0.3215 0.00078 0.001413 0.999999 0 0 0 0 1 0.933951 -0.3574 -0.000455 0.000011 0.357399 0.93395 -0.001626 0.3215 0.001006 0.001356 0.999999 0 0 0 0 1 0.933563 -0.358413 -0.000712 0.000011 0.358412 0.933562 -0.001648 0.3215 0.001256 0.001283 0.999998 0 0 0 0 1 0.933158 -0.359465 -0.000885 0.000011 0.359463 0.933158 -0.001665 0.3215 0.001425 0.001235 0.999998 0 0 0 0 1 0.932767 -0.360478 -0.000946 0.000011 0.360476 0.932767 -0.001684 0.3215 0.00149 0.001229 0.999998 0 0 0 0 1 0.932432 -0.361345 -0.000959 0.000011 0.361343 0.932431 -0.001709 0.3215 0.001512 0.001247 0.999998 0 0 0 0 1 0.93223 -0.361864 -0.001067 0.000011 0.361862 0.93223 -0.001749 0.3215 0.001628 0.001244 0.999998 0 0 0 0 1 0.932062 -0.362296 -0.001419 0.000011 0.362293 0.932062 -0.001821 0.3215 0.001982 0.001183 0.999997 0 0 0 0 1 0.931819 -0.362916 -0.002138 0.000011 0.362913 0.931821 -0.001958 0.3215 0.002703 0.001048 0.999996 0 0 0 0 1 0.931358 -0.364089 -0.003271 0.000011 0.364083 0.931364 -0.002175 0.3215 0.003838 0.000835 0.999992 0 0 0 0 1 0.930835 -0.365408 -0.004744 0.000011 0.3654 0.930847 -0.00246 0.3215 0.005315 0.000557 0.999986 0 0 0 0 1 0.930396 -0.3665 -0.006321 0.000011 0.36649 0.930418 -0.002767 0.3215 0.006896 0.000257 0.999976 0 0 0 0 1 0.93004 -0.367376 -0.007769 0.000011 0.367363 0.930073 -0.003051 0.3215 0.008347 -0.000016 0.999965 0 0 0 0 1 0.929735 -0.36812 -0.008923 0.000011 0.368105 0.929778 -0.00328 0.3215 0.009504 -0.000234 0.999955 0 0 0 0 1 0.929335 -0.36911 -0.009725 0.000011 0.369094 0.929386 -0.003446 0.3215 0.010311 -0.000386 0.999947 0 0 0 0 1 0.928953 -0.370055 -0.01024 0.000011 0.370038 0.92901 -0.003558 0.3215 0.01083 -0.000483 0.999941 0 0 0 0 1 0.928644 -0.37082 -0.010582 0.000011 0.370802 0.928705 -0.003635 0.3215 0.011175 -0.000548 0.999937 0 0 0 0 1 0.928366 -0.37151 -0.010769 0.000011 0.371492 0.928429 -0.003674 0.3215 0.011363 -0.000589 0.999935 0 0 0 0 1 0.928073 -0.372247 -0.010638 0.000011 0.372229 0.928134 -0.003665 0.3215 0.011238 -0.000558 0.999937 0 0 0 0 1 0.92781 -0.37292 -0.009996 0.000011 0.372903 0.927863 -0.003547 0.3215 0.010598 -0.000436 0.999944 0 0 0 0 1 0.927666 -0.373308 -0.008803 0.000011 0.373293 0.927707 -0.003317 0.3215 0.009405 -0.000208 0.999956 0 0 0 0 1 0.927698 -0.373262 -0.007262 0.000011 0.37325 0.927726 -0.003014 0.3215 0.007863 0.000085 0.999969 0 0 0 0 1 0.927832 -0.372954 -0.005696 0.000011 0.372945 0.92785 -0.002704 0.3215 0.006294 0.000384 0.99998 0 0 0 0 1 0.928009 -0.372532 -0.004343 0.000011 0.372525 0.928019 -0.002436 0.3215 0.004938 0.000643 0.999988 0 0 0 0 1 0.928218 -0.372024 -0.003235 0.000011 0.372018 0.928223 -0.002217 0.3215 0.003828 0.000855 0.999992 0 0 0 0 1 0.928483 -0.371368 -0.002242 0.000011 0.371364 0.928485 -0.002022 0.3215 0.002833 0.001045 0.999995 0 0 0 0 1 0.928775 -0.370643 -0.001237 0.000011 0.37064 0.928775 -0.001826 0.3215 0.001826 0.001237 0.999998 0 0 0 0 1 0.929013 -0.370046 -0.000198 0.000011 0.370045 0.929012 -0.001625 0.3215 0.000785 0.001436 0.999999 0 0 0 0 1 0.929163 -0.369669 0.000811 0.000011 0.36967 0.929162 -0.00143 0.3215 -0.000224 0.001629 0.999999 0 0 0 0 1 0.929319 -0.369274 0.001687 0.000011 0.369276 0.929319 -0.001263 0.3215 -0.001101 0.001797 0.999998 0 0 0 0 1 0.92957 -0.368637 0.002366 0.000011 0.36864 0.929571 -0.001135 0.3215 -0.001781 0.001927 0.999997 0 0 0 0 1 0.929899 -0.367805 0.002835 0.000011 0.367809 0.929901 -0.001053 0.3215 -0.002249 0.002022 0.999995 0 0 0 0 1 0.930136 -0.367201 0.003123 0.000011 0.367206 0.930139 -0.001005 0.3215 -0.002536 0.002082 0.999995 0 0 0 0 1 0.930223 -0.36698 0.003255 0.000011 0.366984 0.930227 -0.000991 0.3215 -0.002664 0.002116 0.999994 0 0 0 0 1 0.930183 -0.367083 0.00322 0.000011 0.367087 0.930186 -0.000995 0.3215 -0.002629 0.002108 0.999994 0 0 0 0 1 0.930106 -0.367279 0.003024 0.000011 0.367284 0.930108 -0.001024 0.3215 -0.002436 0.002064 0.999995 0 0 0 0 1 0.930034 -0.367466 0.002586 0.000011 0.367469 0.930035 -0.001104 0.3215 -0.001999 0.001977 0.999996 0 0 0 0 1 0.929914 -0.367772 0.001898 0.000011 0.367775 0.929914 -0.001237 0.3215 -0.00131 0.001848 0.999997 0 0 0 0 1 0.929671 -0.36839 0.001049 0.000011 0.368391 0.92967 -0.0014 0.3215 -0.000459 0.001688 0.999998 0 0 0 0 1 0.929297 -0.369332 0.000244 0.000011 0.369332 0.929296 -0.001556 0.3215 0.000347 0.001537 0.999999 0 0 0 0 1 0.928869 -0.370409 -0.000405 0.000011 0.370407 0.928868 -0.001684 0.3215 0.001 0.001414 0.999999 0 0 0 0 1 0.928479 -0.371383 -0.000939 0.000011 0.371381 0.928479 -0.00179 0.3215 0.001537 0.001313 0.999998 0 0 0 0 1 0.928171 -0.372152 -0.001528 0.000011 0.372149 0.928171 -0.001908 0.3215 0.002129 0.001202 0.999997 0 0 0 0 1 0.927948 -0.372703 -0.002171 0.000011 0.372699 0.92795 -0.002037 0.3215 0.002774 0.001081 0.999996 0 0 0 0 1 0.927794 -0.373084 -0.002739 0.000011 0.373079 0.927797 -0.002151 0.3215 0.003344 0.000974 0.999994 0 0 0 0 1 0.927669 -0.37339 -0.003088 0.000011 0.373385 0.927674 -0.002221 0.3215 0.003694 0.000907 0.999993 0 0 0 0 1 0.927536 -0.373721 -0.003188 0.000011 0.373716 0.927541 -0.00223 0.3215 0.003791 0.000877 0.999992 0 0 0 0 1 0.92738 -0.374108 -0.003081 0.000011 0.374103 0.927385 -0.002211 0.3215 0.003684 0.000898 0.999993 0 0 0 0 1 0.927177 -0.374612 -0.002832 0.000011 0.374607 0.927181 -0.002176 0.3215 0.003441 0.000956 0.999994 0 0 0 0 1 0.926912 -0.37527 -0.002466 0.000011 0.375265 0.926915 -0.00211 0.3215 0.003077 0.00103 0.999995 0 0 0 0 1 0.926527 -0.376224 -0.002034 0.000011 0.37622 0.926528 -0.002027 0.3215 0.002647 0.001113 0.999996 0 0 0 0 1 0.926042 -0.377417 -0.001619 0.000011 0.377414 0.926043 -0.001949 0.3215 0.002235 0.001193 0.999997 0 0 0 0 1 0.925519 -0.378698 -0.001311 0.000011 0.378696 0.925519 -0.00189 0.3215 0.00193 0.001253 0.999997 0 0 0 0 1 0.925029 -0.379895 -0.001081 0.000011 0.379893 0.925029 -0.001847 0.3215 0.001702 0.001297 0.999998 0 0 0 0 1 0.924619 -0.380892 -0.000805 0.000011 0.38089 0.924618 -0.001797 0.3215 0.001429 0.001355 0.999998 0 0 0 0 1 0.924285 -0.381702 -0.000432 0.000011 0.381701 0.924284 -0.001715 0.3215 0.001054 0.00142 0.999998 0 0 0 0 1 0.923988 -0.382421 -0.000055 0.000011 0.38242 0.923987 -0.001639 0.3215 0.000678 0.001493 0.999999 0 0 0 0 1 0.923686 -0.383149 0.000236 0.000011 0.383149 0.923685 -0.001573 0.3215 0.000384 0.001544 0.999999 0 0 0 0 1 0.923356 -0.383944 0.000459 0.000011 0.383945 0.923355 -0.001527 0.3215 0.000162 0.001587 0.999999 0 0 0 0 1 0.923 -0.384799 0.000742 0.000011 0.384799 0.922999 -0.001508 0.3215 -0.000105 0.001678 0.999999 0 0 0 0 1 0.92259 -0.385781 0.001077 0.000011 0.385782 0.922589 -0.0015 0.3215 -0.000415 0.001799 0.999998 0 0 0 0 1 0.922122 -0.386897 0.001383 0.000011 0.386898 0.922121 -0.001501 0.3215 -0.000694 0.001919 0.999998 0 0 0 0 1 0.9216 -0.388137 0.001557 0.000011 0.388139 0.9216 -0.001509 0.3215 -0.000849 0.001995 0.999998 0 0 0 0 1 0.921072 -0.389389 0.001522 0.000011 0.389391 0.921071 -0.00152 0.3215 -0.000809 0.001993 0.999998 0 0 0 0 1 0.920554 -0.390613 0.001292 0.000011 0.390615 0.920553 -0.001533 0.3215 -0.00059 0.001917 0.999998 0 0 0 0 1 0.920083 -0.391722 0.000954 0.000011 0.391723 0.920082 -0.001546 0.3215 -0.000272 0.001796 0.999998 0 0 0 0 1 0.919727 -0.392557 0.000699 0.000011 0.392558 0.919726 -0.001555 0.3215 -0.000032 0.001704 0.999999 0 0 0 0 1 0.919563 -0.392943 0.000706 0.000011 0.392944 0.919561 -0.001564 0.3215 -0.000035 0.001716 0.999999 0 0 0 0 1 0.919633 -0.392777 0.000975 0.000011 0.392778 0.919632 -0.001476 0.3215 -0.000317 0.001741 0.999998 0 0 0 0 1 0.919925 -0.392092 0.001384 0.000011 0.392094 0.919924 -0.001342 0.3215 -0.000747 0.001777 0.999998 0 0 0 0 1 0.920414 -0.390941 0.001725 0.000011 0.390944 0.920414 -0.001269 0.3215 -0.001091 0.001842 0.999998 0 0 0 0 1 0.921076 -0.389379 0.001866 0.000011 0.389381 0.921076 -0.001261 0.3215 -0.001228 0.001889 0.999997 0 0 0 0 1 0.921886 -0.387457 0.001855 0.000011 0.38746 0.921886 -0.00128 0.3215 -0.001214 0.001898 0.999997 0 0 0 0 1 0.922807 -0.385257 0.001867 0.000011 0.38526 0.922807 -0.001278 0.3215 -0.001231 0.001899 0.999997 0 0 0 0 1 0.923798 -0.382874 0.002062 0.000011 0.382877 0.923799 -0.001221 0.3215 -0.001438 0.001918 0.999997 0 0 0 0 1 0.924797 -0.380453 0.002448 0.000011 0.380456 0.924798 -0.00111 0.3215 -0.001842 0.001958 0.999996 0 0 0 0 1 0.925727 -0.37818 0.00296 0.000011 0.378184 0.92573 -0.000998 0.3215 -0.002363 0.002044 0.999995 0 0 0 0 1 0.926457 -0.376385 0.003508 0.000011 0.37639 0.926461 -0.000874 0.3215 -0.002921 0.00213 0.999993 0 0 0 0 1 0.926915 -0.375248 0.004062 0.000011 0.375254 0.926922 -0.000741 0.3215 -0.003487 0.002212 0.999991 0 0 0 0 1 0.927045 -0.374922 0.004621 0.000011 0.374929 0.927054 -0.000603 0.3215 -0.004057 0.002292 0.999989 0 0 0 0 1 0.926858 -0.375376 0.005128 0.000011 0.375383 0.92687 -0.000471 0.3215 -0.004576 0.002362 0.999987 0 0 0 0 1 0.926337 -0.376657 0.005437 0.000011 0.376665 0.92635 -0.000368 0.3215 -0.004898 0.002389 0.999985 0 0 0 0 1 0.92565 -0.378341 0.005404 0.000011 0.378349 0.925663 -0.000357 0.3215 -0.004868 0.002375 0.999985 0 0 0 0 1 0.925121 -0.37964 0.00497 0.000011 0.379646 0.925132 -0.000425 0.3215 -0.004437 0.00228 0.999988 0 0 0 0 1 0.92501 -0.37992 0.00424 0.000011 0.379925 0.925017 -0.000563 0.3215 -0.003708 0.002132 0.999991 0 0 0 0 1 0.925343 -0.379115 0.003396 0.000011 0.37912 0.925347 -0.000732 0.3215 -0.002864 0.001965 0.999994 0 0 0 0 1 0.925911 -0.377732 0.002577 0.000011 0.377735 0.925913 -0.000899 0.3215 -0.002046 0.001806 0.999996 0 0 0 0 1 0.926509 -0.376268 0.001815 0.000011 0.376271 0.926509 -0.001054 0.3215 -0.001285 0.00166 0.999998 0 0 0 0 1 0.927072 -0.374882 0.001109 0.000011 0.374883 0.927071 -0.001197 0.3215 -0.000579 0.001526 0.999999 0 0 0 0 1 0.927673 -0.373393 0.000508 0.000011 0.373393 0.927672 -0.001319 0.3215 0.00002 0.001413 0.999999 0 0 0 0 1 0.928349 -0.371709 0.00006 0.000011 0.371708 0.928348 -0.001408 0.3215 0.000467 0.001329 0.999999 0 0 0 0 1 0.929069 -0.369906 -0.000214 0.000011 0.369905 0.929068 -0.001483 0.3215 0.000747 0.001298 0.999999 0 0 0 0 1 0.929799 -0.368066 -0.000351 0.000011 0.368066 0.929799 -0.001483 0.3215 0.000873 0.001249 0.999999 0 0 0 0 1 0.93058 -0.366087 -0.000373 0.000011 0.366087 0.93058 -0.001483 0.3215 0.00089 0.001243 0.999999 0 0 0 0 1 0.931464 -0.363833 -0.00044 0.000011 0.363833 0.931463 -0.001483 0.3215 0.000949 0.001221 0.999999 0 0 0 0 1 0.932425 -0.361363 -0.000668 0.000011 0.361361 0.932425 -0.001482 0.3215 0.001159 0.001141 0.999999 0 0 0 0 1 0.933364 -0.358931 -0.000985 0.000011 0.358929 0.933364 -0.001482 0.3215 0.001452 0.00103 0.999998 0 0 0 0 1 0.934189 -0.356776 -0.001091 0.000011 0.356774 0.934189 -0.001482 0.3215 0.001549 0.000995 0.999998 0 0 0 0 1 0.934818 -0.355126 -0.000835 0.000011 0.355124 0.934818 -0.001482 0.3215 0.001307 0.001089 0.999999 0 0 0 0 1 0.935075 -0.354449 -0.000324 0.000011 0.354448 0.935074 -0.001482 0.3215 0.000829 0.001271 0.999999 0 0 0 0 1 0.935001 -0.354646 0.000102 0.000011 0.354646 0.935 -0.001482 0.3215 0.00043 0.001422 0.999999 0 0 0 0 1 0.934765 -0.355268 0.000201 0.000011 0.355268 0.934763 -0.001482 0.3215 0.000338 0.001457 0.999999 0 0 0 0 1 0.93468 -0.355491 -0.000071 0.000011 0.355491 0.934679 -0.001482 0.3215 0.000593 0.00136 0.999999 0 0 0 0 1 0.93468 -0.355491 -0.000012 0.000011 0.355491 0.934679 -0.001482 0.3215 0.000538 0.001381 0.999999 0 0 0 0 1</float_array>
        <technique_common>
          <accessor source="#LeftForeArm_matrix_LeftForeArm_transform-output-array" count="106" stride="16">
            <param name="TRANSFORM" type="float4x4"/>
          </accessor>
        </technique_common>
      </source>
      <source id="LeftForeArm_matrix_LeftForeArm_transform-interpolations">
        <Name_array id="LeftForeArm_matrix_LeftForeArm_transform-interpolations-array" count="106">LINEAR LINEAR LINEAR LINEAR LINEAR LINEAR LINEAR LINEAR LINEAR LINEAR LINEAR LINEAR LINEAR LINEAR LINEAR LINEAR LINEAR LINEAR LINEAR LINEAR LINEAR LINEAR LINEAR LINEAR LINEAR LINEAR LINEAR LINEAR LINEAR LINEAR LINEAR LINEAR LINEAR LINEAR LINEAR LINEAR LINEAR LINEAR LINEAR LINEAR LINEAR LINEAR LINEAR LINEAR LINEAR LINEAR LINEAR LINEAR LINEAR LINEAR LINEAR LINEAR LINEAR LINEAR LINEAR LINEAR LINEAR LINEAR LINEAR LINEAR LINEAR LINEAR LINEAR LINEAR LINEAR LINEAR LINEAR LINEAR LINEAR LINEAR LINEAR LINEAR LINEAR LINEAR LINEAR LINEAR LINEAR LINEAR LINEAR LINEAR LINEAR LINEAR LINEAR LINEAR LINEAR LINEAR LINEAR LINEAR LINEAR LINEAR LINEAR LINEAR LINEAR LINEAR LINEAR LINEAR LINEAR LINEAR LINEAR LINEAR LINEAR LINEAR LINEAR LINEAR LINEAR LINEAR</Name_array>
        <technique_common>
          <accessor source="#LeftForeArm_matrix_LeftForeArm_transform-interpolations-array" count="106" stride="1">
            <param name="INTERPOLATION" type="Name"/>
          </accessor>
        </technique_common>
      </source>
      <sampler id="LeftForeArm_matrix_LeftForeArm_transform-sampler">
        <input semantic="INPUT" source="#LeftForeArm_matrix_LeftForeArm_transform-input"/>
        <input semantic="OUTPUT" source="#LeftForeArm_matrix_LeftForeArm_transform-output"/>
        <input semantic="INTERPOLATION" source="#LeftForeArm_matrix_LeftForeArm_transform-interpolations"/>
      </sampler>
      <channel source="#LeftForeArm_matrix_LeftForeArm_transform-sampler" target="LeftForeArm/transform"/>
    </animation>
    <animation id="LeftHand_matrix">
      <source id="LeftHand_matrix_LeftHand_transform-input">
        <float_array id="LeftHand_matrix_LeftHand_transform-input-array" count="106">0 0.033333 0.066666 0.1 0.133333 0.166667 0.2 0.233333 0.266667 0.3 0.333333 0.366667 0.4 0.433333 0.466667 0.5 0.533333 0.566667 0.6 0.633333 0.666667 0.7 0.733333 0.766667 0.8 0.833333 0.866667 0.9 0.933333 0.966667 1 1.03333 1.06667 1.1 1.13333 1.16667 1.2 1.23333 1.26667 1.3 1.33333 1.36667 1.4 1.43333 1.46667 1.5 1.53333 1.56667 1.6 1.63333 1.66667 1.7 1.73333 1.76667 1.8 1.83333 1.86667 1.9 1.93333 1.96667 2 2.03333 2.06667 2.1 2.13333 2.16667 2.2 2.23333 2.26667 2.3 2.33333 2.36667 2.4 2.43333 2.46667 2.5 2.53333 2.56667 2.6 2.63333 2.66667 2.7 2.73333 2.76667 2.8 2.83333 2.86667 2.9 2.93333 2.96667 3 3.03333 3.06667 3.1 3.13333 3.16667 3.2 3.23333 3.26667 3.3 3.33333 3.36667 3.4 3.43333 3.46667 3.5</float_array>
        <technique_common>
          <accessor source="#LeftHand_matrix_LeftHand_transform-input-array" count="106" stride="1">
            <param name="TIME" type="float"/>
          </accessor>
        </technique_common>
        <technique profile="MAYA">
          <pre_infinity>CONSTANT</pre_infinity>
          <post_infinity>CONSTANT</post_infinity>
        </technique>
      </source>
      <source id="LeftHand_matrix_LeftHand_transform-output">
        <float_array id="LeftHand_matrix_LeftHand_transform-output-array" count="1696">0.948733 0.057669 0.310773 0.000011 -0.013627 0.989763 -0.142066 0.244116 -0.315784 0.130547 0.939807 0 0 0 0 1 0.948732 0.057761 0.310759 0.000011 -0.013725 0.989762 -0.142065 0.244116 -0.315784 0.130517 0.939812 0 0 0 0 1 0.948729 0.057995 0.310725 0.000011 -0.01395 0.989749 -0.142137 0.244116 -0.315783 0.130515 0.939812 0 0 0 0 1 0.948732 0.058397 0.31064 0.000011 -0.014341 0.989726 -0.142259 0.244116 -0.315756 0.130511 0.939822 0 0 0 0 1 0.94878 0.058895 0.3104 0.000011 -0.014845 0.989697 -0.142408 0.244116 -0.315589 0.130506 0.939879 0 0 0 0 1 0.948922 0.059362 0.309875 0.000011 -0.015363 0.989669 -0.142543 0.244116 -0.315136 0.130502 0.940031 0 0 0 0 1 0.949172 0.059708 0.309042 0.000011 -0.015839 0.98966 -0.142558 0.244116 -0.314358 0.130417 0.940303 0 0 0 0 1 0.949483 0.059882 0.308053 0.000011 -0.016177 0.98966 -0.14252 0.244116 -0.313403 0.130336 0.940633 0 0 0 0 1 0.94979 0.059805 0.307121 0.000011 -0.016248 0.989666 -0.142465 0.244116 -0.312467 0.130322 0.940947 0 0 0 0 1 0.950041 0.059693 0.306363 0.000011 -0.016253 0.989671 -0.14243 0.244116 -0.311701 0.130335 0.941199 0 0 0 0 1 0.950212 0.059711 0.30583 0.000011 -0.016353 0.989672 -0.142417 0.244116 -0.311175 0.130325 0.941374 0 0 0 0 1 0.950279 0.060106 0.305543 0.000011 -0.016811 0.989666 -0.142403 0.244116 -0.310945 0.130186 0.941469 0 0 0 0 1 0.950264 0.060663 0.305479 0.000011 -0.017404 0.989658 -0.14239 0.244116 -0.310958 0.129991 0.941492 0 0 0 0 1 0.950244 0.061078 0.305459 0.000011 -0.017843 0.989651 -0.142381 0.244116 -0.310994 0.129847 0.9415 0 0 0 0 1 0.950293 0.06129 0.305266 0.000011 -0.018092 0.989647 -0.142377 0.244116 -0.310832 0.129777 0.941563 0 0 0 0 1 0.950414 0.06137 0.304872 0.000011 -0.018231 0.989644 -0.14238 0.244116 -0.310453 0.129761 0.94169 0 0 0 0 1 0.950534 0.061605 0.304451 0.000011 -0.018533 0.989637 -0.14239 0.244116 -0.310068 0.129704 0.941825 0 0 0 0 1 0.950572 0.061934 0.304264 0.000011 -0.018896 0.989628 -0.142408 0.244116 -0.309928 0.12962 0.941883 0 0 0 0 1 0.950485 0.062309 0.304459 0.000011 -0.019249 0.989617 -0.142438 0.244116 -0.310173 0.129524 0.941815 0 0 0 0 1 0.950284 0.062749 0.304998 0.000011 -0.019606 0.9896 -0.142507 0.244116 -0.310768 0.129442 0.94163 0 0 0 0 1 0.950024 0.063284 0.305696 0.000011 -0.020023 0.989573 -0.142631 0.244116 -0.311535 0.129381 0.941385 0 0 0 0 1 0.949771 0.063831 0.306368 0.000011 -0.020434 0.989537 -0.142822 0.244116 -0.312279 0.129388 0.941138 0 0 0 0 1 0.949568 0.064222 0.306914 0.000011 -0.020671 0.989492 -0.143099 0.244116 -0.312879 0.129538 0.940918 0 0 0 0 1 0.949431 0.064311 0.30732 0.000011 -0.020587 0.989443 -0.143454 0.244116 -0.313301 0.129872 0.940731 0 0 0 0 1 0.949347 0.06417 0.307608 0.000011 -0.020258 0.989388 -0.143875 0.244116 -0.313576 0.130356 0.940573 0 0 0 0 1 0.949292 0.063908 0.307832 0.000011 -0.019814 0.989337 -0.144289 0.244116 -0.313771 0.130873 0.940436 0 0 0 0 1 0.949252 0.063586 0.308021 0.000011 -0.019338 0.989297 -0.144628 0.244116 -0.31392 0.131331 0.940322 0 0 0 0 1 0.94924 0.063175 0.308144 0.000011 -0.018821 0.989276 -0.14484 0.244116 -0.31399 0.131688 0.940249 0 0 0 0 1 0.949269 0.062673 0.308156 0.000011 -0.018261 0.989271 -0.144947 0.244116 -0.313934 0.131967 0.940229 0 0 0 0 1 0.949315 0.062142 0.308123 0.000011 -0.017679 0.989267 -0.145046 0.244116 -0.313829 0.132247 0.940224 0 0 0 0 1 0.949367 0.061624 0.308067 0.000011 -0.017092 0.989253 -0.14521 0.244116 -0.313705 0.132592 0.940217 0 0 0 0 1 0.949431 0.061003 0.307993 0.000011 -0.016398 0.989239 -0.145389 0.244116 -0.313548 0.132986 0.940214 0 0 0 0 1 0.949515 0.060205 0.30789 0.000011 -0.015551 0.989239 -0.145477 0.244116 -0.313335 0.133344 0.940234 0 0 0 0 1 0.949605 0.059308 0.307787 0.000011 -0.014649 0.989261 -0.145425 0.244116 -0.313107 0.133588 0.940276 0 0 0 0 1 0.949666 0.058599 0.307735 0.000011 -0.013953 0.989286 -0.14532 0.244116 -0.312954 0.133711 0.940309 0 0 0 0 1 0.949689 0.058142 0.307749 0.000011 -0.013506 0.989306 -0.145227 0.244116 -0.312902 0.133764 0.940319 0 0 0 0 1 0.949682 0.057861 0.307825 0.000011 -0.013222 0.989318 -0.14517 0.244116 -0.312937 0.133795 0.940303 0 0 0 0 1 0.949647 0.057595 0.307983 0.000011 -0.012947 0.989334 -0.145091 0.244116 -0.313054 0.133798 0.940263 0 0 0 0 1 0.949595 0.057272 0.308204 0.000011 -0.01263 0.989361 -0.144934 0.244116 -0.313226 0.133736 0.940215 0 0 0 0 1 0.949561 0.056976 0.308363 0.000011 -0.012381 0.9894 -0.144686 0.244116 -0.313339 0.13357 0.940201 0 0 0 0 1 0.949579 0.056864 0.308328 0.000011 -0.012369 0.989444 -0.144387 0.244116 -0.313284 0.133293 0.940259 0 0 0 0 1 0.949643 0.057017 0.308101 0.000011 -0.012651 0.989479 -0.144119 0.244116 -0.313077 0.132964 0.940374 0 0 0 0 1 0.949693 0.057365 0.307885 0.000011 -0.013114 0.989503 -0.143914 0.244116 -0.312908 0.132636 0.940476 0 0 0 0 1 0.949655 0.057751 0.307928 0.000011 -0.013566 0.989522 -0.143744 0.244116 -0.313003 0.132329 0.940488 0 0 0 0 1 0.949504 0.058038 0.308341 0.000011 -0.013864 0.989544 -0.143566 0.244116 -0.313449 0.132042 0.94038 0 0 0 0 1 0.949288 0.058164 0.30898 0.000011 -0.013964 0.98957 -0.143377 0.244116 -0.314097 0.131791 0.940199 0 0 0 0 1 0.949116 0.058119 0.309518 0.000011 -0.013907 0.9896 -0.143175 0.244116 -0.31462 0.131585 0.940053 0 0 0 0 1 0.94908 0.057944 0.30966 0.000011 -0.013776 0.989633 -0.142958 0.244116 -0.314733 0.131413 0.940039 0 0 0 0 1 0.9492 0.057695 0.309338 0.000011 -0.01364 0.989668 -0.14273 0.244116 -0.314377 0.131259 0.94018 0 0 0 0 1 0.949417 0.057404 0.308727 0.000011 -0.013502 0.989702 -0.142502 0.244116 -0.313728 0.131126 0.940415 0 0 0 0 1 0.94963 0.057147 0.30812 0.000011 -0.01339 0.989733 -0.142301 0.244116 -0.313088 0.131007 0.940645 0 0 0 0 1 0.949756 0.057025 0.307754 0.000011 -0.013365 0.989755 -0.14215 0.244116 -0.312707 0.130894 0.940788 0 0 0 0 1 0.949763 0.057211 0.307698 0.000011 -0.013589 0.989761 -0.142084 0.244116 -0.312676 0.130764 0.940816 0 0 0 0 1 0.949661 0.057736 0.307913 0.000011 -0.014096 0.989751 -0.142109 0.244116 -0.312962 0.130615 0.940741 0 0 0 0 1 0.949486 0.058495 0.308308 0.000011 -0.014798 0.989726 -0.142207 0.244116 -0.313459 0.130461 0.940597 0 0 0 0 1 0.949301 0.059307 0.308722 0.000011 -0.015538 0.989695 -0.142349 0.244116 -0.313983 0.130335 0.94044 0 0 0 0 1 0.94918 0.060018 0.308957 0.000011 -0.016194 0.989662 -0.1425 0.244116 -0.314316 0.130255 0.94034 0 0 0 0 1 0.949153 0.0606 0.308928 0.000011 -0.016756 0.989632 -0.142649 0.244116 -0.31437 0.130219 0.940327 0 0 0 0 1 0.949131 0.061148 0.308887 0.000011 -0.017283 0.989601 -0.142797 0.244116 -0.314407 0.130194 0.940318 0 0 0 0 1 0.949109 0.061738 0.308836 0.000011 -0.017847 0.989566 -0.142973 0.244116 -0.31444 0.130185 0.940308 0 0 0 0 1 0.949094 0.062386 0.308752 0.000011 -0.018466 0.989524 -0.143179 0.244116 -0.31445 0.130189 0.940304 0 0 0 0 1 0.949093 0.063045 0.308623 0.000011 -0.019101 0.989482 -0.143389 0.244116 -0.314417 0.130194 0.940315 0 0 0 0 1 0.949123 0.063689 0.308397 0.000011 -0.019742 0.989442 -0.143578 0.244116 -0.314286 0.130185 0.94036 0 0 0 0 1 0.949229 0.064287 0.307948 0.000011 -0.020378 0.989406 -0.143736 0.244116 -0.313926 0.130163 0.940483 0 0 0 0 1 0.949353 0.064889 0.307438 0.000011 -0.021033 0.989373 -0.143874 0.244116 -0.313507 0.13012 0.940629 0 0 0 0 1 0.949406 0.065514 0.307141 0.000011 -0.021694 0.989344 -0.143973 0.244116 -0.3133 0.130026 0.940711 0 0 0 0 1 0.949339 0.066186 0.307205 0.000011 -0.022372 0.989323 -0.144009 0.244116 -0.313457 0.129841 0.940684 0 0 0 0 1 0.949204 0.06683 0.307482 0.000011 -0.022999 0.989307 -0.144024 0.244116 -0.31382 0.129637 0.940591 0 0 0 0 1 0.949148 0.067257 0.307563 0.000011 -0.023433 0.989297 -0.144023 0.244116 -0.313957 0.129492 0.940565 0 0 0 0 1 0.949305 0.067285 0.307072 0.000011 -0.023537 0.989296 -0.144009 0.244116 -0.313475 0.129481 0.940727 0 0 0 0 1 0.949689 0.066862 0.305973 0.000011 -0.023261 0.989306 -0.143988 0.244116 -0.312328 0.129626 0.941089 0 0 0 0 1 0.950164 0.066115 0.30466 0.000011 -0.02268 0.989323 -0.143961 0.244116 -0.310925 0.129877 0.941519 0 0 0 0 1 0.95052 0.06522 0.303739 0.000011 -0.021899 0.989349 -0.143906 0.244116 -0.309889 0.130134 0.941825 0 0 0 0 1 0.950634 0.064294 0.303582 0.000011 -0.02099 0.989383 -0.143806 0.244116 -0.309605 0.130335 0.941891 0 0 0 0 1 0.950535 0.06331 0.304097 0.000011 -0.019948 0.989429 -0.143639 0.244116 -0.309976 0.130467 0.94175 0 0 0 0 1 0.950355 0.062201 0.304888 0.000011 -0.018757 0.989487 -0.143399 0.244116 -0.310603 0.130561 0.941531 0 0 0 0 1 0.9502 0.060953 0.30562 0.000011 -0.017444 0.989552 -0.143119 0.244116 -0.311151 0.130661 0.941336 0 0 0 0 1 0.950083 0.059699 0.306231 0.000011 -0.01613 0.989609 -0.142877 0.244116 -0.311579 0.130805 0.941174 0 0 0 0 1 0.949938 0.058622 0.306888 0.000011 -0.014959 0.989647 -0.14274 0.244116 -0.312079 0.131003 0.940981 0 0 0 0 1 0.949709 0.057936 0.307726 0.000011 -0.014118 0.989658 -0.142754 0.244116 -0.312814 0.13123 0.940705 0 0 0 0 1 0.949423 0.057695 0.308653 0.000011 -0.013683 0.989643 -0.1429 0.244116 -0.313701 0.131449 0.940379 0 0 0 0 1 0.949163 0.057943 0.309405 0.000011 -0.013745 0.989604 -0.14316 0.244116 -0.314483 0.131629 0.940093 0 0 0 0 1 0.948989 0.058663 0.309803 0.000011 -0.014324 0.989547 -0.1435 0.244116 -0.314982 0.131743 0.93991 0 0 0 0 1 0.94888 0.059929 0.309896 0.000011 -0.015486 0.989467 -0.143931 0.244116 -0.315258 0.131774 0.939813 0 0 0 0 1 0.94878 0.061531 0.309886 0.000011 -0.016995 0.989371 -0.144416 0.244116 -0.315479 0.131752 0.939742 0 0 0 0 1 0.948698 0.063021 0.309839 0.000011 -0.01839 0.989274 -0.14491 0.244116 -0.315648 0.131778 0.939681 0 0 0 0 1 0.948651 0.063985 0.309785 0.000011 -0.019261 0.989195 -0.145333 0.244116 -0.315737 0.131903 0.939634 0 0 0 0 1 0.948692 0.064323 0.30959 0.000011 -0.019542 0.989146 -0.145629 0.244116 -0.315597 0.132107 0.939652 0 0 0 0 1 0.948823 0.064281 0.309196 0.000011 -0.019506 0.989125 -0.14578 0.244116 -0.315204 0.132288 0.939759 0 0 0 0 1 0.949003 0.064123 0.308676 0.000011 -0.019404 0.989121 -0.145822 0.244116 -0.314668 0.132396 0.939923 0 0 0 0 1 0.949182 0.063903 0.308173 0.000011 -0.01926 0.989129 -0.145785 0.244116 -0.314139 0.13244 0.940094 0 0 0 0 1 0.949323 0.063491 0.307822 0.000011 -0.018928 0.989156 -0.145646 0.244116 -0.313731 0.132439 0.94023 0 0 0 0 1 0.949399 0.062846 0.307722 0.000011 -0.018365 0.989208 -0.145366 0.244116 -0.313536 0.132359 0.940306 0 0 0 0 1 0.949396 0.062032 0.307896 0.000011 -0.017624 0.989279 -0.144967 0.244116 -0.313588 0.132205 0.940311 0 0 0 0 1 0.949353 0.061072 0.308218 0.000011 -0.016728 0.989362 -0.144512 0.244116 -0.313765 0.132037 0.940275 0 0 0 0 1 0.949355 0.059875 0.308447 0.000011 -0.015605 0.989449 -0.14404 0.244116 -0.313817 0.131931 0.940273 0 0 0 0 1 0.949451 0.058395 0.308435 0.000011 -0.014241 0.989546 -0.143509 0.244116 -0.313591 0.131863 0.940358 0 0 0 0 1 0.9496 0.056784 0.308277 0.000011 -0.01279 0.989655 -0.142896 0.244116 -0.313202 0.131751 0.940503 0 0 0 0 1 0.949714 0.055305 0.308195 0.000011 -0.011477 0.989765 -0.142244 0.244116 -0.312907 0.131554 0.940629 0 0 0 0 1 0.949766 0.054141 0.308241 0.000011 -0.01044 0.989855 -0.141695 0.244116 -0.312786 0.131359 0.940696 0 0 0 0 1 0.949808 0.05338 0.308247 0.000011 -0.009759 0.989911 -0.141355 0.244116 -0.312683 0.131252 0.940746 0 0 0 0 1 0.949861 0.053292 0.308098 0.000011 -0.009713 0.989922 -0.141284 0.244116 -0.312522 0.131207 0.940805 0 0 0 0 1 0.949852 0.053902 0.308018 0.000011 -0.010328 0.989902 -0.14138 0.244116 -0.312528 0.131109 0.940817 0 0 0 0 1 0.949641 0.055128 0.308453 0.000011 -0.011492 0.989867 -0.141531 0.244116 -0.31313 0.130859 0.940652 0 0 0 0 1 0.949126 0.0567 0.30975 0.000011 -0.012897 0.98983 -0.14167 0.244116 -0.314633 0.130468 0.940205 0 0 0 0 1 0.948747 0.057654 0.310733 0.000011 -0.013627 0.989768 -0.142035 0.244116 -0.315742 0.130521 0.939825 0 0 0 0 1</float_array>
        <technique_common>
          <accessor source="#LeftHand_matrix_LeftHand_transform-output-array" count="106" stride="16">
            <param name="TRANSFORM" type="float4x4"/>
          </accessor>
        </technique_common>
      </source>
      <source id="LeftHand_matrix_LeftHand_transform-interpolations">
        <Name_array id="LeftHand_matrix_LeftHand_transform-interpolations-array" count="106">LINEAR LINEAR LINEAR LINEAR LINEAR LINEAR LINEAR LINEAR LINEAR LINEAR LINEAR LINEAR LINEAR LINEAR LINEAR LINEAR LINEAR LINEAR LINEAR LINEAR LINEAR LINEAR LINEAR LINEAR LINEAR LINEAR LINEAR LINEAR LINEAR LINEAR LINEAR LINEAR LINEAR LINEAR LINEAR LINEAR LINEAR LINEAR LINEAR LINEAR LINEAR LINEAR LINEAR LINEAR LINEAR LINEAR LINEAR LINEAR LINEAR LINEAR LINEAR LINEAR LINEAR LINEAR LINEAR LINEAR LINEAR LINEAR LINEAR LINEAR LINEAR LINEAR LINEAR LINEAR LINEAR LINEAR LINEAR LINEAR LINEAR LINEAR LINEAR LINEAR LINEAR LINEAR LINEAR LINEAR LINEAR LINEAR LINEAR LINEAR LINEAR LINEAR LINEAR LINEAR LINEAR LINEAR LINEAR LINEAR LINEAR LINEAR LINEAR LINEAR LINEAR LINEAR LINEAR LINEAR LINEAR LINEAR LINEAR LINEAR LINEAR LINEAR LINEAR LINEAR LINEAR LINEAR</Name_array>
        <technique_common>
          <accessor source="#LeftHand_matrix_LeftHand_transform-interpolations-array" count="106" stride="1">
            <param name="INTERPOLATION" type="Name"/>
          </accessor>
        </technique_common>
      </source>
      <sampler id="LeftHand_matrix_LeftHand_transform-sampler">
        <input semantic="INPUT" source="#LeftHand_matrix_LeftHand_transform-input"/>
        <input semantic="OUTPUT" source="#LeftHand_matrix_LeftHand_transform-output"/>
        <input semantic="INTERPOLATION" source="#LeftHand_matrix_LeftHand_transform-interpolations"/>
      </sampler>
      <channel source="#LeftHand_matrix_LeftHand_transform-sampler" target="LeftHand/transform"/>
    </animation>
    <animation id="LeftForeArm_Helper1_matrix">
      <source id="LeftForeArm_Helper1_matrix_LeftForeArm_Helper1_transform-input">
        <float_array id="LeftForeArm_Helper1_matrix_LeftForeArm_Helper1_transform-input-array" count="106">0 0.033333 0.066666 0.1 0.133333 0.166667 0.2 0.233333 0.266667 0.3 0.333333 0.366667 0.4 0.433333 0.466667 0.5 0.533333 0.566667 0.6 0.633333 0.666667 0.7 0.733333 0.766667 0.8 0.833333 0.866667 0.9 0.933333 0.966667 1 1.03333 1.06667 1.1 1.13333 1.16667 1.2 1.23333 1.26667 1.3 1.33333 1.36667 1.4 1.43333 1.46667 1.5 1.53333 1.56667 1.6 1.63333 1.66667 1.7 1.73333 1.76667 1.8 1.83333 1.86667 1.9 1.93333 1.96667 2 2.03333 2.06667 2.1 2.13333 2.16667 2.2 2.23333 2.26667 2.3 2.33333 2.36667 2.4 2.43333 2.46667 2.5 2.53333 2.56667 2.6 2.63333 2.66667 2.7 2.73333 2.76667 2.8 2.83333 2.86667 2.9 2.93333 2.96667 3 3.03333 3.06667 3.1 3.13333 3.16667 3.2 3.23333 3.26667 3.3 3.33333 3.36667 3.4 3.43333 3.46667 3.5</float_array>
        <technique_common>
          <accessor source="#LeftForeArm_Helper1_matrix_LeftForeArm_Helper1_transform-input-array" count="106" stride="1">
            <param name="TIME" type="float"/>
          </accessor>
        </technique_common>
        <technique profile="MAYA">
          <pre_infinity>CONSTANT</pre_infinity>
          <post_infinity>CONSTANT</post_infinity>
        </technique>
      </source>
      <source id="LeftForeArm_Helper1_matrix_LeftForeArm_Helper1_transform-output">
        <float_array id="LeftForeArm_Helper1_matrix_LeftForeArm_Helper1_transform-output-array" count="1696">0.987122 0 0.159967 0 0 1 0 0.078445 -0.159967 0 0.987122 0 0 0 0 1 0.987122 0 0.159967 0 0 1 0 0.078445 -0.159967 0 0.987122 0 0 0 0 1 0.987122 0 0.159967 0 0 1 0 0.078445 -0.159967 0 0.987122 0 0 0 0 1 0.987125 0 0.159954 0 0 1 0 0.078445 -0.159954 0 0.987125 0 0 0 0 1 0.987138 0 0.159868 0 0 1 0 0.078445 -0.159868 0 0.987138 0 0 0 0 1 0.987176 0 0.159634 0 0 1 0 0.078445 -0.159634 0 0.987176 0 0 0 0 1 0.987241 0 0.159231 0 0 1 0 0.078445 -0.159231 0 0.987241 0 0 0 0 1 0.987321 0 0.158734 0 0 1 0 0.078445 -0.158734 0 0.987321 0 0 0 0 1 0.987399 0 0.158248 0 0 1 0 0.078445 -0.158248 0 0.987399 0 0 0 0 1 0.987463 0 0.15785 0 0 1 0 0.078445 -0.15785 0 0.987463 0 0 0 0 1 0.987507 0 0.157577 0 0 1 0 0.078445 -0.157577 0 0.987507 0 0 0 0 1 0.987526 0 0.157459 0 0 1 0 0.078445 -0.157459 0 0.987526 0 0 0 0 1 0.987524 0 0.157467 0 0 1 0 0.078445 -0.157467 0 0.987524 0 0 0 0 1 0.987521 0 0.157487 0 0 1 0 0.078445 -0.157487 0 0.987521 0 0 0 0 1 0.987534 0 0.157404 0 0 1 0 0.078445 -0.157404 0 0.987534 0 0 0 0 1 0.987566 0 0.157207 0 0 1 0 0.078445 -0.157207 0 0.987566 0 0 0 0 1 0.987597 0 0.157008 0 0 1 0 0.078445 -0.157008 0 0.987597 0 0 0 0 1 0.987609 0 0.156936 0 0 1 0 0.078445 -0.156936 0 0.987609 0 0 0 0 1 0.987588 0 0.157064 0 0 1 0 0.078445 -0.157064 0 0.987588 0 0 0 0 1 0.987539 0 0.157375 0 0 1 0 0.078445 -0.157375 0 0.987539 0 0 0 0 1 0.987475 0 0.157775 0 0 1 0 0.078445 -0.157775 0 0.987475 0 0 0 0 1 0.987413 0 0.158163 0 0 1 0 0.078445 -0.158163 0 0.987413 0 0 0 0 1 0.987363 0 0.158476 0 0 1 0 0.078445 -0.158476 0 0.987363 0 0 0 0 1 0.987328 0 0.158695 0 0 1 0 0.078445 -0.158695 0 0.987328 0 0 0 0 1 0.987305 0 0.158837 0 0 1 0 0.078445 -0.158837 0 0.987305 0 0 0 0 1 0.987289 0 0.158936 0 0 1 0 0.078445 -0.158936 0 0.987289 0 0 0 0 1 0.987277 0 0.159013 0 0 1 0 0.078445 -0.159013 0 0.987277 0 0 0 0 1 0.987271 0 0.159047 0 0 1 0 0.078445 -0.159047 0 0.987271 0 0 0 0 1 0.987276 0 0.159017 0 0 1 0 0.078445 -0.159017 0 0.987276 0 0 0 0 1 0.987285 0 0.15896 0 0 1 0 0.078445 -0.15896 0 0.987285 0 0 0 0 1 0.987296 0 0.158894 0 0 1 0 0.078445 -0.158894 0 0.987296 0 0 0 0 1 0.987309 0 0.158811 0 0 1 0 0.078445 -0.158811 0 0.987309 0 0 0 0 1 0.987327 0 0.158698 0 0 1 0 0.078445 -0.158698 0 0.987327 0 0 0 0 1 0.987347 0 0.158577 0 0 1 0 0.078445 -0.158577 0 0.987347 0 0 0 0 1 0.98736 0 0.158496 0 0 1 0 0.078445 -0.158496 0 0.98736 0 0 0 0 1 0.987364 0 0.158468 0 0 1 0 0.078445 -0.158468 0 0.987364 0 0 0 0 1 0.987361 0 0.158485 0 0 1 0 0.078445 -0.158485 0 0.987361 0 0 0 0 1 0.987352 0 0.158546 0 0 1 0 0.078445 -0.158546 0 0.987352 0 0 0 0 1 0.987337 0 0.158634 0 0 1 0 0.078445 -0.158634 0 0.987337 0 0 0 0 1 0.987328 0 0.158692 0 0 1 0 0.078445 -0.158692 0 0.987328 0 0 0 0 1 0.987333 0 0.158664 0 0 1 0 0.078445 -0.158664 0 0.987333 0 0 0 0 1 0.98735 0 0.158557 0 0 1 0 0.078445 -0.158557 0 0.98735 0 0 0 0 1 0.987364 0 0.15847 0 0 1 0 0.078445 -0.15847 0 0.987364 0 0 0 0 1 0.987356 0 0.15852 0 0 1 0 0.078445 -0.15852 0 0.987356 0 0 0 0 1 0.987318 0 0.158753 0 0 1 0 0.078445 -0.158753 0 0.987318 0 0 0 0 1 0.987264 0 0.15909 0 0 1 0 0.078445 -0.15909 0 0.987264 0 0 0 0 1 0.98722 0 0.159362 0 0 1 0 0.078445 -0.159362 0 0.98722 0 0 0 0 1 0.987211 0 0.159421 0 0 1 0 0.078445 -0.159421 0 0.987211 0 0 0 0 1 0.987241 0 0.159235 0 0 1 0 0.078445 -0.159235 0 0.987241 0 0 0 0 1 0.987295 0 0.158897 0 0 1 0 0.078445 -0.158897 0 0.987295 0 0 0 0 1 0.987349 0 0.158564 0 0 1 0 0.078445 -0.158564 0 0.987349 0 0 0 0 1 0.987381 0 0.158366 0 0 1 0 0.078445 -0.158366 0 0.987381 0 0 0 0 1 0.987383 0 0.15835 0 0 1 0 0.078445 -0.15835 0 0.987383 0 0 0 0 1 0.987359 0 0.1585 0 0 1 0 0.078445 -0.1585 0 0.987359 0 0 0 0 1 0.987317 0 0.15876 0 0 1 0 0.078445 -0.15876 0 0.987317 0 0 0 0 1 0.987273 0 0.159035 0 0 1 0 0.078445 -0.159035 0 0.987273 0 0 0 0 1 0.987245 0 0.159209 0 0 1 0 0.078445 -0.159209 0 0.987245 0 0 0 0 1 0.98724 0 0.159239 0 0 1 0 0.078445 -0.159239 0 0.98724 0 0 0 0 1 0.987237 0 0.15926 0 0 1 0 0.078445 -0.15926 0 0.987237 0 0 0 0 1 0.987234 0 0.159279 0 0 1 0 0.078445 -0.159279 0 0.987234 0 0 0 0 1 0.987233 0 0.159285 0 0 1 0 0.078445 -0.159285 0 0.987233 0 0 0 0 1 0.987235 0 0.15927 0 0 1 0 0.078445 -0.15927 0 0.987235 0 0 0 0 1 0.987246 0 0.159204 0 0 1 0 0.078445 -0.159204 0 0.987246 0 0 0 0 1 0.987275 0 0.159019 0 0 1 0 0.078445 -0.159019 0 0.987275 0 0 0 0 1 0.98731 0 0.158803 0 0 1 0 0.078445 -0.158803 0 0.98731 0 0 0 0 1 0.987327 0 0.158698 0 0 1 0 0.078445 -0.158698 0 0.987327 0 0 0 0 1 0.987314 0 0.158782 0 0 1 0 0.078445 -0.158782 0 0.987314 0 0 0 0 1 0.987283 0 0.158973 0 0 1 0 0.078445 -0.158973 0 0.987283 0 0 0 0 1 0.987271 0 0.159046 0 0 1 0 0.078445 -0.159046 0 0.987271 0 0 0 0 1 0.987311 0 0.158796 0 0 1 0 0.078445 -0.158796 0 0.987311 0 0 0 0 1 0.987407 0 0.158199 0 0 1 0 0.078445 -0.158199 0 0.987407 0 0 0 0 1 0.987524 0 0.157467 0 0 1 0 0.078445 -0.157467 0 0.987524 0 0 0 0 1 0.98761 0 0.156926 0 0 1 0 0.078445 -0.156926 0 0.98761 0 0 0 0 1 0.987634 0 0.156775 0 0 1 0 0.078445 -0.156775 0 0.987634 0 0 0 0 1 0.987604 0 0.156965 0 0 1 0 0.078445 -0.156965 0 0.987604 0 0 0 0 1 0.987553 0 0.157286 0 0 1 0 0.078445 -0.157286 0 0.987553 0 0 0 0 1 0.987508 0 0.157567 0 0 1 0 0.078445 -0.157567 0 0.987508 0 0 0 0 1 0.987473 0 0.157786 0 0 1 0 0.078445 -0.157786 0 0.987473 0 0 0 0 1 0.987432 0 0.158043 0 0 1 0 0.078445 -0.158043 0 0.987432 0 0 0 0 1 0.987371 0 0.158423 0 0 1 0 0.078445 -0.158423 0 0.987371 0 0 0 0 1 0.987297 0 0.158884 0 0 1 0 0.078445 -0.158884 0 0.987297 0 0 0 0 1 0.987232 0 0.15929 0 0 1 0 0.078445 -0.15929 0 0.987232 0 0 0 0 1 0.98719 0 0.159551 0 0 1 0 0.078445 -0.159551 0 0.98719 0 0 0 0 1 0.987166 0 0.159697 0 0 1 0 0.078445 -0.159697 0 0.987166 0 0 0 0 1 0.987147 0 0.159816 0 0 1 0 0.078445 -0.159816 0 0.987147 0 0 0 0 1 0.987132 0 0.159909 0 0 1 0 0.078445 -0.159909 0 0.987132 0 0 0 0 1 0.987124 0 0.159957 0 0 1 0 0.078445 -0.159957 0 0.987124 0 0 0 0 1 0.987136 0 0.159885 0 0 1 0 0.078445 -0.159885 0 0.987136 0 0 0 0 1 0.987169 0 0.159681 0 0 1 0 0.078445 -0.159681 0 0.987169 0 0 0 0 1 0.987214 0 0.159402 0 0 1 0 0.078445 -0.159402 0 0.987214 0 0 0 0 1 0.987258 0 0.159126 0 0 1 0 0.078445 -0.159126 0 0.987258 0 0 0 0 1 0.987293 0 0.158913 0 0 1 0 0.078445 -0.158913 0 0.987293 0 0 0 0 1 0.987309 0 0.15881 0 0 1 0 0.078445 -0.15881 0 0.987309 0 0 0 0 1 0.987305 0 0.158835 0 0 1 0 0.078445 -0.158835 0 0.987305 0 0 0 0 1 0.987291 0 0.158924 0 0 1 0 0.078445 -0.158924 0 0.987291 0 0 0 0 1 0.987287 0 0.158949 0 0 1 0 0.078445 -0.158949 0 0.987287 0 0 0 0 1 0.987306 0 0.158828 0 0 1 0 0.078445 -0.158828 0 0.987306 0 0 0 0 1 0.987339 0 0.158622 0 0 1 0 0.078445 -0.158622 0 0.987339 0 0 0 0 1 0.987364 0 0.158466 0 0 1 0 0.078445 -0.158466 0 0.987364 0 0 0 0 1 0.987375 0 0.158401 0 0 1 0 0.078445 -0.158401 0 0.987375 0 0 0 0 1 0.987384 0 0.158347 0 0 1 0 0.078445 -0.158347 0 0.987384 0 0 0 0 1 0.987397 0 0.158263 0 0 1 0 0.078445 -0.158263 0 0.987397 0 0 0 0 1 0.987396 0 0.158267 0 0 1 0 0.078445 -0.158267 0 0.987396 0 0 0 0 1 0.987346 0 0.158582 0 0 1 0 0.078445 -0.158582 0 0.987346 0 0 0 0 1 0.98722 0 0.159366 0 0 1 0 0.078445 -0.159366 0 0.98722 0 0 0 0 1 0.987126 0 0.159945 0 0 1 0 0.078445 -0.159945 0 0.987126 0 0 0 0 1</float_array>
        <technique_common>
          <accessor source="#LeftForeArm_Helper1_matrix_LeftForeArm_Helper1_transform-output-array" count="106" stride="16">
            <param name="TRANSFORM" type="float4x4"/>
          </accessor>
        </technique_common>
      </source>
      <source id="LeftForeArm_Helper1_matrix_LeftForeArm_Helper1_transform-interpolations">
        <Name_array id="LeftForeArm_Helper1_matrix_LeftForeArm_Helper1_transform-interpolations-array" count="106">LINEAR LINEAR LINEAR LINEAR LINEAR LINEAR LINEAR LINEAR LINEAR LINEAR LINEAR LINEAR LINEAR LINEAR LINEAR LINEAR LINEAR LINEAR LINEAR LINEAR LINEAR LINEAR LINEAR LINEAR LINEAR LINEAR LINEAR LINEAR LINEAR LINEAR LINEAR LINEAR LINEAR LINEAR LINEAR LINEAR LINEAR LINEAR LINEAR LINEAR LINEAR LINEAR LINEAR LINEAR LINEAR LINEAR LINEAR LINEAR LINEAR LINEAR LINEAR LINEAR LINEAR LINEAR LINEAR LINEAR LINEAR LINEAR LINEAR LINEAR LINEAR LINEAR LINEAR LINEAR LINEAR LINEAR LINEAR LINEAR LINEAR LINEAR LINEAR LINEAR LINEAR LINEAR LINEAR LINEAR LINEAR LINEAR LINEAR LINEAR LINEAR LINEAR LINEAR LINEAR LINEAR LINEAR LINEAR LINEAR LINEAR LINEAR LINEAR LINEAR LINEAR LINEAR LINEAR LINEAR LINEAR LINEAR LINEAR LINEAR LINEAR LINEAR LINEAR LINEAR LINEAR LINEAR</Name_array>
        <technique_common>
          <accessor source="#LeftForeArm_Helper1_matrix_LeftForeArm_Helper1_transform-interpolations-array" count="106" stride="1">
            <param name="INTERPOLATION" type="Name"/>
          </accessor>
        </technique_common>
      </source>
      <sampler id="LeftForeArm_Helper1_matrix_LeftForeArm_Helper1_transform-sampler">
        <input semantic="INPUT" source="#LeftForeArm_Helper1_matrix_LeftForeArm_Helper1_transform-input"/>
        <input semantic="OUTPUT" source="#LeftForeArm_Helper1_matrix_LeftForeArm_Helper1_transform-output"/>
        <input semantic="INTERPOLATION" source="#LeftForeArm_Helper1_matrix_LeftForeArm_Helper1_transform-interpolations"/>
      </sampler>
      <channel source="#LeftForeArm_Helper1_matrix_LeftForeArm_Helper1_transform-sampler" target="LeftForeArm_Helper1/transform"/>
    </animation>
    <animation id="LeftForeArm_Helper2_matrix">
      <source id="LeftForeArm_Helper2_matrix_LeftForeArm_Helper2_transform-input">
        <float_array id="LeftForeArm_Helper2_matrix_LeftForeArm_Helper2_transform-input-array" count="106">0 0.033333 0.066666 0.1 0.133333 0.166667 0.2 0.233333 0.266667 0.3 0.333333 0.366667 0.4 0.433333 0.466667 0.5 0.533333 0.566667 0.6 0.633333 0.666667 0.7 0.733333 0.766667 0.8 0.833333 0.866667 0.9 0.933333 0.966667 1 1.03333 1.06667 1.1 1.13333 1.16667 1.2 1.23333 1.26667 1.3 1.33333 1.36667 1.4 1.43333 1.46667 1.5 1.53333 1.56667 1.6 1.63333 1.66667 1.7 1.73333 1.76667 1.8 1.83333 1.86667 1.9 1.93333 1.96667 2 2.03333 2.06667 2.1 2.13333 2.16667 2.2 2.23333 2.26667 2.3 2.33333 2.36667 2.4 2.43333 2.46667 2.5 2.53333 2.56667 2.6 2.63333 2.66667 2.7 2.73333 2.76667 2.8 2.83333 2.86667 2.9 2.93333 2.96667 3 3.03333 3.06667 3.1 3.13333 3.16667 3.2 3.23333 3.26667 3.3 3.33333 3.36667 3.4 3.43333 3.46667 3.5</float_array>
        <technique_common>
          <accessor source="#LeftForeArm_Helper2_matrix_LeftForeArm_Helper2_transform-input-array" count="106" stride="1">
            <param name="TIME" type="float"/>
          </accessor>
        </technique_common>
        <technique profile="MAYA">
          <pre_infinity>CONSTANT</pre_infinity>
          <post_infinity>CONSTANT</post_infinity>
        </technique>
      </source>
      <source id="LeftForeArm_Helper2_matrix_LeftForeArm_Helper2_transform-output">
        <float_array id="LeftForeArm_Helper2_matrix_LeftForeArm_Helper2_transform-output-array" count="1696">0.987122 0 0.159967 0 0 1 0 0.153671 -0.159967 0 0.987122 0 0 0 0 1 0.987122 0 0.159967 0 0 1 0 0.153671 -0.159967 0 0.987122 0 0 0 0 1 0.987122 0 0.159967 0 0 1 0 0.153671 -0.159967 0 0.987122 0 0 0 0 1 0.987125 0 0.159954 0 0 1 0 0.153671 -0.159954 0 0.987125 0 0 0 0 1 0.987138 0 0.159868 0 0 1 0 0.153671 -0.159868 0 0.987138 0 0 0 0 1 0.987176 0 0.159634 0 0 1 0 0.153671 -0.159634 0 0.987176 0 0 0 0 1 0.987241 0 0.159231 0 0 1 0 0.153671 -0.159231 0 0.987241 0 0 0 0 1 0.987321 0 0.158734 0 0 1 0 0.153671 -0.158734 0 0.987321 0 0 0 0 1 0.987399 0 0.158248 0 0 1 0 0.153671 -0.158248 0 0.987399 0 0 0 0 1 0.987463 0 0.15785 0 0 1 0 0.153671 -0.15785 0 0.987463 0 0 0 0 1 0.987507 0 0.157577 0 0 1 0 0.153671 -0.157577 0 0.987507 0 0 0 0 1 0.987526 0 0.157459 0 0 1 0 0.153671 -0.157459 0 0.987526 0 0 0 0 1 0.987524 0 0.157467 0 0 1 0 0.153671 -0.157467 0 0.987524 0 0 0 0 1 0.987521 0 0.157487 0 0 1 0 0.153671 -0.157487 0 0.987521 0 0 0 0 1 0.987534 0 0.157404 0 0 1 0 0.153671 -0.157404 0 0.987534 0 0 0 0 1 0.987566 0 0.157207 0 0 1 0 0.153671 -0.157207 0 0.987566 0 0 0 0 1 0.987597 0 0.157008 0 0 1 0 0.153671 -0.157008 0 0.987597 0 0 0 0 1 0.987609 0 0.156936 0 0 1 0 0.153671 -0.156936 0 0.987609 0 0 0 0 1 0.987588 0 0.157064 0 0 1 0 0.153671 -0.157064 0 0.987588 0 0 0 0 1 0.987539 0 0.157375 0 0 1 0 0.153671 -0.157375 0 0.987539 0 0 0 0 1 0.987475 0 0.157775 0 0 1 0 0.153671 -0.157775 0 0.987475 0 0 0 0 1 0.987413 0 0.158163 0 0 1 0 0.153671 -0.158163 0 0.987413 0 0 0 0 1 0.987363 0 0.158476 0 0 1 0 0.153671 -0.158476 0 0.987363 0 0 0 0 1 0.987328 0 0.158695 0 0 1 0 0.153671 -0.158695 0 0.987328 0 0 0 0 1 0.987305 0 0.158837 0 0 1 0 0.153671 -0.158837 0 0.987305 0 0 0 0 1 0.987289 0 0.158936 0 0 1 0 0.153671 -0.158936 0 0.987289 0 0 0 0 1 0.987277 0 0.159013 0 0 1 0 0.153671 -0.159013 0 0.987277 0 0 0 0 1 0.987271 0 0.159047 0 0 1 0 0.153671 -0.159047 0 0.987271 0 0 0 0 1 0.987276 0 0.159017 0 0 1 0 0.153671 -0.159017 0 0.987276 0 0 0 0 1 0.987285 0 0.15896 0 0 1 0 0.153671 -0.15896 0 0.987285 0 0 0 0 1 0.987296 0 0.158894 0 0 1 0 0.153671 -0.158894 0 0.987296 0 0 0 0 1 0.987309 0 0.158811 0 0 1 0 0.153671 -0.158811 0 0.987309 0 0 0 0 1 0.987327 0 0.158698 0 0 1 0 0.153671 -0.158698 0 0.987327 0 0 0 0 1 0.987347 0 0.158577 0 0 1 0 0.153671 -0.158577 0 0.987347 0 0 0 0 1 0.98736 0 0.158496 0 0 1 0 0.153671 -0.158496 0 0.98736 0 0 0 0 1 0.987364 0 0.158468 0 0 1 0 0.153671 -0.158468 0 0.987364 0 0 0 0 1 0.987361 0 0.158485 0 0 1 0 0.153671 -0.158485 0 0.987361 0 0 0 0 1 0.987352 0 0.158546 0 0 1 0 0.153671 -0.158546 0 0.987352 0 0 0 0 1 0.987337 0 0.158634 0 0 1 0 0.153671 -0.158634 0 0.987337 0 0 0 0 1 0.987328 0 0.158692 0 0 1 0 0.153671 -0.158692 0 0.987328 0 0 0 0 1 0.987333 0 0.158664 0 0 1 0 0.153671 -0.158664 0 0.987333 0 0 0 0 1 0.98735 0 0.158557 0 0 1 0 0.153671 -0.158557 0 0.98735 0 0 0 0 1 0.987364 0 0.15847 0 0 1 0 0.153671 -0.15847 0 0.987364 0 0 0 0 1 0.987356 0 0.15852 0 0 1 0 0.153671 -0.15852 0 0.987356 0 0 0 0 1 0.987318 0 0.158753 0 0 1 0 0.153671 -0.158753 0 0.987318 0 0 0 0 1 0.987264 0 0.15909 0 0 1 0 0.153671 -0.15909 0 0.987264 0 0 0 0 1 0.98722 0 0.159362 0 0 1 0 0.153671 -0.159362 0 0.98722 0 0 0 0 1 0.987211 0 0.159421 0 0 1 0 0.153671 -0.159421 0 0.987211 0 0 0 0 1 0.987241 0 0.159235 0 0 1 0 0.153671 -0.159235 0 0.987241 0 0 0 0 1 0.987295 0 0.158897 0 0 1 0 0.153671 -0.158897 0 0.987295 0 0 0 0 1 0.987349 0 0.158564 0 0 1 0 0.153671 -0.158564 0 0.987349 0 0 0 0 1 0.987381 0 0.158366 0 0 1 0 0.153671 -0.158366 0 0.987381 0 0 0 0 1 0.987383 0 0.15835 0 0 1 0 0.153671 -0.15835 0 0.987383 0 0 0 0 1 0.987359 0 0.1585 0 0 1 0 0.153671 -0.1585 0 0.987359 0 0 0 0 1 0.987317 0 0.15876 0 0 1 0 0.153671 -0.15876 0 0.987317 0 0 0 0 1 0.987273 0 0.159035 0 0 1 0 0.153671 -0.159035 0 0.987273 0 0 0 0 1 0.987245 0 0.159209 0 0 1 0 0.153671 -0.159209 0 0.987245 0 0 0 0 1 0.98724 0 0.159239 0 0 1 0 0.153671 -0.159239 0 0.98724 0 0 0 0 1 0.987237 0 0.15926 0 0 1 0 0.153671 -0.15926 0 0.987237 0 0 0 0 1 0.987234 0 0.159279 0 0 1 0 0.153671 -0.159279 0 0.987234 0 0 0 0 1 0.987233 0 0.159285 0 0 1 0 0.153671 -0.159285 0 0.987233 0 0 0 0 1 0.987235 0 0.15927 0 0 1 0 0.153671 -0.15927 0 0.987235 0 0 0 0 1 0.987246 0 0.159204 0 0 1 0 0.153671 -0.159204 0 0.987246 0 0 0 0 1 0.987275 0 0.159019 0 0 1 0 0.153671 -0.159019 0 0.987275 0 0 0 0 1 0.98731 0 0.158803 0 0 1 0 0.153671 -0.158803 0 0.98731 0 0 0 0 1 0.987327 0 0.158698 0 0 1 0 0.153671 -0.158698 0 0.987327 0 0 0 0 1 0.987314 0 0.158782 0 0 1 0 0.153671 -0.158782 0 0.987314 0 0 0 0 1 0.987283 0 0.158973 0 0 1 0 0.153671 -0.158973 0 0.987283 0 0 0 0 1 0.987271 0 0.159046 0 0 1 0 0.153671 -0.159046 0 0.987271 0 0 0 0 1 0.987311 0 0.158796 0 0 1 0 0.153671 -0.158796 0 0.987311 0 0 0 0 1 0.987407 0 0.158199 0 0 1 0 0.153671 -0.158199 0 0.987407 0 0 0 0 1 0.987524 0 0.157467 0 0 1 0 0.153671 -0.157467 0 0.987524 0 0 0 0 1 0.98761 0 0.156926 0 0 1 0 0.153671 -0.156926 0 0.98761 0 0 0 0 1 0.987634 0 0.156775 0 0 1 0 0.153671 -0.156775 0 0.987634 0 0 0 0 1 0.987604 0 0.156965 0 0 1 0 0.153671 -0.156965 0 0.987604 0 0 0 0 1 0.987553 0 0.157286 0 0 1 0 0.153671 -0.157286 0 0.987553 0 0 0 0 1 0.987508 0 0.157567 0 0 1 0 0.153671 -0.157567 0 0.987508 0 0 0 0 1 0.987473 0 0.157786 0 0 1 0 0.153671 -0.157786 0 0.987473 0 0 0 0 1 0.987432 0 0.158043 0 0 1 0 0.153671 -0.158043 0 0.987432 0 0 0 0 1 0.987371 0 0.158423 0 0 1 0 0.153671 -0.158423 0 0.987371 0 0 0 0 1 0.987297 0 0.158884 0 0 1 0 0.153671 -0.158884 0 0.987297 0 0 0 0 1 0.987232 0 0.15929 0 0 1 0 0.153671 -0.15929 0 0.987232 0 0 0 0 1 0.98719 0 0.159551 0 0 1 0 0.153671 -0.159551 0 0.98719 0 0 0 0 1 0.987166 0 0.159697 0 0 1 0 0.153671 -0.159697 0 0.987166 0 0 0 0 1 0.987147 0 0.159816 0 0 1 0 0.153671 -0.159816 0 0.987147 0 0 0 0 1 0.987132 0 0.159909 0 0 1 0 0.153671 -0.159909 0 0.987132 0 0 0 0 1 0.987124 0 0.159957 0 0 1 0 0.153671 -0.159957 0 0.987124 0 0 0 0 1 0.987136 0 0.159885 0 0 1 0 0.153671 -0.159885 0 0.987136 0 0 0 0 1 0.987169 0 0.159681 0 0 1 0 0.153671 -0.159681 0 0.987169 0 0 0 0 1 0.987214 0 0.159402 0 0 1 0 0.153671 -0.159402 0 0.987214 0 0 0 0 1 0.987258 0 0.159126 0 0 1 0 0.153671 -0.159126 0 0.987258 0 0 0 0 1 0.987293 0 0.158913 0 0 1 0 0.153671 -0.158913 0 0.987293 0 0 0 0 1 0.987309 0 0.15881 0 0 1 0 0.153671 -0.15881 0 0.987309 0 0 0 0 1 0.987305 0 0.158835 0 0 1 0 0.153671 -0.158835 0 0.987305 0 0 0 0 1 0.987291 0 0.158924 0 0 1 0 0.153671 -0.158924 0 0.987291 0 0 0 0 1 0.987287 0 0.158949 0 0 1 0 0.153671 -0.158949 0 0.987287 0 0 0 0 1 0.987306 0 0.158828 0 0 1 0 0.153671 -0.158828 0 0.987306 0 0 0 0 1 0.987339 0 0.158622 0 0 1 0 0.153671 -0.158622 0 0.987339 0 0 0 0 1 0.987364 0 0.158466 0 0 1 0 0.153671 -0.158466 0 0.987364 0 0 0 0 1 0.987375 0 0.158401 0 0 1 0 0.153671 -0.158401 0 0.987375 0 0 0 0 1 0.987384 0 0.158347 0 0 1 0 0.153671 -0.158347 0 0.987384 0 0 0 0 1 0.987397 0 0.158263 0 0 1 0 0.153671 -0.158263 0 0.987397 0 0 0 0 1 0.987396 0 0.158267 0 0 1 0 0.153671 -0.158267 0 0.987396 0 0 0 0 1 0.987346 0 0.158582 0 0 1 0 0.153671 -0.158582 0 0.987346 0 0 0 0 1 0.98722 0 0.159366 0 0 1 0 0.153671 -0.159366 0 0.98722 0 0 0 0 1 0.987126 0 0.159945 0 0 1 0 0.153671 -0.159945 0 0.987126 0 0 0 0 1</float_array>
        <technique_common>
          <accessor source="#LeftForeArm_Helper2_matrix_LeftForeArm_Helper2_transform-output-array" count="106" stride="16">
            <param name="TRANSFORM" type="float4x4"/>
          </accessor>
        </technique_common>
      </source>
      <source id="LeftForeArm_Helper2_matrix_LeftForeArm_Helper2_transform-interpolations">
        <Name_array id="LeftForeArm_Helper2_matrix_LeftForeArm_Helper2_transform-interpolations-array" count="106">LINEAR LINEAR LINEAR LINEAR LINEAR LINEAR LINEAR LINEAR LINEAR LINEAR LINEAR LINEAR LINEAR LINEAR LINEAR LINEAR LINEAR LINEAR LINEAR LINEAR LINEAR LINEAR LINEAR LINEAR LINEAR LINEAR LINEAR LINEAR LINEAR LINEAR LINEAR LINEAR LINEAR LINEAR LINEAR LINEAR LINEAR LINEAR LINEAR LINEAR LINEAR LINEAR LINEAR LINEAR LINEAR LINEAR LINEAR LINEAR LINEAR LINEAR LINEAR LINEAR LINEAR LINEAR LINEAR LINEAR LINEAR LINEAR LINEAR LINEAR LINEAR LINEAR LINEAR LINEAR LINEAR LINEAR LINEAR LINEAR LINEAR LINEAR LINEAR LINEAR LINEAR LINEAR LINEAR LINEAR LINEAR LINEAR LINEAR LINEAR LINEAR LINEAR LINEAR LINEAR LINEAR LINEAR LINEAR LINEAR LINEAR LINEAR LINEAR LINEAR LINEAR LINEAR LINEAR LINEAR LINEAR LINEAR LINEAR LINEAR LINEAR LINEAR LINEAR LINEAR LINEAR LINEAR</Name_array>
        <technique_common>
          <accessor source="#LeftForeArm_Helper2_matrix_LeftForeArm_Helper2_transform-interpolations-array" count="106" stride="1">
            <param name="INTERPOLATION" type="Name"/>
          </accessor>
        </technique_common>
      </source>
      <sampler id="LeftForeArm_Helper2_matrix_LeftForeArm_Helper2_transform-sampler">
        <input semantic="INPUT" source="#LeftForeArm_Helper2_matrix_LeftForeArm_Helper2_transform-input"/>
        <input semantic="OUTPUT" source="#LeftForeArm_Helper2_matrix_LeftForeArm_Helper2_transform-output"/>
        <input semantic="INTERPOLATION" source="#LeftForeArm_Helper2_matrix_LeftForeArm_Helper2_transform-interpolations"/>
      </sampler>
      <channel source="#LeftForeArm_Helper2_matrix_LeftForeArm_Helper2_transform-sampler" target="LeftForeArm_Helper2/transform"/>
    </animation>
    <animation id="LeftArm_Helper2_matrix">
      <source id="LeftArm_Helper2_matrix_LeftArm_Helper2_transform-input">
        <float_array id="LeftArm_Helper2_matrix_LeftArm_Helper2_transform-input-array" count="106">0 0.033333 0.066666 0.1 0.133333 0.166667 0.2 0.233333 0.266667 0.3 0.333333 0.366667 0.4 0.433333 0.466667 0.5 0.533333 0.566667 0.6 0.633333 0.666667 0.7 0.733333 0.766667 0.8 0.833333 0.866667 0.9 0.933333 0.966667 1 1.03333 1.06667 1.1 1.13333 1.16667 1.2 1.23333 1.26667 1.3 1.33333 1.36667 1.4 1.43333 1.46667 1.5 1.53333 1.56667 1.6 1.63333 1.66667 1.7 1.73333 1.76667 1.8 1.83333 1.86667 1.9 1.93333 1.96667 2 2.03333 2.06667 2.1 2.13333 2.16667 2.2 2.23333 2.26667 2.3 2.33333 2.36667 2.4 2.43333 2.46667 2.5 2.53333 2.56667 2.6 2.63333 2.66667 2.7 2.73333 2.76667 2.8 2.83333 2.86667 2.9 2.93333 2.96667 3 3.03333 3.06667 3.1 3.13333 3.16667 3.2 3.23333 3.26667 3.3 3.33333 3.36667 3.4 3.43333 3.46667 3.5</float_array>
        <technique_common>
          <accessor source="#LeftArm_Helper2_matrix_LeftArm_Helper2_transform-input-array" count="106" stride="1">
            <param name="TIME" type="float"/>
          </accessor>
        </technique_common>
        <technique profile="MAYA">
          <pre_infinity>CONSTANT</pre_infinity>
          <post_infinity>CONSTANT</post_infinity>
        </technique>
      </source>
      <source id="LeftArm_Helper2_matrix_LeftArm_Helper2_transform-output">
        <float_array id="LeftArm_Helper2_matrix_LeftArm_Helper2_transform-output-array" count="1696">0.732001 -0.005814 0.681279 0 0.676391 0.126066 -0.725674 0.188543 -0.081666 0.992005 0.096213 0 0 0 0 1 0.732005 -0.005673 0.681276 0 0.676367 0.126164 -0.72568 0.188543 -0.081835 0.991993 0.09619 0 0 0 0 1 0.731971 -0.005451 0.681314 0 0.676368 0.126348 -0.725646 0.188543 -0.082126 0.991971 0.09617 0 0 0 0 1 0.731851 -0.005166 0.681445 0 0.676447 0.126633 -0.725523 0.188543 -0.082545 0.991936 0.09617 0 0 0 0 1 0.731623 -0.004852 0.681692 0 0.676629 0.127018 -0.725285 0.188543 -0.083067 0.991888 0.096213 0 0 0 0 1 0.731301 -0.00453 0.68204 0 0.676906 0.12747 -0.724949 0.188543 -0.083654 0.991832 0.096285 0 0 0 0 1 0.730916 -0.004207 0.682454 0 0.677243 0.127966 -0.724546 0.188543 -0.084282 0.99177 0.096382 0 0 0 0 1 0.730467 -0.003919 0.682936 0 0.67765 0.128467 -0.724076 0.188543 -0.084896 0.991706 0.096496 0 0 0 0 1 0.729889 -0.003743 0.683556 0 0.67821 0.128906 -0.723474 0.188543 -0.085405 0.99165 0.096626 0 0 0 0 1 0.729097 -0.003645 0.684401 0 0.678997 0.129381 -0.722651 0.188543 -0.085914 0.991588 0.096807 0 0 0 0 1 0.728051 -0.003523 0.685514 0 0.68003 0.13005 -0.721558 0.188543 -0.086608 0.991501 0.097078 0 0 0 0 1 0.726803 -0.003253 0.686838 0 0.681225 0.13108 -0.720243 0.188543 -0.087687 0.991366 0.097485 0 0 0 0 1 0.72544 -0.002922 0.688279 0 0.682507 0.132355 -0.718795 0.188543 -0.088996 0.991198 0.098009 0 0 0 0 1 0.724042 -0.002695 0.68975 0 0.683824 0.133659 -0.7173 0.188543 -0.090258 0.991024 0.098618 0 0 0 0 1 0.722721 -0.002561 0.691135 0 0.685067 0.134923 -0.715876 0.188543 -0.091416 0.990853 0.099266 0 0 0 0 1 0.721648 -0.002484 0.692255 0 0.68606 0.136099 -0.714702 0.188543 -0.092439 0.990692 0.09992 0 0 0 0 1 0.721003 -0.002305 0.692928 0 0.686597 0.13729 -0.713958 0.188543 -0.093486 0.990528 0.100569 0 0 0 0 1 0.720795 -0.002093 0.693145 0 0.686685 0.138394 -0.71366 0.188543 -0.094433 0.990375 0.101191 0 0 0 0 1 0.720899 -0.001896 0.693038 0 0.686464 0.139392 -0.713679 0.188543 -0.09525 0.990236 0.101789 0 0 0 0 1 0.72125 -0.001691 0.692673 0 0.68599 0.140334 -0.713949 0.188543 -0.095998 0.990103 0.102376 0 0 0 0 1 0.721962 -0.001415 0.691931 0 0.685139 0.141248 -0.714586 0.188543 -0.096722 0.989973 0.102945 0 0 0 0 1 0.723194 -0.001087 0.690645 0 0.683751 0.142068 -0.715752 0.188543 -0.09734 0.989856 0.103486 0 0 0 0 1 0.724896 -0.000806 0.688858 0 0.68189 0.142714 -0.717397 0.188543 -0.097731 0.989764 0.104002 0 0 0 0 1 0.726752 -0.000709 0.686899 0 0.679899 0.143154 -0.719197 0.188543 -0.097822 0.9897 0.104521 0 0 0 0 1 0.728395 -0.000805 0.685157 0 0.678151 0.143499 -0.720777 0.188543 -0.097738 0.98965 0.10507 0 0 0 0 1 0.72964 -0.001037 0.68383 0 0.676829 0.14384 -0.721951 0.188543 -0.097613 0.9896 0.105653 0 0 0 0 1 0.730543 -0.001317 0.682866 0 0.675867 0.144217 -0.722777 0.188543 -0.097528 0.989545 0.106247 0 0 0 0 1 0.731263 -0.001586 0.682093 0 0.675093 0.144599 -0.723423 0.188543 -0.097482 0.989489 0.106811 0 0 0 0 1 0.731938 -0.001818 0.681368 0 0.674365 0.144964 -0.724028 0.188543 -0.097457 0.989435 0.107331 0 0 0 0 1 0.732629 -0.002045 0.680625 0 0.673621 0.145307 -0.724652 0.188543 -0.097417 0.989384 0.107834 0 0 0 0 1 0.733311 -0.002345 0.67989 0 0.672895 0.145612 -0.725265 0.188543 -0.097299 0.989339 0.108357 0 0 0 0 1 0.733882 -0.002815 0.679272 0 0.672316 0.145806 -0.725763 0.188543 -0.096998 0.989309 0.108897 0 0 0 0 1 0.734237 -0.003488 0.678884 0 0.672001 0.145858 -0.726044 0.188543 -0.096488 0.989299 0.109439 0 0 0 0 1 0.734351 -0.004306 0.678756 0 0.671969 0.145819 -0.726082 0.188543 -0.095848 0.989302 0.109976 0 0 0 0 1 0.734288 -0.005119 0.678819 0 0.672119 0.145832 -0.72594 0.188543 -0.095276 0.989296 0.110523 0 0 0 0 1 0.734126 -0.00585 0.678988 0 0.672355 0.145946 -0.725698 0.188543 -0.094849 0.989275 0.111076 0 0 0 0 1 0.733917 -0.006486 0.679209 0 0.672625 0.146151 -0.725407 0.188543 -0.094561 0.989241 0.111626 0 0 0 0 1 0.733644 -0.007077 0.679497 0 0.672953 0.14639 -0.725055 0.188543 -0.094339 0.989202 0.112161 0 0 0 0 1 0.733223 -0.007631 0.679945 0 0.673432 0.146667 -0.724554 0.188543 -0.094196 0.989156 0.112679 0 0 0 0 1 0.732577 -0.008091 0.680636 0 0.67413 0.147054 -0.723826 0.188543 -0.094233 0.989095 0.113183 0 0 0 0 1 0.731771 -0.008413 0.681499 0 0.674967 0.147597 -0.722935 0.188543 -0.094504 0.989012 0.113686 0 0 0 0 1 0.731021 -0.008619 0.682301 0 0.675723 0.148225 -0.7221 0.188543 -0.09491 0.988916 0.11418 0 0 0 0 1 0.730525 -0.008781 0.68283 0 0.676209 0.148796 -0.721527 0.188543 -0.095265 0.988829 0.114637 0 0 0 0 1 0.73029 -0.008989 0.683079 0 0.676441 0.149178 -0.72123 0.188543 -0.095417 0.988769 0.115024 0 0 0 0 1 0.730156 -0.009285 0.683217 0 0.676594 0.149362 -0.721049 0.188543 -0.095351 0.988739 0.115341 0 0 0 0 1 0.729952 -0.009712 0.68343 0 0.676853 0.149367 -0.720804 0.188543 -0.09508 0.988734 0.115605 0 0 0 0 1 0.729615 -0.010259 0.683781 0 0.677277 0.149227 -0.720436 0.188543 -0.094647 0.98875 0.115827 0 0 0 0 1 0.729177 -0.010872 0.684239 0 0.677822 0.148993 -0.719971 0.188543 -0.094119 0.988778 0.116012 0 0 0 0 1 0.728675 -0.011486 0.684763 0 0.678437 0.148719 -0.719449 0.188543 -0.093573 0.988813 0.116161 0 0 0 0 1 0.728167 -0.012087 0.685293 0 0.679057 0.14844 -0.718921 0.188543 -0.093034 0.988848 0.116297 0 0 0 0 1 0.727798 -0.012638 0.685675 0 0.67952 0.148196 -0.718534 0.188543 -0.092533 0.988877 0.116445 0 0 0 0 1 0.727766 -0.013088 0.685701 0 0.679613 0.14803 -0.71848 0.188543 -0.0921 0.988896 0.116626 0 0 0 0 1 0.728148 -0.013296 0.685291 0 0.679232 0.148035 -0.718839 0.188543 -0.091889 0.988893 0.116823 0 0 0 0 1 0.728796 -0.013201 0.684603 0 0.678524 0.148239 -0.719466 0.188543 -0.091986 0.988864 0.116993 0 0 0 0 1 0.729439 -0.012817 0.683925 0 0.677773 0.14863 -0.720092 0.188543 -0.092421 0.98881 0.117104 0 0 0 0 1 0.729877 -0.012214 0.68347 0 0.677203 0.149162 -0.720519 0.188543 -0.093147 0.988737 0.117142 0 0 0 0 1 0.730077 -0.011452 0.683269 0 0.676857 0.149776 -0.720716 0.188543 -0.094083 0.988654 0.117099 0 0 0 0 1 0.730122 -0.01056 0.683236 0 0.676657 0.150432 -0.720767 0.188543 -0.095169 0.988564 0.11698 0 0 0 0 1 0.7301 -0.009568 0.683274 0 0.676514 0.151107 -0.720761 0.188543 -0.09635 0.988471 0.116796 0 0 0 0 1 0.730071 -0.008549 0.683318 0 0.676373 0.151776 -0.720752 0.188543 -0.097549 0.988378 0.11659 0 0 0 0 1 0.730089 -0.00755 0.683311 0 0.676186 0.152417 -0.720792 0.188543 -0.098705 0.988287 0.116384 0 0 0 0 1 0.730193 -0.006585 0.683209 0 0.675912 0.15303 -0.720919 0.188543 -0.099804 0.9882 0.116193 0 0 0 0 1 0.73038 -0.00559 0.683018 0 0.675541 0.153698 -0.721125 0.188543 -0.100947 0.988102 0.116035 0 0 0 0 1 0.730585 -0.00458 0.682807 0 0.675136 0.154463 -0.721341 0.188543 -0.102164 0.987988 0.11594 0 0 0 0 1 0.730758 -0.003627 0.682627 0 0.674761 0.155304 -0.721512 0.188543 -0.103397 0.98786 0.115937 0 0 0 0 1 0.730926 -0.002811 0.682451 0 0.674407 0.156114 -0.721667 0.188543 -0.104511 0.987735 0.116004 0 0 0 0 1 0.731141 -0.002133 0.682223 0 0.674027 0.156828 -0.721867 0.188543 -0.105452 0.987624 0.116101 0 0 0 0 1 0.731357 -0.00157 0.681993 0 0.673671 0.157422 -0.72207 0.188543 -0.106227 0.98753 0.116189 0 0 0 0 1 0.731423 -0.001139 0.681923 0 0.673504 0.157868 -0.722129 0.188543 -0.106831 0.98746 0.116236 0 0 0 0 1 0.731236 -0.000864 0.682124 0 0.673643 0.158126 -0.721943 0.188543 -0.107237 0.987419 0.11621 0 0 0 0 1 0.730834 -0.000739 0.682555 0 0.674048 0.158172 -0.721554 0.188543 -0.107428 0.987411 0.116096 0 0 0 0 1 0.730359 -0.000734 0.683063 0 0.674567 0.158011 -0.721104 0.188543 -0.107401 0.987437 0.1159 0 0 0 0 1 0.729972 -0.000855 0.683476 0 0.675028 0.157645 -0.720753 0.188543 -0.107131 0.987495 0.115654 0 0 0 0 1 0.72978 -0.001121 0.683681 0 0.675322 0.15709 -0.720599 0.188543 -0.106591 0.987584 0.115398 0 0 0 0 1 0.729778 -0.001543 0.683682 0 0.675447 0.156389 -0.720635 0.188543 -0.105808 0.987694 0.115171 0 0 0 0 1 0.729892 -0.002084 0.68356 0 0.67547 0.155621 -0.720779 0.188543 -0.104874 0.987815 0.114994 0 0 0 0 1 0.730062 -0.002707 0.683376 0 0.675443 0.154841 -0.720973 0.188543 -0.103862 0.987936 0.114872 0 0 0 0 1 0.730325 -0.003343 0.683092 0 0.675313 0.154092 -0.721254 0.188543 -0.102847 0.988051 0.114795 0 0 0 0 1 0.730786 -0.003922 0.682595 0 0.674962 0.153389 -0.721733 0.188543 -0.101872 0.988158 0.114742 0 0 0 0 1 0.731502 -0.004322 0.681825 0 0.674308 0.152798 -0.722469 0.188543 -0.101058 0.988248 0.114687 0 0 0 0 1 0.732381 -0.004485 0.68088 0 0.67344 0.152342 -0.723375 0.188543 -0.100482 0.988318 0.114593 0 0 0 0 1 0.733244 -0.004379 0.679952 0 0.672538 0.152072 -0.72427 0.188543 -0.10023 0.98836 0.114451 0 0 0 0 1 0.73397 -0.004013 0.67917 0 0.671734 0.151974 -0.725036 0.188543 -0.100307 0.988376 0.11424 0 0 0 0 1 0.73454 -0.003347 0.678558 0 0.671045 0.152052 -0.725657 0.188543 -0.100747 0.988367 0.113934 0 0 0 0 1 0.734916 -0.002479 0.678153 0 0.670541 0.152115 -0.72611 0.188543 -0.101356 0.98836 0.113454 0 0 0 0 1 0.734943 -0.001645 0.678127 0 0.670446 0.151863 -0.72625 0.188543 -0.101788 0.9884 0.112714 0 0 0 0 1 0.73448 -0.001042 0.678629 0 0.670954 0.1511 -0.725941 0.188543 -0.101784 0.988518 0.111679 0 0 0 0 1 0.733561 -0.000692 0.679624 0 0.672024 0.149873 -0.725205 0.188543 -0.101355 0.988705 0.110406 0 0 0 0 1 0.732395 -0.000447 0.68088 0 0.673387 0.148426 -0.724237 0.188543 -0.100736 0.988923 0.109008 0 0 0 0 1 0.731206 -0.0002 0.682156 0 0.674771 0.146964 -0.723247 0.188543 -0.100107 0.989142 0.107596 0 0 0 0 1 0.730163 0.000021 0.683273 0 0.675996 0.145532 -0.722392 0.188543 -0.099453 0.989354 0.106247 0 0 0 0 1 0.729403 0.00007 0.684084 0 0.676945 0.144016 -0.721806 0.188543 -0.09857 0.989575 0.104998 0 0 0 0 1 0.729047 -0.000143 0.684464 0 0.67751 0.142336 -0.72161 0.188543 -0.09732 0.989818 0.103867 0 0 0 0 1 0.729137 -0.000598 0.684368 0 0.677638 0.14053 -0.721844 0.188543 -0.095741 0.990076 0.102871 0 0 0 0 1 0.729555 -0.001217 0.683921 0 0.677436 0.138681 -0.72239 0.188543 -0.093967 0.990336 0.102 0 0 0 0 1 0.729981 -0.001991 0.683464 0 0.677237 0.136823 -0.722931 0.188543 -0.092074 0.990593 0.101227 0 0 0 0 1 0.730049 -0.002964 0.683389 0 0.67743 0.134971 -0.723098 0.188543 -0.090093 0.990845 0.100544 0 0 0 0 1 0.729663 -0.004122 0.683795 0 0.678111 0.133161 -0.722795 0.188543 -0.088075 0.991086 0.099958 0 0 0 0 1 0.729095 -0.005333 0.684391 0 0.678973 0.131456 -0.722298 0.188543 -0.086115 0.991308 0.099465 0 0 0 0 1 0.728742 -0.006408 0.684759 0 0.679577 0.129904 -0.722011 0.188543 -0.084325 0.991506 0.099021 0 0 0 0 1 0.728779 -0.007146 0.684712 0 0.679711 0.128626 -0.722114 0.188543 -0.082911 0.991667 0.098597 0 0 0 0 1 0.729147 -0.007342 0.684318 0 0.679405 0.127846 -0.72254 0.188543 -0.082182 0.991767 0.098206 0 0 0 0 1 0.729683 -0.007059 0.68375 0 0.678841 0.127517 -0.723128 0.188543 -0.082085 0.991811 0.097838 0 0 0 0 1 0.730346 -0.006546 0.683046 0 0.678109 0.127344 -0.723846 0.188543 -0.082243 0.991837 0.097444 0 0 0 0 1 0.73125 -0.006067 0.682083 0 0.677152 0.126801 -0.724836 0.188543 -0.08209 0.99191 0.096831 0 0 0 0 1 0.732001 -0.005814 0.681279 0 0.676391 0.126066 -0.725674 0.188543 -0.081666 0.992005 0.096213 0 0 0 0 1</float_array>
        <technique_common>
          <accessor source="#LeftArm_Helper2_matrix_LeftArm_Helper2_transform-output-array" count="106" stride="16">
            <param name="TRANSFORM" type="float4x4"/>
          </accessor>
        </technique_common>
      </source>
      <source id="LeftArm_Helper2_matrix_LeftArm_Helper2_transform-interpolations">
        <Name_array id="LeftArm_Helper2_matrix_LeftArm_Helper2_transform-interpolations-array" count="106">LINEAR LINEAR LINEAR LINEAR LINEAR LINEAR LINEAR LINEAR LINEAR LINEAR LINEAR LINEAR LINEAR LINEAR LINEAR LINEAR LINEAR LINEAR LINEAR LINEAR LINEAR LINEAR LINEAR LINEAR LINEAR LINEAR LINEAR LINEAR LINEAR LINEAR LINEAR LINEAR LINEAR LINEAR LINEAR LINEAR LINEAR LINEAR LINEAR LINEAR LINEAR LINEAR LINEAR LINEAR LINEAR LINEAR LINEAR LINEAR LINEAR LINEAR LINEAR LINEAR LINEAR LINEAR LINEAR LINEAR LINEAR LINEAR LINEAR LINEAR LINEAR LINEAR LINEAR LINEAR LINEAR LINEAR LINEAR LINEAR LINEAR LINEAR LINEAR LINEAR LINEAR LINEAR LINEAR LINEAR LINEAR LINEAR LINEAR LINEAR LINEAR LINEAR LINEAR LINEAR LINEAR LINEAR LINEAR LINEAR LINEAR LINEAR LINEAR LINEAR LINEAR LINEAR LINEAR LINEAR LINEAR LINEAR LINEAR LINEAR LINEAR LINEAR LINEAR LINEAR LINEAR LINEAR</Name_array>
        <technique_common>
          <accessor source="#LeftArm_Helper2_matrix_LeftArm_Helper2_transform-interpolations-array" count="106" stride="1">
            <param name="INTERPOLATION" type="Name"/>
          </accessor>
        </technique_common>
      </source>
      <sampler id="LeftArm_Helper2_matrix_LeftArm_Helper2_transform-sampler">
        <input semantic="INPUT" source="#LeftArm_Helper2_matrix_LeftArm_Helper2_transform-input"/>
        <input semantic="OUTPUT" source="#LeftArm_Helper2_matrix_LeftArm_Helper2_transform-output"/>
        <input semantic="INTERPOLATION" source="#LeftArm_Helper2_matrix_LeftArm_Helper2_transform-interpolations"/>
      </sampler>
      <channel source="#LeftArm_Helper2_matrix_LeftArm_Helper2_transform-sampler" target="LeftArm_Helper2/transform"/>
    </animation>
    <animation id="LeftArm_Helper1_matrix">
      <source id="LeftArm_Helper1_matrix_LeftArm_Helper1_transform-input">
        <float_array id="LeftArm_Helper1_matrix_LeftArm_Helper1_transform-input-array" count="106">0 0.033333 0.066666 0.1 0.133333 0.166667 0.2 0.233333 0.266667 0.3 0.333333 0.366667 0.4 0.433333 0.466667 0.5 0.533333 0.566667 0.6 0.633333 0.666667 0.7 0.733333 0.766667 0.8 0.833333 0.866667 0.9 0.933333 0.966667 1 1.03333 1.06667 1.1 1.13333 1.16667 1.2 1.23333 1.26667 1.3 1.33333 1.36667 1.4 1.43333 1.46667 1.5 1.53333 1.56667 1.6 1.63333 1.66667 1.7 1.73333 1.76667 1.8 1.83333 1.86667 1.9 1.93333 1.96667 2 2.03333 2.06667 2.1 2.13333 2.16667 2.2 2.23333 2.26667 2.3 2.33333 2.36667 2.4 2.43333 2.46667 2.5 2.53333 2.56667 2.6 2.63333 2.66667 2.7 2.73333 2.76667 2.8 2.83333 2.86667 2.9 2.93333 2.96667 3 3.03333 3.06667 3.1 3.13333 3.16667 3.2 3.23333 3.26667 3.3 3.33333 3.36667 3.4 3.43333 3.46667 3.5</float_array>
        <technique_common>
          <accessor source="#LeftArm_Helper1_matrix_LeftArm_Helper1_transform-input-array" count="106" stride="1">
            <param name="TIME" type="float"/>
          </accessor>
        </technique_common>
        <technique profile="MAYA">
          <pre_infinity>CONSTANT</pre_infinity>
          <post_infinity>CONSTANT</post_infinity>
        </technique>
      </source>
      <source id="LeftArm_Helper1_matrix_LeftArm_Helper1_transform-output">
        <float_array id="LeftArm_Helper1_matrix_LeftArm_Helper1_transform-output-array" count="1696">0.732001 -0.005814 0.681279 0 0.676391 0.126066 -0.725674 0.188543 -0.081666 0.992005 0.096213 0 0 0 0 1 0.732005 -0.005673 0.681276 0 0.676367 0.126164 -0.72568 0.188543 -0.081835 0.991993 0.09619 0 0 0 0 1 0.731971 -0.005451 0.681314 0 0.676368 0.126348 -0.725646 0.188543 -0.082126 0.991971 0.09617 0 0 0 0 1 0.731851 -0.005166 0.681445 0 0.676447 0.126633 -0.725523 0.188543 -0.082545 0.991936 0.09617 0 0 0 0 1 0.731623 -0.004852 0.681692 0 0.676629 0.127018 -0.725285 0.188543 -0.083067 0.991888 0.096213 0 0 0 0 1 0.731301 -0.00453 0.68204 0 0.676906 0.12747 -0.724949 0.188543 -0.083654 0.991832 0.096285 0 0 0 0 1 0.730916 -0.004207 0.682454 0 0.677243 0.127966 -0.724546 0.188543 -0.084282 0.99177 0.096382 0 0 0 0 1 0.730467 -0.003919 0.682936 0 0.67765 0.128467 -0.724076 0.188543 -0.084896 0.991706 0.096496 0 0 0 0 1 0.729889 -0.003743 0.683556 0 0.67821 0.128906 -0.723474 0.188543 -0.085405 0.99165 0.096626 0 0 0 0 1 0.729097 -0.003645 0.684401 0 0.678997 0.129381 -0.722651 0.188543 -0.085914 0.991588 0.096807 0 0 0 0 1 0.728051 -0.003523 0.685514 0 0.68003 0.13005 -0.721558 0.188543 -0.086608 0.991501 0.097078 0 0 0 0 1 0.726803 -0.003253 0.686838 0 0.681225 0.13108 -0.720243 0.188543 -0.087687 0.991366 0.097485 0 0 0 0 1 0.72544 -0.002922 0.688279 0 0.682507 0.132355 -0.718795 0.188543 -0.088996 0.991198 0.098009 0 0 0 0 1 0.724042 -0.002695 0.68975 0 0.683824 0.133659 -0.7173 0.188543 -0.090258 0.991024 0.098618 0 0 0 0 1 0.722721 -0.002561 0.691135 0 0.685067 0.134923 -0.715876 0.188543 -0.091416 0.990853 0.099266 0 0 0 0 1 0.721648 -0.002484 0.692255 0 0.68606 0.136099 -0.714702 0.188543 -0.092439 0.990692 0.09992 0 0 0 0 1 0.721003 -0.002305 0.692928 0 0.686597 0.13729 -0.713958 0.188543 -0.093486 0.990528 0.100569 0 0 0 0 1 0.720795 -0.002093 0.693145 0 0.686685 0.138394 -0.71366 0.188543 -0.094433 0.990375 0.101191 0 0 0 0 1 0.720899 -0.001896 0.693038 0 0.686464 0.139392 -0.713679 0.188543 -0.09525 0.990236 0.101789 0 0 0 0 1 0.72125 -0.001691 0.692673 0 0.68599 0.140334 -0.713949 0.188543 -0.095998 0.990103 0.102376 0 0 0 0 1 0.721962 -0.001415 0.691931 0 0.685139 0.141248 -0.714586 0.188543 -0.096722 0.989973 0.102945 0 0 0 0 1 0.723194 -0.001087 0.690645 0 0.683751 0.142068 -0.715752 0.188543 -0.09734 0.989856 0.103486 0 0 0 0 1 0.724896 -0.000806 0.688858 0 0.68189 0.142714 -0.717397 0.188543 -0.097731 0.989764 0.104002 0 0 0 0 1 0.726752 -0.000709 0.686899 0 0.679899 0.143154 -0.719197 0.188543 -0.097822 0.9897 0.104521 0 0 0 0 1 0.728395 -0.000805 0.685157 0 0.678151 0.143499 -0.720777 0.188543 -0.097738 0.98965 0.10507 0 0 0 0 1 0.72964 -0.001037 0.68383 0 0.676829 0.14384 -0.721951 0.188543 -0.097613 0.9896 0.105653 0 0 0 0 1 0.730543 -0.001317 0.682866 0 0.675867 0.144217 -0.722777 0.188543 -0.097528 0.989545 0.106247 0 0 0 0 1 0.731263 -0.001586 0.682093 0 0.675093 0.144599 -0.723423 0.188543 -0.097482 0.989489 0.106811 0 0 0 0 1 0.731938 -0.001818 0.681368 0 0.674365 0.144964 -0.724028 0.188543 -0.097457 0.989435 0.107331 0 0 0 0 1 0.732629 -0.002045 0.680625 0 0.673621 0.145307 -0.724652 0.188543 -0.097417 0.989384 0.107834 0 0 0 0 1 0.733311 -0.002345 0.67989 0 0.672895 0.145612 -0.725265 0.188543 -0.097299 0.989339 0.108357 0 0 0 0 1 0.733882 -0.002815 0.679272 0 0.672316 0.145806 -0.725763 0.188543 -0.096998 0.989309 0.108897 0 0 0 0 1 0.734237 -0.003488 0.678884 0 0.672001 0.145858 -0.726044 0.188543 -0.096488 0.989299 0.109439 0 0 0 0 1 0.734351 -0.004306 0.678756 0 0.671969 0.145819 -0.726082 0.188543 -0.095848 0.989302 0.109976 0 0 0 0 1 0.734288 -0.005119 0.678819 0 0.672119 0.145832 -0.72594 0.188543 -0.095276 0.989296 0.110523 0 0 0 0 1 0.734126 -0.00585 0.678988 0 0.672355 0.145946 -0.725698 0.188543 -0.094849 0.989275 0.111076 0 0 0 0 1 0.733917 -0.006486 0.679209 0 0.672625 0.146151 -0.725407 0.188543 -0.094561 0.989241 0.111626 0 0 0 0 1 0.733644 -0.007077 0.679497 0 0.672953 0.14639 -0.725055 0.188543 -0.094339 0.989202 0.112161 0 0 0 0 1 0.733223 -0.007631 0.679945 0 0.673432 0.146667 -0.724554 0.188543 -0.094196 0.989156 0.112679 0 0 0 0 1 0.732577 -0.008091 0.680636 0 0.67413 0.147054 -0.723826 0.188543 -0.094233 0.989095 0.113183 0 0 0 0 1 0.731771 -0.008413 0.681499 0 0.674967 0.147597 -0.722935 0.188543 -0.094504 0.989012 0.113686 0 0 0 0 1 0.731021 -0.008619 0.682301 0 0.675723 0.148225 -0.7221 0.188543 -0.09491 0.988916 0.11418 0 0 0 0 1 0.730525 -0.008781 0.68283 0 0.676209 0.148796 -0.721527 0.188543 -0.095265 0.988829 0.114637 0 0 0 0 1 0.73029 -0.008989 0.683079 0 0.676441 0.149178 -0.72123 0.188543 -0.095417 0.988769 0.115024 0 0 0 0 1 0.730156 -0.009285 0.683217 0 0.676594 0.149362 -0.721049 0.188543 -0.095351 0.988739 0.115341 0 0 0 0 1 0.729952 -0.009712 0.68343 0 0.676853 0.149367 -0.720804 0.188543 -0.09508 0.988734 0.115605 0 0 0 0 1 0.729615 -0.010259 0.683781 0 0.677277 0.149227 -0.720436 0.188543 -0.094647 0.98875 0.115827 0 0 0 0 1 0.729177 -0.010872 0.684239 0 0.677822 0.148993 -0.719971 0.188543 -0.094119 0.988778 0.116012 0 0 0 0 1 0.728675 -0.011486 0.684763 0 0.678437 0.148719 -0.719449 0.188543 -0.093573 0.988813 0.116161 0 0 0 0 1 0.728167 -0.012087 0.685293 0 0.679057 0.14844 -0.718921 0.188543 -0.093034 0.988848 0.116297 0 0 0 0 1 0.727798 -0.012638 0.685675 0 0.67952 0.148196 -0.718534 0.188543 -0.092533 0.988877 0.116445 0 0 0 0 1 0.727766 -0.013088 0.685701 0 0.679613 0.14803 -0.71848 0.188543 -0.0921 0.988896 0.116626 0 0 0 0 1 0.728148 -0.013296 0.685291 0 0.679232 0.148035 -0.718839 0.188543 -0.091889 0.988893 0.116823 0 0 0 0 1 0.728796 -0.013201 0.684603 0 0.678524 0.148239 -0.719466 0.188543 -0.091986 0.988864 0.116993 0 0 0 0 1 0.729439 -0.012817 0.683925 0 0.677773 0.14863 -0.720092 0.188543 -0.092421 0.98881 0.117104 0 0 0 0 1 0.729877 -0.012214 0.68347 0 0.677203 0.149162 -0.720519 0.188543 -0.093147 0.988737 0.117142 0 0 0 0 1 0.730077 -0.011452 0.683269 0 0.676857 0.149776 -0.720716 0.188543 -0.094083 0.988654 0.117099 0 0 0 0 1 0.730122 -0.01056 0.683236 0 0.676657 0.150432 -0.720767 0.188543 -0.095169 0.988564 0.11698 0 0 0 0 1 0.7301 -0.009568 0.683274 0 0.676514 0.151107 -0.720761 0.188543 -0.09635 0.988471 0.116796 0 0 0 0 1 0.730071 -0.008549 0.683318 0 0.676373 0.151776 -0.720752 0.188543 -0.097549 0.988378 0.11659 0 0 0 0 1 0.730089 -0.00755 0.683311 0 0.676186 0.152417 -0.720792 0.188543 -0.098705 0.988287 0.116384 0 0 0 0 1 0.730193 -0.006585 0.683209 0 0.675912 0.15303 -0.720919 0.188543 -0.099804 0.9882 0.116193 0 0 0 0 1 0.73038 -0.00559 0.683018 0 0.675541 0.153698 -0.721125 0.188543 -0.100947 0.988102 0.116035 0 0 0 0 1 0.730585 -0.00458 0.682807 0 0.675136 0.154463 -0.721341 0.188543 -0.102164 0.987988 0.11594 0 0 0 0 1 0.730758 -0.003627 0.682627 0 0.674761 0.155304 -0.721512 0.188543 -0.103397 0.98786 0.115937 0 0 0 0 1 0.730926 -0.002811 0.682451 0 0.674407 0.156114 -0.721667 0.188543 -0.104511 0.987735 0.116004 0 0 0 0 1 0.731141 -0.002133 0.682223 0 0.674027 0.156828 -0.721867 0.188543 -0.105452 0.987624 0.116101 0 0 0 0 1 0.731357 -0.00157 0.681993 0 0.673671 0.157422 -0.72207 0.188543 -0.106227 0.98753 0.116189 0 0 0 0 1 0.731423 -0.001139 0.681923 0 0.673504 0.157868 -0.722129 0.188543 -0.106831 0.98746 0.116236 0 0 0 0 1 0.731236 -0.000864 0.682124 0 0.673643 0.158126 -0.721943 0.188543 -0.107237 0.987419 0.11621 0 0 0 0 1 0.730834 -0.000739 0.682555 0 0.674048 0.158172 -0.721554 0.188543 -0.107428 0.987411 0.116096 0 0 0 0 1 0.730359 -0.000734 0.683063 0 0.674567 0.158011 -0.721104 0.188543 -0.107401 0.987437 0.1159 0 0 0 0 1 0.729972 -0.000855 0.683476 0 0.675028 0.157645 -0.720753 0.188543 -0.107131 0.987495 0.115654 0 0 0 0 1 0.72978 -0.001121 0.683681 0 0.675322 0.15709 -0.720599 0.188543 -0.106591 0.987584 0.115398 0 0 0 0 1 0.729778 -0.001543 0.683682 0 0.675447 0.156389 -0.720635 0.188543 -0.105808 0.987694 0.115171 0 0 0 0 1 0.729892 -0.002084 0.68356 0 0.67547 0.155621 -0.720779 0.188543 -0.104874 0.987815 0.114994 0 0 0 0 1 0.730062 -0.002707 0.683376 0 0.675443 0.154841 -0.720973 0.188543 -0.103862 0.987936 0.114872 0 0 0 0 1 0.730325 -0.003343 0.683092 0 0.675313 0.154092 -0.721254 0.188543 -0.102847 0.988051 0.114795 0 0 0 0 1 0.730786 -0.003922 0.682595 0 0.674962 0.153389 -0.721733 0.188543 -0.101872 0.988158 0.114742 0 0 0 0 1 0.731502 -0.004322 0.681825 0 0.674308 0.152798 -0.722469 0.188543 -0.101058 0.988248 0.114687 0 0 0 0 1 0.732381 -0.004485 0.68088 0 0.67344 0.152342 -0.723375 0.188543 -0.100482 0.988318 0.114593 0 0 0 0 1 0.733244 -0.004379 0.679952 0 0.672538 0.152072 -0.72427 0.188543 -0.10023 0.98836 0.114451 0 0 0 0 1 0.73397 -0.004013 0.67917 0 0.671734 0.151974 -0.725036 0.188543 -0.100307 0.988376 0.11424 0 0 0 0 1 0.73454 -0.003347 0.678558 0 0.671045 0.152052 -0.725657 0.188543 -0.100747 0.988367 0.113934 0 0 0 0 1 0.734916 -0.002479 0.678153 0 0.670541 0.152115 -0.72611 0.188543 -0.101356 0.98836 0.113454 0 0 0 0 1 0.734943 -0.001645 0.678127 0 0.670446 0.151863 -0.72625 0.188543 -0.101788 0.9884 0.112714 0 0 0 0 1 0.73448 -0.001042 0.678629 0 0.670954 0.1511 -0.725941 0.188543 -0.101784 0.988518 0.111679 0 0 0 0 1 0.733561 -0.000692 0.679624 0 0.672024 0.149873 -0.725205 0.188543 -0.101355 0.988705 0.110406 0 0 0 0 1 0.732395 -0.000447 0.68088 0 0.673387 0.148426 -0.724237 0.188543 -0.100736 0.988923 0.109008 0 0 0 0 1 0.731206 -0.0002 0.682156 0 0.674771 0.146964 -0.723247 0.188543 -0.100107 0.989142 0.107596 0 0 0 0 1 0.730163 0.000021 0.683273 0 0.675996 0.145532 -0.722392 0.188543 -0.099453 0.989354 0.106247 0 0 0 0 1 0.729403 0.00007 0.684084 0 0.676945 0.144016 -0.721806 0.188543 -0.09857 0.989575 0.104998 0 0 0 0 1 0.729047 -0.000143 0.684464 0 0.67751 0.142336 -0.72161 0.188543 -0.09732 0.989818 0.103867 0 0 0 0 1 0.729137 -0.000598 0.684368 0 0.677638 0.14053 -0.721844 0.188543 -0.095741 0.990076 0.102871 0 0 0 0 1 0.729555 -0.001217 0.683921 0 0.677436 0.138681 -0.72239 0.188543 -0.093967 0.990336 0.102 0 0 0 0 1 0.729981 -0.001991 0.683464 0 0.677237 0.136823 -0.722931 0.188543 -0.092074 0.990593 0.101227 0 0 0 0 1 0.730049 -0.002964 0.683389 0 0.67743 0.134971 -0.723098 0.188543 -0.090093 0.990845 0.100544 0 0 0 0 1 0.729663 -0.004122 0.683795 0 0.678111 0.133161 -0.722795 0.188543 -0.088075 0.991086 0.099958 0 0 0 0 1 0.729095 -0.005333 0.684391 0 0.678973 0.131456 -0.722298 0.188543 -0.086115 0.991308 0.099465 0 0 0 0 1 0.728742 -0.006408 0.684759 0 0.679577 0.129904 -0.722011 0.188543 -0.084325 0.991506 0.099021 0 0 0 0 1 0.728779 -0.007146 0.684712 0 0.679711 0.128626 -0.722114 0.188543 -0.082911 0.991667 0.098597 0 0 0 0 1 0.729147 -0.007342 0.684318 0 0.679405 0.127846 -0.72254 0.188543 -0.082182 0.991767 0.098206 0 0 0 0 1 0.729683 -0.007059 0.68375 0 0.678841 0.127517 -0.723128 0.188543 -0.082085 0.991811 0.097838 0 0 0 0 1 0.730346 -0.006546 0.683046 0 0.678109 0.127344 -0.723846 0.188543 -0.082243 0.991837 0.097444 0 0 0 0 1 0.73125 -0.006067 0.682083 0 0.677152 0.126801 -0.724836 0.188543 -0.08209 0.99191 0.096831 0 0 0 0 1 0.732001 -0.005814 0.681279 0 0.676391 0.126066 -0.725674 0.188543 -0.081666 0.992005 0.096213 0 0 0 0 1</float_array>
        <technique_common>
          <accessor source="#LeftArm_Helper1_matrix_LeftArm_Helper1_transform-output-array" count="106" stride="16">
            <param name="TRANSFORM" type="float4x4"/>
          </accessor>
        </technique_common>
      </source>
      <source id="LeftArm_Helper1_matrix_LeftArm_Helper1_transform-interpolations">
        <Name_array id="LeftArm_Helper1_matrix_LeftArm_Helper1_transform-interpolations-array" count="106">LINEAR LINEAR LINEAR LINEAR LINEAR LINEAR LINEAR LINEAR LINEAR LINEAR LINEAR LINEAR LINEAR LINEAR LINEAR LINEAR LINEAR LINEAR LINEAR LINEAR LINEAR LINEAR LINEAR LINEAR LINEAR LINEAR LINEAR LINEAR LINEAR LINEAR LINEAR LINEAR LINEAR LINEAR LINEAR LINEAR LINEAR LINEAR LINEAR LINEAR LINEAR LINEAR LINEAR LINEAR LINEAR LINEAR LINEAR LINEAR LINEAR LINEAR LINEAR LINEAR LINEAR LINEAR LINEAR LINEAR LINEAR LINEAR LINEAR LINEAR LINEAR LINEAR LINEAR LINEAR LINEAR LINEAR LINEAR LINEAR LINEAR LINEAR LINEAR LINEAR LINEAR LINEAR LINEAR LINEAR LINEAR LINEAR LINEAR LINEAR LINEAR LINEAR LINEAR LINEAR LINEAR LINEAR LINEAR LINEAR LINEAR LINEAR LINEAR LINEAR LINEAR LINEAR LINEAR LINEAR LINEAR LINEAR LINEAR LINEAR LINEAR LINEAR LINEAR LINEAR LINEAR LINEAR</Name_array>
        <technique_common>
          <accessor source="#LeftArm_Helper1_matrix_LeftArm_Helper1_transform-interpolations-array" count="106" stride="1">
            <param name="INTERPOLATION" type="Name"/>
          </accessor>
        </technique_common>
      </source>
      <sampler id="LeftArm_Helper1_matrix_LeftArm_Helper1_transform-sampler">
        <input semantic="INPUT" source="#LeftArm_Helper1_matrix_LeftArm_Helper1_transform-input"/>
        <input semantic="OUTPUT" source="#LeftArm_Helper1_matrix_LeftArm_Helper1_transform-output"/>
        <input semantic="INTERPOLATION" source="#LeftArm_Helper1_matrix_LeftArm_Helper1_transform-interpolations"/>
      </sampler>
      <channel source="#LeftArm_Helper1_matrix_LeftArm_Helper1_transform-sampler" target="LeftArm_Helper1/transform"/>
    </animation>
    <animation id="RightShoulder_matrix">
      <source id="RightShoulder_matrix_RightShoulder_transform-input">
        <float_array id="RightShoulder_matrix_RightShoulder_transform-input-array" count="106">0 0.033333 0.066666 0.1 0.133333 0.166667 0.2 0.233333 0.266667 0.3 0.333333 0.366667 0.4 0.433333 0.466667 0.5 0.533333 0.566667 0.6 0.633333 0.666667 0.7 0.733333 0.766667 0.8 0.833333 0.866667 0.9 0.933333 0.966667 1 1.03333 1.06667 1.1 1.13333 1.16667 1.2 1.23333 1.26667 1.3 1.33333 1.36667 1.4 1.43333 1.46667 1.5 1.53333 1.56667 1.6 1.63333 1.66667 1.7 1.73333 1.76667 1.8 1.83333 1.86667 1.9 1.93333 1.96667 2 2.03333 2.06667 2.1 2.13333 2.16667 2.2 2.23333 2.26667 2.3 2.33333 2.36667 2.4 2.43333 2.46667 2.5 2.53333 2.56667 2.6 2.63333 2.66667 2.7 2.73333 2.76667 2.8 2.83333 2.86667 2.9 2.93333 2.96667 3 3.03333 3.06667 3.1 3.13333 3.16667 3.2 3.23333 3.26667 3.3 3.33333 3.36667 3.4 3.43333 3.46667 3.5</float_array>
        <technique_common>
          <accessor source="#RightShoulder_matrix_RightShoulder_transform-input-array" count="106" stride="1">
            <param name="TIME" type="float"/>
          </accessor>
        </technique_common>
        <technique profile="MAYA">
          <pre_infinity>CONSTANT</pre_infinity>
          <post_infinity>CONSTANT</post_infinity>
        </technique>
      </source>
      <source id="RightShoulder_matrix_RightShoulder_transform-output">
        <float_array id="RightShoulder_matrix_RightShoulder_transform-output-array" count="1696">-0.48001 0.876438 0.038035 -0.017011 -0.046755 -0.068854 0.99653 0.181869 0.876016 0.476566 0.074029 0.084759 0 0 0 1 -0.48001 0.876438 0.038035 -0.017011 -0.046755 -0.068854 0.99653 0.181869 0.876016 0.476566 0.074029 0.084759 0 0 0 1 -0.48001 0.876438 0.038035 -0.017011 -0.046755 -0.068854 0.99653 0.181869 0.876016 0.476566 0.074029 0.084759 0 0 0 1 -0.48001 0.876438 0.038035 -0.017011 -0.046755 -0.068854 0.99653 0.181869 0.876016 0.476566 0.074029 0.084759 0 0 0 1 -0.48001 0.876438 0.038035 -0.017011 -0.046755 -0.068854 0.99653 0.181869 0.876016 0.476566 0.074029 0.084759 0 0 0 1 -0.479946 0.876473 0.038036 -0.017011 -0.046758 -0.06885 0.996531 0.181869 0.876051 0.476502 0.074027 0.084759 0 0 0 1 -0.479834 0.876535 0.038038 -0.017011 -0.046763 -0.068844 0.996531 0.181869 0.876112 0.47639 0.074024 0.084759 0 0 0 1 -0.479674 0.876622 0.03804 -0.017011 -0.046771 -0.068836 0.996531 0.181869 0.876199 0.476231 0.074019 0.084759 0 0 0 1 -0.479448 0.876745 0.038043 -0.017011 -0.046782 -0.068824 0.996531 0.181869 0.876322 0.476005 0.074013 0.084759 0 0 0 1 -0.47912 0.876924 0.038048 -0.017011 -0.046797 -0.068806 0.996532 0.181869 0.876501 0.475678 0.074004 0.084759 0 0 0 1 -0.478649 0.877181 0.038055 -0.017011 -0.046819 -0.068781 0.996532 0.181869 0.876757 0.475207 0.073991 0.084759 0 0 0 1 -0.477995 0.877537 0.038066 -0.017011 -0.046962 -0.068808 0.996524 0.181869 0.877106 0.474546 0.074101 0.084759 0 0 0 1 -0.477191 0.877973 0.038096 -0.017011 -0.047145 -0.068864 0.996511 0.181869 0.877534 0.47373 0.074253 0.084759 0 0 0 1 -0.47637 0.878417 0.038145 -0.017011 -0.047336 -0.068944 0.996497 0.181869 0.87797 0.472896 0.074424 0.084759 0 0 0 1 -0.475738 0.878756 0.038219 -0.017011 -0.047497 -0.069053 0.996482 0.181869 0.878304 0.472249 0.07459 0.084759 0 0 0 1 -0.475386 0.878943 0.038316 -0.017011 -0.04761 -0.06919 0.996467 0.181869 0.878488 0.471882 0.074738 0.084759 0 0 0 1 -0.475245 0.879014 0.038429 -0.017011 -0.047685 -0.069345 0.996452 0.181869 0.87856 0.471726 0.074872 0.084759 0 0 0 1 -0.475172 0.879048 0.038549 -0.017011 -0.047748 -0.069507 0.996438 0.181869 0.878596 0.471639 0.075001 0.084759 0 0 0 1 -0.475103 0.87908 0.038667 -0.017011 -0.047809 -0.069668 0.996424 0.181869 0.878631 0.471555 0.075127 0.084759 0 0 0 1 -0.475041 0.879109 0.038783 -0.017011 -0.047868 -0.069824 0.99641 0.181869 0.878661 0.471479 0.075251 0.084759 0 0 0 1 -0.474982 0.879135 0.038897 -0.017011 -0.047926 -0.069979 0.996396 0.181869 0.878689 0.471406 0.075372 0.084759 0 0 0 1 -0.474927 0.87916 0.039013 -0.017011 -0.047985 -0.070137 0.996383 0.181869 0.878716 0.471337 0.075496 0.084759 0 0 0 1 -0.474874 0.879183 0.039135 -0.017011 -0.048043 -0.070301 0.996368 0.181869 0.878742 0.471269 0.075623 0.084759 0 0 0 1 -0.474822 0.879206 0.039256 -0.017011 -0.048101 -0.070465 0.996354 0.181869 0.878766 0.471202 0.075749 0.084759 0 0 0 1 -0.474772 0.879228 0.039371 -0.017011 -0.048158 -0.07062 0.99634 0.181869 0.87879 0.471138 0.075871 0.084759 0 0 0 1 -0.474724 0.879249 0.039479 -0.017011 -0.048215 -0.070769 0.996327 0.181869 0.878813 0.471077 0.075989 0.084759 0 0 0 1 -0.474677 0.879269 0.039589 -0.017011 -0.048273 -0.070919 0.996313 0.181869 0.878835 0.471016 0.076109 0.084759 0 0 0 1 -0.474631 0.879289 0.039705 -0.017011 -0.048332 -0.071078 0.996299 0.181869 0.878857 0.470956 0.076234 0.084759 0 0 0 1 -0.474587 0.879307 0.039827 -0.017011 -0.048391 -0.071243 0.996284 0.181869 0.878877 0.470896 0.076361 0.084759 0 0 0 1 -0.474543 0.879325 0.039948 -0.017011 -0.04845 -0.071408 0.99627 0.181869 0.878898 0.470837 0.076489 0.084759 0 0 0 1 -0.4745 0.879343 0.040071 -0.017011 -0.048511 -0.071576 0.996255 0.181869 0.878918 0.470779 0.076621 0.084759 0 0 0 1 -0.474457 0.87936 0.04021 -0.017011 -0.048575 -0.071764 0.996238 0.181869 0.878937 0.470719 0.076764 0.084759 0 0 0 1 -0.474416 0.879375 0.040374 -0.017011 -0.048646 -0.071983 0.996219 0.181869 0.878956 0.470658 0.076928 0.084759 0 0 0 1 -0.474374 0.879389 0.040559 -0.017011 -0.048723 -0.072229 0.996197 0.181869 0.878974 0.470594 0.07711 0.084759 0 0 0 1 -0.474333 0.879402 0.040749 -0.017011 -0.0488 -0.072482 0.996175 0.181869 0.878992 0.47053 0.077296 0.084759 0 0 0 1 -0.474292 0.879416 0.040928 -0.017011 -0.048877 -0.072722 0.996154 0.181869 0.87901 0.470468 0.077475 0.084759 0 0 0 1 -0.474252 0.879429 0.041093 -0.017011 -0.048951 -0.072944 0.996134 0.181869 0.879027 0.470407 0.077643 0.084759 0 0 0 1 -0.474213 0.879443 0.04125 -0.017011 -0.049023 -0.073157 0.996115 0.181869 0.879044 0.470348 0.077805 0.084759 0 0 0 1 -0.474174 0.879457 0.041404 -0.017011 -0.049091 -0.073364 0.996096 0.181869 0.879062 0.47029 0.077961 0.084759 0 0 0 1 -0.474135 0.879471 0.041549 -0.017011 -0.049154 -0.073558 0.996079 0.181869 0.879079 0.470233 0.078106 0.084759 0 0 0 1 -0.474096 0.879486 0.041677 -0.017011 -0.049212 -0.073731 0.996063 0.181869 0.879097 0.470179 0.078237 0.084759 0 0 0 1 -0.474058 0.879501 0.041788 -0.017011 -0.049266 -0.07388 0.996049 0.181869 0.879114 0.470126 0.078353 0.084759 0 0 0 1 -0.47402 0.879517 0.041886 -0.017011 -0.04931 -0.074011 0.996038 0.181869 0.879132 0.470076 0.078452 0.084759 0 0 0 1 -0.473982 0.879534 0.041976 -0.017011 -0.049349 -0.07413 0.996027 0.181869 0.879151 0.470027 0.078541 0.084759 0 0 0 1 -0.473944 0.87955 0.042061 -0.017011 -0.049384 -0.074242 0.996017 0.181869 0.879169 0.469979 0.078622 0.084759 0 0 0 1 -0.473906 0.879567 0.042143 -0.017011 -0.049415 -0.074346 0.996007 0.181869 0.879188 0.469931 0.078697 0.084759 0 0 0 1 -0.473868 0.879584 0.042216 -0.017011 -0.049443 -0.074441 0.995999 0.181869 0.879207 0.469884 0.078764 0.084759 0 0 0 1 -0.473829 0.879601 0.042277 -0.017011 -0.049468 -0.074519 0.995992 0.181869 0.879226 0.469839 0.078822 0.084759 0 0 0 1 -0.47379 0.879621 0.042301 -0.017011 -0.049489 -0.074553 0.995988 0.181869 0.879246 0.469796 0.078854 0.084759 0 0 0 1 -0.473751 0.879642 0.042312 -0.017011 -0.049506 -0.074571 0.995986 0.181869 0.879266 0.469755 0.078876 0.084759 0 0 0 1 -0.473711 0.879663 0.042321 -0.017011 -0.049521 -0.074586 0.995984 0.181869 0.879287 0.469713 0.078894 0.084759 0 0 0 1 -0.473671 0.879684 0.042328 -0.017011 -0.049536 -0.074597 0.995983 0.181869 0.879308 0.469671 0.07891 0.084759 0 0 0 1 -0.473629 0.879706 0.042334 -0.017011 -0.049549 -0.074606 0.995981 0.181869 0.879329 0.469628 0.078925 0.084759 0 0 0 1 -0.473588 0.879728 0.042337 -0.017011 -0.049562 -0.074613 0.99598 0.181869 0.879351 0.469586 0.078937 0.084759 0 0 0 1 -0.473546 0.879751 0.042338 -0.017011 -0.049575 -0.074617 0.995979 0.181869 0.879373 0.469543 0.078948 0.084759 0 0 0 1 -0.473504 0.879774 0.042338 -0.017011 -0.049587 -0.074619 0.995978 0.181869 0.879395 0.4695 0.078957 0.084759 0 0 0 1 -0.473461 0.879797 0.042337 -0.017011 -0.049598 -0.074619 0.995978 0.181869 0.879417 0.469457 0.078965 0.084759 0 0 0 1 -0.473418 0.87982 0.042334 -0.017011 -0.049608 -0.074617 0.995978 0.181869 0.87944 0.469414 0.078972 0.084759 0 0 0 1 -0.473375 0.879843 0.042331 -0.017011 -0.049618 -0.074614 0.995977 0.181869 0.879462 0.46937 0.078977 0.084759 0 0 0 1 -0.473332 0.879867 0.042327 -0.017011 -0.049627 -0.074611 0.995977 0.181869 0.879485 0.469327 0.078981 0.084759 0 0 0 1 -0.473288 0.879891 0.042314 -0.017011 -0.049636 -0.074596 0.995978 0.181869 0.879508 0.469284 0.07898 0.084759 0 0 0 1 -0.473245 0.879915 0.0423 -0.017011 -0.049644 -0.07458 0.995978 0.181869 0.879531 0.469242 0.078977 0.084759 0 0 0 1 -0.473201 0.879939 0.042286 -0.017011 -0.049651 -0.074564 0.995979 0.181869 0.879554 0.469199 0.078974 0.084759 0 0 0 1 -0.473158 0.879963 0.042273 -0.017011 -0.049658 -0.074547 0.99598 0.181869 0.879577 0.469157 0.07897 0.084759 0 0 0 1 -0.473115 0.879987 0.042259 -0.017011 -0.049663 -0.07453 0.995981 0.181869 0.8796 0.469115 0.078965 0.084759 0 0 0 1 -0.473071 0.880011 0.042245 -0.017011 -0.049669 -0.074513 0.995982 0.181869 0.879623 0.469072 0.078959 0.084759 0 0 0 1 -0.473028 0.880035 0.042232 -0.017011 -0.049673 -0.074496 0.995983 0.181869 0.879646 0.46903 0.078953 0.084759 0 0 0 1 -0.472985 0.880058 0.042218 -0.017011 -0.049677 -0.074478 0.995984 0.181869 0.879669 0.468989 0.078945 0.084759 0 0 0 1 -0.472943 0.880082 0.042204 -0.017011 -0.049679 -0.07446 0.995986 0.181869 0.879691 0.468947 0.078937 0.084759 0 0 0 1 -0.4729 0.880105 0.04219 -0.017011 -0.049682 -0.074441 0.995987 0.181869 0.879714 0.468906 0.078928 0.084759 0 0 0 1 -0.472858 0.880129 0.042176 -0.017011 -0.049683 -0.074421 0.995988 0.181869 0.879737 0.468866 0.078918 0.084759 0 0 0 1 -0.472817 0.880152 0.042162 -0.017011 -0.049684 -0.074401 0.99599 0.181869 0.879759 0.468826 0.078907 0.084759 0 0 0 1 -0.472776 0.880174 0.042144 -0.017011 -0.049683 -0.074377 0.995992 0.181869 0.879781 0.468787 0.078894 0.084759 0 0 0 1 -0.472735 0.880197 0.042126 -0.017011 -0.049683 -0.074352 0.995994 0.181869 0.879803 0.468749 0.078879 0.084759 0 0 0 1 -0.472695 0.880219 0.04211 -0.017011 -0.049681 -0.074329 0.995995 0.181869 0.879824 0.46871 0.078865 0.084759 0 0 0 1 -0.472656 0.880241 0.042094 -0.017011 -0.049678 -0.074305 0.995997 0.181869 0.879846 0.468673 0.07885 0.084759 0 0 0 1 -0.472618 0.880263 0.042074 -0.017011 -0.049675 -0.074277 0.996 0.181869 0.879866 0.468637 0.078832 0.084759 0 0 0 1 -0.47258 0.880284 0.042048 -0.017011 -0.049671 -0.074241 0.996002 0.181869 0.879887 0.468603 0.078809 0.084759 0 0 0 1 -0.472544 0.880305 0.042018 -0.017011 -0.049656 -0.074196 0.996007 0.181869 0.879907 0.468571 0.078773 0.084759 0 0 0 1 -0.47251 0.880326 0.041969 -0.017011 -0.049628 -0.074122 0.996013 0.181869 0.879927 0.468543 0.078712 0.084759 0 0 0 1 -0.472476 0.880348 0.041884 -0.017011 -0.049595 -0.074005 0.996024 0.181869 0.879947 0.46852 0.078627 0.084759 0 0 0 1 -0.472444 0.880372 0.041747 -0.017011 -0.049558 -0.073827 0.996039 0.181869 0.879966 0.468503 0.078509 0.084759 0 0 0 1 -0.472413 0.880397 0.041545 -0.017011 -0.049512 -0.073571 0.99606 0.181869 0.879985 0.468495 0.078347 0.084759 0 0 0 1 -0.472384 0.880426 0.041274 -0.017011 -0.049457 -0.073232 0.996088 0.181869 0.880004 0.468495 0.078137 0.084759 0 0 0 1 -0.472355 0.880456 0.040961 -0.017011 -0.049376 -0.072832 0.996121 0.181869 0.880024 0.468501 0.077876 0.084759 0 0 0 1 -0.472327 0.880486 0.040644 -0.017011 -0.049264 -0.072411 0.996157 0.181869 0.880046 0.46851 0.077579 0.084759 0 0 0 1 -0.472301 0.880514 0.040343 -0.017011 -0.049156 -0.07201 0.996192 0.181869 0.880066 0.468519 0.077293 0.084759 0 0 0 1 -0.472277 0.880539 0.040072 -0.017011 -0.049055 -0.071648 0.996223 0.181869 0.880084 0.468528 0.077032 0.084759 0 0 0 1 -0.472251 0.880564 0.039825 -0.017011 -0.048966 -0.071318 0.996251 0.181869 0.880103 0.46853 0.076798 0.084759 0 0 0 1 -0.472219 0.880591 0.039593 -0.017011 -0.048882 -0.071008 0.996277 0.181869 0.880125 0.468526 0.076577 0.084759 0 0 0 1 -0.47219 0.880617 0.039367 -0.017011 -0.048802 -0.070707 0.996303 0.181869 0.880145 0.468523 0.076363 0.084759 0 0 0 1 -0.472169 0.880638 0.039147 -0.017011 -0.048724 -0.070414 0.996327 0.181869 0.88016 0.468528 0.076155 0.084759 0 0 0 1 -0.472166 0.88065 0.038934 -0.017011 -0.048648 -0.070132 0.996351 0.181869 0.880166 0.468549 0.075956 0.084759 0 0 0 1 -0.472186 0.880647 0.038736 -0.017011 -0.04857 -0.069869 0.996373 0.181869 0.88016 0.468592 0.075764 0.084759 0 0 0 1 -0.47227 0.88061 0.038563 -0.017011 -0.048487 -0.069637 0.996393 0.181869 0.880119 0.468697 0.075586 0.084759 0 0 0 1 -0.472536 0.880473 0.038431 -0.017011 -0.048384 -0.069458 0.996411 0.181869 0.879982 0.468981 0.075423 0.084759 0 0 0 1 -0.473082 0.880183 0.038353 -0.017011 -0.048242 -0.069347 0.996425 0.181869 0.879697 0.46954 0.075269 0.084759 0 0 0 1 -0.473875 0.879758 0.038319 -0.017011 -0.048066 -0.069292 0.996438 0.181869 0.879279 0.470345 0.075122 0.084759 0 0 0 1 -0.474768 0.879277 0.038304 -0.017011 -0.047876 -0.069259 0.996449 0.181869 0.878808 0.471248 0.074978 0.084759 0 0 0 1 -0.47561 0.878823 0.038286 -0.017011 -0.047695 -0.069223 0.99646 0.181869 0.878362 0.4721 0.074839 0.084759 0 0 0 1 -0.476341 0.878428 0.038259 -0.017011 -0.047534 -0.069176 0.996471 0.181869 0.877975 0.472842 0.074707 0.084759 0 0 0 1 -0.477008 0.878067 0.038228 -0.017011 -0.047385 -0.069125 0.996482 0.181869 0.877621 0.473518 0.07458 0.084759 0 0 0 1 -0.477674 0.877707 0.038197 -0.017011 -0.047236 -0.069074 0.996493 0.181869 0.877267 0.474194 0.074455 0.084759 0 0 0 1 -0.478415 0.877304 0.038167 -0.017011 -0.047072 -0.069023 0.996504 0.181869 0.876871 0.474945 0.074319 0.084759 0 0 0 1 -0.479375 0.876781 0.038129 -0.017011 -0.04686 -0.068958 0.996518 0.181869 0.876358 0.475919 0.074143 0.084759 0 0 0 1 -0.48001 0.876436 0.038091 -0.017011 -0.046716 -0.068896 0.996529 0.181869 0.876018 0.476564 0.074014 0.084759 0 0 0 1</float_array>
        <technique_common>
          <accessor source="#RightShoulder_matrix_RightShoulder_transform-output-array" count="106" stride="16">
            <param name="TRANSFORM" type="float4x4"/>
          </accessor>
        </technique_common>
      </source>
      <source id="RightShoulder_matrix_RightShoulder_transform-interpolations">
        <Name_array id="RightShoulder_matrix_RightShoulder_transform-interpolations-array" count="106">LINEAR LINEAR LINEAR LINEAR LINEAR LINEAR LINEAR LINEAR LINEAR LINEAR LINEAR LINEAR LINEAR LINEAR LINEAR LINEAR LINEAR LINEAR LINEAR LINEAR LINEAR LINEAR LINEAR LINEAR LINEAR LINEAR LINEAR LINEAR LINEAR LINEAR LINEAR LINEAR LINEAR LINEAR LINEAR LINEAR LINEAR LINEAR LINEAR LINEAR LINEAR LINEAR LINEAR LINEAR LINEAR LINEAR LINEAR LINEAR LINEAR LINEAR LINEAR LINEAR LINEAR LINEAR LINEAR LINEAR LINEAR LINEAR LINEAR LINEAR LINEAR LINEAR LINEAR LINEAR LINEAR LINEAR LINEAR LINEAR LINEAR LINEAR LINEAR LINEAR LINEAR LINEAR LINEAR LINEAR LINEAR LINEAR LINEAR LINEAR LINEAR LINEAR LINEAR LINEAR LINEAR LINEAR LINEAR LINEAR LINEAR LINEAR LINEAR LINEAR LINEAR LINEAR LINEAR LINEAR LINEAR LINEAR LINEAR LINEAR LINEAR LINEAR LINEAR LINEAR LINEAR LINEAR</Name_array>
        <technique_common>
          <accessor source="#RightShoulder_matrix_RightShoulder_transform-interpolations-array" count="106" stride="1">
            <param name="INTERPOLATION" type="Name"/>
          </accessor>
        </technique_common>
      </source>
      <sampler id="RightShoulder_matrix_RightShoulder_transform-sampler">
        <input semantic="INPUT" source="#RightShoulder_matrix_RightShoulder_transform-input"/>
        <input semantic="OUTPUT" source="#RightShoulder_matrix_RightShoulder_transform-output"/>
        <input semantic="INTERPOLATION" source="#RightShoulder_matrix_RightShoulder_transform-interpolations"/>
      </sampler>
      <channel source="#RightShoulder_matrix_RightShoulder_transform-sampler" target="RightShoulder/transform"/>
    </animation>
    <animation id="RightArm_matrix">
      <source id="RightArm_matrix_RightArm_transform-input">
        <float_array id="RightArm_matrix_RightArm_transform-input-array" count="106">0 0.033333 0.066666 0.1 0.133333 0.166667 0.2 0.233333 0.266667 0.3 0.333333 0.366667 0.4 0.433333 0.466667 0.5 0.533333 0.566667 0.6 0.633333 0.666667 0.7 0.733333 0.766667 0.8 0.833333 0.866667 0.9 0.933333 0.966667 1 1.03333 1.06667 1.1 1.13333 1.16667 1.2 1.23333 1.26667 1.3 1.33333 1.36667 1.4 1.43333 1.46667 1.5 1.53333 1.56667 1.6 1.63333 1.66667 1.7 1.73333 1.76667 1.8 1.83333 1.86667 1.9 1.93333 1.96667 2 2.03333 2.06667 2.1 2.13333 2.16667 2.2 2.23333 2.26667 2.3 2.33333 2.36667 2.4 2.43333 2.46667 2.5 2.53333 2.56667 2.6 2.63333 2.66667 2.7 2.73333 2.76667 2.8 2.83333 2.86667 2.9 2.93333 2.96667 3 3.03333 3.06667 3.1 3.13333 3.16667 3.2 3.23333 3.26667 3.3 3.33333 3.36667 3.4 3.43333 3.46667 3.5</float_array>
        <technique_common>
          <accessor source="#RightArm_matrix_RightArm_transform-input-array" count="106" stride="1">
            <param name="TIME" type="float"/>
          </accessor>
        </technique_common>
        <technique profile="MAYA">
          <pre_infinity>CONSTANT</pre_infinity>
          <post_infinity>CONSTANT</post_infinity>
        </technique>
      </source>
      <source id="RightArm_matrix_RightArm_transform-output">
        <float_array id="RightArm_matrix_RightArm_transform-output-array" count="1696">0.732001 -0.005814 0.681279 0 0.676391 0.126066 -0.725674 -0.188543 -0.081666 0.992005 0.096212 -0.000002 0 0 0 1 0.731932 -0.005847 0.681352 0 0.676467 0.126063 -0.725603 -0.188543 -0.08165 0.992005 0.096225 -0.000002 0 0 0 1 0.731801 -0.005914 0.681493 0 0.676614 0.126059 -0.725467 -0.188543 -0.081617 0.992005 0.096252 -0.000002 0 0 0 1 0.731598 -0.006013 0.681709 0 0.676838 0.126053 -0.725259 -0.188543 -0.08157 0.992005 0.09629 -0.000002 0 0 0 1 0.73138 -0.0061 0.681943 0 0.677071 0.126133 -0.725027 -0.188543 -0.081592 0.991995 0.096382 -0.000002 0 0 0 1 0.731254 -0.00609 0.682078 0 0.677191 0.126302 -0.724887 -0.188543 -0.081733 0.991973 0.096483 -0.000002 0 0 0 1 0.731298 -0.005909 0.682033 0 0.677106 0.12658 -0.724918 -0.188543 -0.082048 0.991939 0.096568 -0.000002 0 0 0 1 0.731461 -0.005517 0.681861 0 0.676861 0.127019 -0.725069 -0.188543 -0.082608 0.991885 0.096644 -0.000002 0 0 0 1 0.731586 -0.004887 0.681732 0 0.676612 0.127733 -0.725176 -0.188543 -0.083535 0.991797 0.096754 -0.000002 0 0 0 1 0.7315 -0.004205 0.681828 0 0.676568 0.128603 -0.725064 -0.188543 -0.084636 0.991687 0.096918 -0.000002 0 0 0 1 0.731098 -0.003758 0.682262 0 0.676892 0.12933 -0.724632 -0.188543 -0.085513 0.991594 0.097097 -0.000002 0 0 0 1 0.730375 -0.003774 0.683036 0 0.677636 0.12962 -0.723884 -0.188543 -0.085803 0.991557 0.097228 -0.000002 0 0 0 1 0.729456 -0.004113 0.684016 0 0.678636 0.129656 -0.72294 -0.188543 -0.085712 0.991551 0.09737 -0.000002 0 0 0 1 0.728515 -0.004525 0.685015 0 0.679653 0.129812 -0.721956 -0.188543 -0.085655 0.991528 0.097646 -0.000002 0 0 0 1 0.727655 -0.004993 0.685925 0 0.68057 0.130171 -0.721027 -0.188543 -0.085687 0.991479 0.098117 -0.000002 0 0 0 1 0.726946 -0.005529 0.686673 0 0.681317 0.130719 -0.720222 -0.188543 -0.085778 0.991404 0.098792 -0.000002 0 0 0 1 0.726465 -0.006185 0.687175 0 0.681828 0.131309 -0.719631 -0.188543 -0.08578 0.991322 0.099608 -0.000002 0 0 0 1 0.726331 -0.006748 0.687312 0 0.681957 0.132046 -0.719374 -0.188543 -0.085901 0.991221 0.100511 -0.000002 0 0 0 1 0.726583 -0.007085 0.687042 0 0.681642 0.132974 -0.719501 -0.188543 -0.086261 0.991094 0.101447 -0.000002 0 0 0 1 0.727133 -0.00718 0.686459 0 0.680978 0.134071 -0.719926 -0.188543 -0.086865 0.990946 0.102377 -0.000002 0 0 0 1 0.727805 -0.007046 0.685748 0 0.680152 0.135305 -0.720476 -0.188543 -0.087708 0.990779 0.103268 -0.000002 0 0 0 1 0.728472 -0.006646 0.685044 0 0.679292 0.136672 -0.721029 -0.188543 -0.088833 0.990594 0.104077 -0.000002 0 0 0 1 0.729135 -0.005953 0.684344 0 0.678395 0.138137 -0.721595 -0.188543 -0.090237 0.990395 0.104759 -0.000002 0 0 0 1 0.729838 -0.005008 0.683602 0 0.677423 0.139645 -0.722217 -0.188543 -0.091844 0.990189 0.105311 -0.000002 0 0 0 1 0.730475 -0.003989 0.682928 0 0.676515 0.14107 -0.722791 -0.188543 -0.093457 0.989992 0.105747 -0.000002 0 0 0 1 0.730837 -0.00305 0.682545 0 0.675916 0.14234 -0.723103 -0.188543 -0.094947 0.989813 0.10609 -0.000002 0 0 0 1 0.730839 -0.002237 0.682546 0 0.675726 0.143421 -0.723067 -0.188543 -0.096273 0.989659 0.106329 -0.000002 0 0 0 1 0.730602 -0.001485 0.682802 0 0.675809 0.144342 -0.722806 -0.188543 -0.097483 0.989527 0.10646 -0.000002 0 0 0 1 0.730249 -0.000756 0.683181 0 0.676024 0.145168 -0.722439 -0.188543 -0.09863 0.989407 0.10652 -0.000002 0 0 0 1 0.729732 -0.000116 0.683734 0 0.676424 0.145959 -0.721905 -0.188543 -0.099712 0.989291 0.106589 -0.000002 0 0 0 1 0.728934 0.000295 0.684584 0 0.677147 0.146691 -0.721078 -0.188543 -0.100635 0.989182 0.106728 -0.000002 0 0 0 1 0.727874 0.000393 0.685711 0 0.67819 0.147291 -0.719975 -0.188543 -0.101283 0.989093 0.106942 -0.000002 0 0 0 1 0.726705 0.000178 0.68695 0 0.679399 0.147669 -0.718756 -0.188543 -0.10157 0.989037 0.10719 -0.000002 0 0 0 1 0.725601 -0.000275 0.688115 0 0.680586 0.147811 -0.717603 -0.188543 -0.101513 0.989016 0.107439 -0.000002 0 0 0 1 0.72473 -0.000887 0.689032 0 0.681565 0.147757 -0.716685 -0.188543 -0.101173 0.989023 0.107689 -0.000002 0 0 0 1 0.724268 -0.00155 0.689517 0 0.682128 0.147629 -0.716175 -0.188543 -0.100683 0.989042 0.107981 -0.000002 0 0 0 1 0.724292 -0.002243 0.689489 0 0.682191 0.147479 -0.716146 -0.188543 -0.100079 0.989063 0.108348 -0.000002 0 0 0 1 0.724678 -0.003019 0.689081 0 0.681891 0.147292 -0.71647 -0.188543 -0.099332 0.989088 0.108798 -0.000002 0 0 0 1 0.725176 -0.003967 0.688552 0 0.681498 0.147027 -0.716899 -0.188543 -0.098391 0.989125 0.109324 -0.000002 0 0 0 1 0.725591 -0.005118 0.688107 0 0.681218 0.146677 -0.717236 -0.188543 -0.097258 0.989171 0.109914 -0.000002 0 0 0 1 0.725846 -0.006404 0.687827 0 0.681121 0.146291 -0.717407 -0.188543 -0.096028 0.989221 0.110547 -0.000002 0 0 0 1 0.725977 -0.007683 0.687676 0 0.681147 0.145937 -0.717454 -0.188543 -0.094845 0.989264 0.111181 -0.000002 0 0 0 1 0.726081 -0.008842 0.687553 0 0.681186 0.145603 -0.717485 -0.188543 -0.093765 0.989304 0.111743 -0.000002 0 0 0 1 0.726211 -0.009835 0.687402 0 0.681183 0.145233 -0.717563 -0.188543 -0.092776 0.989349 0.11217 -0.000002 0 0 0 1 0.726273 -0.010725 0.687323 0 0.681248 0.144774 -0.717594 -0.188543 -0.091809 0.989407 0.112452 -0.000002 0 0 0 1 0.726082 -0.011554 0.687511 0 0.681574 0.144265 -0.717387 -0.188543 -0.090894 0.989472 0.112624 -0.000002 0 0 0 1 0.72552 -0.012363 0.68809 0 0.682283 0.14376 -0.716815 -0.188543 -0.090057 0.989535 0.112736 -0.000002 0 0 0 1 0.724635 -0.013146 0.689008 0 0.683321 0.143281 -0.715921 -0.188543 -0.08931 0.989595 0.11281 -0.000002 0 0 0 1 0.723604 -0.013889 0.690076 0 0.684502 0.142817 -0.714885 -0.188543 -0.088624 0.989652 0.11285 -0.000002 0 0 0 1 0.72264 -0.014586 0.69107 0 0.685607 0.142323 -0.713924 -0.188543 -0.087941 0.989713 0.112849 -0.000002 0 0 0 1 0.721848 -0.015304 0.691882 0 0.686546 0.141693 -0.713147 -0.188543 -0.08712 0.989792 0.112788 -0.000002 0 0 0 1 0.721155 -0.016068 0.692587 0 0.687397 0.140908 -0.712482 -0.188543 -0.086142 0.989892 0.112662 -0.000002 0 0 0 1 0.720396 -0.016815 0.693359 0 0.688315 0.140081 -0.711758 -0.188543 -0.085158 0.989997 0.112489 -0.000002 0 0 0 1 0.719507 -0.017335 0.694269 0 0.689326 0.139454 -0.710903 -0.188543 -0.084494 0.990077 0.112288 -0.000002 0 0 0 1 0.718628 -0.017469 0.695175 0 0.690264 0.13914 -0.710054 -0.188543 -0.084322 0.990119 0.112048 -0.000002 0 0 0 1 0.718 -0.01719 0.69583 0 0.690884 0.139084 -0.709461 -0.188543 -0.084583 0.990131 0.111739 -0.000002 0 0 0 1 0.717746 -0.016553 0.696108 0 0.691079 0.139189 -0.709251 -0.188543 -0.085149 0.990127 0.111342 -0.000002 0 0 0 1 0.717778 -0.015652 0.696096 0 0.690947 0.139421 -0.709334 -0.188543 -0.085947 0.99011 0.110888 -0.000002 0 0 0 1 0.71792 -0.014608 0.695973 0 0.690677 0.139791 -0.709523 -0.188543 -0.086926 0.990073 0.110448 -0.000002 0 0 0 1 0.718051 -0.013552 0.695859 0 0.690405 0.140281 -0.709691 -0.188543 -0.087997 0.990019 0.110085 -0.000002 0 0 0 1 0.718157 -0.012595 0.695767 0 0.690163 0.140805 -0.709823 -0.188543 -0.089027 0.989957 0.109813 -0.000002 0 0 0 1 0.718291 -0.011762 0.695644 0 0.689905 0.141295 -0.709976 -0.188543 -0.089939 0.989898 0.109605 -0.000002 0 0 0 1 0.718501 -0.01108 0.695437 0 0.689594 0.141654 -0.710207 -0.188543 -0.090642 0.989854 0.10942 -0.000002 0 0 0 1 0.718779 -0.010541 0.695159 0 0.689241 0.141857 -0.710509 -0.188543 -0.091123 0.989831 0.109229 -0.000002 0 0 0 1 0.718996 -0.010154 0.69494 0 0.688978 0.141907 -0.710754 -0.188543 -0.091399 0.989828 0.109027 -0.000002 0 0 0 1 0.718967 -0.009909 0.694974 0 0.688989 0.141859 -0.710753 -0.188543 -0.091544 0.989837 0.10882 -0.000002 0 0 0 1 0.71861 -0.009791 0.695344 0 0.689353 0.141747 -0.710422 -0.188543 -0.091606 0.989855 0.108611 -0.000002 0 0 0 1 0.718056 -0.009759 0.695917 0 0.689931 0.141582 -0.709894 -0.188543 -0.0916 0.989878 0.108398 -0.000002 0 0 0 1 0.717576 -0.009746 0.696412 0 0.690439 0.141362 -0.709444 -0.188543 -0.091531 0.98991 0.108167 -0.000002 0 0 0 1 0.71738 -0.009688 0.696615 0 0.690659 0.141086 -0.709285 -0.188543 -0.09141 0.98995 0.107904 -0.000002 0 0 0 1 0.717476 -0.009549 0.696518 0 0.690576 0.140788 -0.709425 -0.188543 -0.091286 0.989994 0.107607 -0.000002 0 0 0 1 0.717703 -0.009337 0.696287 0 0.690348 0.140538 -0.709696 -0.188543 -0.091228 0.990031 0.107311 -0.000002 0 0 0 1 0.717879 -0.009083 0.696109 0 0.690157 0.140404 -0.709908 -0.188543 -0.091288 0.990053 0.107062 -0.000002 0 0 0 1 0.717939 -0.008822 0.69605 0 0.690071 0.140407 -0.709992 -0.188543 -0.091466 0.990054 0.106892 -0.000002 0 0 0 1 0.717936 -0.008539 0.696057 0 0.690036 0.140525 -0.710002 -0.188543 -0.09175 0.99004 0.10678 -0.000002 0 0 0 1 0.717937 -0.008182 0.69606 0 0.689981 0.140749 -0.710011 -0.188543 -0.09216 0.990012 0.106694 -0.000002 0 0 0 1 0.717979 -0.007672 0.696023 0 0.689857 0.141094 -0.710063 -0.188543 -0.092756 0.989966 0.106596 -0.000002 0 0 0 1 0.71812 -0.007022 0.695884 0 0.689609 0.141538 -0.710216 -0.188543 -0.093507 0.989908 0.106484 -0.000002 0 0 0 1 0.718447 -0.006259 0.695553 0 0.689153 0.142041 -0.710558 -0.188543 -0.094349 0.989841 0.106362 -0.000002 0 0 0 1 0.718975 -0.005468 0.695014 0 0.688488 0.142535 -0.711103 -0.188543 -0.095174 0.989775 0.106244 -0.000002 0 0 0 1 0.719596 -0.004627 0.694378 0 0.687721 0.143039 -0.711744 -0.188543 -0.096029 0.989706 0.106113 -0.000002 0 0 0 1 0.7202 -0.003687 0.693757 0 0.686953 0.143598 -0.712373 -0.188543 -0.096995 0.989629 0.105952 -0.000002 0 0 0 1 0.720834 -0.002517 0.693103 0 0.686113 0.144296 -0.713041 -0.188543 -0.098216 0.989531 0.105741 -0.000002 0 0 0 1 0.721663 -0.001191 0.692244 0 0.685047 0.145055 -0.713911 -0.188543 -0.099562 0.989423 0.105497 -0.000002 0 0 0 1 0.72275 0.000161 0.691109 0 0.68371 0.145773 -0.715046 -0.188543 -0.100861 0.989318 0.105247 -0.000002 0 0 0 1 0.723903 0.00136 0.689901 0 0.682335 0.146291 -0.716253 -0.188543 -0.101901 0.989241 0.104972 -0.000002 0 0 0 1 0.724803 0.002287 0.688952 0 0.68128 0.146472 -0.717219 -0.188543 -0.102553 0.989212 0.104605 -0.000002 0 0 0 1 0.725329 0.002956 0.688396 0 0.680684 0.146238 -0.717832 -0.188543 -0.102792 0.989245 0.104058 -0.000002 0 0 0 1 0.725659 0.003493 0.688046 0 0.680343 0.145658 -0.718274 -0.188543 -0.102729 0.989329 0.103321 -0.000002 0 0 0 1 0.726045 0.004011 0.687636 0 0.679967 0.144856 -0.718792 -0.188543 -0.102492 0.989445 0.102444 -0.000002 0 0 0 1 0.726604 0.004531 0.687041 0 0.679419 0.14394 -0.719493 -0.188543 -0.102153 0.989576 0.101509 -0.000002 0 0 0 1 0.727329 0.004954 0.686271 0 0.678718 0.142923 -0.720357 -0.188543 -0.101653 0.989721 0.10059 -0.000002 0 0 0 1 0.72821 0.005135 0.685335 0 0.677895 0.141731 -0.721367 -0.188543 -0.100838 0.989892 0.099728 -0.000002 0 0 0 1 0.729256 0.004971 0.684222 0 0.676955 0.140291 -0.72253 -0.188543 -0.099582 0.990098 0.098942 -0.000002 0 0 0 1 0.730404 0.004474 0.683 0 0.675958 0.138645 -0.723781 -0.188543 -0.097933 0.990332 0.098242 -0.000002 0 0 0 1 0.731438 0.003711 0.681898 0 0.675107 0.136937 -0.724899 -0.188543 -0.096067 0.990573 0.097655 -0.000002 0 0 0 1 0.732103 0.002706 0.681188 0 0.674661 0.135282 -0.725625 -0.188543 -0.094116 0.990803 0.097214 -0.000002 0 0 0 1 0.732335 0.001498 0.680943 0 0.674679 0.133745 -0.725893 -0.188543 -0.09216 0.991015 0.096934 -0.000002 0 0 0 1 0.732352 0.000232 0.680927 0 0.67491 0.132396 -0.725926 -0.188543 -0.090321 0.991197 0.096803 -0.000002 0 0 0 1 0.732413 -0.000868 0.68086 0 0.675048 0.131316 -0.725994 -0.188543 -0.088777 0.99134 0.096764 -0.000002 0 0 0 1 0.732576 -0.00169 0.680683 0 0.675024 0.130508 -0.726161 -0.188543 -0.087607 0.991446 0.096748 -0.000002 0 0 0 1 0.732672 -0.002398 0.680578 0 0.675054 0.129752 -0.726269 -0.188543 -0.086564 0.991544 0.096684 -0.000002 0 0 0 1 0.7326 -0.003132 0.680652 0 0.675269 0.12894 -0.726213 -0.188543 -0.085488 0.991647 0.096577 -0.000002 0 0 0 1 0.732413 -0.004006 0.680849 0 0.67563 0.12799 -0.726046 -0.188543 -0.084232 0.991767 0.096448 -0.000002 0 0 0 1 0.732199 -0.005059 0.681072 0 0.676045 0.126897 -0.725852 -0.188543 -0.082753 0.991903 0.096334 -0.000002 0 0 0 1 0.732001 -0.005814 0.681279 0 0.676391 0.126066 -0.725674 -0.188543 -0.081666 0.992005 0.096213 -0.000002 0 0 0 1</float_array>
        <technique_common>
          <accessor source="#RightArm_matrix_RightArm_transform-output-array" count="106" stride="16">
            <param name="TRANSFORM" type="float4x4"/>
          </accessor>
        </technique_common>
      </source>
      <source id="RightArm_matrix_RightArm_transform-interpolations">
        <Name_array id="RightArm_matrix_RightArm_transform-interpolations-array" count="106">LINEAR LINEAR LINEAR LINEAR LINEAR LINEAR LINEAR LINEAR LINEAR LINEAR LINEAR LINEAR LINEAR LINEAR LINEAR LINEAR LINEAR LINEAR LINEAR LINEAR LINEAR LINEAR LINEAR LINEAR LINEAR LINEAR LINEAR LINEAR LINEAR LINEAR LINEAR LINEAR LINEAR LINEAR LINEAR LINEAR LINEAR LINEAR LINEAR LINEAR LINEAR LINEAR LINEAR LINEAR LINEAR LINEAR LINEAR LINEAR LINEAR LINEAR LINEAR LINEAR LINEAR LINEAR LINEAR LINEAR LINEAR LINEAR LINEAR LINEAR LINEAR LINEAR LINEAR LINEAR LINEAR LINEAR LINEAR LINEAR LINEAR LINEAR LINEAR LINEAR LINEAR LINEAR LINEAR LINEAR LINEAR LINEAR LINEAR LINEAR LINEAR LINEAR LINEAR LINEAR LINEAR LINEAR LINEAR LINEAR LINEAR LINEAR LINEAR LINEAR LINEAR LINEAR LINEAR LINEAR LINEAR LINEAR LINEAR LINEAR LINEAR LINEAR LINEAR LINEAR LINEAR LINEAR</Name_array>
        <technique_common>
          <accessor source="#RightArm_matrix_RightArm_transform-interpolations-array" count="106" stride="1">
            <param name="INTERPOLATION" type="Name"/>
          </accessor>
        </technique_common>
      </source>
      <sampler id="RightArm_matrix_RightArm_transform-sampler">
        <input semantic="INPUT" source="#RightArm_matrix_RightArm_transform-input"/>
        <input semantic="OUTPUT" source="#RightArm_matrix_RightArm_transform-output"/>
        <input semantic="INTERPOLATION" source="#RightArm_matrix_RightArm_transform-interpolations"/>
      </sampler>
      <channel source="#RightArm_matrix_RightArm_transform-sampler" target="RightArm/transform"/>
    </animation>
    <animation id="RightForeArm_matrix">
      <source id="RightForeArm_matrix_RightForeArm_transform-input">
        <float_array id="RightForeArm_matrix_RightForeArm_transform-input-array" count="106">0 0.033333 0.066666 0.1 0.133333 0.166667 0.2 0.233333 0.266667 0.3 0.333333 0.366667 0.4 0.433333 0.466667 0.5 0.533333 0.566667 0.6 0.633333 0.666667 0.7 0.733333 0.766667 0.8 0.833333 0.866667 0.9 0.933333 0.966667 1 1.03333 1.06667 1.1 1.13333 1.16667 1.2 1.23333 1.26667 1.3 1.33333 1.36667 1.4 1.43333 1.46667 1.5 1.53333 1.56667 1.6 1.63333 1.66667 1.7 1.73333 1.76667 1.8 1.83333 1.86667 1.9 1.93333 1.96667 2 2.03333 2.06667 2.1 2.13333 2.16667 2.2 2.23333 2.26667 2.3 2.33333 2.36667 2.4 2.43333 2.46667 2.5 2.53333 2.56667 2.6 2.63333 2.66667 2.7 2.73333 2.76667 2.8 2.83333 2.86667 2.9 2.93333 2.96667 3 3.03333 3.06667 3.1 3.13333 3.16667 3.2 3.23333 3.26667 3.3 3.33333 3.36667 3.4 3.43333 3.46667 3.5</float_array>
        <technique_common>
          <accessor source="#RightForeArm_matrix_RightForeArm_transform-input-array" count="106" stride="1">
            <param name="TIME" type="float"/>
          </accessor>
        </technique_common>
        <technique profile="MAYA">
          <pre_infinity>CONSTANT</pre_infinity>
          <post_infinity>CONSTANT</post_infinity>
        </technique>
      </source>
      <source id="RightForeArm_matrix_RightForeArm_transform-output">
        <float_array id="RightForeArm_matrix_RightForeArm_transform-output-array" count="1696">0.934677 -0.355497 0.000064 -0.000011 0.355497 0.934676 -0.001684 -0.321501 0.000538 0.001597 0.999999 0.000000 0 0 0 1 0.93464 -0.355595 0.000064 -0.000011 0.355594 0.934639 -0.001684 -0.321501 0.000539 0.001597 0.999999 0.000000 0 0 0 1 0.934598 -0.355706 0.000064 -0.000011 0.355706 0.934596 -0.001684 -0.321501 0.000539 0.001597 0.999999 0.000000 0 0 0 1 0.934556 -0.355816 0.000064 -0.000011 0.355816 0.934555 -0.001684 -0.321501 0.000539 0.001596 0.999999 0.000000 0 0 0 1 0.934492 -0.355985 0.000000 -0.000011 0.355985 0.93449 -0.001684 -0.321501 0.000599 0.001574 0.999999 0.000000 0 0 0 1 0.934363 -0.356322 -0.000107 -0.000011 0.356321 0.934362 -0.001684 -0.321501 0.0007 0.001535 0.999999 0.000000 0 0 0 1 0.934126 -0.356943 -0.000251 -0.000011 0.356942 0.934125 -0.001684 -0.321501 0.000835 0.001483 0.999999 0.000000 0 0 0 1 0.933731 -0.357974 -0.000456 -0.000011 0.357973 0.93373 -0.001684 -0.321501 0.001029 0.001409 0.999998 0.000000 0 0 0 1 0.9331 -0.359617 -0.000798 -0.000011 0.359615 0.933099 -0.001743 -0.321501 0.001372 0.001339 0.999998 0.000000 0 0 0 1 0.932397 -0.361433 -0.001388 -0.000011 0.36143 0.932397 -0.001854 -0.321501 0.001964 0.001226 0.999997 0.000000 0 0 0 1 0.931913 -0.362676 -0.002192 -0.000011 0.362672 0.931915 -0.002003 -0.321501 0.002769 0.001072 0.999996 0.000000 0 0 0 1 0.9319 -0.362702 -0.003096 -0.000011 0.362697 0.931905 -0.00217 -0.321501 0.003672 0.0009 0.999993 0.000000 0 0 0 1 0.93218 -0.361974 -0.003975 -0.000011 0.361967 0.932188 -0.00233 -0.321501 0.004549 0.000733 0.999989 0.000000 0 0 0 1 0.932424 -0.361334 -0.004885 -0.000011 0.361325 0.932436 -0.002495 -0.321501 0.005456 0.000561 0.999985 0.000000 0 0 0 1 0.932587 -0.360898 -0.005852 -0.000011 0.360889 0.932605 -0.00267 -0.321501 0.006421 0.000378 0.999979 0.000000 0 0 0 1 0.932695 -0.360603 -0.006799 -0.000011 0.360591 0.93272 -0.002842 -0.321501 0.007366 0.000198 0.999973 0.000000 0 0 0 1 0.932883 -0.360101 -0.007569 -0.000011 0.360088 0.932913 -0.002978 -0.321501 0.008134 0.000053 0.999967 0.000000 0 0 0 1 0.933002 -0.359782 -0.008075 -0.000011 0.359768 0.933037 -0.003068 -0.321501 0.008638 -0.000042 0.999963 0.000000 0 0 0 1 0.932972 -0.35985 -0.008364 -0.000011 0.359837 0.93301 -0.003126 -0.321501 0.008928 -0.000093 0.99996 0.000000 0 0 0 1 0.932817 -0.360248 -0.008547 -0.000011 0.360234 0.932857 -0.003173 -0.321501 0.009117 -0.000119 0.999958 0.000000 0 0 0 1 0.932572 -0.360879 -0.008721 -0.000011 0.360865 0.932613 -0.003215 -0.321501 0.009293 -0.000148 0.999957 0.000000 0 0 0 1 0.932209 -0.361811 -0.0089 -0.000011 0.361797 0.932251 -0.003253 -0.321501 0.009474 -0.000187 0.999955 0.000000 0 0 0 1 0.931692 -0.363136 -0.009032 -0.000011 0.363121 0.931736 -0.00328 -0.321501 0.009606 -0.000223 0.999954 0.000000 0 0 0 1 0.931017 -0.364861 -0.0091 -0.000011 0.364847 0.931062 -0.003302 -0.321501 0.009678 -0.000245 0.999953 0.000000 0 0 0 1 0.930291 -0.366706 -0.009201 -0.000011 0.366691 0.930337 -0.003338 -0.321501 0.009785 -0.000268 0.999952 0.000000 0 0 0 1 0.929618 -0.368404 -0.009462 -0.000011 0.368388 0.929666 -0.00341 -0.321501 0.010053 -0.000315 0.999949 0.000000 0 0 0 1 0.929064 -0.369786 -0.009885 -0.000011 0.369769 0.929117 -0.003506 -0.321501 0.01048 -0.000397 0.999945 0.000000 0 0 0 1 0.928614 -0.370902 -0.01037 -0.000011 0.370885 0.928672 -0.003612 -0.321501 0.01097 -0.000491 0.99994 0.000000 0 0 0 1 0.928208 -0.371901 -0.010878 -0.000011 0.371883 0.928272 -0.003723 -0.321501 0.011483 -0.000589 0.999934 0.000000 0 0 0 1 0.927809 -0.372879 -0.011464 -0.000011 0.37286 0.92788 -0.00385 -0.321501 0.012073 -0.000701 0.999927 0.000000 0 0 0 1 0.927453 -0.373741 -0.01218 -0.000011 0.37372 0.927533 -0.004003 -0.321501 0.012794 -0.000839 0.999918 0.000000 0 0 0 1 0.927207 -0.374324 -0.012977 -0.000011 0.374302 0.927297 -0.004169 -0.321501 0.013595 -0.000991 0.999907 0.000000 0 0 0 1 0.927168 -0.374391 -0.013776 -0.000011 0.374368 0.92727 -0.004328 -0.321501 0.014395 -0.001144 0.999896 0.000000 0 0 0 1 0.927373 -0.373856 -0.014503 -0.000011 0.373831 0.927486 -0.004463 -0.321501 0.01512 -0.001282 0.999885 0.000000 0 0 0 1 0.927798 -0.372775 -0.015134 -0.000011 0.37275 0.927921 -0.004571 -0.321501 0.015747 -0.0014 0.999875 0.000000 0 0 0 1 0.928282 -0.371549 -0.015605 -0.000011 0.371522 0.928412 -0.004684 -0.321501 0.016228 -0.001449 0.999867 0.000000 0 0 0 1 0.928741 -0.370388 -0.015899 -0.000011 0.370361 0.928876 -0.004749 -0.321501 0.016527 -0.001476 0.999862 0.000000 0 0 0 1 0.929197 -0.369237 -0.015994 -0.000011 0.36921 0.929334 -0.004755 -0.321501 0.01662 -0.001486 0.999861 0.000000 0 0 0 1 0.929722 -0.367921 -0.015871 -0.000011 0.367894 0.929856 -0.004684 -0.321501 0.016482 -0.001483 0.999863 0.000000 0 0 0 1 0.930325 -0.366405 -0.015592 -0.000011 0.36638 0.930454 -0.004559 -0.321501 0.016178 -0.001471 0.999868 0.000000 0 0 0 1 0.930935 -0.364864 -0.015297 -0.000011 0.36484 0.93106 -0.004432 -0.321501 0.01586 -0.001454 0.999873 0.000000 0 0 0 1 0.931467 -0.363512 -0.015129 -0.000011 0.363488 0.931589 -0.004401 -0.321501 0.015694 -0.001399 0.999876 0.000000 0 0 0 1 0.931908 -0.362377 -0.015164 -0.000011 0.362353 0.93203 -0.004408 -0.321501 0.015731 -0.001387 0.999875 0.000000 0 0 0 1 0.932306 -0.361344 -0.015356 -0.000011 0.36132 0.932431 -0.004439 -0.321501 0.015923 -0.001409 0.999872 0.000000 0 0 0 1 0.932721 -0.360264 -0.015568 -0.000011 0.360239 0.932849 -0.004484 -0.321501 0.016138 -0.001425 0.999869 0.000000 0 0 0 1 0.933149 -0.35914 -0.01584 -0.000011 0.359114 0.933283 -0.004531 -0.321501 0.016411 -0.00146 0.999864 0.000000 0 0 0 1 0.933572 -0.358021 -0.016263 -0.000011 0.357995 0.933712 -0.004597 -0.321501 0.016831 -0.00153 0.999857 0.000000 0 0 0 1 0.933971 -0.35695 -0.016892 -0.000011 0.356923 0.934122 -0.004699 -0.321501 0.017457 -0.001639 0.999846 0.000000 0 0 0 1 0.934349 -0.35592 -0.017691 -0.000011 0.355892 0.934515 -0.004832 -0.321501 0.018252 -0.001781 0.999832 0.000000 0 0 0 1 0.934717 -0.354906 -0.018578 -0.000011 0.354876 0.9349 -0.004978 -0.321501 0.019135 -0.001939 0.999815 0.000000 0 0 0 1 0.935148 -0.353722 -0.019448 -0.000011 0.353691 0.935348 -0.005116 -0.321501 0.020001 -0.002094 0.999798 0.000000 0 0 0 1 0.935678 -0.352275 -0.020229 -0.000011 0.352243 0.935894 -0.005231 -0.321501 0.020775 -0.002231 0.999782 0.000000 0 0 0 1 0.936277 -0.350642 -0.020871 -0.000011 0.350609 0.936507 -0.005314 -0.321501 0.021409 -0.002341 0.999768 0.000000 0 0 0 1 0.936797 -0.349216 -0.021417 -0.000011 0.349183 0.937039 -0.005384 -0.321501 0.021949 -0.002434 0.999756 0.000000 0 0 0 1 0.937152 -0.348232 -0.021925 -0.000011 0.348198 0.937405 -0.005456 -0.321501 0.022453 -0.00252 0.999745 0.000000 0 0 0 1 0.937379 -0.34759 -0.022411 -0.000011 0.347556 0.937643 -0.00553 -0.321501 0.022935 -0.002605 0.999734 0.000000 0 0 0 1 0.937549 -0.347102 -0.022842 -0.000011 0.347067 0.937823 -0.005599 -0.321501 0.023366 -0.002677 0.999723 0.000000 0 0 0 1 0.937689 -0.3467 -0.023202 -0.000011 0.346664 0.937972 -0.005657 -0.321501 0.023724 -0.002738 0.999715 0.000000 0 0 0 1 0.937782 -0.346428 -0.023491 -0.000011 0.346392 0.938073 -0.00571 -0.321501 0.024015 -0.002782 0.999708 0.000000 0 0 0 1 0.937829 -0.346281 -0.023776 -0.000011 0.346245 0.938126 -0.00575 -0.321501 0.024296 -0.002838 0.999701 0.000000 0 0 0 1 0.937862 -0.346174 -0.024063 -0.000011 0.346138 0.938166 -0.005777 -0.321501 0.024575 -0.00291 0.999694 0.000000 0 0 0 1 0.937897 -0.346059 -0.024328 -0.000011 0.346023 0.938208 -0.0058 -0.321501 0.024832 -0.002977 0.999687 0.000000 0 0 0 1 0.937962 -0.345876 -0.024429 -0.000011 0.34584 0.938275 -0.005813 -0.321501 0.024932 -0.002995 0.999685 0.000000 0 0 0 1 0.938052 -0.345641 -0.024284 -0.000011 0.345605 0.938362 -0.00581 -0.321501 0.024795 -0.002941 0.999688 0.000000 0 0 0 1 0.938176 -0.34533 -0.023925 -0.000011 0.345293 0.938477 -0.005786 -0.321501 0.024451 -0.002832 0.999697 0.000000 0 0 0 1 0.938324 -0.344958 -0.023472 -0.000011 0.344922 0.938614 -0.005703 -0.321501 0.023999 -0.002744 0.999708 0.000000 0 0 0 1 0.938509 -0.344486 -0.023042 -0.000011 0.344451 0.938788 -0.005622 -0.321501 0.023569 -0.00266 0.999719 0.000000 0 0 0 1 0.938733 -0.343897 -0.022703 -0.000011 0.343862 0.939004 -0.005548 -0.321501 0.023226 -0.002598 0.999727 0.000000 0 0 0 1 0.938989 -0.343214 -0.022461 -0.000011 0.343179 0.939254 -0.005502 -0.321501 0.022985 -0.002541 0.999733 0.000000 0 0 0 1 0.939258 -0.34249 -0.022241 -0.000011 0.342455 0.939518 -0.005482 -0.321501 0.022774 -0.002467 0.999738 0.000000 0 0 0 1 0.939508 -0.341819 -0.021996 -0.000011 0.341784 0.939763 -0.005471 -0.321501 0.022541 -0.002377 0.999743 0.000000 0 0 0 1 0.939713 -0.341266 -0.02182 -0.000011 0.34123 0.939964 -0.005466 -0.321501 0.022375 -0.002308 0.999747 0.000000 0 0 0 1 0.939853 -0.340877 -0.021877 -0.000011 0.340841 0.940105 -0.005468 -0.321501 0.022431 -0.002317 0.999746 0.000000 0 0 0 1 0.939936 -0.340627 -0.022223 -0.000011 0.340592 0.940195 -0.005474 -0.321501 0.022759 -0.002423 0.999738 0.000000 0 0 0 1 0.939968 -0.340506 -0.022701 -0.000011 0.340472 0.940239 -0.005483 -0.321501 0.023211 -0.002575 0.999727 0.000000 0 0 0 1 0.939946 -0.340543 -0.023082 -0.000011 0.340509 0.940225 -0.005493 -0.321501 0.023573 -0.002696 0.999718 0.000000 0 0 0 1 0.93983 -0.340848 -0.023266 -0.000011 0.340815 0.940114 -0.005503 -0.321501 0.023749 -0.002757 0.999714 0.000000 0 0 0 1 0.939625 -0.341415 -0.02326 -0.000011 0.341381 0.939909 -0.005511 -0.321501 0.023744 -0.002762 0.999714 0.000000 0 0 0 1 0.939333 -0.342225 -0.023147 -0.000011 0.342192 0.939614 -0.005516 -0.321501 0.023637 -0.002739 0.999717 0.000000 0 0 0 1 0.939006 -0.34313 -0.022993 -0.000011 0.343097 0.939284 -0.005517 -0.321501 0.02349 -0.002708 0.99972 0.000000 0 0 0 1 0.938587 -0.344285 -0.022827 -0.000011 0.344252 0.938861 -0.005512 -0.321501 0.023329 -0.002684 0.999724 0.000000 0 0 0 1 0.937981 -0.345945 -0.022646 -0.000011 0.345912 0.938251 -0.005498 -0.321501 0.02315 -0.002675 0.999728 0.000000 0 0 0 1 0.93702 -0.348557 -0.022376 -0.000011 0.348524 0.937284 -0.005475 -0.321501 0.022882 -0.002667 0.999735 0.000000 0 0 0 1 0.935725 -0.35205 -0.021898 -0.000011 0.352017 0.935978 -0.005441 -0.321501 0.022412 -0.002617 0.999745 0.000000 0 0 0 1 0.934196 -0.356133 -0.021139 -0.000011 0.356101 0.934432 -0.005394 -0.321501 0.021674 -0.002488 0.999762 0.000000 0 0 0 1 0.932671 -0.360162 -0.020201 -0.000011 0.36013 0.932887 -0.0053 -0.321501 0.020754 -0.002331 0.999782 0.000000 0 0 0 1 0.931428 -0.363418 -0.019246 -0.000011 0.363387 0.931624 -0.005182 -0.321501 0.019814 -0.002166 0.999801 0.000000 0 0 0 1 0.93063 -0.365499 -0.01836 -0.000011 0.36547 0.930809 -0.005049 -0.321501 0.018935 -0.00201 0.999819 0.000000 0 0 0 1 0.930213 -0.366602 -0.017516 -0.000011 0.366574 0.930376 -0.004902 -0.321501 0.018093 -0.00186 0.999835 0.000000 0 0 0 1 0.929996 -0.367192 -0.016679 -0.000011 0.367166 0.930143 -0.004745 -0.321501 0.017256 -0.00171 0.99985 0.000000 0 0 0 1 0.929822 -0.36767 -0.015828 -0.000011 0.367645 0.929955 -0.004583 -0.321501 0.016404 -0.001557 0.999864 0.000000 0 0 0 1 0.929667 -0.3681 -0.014891 -0.000011 0.368076 0.929785 -0.004402 -0.321501 0.015465 -0.001388 0.999879 0.000000 0 0 0 1 0.929586 -0.36835 -0.013721 -0.000011 0.368328 0.929686 -0.004171 -0.321501 0.014293 -0.001175 0.999897 0.000000 0 0 0 1 0.929635 -0.368279 -0.012225 -0.000011 0.368259 0.929715 -0.003875 -0.321501 0.012793 -0.000899 0.999918 0.000000 0 0 0 1 0.929808 -0.367897 -0.010444 -0.000011 0.36788 0.929866 -0.003524 -0.321501 0.011008 -0.000565 0.999939 0.000000 0 0 0 1 0.930078 -0.367261 -0.008589 -0.000011 0.367248 0.930118 -0.003162 -0.321501 0.00915 -0.000213 0.999958 0.000000 0 0 0 1 0.930458 -0.366333 -0.006906 -0.000011 0.366322 0.930484 -0.002833 -0.321501 0.007464 0.000106 0.999972 0.000000 0 0 0 1 0.930961 -0.365076 -0.005566 -0.000011 0.365067 0.930978 -0.00257 -0.321501 0.00612 0.00036 0.999981 0.000000 0 0 0 1 0.931512 -0.363682 -0.00454 -0.000011 0.363674 0.931523 -0.002368 -0.321501 0.005091 0.000555 0.999987 0.000000 0 0 0 1 0.931985 -0.362478 -0.003708 -0.000011 0.362472 0.931992 -0.002207 -0.321501 0.004256 0.000713 0.999991 0.000000 0 0 0 1 0.932318 -0.361627 -0.002938 -0.000011 0.361622 0.932323 -0.00206 -0.321501 0.003484 0.000858 0.999994 0.000000 0 0 0 1 0.9327 -0.360647 -0.002222 -0.000011 0.360644 0.932702 -0.001926 -0.321501 0.002767 0.000994 0.999996 0.000000 0 0 0 1 0.933198 -0.35936 -0.001587 -0.000011 0.359357 0.933198 -0.001806 -0.321501 0.00213 0.001115 0.999997 0.000000 0 0 0 1 0.933798 -0.357799 -0.00103 -0.000011 0.357797 0.933798 -0.001702 -0.321501 0.001571 0.001221 0.999998 0.000000 0 0 0 1 0.934357 -0.356339 -0.000379 -0.000011 0.356338 0.934356 -0.001583 -0.321501 0.000919 0.001344 0.999999 0.000000 0 0 0 1 0.934677 -0.355497 0 -0.000011 0.355497 0.934676 -0.001515 -0.321501 0.000538 0.001416 0.999999 0.000000 0 0 0 1</float_array>
        <technique_common>
          <accessor source="#RightForeArm_matrix_RightForeArm_transform-output-array" count="106" stride="16">
            <param name="TRANSFORM" type="float4x4"/>
          </accessor>
        </technique_common>
      </source>
      <source id="RightForeArm_matrix_RightForeArm_transform-interpolations">
        <Name_array id="RightForeArm_matrix_RightForeArm_transform-interpolations-array" count="106">LINEAR LINEAR LINEAR LINEAR LINEAR LINEAR LINEAR LINEAR LINEAR LINEAR LINEAR LINEAR LINEAR LINEAR LINEAR LINEAR LINEAR LINEAR LINEAR LINEAR LINEAR LINEAR LINEAR LINEAR LINEAR LINEAR LINEAR LINEAR LINEAR LINEAR LINEAR LINEAR LINEAR LINEAR LINEAR LINEAR LINEAR LINEAR LINEAR LINEAR LINEAR LINEAR LINEAR LINEAR LINEAR LINEAR LINEAR LINEAR LINEAR LINEAR LINEAR LINEAR LINEAR LINEAR LINEAR LINEAR LINEAR LINEAR LINEAR LINEAR LINEAR LINEAR LINEAR LINEAR LINEAR LINEAR LINEAR LINEAR LINEAR LINEAR LINEAR LINEAR LINEAR LINEAR LINEAR LINEAR LINEAR LINEAR LINEAR LINEAR LINEAR LINEAR LINEAR LINEAR LINEAR LINEAR LINEAR LINEAR LINEAR LINEAR LINEAR LINEAR LINEAR LINEAR LINEAR LINEAR LINEAR LINEAR LINEAR LINEAR LINEAR LINEAR LINEAR LINEAR LINEAR LINEAR</Name_array>
        <technique_common>
          <accessor source="#RightForeArm_matrix_RightForeArm_transform-interpolations-array" count="106" stride="1">
            <param name="INTERPOLATION" type="Name"/>
          </accessor>
        </technique_common>
      </source>
      <sampler id="RightForeArm_matrix_RightForeArm_transform-sampler">
        <input semantic="INPUT" source="#RightForeArm_matrix_RightForeArm_transform-input"/>
        <input semantic="OUTPUT" source="#RightForeArm_matrix_RightForeArm_transform-output"/>
        <input semantic="INTERPOLATION" source="#RightForeArm_matrix_RightForeArm_transform-interpolations"/>
      </sampler>
      <channel source="#RightForeArm_matrix_RightForeArm_transform-sampler" target="RightForeArm/transform"/>
    </animation>
    <animation id="RightHand_matrix">
      <source id="RightHand_matrix_RightHand_transform-input">
        <float_array id="RightHand_matrix_RightHand_transform-input-array" count="106">0 0.033333 0.066666 0.1 0.133333 0.166667 0.2 0.233333 0.266667 0.3 0.333333 0.366667 0.4 0.433333 0.466667 0.5 0.533333 0.566667 0.6 0.633333 0.666667 0.7 0.733333 0.766667 0.8 0.833333 0.866667 0.9 0.933333 0.966667 1 1.03333 1.06667 1.1 1.13333 1.16667 1.2 1.23333 1.26667 1.3 1.33333 1.36667 1.4 1.43333 1.46667 1.5 1.53333 1.56667 1.6 1.63333 1.66667 1.7 1.73333 1.76667 1.8 1.83333 1.86667 1.9 1.93333 1.96667 2 2.03333 2.06667 2.1 2.13333 2.16667 2.2 2.23333 2.26667 2.3 2.33333 2.36667 2.4 2.43333 2.46667 2.5 2.53333 2.56667 2.6 2.63333 2.66667 2.7 2.73333 2.76667 2.8 2.83333 2.86667 2.9 2.93333 2.96667 3 3.03333 3.06667 3.1 3.13333 3.16667 3.2 3.23333 3.26667 3.3 3.33333 3.36667 3.4 3.43333 3.46667 3.5</float_array>
        <technique_common>
          <accessor source="#RightHand_matrix_RightHand_transform-input-array" count="106" stride="1">
            <param name="TIME" type="float"/>
          </accessor>
        </technique_common>
        <technique profile="MAYA">
          <pre_infinity>CONSTANT</pre_infinity>
          <post_infinity>CONSTANT</post_infinity>
        </technique>
      </source>
      <source id="RightHand_matrix_RightHand_transform-output">
        <float_array id="RightHand_matrix_RightHand_transform-output-array" count="1696">0.94875 0.057403 0.31077 -0.000011 -0.013385 0.989782 -0.141962 -0.244116 -0.315744 0.130527 0.939824 0.000000 0 0 0 1 0.948793 0.057386 0.310643 -0.000011 -0.013385 0.989782 -0.141962 -0.244116 -0.315616 0.130535 0.939866 0.000000 0 0 0 1 0.948852 0.057361 0.310465 -0.000011 -0.013385 0.989782 -0.141962 -0.244116 -0.315436 0.130545 0.939924 0.000000 0 0 0 1 0.94892 0.057333 0.310265 -0.000011 -0.013385 0.989782 -0.141962 -0.244116 -0.315234 0.130558 0.939991 0.000000 0 0 0 1 0.948976 0.05727 0.310104 -0.000011 -0.013343 0.989782 -0.141962 -0.244116 -0.315065 0.130581 0.940044 0.000000 0 0 0 1 0.948995 0.057348 0.310032 -0.000011 -0.013417 0.989774 -0.142013 -0.244116 -0.315006 0.13061 0.94006 0.000000 0 0 0 1 0.948954 0.057625 0.310105 -0.000011 -0.01366 0.989755 -0.142118 -0.244116 -0.315118 0.130627 0.94002 0.000000 0 0 0 1 0.948863 0.058146 0.310288 -0.000011 -0.014117 0.989723 -0.142299 -0.244116 -0.315373 0.130642 0.939932 0.000000 0 0 0 1 0.948748 0.058986 0.310481 -0.000011 -0.014868 0.989671 -0.142586 -0.244116 -0.315684 0.130662 0.939825 0.000000 0 0 0 1 0.948641 0.059805 0.310651 -0.000011 -0.015599 0.989617 -0.142883 -0.244116 -0.315971 0.130698 0.939724 0.000000 0 0 0 1 0.948569 0.060176 0.310797 -0.000011 -0.015899 0.989584 -0.143077 -0.244116 -0.31617 0.130777 0.939646 0.000000 0 0 0 1 0.948561 0.059736 0.310906 -0.000011 -0.01543 0.989594 -0.143058 -0.244116 -0.316217 0.130902 0.939612 0.000000 0 0 0 1 0.948599 0.058839 0.310962 -0.000011 -0.014541 0.989631 -0.142898 -0.244116 -0.316146 0.131031 0.939618 0.000000 0 0 0 1 0.948608 0.057999 0.311094 -0.000011 -0.013712 0.989671 -0.142699 -0.244116 -0.316157 0.1311 0.939605 0.000000 0 0 0 1 0.948524 0.057354 0.311469 -0.000011 -0.013034 0.989702 -0.142551 -0.244116 -0.316438 0.131153 0.939503 0.000000 0 0 0 1 0.948366 0.05688 0.312037 -0.000011 -0.012463 0.989712 -0.142531 -0.244116 -0.316934 0.131282 0.939318 0.000000 0 0 0 1 0.948203 0.056362 0.312624 -0.000011 -0.011853 0.989726 -0.142482 -0.244116 -0.317443 0.131396 0.93913 0.000000 0 0 0 1 0.948052 0.056075 0.313135 -0.000011 -0.011497 0.989738 -0.142428 -0.244116 -0.317909 0.131429 0.938968 0.000000 0 0 0 1 0.947868 0.056204 0.313667 -0.000011 -0.011555 0.989738 -0.142429 -0.244116 -0.318453 0.131379 0.93879 0.000000 0 0 0 1 0.94763 0.056737 0.314291 -0.000011 -0.011976 0.989714 -0.142557 -0.244116 -0.319146 0.131328 0.938562 0.000000 0 0 0 1 0.947365 0.057494 0.31495 -0.000011 -0.0126 0.989677 -0.142763 -0.244116 -0.319906 0.13128 0.93831 0.000000 0 0 0 1 0.947118 0.058362 0.315535 -0.000011 -0.013337 0.989631 -0.143011 -0.244116 -0.320609 0.13124 0.938076 0.000000 0 0 0 1 0.946911 0.059301 0.315979 -0.000011 -0.014133 0.989569 -0.143363 -0.244116 -0.321185 0.131286 0.937872 0.000000 0 0 0 1 0.946739 0.060323 0.316302 -0.000011 -0.015001 0.989492 -0.14381 -0.244116 -0.321653 0.131406 0.937695 0.000000 0 0 0 1 0.946588 0.06133 0.316561 -0.000011 -0.015852 0.989409 -0.144284 -0.244116 -0.322057 0.131559 0.937535 0.000000 0 0 0 1 0.94646 0.062209 0.316769 -0.000011 -0.016598 0.989337 -0.144697 -0.244116 -0.322393 0.131692 0.937401 0.000000 0 0 0 1 0.946366 0.062834 0.316929 -0.000011 -0.017136 0.989288 -0.144965 -0.244116 -0.322643 0.131759 0.937305 0.000000 0 0 0 1 0.946284 0.063182 0.317103 -0.000011 -0.017445 0.98927 -0.145051 -0.244116 -0.322865 0.131727 0.937233 0.000000 0 0 0 1 0.946184 0.063334 0.317371 -0.000011 -0.017588 0.989278 -0.144983 -0.244116 -0.323151 0.131598 0.937153 0.000000 0 0 0 1 0.946076 0.063389 0.317683 -0.000011 -0.017641 0.989295 -0.144862 -0.244116 -0.323465 0.131446 0.937066 0.000000 0 0 0 1 0.945998 0.063346 0.317924 -0.000011 -0.017597 0.989311 -0.144757 -0.244116 -0.323695 0.131345 0.937 0.000000 0 0 0 1 0.945958 0.063141 0.318082 -0.000011 -0.017396 0.989329 -0.144654 -0.244116 -0.323822 0.131303 0.936963 0.000000 0 0 0 1 0.945941 0.062601 0.318239 -0.000011 -0.016879 0.989368 -0.144448 -0.244116 -0.323898 0.131268 0.936941 0.000000 0 0 0 1 0.945944 0.061612 0.318424 -0.000011 -0.015952 0.989441 -0.144057 -0.244116 -0.323937 0.13119 0.936938 0.000000 0 0 0 1 0.945953 0.060218 0.318664 -0.000011 -0.014657 0.989544 -0.143484 -0.244116 -0.323973 0.131058 0.936945 0.000000 0 0 0 1 0.9459 0.058824 0.319083 -0.000011 -0.013351 0.989652 -0.142867 -0.244116 -0.324185 0.130877 0.936897 0.000000 0 0 0 1 0.945724 0.057731 0.319802 -0.000011 -0.012298 0.989747 -0.142304 -0.244116 -0.324738 0.130648 0.936737 0.000000 0 0 0 1 0.945464 0.056901 0.320717 -0.000011 -0.011467 0.989828 -0.141809 -0.244116 -0.325524 0.130398 0.936499 0.000000 0 0 0 1 0.945225 0.056058 0.321571 -0.000011 -0.010626 0.989905 -0.141331 -0.244116 -0.326247 0.130172 0.936279 0.000000 0 0 0 1 0.945062 0.055028 0.322226 -0.000011 -0.009623 0.989985 -0.140841 -0.244116 -0.326749 0.130003 0.936127 0.000000 0 0 0 1 0.944951 0.053897 0.322742 -0.000011 -0.008528 0.990062 -0.140369 -0.244116 -0.3271 0.12989 0.93602 0.000000 0 0 0 1 0.944829 0.052845 0.323273 -0.000011 -0.007488 0.990128 -0.139968 -0.244116 -0.327478 0.129825 0.935897 0.000000 0 0 0 1 0.944646 0.051926 0.323956 -0.000011 -0.006537 0.990179 -0.13965 -0.244116 -0.328026 0.129802 0.935708 0.000000 0 0 0 1 0.944409 0.051052 0.324784 -0.000011 -0.0056 0.990225 -0.139367 -0.244116 -0.328724 0.129801 0.935464 0.000000 0 0 0 1 0.944201 0.050095 0.325539 -0.000011 -0.004587 0.99027 -0.139081 -0.244116 -0.329339 0.129827 0.935244 0.000000 0 0 0 1 0.944107 0.049 0.325977 -0.000011 -0.003474 0.990314 -0.138799 -0.244116 -0.329621 0.129908 0.935133 0.000000 0 0 0 1 0.944141 0.047782 0.32606 -0.000011 -0.002289 0.990359 -0.138503 -0.244116 -0.329534 0.13002 0.935148 0.000000 0 0 0 1 0.944239 0.046512 0.325958 -0.000011 -0.001072 0.990401 -0.138217 -0.244116 -0.329258 0.13016 0.935226 0.000000 0 0 0 1 0.944335 0.045265 0.325856 -0.000011 0.000133 0.990436 -0.137971 -0.244116 -0.328985 0.130335 0.935298 0.000000 0 0 0 1 0.944361 0.044079 0.325944 -0.000011 0.001326 0.990461 -0.137789 -0.244116 -0.328908 0.130555 0.935294 0.000000 0 0 0 1 0.94432 0.042826 0.326229 -0.000011 0.002637 0.990476 -0.137662 -0.244116 -0.329018 0.130857 0.935213 0.000000 0 0 0 1 0.944291 0.041372 0.326502 -0.000011 0.004157 0.990488 -0.137534 -0.244116 -0.329087 0.131229 0.935137 0.000000 0 0 0 1 0.944376 0.039727 0.326458 -0.000011 0.005804 0.990509 -0.137327 -0.244116 -0.328815 0.131583 0.935183 0.000000 0 0 0 1 0.944597 0.038196 0.326003 -0.000011 0.007238 0.99054 -0.13703 -0.244116 -0.328153 0.131798 0.935385 0.000000 0 0 0 1 0.944852 0.037053 0.325396 -0.000011 0.008235 0.990577 -0.136712 -0.244116 -0.327395 0.131852 0.935643 0.000000 0 0 0 1 0.94501 0.03632 0.325017 -0.000011 0.008878 0.990598 -0.136514 -0.244116 -0.326919 0.131892 0.935803 0.000000 0 0 0 1 0.945025 0.035859 0.325026 -0.000011 0.00932 0.990611 -0.136394 -0.244116 -0.326866 0.131926 0.935818 0.000000 0 0 0 1 0.944938 0.035548 0.325313 -0.000011 0.009664 0.990618 -0.136319 -0.244116 -0.327106 0.131957 0.935729 0.000000 0 0 0 1 0.944811 0.035356 0.325702 -0.000011 0.009915 0.990618 -0.136299 -0.244116 -0.327465 0.132006 0.935597 0.000000 0 0 0 1 0.944671 0.035252 0.326118 -0.000011 0.010061 0.990626 -0.13623 -0.244116 -0.327864 0.131974 0.935461 0.000000 0 0 0 1 0.944516 0.035267 0.326566 -0.000011 0.010082 0.990638 -0.136145 -0.244116 -0.32831 0.131883 0.935318 0.000000 0 0 0 1 0.944337 0.035397 0.327071 -0.000011 0.009998 0.990647 -0.13608 -0.244116 -0.328829 0.131775 0.935151 0.000000 0 0 0 1 0.944142 0.035601 0.327612 -0.000011 0.00986 0.99065 -0.13607 -0.244116 -0.329393 0.1317 0.934963 0.000000 0 0 0 1 0.943975 0.035828 0.328065 -0.000011 0.009726 0.990637 -0.136173 -0.244116 -0.329873 0.131735 0.934789 0.000000 0 0 0 1 0.943915 0.035946 0.328227 -0.000011 0.00967 0.99062 -0.136302 -0.244116 -0.330048 0.131832 0.934713 0.000000 0 0 0 1 0.94402 0.035887 0.327931 -0.000011 0.009713 0.99061 -0.136369 -0.244116 -0.329745 0.13192 0.934807 0.000000 0 0 0 1 0.944271 0.035615 0.327235 -0.000011 0.009892 0.99061 -0.13636 -0.244116 -0.329019 0.131998 0.935052 0.000000 0 0 0 1 0.944559 0.035177 0.326452 -0.000011 0.010231 0.990608 -0.136349 -0.244116 -0.328183 0.13213 0.935328 0.000000 0 0 0 1 0.944763 0.034657 0.325917 -0.000011 0.010719 0.990594 -0.136411 -0.244116 -0.32758 0.13237 0.935505 0.000000 0 0 0 1 0.944845 0.034151 0.325733 -0.000011 0.011272 0.990568 -0.136555 -0.244116 -0.327324 0.132695 0.935548 0.000000 0 0 0 1 0.944839 0.033758 0.32579 -0.000011 0.011754 0.990539 -0.136729 -0.244116 -0.327323 0.133016 0.935503 0.000000 0 0 0 1 0.944773 0.033528 0.326005 -0.000011 0.012055 0.990524 -0.136808 -0.244116 -0.327503 0.133183 0.935417 0.000000 0 0 0 1 0.944635 0.033484 0.326411 -0.000011 0.012115 0.990542 -0.136675 -0.244116 -0.3279 0.133063 0.935294 0.000000 0 0 0 1 0.944425 0.033578 0.327008 -0.000011 0.011972 0.990596 -0.136298 -0.244116 -0.328509 0.132638 0.935141 0.000000 0 0 0 1 0.944215 0.033728 0.327597 -0.000011 0.011719 0.990671 -0.135773 -0.244116 -0.32912 0.132038 0.935011 0.000000 0 0 0 1 0.944118 0.033877 0.327861 -0.000011 0.011424 0.990743 -0.135269 -0.244116 -0.329408 0.131455 0.934992 0.000000 0 0 0 1 0.944189 0.034077 0.327637 -0.000011 0.011054 0.990796 -0.134909 -0.244116 -0.329219 0.131002 0.935122 0.000000 0 0 0 1 0.94437 0.034406 0.32708 -0.000011 0.010563 0.990826 -0.134727 -0.244116 -0.328715 0.130688 0.935343 0.000000 0 0 0 1 0.944547 0.034921 0.326513 -0.000011 0.009932 0.990836 -0.134706 -0.244116 -0.328225 0.13048 0.935544 0.000000 0 0 0 1 0.944653 0.035545 0.32614 -0.000011 0.009256 0.99083 -0.134799 -0.244116 -0.327941 0.130357 0.935661 0.000000 0 0 0 1 0.944706 0.03636 0.325896 -0.000011 0.008423 0.990815 -0.134961 -0.244116 -0.327809 0.130244 0.935723 0.000000 0 0 0 1 0.94476 0.037573 0.325601 -0.000011 0.007175 0.990798 -0.135155 -0.244116 -0.327683 0.130026 0.935798 0.000000 0 0 0 1 0.944839 0.039577 0.325135 -0.000011 0.005101 0.990774 -0.135427 -0.244116 -0.327495 0.129615 0.93592 0.000000 0 0 0 1 0.944917 0.042444 0.324546 -0.000011 0.002163 0.990725 -0.135868 -0.244116 -0.327302 0.129086 0.936061 0.000000 0 0 0 1 0.944981 0.045996 0.323875 -0.000011 -0.00142 0.990633 -0.136546 -0.244116 -0.327122 0.128574 0.936194 0.000000 0 0 0 1 0.945053 0.049718 0.323114 -0.000011 -0.005127 0.9905 -0.137415 -0.244116 -0.326876 0.128208 0.93633 0.000000 0 0 0 1 0.945184 0.052981 0.322213 -0.000011 -0.008363 0.990354 -0.138311 -0.244116 -0.326432 0.128035 0.936509 0.000000 0 0 0 1 0.945391 0.055387 0.321198 -0.000011 -0.010742 0.990215 -0.139137 -0.244116 -0.325762 0.128088 0.936735 0.000000 0 0 0 1 0.945635 0.057015 0.320193 -0.000011 -0.012316 0.990085 -0.139925 -0.244116 -0.324997 0.128375 0.936962 0.000000 0 0 0 1 0.945841 0.058238 0.319363 -0.000011 -0.01343 0.989954 -0.14075 -0.244116 -0.324352 0.128839 0.937121 0.000000 0 0 0 1 0.945971 0.059396 0.318764 -0.000011 -0.014443 0.989822 -0.141575 -0.244116 -0.323928 0.129322 0.937201 0.000000 0 0 0 1 0.946068 0.060512 0.318267 -0.000011 -0.015452 0.989711 -0.142241 -0.244116 -0.323599 0.129651 0.937269 0.000000 0 0 0 1 0.946205 0.061391 0.31769 -0.000011 -0.016313 0.989638 -0.142655 -0.244116 -0.323156 0.129798 0.937402 0.000000 0 0 0 1 0.94641 0.061861 0.316989 -0.000011 -0.016843 0.989603 -0.142836 -0.244116 -0.322529 0.129842 0.937612 0.000000 0 0 0 1 0.946665 0.06191 0.316216 -0.000011 -0.016993 0.989595 -0.142875 -0.244116 -0.321771 0.129881 0.937867 0.000000 0 0 0 1 0.94695 0.061622 0.315416 -0.000011 -0.016831 0.989607 -0.142807 -0.244116 -0.320938 0.129922 0.938146 0.000000 0 0 0 1 0.947245 0.061068 0.314638 -0.000011 -0.016415 0.989636 -0.142659 -0.244116 -0.320089 0.129969 0.93843 0.000000 0 0 0 1 0.947518 0.060348 0.313956 -0.000011 -0.015833 0.989675 -0.142451 -0.244116 -0.319311 0.130004 0.93869 0.000000 0 0 0 1 0.947747 0.059647 0.313398 -0.000011 -0.015252 0.989714 -0.142242 -0.244116 -0.318659 0.13003 0.938908 0.000000 0 0 0 1 0.947944 0.059183 0.312889 -0.000011 -0.014886 0.989739 -0.142111 -0.244116 -0.318089 0.130055 0.939098 0.000000 0 0 0 1 0.948132 0.059023 0.312349 -0.000011 -0.014805 0.989744 -0.142085 -0.244116 -0.317531 0.130091 0.939282 0.000000 0 0 0 1 0.948317 0.058859 0.311818 -0.000011 -0.014711 0.989745 -0.142085 -0.244116 -0.316983 0.130154 0.939458 0.000000 0 0 0 1 0.948476 0.058535 0.311394 -0.000011 -0.014435 0.989749 -0.142086 -0.244116 -0.316519 0.13027 0.939598 0.000000 0 0 0 1 0.948587 0.058075 0.311143 -0.000011 -0.013991 0.989755 -0.142087 -0.244116 -0.316207 0.130428 0.939682 0.000000 0 0 0 1 0.948659 0.057803 0.310973 -0.000011 -0.013731 0.989759 -0.142087 -0.244116 -0.316001 0.130522 0.939738 0.000000 0 0 0 1 0.948747 0.057668 0.31073 -0.000011 -0.013625 0.98976 -0.142087 -0.244116 -0.315743 0.130571 0.939818 0.000000 0 0 0 1</float_array>
        <technique_common>
          <accessor source="#RightHand_matrix_RightHand_transform-output-array" count="106" stride="16">
            <param name="TRANSFORM" type="float4x4"/>
          </accessor>
        </technique_common>
      </source>
      <source id="RightHand_matrix_RightHand_transform-interpolations">
        <Name_array id="RightHand_matrix_RightHand_transform-interpolations-array" count="106">LINEAR LINEAR LINEAR LINEAR LINEAR LINEAR LINEAR LINEAR LINEAR LINEAR LINEAR LINEAR LINEAR LINEAR LINEAR LINEAR LINEAR LINEAR LINEAR LINEAR LINEAR LINEAR LINEAR LINEAR LINEAR LINEAR LINEAR LINEAR LINEAR LINEAR LINEAR LINEAR LINEAR LINEAR LINEAR LINEAR LINEAR LINEAR LINEAR LINEAR LINEAR LINEAR LINEAR LINEAR LINEAR LINEAR LINEAR LINEAR LINEAR LINEAR LINEAR LINEAR LINEAR LINEAR LINEAR LINEAR LINEAR LINEAR LINEAR LINEAR LINEAR LINEAR LINEAR LINEAR LINEAR LINEAR LINEAR LINEAR LINEAR LINEAR LINEAR LINEAR LINEAR LINEAR LINEAR LINEAR LINEAR LINEAR LINEAR LINEAR LINEAR LINEAR LINEAR LINEAR LINEAR LINEAR LINEAR LINEAR LINEAR LINEAR LINEAR LINEAR LINEAR LINEAR LINEAR LINEAR LINEAR LINEAR LINEAR LINEAR LINEAR LINEAR LINEAR LINEAR LINEAR LINEAR</Name_array>
        <technique_common>
          <accessor source="#RightHand_matrix_RightHand_transform-interpolations-array" count="106" stride="1">
            <param name="INTERPOLATION" type="Name"/>
          </accessor>
        </technique_common>
      </source>
      <sampler id="RightHand_matrix_RightHand_transform-sampler">
        <input semantic="INPUT" source="#RightHand_matrix_RightHand_transform-input"/>
        <input semantic="OUTPUT" source="#RightHand_matrix_RightHand_transform-output"/>
        <input semantic="INTERPOLATION" source="#RightHand_matrix_RightHand_transform-interpolations"/>
      </sampler>
      <channel source="#RightHand_matrix_RightHand_transform-sampler" target="RightHand/transform"/>
    </animation>
    <animation id="RightForeArm_Helper1_matrix">
      <source id="RightForeArm_Helper1_matrix_RightForeArm_Helper1_transform-input">
        <float_array id="RightForeArm_Helper1_matrix_RightForeArm_Helper1_transform-input-array" count="106">0 0.033333 0.066666 0.1 0.133333 0.166667 0.2 0.233333 0.266667 0.3 0.333333 0.366667 0.4 0.433333 0.466667 0.5 0.533333 0.566667 0.6 0.633333 0.666667 0.7 0.733333 0.766667 0.8 0.833333 0.866667 0.9 0.933333 0.966667 1 1.03333 1.06667 1.1 1.13333 1.16667 1.2 1.23333 1.26667 1.3 1.33333 1.36667 1.4 1.43333 1.46667 1.5 1.53333 1.56667 1.6 1.63333 1.66667 1.7 1.73333 1.76667 1.8 1.83333 1.86667 1.9 1.93333 1.96667 2 2.03333 2.06667 2.1 2.13333 2.16667 2.2 2.23333 2.26667 2.3 2.33333 2.36667 2.4 2.43333 2.46667 2.5 2.53333 2.56667 2.6 2.63333 2.66667 2.7 2.73333 2.76667 2.8 2.83333 2.86667 2.9 2.93333 2.96667 3 3.03333 3.06667 3.1 3.13333 3.16667 3.2 3.23333 3.26667 3.3 3.33333 3.36667 3.4 3.43333 3.46667 3.5</float_array>
        <technique_common>
          <accessor source="#RightForeArm_Helper1_matrix_RightForeArm_Helper1_transform-input-array" count="106" stride="1">
            <param name="TIME" type="float"/>
          </accessor>
        </technique_common>
        <technique profile="MAYA">
          <pre_infinity>CONSTANT</pre_infinity>
          <post_infinity>CONSTANT</post_infinity>
        </technique>
      </source>
      <source id="RightForeArm_Helper1_matrix_RightForeArm_Helper1_transform-output">
        <float_array id="RightForeArm_Helper1_matrix_RightForeArm_Helper1_transform-output-array" count="1696">0.987126 0 0.159945 -0.000000 0.000001 1 -0.000006 -0.078445 -0.159945 0.000006 0.987126 0.000003 0 0 0 1 0.987137 0 0.159879 -0.000000 0.000001 1 -0.000006 -0.078445 -0.159879 0.000006 0.987137 0.000003 0 0 0 1 0.987152 0 0.159785 -0.000000 0.000001 1 -0.000006 -0.078445 -0.159785 0.000006 0.987152 0.000003 0 0 0 1 0.987169 0 0.15968 -0.000000 0.000001 1 -0.000006 -0.078445 -0.15968 0.000006 0.987169 0.000003 0 0 0 1 0.987183 0 0.159592 -0.000000 0.000001 1 -0.000006 -0.078445 -0.159592 0.000006 0.987183 0.000003 0 0 0 1 0.987188 0 0.159562 -0.000000 0.000001 1 -0.000006 -0.078445 -0.159562 0.000006 0.987188 0.000003 0 0 0 1 0.987179 0 0.15962 -0.000000 0.000001 1 -0.000006 -0.078445 -0.15962 0.000006 0.987179 0.000003 0 0 0 1 0.987157 0 0.159754 -0.000000 0.000001 1 -0.000006 -0.078445 -0.159754 0.000006 0.987157 0.000003 0 0 0 1 0.98713 0 0.159918 -0.000000 0.000001 1 -0.000006 -0.078445 -0.159918 0.000006 0.98713 0.000003 0 0 0 1 0.987106 0 0.160069 -0.000000 0.000001 1 -0.000006 -0.078445 -0.160069 0.000006 0.987106 0.000003 0 0 0 1 0.987089 0 0.160173 -0.000000 0.000001 1 -0.000006 -0.078445 -0.160173 0.000006 0.987089 0.000003 0 0 0 1 0.987085 0 0.160196 -0.000000 0.000001 1 -0.000006 -0.078445 -0.160196 0.000006 0.987085 0.000003 0 0 0 1 0.987092 0 0.160157 -0.000000 0.000001 1 -0.000006 -0.078445 -0.160157 0.000006 0.987092 0.000003 0 0 0 1 0.987091 0 0.160161 -0.000000 0.000001 1 -0.000006 -0.078445 -0.160161 0.000006 0.987091 0.000003 0 0 0 1 0.987067 0 0.160305 -0.000000 0.000001 1 -0.000006 -0.078445 -0.160305 0.000006 0.987067 0.000003 0 0 0 1 0.987026 0 0.160563 -0.000000 0.000001 1 -0.000006 -0.078445 -0.160563 0.000006 0.987026 0.000003 0 0 0 1 0.986983 0 0.160826 -0.000000 0.000001 1 -0.000006 -0.078445 -0.160826 0.000006 0.986983 0.000003 0 0 0 1 0.986943 0 0.161068 -0.000000 0.000001 1 -0.000006 -0.078445 -0.161068 0.000006 0.986943 0.000003 0 0 0 1 0.986897 0 0.161351 -0.000000 0.000001 1 -0.000006 -0.078445 -0.161351 0.000006 0.986897 0.000003 0 0 0 1 0.986838 0 0.161713 -0.000000 0.000001 1 -0.000006 -0.078445 -0.161713 0.000006 0.986838 0.000003 0 0 0 1 0.986773 0 0.16211 -0.000000 0.000001 1 -0.000006 -0.078445 -0.16211 0.000006 0.986773 0.000003 0 0 0 1 0.986712 0 0.162478 -0.000000 0.000001 1 -0.000006 -0.078445 -0.162478 0.000006 0.986712 0.000003 0 0 0 1 0.986663 0 0.162779 -0.000000 0.000001 1 -0.000006 -0.078445 -0.162779 0.000006 0.986663 0.000003 0 0 0 1 0.986622 0 0.163025 -0.000000 0.000001 1 -0.000006 -0.078445 -0.163025 0.000006 0.986622 0.000003 0 0 0 1 0.986587 0 0.163238 -0.000000 0.000001 1 -0.000006 -0.078445 -0.163238 0.000006 0.986587 0.000003 0 0 0 1 0.986557 0 0.163415 -0.000000 0.000001 1 -0.000006 -0.078445 -0.163415 0.000006 0.986557 0.000003 0 0 0 1 0.986536 0 0.163547 -0.000000 0.000001 1 -0.000006 -0.078445 -0.163547 0.000006 0.986536 0.000003 0 0 0 1 0.986516 0 0.163664 -0.000000 0.000001 1 -0.000006 -0.078445 -0.163664 0.000006 0.986516 0.000003 0 0 0 1 0.986491 0 0.163813 -0.000000 0.000001 1 -0.000006 -0.078445 -0.163813 0.000006 0.986491 0.000003 0 0 0 1 0.986464 0 0.163977 -0.000000 0.000001 1 -0.000006 -0.078445 -0.163977 0.000006 0.986464 0.000003 0 0 0 1 0.986444 0 0.164097 -0.000000 0.000001 1 -0.000006 -0.078445 -0.164097 0.000006 0.986444 0.000003 0 0 0 1 0.986433 0 0.164162 -0.000000 0.000001 1 -0.000006 -0.078445 -0.164162 0.000006 0.986433 0.000003 0 0 0 1 0.986427 0 0.164201 -0.000000 0.000001 1 -0.000006 -0.078445 -0.164201 0.000006 0.986427 0.000003 0 0 0 1 0.986424 0 0.164219 -0.000000 0.000001 1 -0.000006 -0.078445 -0.164219 0.000006 0.986424 0.000003 0 0 0 1 0.986421 0 0.164234 -0.000000 0.000001 1 -0.000006 -0.078445 -0.164234 0.000006 0.986421 0.000003 0 0 0 1 0.986404 0 0.164341 -0.000000 0.000001 1 -0.000006 -0.078445 -0.164341 0.000006 0.986404 0.000003 0 0 0 1 0.986356 0 0.164628 -0.000000 0.000001 1 -0.000006 -0.078445 -0.164628 0.000006 0.986356 0.000003 0 0 0 1 0.986288 0 0.165036 -0.000000 0.000001 1 -0.000006 -0.078445 -0.165036 0.000006 0.986288 0.000003 0 0 0 1 0.986225 0 0.165411 -0.000000 0.000001 1 -0.000006 -0.078445 -0.165411 0.000006 0.986225 0.000003 0 0 0 1 0.986181 0 0.165671 -0.000000 0.000001 1 -0.000006 -0.078445 -0.165671 0.000006 0.986181 0.000003 0 0 0 1 0.986151 0 0.165853 -0.000000 0.000001 1 -0.000006 -0.078445 -0.165853 0.000006 0.986151 0.000003 0 0 0 1 0.986118 0 0.166049 -0.000000 0.000001 1 -0.000006 -0.078445 -0.166049 0.000006 0.986118 0.000003 0 0 0 1 0.98607 0 0.166334 -0.000000 0.000001 1 -0.000006 -0.078445 -0.166334 0.000006 0.98607 0.000003 0 0 0 1 0.986008 0 0.166697 -0.000000 0.000001 1 -0.000006 -0.078445 -0.166697 0.000006 0.986008 0.000003 0 0 0 1 0.985954 0 0.167017 -0.000000 0.000001 1 -0.000006 -0.078445 -0.167017 0.000006 0.985954 0.000003 0 0 0 1 0.985929 0 0.167164 -0.000000 0.000001 1 -0.000006 -0.078445 -0.167164 0.000006 0.985929 0.000003 0 0 0 1 0.985937 0 0.167118 -0.000000 0.000001 1 -0.000006 -0.078445 -0.167118 0.000006 0.985937 0.000003 0 0 0 1 0.985961 0 0.166973 -0.000000 0.000001 1 -0.000006 -0.078445 -0.166973 0.000006 0.985961 0.000003 0 0 0 1 0.985986 0 0.166831 -0.000000 0.000001 1 -0.000006 -0.078445 -0.166831 0.000006 0.985986 0.000003 0 0 0 1 0.985992 0 0.166791 -0.000000 0.000001 1 -0.000006 -0.078445 -0.166791 0.000006 0.985992 0.000003 0 0 0 1 0.985983 0 0.166848 -0.000000 0.000001 1 -0.000006 -0.078445 -0.166848 0.000006 0.985983 0.000003 0 0 0 1 0.985976 0 0.166885 -0.000000 0.000001 1 -0.000006 -0.078445 -0.166885 0.000006 0.985976 0.000003 0 0 0 1 0.986 0 0.166745 -0.000000 0.000001 1 -0.000006 -0.078445 -0.166745 0.000006 0.986 0.000003 0 0 0 1 0.986058 0 0.166401 -0.000000 0.000001 1 -0.000006 -0.078445 -0.166401 0.000006 0.986058 0.000003 0 0 0 1 0.986125 0 0.166006 -0.000000 0.000001 1 -0.000006 -0.078445 -0.166006 0.000006 0.986125 0.000003 0 0 0 1 0.986166 0 0.165759 -0.000000 0.000001 1 -0.000006 -0.078445 -0.165759 0.000006 0.986166 0.000003 0 0 0 1 0.986171 0 0.165732 -0.000000 0.000001 1 -0.000006 -0.078445 -0.165732 0.000006 0.986171 0.000003 0 0 0 1 0.98615 0 0.165858 -0.000000 0.000001 1 -0.000006 -0.078445 -0.165858 0.000006 0.98615 0.000003 0 0 0 1 0.986118 0 0.166046 -0.000000 0.000001 1 -0.000006 -0.078445 -0.166046 0.000006 0.986118 0.000003 0 0 0 1 0.986083 0 0.166254 -0.000000 0.000001 1 -0.000006 -0.078445 -0.166254 0.000006 0.986083 0.000003 0 0 0 1 0.986044 0 0.166487 -0.000000 0.000001 1 -0.000006 -0.078445 -0.166487 0.000006 0.986044 0.000003 0 0 0 1 0.985998 0 0.166758 -0.000000 0.000001 1 -0.000006 -0.078445 -0.166758 0.000006 0.985998 0.000003 0 0 0 1 0.985948 0 0.167052 -0.000000 0.000001 1 -0.000006 -0.078445 -0.167052 0.000006 0.985948 0.000003 0 0 0 1 0.985906 0 0.167302 -0.000000 0.000001 1 -0.000006 -0.078445 -0.167302 0.000006 0.985906 0.000003 0 0 0 1 0.98589 0 0.167394 -0.000000 0.000001 1 -0.000006 -0.078445 -0.167394 0.000006 0.98589 0.000003 0 0 0 1 0.985917 0 0.167236 -0.000000 0.000001 1 -0.000006 -0.078445 -0.167236 0.000006 0.985917 0.000003 0 0 0 1 0.985981 0 0.166857 -0.000000 0.000001 1 -0.000006 -0.078445 -0.166857 0.000006 0.985981 0.000003 0 0 0 1 0.986055 0 0.166421 -0.000000 0.000001 1 -0.000006 -0.078445 -0.166421 0.000006 0.986055 0.000003 0 0 0 1 0.986108 0 0.166107 -0.000000 0.000001 1 -0.000006 -0.078445 -0.166107 0.000006 0.986108 0.000003 0 0 0 1 0.98613 0 0.165975 -0.000000 0.000001 1 -0.000006 -0.078445 -0.165975 0.000006 0.98613 0.000003 0 0 0 1 0.98613 0 0.165975 -0.000000 0.000001 1 -0.000006 -0.078445 -0.165975 0.000006 0.98613 0.000003 0 0 0 1 0.986114 0 0.16607 -0.000000 0.000001 1 -0.000006 -0.078445 -0.16607 0.000006 0.986114 0.000003 0 0 0 1 0.986079 0 0.166277 -0.000000 0.000001 1 -0.000006 -0.078445 -0.166277 0.000006 0.986079 0.000003 0 0 0 1 0.986026 0 0.166595 -0.000000 0.000001 1 -0.000006 -0.078445 -0.166595 0.000006 0.986026 0.000003 0 0 0 1 0.985972 0 0.166913 -0.000000 0.000001 1 -0.000006 -0.078445 -0.166913 0.000006 0.985972 0.000003 0 0 0 1 0.985946 0 0.167063 -0.000000 0.000001 1 -0.000006 -0.078445 -0.167063 0.000006 0.985946 0.000003 0 0 0 1 0.985963 0 0.166963 -0.000000 0.000001 1 -0.000006 -0.078445 -0.166963 0.000006 0.985963 0.000003 0 0 0 1 0.986008 0 0.166699 -0.000000 0.000001 1 -0.000006 -0.078445 -0.166699 0.000006 0.986008 0.000003 0 0 0 1 0.986051 0 0.166442 -0.000000 0.000001 1 -0.000006 -0.078445 -0.166442 0.000006 0.986051 0.000003 0 0 0 1 0.986076 0 0.166293 -0.000000 0.000001 1 -0.000006 -0.078445 -0.166293 0.000006 0.986076 0.000003 0 0 0 1 0.986088 0 0.166223 -0.000000 0.000001 1 -0.000006 -0.078445 -0.166223 0.000006 0.986088 0.000003 0 0 0 1 0.9861 0 0.166156 -0.000000 0.000001 1 -0.000006 -0.078445 -0.166156 0.000006 0.9861 0.000003 0 0 0 1 0.986116 0 0.166055 -0.000000 0.000001 1 -0.000006 -0.078445 -0.166055 0.000006 0.986116 0.000003 0 0 0 1 0.986134 0 0.165953 -0.000000 0.000001 1 -0.000006 -0.078445 -0.165953 0.000006 0.986134 0.000003 0 0 0 1 0.98615 0 0.165858 -0.000000 0.000001 1 -0.000006 -0.078445 -0.165858 0.000006 0.98615 0.000003 0 0 0 1 0.986171 0 0.165732 -0.000000 0.000001 1 -0.000006 -0.078445 -0.165732 0.000006 0.986171 0.000003 0 0 0 1 0.986209 0 0.165504 -0.000000 0.000001 1 -0.000006 -0.078445 -0.165504 0.000006 0.986209 0.000003 0 0 0 1 0.986267 0 0.165158 -0.000000 0.000001 1 -0.000006 -0.078445 -0.165158 0.000006 0.986267 0.000003 0 0 0 1 0.986333 0 0.164762 -0.000000 0.000001 1 -0.000006 -0.078445 -0.164762 0.000006 0.986333 0.000003 0 0 0 1 0.986389 0 0.164429 -0.000000 0.000001 1 -0.000006 -0.078445 -0.164429 0.000006 0.986389 0.000003 0 0 0 1 0.986425 0 0.16421 -0.000000 0.000001 1 -0.000006 -0.078445 -0.16421 0.000006 0.986425 0.000003 0 0 0 1 0.986453 0 0.164041 -0.000000 0.000001 1 -0.000006 -0.078445 -0.164041 0.000006 0.986453 0.000003 0 0 0 1 0.986492 0 0.163812 -0.000000 0.000001 1 -0.000006 -0.078445 -0.163812 0.000006 0.986492 0.000003 0 0 0 1 0.986546 0 0.163487 -0.000000 0.000001 1 -0.000006 -0.078445 -0.163487 0.000006 0.986546 0.000003 0 0 0 1 0.986611 0 0.163092 -0.000000 0.000001 1 -0.000006 -0.078445 -0.163092 0.000006 0.986611 0.000003 0 0 0 1 0.986682 0 0.162658 -0.000000 0.000001 1 -0.000006 -0.078445 -0.162658 0.000006 0.986682 0.000003 0 0 0 1 0.986755 0 0.162215 -0.000000 0.000001 1 -0.000006 -0.078445 -0.162215 0.000006 0.986755 0.000003 0 0 0 1 0.986822 0 0.161808 -0.000000 0.000001 1 -0.000006 -0.078445 -0.161808 0.000006 0.986822 0.000003 0 0 0 1 0.986878 0 0.161467 -0.000000 0.000001 1 -0.000006 -0.078445 -0.161467 0.000006 0.986878 0.000003 0 0 0 1 0.986927 0 0.161169 -0.000000 0.000001 1 -0.000006 -0.078445 -0.161169 0.000006 0.986927 0.000003 0 0 0 1 0.986974 0 0.160879 -0.000000 0.000001 1 -0.000006 -0.078445 -0.160879 0.000006 0.986974 0.000003 0 0 0 1 0.987021 0 0.160593 -0.000000 0.000001 1 -0.000006 -0.078445 -0.160593 0.000006 0.987021 0.000003 0 0 0 1 0.98706 0 0.160351 -0.000000 0.000001 1 -0.000006 -0.078445 -0.160351 0.000006 0.98706 0.000003 0 0 0 1 0.987087 0 0.160188 -0.000000 0.000001 1 -0.000006 -0.078445 -0.160188 0.000006 0.987087 0.000003 0 0 0 1 0.987104 0 0.16008 -0.000000 0.000001 1 -0.000006 -0.078445 -0.16008 0.000006 0.987104 0.000003 0 0 0 1 0.987126 0 0.159945 -0.000000 0.000001 1 -0.000006 -0.078445 -0.159945 0.000006 0.987126 0.000003 0 0 0 1</float_array>
        <technique_common>
          <accessor source="#RightForeArm_Helper1_matrix_RightForeArm_Helper1_transform-output-array" count="106" stride="16">
            <param name="TRANSFORM" type="float4x4"/>
          </accessor>
        </technique_common>
      </source>
      <source id="RightForeArm_Helper1_matrix_RightForeArm_Helper1_transform-interpolations">
        <Name_array id="RightForeArm_Helper1_matrix_RightForeArm_Helper1_transform-interpolations-array" count="106">LINEAR LINEAR LINEAR LINEAR LINEAR LINEAR LINEAR LINEAR LINEAR LINEAR LINEAR LINEAR LINEAR LINEAR LINEAR LINEAR LINEAR LINEAR LINEAR LINEAR LINEAR LINEAR LINEAR LINEAR LINEAR LINEAR LINEAR LINEAR LINEAR LINEAR LINEAR LINEAR LINEAR LINEAR LINEAR LINEAR LINEAR LINEAR LINEAR LINEAR LINEAR LINEAR LINEAR LINEAR LINEAR LINEAR LINEAR LINEAR LINEAR LINEAR LINEAR LINEAR LINEAR LINEAR LINEAR LINEAR LINEAR LINEAR LINEAR LINEAR LINEAR LINEAR LINEAR LINEAR LINEAR LINEAR LINEAR LINEAR LINEAR LINEAR LINEAR LINEAR LINEAR LINEAR LINEAR LINEAR LINEAR LINEAR LINEAR LINEAR LINEAR LINEAR LINEAR LINEAR LINEAR LINEAR LINEAR LINEAR LINEAR LINEAR LINEAR LINEAR LINEAR LINEAR LINEAR LINEAR LINEAR LINEAR LINEAR LINEAR LINEAR LINEAR LINEAR LINEAR LINEAR LINEAR</Name_array>
        <technique_common>
          <accessor source="#RightForeArm_Helper1_matrix_RightForeArm_Helper1_transform-interpolations-array" count="106" stride="1">
            <param name="INTERPOLATION" type="Name"/>
          </accessor>
        </technique_common>
      </source>
      <sampler id="RightForeArm_Helper1_matrix_RightForeArm_Helper1_transform-sampler">
        <input semantic="INPUT" source="#RightForeArm_Helper1_matrix_RightForeArm_Helper1_transform-input"/>
        <input semantic="OUTPUT" source="#RightForeArm_Helper1_matrix_RightForeArm_Helper1_transform-output"/>
        <input semantic="INTERPOLATION" source="#RightForeArm_Helper1_matrix_RightForeArm_Helper1_transform-interpolations"/>
      </sampler>
      <channel source="#RightForeArm_Helper1_matrix_RightForeArm_Helper1_transform-sampler" target="RightForeArm_Helper1/transform"/>
    </animation>
    <animation id="RightForeArm_Helper2_matrix">
      <source id="RightForeArm_Helper2_matrix_RightForeArm_Helper2_transform-input">
        <float_array id="RightForeArm_Helper2_matrix_RightForeArm_Helper2_transform-input-array" count="106">0 0.033333 0.066666 0.1 0.133333 0.166667 0.2 0.233333 0.266667 0.3 0.333333 0.366667 0.4 0.433333 0.466667 0.5 0.533333 0.566667 0.6 0.633333 0.666667 0.7 0.733333 0.766667 0.8 0.833333 0.866667 0.9 0.933333 0.966667 1 1.03333 1.06667 1.1 1.13333 1.16667 1.2 1.23333 1.26667 1.3 1.33333 1.36667 1.4 1.43333 1.46667 1.5 1.53333 1.56667 1.6 1.63333 1.66667 1.7 1.73333 1.76667 1.8 1.83333 1.86667 1.9 1.93333 1.96667 2 2.03333 2.06667 2.1 2.13333 2.16667 2.2 2.23333 2.26667 2.3 2.33333 2.36667 2.4 2.43333 2.46667 2.5 2.53333 2.56667 2.6 2.63333 2.66667 2.7 2.73333 2.76667 2.8 2.83333 2.86667 2.9 2.93333 2.96667 3 3.03333 3.06667 3.1 3.13333 3.16667 3.2 3.23333 3.26667 3.3 3.33333 3.36667 3.4 3.43333 3.46667 3.5</float_array>
        <technique_common>
          <accessor source="#RightForeArm_Helper2_matrix_RightForeArm_Helper2_transform-input-array" count="106" stride="1">
            <param name="TIME" type="float"/>
          </accessor>
        </technique_common>
        <technique profile="MAYA">
          <pre_infinity>CONSTANT</pre_infinity>
          <post_infinity>CONSTANT</post_infinity>
        </technique>
      </source>
      <source id="RightForeArm_Helper2_matrix_RightForeArm_Helper2_transform-output">
        <float_array id="RightForeArm_Helper2_matrix_RightForeArm_Helper2_transform-output-array" count="1696">0.987126 0 0.159945 -0.000000 0.000001 1 -0.000008 -0.15367 -0.159945 0.000008 0.987126 -0.000000 0 0 0 1 0.987137 0 0.159879 -0.000000 0.000001 1 -0.000008 -0.15367 -0.159879 0.000008 0.987137 -0.000000 0 0 0 1 0.987152 0 0.159785 -0.000000 0.000001 1 -0.000008 -0.15367 -0.159785 0.000008 0.987152 -0.000000 0 0 0 1 0.987169 0 0.15968 -0.000000 0.000001 1 -0.000008 -0.15367 -0.15968 0.000008 0.987169 -0.000000 0 0 0 1 0.987183 0 0.159592 -0.000000 0.000001 1 -0.000008 -0.15367 -0.159592 0.000008 0.987183 -0.000000 0 0 0 1 0.987188 0 0.159562 -0.000000 0.000001 1 -0.000008 -0.15367 -0.159562 0.000008 0.987188 -0.000000 0 0 0 1 0.987179 0 0.15962 -0.000000 0.000001 1 -0.000008 -0.15367 -0.15962 0.000008 0.987179 -0.000000 0 0 0 1 0.987157 0 0.159754 -0.000000 0.000001 1 -0.000008 -0.15367 -0.159754 0.000008 0.987157 -0.000000 0 0 0 1 0.98713 0 0.159918 -0.000000 0.000001 1 -0.000008 -0.15367 -0.159918 0.000008 0.98713 -0.000000 0 0 0 1 0.987106 0 0.160069 -0.000000 0.000001 1 -0.000008 -0.15367 -0.160069 0.000008 0.987106 -0.000000 0 0 0 1 0.987089 0 0.160173 -0.000000 0.000001 1 -0.000008 -0.15367 -0.160173 0.000008 0.987089 -0.000000 0 0 0 1 0.987085 0 0.160196 -0.000000 0.000001 1 -0.000008 -0.15367 -0.160196 0.000008 0.987085 -0.000000 0 0 0 1 0.987092 0 0.160157 -0.000000 0.000001 1 -0.000008 -0.15367 -0.160157 0.000008 0.987092 -0.000000 0 0 0 1 0.987091 0 0.160161 -0.000000 0.000001 1 -0.000008 -0.15367 -0.160161 0.000008 0.987091 -0.000000 0 0 0 1 0.987067 0 0.160305 -0.000000 0.000001 1 -0.000008 -0.15367 -0.160305 0.000008 0.987067 -0.000000 0 0 0 1 0.987026 0 0.160563 -0.000000 0.000001 1 -0.000008 -0.15367 -0.160563 0.000008 0.987026 -0.000000 0 0 0 1 0.986983 0 0.160826 -0.000000 0.000001 1 -0.000008 -0.15367 -0.160826 0.000008 0.986983 -0.000000 0 0 0 1 0.986943 0 0.161068 -0.000000 0.000001 1 -0.000008 -0.15367 -0.161068 0.000008 0.986943 -0.000000 0 0 0 1 0.986897 0 0.161351 -0.000000 0.000001 1 -0.000008 -0.15367 -0.161351 0.000008 0.986897 -0.000000 0 0 0 1 0.986838 0 0.161713 -0.000000 0.000001 1 -0.000008 -0.15367 -0.161713 0.000008 0.986838 -0.000000 0 0 0 1 0.986773 0 0.16211 -0.000000 0.000001 1 -0.000008 -0.15367 -0.16211 0.000008 0.986773 -0.000000 0 0 0 1 0.986712 0 0.162478 -0.000000 0.000001 1 -0.000008 -0.15367 -0.162478 0.000008 0.986712 -0.000000 0 0 0 1 0.986663 0 0.162779 -0.000000 0.000001 1 -0.000008 -0.15367 -0.162779 0.000008 0.986663 -0.000000 0 0 0 1 0.986622 0 0.163025 -0.000000 0.000001 1 -0.000008 -0.15367 -0.163025 0.000008 0.986622 -0.000000 0 0 0 1 0.986587 0 0.163238 -0.000000 0.000001 1 -0.000008 -0.15367 -0.163238 0.000008 0.986587 -0.000000 0 0 0 1 0.986557 0 0.163415 -0.000000 0.000001 1 -0.000008 -0.15367 -0.163415 0.000008 0.986557 -0.000000 0 0 0 1 0.986536 0 0.163547 -0.000000 0.000001 1 -0.000008 -0.15367 -0.163547 0.000008 0.986536 -0.000000 0 0 0 1 0.986516 0 0.163664 -0.000000 0.000001 1 -0.000008 -0.15367 -0.163664 0.000008 0.986516 -0.000000 0 0 0 1 0.986491 0 0.163813 -0.000000 0.000001 1 -0.000008 -0.15367 -0.163813 0.000008 0.986491 -0.000000 0 0 0 1 0.986464 0 0.163977 -0.000000 0.000001 1 -0.000008 -0.15367 -0.163977 0.000008 0.986464 -0.000000 0 0 0 1 0.986444 0 0.164097 -0.000000 0.000001 1 -0.000008 -0.15367 -0.164097 0.000008 0.986444 -0.000000 0 0 0 1 0.986433 0 0.164162 -0.000000 0.000001 1 -0.000008 -0.15367 -0.164162 0.000008 0.986433 -0.000000 0 0 0 1 0.986427 0 0.164201 -0.000000 0.000001 1 -0.000008 -0.15367 -0.164201 0.000008 0.986427 -0.000000 0 0 0 1 0.986424 0 0.164219 -0.000000 0.000001 1 -0.000008 -0.15367 -0.164219 0.000008 0.986424 -0.000000 0 0 0 1 0.986421 0 0.164234 -0.000000 0.000001 1 -0.000008 -0.15367 -0.164234 0.000008 0.986421 -0.000000 0 0 0 1 0.986404 0 0.164341 -0.000000 0.000001 1 -0.000008 -0.15367 -0.164341 0.000008 0.986404 -0.000000 0 0 0 1 0.986356 0 0.164628 -0.000000 0.000001 1 -0.000008 -0.15367 -0.164628 0.000008 0.986356 -0.000000 0 0 0 1 0.986288 0 0.165036 -0.000000 0.000001 1 -0.000008 -0.15367 -0.165036 0.000008 0.986288 -0.000000 0 0 0 1 0.986225 0 0.165411 -0.000000 0.000001 1 -0.000008 -0.15367 -0.165411 0.000008 0.986225 -0.000000 0 0 0 1 0.986181 0 0.165671 -0.000000 0.000001 1 -0.000008 -0.15367 -0.165671 0.000008 0.986181 -0.000000 0 0 0 1 0.986151 0 0.165853 -0.000000 0.000001 1 -0.000008 -0.15367 -0.165853 0.000008 0.986151 -0.000000 0 0 0 1 0.986118 0 0.166049 -0.000000 0.000001 1 -0.000008 -0.15367 -0.166049 0.000008 0.986118 -0.000000 0 0 0 1 0.98607 0 0.166334 -0.000000 0.000001 1 -0.000008 -0.15367 -0.166334 0.000008 0.98607 -0.000000 0 0 0 1 0.986008 0 0.166697 -0.000000 0.000001 1 -0.000008 -0.15367 -0.166697 0.000008 0.986008 -0.000000 0 0 0 1 0.985954 0 0.167017 -0.000000 0.000001 1 -0.000008 -0.15367 -0.167017 0.000008 0.985954 -0.000000 0 0 0 1 0.985929 0 0.167164 -0.000000 0.000001 1 -0.000008 -0.15367 -0.167164 0.000008 0.985929 -0.000000 0 0 0 1 0.985937 0 0.167118 -0.000000 0.000001 1 -0.000008 -0.15367 -0.167118 0.000008 0.985937 -0.000000 0 0 0 1 0.985961 0 0.166973 -0.000000 0.000001 1 -0.000008 -0.15367 -0.166973 0.000008 0.985961 -0.000000 0 0 0 1 0.985986 0 0.166831 -0.000000 0.000001 1 -0.000008 -0.15367 -0.166831 0.000008 0.985986 -0.000000 0 0 0 1 0.985992 0 0.166791 -0.000000 0.000001 1 -0.000008 -0.15367 -0.166791 0.000008 0.985992 -0.000000 0 0 0 1 0.985983 0 0.166848 -0.000000 0.000001 1 -0.000008 -0.15367 -0.166848 0.000008 0.985983 -0.000000 0 0 0 1 0.985976 0 0.166885 -0.000000 0.000001 1 -0.000008 -0.15367 -0.166885 0.000008 0.985976 -0.000000 0 0 0 1 0.986 0 0.166745 -0.000000 0.000001 1 -0.000008 -0.15367 -0.166745 0.000008 0.986 -0.000000 0 0 0 1 0.986058 0 0.166401 -0.000000 0.000001 1 -0.000008 -0.15367 -0.166401 0.000008 0.986058 -0.000000 0 0 0 1 0.986125 0 0.166006 -0.000000 0.000001 1 -0.000008 -0.15367 -0.166006 0.000008 0.986125 -0.000000 0 0 0 1 0.986166 0 0.165759 -0.000000 0.000001 1 -0.000008 -0.15367 -0.165759 0.000008 0.986166 -0.000000 0 0 0 1 0.986171 0 0.165732 -0.000000 0.000001 1 -0.000008 -0.15367 -0.165732 0.000008 0.986171 -0.000000 0 0 0 1 0.98615 0 0.165858 -0.000000 0.000001 1 -0.000008 -0.15367 -0.165858 0.000008 0.98615 -0.000000 0 0 0 1 0.986118 0 0.166046 -0.000000 0.000001 1 -0.000008 -0.15367 -0.166046 0.000008 0.986118 -0.000000 0 0 0 1 0.986083 0 0.166254 -0.000000 0.000001 1 -0.000008 -0.15367 -0.166254 0.000008 0.986083 -0.000000 0 0 0 1 0.986044 0 0.166487 -0.000000 0.000001 1 -0.000008 -0.15367 -0.166487 0.000008 0.986044 -0.000000 0 0 0 1 0.985998 0 0.166758 -0.000000 0.000001 1 -0.000008 -0.15367 -0.166758 0.000008 0.985998 -0.000000 0 0 0 1 0.985948 0 0.167052 -0.000000 0.000001 1 -0.000008 -0.15367 -0.167052 0.000008 0.985948 -0.000000 0 0 0 1 0.985906 0 0.167302 -0.000000 0.000001 1 -0.000008 -0.15367 -0.167302 0.000008 0.985906 -0.000000 0 0 0 1 0.98589 0 0.167394 -0.000000 0.000001 1 -0.000008 -0.15367 -0.167394 0.000008 0.98589 -0.000000 0 0 0 1 0.985917 0 0.167236 -0.000000 0.000001 1 -0.000008 -0.15367 -0.167236 0.000008 0.985917 -0.000000 0 0 0 1 0.985981 0 0.166857 -0.000000 0.000001 1 -0.000008 -0.15367 -0.166857 0.000008 0.985981 -0.000000 0 0 0 1 0.986055 0 0.166421 -0.000000 0.000001 1 -0.000008 -0.15367 -0.166421 0.000008 0.986055 -0.000000 0 0 0 1 0.986108 0 0.166107 -0.000000 0.000001 1 -0.000008 -0.15367 -0.166107 0.000008 0.986108 -0.000000 0 0 0 1 0.98613 0 0.165975 -0.000000 0.000001 1 -0.000008 -0.15367 -0.165975 0.000008 0.98613 -0.000000 0 0 0 1 0.98613 0 0.165975 -0.000000 0.000001 1 -0.000008 -0.15367 -0.165975 0.000008 0.98613 -0.000000 0 0 0 1 0.986114 0 0.16607 -0.000000 0.000001 1 -0.000008 -0.15367 -0.16607 0.000008 0.986114 -0.000000 0 0 0 1 0.986079 0 0.166277 -0.000000 0.000001 1 -0.000008 -0.15367 -0.166277 0.000008 0.986079 -0.000000 0 0 0 1 0.986026 0 0.166595 -0.000000 0.000001 1 -0.000008 -0.15367 -0.166595 0.000008 0.986026 -0.000000 0 0 0 1 0.985972 0 0.166913 -0.000000 0.000001 1 -0.000008 -0.15367 -0.166913 0.000008 0.985972 -0.000000 0 0 0 1 0.985946 0 0.167063 -0.000000 0.000001 1 -0.000008 -0.15367 -0.167063 0.000008 0.985946 -0.000000 0 0 0 1 0.985963 0 0.166963 -0.000000 0.000001 1 -0.000008 -0.15367 -0.166963 0.000008 0.985963 -0.000000 0 0 0 1 0.986008 0 0.166699 -0.000000 0.000001 1 -0.000008 -0.15367 -0.166699 0.000008 0.986008 -0.000000 0 0 0 1 0.986051 0 0.166442 -0.000000 0.000001 1 -0.000008 -0.15367 -0.166442 0.000008 0.986051 -0.000000 0 0 0 1 0.986076 0 0.166293 -0.000000 0.000001 1 -0.000008 -0.15367 -0.166293 0.000008 0.986076 -0.000000 0 0 0 1 0.986088 0 0.166223 -0.000000 0.000001 1 -0.000008 -0.15367 -0.166223 0.000008 0.986088 -0.000000 0 0 0 1 0.9861 0 0.166156 -0.000000 0.000001 1 -0.000008 -0.15367 -0.166156 0.000008 0.9861 -0.000000 0 0 0 1 0.986116 0 0.166055 -0.000000 0.000001 1 -0.000008 -0.15367 -0.166055 0.000008 0.986116 -0.000000 0 0 0 1 0.986134 0 0.165953 -0.000000 0.000001 1 -0.000008 -0.15367 -0.165953 0.000008 0.986134 -0.000000 0 0 0 1 0.98615 0 0.165858 -0.000000 0.000001 1 -0.000008 -0.15367 -0.165858 0.000008 0.98615 -0.000000 0 0 0 1 0.986171 0 0.165732 -0.000000 0.000001 1 -0.000008 -0.15367 -0.165732 0.000008 0.986171 -0.000000 0 0 0 1 0.986209 0 0.165504 -0.000000 0.000001 1 -0.000008 -0.15367 -0.165504 0.000008 0.986209 -0.000000 0 0 0 1 0.986267 0 0.165158 -0.000000 0.000001 1 -0.000008 -0.15367 -0.165158 0.000008 0.986267 -0.000000 0 0 0 1 0.986333 0 0.164762 -0.000000 0.000001 1 -0.000008 -0.15367 -0.164762 0.000008 0.986333 -0.000000 0 0 0 1 0.986389 0 0.164429 -0.000000 0.000001 1 -0.000008 -0.15367 -0.164429 0.000008 0.986389 -0.000000 0 0 0 1 0.986425 0 0.16421 -0.000000 0.000001 1 -0.000008 -0.15367 -0.16421 0.000008 0.986425 -0.000000 0 0 0 1 0.986453 0 0.164041 -0.000000 0.000001 1 -0.000008 -0.15367 -0.164041 0.000008 0.986453 -0.000000 0 0 0 1 0.986492 0 0.163812 -0.000000 0.000001 1 -0.000008 -0.15367 -0.163812 0.000008 0.986492 -0.000000 0 0 0 1 0.986546 0 0.163487 -0.000000 0.000001 1 -0.000008 -0.15367 -0.163487 0.000008 0.986546 -0.000000 0 0 0 1 0.986611 0 0.163092 -0.000000 0.000001 1 -0.000008 -0.15367 -0.163092 0.000008 0.986611 -0.000000 0 0 0 1 0.986682 0 0.162658 -0.000000 0.000001 1 -0.000008 -0.15367 -0.162658 0.000008 0.986682 -0.000000 0 0 0 1 0.986755 0 0.162215 -0.000000 0.000001 1 -0.000008 -0.15367 -0.162215 0.000008 0.986755 -0.000000 0 0 0 1 0.986822 0 0.161808 -0.000000 0.000001 1 -0.000008 -0.15367 -0.161808 0.000008 0.986822 -0.000000 0 0 0 1 0.986878 0 0.161467 -0.000000 0.000001 1 -0.000008 -0.15367 -0.161467 0.000008 0.986878 -0.000000 0 0 0 1 0.986927 0 0.161169 -0.000000 0.000001 1 -0.000008 -0.15367 -0.161169 0.000008 0.986927 -0.000000 0 0 0 1 0.986974 0 0.160879 -0.000000 0.000001 1 -0.000008 -0.15367 -0.160879 0.000008 0.986974 -0.000000 0 0 0 1 0.987021 0 0.160593 -0.000000 0.000001 1 -0.000008 -0.15367 -0.160593 0.000008 0.987021 -0.000000 0 0 0 1 0.98706 0 0.160351 -0.000000 0.000001 1 -0.000008 -0.15367 -0.160351 0.000008 0.98706 -0.000000 0 0 0 1 0.987087 0 0.160188 -0.000000 0.000001 1 -0.000008 -0.15367 -0.160188 0.000008 0.987087 -0.000000 0 0 0 1 0.987104 0 0.16008 -0.000000 0.000001 1 -0.000008 -0.15367 -0.16008 0.000008 0.987104 -0.000000 0 0 0 1 0.987126 0 0.159945 -0.000000 0.000001 1 -0.000008 -0.15367 -0.159945 0.000008 0.987126 -0.000000 0 0 0 1</float_array>
        <technique_common>
          <accessor source="#RightForeArm_Helper2_matrix_RightForeArm_Helper2_transform-output-array" count="106" stride="16">
            <param name="TRANSFORM" type="float4x4"/>
          </accessor>
        </technique_common>
      </source>
      <source id="RightForeArm_Helper2_matrix_RightForeArm_Helper2_transform-interpolations">
        <Name_array id="RightForeArm_Helper2_matrix_RightForeArm_Helper2_transform-interpolations-array" count="106">LINEAR LINEAR LINEAR LINEAR LINEAR LINEAR LINEAR LINEAR LINEAR LINEAR LINEAR LINEAR LINEAR LINEAR LINEAR LINEAR LINEAR LINEAR LINEAR LINEAR LINEAR LINEAR LINEAR LINEAR LINEAR LINEAR LINEAR LINEAR LINEAR LINEAR LINEAR LINEAR LINEAR LINEAR LINEAR LINEAR LINEAR LINEAR LINEAR LINEAR LINEAR LINEAR LINEAR LINEAR LINEAR LINEAR LINEAR LINEAR LINEAR LINEAR LINEAR LINEAR LINEAR LINEAR LINEAR LINEAR LINEAR LINEAR LINEAR LINEAR LINEAR LINEAR LINEAR LINEAR LINEAR LINEAR LINEAR LINEAR LINEAR LINEAR LINEAR LINEAR LINEAR LINEAR LINEAR LINEAR LINEAR LINEAR LINEAR LINEAR LINEAR LINEAR LINEAR LINEAR LINEAR LINEAR LINEAR LINEAR LINEAR LINEAR LINEAR LINEAR LINEAR LINEAR LINEAR LINEAR LINEAR LINEAR LINEAR LINEAR LINEAR LINEAR LINEAR LINEAR LINEAR LINEAR</Name_array>
        <technique_common>
          <accessor source="#RightForeArm_Helper2_matrix_RightForeArm_Helper2_transform-interpolations-array" count="106" stride="1">
            <param name="INTERPOLATION" type="Name"/>
          </accessor>
        </technique_common>
      </source>
      <sampler id="RightForeArm_Helper2_matrix_RightForeArm_Helper2_transform-sampler">
        <input semantic="INPUT" source="#RightForeArm_Helper2_matrix_RightForeArm_Helper2_transform-input"/>
        <input semantic="OUTPUT" source="#RightForeArm_Helper2_matrix_RightForeArm_Helper2_transform-output"/>
        <input semantic="INTERPOLATION" source="#RightForeArm_Helper2_matrix_RightForeArm_Helper2_transform-interpolations"/>
      </sampler>
      <channel source="#RightForeArm_Helper2_matrix_RightForeArm_Helper2_transform-sampler" target="RightForeArm_Helper2/transform"/>
    </animation>
    <animation id="RightArm_Helper2_matrix">
      <source id="RightArm_Helper2_matrix_RightArm_Helper2_transform-input">
        <float_array id="RightArm_Helper2_matrix_RightArm_Helper2_transform-input-array" count="106">0 0.033333 0.066666 0.1 0.133333 0.166667 0.2 0.233333 0.266667 0.3 0.333333 0.366667 0.4 0.433333 0.466667 0.5 0.533333 0.566667 0.6 0.633333 0.666667 0.7 0.733333 0.766667 0.8 0.833333 0.866667 0.9 0.933333 0.966667 1 1.03333 1.06667 1.1 1.13333 1.16667 1.2 1.23333 1.26667 1.3 1.33333 1.36667 1.4 1.43333 1.46667 1.5 1.53333 1.56667 1.6 1.63333 1.66667 1.7 1.73333 1.76667 1.8 1.83333 1.86667 1.9 1.93333 1.96667 2 2.03333 2.06667 2.1 2.13333 2.16667 2.2 2.23333 2.26667 2.3 2.33333 2.36667 2.4 2.43333 2.46667 2.5 2.53333 2.56667 2.6 2.63333 2.66667 2.7 2.73333 2.76667 2.8 2.83333 2.86667 2.9 2.93333 2.96667 3 3.03333 3.06667 3.1 3.13333 3.16667 3.2 3.23333 3.26667 3.3 3.33333 3.36667 3.4 3.43333 3.46667 3.5</float_array>
        <technique_common>
          <accessor source="#RightArm_Helper2_matrix_RightArm_Helper2_transform-input-array" count="106" stride="1">
            <param name="TIME" type="float"/>
          </accessor>
        </technique_common>
        <technique profile="MAYA">
          <pre_infinity>CONSTANT</pre_infinity>
          <post_infinity>CONSTANT</post_infinity>
        </technique>
      </source>
      <source id="RightArm_Helper2_matrix_RightArm_Helper2_transform-output">
        <float_array id="RightArm_Helper2_matrix_RightArm_Helper2_transform-output-array" count="1696">0.732001 -0.005814 0.681279 0 0.676391 0.126066 -0.725674 -0.188543 -0.081666 0.992005 0.096212 -0.000002 0 0 0 1 0.731932 -0.005847 0.681352 0 0.676467 0.126063 -0.725603 -0.188543 -0.08165 0.992005 0.096225 -0.000002 0 0 0 1 0.731801 -0.005914 0.681493 0 0.676614 0.126059 -0.725467 -0.188543 -0.081617 0.992005 0.096252 -0.000002 0 0 0 1 0.731598 -0.006013 0.681709 0 0.676838 0.126053 -0.725259 -0.188543 -0.08157 0.992005 0.09629 -0.000002 0 0 0 1 0.73138 -0.0061 0.681943 0 0.677071 0.126133 -0.725027 -0.188543 -0.081592 0.991995 0.096382 -0.000002 0 0 0 1 0.731254 -0.00609 0.682078 0 0.677191 0.126302 -0.724887 -0.188543 -0.081733 0.991973 0.096483 -0.000002 0 0 0 1 0.731298 -0.005909 0.682033 0 0.677106 0.12658 -0.724918 -0.188543 -0.082048 0.991939 0.096568 -0.000002 0 0 0 1 0.731461 -0.005517 0.681861 0 0.676861 0.127019 -0.725069 -0.188543 -0.082608 0.991885 0.096644 -0.000002 0 0 0 1 0.731586 -0.004887 0.681732 0 0.676612 0.127733 -0.725176 -0.188543 -0.083535 0.991797 0.096754 -0.000002 0 0 0 1 0.7315 -0.004205 0.681828 0 0.676568 0.128603 -0.725064 -0.188543 -0.084636 0.991687 0.096918 -0.000002 0 0 0 1 0.731098 -0.003758 0.682262 0 0.676892 0.12933 -0.724632 -0.188543 -0.085513 0.991594 0.097097 -0.000002 0 0 0 1 0.730375 -0.003774 0.683036 0 0.677636 0.12962 -0.723884 -0.188543 -0.085803 0.991557 0.097228 -0.000002 0 0 0 1 0.729456 -0.004113 0.684016 0 0.678636 0.129656 -0.72294 -0.188543 -0.085712 0.991551 0.09737 -0.000002 0 0 0 1 0.728515 -0.004525 0.685015 0 0.679653 0.129812 -0.721956 -0.188543 -0.085655 0.991528 0.097646 -0.000002 0 0 0 1 0.727655 -0.004993 0.685925 0 0.68057 0.130171 -0.721027 -0.188543 -0.085687 0.991479 0.098117 -0.000002 0 0 0 1 0.726946 -0.005529 0.686673 0 0.681317 0.130719 -0.720222 -0.188543 -0.085778 0.991404 0.098792 -0.000002 0 0 0 1 0.726465 -0.006185 0.687175 0 0.681828 0.131309 -0.719631 -0.188543 -0.08578 0.991322 0.099608 -0.000002 0 0 0 1 0.726331 -0.006748 0.687312 0 0.681957 0.132046 -0.719374 -0.188543 -0.085901 0.991221 0.100511 -0.000002 0 0 0 1 0.726583 -0.007085 0.687042 0 0.681642 0.132974 -0.719501 -0.188543 -0.086261 0.991094 0.101447 -0.000002 0 0 0 1 0.727133 -0.00718 0.686459 0 0.680978 0.134071 -0.719926 -0.188543 -0.086865 0.990946 0.102377 -0.000002 0 0 0 1 0.727805 -0.007046 0.685748 0 0.680152 0.135305 -0.720476 -0.188543 -0.087708 0.990779 0.103268 -0.000002 0 0 0 1 0.728472 -0.006646 0.685044 0 0.679292 0.136672 -0.721029 -0.188543 -0.088833 0.990594 0.104077 -0.000002 0 0 0 1 0.729135 -0.005953 0.684344 0 0.678395 0.138137 -0.721595 -0.188543 -0.090237 0.990395 0.104759 -0.000002 0 0 0 1 0.729838 -0.005008 0.683602 0 0.677423 0.139645 -0.722217 -0.188543 -0.091844 0.990189 0.105311 -0.000002 0 0 0 1 0.730475 -0.003989 0.682928 0 0.676515 0.14107 -0.722791 -0.188543 -0.093457 0.989992 0.105747 -0.000002 0 0 0 1 0.730837 -0.00305 0.682545 0 0.675916 0.14234 -0.723103 -0.188543 -0.094947 0.989813 0.10609 -0.000002 0 0 0 1 0.730839 -0.002237 0.682546 0 0.675726 0.143421 -0.723067 -0.188543 -0.096273 0.989659 0.106329 -0.000002 0 0 0 1 0.730602 -0.001485 0.682802 0 0.675809 0.144342 -0.722806 -0.188543 -0.097483 0.989527 0.10646 -0.000002 0 0 0 1 0.730249 -0.000756 0.683181 0 0.676024 0.145168 -0.722439 -0.188543 -0.09863 0.989407 0.10652 -0.000002 0 0 0 1 0.729732 -0.000116 0.683734 0 0.676424 0.145959 -0.721905 -0.188543 -0.099712 0.989291 0.106589 -0.000002 0 0 0 1 0.728934 0.000295 0.684584 0 0.677147 0.146691 -0.721078 -0.188543 -0.100635 0.989182 0.106728 -0.000002 0 0 0 1 0.727874 0.000393 0.685711 0 0.67819 0.147291 -0.719975 -0.188543 -0.101283 0.989093 0.106942 -0.000002 0 0 0 1 0.726705 0.000178 0.68695 0 0.679399 0.147669 -0.718756 -0.188543 -0.10157 0.989037 0.10719 -0.000002 0 0 0 1 0.725601 -0.000275 0.688115 0 0.680586 0.147811 -0.717603 -0.188543 -0.101513 0.989016 0.107439 -0.000002 0 0 0 1 0.72473 -0.000887 0.689032 0 0.681565 0.147757 -0.716685 -0.188543 -0.101173 0.989023 0.107689 -0.000002 0 0 0 1 0.724268 -0.00155 0.689517 0 0.682128 0.147629 -0.716175 -0.188543 -0.100683 0.989042 0.107981 -0.000002 0 0 0 1 0.724292 -0.002243 0.689489 0 0.682191 0.147479 -0.716146 -0.188543 -0.100079 0.989063 0.108348 -0.000002 0 0 0 1 0.724678 -0.003019 0.689081 0 0.681891 0.147292 -0.71647 -0.188543 -0.099332 0.989088 0.108798 -0.000002 0 0 0 1 0.725176 -0.003967 0.688552 0 0.681498 0.147027 -0.716899 -0.188543 -0.098391 0.989125 0.109324 -0.000002 0 0 0 1 0.725591 -0.005118 0.688107 0 0.681218 0.146677 -0.717236 -0.188543 -0.097258 0.989171 0.109914 -0.000002 0 0 0 1 0.725846 -0.006404 0.687827 0 0.681121 0.146291 -0.717407 -0.188543 -0.096028 0.989221 0.110547 -0.000002 0 0 0 1 0.725977 -0.007683 0.687676 0 0.681147 0.145937 -0.717454 -0.188543 -0.094845 0.989264 0.111181 -0.000002 0 0 0 1 0.726081 -0.008842 0.687553 0 0.681186 0.145603 -0.717485 -0.188543 -0.093765 0.989304 0.111743 -0.000002 0 0 0 1 0.726211 -0.009835 0.687402 0 0.681183 0.145233 -0.717563 -0.188543 -0.092776 0.989349 0.11217 -0.000002 0 0 0 1 0.726273 -0.010725 0.687323 0 0.681248 0.144774 -0.717594 -0.188543 -0.091809 0.989407 0.112452 -0.000002 0 0 0 1 0.726082 -0.011554 0.687511 0 0.681574 0.144265 -0.717387 -0.188543 -0.090894 0.989472 0.112624 -0.000002 0 0 0 1 0.72552 -0.012363 0.68809 0 0.682283 0.14376 -0.716815 -0.188543 -0.090057 0.989535 0.112736 -0.000002 0 0 0 1 0.724635 -0.013146 0.689008 0 0.683321 0.143281 -0.715921 -0.188543 -0.08931 0.989595 0.11281 -0.000002 0 0 0 1 0.723604 -0.013889 0.690076 0 0.684502 0.142817 -0.714885 -0.188543 -0.088624 0.989652 0.11285 -0.000002 0 0 0 1 0.72264 -0.014586 0.69107 0 0.685607 0.142323 -0.713924 -0.188543 -0.087941 0.989713 0.112849 -0.000002 0 0 0 1 0.721848 -0.015304 0.691882 0 0.686546 0.141693 -0.713147 -0.188543 -0.08712 0.989792 0.112788 -0.000002 0 0 0 1 0.721155 -0.016068 0.692587 0 0.687397 0.140908 -0.712482 -0.188543 -0.086142 0.989892 0.112662 -0.000002 0 0 0 1 0.720396 -0.016815 0.693359 0 0.688315 0.140081 -0.711758 -0.188543 -0.085158 0.989997 0.112489 -0.000002 0 0 0 1 0.719507 -0.017335 0.694269 0 0.689326 0.139454 -0.710903 -0.188543 -0.084494 0.990077 0.112288 -0.000002 0 0 0 1 0.718628 -0.017469 0.695175 0 0.690264 0.13914 -0.710054 -0.188543 -0.084322 0.990119 0.112048 -0.000002 0 0 0 1 0.718 -0.01719 0.69583 0 0.690884 0.139084 -0.709461 -0.188543 -0.084583 0.990131 0.111739 -0.000002 0 0 0 1 0.717746 -0.016553 0.696108 0 0.691079 0.139189 -0.709251 -0.188543 -0.085149 0.990127 0.111342 -0.000002 0 0 0 1 0.717778 -0.015652 0.696096 0 0.690947 0.139421 -0.709334 -0.188543 -0.085947 0.99011 0.110888 -0.000002 0 0 0 1 0.71792 -0.014608 0.695973 0 0.690677 0.139791 -0.709523 -0.188543 -0.086926 0.990073 0.110448 -0.000002 0 0 0 1 0.718051 -0.013552 0.695859 0 0.690405 0.140281 -0.709691 -0.188543 -0.087997 0.990019 0.110085 -0.000002 0 0 0 1 0.718157 -0.012595 0.695767 0 0.690163 0.140805 -0.709823 -0.188543 -0.089027 0.989957 0.109813 -0.000002 0 0 0 1 0.718291 -0.011762 0.695644 0 0.689905 0.141295 -0.709976 -0.188543 -0.089939 0.989898 0.109605 -0.000002 0 0 0 1 0.718501 -0.01108 0.695437 0 0.689594 0.141654 -0.710207 -0.188543 -0.090642 0.989854 0.10942 -0.000002 0 0 0 1 0.718779 -0.010541 0.695159 0 0.689241 0.141857 -0.710509 -0.188543 -0.091123 0.989831 0.109229 -0.000002 0 0 0 1 0.718996 -0.010154 0.69494 0 0.688978 0.141907 -0.710754 -0.188543 -0.091399 0.989828 0.109027 -0.000002 0 0 0 1 0.718967 -0.009909 0.694974 0 0.688989 0.141859 -0.710753 -0.188543 -0.091544 0.989837 0.10882 -0.000002 0 0 0 1 0.71861 -0.009791 0.695344 0 0.689353 0.141747 -0.710422 -0.188543 -0.091606 0.989855 0.108611 -0.000002 0 0 0 1 0.718056 -0.009759 0.695917 0 0.689931 0.141582 -0.709894 -0.188543 -0.0916 0.989878 0.108398 -0.000002 0 0 0 1 0.717576 -0.009746 0.696412 0 0.690439 0.141362 -0.709444 -0.188543 -0.091531 0.98991 0.108167 -0.000002 0 0 0 1 0.71738 -0.009688 0.696615 0 0.690659 0.141086 -0.709285 -0.188543 -0.09141 0.98995 0.107904 -0.000002 0 0 0 1 0.717476 -0.009549 0.696518 0 0.690576 0.140788 -0.709425 -0.188543 -0.091286 0.989994 0.107607 -0.000002 0 0 0 1 0.717703 -0.009337 0.696287 0 0.690348 0.140538 -0.709696 -0.188543 -0.091228 0.990031 0.107311 -0.000002 0 0 0 1 0.717879 -0.009083 0.696109 0 0.690157 0.140404 -0.709908 -0.188543 -0.091288 0.990053 0.107062 -0.000002 0 0 0 1 0.717939 -0.008822 0.69605 0 0.690071 0.140407 -0.709992 -0.188543 -0.091466 0.990054 0.106892 -0.000002 0 0 0 1 0.717936 -0.008539 0.696057 0 0.690036 0.140525 -0.710002 -0.188543 -0.09175 0.99004 0.10678 -0.000002 0 0 0 1 0.717937 -0.008182 0.69606 0 0.689981 0.140749 -0.710011 -0.188543 -0.09216 0.990012 0.106694 -0.000002 0 0 0 1 0.717979 -0.007672 0.696023 0 0.689857 0.141094 -0.710063 -0.188543 -0.092756 0.989966 0.106596 -0.000002 0 0 0 1 0.71812 -0.007022 0.695884 0 0.689609 0.141538 -0.710216 -0.188543 -0.093507 0.989908 0.106484 -0.000002 0 0 0 1 0.718447 -0.006259 0.695553 0 0.689153 0.142041 -0.710558 -0.188543 -0.094349 0.989841 0.106362 -0.000002 0 0 0 1 0.718975 -0.005468 0.695014 0 0.688488 0.142535 -0.711103 -0.188543 -0.095174 0.989775 0.106244 -0.000002 0 0 0 1 0.719596 -0.004627 0.694378 0 0.687721 0.143039 -0.711744 -0.188543 -0.096029 0.989706 0.106113 -0.000002 0 0 0 1 0.7202 -0.003687 0.693757 0 0.686953 0.143598 -0.712373 -0.188543 -0.096995 0.989629 0.105952 -0.000002 0 0 0 1 0.720834 -0.002517 0.693103 0 0.686113 0.144296 -0.713041 -0.188543 -0.098216 0.989531 0.105741 -0.000002 0 0 0 1 0.721663 -0.001191 0.692244 0 0.685047 0.145055 -0.713911 -0.188543 -0.099562 0.989423 0.105497 -0.000002 0 0 0 1 0.72275 0.000161 0.691109 0 0.68371 0.145773 -0.715046 -0.188543 -0.100861 0.989318 0.105247 -0.000002 0 0 0 1 0.723903 0.00136 0.689901 0 0.682335 0.146291 -0.716253 -0.188543 -0.101901 0.989241 0.104972 -0.000002 0 0 0 1 0.724803 0.002287 0.688952 0 0.68128 0.146472 -0.717219 -0.188543 -0.102553 0.989212 0.104605 -0.000002 0 0 0 1 0.725329 0.002956 0.688396 0 0.680684 0.146238 -0.717832 -0.188543 -0.102792 0.989245 0.104058 -0.000002 0 0 0 1 0.725659 0.003493 0.688046 0 0.680343 0.145658 -0.718274 -0.188543 -0.102729 0.989329 0.103321 -0.000002 0 0 0 1 0.726045 0.004011 0.687636 0 0.679967 0.144856 -0.718792 -0.188543 -0.102492 0.989445 0.102444 -0.000002 0 0 0 1 0.726604 0.004531 0.687041 0 0.679419 0.14394 -0.719493 -0.188543 -0.102153 0.989576 0.101509 -0.000002 0 0 0 1 0.727329 0.004954 0.686271 0 0.678718 0.142923 -0.720357 -0.188543 -0.101653 0.989721 0.10059 -0.000002 0 0 0 1 0.72821 0.005135 0.685335 0 0.677895 0.141731 -0.721367 -0.188543 -0.100838 0.989892 0.099728 -0.000002 0 0 0 1 0.729256 0.004971 0.684222 0 0.676955 0.140291 -0.72253 -0.188543 -0.099582 0.990098 0.098942 -0.000002 0 0 0 1 0.730404 0.004474 0.683 0 0.675958 0.138645 -0.723781 -0.188543 -0.097933 0.990332 0.098242 -0.000002 0 0 0 1 0.731438 0.003711 0.681898 0 0.675107 0.136937 -0.724899 -0.188543 -0.096067 0.990573 0.097655 -0.000002 0 0 0 1 0.732103 0.002706 0.681188 0 0.674661 0.135282 -0.725625 -0.188543 -0.094116 0.990803 0.097214 -0.000002 0 0 0 1 0.732335 0.001498 0.680943 0 0.674679 0.133745 -0.725893 -0.188543 -0.09216 0.991015 0.096934 -0.000002 0 0 0 1 0.732352 0.000232 0.680927 0 0.67491 0.132396 -0.725926 -0.188543 -0.090321 0.991197 0.096803 -0.000002 0 0 0 1 0.732413 -0.000868 0.68086 0 0.675048 0.131316 -0.725994 -0.188543 -0.088777 0.99134 0.096764 -0.000002 0 0 0 1 0.732576 -0.00169 0.680683 0 0.675024 0.130508 -0.726161 -0.188543 -0.087607 0.991446 0.096748 -0.000002 0 0 0 1 0.732672 -0.002398 0.680578 0 0.675054 0.129752 -0.726269 -0.188543 -0.086564 0.991544 0.096684 -0.000002 0 0 0 1 0.7326 -0.003132 0.680652 0 0.675269 0.12894 -0.726213 -0.188543 -0.085488 0.991647 0.096577 -0.000002 0 0 0 1 0.732413 -0.004006 0.680849 0 0.67563 0.12799 -0.726046 -0.188543 -0.084232 0.991767 0.096448 -0.000002 0 0 0 1 0.732199 -0.005059 0.681072 0 0.676045 0.126897 -0.725852 -0.188543 -0.082753 0.991903 0.096334 -0.000002 0 0 0 1 0.732001 -0.005814 0.681279 0 0.676391 0.126066 -0.725674 -0.188543 -0.081666 0.992005 0.096213 -0.000002 0 0 0 1</float_array>
        <technique_common>
          <accessor source="#RightArm_Helper2_matrix_RightArm_Helper2_transform-output-array" count="106" stride="16">
            <param name="TRANSFORM" type="float4x4"/>
          </accessor>
        </technique_common>
      </source>
      <source id="RightArm_Helper2_matrix_RightArm_Helper2_transform-interpolations">
        <Name_array id="RightArm_Helper2_matrix_RightArm_Helper2_transform-interpolations-array" count="106">LINEAR LINEAR LINEAR LINEAR LINEAR LINEAR LINEAR LINEAR LINEAR LINEAR LINEAR LINEAR LINEAR LINEAR LINEAR LINEAR LINEAR LINEAR LINEAR LINEAR LINEAR LINEAR LINEAR LINEAR LINEAR LINEAR LINEAR LINEAR LINEAR LINEAR LINEAR LINEAR LINEAR LINEAR LINEAR LINEAR LINEAR LINEAR LINEAR LINEAR LINEAR LINEAR LINEAR LINEAR LINEAR LINEAR LINEAR LINEAR LINEAR LINEAR LINEAR LINEAR LINEAR LINEAR LINEAR LINEAR LINEAR LINEAR LINEAR LINEAR LINEAR LINEAR LINEAR LINEAR LINEAR LINEAR LINEAR LINEAR LINEAR LINEAR LINEAR LINEAR LINEAR LINEAR LINEAR LINEAR LINEAR LINEAR LINEAR LINEAR LINEAR LINEAR LINEAR LINEAR LINEAR LINEAR LINEAR LINEAR LINEAR LINEAR LINEAR LINEAR LINEAR LINEAR LINEAR LINEAR LINEAR LINEAR LINEAR LINEAR LINEAR LINEAR LINEAR LINEAR LINEAR LINEAR</Name_array>
        <technique_common>
          <accessor source="#RightArm_Helper2_matrix_RightArm_Helper2_transform-interpolations-array" count="106" stride="1">
            <param name="INTERPOLATION" type="Name"/>
          </accessor>
        </technique_common>
      </source>
      <sampler id="RightArm_Helper2_matrix_RightArm_Helper2_transform-sampler">
        <input semantic="INPUT" source="#RightArm_Helper2_matrix_RightArm_Helper2_transform-input"/>
        <input semantic="OUTPUT" source="#RightArm_Helper2_matrix_RightArm_Helper2_transform-output"/>
        <input semantic="INTERPOLATION" source="#RightArm_Helper2_matrix_RightArm_Helper2_transform-interpolations"/>
      </sampler>
      <channel source="#RightArm_Helper2_matrix_RightArm_Helper2_transform-sampler" target="RightArm_Helper2/transform"/>
    </animation>
    <animation id="RightArm_Helper1_matrix">
      <source id="RightArm_Helper1_matrix_RightArm_Helper1_transform-input">
        <float_array id="RightArm_Helper1_matrix_RightArm_Helper1_transform-input-array" count="106">0 0.033333 0.066666 0.1 0.133333 0.166667 0.2 0.233333 0.266667 0.3 0.333333 0.366667 0.4 0.433333 0.466667 0.5 0.533333 0.566667 0.6 0.633333 0.666667 0.7 0.733333 0.766667 0.8 0.833333 0.866667 0.9 0.933333 0.966667 1 1.03333 1.06667 1.1 1.13333 1.16667 1.2 1.23333 1.26667 1.3 1.33333 1.36667 1.4 1.43333 1.46667 1.5 1.53333 1.56667 1.6 1.63333 1.66667 1.7 1.73333 1.76667 1.8 1.83333 1.86667 1.9 1.93333 1.96667 2 2.03333 2.06667 2.1 2.13333 2.16667 2.2 2.23333 2.26667 2.3 2.33333 2.36667 2.4 2.43333 2.46667 2.5 2.53333 2.56667 2.6 2.63333 2.66667 2.7 2.73333 2.76667 2.8 2.83333 2.86667 2.9 2.93333 2.96667 3 3.03333 3.06667 3.1 3.13333 3.16667 3.2 3.23333 3.26667 3.3 3.33333 3.36667 3.4 3.43333 3.46667 3.5</float_array>
        <technique_common>
          <accessor source="#RightArm_Helper1_matrix_RightArm_Helper1_transform-input-array" count="106" stride="1">
            <param name="TIME" type="float"/>
          </accessor>
        </technique_common>
        <technique profile="MAYA">
          <pre_infinity>CONSTANT</pre_infinity>
          <post_infinity>CONSTANT</post_infinity>
        </technique>
      </source>
      <source id="RightArm_Helper1_matrix_RightArm_Helper1_transform-output">
        <float_array id="RightArm_Helper1_matrix_RightArm_Helper1_transform-output-array" count="1696">0.732001 -0.005814 0.681279 0 0.676391 0.126066 -0.725674 -0.188543 -0.081666 0.992005 0.096212 -0.000002 0 0 0 1 0.731932 -0.005847 0.681352 0 0.676467 0.126063 -0.725603 -0.188543 -0.08165 0.992005 0.096225 -0.000002 0 0 0 1 0.731801 -0.005914 0.681493 0 0.676614 0.126059 -0.725467 -0.188543 -0.081617 0.992005 0.096252 -0.000002 0 0 0 1 0.731598 -0.006013 0.681709 0 0.676838 0.126053 -0.725259 -0.188543 -0.08157 0.992005 0.09629 -0.000002 0 0 0 1 0.73138 -0.0061 0.681943 0 0.677071 0.126133 -0.725027 -0.188543 -0.081592 0.991995 0.096382 -0.000002 0 0 0 1 0.731254 -0.00609 0.682078 0 0.677191 0.126302 -0.724887 -0.188543 -0.081733 0.991973 0.096483 -0.000002 0 0 0 1 0.731298 -0.005909 0.682033 0 0.677106 0.12658 -0.724918 -0.188543 -0.082048 0.991939 0.096568 -0.000002 0 0 0 1 0.731461 -0.005517 0.681861 0 0.676861 0.127019 -0.725069 -0.188543 -0.082608 0.991885 0.096644 -0.000002 0 0 0 1 0.731586 -0.004887 0.681732 0 0.676612 0.127733 -0.725176 -0.188543 -0.083535 0.991797 0.096754 -0.000002 0 0 0 1 0.7315 -0.004205 0.681828 0 0.676568 0.128603 -0.725064 -0.188543 -0.084636 0.991687 0.096918 -0.000002 0 0 0 1 0.731098 -0.003758 0.682262 0 0.676892 0.12933 -0.724632 -0.188543 -0.085513 0.991594 0.097097 -0.000002 0 0 0 1 0.730375 -0.003774 0.683036 0 0.677636 0.12962 -0.723884 -0.188543 -0.085803 0.991557 0.097228 -0.000002 0 0 0 1 0.729456 -0.004113 0.684016 0 0.678636 0.129656 -0.72294 -0.188543 -0.085712 0.991551 0.09737 -0.000002 0 0 0 1 0.728515 -0.004525 0.685015 0 0.679653 0.129812 -0.721956 -0.188543 -0.085655 0.991528 0.097646 -0.000002 0 0 0 1 0.727655 -0.004993 0.685925 0 0.68057 0.130171 -0.721027 -0.188543 -0.085687 0.991479 0.098117 -0.000002 0 0 0 1 0.726946 -0.005529 0.686673 0 0.681317 0.130719 -0.720222 -0.188543 -0.085778 0.991404 0.098792 -0.000002 0 0 0 1 0.726465 -0.006185 0.687175 0 0.681828 0.131309 -0.719631 -0.188543 -0.08578 0.991322 0.099608 -0.000002 0 0 0 1 0.726331 -0.006748 0.687312 0 0.681957 0.132046 -0.719374 -0.188543 -0.085901 0.991221 0.100511 -0.000002 0 0 0 1 0.726583 -0.007085 0.687042 0 0.681642 0.132974 -0.719501 -0.188543 -0.086261 0.991094 0.101447 -0.000002 0 0 0 1 0.727133 -0.00718 0.686459 0 0.680978 0.134071 -0.719926 -0.188543 -0.086865 0.990946 0.102377 -0.000002 0 0 0 1 0.727805 -0.007046 0.685748 0 0.680152 0.135305 -0.720476 -0.188543 -0.087708 0.990779 0.103268 -0.000002 0 0 0 1 0.728472 -0.006646 0.685044 0 0.679292 0.136672 -0.721029 -0.188543 -0.088833 0.990594 0.104077 -0.000002 0 0 0 1 0.729135 -0.005953 0.684344 0 0.678395 0.138137 -0.721595 -0.188543 -0.090237 0.990395 0.104759 -0.000002 0 0 0 1 0.729838 -0.005008 0.683602 0 0.677423 0.139645 -0.722217 -0.188543 -0.091844 0.990189 0.105311 -0.000002 0 0 0 1 0.730475 -0.003989 0.682928 0 0.676515 0.14107 -0.722791 -0.188543 -0.093457 0.989992 0.105747 -0.000002 0 0 0 1 0.730837 -0.00305 0.682545 0 0.675916 0.14234 -0.723103 -0.188543 -0.094947 0.989813 0.10609 -0.000002 0 0 0 1 0.730839 -0.002237 0.682546 0 0.675726 0.143421 -0.723067 -0.188543 -0.096273 0.989659 0.106329 -0.000002 0 0 0 1 0.730602 -0.001485 0.682802 0 0.675809 0.144342 -0.722806 -0.188543 -0.097483 0.989527 0.10646 -0.000002 0 0 0 1 0.730249 -0.000756 0.683181 0 0.676024 0.145168 -0.722439 -0.188543 -0.09863 0.989407 0.10652 -0.000002 0 0 0 1 0.729732 -0.000116 0.683734 0 0.676424 0.145959 -0.721905 -0.188543 -0.099712 0.989291 0.106589 -0.000002 0 0 0 1 0.728934 0.000295 0.684584 0 0.677147 0.146691 -0.721078 -0.188543 -0.100635 0.989182 0.106728 -0.000002 0 0 0 1 0.727874 0.000393 0.685711 0 0.67819 0.147291 -0.719975 -0.188543 -0.101283 0.989093 0.106942 -0.000002 0 0 0 1 0.726705 0.000178 0.68695 0 0.679399 0.147669 -0.718756 -0.188543 -0.10157 0.989037 0.10719 -0.000002 0 0 0 1 0.725601 -0.000275 0.688115 0 0.680586 0.147811 -0.717603 -0.188543 -0.101513 0.989016 0.107439 -0.000002 0 0 0 1 0.72473 -0.000887 0.689032 0 0.681565 0.147757 -0.716685 -0.188543 -0.101173 0.989023 0.107689 -0.000002 0 0 0 1 0.724268 -0.00155 0.689517 0 0.682128 0.147629 -0.716175 -0.188543 -0.100683 0.989042 0.107981 -0.000002 0 0 0 1 0.724292 -0.002243 0.689489 0 0.682191 0.147479 -0.716146 -0.188543 -0.100079 0.989063 0.108348 -0.000002 0 0 0 1 0.724678 -0.003019 0.689081 0 0.681891 0.147292 -0.71647 -0.188543 -0.099332 0.989088 0.108798 -0.000002 0 0 0 1 0.725176 -0.003967 0.688552 0 0.681498 0.147027 -0.716899 -0.188543 -0.098391 0.989125 0.109324 -0.000002 0 0 0 1 0.725591 -0.005118 0.688107 0 0.681218 0.146677 -0.717236 -0.188543 -0.097258 0.989171 0.109914 -0.000002 0 0 0 1 0.725846 -0.006404 0.687827 0 0.681121 0.146291 -0.717407 -0.188543 -0.096028 0.989221 0.110547 -0.000002 0 0 0 1 0.725977 -0.007683 0.687676 0 0.681147 0.145937 -0.717454 -0.188543 -0.094845 0.989264 0.111181 -0.000002 0 0 0 1 0.726081 -0.008842 0.687553 0 0.681186 0.145603 -0.717485 -0.188543 -0.093765 0.989304 0.111743 -0.000002 0 0 0 1 0.726211 -0.009835 0.687402 0 0.681183 0.145233 -0.717563 -0.188543 -0.092776 0.989349 0.11217 -0.000002 0 0 0 1 0.726273 -0.010725 0.687323 0 0.681248 0.144774 -0.717594 -0.188543 -0.091809 0.989407 0.112452 -0.000002 0 0 0 1 0.726082 -0.011554 0.687511 0 0.681574 0.144265 -0.717387 -0.188543 -0.090894 0.989472 0.112624 -0.000002 0 0 0 1 0.72552 -0.012363 0.68809 0 0.682283 0.14376 -0.716815 -0.188543 -0.090057 0.989535 0.112736 -0.000002 0 0 0 1 0.724635 -0.013146 0.689008 0 0.683321 0.143281 -0.715921 -0.188543 -0.08931 0.989595 0.11281 -0.000002 0 0 0 1 0.723604 -0.013889 0.690076 0 0.684502 0.142817 -0.714885 -0.188543 -0.088624 0.989652 0.11285 -0.000002 0 0 0 1 0.72264 -0.014586 0.69107 0 0.685607 0.142323 -0.713924 -0.188543 -0.087941 0.989713 0.112849 -0.000002 0 0 0 1 0.721848 -0.015304 0.691882 0 0.686546 0.141693 -0.713147 -0.188543 -0.08712 0.989792 0.112788 -0.000002 0 0 0 1 0.721155 -0.016068 0.692587 0 0.687397 0.140908 -0.712482 -0.188543 -0.086142 0.989892 0.112662 -0.000002 0 0 0 1 0.720396 -0.016815 0.693359 0 0.688315 0.140081 -0.711758 -0.188543 -0.085158 0.989997 0.112489 -0.000002 0 0 0 1 0.719507 -0.017335 0.694269 0 0.689326 0.139454 -0.710903 -0.188543 -0.084494 0.990077 0.112288 -0.000002 0 0 0 1 0.718628 -0.017469 0.695175 0 0.690264 0.13914 -0.710054 -0.188543 -0.084322 0.990119 0.112048 -0.000002 0 0 0 1 0.718 -0.01719 0.69583 0 0.690884 0.139084 -0.709461 -0.188543 -0.084583 0.990131 0.111739 -0.000002 0 0 0 1 0.717746 -0.016553 0.696108 0 0.691079 0.139189 -0.709251 -0.188543 -0.085149 0.990127 0.111342 -0.000002 0 0 0 1 0.717778 -0.015652 0.696096 0 0.690947 0.139421 -0.709334 -0.188543 -0.085947 0.99011 0.110888 -0.000002 0 0 0 1 0.71792 -0.014608 0.695973 0 0.690677 0.139791 -0.709523 -0.188543 -0.086926 0.990073 0.110448 -0.000002 0 0 0 1 0.718051 -0.013552 0.695859 0 0.690405 0.140281 -0.709691 -0.188543 -0.087997 0.990019 0.110085 -0.000002 0 0 0 1 0.718157 -0.012595 0.695767 0 0.690163 0.140805 -0.709823 -0.188543 -0.089027 0.989957 0.109813 -0.000002 0 0 0 1 0.718291 -0.011762 0.695644 0 0.689905 0.141295 -0.709976 -0.188543 -0.089939 0.989898 0.109605 -0.000002 0 0 0 1 0.718501 -0.01108 0.695437 0 0.689594 0.141654 -0.710207 -0.188543 -0.090642 0.989854 0.10942 -0.000002 0 0 0 1 0.718779 -0.010541 0.695159 0 0.689241 0.141857 -0.710509 -0.188543 -0.091123 0.989831 0.109229 -0.000002 0 0 0 1 0.718996 -0.010154 0.69494 0 0.688978 0.141907 -0.710754 -0.188543 -0.091399 0.989828 0.109027 -0.000002 0 0 0 1 0.718967 -0.009909 0.694974 0 0.688989 0.141859 -0.710753 -0.188543 -0.091544 0.989837 0.10882 -0.000002 0 0 0 1 0.71861 -0.009791 0.695344 0 0.689353 0.141747 -0.710422 -0.188543 -0.091606 0.989855 0.108611 -0.000002 0 0 0 1 0.718056 -0.009759 0.695917 0 0.689931 0.141582 -0.709894 -0.188543 -0.0916 0.989878 0.108398 -0.000002 0 0 0 1 0.717576 -0.009746 0.696412 0 0.690439 0.141362 -0.709444 -0.188543 -0.091531 0.98991 0.108167 -0.000002 0 0 0 1 0.71738 -0.009688 0.696615 0 0.690659 0.141086 -0.709285 -0.188543 -0.09141 0.98995 0.107904 -0.000002 0 0 0 1 0.717476 -0.009549 0.696518 0 0.690576 0.140788 -0.709425 -0.188543 -0.091286 0.989994 0.107607 -0.000002 0 0 0 1 0.717703 -0.009337 0.696287 0 0.690348 0.140538 -0.709696 -0.188543 -0.091228 0.990031 0.107311 -0.000002 0 0 0 1 0.717879 -0.009083 0.696109 0 0.690157 0.140404 -0.709908 -0.188543 -0.091288 0.990053 0.107062 -0.000002 0 0 0 1 0.717939 -0.008822 0.69605 0 0.690071 0.140407 -0.709992 -0.188543 -0.091466 0.990054 0.106892 -0.000002 0 0 0 1 0.717936 -0.008539 0.696057 0 0.690036 0.140525 -0.710002 -0.188543 -0.09175 0.99004 0.10678 -0.000002 0 0 0 1 0.717937 -0.008182 0.69606 0 0.689981 0.140749 -0.710011 -0.188543 -0.09216 0.990012 0.106694 -0.000002 0 0 0 1 0.717979 -0.007672 0.696023 0 0.689857 0.141094 -0.710063 -0.188543 -0.092756 0.989966 0.106596 -0.000002 0 0 0 1 0.71812 -0.007022 0.695884 0 0.689609 0.141538 -0.710216 -0.188543 -0.093507 0.989908 0.106484 -0.000002 0 0 0 1 0.718447 -0.006259 0.695553 0 0.689153 0.142041 -0.710558 -0.188543 -0.094349 0.989841 0.106362 -0.000002 0 0 0 1 0.718975 -0.005468 0.695014 0 0.688488 0.142535 -0.711103 -0.188543 -0.095174 0.989775 0.106244 -0.000002 0 0 0 1 0.719596 -0.004627 0.694378 0 0.687721 0.143039 -0.711744 -0.188543 -0.096029 0.989706 0.106113 -0.000002 0 0 0 1 0.7202 -0.003687 0.693757 0 0.686953 0.143598 -0.712373 -0.188543 -0.096995 0.989629 0.105952 -0.000002 0 0 0 1 0.720834 -0.002517 0.693103 0 0.686113 0.144296 -0.713041 -0.188543 -0.098216 0.989531 0.105741 -0.000002 0 0 0 1 0.721663 -0.001191 0.692244 0 0.685047 0.145055 -0.713911 -0.188543 -0.099562 0.989423 0.105497 -0.000002 0 0 0 1 0.72275 0.000161 0.691109 0 0.68371 0.145773 -0.715046 -0.188543 -0.100861 0.989318 0.105247 -0.000002 0 0 0 1 0.723903 0.00136 0.689901 0 0.682335 0.146291 -0.716253 -0.188543 -0.101901 0.989241 0.104972 -0.000002 0 0 0 1 0.724803 0.002287 0.688952 0 0.68128 0.146472 -0.717219 -0.188543 -0.102553 0.989212 0.104605 -0.000002 0 0 0 1 0.725329 0.002956 0.688396 0 0.680684 0.146238 -0.717832 -0.188543 -0.102792 0.989245 0.104058 -0.000002 0 0 0 1 0.725659 0.003493 0.688046 0 0.680343 0.145658 -0.718274 -0.188543 -0.102729 0.989329 0.103321 -0.000002 0 0 0 1 0.726045 0.004011 0.687636 0 0.679967 0.144856 -0.718792 -0.188543 -0.102492 0.989445 0.102444 -0.000002 0 0 0 1 0.726604 0.004531 0.687041 0 0.679419 0.14394 -0.719493 -0.188543 -0.102153 0.989576 0.101509 -0.000002 0 0 0 1 0.727329 0.004954 0.686271 0 0.678718 0.142923 -0.720357 -0.188543 -0.101653 0.989721 0.10059 -0.000002 0 0 0 1 0.72821 0.005135 0.685335 0 0.677895 0.141731 -0.721367 -0.188543 -0.100838 0.989892 0.099728 -0.000002 0 0 0 1 0.729256 0.004971 0.684222 0 0.676955 0.140291 -0.72253 -0.188543 -0.099582 0.990098 0.098942 -0.000002 0 0 0 1 0.730404 0.004474 0.683 0 0.675958 0.138645 -0.723781 -0.188543 -0.097933 0.990332 0.098242 -0.000002 0 0 0 1 0.731438 0.003711 0.681898 0 0.675107 0.136937 -0.724899 -0.188543 -0.096067 0.990573 0.097655 -0.000002 0 0 0 1 0.732103 0.002706 0.681188 0 0.674661 0.135282 -0.725625 -0.188543 -0.094116 0.990803 0.097214 -0.000002 0 0 0 1 0.732335 0.001498 0.680943 0 0.674679 0.133745 -0.725893 -0.188543 -0.09216 0.991015 0.096934 -0.000002 0 0 0 1 0.732352 0.000232 0.680927 0 0.67491 0.132396 -0.725926 -0.188543 -0.090321 0.991197 0.096803 -0.000002 0 0 0 1 0.732413 -0.000868 0.68086 0 0.675048 0.131316 -0.725994 -0.188543 -0.088777 0.99134 0.096764 -0.000002 0 0 0 1 0.732576 -0.00169 0.680683 0 0.675024 0.130508 -0.726161 -0.188543 -0.087607 0.991446 0.096748 -0.000002 0 0 0 1 0.732672 -0.002398 0.680578 0 0.675054 0.129752 -0.726269 -0.188543 -0.086564 0.991544 0.096684 -0.000002 0 0 0 1 0.7326 -0.003132 0.680652 0 0.675269 0.12894 -0.726213 -0.188543 -0.085488 0.991647 0.096577 -0.000002 0 0 0 1 0.732413 -0.004006 0.680849 0 0.67563 0.12799 -0.726046 -0.188543 -0.084232 0.991767 0.096448 -0.000002 0 0 0 1 0.732199 -0.005059 0.681072 0 0.676045 0.126897 -0.725852 -0.188543 -0.082753 0.991903 0.096334 -0.000002 0 0 0 1 0.732001 -0.005814 0.681279 0 0.676391 0.126066 -0.725674 -0.188543 -0.081666 0.992005 0.096213 -0.000002 0 0 0 1</float_array>
        <technique_common>
          <accessor source="#RightArm_Helper1_matrix_RightArm_Helper1_transform-output-array" count="106" stride="16">
            <param name="TRANSFORM" type="float4x4"/>
          </accessor>
        </technique_common>
      </source>
      <source id="RightArm_Helper1_matrix_RightArm_Helper1_transform-interpolations">
        <Name_array id="RightArm_Helper1_matrix_RightArm_Helper1_transform-interpolations-array" count="106">LINEAR LINEAR LINEAR LINEAR LINEAR LINEAR LINEAR LINEAR LINEAR LINEAR LINEAR LINEAR LINEAR LINEAR LINEAR LINEAR LINEAR LINEAR LINEAR LINEAR LINEAR LINEAR LINEAR LINEAR LINEAR LINEAR LINEAR LINEAR LINEAR LINEAR LINEAR LINEAR LINEAR LINEAR LINEAR LINEAR LINEAR LINEAR LINEAR LINEAR LINEAR LINEAR LINEAR LINEAR LINEAR LINEAR LINEAR LINEAR LINEAR LINEAR LINEAR LINEAR LINEAR LINEAR LINEAR LINEAR LINEAR LINEAR LINEAR LINEAR LINEAR LINEAR LINEAR LINEAR LINEAR LINEAR LINEAR LINEAR LINEAR LINEAR LINEAR LINEAR LINEAR LINEAR LINEAR LINEAR LINEAR LINEAR LINEAR LINEAR LINEAR LINEAR LINEAR LINEAR LINEAR LINEAR LINEAR LINEAR LINEAR LINEAR LINEAR LINEAR LINEAR LINEAR LINEAR LINEAR LINEAR LINEAR LINEAR LINEAR LINEAR LINEAR LINEAR LINEAR LINEAR LINEAR</Name_array>
        <technique_common>
          <accessor source="#RightArm_Helper1_matrix_RightArm_Helper1_transform-interpolations-array" count="106" stride="1">
            <param name="INTERPOLATION" type="Name"/>
          </accessor>
        </technique_common>
      </source>
      <sampler id="RightArm_Helper1_matrix_RightArm_Helper1_transform-sampler">
        <input semantic="INPUT" source="#RightArm_Helper1_matrix_RightArm_Helper1_transform-input"/>
        <input semantic="OUTPUT" source="#RightArm_Helper1_matrix_RightArm_Helper1_transform-output"/>
        <input semantic="INTERPOLATION" source="#RightArm_Helper1_matrix_RightArm_Helper1_transform-interpolations"/>
      </sampler>
      <channel source="#RightArm_Helper1_matrix_RightArm_Helper1_transform-sampler" target="RightArm_Helper1/transform"/>
    </animation>
  </library_animations>
  <library_images>
    <image id="file69" name="file69">
      <init_from>file:///D:/Online/hub/Build/Characters/Male/Male01/Legs/Textures/Male01_legs_jeans_regular_C.dds</init_from>
    </image>
    <image id="file81" name="file81">
      <init_from>file:///D:/Online/Hub/Build/Characters/Male/Male01/Torso/Textures/male01_tshirt_generic_C.dds</init_from>
    </image>
    <image id="imported_file76" name="imported_file76">
      <init_from>file:///D:/Online/Hub/Build/Characters/Male/Male01/Shared%20textures/male01_body_Cauc_C.dds</init_from>
    </image>
    <image id="file76" name="file76">
      <init_from>file:///D:/Online/Hub/Build/Characters/Male/Male01/Feet/Textures/male01_feet_shoes_generic_C.dds</init_from>
    </image>
    <image id="file72" name="file72">
      <init_from>file:///D:/Online/Hub/Build/Characters/Male/Male01/Shared%20textures/male01_head_Cauc_C.dds</init_from>
    </image>
  </library_images>
  <library_materials>
    <material id="imported_lambert2SG1" name="imported_lambert2SG1">
      <instance_effect url="#imported_lambert2SG1-fx"/>
    </material>
    <material id="initialShadingGroup2" name="initialShadingGroup2">
      <instance_effect url="#initialShadingGroup2-fx"/>
    </material>
    <material id="imported_lambert4" name="imported_lambert4">
      <instance_effect url="#imported_lambert4-fx"/>
    </material>
    <material id="imported_lambert2SG3" name="imported_lambert2SG3">
      <instance_effect url="#imported_lambert2SG3-fx"/>
    </material>
    <material id="imported_lambert14" name="imported_lambert14">
      <instance_effect url="#imported_lambert14-fx"/>
    </material>
    <material id="imported_lambert15" name="imported_lambert15">
      <instance_effect url="#imported_lambert15-fx"/>
    </material>
  </library_materials>
  <library_effects>
    <effect id="imported_lambert2SG1-fx">
      <profile_COMMON>
        <newparam sid="file69-surface">
          <surface type="2D">
            <init_from>file69</init_from>
            <format>A8R8G8B8</format>
          </surface>
        </newparam>
        <newparam sid="file69-sampler">
          <sampler2D>
            <source>file69-surface</source>
            <minfilter>LINEAR_MIPMAP_LINEAR</minfilter>
            <magfilter>LINEAR</magfilter>
          </sampler2D>
        </newparam>
        <technique sid="common">
          <lambert>
            <emission>
              <color>0 0 0 1</color>
            </emission>
            <ambient>
              <color>0 0 0 1</color>
            </ambient>
            <diffuse>
              <texture texture="file69-sampler" texcoord="TEX0">
                <extra>
                  <technique profile="MAYA">
                    <blend_mode>NONE</blend_mode>
                  </technique>
                </extra>
              </texture>
            </diffuse>
            <transparent opaque="A_ONE">
              <color>0 0 0 1</color>
            </transparent>
            <transparency>
              <float>1</float>
            </transparency>
            <index_of_refraction>
              <float>1</float>
            </index_of_refraction>
          </lambert>
          <extra>
            <technique profile="FCOLLADA"/>
          </extra>
        </technique>
      </profile_COMMON>
    </effect>
    <effect id="initialShadingGroup2-fx">
      <profile_COMMON>
        <newparam sid="file81-surface">
          <surface type="2D">
            <init_from>file81</init_from>
            <format>A8R8G8B8</format>
          </surface>
        </newparam>
        <newparam sid="file81-sampler">
          <sampler2D>
            <source>file81-surface</source>
            <minfilter>LINEAR_MIPMAP_LINEAR</minfilter>
            <magfilter>LINEAR</magfilter>
          </sampler2D>
        </newparam>
        <technique sid="common">
          <lambert>
            <emission>
              <color>0 0 0 1</color>
            </emission>
            <ambient>
              <color>0 0 0 1</color>
            </ambient>
            <diffuse>
              <texture texture="file81-sampler" texcoord="TEX0">
                <extra>
                  <technique profile="MAYA">
                    <blend_mode>NONE</blend_mode>
                  </technique>
                </extra>
              </texture>
            </diffuse>
            <transparent opaque="A_ONE">
              <color>0 0 0 1</color>
            </transparent>
            <transparency>
              <float>1</float>
            </transparency>
            <index_of_refraction>
              <float>1</float>
            </index_of_refraction>
          </lambert>
          <extra>
            <technique profile="FCOLLADA"/>
          </extra>
        </technique>
      </profile_COMMON>
    </effect>
    <effect id="imported_lambert4-fx">
      <profile_COMMON>
        <newparam sid="imported_file76-surface">
          <surface type="2D">
            <init_from>imported_file76</init_from>
            <format>A8R8G8B8</format>
          </surface>
        </newparam>
        <newparam sid="imported_file76-sampler">
          <sampler2D>
            <source>imported_file76-surface</source>
            <minfilter>LINEAR_MIPMAP_LINEAR</minfilter>
            <magfilter>LINEAR</magfilter>
          </sampler2D>
        </newparam>
        <technique sid="common">
          <lambert>
            <emission>
              <color>0 0 0 1</color>
            </emission>
            <ambient>
              <color>0 0 0 1</color>
            </ambient>
            <diffuse>
              <texture texture="imported_file76-sampler" texcoord="TEX0">
                <extra>
                  <technique profile="MAYA">
                    <blend_mode>NONE</blend_mode>
                  </technique>
                </extra>
              </texture>
            </diffuse>
            <transparent opaque="A_ONE">
              <color>0 0 0 1</color>
            </transparent>
            <transparency>
              <float>1</float>
            </transparency>
            <index_of_refraction>
              <float>1</float>
            </index_of_refraction>
          </lambert>
          <extra>
            <technique profile="FCOLLADA"/>
          </extra>
        </technique>
      </profile_COMMON>
    </effect>
    <effect id="imported_lambert2SG3-fx">
      <profile_COMMON>
        <newparam sid="file76-surface">
          <surface type="2D">
            <init_from>file76</init_from>
            <format>A8R8G8B8</format>
          </surface>
        </newparam>
        <newparam sid="file76-sampler">
          <sampler2D>
            <source>file76-surface</source>
            <minfilter>LINEAR_MIPMAP_LINEAR</minfilter>
            <magfilter>LINEAR</magfilter>
          </sampler2D>
        </newparam>
        <technique sid="common">
          <lambert>
            <emission>
              <color>0 0 0 1</color>
            </emission>
            <ambient>
              <color>0 0 0 1</color>
            </ambient>
            <diffuse>
              <texture texture="file76-sampler" texcoord="TEX0">
                <extra>
                  <technique profile="MAYA">
                    <blend_mode>NONE</blend_mode>
                  </technique>
                </extra>
              </texture>
            </diffuse>
            <transparent opaque="A_ONE">
              <color>0 0 0 1</color>
            </transparent>
            <transparency>
              <float>1</float>
            </transparency>
            <index_of_refraction>
              <float>1</float>
            </index_of_refraction>
          </lambert>
          <extra>
            <technique profile="FCOLLADA"/>
          </extra>
        </technique>
      </profile_COMMON>
    </effect>
    <effect id="imported_lambert14-fx">
      <profile_COMMON>
        <newparam sid="file72-surface">
          <surface type="2D">
            <init_from>file72</init_from>
            <format>A8R8G8B8</format>
          </surface>
        </newparam>
        <newparam sid="file72-sampler">
          <sampler2D>
            <source>file72-surface</source>
            <minfilter>LINEAR_MIPMAP_LINEAR</minfilter>
            <magfilter>LINEAR</magfilter>
          </sampler2D>
        </newparam>
        <technique sid="common">
          <lambert>
            <emission>
              <color>0 0 0 1</color>
            </emission>
            <ambient>
              <color>0 0 0 1</color>
            </ambient>
            <diffuse>
              <texture texture="file72-sampler" texcoord="TEX0">
                <extra>
                  <technique profile="MAYA">
                    <blend_mode>NONE</blend_mode>
                  </technique>
                </extra>
              </texture>
            </diffuse>
            <transparent opaque="A_ONE">
              <color>0 0 0 1</color>
            </transparent>
            <transparency>
              <float>1</float>
            </transparency>
            <index_of_refraction>
              <float>1</float>
            </index_of_refraction>
          </lambert>
          <extra>
            <technique profile="FCOLLADA"/>
          </extra>
        </technique>
      </profile_COMMON>
    </effect>
    <effect id="imported_lambert15-fx">
      <profile_COMMON>
        <newparam sid="imported_file76-surface">
          <surface type="2D">
            <init_from>imported_file76</init_from>
            <format>A8R8G8B8</format>
          </surface>
        </newparam>
        <newparam sid="imported_file76-sampler">
          <sampler2D>
            <source>imported_file76-surface</source>
            <minfilter>LINEAR_MIPMAP_LINEAR</minfilter>
            <magfilter>LINEAR</magfilter>
          </sampler2D>
        </newparam>
        <technique sid="common">
          <lambert>
            <emission>
              <color>0 0 0 1</color>
            </emission>
            <ambient>
              <color>0 0 0 1</color>
            </ambient>
            <diffuse>
              <texture texture="imported_file76-sampler" texcoord="TEX0">
                <extra>
                  <technique profile="MAYA">
                    <blend_mode>NONE</blend_mode>
                  </technique>
                </extra>
              </texture>
            </diffuse>
            <transparent opaque="A_ONE">
              <color>0 0 0 1</color>
            </transparent>
            <transparency>
              <float>1</float>
            </transparency>
            <index_of_refraction>
              <float>1</float>
            </index_of_refraction>
          </lambert>
          <extra>
            <technique profile="FCOLLADA"/>
          </extra>
        </technique>
      </profile_COMMON>
    </effect>
  </library_effects>
  <library_visual_scenes>
    <visual_scene id="VisualSceneNode" name="I_STA_M_15">
      <node id="pointLight1" name="pointLight1" type="NODE">
        <matrix sid="transform">1 0 0 -0.637677 0 1 0 1.94601 0 0 1 1.31159 0 0 0 1</matrix>
      </node>
      <node id="GEOM" name="GEOM" type="NODE">
        <matrix sid="transform">1 0 0 0 0 1 0 0 0 0 1 0 0 0 0 1</matrix>
        <node id="male01_torso_tshirt_lod1" name="male01_torso_tshirt_lod1" type="NODE">
          <matrix sid="transform">1 0 0 0 0 1 0 0 0 0 1 0 0 0 0 1</matrix>
        </node>
        <node id="male01_feet_shoesgeneric_lod1" name="male01_feet_shoesgeneric_lod1" type="NODE">
          <matrix sid="transform">1 0 0 0 0 1 0 0 0 0 1 0 0 0 0 1</matrix>
        </node>
        <node id="male01_legs_jeans_regular_lod1" name="male01_legs_jeans_regular_lod1" type="NODE">
          <matrix sid="transform">1 0 0 0 0 1 0 0 0 0 1 0 0 0 0 1</matrix>
        </node>
        <node id="BASE_HEAD" name="BASE_HEAD" type="NODE">
          <matrix sid="transform">1 0 0 0 0 1 0 0 0 0 1 0 0 0 0 1</matrix>
        </node>
        <node id="male01_hands_lod1" name="male01_hands_lod1" type="NODE">
          <matrix sid="transform">1 0 0 0 0 1 0 0 0 0 1 0 0 0 0 1</matrix>
        </node>
      </node>
      <node id="ambientLight1" name="ambientLight1" type="NODE">
        <matrix sid="transform">1 0 0 0.511583 0 1 0 2.19624 0 0 1 1.15508 0 0 0 1</matrix>
      </node>
      <node id="PelvisRoot" name="PelvisRoot" type="JOINT">
        <matrix sid="transform">1 0 0 0 0 1 0 0 0 0 1 0 0 0 0 1</matrix>
        <node id="Pelvis" name="Pelvis" type="JOINT">
          <matrix sid="transform">1 0.000041 -0.000001 -0.000068 -0.000041 0.999242 -0.03894 1.00092 0.000000 0.03894 0.999242 0.000003 0 0 0 1</matrix>
          <node id="Hips" name="Hips" type="JOINT">
            <matrix sid="transform">1 0 0 0 0 1 0 0 0 0 1 0 0 0 0 1</matrix>
            <node id="LeftUpLeg_Helper1" name="LeftUpLeg_Helper1" type="JOINT">
              <matrix sid="transform">-0.998518 0.054415 0.001293 0.087164 -0.054388 -0.998398 0.01557 -0.000001 0.002138 0.015477 0.999878 0 0 0 0 1</matrix>
            </node>
            <node id="RightUpLeg_Helper1" name="RightUpLeg_Helper1" type="JOINT">
              <matrix sid="transform">-0.998525 0.054273 0.001228 -0.087164 0.054247 0.998402 -0.015822 0 -0.002084 -0.015732 -0.999874 0 0 0 0 1</matrix>
            </node>
            <node id="LeftUpLeg_Helper2" name="LeftUpLeg_Helper2" type="JOINT">
              <matrix sid="transform">-0.998497 0.054415 0.006464 0.087164 -0.054307 -0.998398 0.015851 -0.000001 0.007317 0.015477 0.999853 0 0 0 0 1</matrix>
            </node>
            <node id="RightUpLeg_Helper2" name="RightUpLeg_Helper2" type="JOINT">
              <matrix sid="transform">-0.998507 0.054273 0.006139 -0.087164 0.054168 0.998402 -0.016088 0 -0.007003 -0.015732 -0.999852 0 0 0 0 1</matrix>
            </node>
            <node id="LeftUpLeg" name="LeftUpLeg" type="JOINT">
              <matrix sid="transform">-0.998435 0.054415 0.012929 0.087164 -0.054203 -0.998398 0.016203 -0.000001 0.01379 0.015477 0.999785 0 0 0 0 1</matrix>
              <node id="LeftLeg" name="LeftLeg" type="JOINT">
                <matrix sid="transform">1 0.000026 0.00062 0 -0.000099 0.993171 0.116664 0.513626 -0.000613 -0.116664 0.993171 0.00777 0 0 0 1</matrix>
                <node id="LeftFoot" name="LeftFoot" type="JOINT">
                  <matrix sid="transform">0.989576 -0.071509 -0.125002 0 -0.070257 0.517977 -0.852505 0.396099 0.125711 0.8524 0.507553 0 0 0 0 1</matrix>
                  <node id="LeftToes" name="LeftToes" type="JOINT">
                    <matrix sid="transform">1 0 -0.00015 0 -0.000094 0.779077 -0.626928 0.153519 0.000117 0.626928 0.779077 0 0 0 0 1</matrix>
                    <node id="LeftToesNull" name="LeftToesNull" type="JOINT">
                      <matrix sid="transform">1 0 0 0 0 1 0 0.093148 0 0 1 0 0 0 0 1</matrix>
                    </node>
                  </node>
                </node>
              </node>
            </node>
            <node id="RightUpLeg" name="RightUpLeg" type="JOINT">
              <matrix sid="transform">-0.998451 0.054273 0.012279 -0.087164 0.054068 0.998402 -0.016421 0 -0.013151 -0.015732 -0.99979 0 0 0 0 1</matrix>
              <node id="RightLeg" name="RightLeg" type="JOINT">
                <matrix sid="transform">1 0.000172 0.000426 0 -0.000208 0.996241 0.08662 -0.513628 -0.000409 -0.08662 0.996241 -0.00777 0 0 0 1</matrix>
                <node id="RightFoot" name="RightFoot" type="JOINT">
                  <matrix sid="transform">0.989521 -0.072029 -0.12514 0 -0.066232 0.543693 -0.836667 -0.395911 0.128302 0.836188 0.533225 0.012201 0 0 0 1</matrix>
                  <node id="RightToes" name="RightToes" type="JOINT">
                    <matrix sid="transform">1 0 0 0 0 0.779169 -0.626814 -0.153519 0 0.626814 0.779169 0 0 0 0 1</matrix>
                    <node id="RightToesNull" name="RightToesNull" type="JOINT">
                      <matrix sid="transform">1 0 0 0 0 1 0 -0.093148 0 0 1 0 0 0 0 1</matrix>
                    </node>
                  </node>
                </node>
              </node>
            </node>
          </node>
          <node id="Spine" name="Spine" type="JOINT">
            <matrix sid="transform">1 0.000004 0 0 -0.000004 0.998626 0.052411 0.070051 0.000000 -0.052411 0.998626 -0.000217 0 0 0 1</matrix>
            <node id="Spine1" name="Spine1" type="JOINT">
              <matrix sid="transform">1 0.000003 0 0 -0.000003 0.999866 0.016379 0.077503 0 -0.016379 0.999866 0 0 0 0 1</matrix>
              <node id="Spine2" name="Spine2" type="JOINT">
                <matrix sid="transform">1 0.000003 0 0 -0.000003 0.999871 0.016056 0.073924 0 -0.016056 0.999871 0 0 0 0 1</matrix>
                <node id="Spine3" name="Spine3" type="JOINT">
                  <matrix sid="transform">1 0.000003 0 0 -0.000003 0.999567 0.029436 0.111876 0 -0.029436 0.999567 0 0 0 0 1</matrix>
                  <node id="Neck" name="Neck" type="JOINT">
                    <matrix sid="transform">1 -0.000048 0.000635 0 0.000219 0.962264 -0.272118 0.248046 -0.000598 0.272118 0.962264 0 0 0 0 1</matrix>
                    <node id="Neck1" name="Neck1" type="JOINT">
                      <matrix sid="transform">1 0.000009 0.000637 0 0.000027 0.998309 -0.058123 0.04828 -0.000636 0.058123 0.998309 0 0 0 0 1</matrix>
                      <node id="Head" name="Head" type="JOINT">
                        <matrix sid="transform">1 0.00003 0.000636 0 -0.000195 0.965354 0.260943 0.053577 -0.000606 -0.260943 0.965354 0 0 0 0 1</matrix>
                        <node id="HeadNull" name="HeadNull" type="JOINT">
                          <matrix sid="transform">1 0 0 0 0 1 0 0.180848 0 0 1 0 0 0 0 1</matrix>
                        </node>
                      </node>
                    </node>
                  </node>
                  <node id="LeftShoulder" name="LeftShoulder" type="JOINT">
                    <matrix sid="transform">-0.479669 0.87662 0.038132 0.017011 0.046871 0.068994 -0.996515 0.181867 -0.876197 -0.47621 -0.074183 0.084759 0 0 0 1</matrix>
                    <node id="LeftArm" name="LeftArm" type="JOINT">
                      <matrix sid="transform">0.73125 -0.006067 0.682083 0 0.677152 0.126801 -0.724836 0.188543 -0.08209 0.99191 0.096831 0 0 0 0 1</matrix>
                      <node id="LeftForeArm" name="LeftForeArm" type="JOINT">
                        <matrix sid="transform">0.93468 -0.355491 -0.000071 0.000011 0.355491 0.934679 -0.001482 0.3215 0.000593 0.00136 0.999999 0 0 0 0 1</matrix>
                        <node id="LeftHand" name="LeftHand" type="JOINT">
                          <matrix sid="transform">0.949126 0.0567 0.30975 0.000011 -0.012897 0.98983 -0.14167 0.244116 -0.314633 0.130468 0.940205 0 0 0 0 1</matrix>
                          <node id="LeftIndex1" name="LeftIndex1" type="JOINT">
                            <matrix sid="transform">0.98679 0.158414 -0.033916 -0.027238 -0.159699 0.916009 -0.368 0.104 -0.027228 0.368555 0.929207 -0.012047 0 0 0 1</matrix>
                            <node id="LeftIndex2" name="LeftIndex2" type="JOINT">
                              <matrix sid="transform">0.999999 -0.001361 0.000723 0 0.001523 0.944944 -0.327229 0.037252 -0.000237 0.327229 0.944945 0 0 0 0 1</matrix>
                              <node id="LeftIndex3" name="LeftIndex3" type="JOINT">
                                <matrix sid="transform">0.999999 -0.001353 0.00072 0 0.001481 0.9744 -0.224817 0.025094 -0.000397 0.224817 0.974401 0 0 0 0 1</matrix>
                                <node id="LeftIndexNull" name="LeftIndexNull" type="JOINT">
                                  <matrix sid="transform">1 0 0 0 0 1 0 0.025118 0 0 1 0 0 0 0 1</matrix>
                                </node>
                              </node>
                            </node>
                          </node>
                          <node id="LeftMiddle1" name="LeftMiddle1" type="JOINT">
                            <matrix sid="transform">0.999143 0.041063 -0.005121 -0.001251 -0.039971 0.925649 -0.376266 0.107976 -0.01071 0.376148 0.926498 -0.013471 0 0 0 1</matrix>
                            <node id="LeftMiddle2" name="LeftMiddle2" type="JOINT">
                              <matrix sid="transform">0.999999 -0.00127 0.001029 0 0.001588 0.904214 -0.427076 0.039923 -0.000388 0.427077 0.904215 0 0 0 0 1</matrix>
                              <node id="LeftMiddle3" name="LeftMiddle3" type="JOINT">
                                <matrix sid="transform">0.999999 -0.00102 0.000883 0 0.001286 0.918466 -0.395498 0.027331 -0.000407 0.395498 0.918467 0 0 0 0 1</matrix>
                                <node id="LeftMiddleNull" name="LeftMiddleNull" type="JOINT">
                                  <matrix sid="transform">1 0 0 0 0 1 0 0.026102 0 0 1 0 0 0 0 1</matrix>
                                </node>
                              </node>
                            </node>
                          </node>
                          <node id="LeftRing1" name="LeftRing1" type="JOINT">
                            <matrix sid="transform">0.996226 -0.076279 -0.041408 0.021135 0.04781 0.880471 -0.471683 0.102233 0.072438 0.467923 0.880795 -0.010783 0 0 0 1</matrix>
                            <node id="LeftRing2" name="LeftRing2" type="JOINT">
                              <matrix sid="transform">0.999999 -0.001077 0.001083 0 0.001484 0.852989 -0.521927 0.039098 -0.000362 0.521928 0.85299 0 0 0 0 1</matrix>
                              <node id="LeftRing3" name="LeftRing3" type="JOINT">
                                <matrix sid="transform">0.999999 -0.00108 0.001086 0 0.001471 0.87451 -0.485006 0.027324 -0.000425 0.485007 0.87451 0 0 0 0 1</matrix>
                                <node id="LeftRingNull" name="LeftRingNull" type="JOINT">
                                  <matrix sid="transform">1 0 0 0 0 1 0 0.024717 0 0 1 0 0 0 0 1</matrix>
                                </node>
                              </node>
                            </node>
                          </node>
                          <node id="LeftPinky1" name="LeftPinky1" type="JOINT">
                            <matrix sid="transform">0.989961 -0.125912 -0.064209 0.041258 0.076197 0.858069 -0.507849 0.096203 0.119041 0.497859 0.859049 -0.00331 0 0 0 1</matrix>
                            <node id="LeftPinky2" name="LeftPinky2" type="JOINT">
                              <matrix sid="transform">0.999686 -0.024872 -0.003088 0 0.017173 0.76951 -0.638404 0.032185 0.018254 0.638151 0.769695 0 0 0 0 1</matrix>
                              <node id="LeftPinky3" name="LeftPinky3" type="JOINT">
                                <matrix sid="transform">0.999685 -0.024918 -0.003048 0 0.020672 0.886024 -0.463179 0.016345 0.014242 0.46297 0.88626 0 0 0 0 1</matrix>
                                <node id="LeftPinkyNull" name="LeftPinkyNull" type="JOINT">
                                  <matrix sid="transform">1 0 0 0 0 1 0 0.019694 0 0 1 0 0 0 0 1</matrix>
                                </node>
                              </node>
                            </node>
                          </node>
                          <node id="LeftThumb1" name="LeftThumb1" type="JOINT">
                            <matrix sid="transform">-0.910493 0.385704 0.149112 -0.038235 0.362049 0.917756 -0.163228 0.02164 -0.199806 -0.094632 -0.975255 0.002124 0 0 0 1</matrix>
                            <node id="LeftThumb2" name="LeftThumb2" type="JOINT">
                              <matrix sid="transform">0.235193 0.247901 -0.939803 0.025687 0.419652 0.846254 0.328246 0.021903 0.876685 -0.471591 0.095 -0.017375 0 0 0 1</matrix>
                              <node id="LeftThumb3" name="LeftThumb3" type="JOINT">
                                <matrix sid="transform">0.999931 0.010364 0.005484 0 -0.008963 0.977127 -0.212468 0.034681 -0.00756 0.212404 0.977153 0 0 0 0 1</matrix>
                                <node id="LeftThumbNull" name="LeftThumbNull" type="JOINT">
                                  <matrix sid="transform">1 0 0 0 0 1 0 0.027381 0 0 1 0 0 0 0 1</matrix>
                                </node>
                              </node>
                            </node>
                          </node>
                        </node>
                        <node id="LeftForeArm_Helper1" name="LeftForeArm_Helper1" type="JOINT">
                          <matrix sid="transform">0.98722 0 0.159366 0 0 1 0 0.078445 -0.159366 0 0.98722 0 0 0 0 1</matrix>
                          <node id="LeftForeArm_Helper2" name="LeftForeArm_Helper2" type="JOINT">
                            <matrix sid="transform">0.98722 0 0.159366 0 0 1 0 0.153671 -0.159366 0 0.98722 0 0 0 0 1</matrix>
                          </node>
                        </node>
                      </node>
                    </node>
                    <node id="LeftArm_Helper2" name="LeftArm_Helper2" type="JOINT">
                      <matrix sid="transform">0.73125 -0.006067 0.682083 0 0.677152 0.126801 -0.724836 0.188543 -0.08209 0.99191 0.096831 0 0 0 0 1</matrix>
                    </node>
                    <node id="LeftArm_Helper1" name="LeftArm_Helper1" type="JOINT">
                      <matrix sid="transform">0.73125 -0.006067 0.682083 0 0.677152 0.126801 -0.724836 0.188543 -0.08209 0.99191 0.096831 0 0 0 0 1</matrix>
                    </node>
                  </node>
                  <node id="RightShoulder" name="RightShoulder" type="JOINT">
                    <matrix sid="transform">-0.479375 0.876781 0.038129 -0.017011 -0.04686 -0.068958 0.996518 0.181869 0.876358 0.475919 0.074143 0.084759 0 0 0 1</matrix>
                    <node id="RightArm" name="RightArm" type="JOINT">
                      <matrix sid="transform">0.732199 -0.005059 0.681072 0 0.676045 0.126897 -0.725852 -0.188543 -0.082753 0.991903 0.096334 -0.000002 0 0 0 1</matrix>
                      <node id="RightForeArm" name="RightForeArm" type="JOINT">
                        <matrix sid="transform">0.934357 -0.356339 -0.000379 -0.000011 0.356338 0.934356 -0.001583 -0.321501 0.000919 0.001344 0.999999 0.000000 0 0 0 1</matrix>
                        <node id="RightHand" name="RightHand" type="JOINT">
                          <matrix sid="transform">0.948659 0.057803 0.310973 -0.000011 -0.013731 0.989759 -0.142087 -0.244116 -0.316001 0.130522 0.939738 0.000000 0 0 0 1</matrix>
                          <node id="RightIndex1" name="RightIndex1" type="JOINT">
                            <matrix sid="transform">0.986789 0.158419 -0.033919 0.027237 -0.159706 0.91601 -0.367994 -0.104 -0.027227 0.368549 0.929209 0.012048 0 0 0 1</matrix>
                            <node id="RightIndex2" name="RightIndex2" type="JOINT">
                              <matrix sid="transform">0.999999 -0.001361 0.000723 0 0.001523 0.944944 -0.327229 -0.037252 -0.000237 0.327229 0.944945 -0.000003 0 0 0 1</matrix>
                              <node id="RightIndex3" name="RightIndex3" type="JOINT">
                                <matrix sid="transform">0.999999 -0.001352 0.000719 0 0.001479 0.9744 -0.224817 -0.025094 -0.000397 0.224817 0.974401 -0.000002 0 0 0 1</matrix>
                                <node id="RightIndexNull" name="RightIndexNull" type="JOINT">
                                  <matrix sid="transform">1 0 0 0 0 1 -0.000001 -0.025118 0 0.000001 1 0 0 0 0 1</matrix>
                                </node>
                              </node>
                            </node>
                          </node>
                          <node id="RightMiddle1" name="RightMiddle1" type="JOINT">
                            <matrix sid="transform">0.999143 0.041068 -0.005123 0.00125 -0.039977 0.925651 -0.37626 -0.107975 -0.01071 0.376142 0.9265 0.013471 0 0 0 1</matrix>
                            <node id="RightMiddle2" name="RightMiddle2" type="JOINT">
                              <matrix sid="transform">0.999999 -0.00127 0.001029 0 0.001588 0.904214 -0.427076 -0.039923 -0.000388 0.427077 0.904215 0.000005 0 0 0 1</matrix>
                              <node id="RightMiddle3" name="RightMiddle3" type="JOINT">
                                <matrix sid="transform">0.999999 -0.00102 0.000883 0 0.001286 0.918466 -0.395498 -0.027332 -0.000407 0.395498 0.918467 -0.000005 0 0 0 1</matrix>
                                <node id="RightMiddleNull" name="RightMiddleNull" type="JOINT">
                                  <matrix sid="transform">1 0 0 0 0 1 0 -0.026101 0 0 1 0.000003 0 0 0 1</matrix>
                                </node>
                              </node>
                            </node>
                          </node>
                          <node id="RightRing1" name="RightRing1" type="JOINT">
                            <matrix sid="transform">0.996227 -0.076273 -0.041411 -0.021136 0.047804 0.880475 -0.471677 -0.102233 0.072437 0.467918 0.880798 0.010788 0 0 0 1</matrix>
                            <node id="RightRing2" name="RightRing2" type="JOINT">
                              <matrix sid="transform">0.999999 -0.00108 0.001085 -0.000000 0.001488 0.852989 -0.521927 -0.039099 -0.000362 0.521928 0.85299 -0.000001 0 0 0 1</matrix>
                              <node id="RightRing3" name="RightRing3" type="JOINT">
                                <matrix sid="transform">0.999999 -0.00108 0.001086 -0.000000 0.001471 0.874508 -0.485009 -0.027324 -0.000425 0.48501 0.874508 -0.000005 0 0 0 1</matrix>
                                <node id="RightRingNull" name="RightRingNull" type="JOINT">
                                  <matrix sid="transform">1 0 0 -0.000000 0 1 -0.000005 -0.024717 0 0.000005 1 -0.000002 0 0 0 1</matrix>
                                </node>
                              </node>
                            </node>
                          </node>
                          <node id="RightPinky1" name="RightPinky1" type="JOINT">
                            <matrix sid="transform">0.989962 -0.125907 -0.064212 -0.041259 0.076192 0.858073 -0.507844 -0.096202 0.11904 0.497853 0.859053 0.003314 0 0 0 1</matrix>
                            <node id="RightPinky2" name="RightPinky2" type="JOINT">
                              <matrix sid="transform">0.999686 -0.024872 -0.003088 -0.000000 0.017173 0.76951 -0.638404 -0.032185 0.018254 0.638151 0.769695 -0.000003 0 0 0 1</matrix>
                              <node id="RightPinky3" name="RightPinky3" type="JOINT">
                                <matrix sid="transform">0.999685 -0.024918 -0.003048 0.000000 0.020672 0.886024 -0.463179 -0.016344 0.014242 0.46297 0.88626 0.000002 0 0 0 1</matrix>
                                <node id="RightPinkyNull" name="RightPinkyNull" type="JOINT">
                                  <matrix sid="transform">1 0 0 -0.000000 0 1 0 -0.019694 0 0 1 -0.000006 0 0 0 1</matrix>
                                </node>
                              </node>
                            </node>
                          </node>
                          <node id="RightThumb1" name="RightThumb1" type="JOINT">
                            <matrix sid="transform">-0.910491 0.38571 0.149111 0.038235 0.362054 0.917753 -0.163235 -0.02164 -0.199808 -0.094638 -0.975254 -0.002127 0 0 0 1</matrix>
                            <node id="RightThumb2" name="RightThumb2" type="JOINT">
                              <matrix sid="transform">0.235193 0.247901 -0.939803 -0.025687 0.419652 0.846254 0.328246 -0.021903 0.876685 -0.471591 0.095 0.017372 0 0 0 1</matrix>
                              <node id="RightThumb3" name="RightThumb3" type="JOINT">
                                <matrix sid="transform">0.999931 0.010364 0.005484 0.000002 -0.008963 0.977127 -0.212468 -0.034682 -0.00756 0.212404 0.977153 0.000000 0 0 0 1</matrix>
                                <node id="RightThumbNull" name="RightThumbNull" type="JOINT">
                                  <matrix sid="transform">1 0 0 -0.000001 0 1 0 -0.027381 0 0 1 0 0 0 0 1</matrix>
                                </node>
                              </node>
                            </node>
                          </node>
                        </node>
                        <node id="RightForeArm_Helper1" name="RightForeArm_Helper1" type="JOINT">
                          <matrix sid="transform">0.987104 0 0.16008 -0.000000 0.000001 1 -0.000006 -0.078445 -0.16008 0.000006 0.987104 0.000003 0 0 0 1</matrix>
                          <node id="RightForeArm_Helper2" name="RightForeArm_Helper2" type="JOINT">
                            <matrix sid="transform">0.987104 0 0.16008 -0.000000 0.000001 1 -0.000008 -0.15367 -0.16008 0.000008 0.987104 -0.000000 0 0 0 1</matrix>
                          </node>
                        </node>
                      </node>
                    </node>
                    <node id="RightArm_Helper2" name="RightArm_Helper2" type="JOINT">
                      <matrix sid="transform">0.732199 -0.005059 0.681072 0 0.676045 0.126897 -0.725852 -0.188543 -0.082753 0.991903 0.096334 -0.000002 0 0 0 1</matrix>
                    </node>
                    <node id="RightArm_Helper1" name="RightArm_Helper1" type="JOINT">
                      <matrix sid="transform">0.732199 -0.005059 0.681072 0 0.676045 0.126897 -0.725852 -0.188543 -0.082753 0.991903 0.096334 -0.000002 0 0 0 1</matrix>
                    </node>
                  </node>
                </node>
              </node>
            </node>
          </node>
        </node>
        <extra>
          <technique profile="MAYA">
            <dynamic_attributes>
              <homeSex short_name="homeSex" type="string">man</homeSex>
            </dynamic_attributes>
          </technique>
        </extra>
      </node>
      <extra>
        <technique profile="MAYA">
          <layer name="tshirt_lod1">male01_torso_tshirt_lod1</layer>
          <layer name="shoes_lod1">male01_feet_shoesgeneric_lod1</layer>
          <layer name="trousers_lod1">male01_legs_jeans_regular_lod1</layer>
          <layer name="hands_lod1">male01_hands_lod1</layer>
          <layer name="skeleton">PelvisRoot Pelvis Hips LeftUpLeg_Helper1 RightUpLeg_Helper1 LeftUpLeg_Helper2 RightUpLeg_Helper2 LeftUpLeg LeftLeg LeftFoot LeftToes LeftToesNull RightUpLeg RightLeg RightFoot RightToes RightToesNull Spine Spine1 Spine2 Spine3 Neck Neck1 Head HeadNull LeftShoulder LeftArm LeftForeArm LeftHand LeftIndex1 LeftIndex2 LeftIndex3 LeftIndexNull LeftMiddle1 LeftMiddle2 LeftMiddle3 LeftMiddleNull LeftRing1 LeftRing2 LeftRing3 LeftRingNull LeftPinky1 LeftPinky2 LeftPinky3 LeftPinkyNull LeftThumb1 LeftThumb2 LeftThumb3 LeftThumbNull LeftForeArm_Helper1 LeftForeArm_Helper2 LeftArm_Helper2 LeftArm_Helper1 RightShoulder RightArm RightForeArm RightHand RightIndex1 RightIndex2 RightIndex3 RightIndexNull RightMiddle1 RightMiddle2 RightMiddle3 RightMiddleNull RightRing1 RightRing2 RightRing3 RightRingNull RightPinky1 RightPinky2 RightPinky3 RightPinkyNull RightThumb1 RightThumb2 RightThumb3 RightThumbNull RightForeArm_Helper1 RightForeArm_Helper2 RightArm_Helper2 RightArm_Helper1</layer>
        </technique>
        <technique profile="FCOLLADA">
          <start_time>0</start_time>
          <end_time>3.5</end_time>
        </technique>
      </extra>
    </visual_scene>
  </library_visual_scenes>
  <scene>
    <instance_visual_scene url="#VisualSceneNode"/>
  </scene>
</COLLADA>
