<?xml version="1.0" encoding="utf-8"?>
<COLLADA xmlns="http://www.collada.org/2005/11/COLLADASchema" version="1.4.1">
  <asset>
    <contributor>
      <author>Peter_Marshall</author>
      <authoring_tool>Maya 7.0 | ColladaMaya v3.00 | FCollada v3.0</authoring_tool>
      <comments>Collada Maya Export Options: bakeTransforms=1;exportPolygonMeshes=1;bakeLighting=0;isSampling=1;
curveConstrainSampling=0;exportCameraAsLookat=0;
exportLights=0;exportCameras=0;exportJointsAndSkin=1;
exportAnimations=1;exportTriangles=0;exportInvisibleNodes=0;
exportNormals=1;exportTexCoords=1;exportVertexColors=0;exportTangents=1;
exportTexTangents=1;exportConstraints=0;exportPhysics=0;exportXRefs=0;
dereferenceXRefs=0;cameraXFov=0;cameraYFov=1</comments>
      <source_data>file:///D:/elephant/idle.ma</source_data>
    </contributor>
    <created>2007-04-25T17:18:57Z</created>
    <modified>2007-04-25T17:18:57Z</modified>
    <unit meter="1.000000" name="meter"/>
    <up_axis>Y_UP</up_axis>
  </asset>
  <library_animations>
    <animation id="Zou_CTL2_matrix">
      <source id="Zou_CTL2_matrix_Zou_CTL2_transform-input">
        <float_array id="Zou_CTL2_matrix_Zou_CTL2_transform-input-array" count="61">0 0.033333 0.066667 0.100000 0.133333 0.166667 0.200000 0.233333 0.266667 0.300000 0.333333 0.366667 0.400000 0.433333 0.466667 0.500000 0.533333 0.566667 0.600000 0.633333 0.666667 0.700000 0.733334 0.766667 0.800000 0.833334 0.866667 0.900000 0.933334 0.966667 1.000000 1.033334 1.066667 1.100000 1.133334 1.166667 1.200000 1.233333 1.266667 1.300000 1.333333 1.366667 1.400000 1.433333 1.466667 1.500000 1.533333 1.566666 1.600000 1.633333 1.666666 1.700000 1.733333 1.766666 1.800000 1.833333 1.866666 1.899999 1.933333 1.966666 1.999999</float_array>
        <technique_common>
          <accessor source="#Zou_CTL2_matrix_Zou_CTL2_transform-input-array" count="61" stride="1">
            <param name="TIME" type="float"/>
          </accessor>
        </technique_common>
        <technique profile="MAYA">
          <pre_infinity>CONSTANT</pre_infinity>
          <post_infinity>CONSTANT</post_infinity>
        </technique>
      </source>
      <source id="Zou_CTL2_matrix_Zou_CTL2_transform-output">
        <float_array id="Zou_CTL2_matrix_Zou_CTL2_transform-output-array" count="976">0 0 1.000000 0.000000 0 1.000000 0 2.721300 -1.000000 0 0 0.130000 0 0 0 1.000000 -0.001710 -0.000255 0.999999 -0.000547 -0.000102 1.000000 0.000255 2.721626 -0.999999 -0.000101 -0.001710 0.130686 0 0 0 1.000000 -0.003520 -0.001000 0.999993 -0.002139 -0.000398 0.999999 0.000999 2.722574 -0.999994 -0.000395 -0.003520 0.132680 0 0 0 1.000000 -0.005418 -0.002200 0.999983 -0.004701 -0.000875 0.999997 0.002195 2.724101 -0.999985 -0.000863 -0.005420 0.135890 0 0 0 1.000000 -0.007393 -0.003821 0.999965 -0.008158 -0.001519 0.999992 0.003810 2.726161 -0.999972 -0.001491 -0.007399 0.140222 0 0 0 1.000000 -0.009435 -0.005829 0.999938 -0.012436 -0.002316 0.999980 0.005807 2.728710 -0.999953 -0.002261 -0.009448 0.145582 0 0 0 1.000000 -0.011532 -0.008190 0.999900 -0.017460 -0.003251 0.999961 0.008153 2.731703 -0.999928 -0.003157 -0.011558 0.151877 0 0 0 1.000000 -0.013672 -0.010871 0.999847 -0.023156 -0.004312 0.999932 0.010813 2.735097 -0.999897 -0.004163 -0.013718 0.159013 0 0 0 1.000000 -0.015846 -0.013836 0.999779 -0.029449 -0.005483 0.999890 0.013751 2.738846 -0.999859 -0.005264 -0.015920 0.166898 0 0 0 1.000000 -0.018042 -0.017052 0.999692 -0.036264 -0.006752 0.999834 0.016933 2.742906 -0.999814 -0.006444 -0.018154 0.175436 0 0 0 1.000000 -0.020249 -0.020484 0.999585 -0.043527 -0.008104 0.999761 0.020323 2.747234 -0.999762 -0.007689 -0.020410 0.184536 0 0 0 1.000000 -0.022441 -0.024073 0.999458 -0.051114 -0.009517 0.999670 0.023865 2.751754 -0.999703 -0.008976 -0.022663 0.194042 0 0 0 1.000000 -0.024650 -0.027855 0.999308 -0.059097 -0.011003 0.999559 0.027591 2.756510 -0.999636 -0.010315 -0.024946 0.204045 0 0 0 1.000000 -0.026823 -0.031724 0.999137 -0.067255 -0.012522 0.999429 0.031397 2.761371 -0.999562 -0.011669 -0.027205 0.214266 0 0 0 1.000000 -0.028962 -0.035670 0.998944 -0.075563 -0.014069 0.999279 0.035274 2.766321 -0.999481 -0.013032 -0.029443 0.224675 0 0 0 1.000000 -0.031058 -0.039654 0.998731 -0.083945 -0.015629 0.999110 0.039184 2.771315 -0.999395 -0.014392 -0.031650 0.235177 0 0 0 1.000000 -0.033097 -0.043644 0.998499 -0.092327 -0.017190 0.998923 0.043093 2.776309 -0.999304 -0.015738 -0.033811 0.245679 0 0 0 1.000000 -0.035070 -0.047602 0.998251 -0.100634 -0.018736 0.998721 0.046966 2.781259 -0.999209 -0.017056 -0.035917 0.256088 0 0 0 1.000000 -0.036965 -0.051493 0.997989 -0.108792 -0.020255 0.998505 0.050769 2.786119 -0.999111 -0.018338 -0.037953 0.266309 0 0 0 1.000000 -0.038772 -0.055280 0.997718 -0.116726 -0.021732 0.998279 0.054466 2.790847 -0.999012 -0.019571 -0.039907 0.276250 0 0 0 1.000000 -0.040479 -0.058927 0.997441 -0.124362 -0.023153 0.998047 0.058024 2.795396 -0.998912 -0.020745 -0.041765 0.285818 0 0 0 1.000000 -0.042076 -0.062400 0.997164 -0.131625 -0.024505 0.997812 0.061406 2.799723 -0.998814 -0.021852 -0.043513 0.294917 0 0 0 1.000000 -0.043542 -0.065640 0.996893 -0.138399 -0.025766 0.997581 0.064560 2.803759 -0.998719 -0.022875 -0.045128 0.303405 0 0 0 1.000000 -0.044894 -0.068672 0.996629 -0.144733 -0.026945 0.997355 0.067508 2.807533 -0.998628 -0.023824 -0.046625 0.311341 0 0 0 1.000000 -0.046093 -0.071400 0.996382 -0.150429 -0.028005 0.997143 0.070159 2.810926 -0.998545 -0.024670 -0.047961 0.318477 0 0 0 1.000000 -0.047137 -0.073806 0.996158 -0.155453 -0.028940 0.996949 0.072496 2.813920 -0.998469 -0.025412 -0.049129 0.324772 0 0 0 1.000000 -0.048017 -0.075857 0.995962 -0.159731 -0.029736 0.996779 0.074486 2.816469 -0.998404 -0.026040 -0.050118 0.330132 0 0 0 1.000000 -0.048720 -0.077514 0.995800 -0.163188 -0.030380 0.996638 0.076093 2.818529 -0.998350 -0.026545 -0.050911 0.334464 0 0 0 1.000000 -0.049235 -0.078743 0.995678 -0.165750 -0.030857 0.996531 0.077284 2.820055 -0.998310 -0.026918 -0.051494 0.337674 0 0 0 1.000000 -0.049553 -0.079506 0.995602 -0.167342 -0.031153 0.996465 0.078024 2.821004 -0.998286 -0.027149 -0.051855 0.339668 0 0 0 1.000000 -0.049661 -0.079768 0.995576 -0.167889 -0.031255 0.996441 0.078279 2.821330 -0.998277 -0.027229 -0.051978 0.340354 0 0 0 1.000000 -0.049553 -0.079506 0.995602 -0.167342 -0.031153 0.996465 0.078024 2.821004 -0.998286 -0.027149 -0.051855 0.339668 0 0 0 1.000000 -0.049235 -0.078743 0.995678 -0.165750 -0.030857 0.996531 0.077284 2.820055 -0.998310 -0.026918 -0.051494 0.337674 0 0 0 1.000000 -0.048720 -0.077514 0.995800 -0.163188 -0.030380 0.996638 0.076093 2.818529 -0.998350 -0.026545 -0.050911 0.334464 0 0 0 1.000000 -0.048017 -0.075857 0.995962 -0.159731 -0.029736 0.996779 0.074486 2.816469 -0.998404 -0.026040 -0.050118 0.330132 0 0 0 1.000000 -0.047137 -0.073806 0.996158 -0.155453 -0.028940 0.996949 0.072496 2.813920 -0.998469 -0.025412 -0.049129 0.324772 0 0 0 1.000000 -0.046093 -0.071399 0.996382 -0.150429 -0.028005 0.997143 0.070158 2.810926 -0.998545 -0.024670 -0.047961 0.318477 0 0 0 1.000000 -0.044894 -0.068672 0.996629 -0.144733 -0.026945 0.997355 0.067508 2.807533 -0.998628 -0.023824 -0.046625 0.311341 0 0 0 1.000000 -0.043551 -0.065660 0.996891 -0.138440 -0.025774 0.997580 0.064579 2.803783 -0.998719 -0.022881 -0.045138 0.303456 0 0 0 1.000000 -0.042076 -0.062400 0.997164 -0.131625 -0.024505 0.997812 0.061406 2.799723 -0.998814 -0.021852 -0.043513 0.294917 0 0 0 1.000000 -0.040479 -0.058927 0.997441 -0.124362 -0.023153 0.998047 0.058024 2.795396 -0.998912 -0.020745 -0.041765 0.285818 0 0 0 1.000000 -0.038772 -0.055280 0.997718 -0.116726 -0.021732 0.998279 0.054466 2.790847 -0.999012 -0.019571 -0.039907 0.276250 0 0 0 1.000000 -0.036965 -0.051493 0.997989 -0.108792 -0.020255 0.998505 0.050769 2.786119 -0.999111 -0.018338 -0.037953 0.266309 0 0 0 1.000000 -0.035070 -0.047602 0.998251 -0.100634 -0.018736 0.998721 0.046966 2.781259 -0.999209 -0.017056 -0.035917 0.256088 0 0 0 1.000000 -0.033109 -0.043669 0.998497 -0.092379 -0.017199 0.998922 0.043117 2.776340 -0.999304 -0.015746 -0.033825 0.245744 0 0 0 1.000000 -0.031058 -0.039654 0.998731 -0.083945 -0.015629 0.999110 0.039184 2.771315 -0.999395 -0.014392 -0.031650 0.235177 0 0 0 1.000000 -0.028962 -0.035670 0.998944 -0.075562 -0.014069 0.999279 0.035274 2.766321 -0.999481 -0.013032 -0.029443 0.224675 0 0 0 1.000000 -0.026823 -0.031724 0.999137 -0.067255 -0.012522 0.999429 0.031397 2.761371 -0.999562 -0.011669 -0.027205 0.214266 0 0 0 1.000000 -0.024650 -0.027855 0.999308 -0.059097 -0.011003 0.999559 0.027591 2.756510 -0.999636 -0.010315 -0.024946 0.204045 0 0 0 1.000000 -0.022455 -0.024096 0.999457 -0.051163 -0.009526 0.999669 0.023887 2.751783 -0.999702 -0.008984 -0.022677 0.194103 0 0 0 1.000000 -0.020249 -0.020484 0.999585 -0.043527 -0.008104 0.999761 0.020323 2.747234 -0.999762 -0.007689 -0.020410 0.184536 0 0 0 1.000000 -0.018042 -0.017052 0.999692 -0.036264 -0.006752 0.999834 0.016933 2.742906 -0.999814 -0.006444 -0.018154 0.175436 0 0 0 1.000000 -0.015846 -0.013836 0.999779 -0.029449 -0.005483 0.999890 0.013751 2.738846 -0.999859 -0.005264 -0.015920 0.166898 0 0 0 1.000000 -0.013672 -0.010871 0.999847 -0.023156 -0.004312 0.999932 0.010813 2.735097 -0.999897 -0.004163 -0.013718 0.159013 0 0 0 1.000000 -0.011531 -0.008190 0.999900 -0.017460 -0.003251 0.999961 0.008153 2.731703 -0.999928 -0.003157 -0.011558 0.151877 0 0 0 1.000000 -0.009435 -0.005829 0.999938 -0.012436 -0.002316 0.999980 0.005807 2.728710 -0.999953 -0.002261 -0.009448 0.145582 0 0 0 1.000000 -0.007393 -0.003821 0.999965 -0.008158 -0.001519 0.999992 0.003810 2.726161 -0.999972 -0.001491 -0.007399 0.140222 0 0 0 1.000000 -0.005418 -0.002200 0.999983 -0.004701 -0.000875 0.999997 0.002195 2.724101 -0.999985 -0.000863 -0.005420 0.135890 0 0 0 1.000000 -0.003520 -0.001000 0.999993 -0.002139 -0.000398 0.999999 0.000999 2.722574 -0.999994 -0.000395 -0.003520 0.132680 0 0 0 1.000000 -0.001710 -0.000256 0.999999 -0.000547 -0.000102 1.000000 0.000256 2.721626 -0.999999 -0.000101 -0.001710 0.130686 0 0 0 1.000000 0 0 1.000000 0.000000 0 1.000000 0 2.721300 -1.000000 0 0 0.130000 0 0 0 1.000000</float_array>
        <technique_common>
          <accessor source="#Zou_CTL2_matrix_Zou_CTL2_transform-output-array" count="61" stride="16">
            <param name="TRANSFORM" type="float4x4"/>
          </accessor>
        </technique_common>
      </source>
      <source id="Zou_CTL2_matrix_Zou_CTL2_transform-interpolations">
        <Name_array id="Zou_CTL2_matrix_Zou_CTL2_transform-interpolations-array" count="61">LINEAR LINEAR LINEAR LINEAR LINEAR LINEAR LINEAR LINEAR LINEAR LINEAR LINEAR LINEAR LINEAR LINEAR LINEAR LINEAR LINEAR LINEAR LINEAR LINEAR LINEAR LINEAR LINEAR LINEAR LINEAR LINEAR LINEAR LINEAR LINEAR LINEAR LINEAR LINEAR LINEAR LINEAR LINEAR LINEAR LINEAR LINEAR LINEAR LINEAR LINEAR LINEAR LINEAR LINEAR LINEAR LINEAR LINEAR LINEAR LINEAR LINEAR LINEAR LINEAR LINEAR LINEAR LINEAR LINEAR LINEAR LINEAR LINEAR LINEAR LINEAR</Name_array>
        <technique_common>
          <accessor source="#Zou_CTL2_matrix_Zou_CTL2_transform-interpolations-array" count="61" stride="1">
            <param name="INTERPOLATION" type="Name"/>
          </accessor>
        </technique_common>
      </source>
      <sampler id="Zou_CTL2_matrix_Zou_CTL2_transform-sampler">
        <input semantic="INPUT" source="#Zou_CTL2_matrix_Zou_CTL2_transform-input"/>
        <input semantic="OUTPUT" source="#Zou_CTL2_matrix_Zou_CTL2_transform-output"/>
        <input semantic="INTERPOLATION" source="#Zou_CTL2_matrix_Zou_CTL2_transform-interpolations"/>
      </sampler>
      <channel source="#Zou_CTL2_matrix_Zou_CTL2_transform-sampler" target="Zou_CTL2/transform"/>
    </animation>
    <animation id="Zou_CTL_matrix">
      <source id="Zou_CTL_matrix_Zou_CTL_transform-input">
        <float_array id="Zou_CTL_matrix_Zou_CTL_transform-input-array" count="61">0 0.033333 0.066667 0.100000 0.133333 0.166667 0.200000 0.233333 0.266667 0.300000 0.333333 0.366667 0.400000 0.433333 0.466667 0.500000 0.533333 0.566667 0.600000 0.633333 0.666667 0.700000 0.733334 0.766667 0.800000 0.833334 0.866667 0.900000 0.933334 0.966667 1.000000 1.033334 1.066667 1.100000 1.133334 1.166667 1.200000 1.233333 1.266667 1.300000 1.333333 1.366667 1.400000 1.433333 1.466667 1.500000 1.533333 1.566666 1.600000 1.633333 1.666666 1.700000 1.733333 1.766666 1.800000 1.833333 1.866666 1.899999 1.933333 1.966666 1.999999</float_array>
        <technique_common>
          <accessor source="#Zou_CTL_matrix_Zou_CTL_transform-input-array" count="61" stride="1">
            <param name="TIME" type="float"/>
          </accessor>
        </technique_common>
        <technique profile="MAYA">
          <pre_infinity>CONSTANT</pre_infinity>
          <post_infinity>CONSTANT</post_infinity>
        </technique>
      </source>
      <source id="Zou_CTL_matrix_Zou_CTL_transform-output">
        <float_array id="Zou_CTL_matrix_Zou_CTL_transform-output-array" count="976">0 0 1.000000 0.000000 0 1.000000 0 2.721300 -1.000000 0 0 0.130000 0 0 0 1.000000 -0.001710 -0.000255 0.999999 -0.000547 -0.000102 1.000000 0.000255 2.721626 -0.999999 -0.000101 -0.001710 0.130686 0 0 0 1.000000 -0.003520 -0.001000 0.999993 -0.002139 -0.000398 0.999999 0.000999 2.722574 -0.999994 -0.000395 -0.003520 0.132680 0 0 0 1.000000 -0.005418 -0.002200 0.999983 -0.004701 -0.000875 0.999997 0.002195 2.724101 -0.999985 -0.000863 -0.005420 0.135890 0 0 0 1.000000 -0.007393 -0.003821 0.999965 -0.008158 -0.001519 0.999992 0.003810 2.726161 -0.999972 -0.001491 -0.007399 0.140222 0 0 0 1.000000 -0.009435 -0.005829 0.999938 -0.012436 -0.002316 0.999980 0.005807 2.728710 -0.999953 -0.002261 -0.009448 0.145582 0 0 0 1.000000 -0.011532 -0.008190 0.999900 -0.017460 -0.003251 0.999961 0.008153 2.731703 -0.999928 -0.003157 -0.011558 0.151877 0 0 0 1.000000 -0.013672 -0.010871 0.999847 -0.023156 -0.004312 0.999932 0.010813 2.735097 -0.999897 -0.004163 -0.013718 0.159013 0 0 0 1.000000 -0.015846 -0.013836 0.999779 -0.029449 -0.005483 0.999890 0.013751 2.738846 -0.999859 -0.005264 -0.015920 0.166898 0 0 0 1.000000 -0.018042 -0.017052 0.999692 -0.036264 -0.006752 0.999834 0.016933 2.742906 -0.999814 -0.006444 -0.018154 0.175436 0 0 0 1.000000 -0.020249 -0.020484 0.999585 -0.043527 -0.008104 0.999761 0.020323 2.747234 -0.999762 -0.007689 -0.020410 0.184536 0 0 0 1.000000 -0.022441 -0.024073 0.999458 -0.051114 -0.009517 0.999670 0.023865 2.751754 -0.999703 -0.008976 -0.022663 0.194042 0 0 0 1.000000 -0.024650 -0.027855 0.999308 -0.059097 -0.011003 0.999559 0.027591 2.756510 -0.999636 -0.010315 -0.024946 0.204045 0 0 0 1.000000 -0.026823 -0.031724 0.999137 -0.067255 -0.012522 0.999429 0.031397 2.761371 -0.999562 -0.011669 -0.027205 0.214266 0 0 0 1.000000 -0.028962 -0.035670 0.998944 -0.075563 -0.014069 0.999279 0.035274 2.766321 -0.999481 -0.013032 -0.029443 0.224675 0 0 0 1.000000 -0.031058 -0.039654 0.998731 -0.083945 -0.015629 0.999110 0.039184 2.771315 -0.999395 -0.014392 -0.031650 0.235177 0 0 0 1.000000 -0.033097 -0.043644 0.998499 -0.092327 -0.017190 0.998923 0.043093 2.776309 -0.999304 -0.015738 -0.033811 0.245679 0 0 0 1.000000 -0.035070 -0.047602 0.998251 -0.100634 -0.018736 0.998721 0.046966 2.781259 -0.999209 -0.017056 -0.035917 0.256088 0 0 0 1.000000 -0.036965 -0.051493 0.997989 -0.108792 -0.020255 0.998505 0.050769 2.786119 -0.999111 -0.018338 -0.037953 0.266309 0 0 0 1.000000 -0.038772 -0.055280 0.997718 -0.116726 -0.021732 0.998279 0.054466 2.790847 -0.999012 -0.019571 -0.039907 0.276250 0 0 0 1.000000 -0.040479 -0.058927 0.997441 -0.124362 -0.023153 0.998047 0.058024 2.795396 -0.998912 -0.020745 -0.041765 0.285818 0 0 0 1.000000 -0.042076 -0.062400 0.997164 -0.131625 -0.024505 0.997812 0.061406 2.799723 -0.998814 -0.021852 -0.043513 0.294917 0 0 0 1.000000 -0.043542 -0.065640 0.996893 -0.138399 -0.025766 0.997581 0.064560 2.803759 -0.998719 -0.022875 -0.045128 0.303405 0 0 0 1.000000 -0.044894 -0.068672 0.996629 -0.144733 -0.026945 0.997355 0.067508 2.807533 -0.998628 -0.023824 -0.046625 0.311341 0 0 0 1.000000 -0.046093 -0.071400 0.996382 -0.150429 -0.028005 0.997143 0.070159 2.810926 -0.998545 -0.024670 -0.047961 0.318477 0 0 0 1.000000 -0.047137 -0.073806 0.996158 -0.155453 -0.028940 0.996949 0.072496 2.813920 -0.998469 -0.025412 -0.049129 0.324772 0 0 0 1.000000 -0.048017 -0.075857 0.995962 -0.159731 -0.029736 0.996779 0.074486 2.816469 -0.998404 -0.026040 -0.050118 0.330132 0 0 0 1.000000 -0.048720 -0.077514 0.995800 -0.163188 -0.030380 0.996638 0.076093 2.818529 -0.998350 -0.026545 -0.050911 0.334464 0 0 0 1.000000 -0.049235 -0.078743 0.995678 -0.165750 -0.030857 0.996531 0.077284 2.820055 -0.998310 -0.026918 -0.051494 0.337674 0 0 0 1.000000 -0.049553 -0.079506 0.995602 -0.167342 -0.031153 0.996465 0.078024 2.821004 -0.998286 -0.027149 -0.051855 0.339668 0 0 0 1.000000 -0.049661 -0.079768 0.995576 -0.167889 -0.031255 0.996441 0.078279 2.821330 -0.998277 -0.027229 -0.051978 0.340354 0 0 0 1.000000 -0.049553 -0.079506 0.995602 -0.167342 -0.031153 0.996465 0.078024 2.821004 -0.998286 -0.027149 -0.051855 0.339668 0 0 0 1.000000 -0.049235 -0.078743 0.995678 -0.165750 -0.030857 0.996531 0.077284 2.820055 -0.998310 -0.026918 -0.051494 0.337674 0 0 0 1.000000 -0.048720 -0.077514 0.995800 -0.163188 -0.030380 0.996638 0.076093 2.818529 -0.998350 -0.026545 -0.050911 0.334464 0 0 0 1.000000 -0.048017 -0.075857 0.995962 -0.159731 -0.029736 0.996779 0.074486 2.816469 -0.998404 -0.026040 -0.050118 0.330132 0 0 0 1.000000 -0.047137 -0.073806 0.996158 -0.155453 -0.028940 0.996949 0.072496 2.813920 -0.998469 -0.025412 -0.049129 0.324772 0 0 0 1.000000 -0.046093 -0.071399 0.996382 -0.150429 -0.028005 0.997143 0.070158 2.810926 -0.998545 -0.024670 -0.047961 0.318477 0 0 0 1.000000 -0.044894 -0.068672 0.996629 -0.144733 -0.026945 0.997355 0.067508 2.807533 -0.998628 -0.023824 -0.046625 0.311341 0 0 0 1.000000 -0.043551 -0.065660 0.996891 -0.138440 -0.025774 0.997580 0.064579 2.803783 -0.998719 -0.022881 -0.045138 0.303456 0 0 0 1.000000 -0.042076 -0.062400 0.997164 -0.131625 -0.024505 0.997812 0.061406 2.799723 -0.998814 -0.021852 -0.043513 0.294917 0 0 0 1.000000 -0.040479 -0.058927 0.997441 -0.124362 -0.023153 0.998047 0.058024 2.795396 -0.998912 -0.020745 -0.041765 0.285818 0 0 0 1.000000 -0.038772 -0.055280 0.997718 -0.116726 -0.021732 0.998279 0.054466 2.790847 -0.999012 -0.019571 -0.039907 0.276250 0 0 0 1.000000 -0.036965 -0.051493 0.997989 -0.108792 -0.020255 0.998505 0.050769 2.786119 -0.999111 -0.018338 -0.037953 0.266309 0 0 0 1.000000 -0.035070 -0.047602 0.998251 -0.100634 -0.018736 0.998721 0.046966 2.781259 -0.999209 -0.017056 -0.035917 0.256088 0 0 0 1.000000 -0.033109 -0.043669 0.998497 -0.092379 -0.017199 0.998922 0.043117 2.776340 -0.999304 -0.015746 -0.033825 0.245744 0 0 0 1.000000 -0.031058 -0.039654 0.998731 -0.083945 -0.015629 0.999110 0.039184 2.771315 -0.999395 -0.014392 -0.031650 0.235177 0 0 0 1.000000 -0.028962 -0.035670 0.998944 -0.075562 -0.014069 0.999279 0.035274 2.766321 -0.999481 -0.013032 -0.029443 0.224675 0 0 0 1.000000 -0.026823 -0.031724 0.999137 -0.067255 -0.012522 0.999429 0.031397 2.761371 -0.999562 -0.011669 -0.027205 0.214266 0 0 0 1.000000 -0.024650 -0.027855 0.999308 -0.059097 -0.011003 0.999559 0.027591 2.756510 -0.999636 -0.010315 -0.024946 0.204045 0 0 0 1.000000 -0.022455 -0.024096 0.999457 -0.051163 -0.009526 0.999669 0.023887 2.751783 -0.999702 -0.008984 -0.022677 0.194103 0 0 0 1.000000 -0.020249 -0.020484 0.999585 -0.043527 -0.008104 0.999761 0.020323 2.747234 -0.999762 -0.007689 -0.020410 0.184536 0 0 0 1.000000 -0.018042 -0.017052 0.999692 -0.036264 -0.006752 0.999834 0.016933 2.742906 -0.999814 -0.006444 -0.018154 0.175436 0 0 0 1.000000 -0.015846 -0.013836 0.999779 -0.029449 -0.005483 0.999890 0.013751 2.738846 -0.999859 -0.005264 -0.015920 0.166898 0 0 0 1.000000 -0.013672 -0.010871 0.999847 -0.023156 -0.004312 0.999932 0.010813 2.735097 -0.999897 -0.004163 -0.013718 0.159013 0 0 0 1.000000 -0.011531 -0.008190 0.999900 -0.017460 -0.003251 0.999961 0.008153 2.731703 -0.999928 -0.003157 -0.011558 0.151877 0 0 0 1.000000 -0.009435 -0.005829 0.999938 -0.012436 -0.002316 0.999980 0.005807 2.728710 -0.999953 -0.002261 -0.009448 0.145582 0 0 0 1.000000 -0.007393 -0.003821 0.999965 -0.008158 -0.001519 0.999992 0.003810 2.726161 -0.999972 -0.001491 -0.007399 0.140222 0 0 0 1.000000 -0.005418 -0.002200 0.999983 -0.004701 -0.000875 0.999997 0.002195 2.724101 -0.999985 -0.000863 -0.005420 0.135890 0 0 0 1.000000 -0.003520 -0.001000 0.999993 -0.002139 -0.000398 0.999999 0.000999 2.722574 -0.999994 -0.000395 -0.003520 0.132680 0 0 0 1.000000 -0.001710 -0.000256 0.999999 -0.000547 -0.000102 1.000000 0.000256 2.721626 -0.999999 -0.000101 -0.001710 0.130686 0 0 0 1.000000 0 0 1.000000 0.000000 0 1.000000 0 2.721300 -1.000000 0 0 0.130000 0 0 0 1.000000</float_array>
        <technique_common>
          <accessor source="#Zou_CTL_matrix_Zou_CTL_transform-output-array" count="61" stride="16">
            <param name="TRANSFORM" type="float4x4"/>
          </accessor>
        </technique_common>
      </source>
      <source id="Zou_CTL_matrix_Zou_CTL_transform-interpolations">
        <Name_array id="Zou_CTL_matrix_Zou_CTL_transform-interpolations-array" count="61">LINEAR LINEAR LINEAR LINEAR LINEAR LINEAR LINEAR LINEAR LINEAR LINEAR LINEAR LINEAR LINEAR LINEAR LINEAR LINEAR LINEAR LINEAR LINEAR LINEAR LINEAR LINEAR LINEAR LINEAR LINEAR LINEAR LINEAR LINEAR LINEAR LINEAR LINEAR LINEAR LINEAR LINEAR LINEAR LINEAR LINEAR LINEAR LINEAR LINEAR LINEAR LINEAR LINEAR LINEAR LINEAR LINEAR LINEAR LINEAR LINEAR LINEAR LINEAR LINEAR LINEAR LINEAR LINEAR LINEAR LINEAR LINEAR LINEAR LINEAR LINEAR</Name_array>
        <technique_common>
          <accessor source="#Zou_CTL_matrix_Zou_CTL_transform-interpolations-array" count="61" stride="1">
            <param name="INTERPOLATION" type="Name"/>
          </accessor>
        </technique_common>
      </source>
      <sampler id="Zou_CTL_matrix_Zou_CTL_transform-sampler">
        <input semantic="INPUT" source="#Zou_CTL_matrix_Zou_CTL_transform-input"/>
        <input semantic="OUTPUT" source="#Zou_CTL_matrix_Zou_CTL_transform-output"/>
        <input semantic="INTERPOLATION" source="#Zou_CTL_matrix_Zou_CTL_transform-interpolations"/>
      </sampler>
      <channel source="#Zou_CTL_matrix_Zou_CTL_transform-sampler" target="Zou_CTL/transform"/>
    </animation>
    <animation id="Bip01_matrix">
      <source id="Bip01_matrix_Bip01_transform-input">
        <float_array id="Bip01_matrix_Bip01_transform-input-array" count="61">0 0.033333 0.066667 0.100000 0.133333 0.166667 0.200000 0.233333 0.266667 0.300000 0.333333 0.366667 0.400000 0.433333 0.466667 0.500000 0.533333 0.566667 0.600000 0.633333 0.666667 0.700000 0.733334 0.766667 0.800000 0.833334 0.866667 0.900000 0.933334 0.966667 1.000000 1.033334 1.066667 1.100000 1.133334 1.166667 1.200000 1.233333 1.266667 1.300000 1.333333 1.366667 1.400000 1.433333 1.466667 1.500000 1.533333 1.566666 1.600000 1.633333 1.666666 1.700000 1.733333 1.766666 1.800000 1.833333 1.866666 1.899999 1.933333 1.966666 1.999999</float_array>
        <technique_common>
          <accessor source="#Bip01_matrix_Bip01_transform-input-array" count="61" stride="1">
            <param name="TIME" type="float"/>
          </accessor>
        </technique_common>
        <technique profile="MAYA">
          <pre_infinity>CONSTANT</pre_infinity>
          <post_infinity>CONSTANT</post_infinity>
        </technique>
      </source>
      <source id="Bip01_matrix_Bip01_transform-output">
        <float_array id="Bip01_matrix_Bip01_transform-output-array" count="976">0 0.000001 -1.000000 1.341382 -1.000000 0 0 -0.391069 0 1.000000 0.000001 0 0 0 0 1.000000 0 0.000001 -1.000000 1.341382 -1.000000 0 0 -0.391069 0 1.000000 0.000001 0 0 0 0 1.000000 0 0.000001 -1.000000 1.341382 -1.000000 0 0 -0.391069 0 1.000000 0.000001 0 0 0 0 1.000000 0 0.000001 -1.000000 1.341382 -1.000000 0 0 -0.391069 0 1.000000 0.000001 0 0 0 0 1.000000 0 0.000001 -1.000000 1.341382 -1.000000 0 0 -0.391069 0 1.000000 0.000001 0 0 0 0 1.000000 0 0.000001 -1.000000 1.341382 -1.000000 0 0 -0.391069 0 1.000000 0.000001 0 0 0 0 1.000000 0 0.000001 -1.000000 1.341382 -1.000000 0 0 -0.391069 0 1.000000 0.000001 0 0 0 0 1.000000 0 0.000001 -1.000000 1.341382 -1.000000 0 0 -0.391070 0 1.000000 0.000001 0 0 0 0 1.000000 0 0.000001 -1.000000 1.341382 -1.000000 0 0 -0.391069 0 1.000000 0.000001 0 0 0 0 1.000000 0 0.000001 -1.000000 1.341382 -1.000000 0 0 -0.391070 0 1.000000 0.000001 0 0 0 0 1.000000 0 0.000001 -1.000000 1.341382 -1.000000 0 0 -0.391069 0 1.000000 0.000001 0 0 0 0 1.000000 0 0.000001 -1.000000 1.341382 -1.000000 0 0 -0.391069 0 1.000000 0.000001 0 0 0 0 1.000000 0 0.000001 -1.000000 1.341382 -1.000000 0 0 -0.391069 0 1.000000 0.000001 0 0 0 0 1.000000 0 0.000001 -1.000000 1.341382 -1.000000 0 0 -0.391069 0 1.000000 0.000001 0 0 0 0 1.000000 0 0.000001 -1.000000 1.341382 -1.000000 0 0 -0.391069 0 1.000000 0.000001 0 0 0 0 1.000000 0 0.000001 -1.000000 1.341382 -1.000000 0 0 -0.391069 0 1.000000 0.000001 0 0 0 0 1.000000 0 0.000001 -1.000000 1.341382 -1.000000 0 0 -0.391070 0 1.000000 0.000001 0 0 0 0 1.000000 0 0.000001 -1.000000 1.341382 -1.000000 0 0 -0.391069 0 1.000000 0.000001 0 0 0 0 1.000000 0 0.000001 -1.000000 1.341382 -1.000000 0 0 -0.391069 0 1.000000 0.000001 0 0 0 0 1.000000 0 0.000001 -1.000000 1.341382 -1.000000 0 0 -0.391069 0 1.000000 0.000001 0 0 0 0 1.000000 0 0.000001 -1.000000 1.341382 -1.000000 0 0 -0.391069 0 1.000000 0.000001 0 0 0 0 1.000000 0 0.000001 -1.000000 1.341382 -1.000000 0 0 -0.391070 0 1.000000 0.000001 0 0 0 0 1.000000 0 0.000001 -1.000000 1.341382 -1.000000 0 0 -0.391069 0 1.000000 0.000001 0 0 0 0 1.000000 0 0.000001 -1.000000 1.341382 -1.000000 0 0 -0.391070 0 1.000000 0.000001 0 0 0 0 1.000000 0 0.000001 -1.000000 1.341382 -1.000000 0 0 -0.391069 0 1.000000 0.000001 0 0 0 0 1.000000 0 0.000001 -1.000000 1.341382 -1.000000 0 0 -0.391069 0 1.000000 0.000001 0 0 0 0 1.000000 0 0.000001 -1.000000 1.341382 -1.000000 0 0 -0.391069 0 1.000000 0.000001 0 0 0 0 1.000000 0 0.000001 -1.000000 1.341382 -1.000000 0 0 -0.391069 0 1.000000 0.000001 0 0 0 0 1.000000 0 0.000001 -1.000000 1.341382 -1.000000 0 0 -0.391069 0 1.000000 0.000001 0 0 0 0 1.000000 0 0.000001 -1.000000 1.341382 -1.000000 0 0 -0.391069 0 1.000000 0.000001 0 0 0 0 1.000000 0 0.000001 -1.000000 1.341382 -1.000000 0 0 -0.391069 0 1.000000 0.000001 0 0 0 0 1.000000 0 0.000001 -1.000000 1.341382 -1.000000 0 0 -0.391069 0 1.000000 0.000001 0 0 0 0 1.000000 0 0.000001 -1.000000 1.341382 -1.000000 0 0 -0.391069 0 1.000000 0.000001 0 0 0 0 1.000000 0 0.000001 -1.000000 1.341382 -1.000000 0 0 -0.391069 0 1.000000 0.000001 0 0 0 0 1.000000 0 0.000001 -1.000000 1.341382 -1.000000 0 0 -0.391069 0 1.000000 0.000001 0 0 0 0 1.000000 0 0.000001 -1.000000 1.341382 -1.000000 0 0 -0.391069 0 1.000000 0.000001 0 0 0 0 1.000000 0 0.000001 -1.000000 1.341382 -1.000000 0 0 -0.391069 0 1.000000 0.000001 0 0 0 0 1.000000 0 0.000001 -1.000000 1.341382 -1.000000 0 0 -0.391070 0 1.000000 0.000001 0 0 0 0 1.000000 0 0.000001 -1.000000 1.341382 -1.000000 0 0 -0.391069 0 1.000000 0.000001 0 0 0 0 1.000000 0 0.000001 -1.000000 1.341382 -1.000000 0 0 -0.391070 0 1.000000 0.000001 0 0 0 0 1.000000 0 0.000001 -1.000000 1.341382 -1.000000 0 0 -0.391069 0 1.000000 0.000001 0 0 0 0 1.000000 0 0.000001 -1.000000 1.341382 -1.000000 0 0 -0.391069 0 1.000000 0.000001 0 0 0 0 1.000000 0 0.000001 -1.000000 1.341382 -1.000000 0 0 -0.391069 0 1.000000 0.000001 0 0 0 0 1.000000 0 0.000001 -1.000000 1.341382 -1.000000 0 0 -0.391069 0 1.000000 0.000001 0 0 0 0 1.000000 0 0.000001 -1.000000 1.341382 -1.000000 0 0 -0.391069 0 1.000000 0.000001 0 0 0 0 1.000000 0 0.000001 -1.000000 1.341382 -1.000000 0 0 -0.391069 0 1.000000 0.000001 0 0 0 0 1.000000 0 0.000001 -1.000000 1.341382 -1.000000 0 0 -0.391069 0 1.000000 0.000001 0 0 0 0 1.000000 0 0.000001 -1.000000 1.341382 -1.000000 0 0 -0.391069 0 1.000000 0.000001 0 0 0 0 1.000000 0 0.000001 -1.000000 1.341382 -1.000000 0 0 -0.391069 0 1.000000 0.000001 0 0 0 0 1.000000 0 0.000001 -1.000000 1.341382 -1.000000 0 0 -0.391069 0 1.000000 0.000001 0 0 0 0 1.000000 0 0.000001 -1.000000 1.341382 -1.000000 0 0 -0.391069 0 1.000000 0.000001 0 0 0 0 1.000000 0 0.000001 -1.000000 1.341382 -1.000000 0 0 -0.391070 0 1.000000 0.000001 0 0 0 0 1.000000 0 0.000001 -1.000000 1.341382 -1.000000 0 0 -0.391069 0 1.000000 0.000001 0 0 0 0 1.000000 0 0.000001 -1.000000 1.341382 -1.000000 0 0 -0.391070 0 1.000000 0.000001 0 0 0 0 1.000000 0 0.000001 -1.000000 1.341382 -1.000000 0 0 -0.391069 0 1.000000 0.000001 0 0 0 0 1.000000 0 0.000001 -1.000000 1.341382 -1.000000 0 0 -0.391069 0 1.000000 0.000001 0 0 0 0 1.000000 0 0.000001 -1.000000 1.341382 -1.000000 0 0 -0.391069 0 1.000000 0.000001 0 0 0 0 1.000000 0 0.000001 -1.000000 1.341382 -1.000000 0 0 -0.391069 0 1.000000 0.000001 0 0 0 0 1.000000 0 0.000001 -1.000000 1.341382 -1.000000 0 0 -0.391069 0 1.000000 0.000001 0 0 0 0 1.000000 0 0.000001 -1.000000 1.341382 -1.000000 0 0 -0.391069 0 1.000000 0.000001 0 0 0 0 1.000000 0 0.000001 -1.000000 1.341382 -1.000000 0 0 -0.391069 0 1.000000 0.000001 0 0 0 0 1.000000</float_array>
        <technique_common>
          <accessor source="#Bip01_matrix_Bip01_transform-output-array" count="61" stride="16">
            <param name="TRANSFORM" type="float4x4"/>
          </accessor>
        </technique_common>
      </source>
      <source id="Bip01_matrix_Bip01_transform-interpolations">
        <Name_array id="Bip01_matrix_Bip01_transform-interpolations-array" count="61">LINEAR LINEAR LINEAR LINEAR LINEAR LINEAR LINEAR LINEAR LINEAR LINEAR LINEAR LINEAR LINEAR LINEAR LINEAR LINEAR LINEAR LINEAR LINEAR LINEAR LINEAR LINEAR LINEAR LINEAR LINEAR LINEAR LINEAR LINEAR LINEAR LINEAR LINEAR LINEAR LINEAR LINEAR LINEAR LINEAR LINEAR LINEAR LINEAR LINEAR LINEAR LINEAR LINEAR LINEAR LINEAR LINEAR LINEAR LINEAR LINEAR LINEAR LINEAR LINEAR LINEAR LINEAR LINEAR LINEAR LINEAR LINEAR LINEAR LINEAR LINEAR</Name_array>
        <technique_common>
          <accessor source="#Bip01_matrix_Bip01_transform-interpolations-array" count="61" stride="1">
            <param name="INTERPOLATION" type="Name"/>
          </accessor>
        </technique_common>
      </source>
      <sampler id="Bip01_matrix_Bip01_transform-sampler">
        <input semantic="INPUT" source="#Bip01_matrix_Bip01_transform-input"/>
        <input semantic="OUTPUT" source="#Bip01_matrix_Bip01_transform-output"/>
        <input semantic="INTERPOLATION" source="#Bip01_matrix_Bip01_transform-interpolations"/>
      </sampler>
      <channel source="#Bip01_matrix_Bip01_transform-sampler" target="Bip01/transform"/>
    </animation>
    <animation id="Bip01_Neck_matrix">
      <source id="Bip01_Neck_matrix_Bip01_Neck_transform-input">
        <float_array id="Bip01_Neck_matrix_Bip01_Neck_transform-input-array" count="61">0 0.033333 0.066667 0.100000 0.133333 0.166667 0.200000 0.233333 0.266667 0.300000 0.333333 0.366667 0.400000 0.433333 0.466667 0.500000 0.533333 0.566667 0.600000 0.633333 0.666667 0.700000 0.733334 0.766667 0.800000 0.833334 0.866667 0.900000 0.933334 0.966667 1.000000 1.033334 1.066667 1.100000 1.133334 1.166667 1.200000 1.233333 1.266667 1.300000 1.333333 1.366667 1.400000 1.433333 1.466667 1.500000 1.533333 1.566666 1.600000 1.633333 1.666666 1.700000 1.733333 1.766666 1.800000 1.833333 1.866666 1.899999 1.933333 1.966666 1.999999</float_array>
        <technique_common>
          <accessor source="#Bip01_Neck_matrix_Bip01_Neck_transform-input-array" count="61" stride="1">
            <param name="TIME" type="float"/>
          </accessor>
        </technique_common>
        <technique profile="MAYA">
          <pre_infinity>CONSTANT</pre_infinity>
          <post_infinity>CONSTANT</post_infinity>
        </technique>
      </source>
      <source id="Bip01_Neck_matrix_Bip01_Neck_transform-output">
        <float_array id="Bip01_Neck_matrix_Bip01_Neck_transform-output-array" count="976">1.000000 0 0 0.908116 0 1.000000 0 0.031482 0 0 1.000000 0 0 0 0 1.000000 1.000000 0 0 0.908116 0 1.000000 0 0.031482 0 0 1.000000 0 0 0 0 1.000000 1.000000 0 0 0.908116 0 1.000000 0 0.031482 0 0 1.000000 0 0 0 0 1.000000 1.000000 0 0 0.908116 0 1.000000 0 0.031481 0 0 1.000000 0 0 0 0 1.000000 1.000000 0 0 0.908116 0 1.000000 0 0.031482 0 0 1.000000 0 0 0 0 1.000000 1.000000 0 0 0.908116 0 1.000000 0 0.031481 0 0 1.000000 0 0 0 0 1.000000 1.000000 0 0 0.908116 0 1.000000 0 0.031481 0 0 1.000000 0 0 0 0 1.000000 1.000000 0 0 0.908116 0 1.000000 0 0.031482 0 0 1.000000 0 0 0 0 1.000000 1.000000 0 0 0.908116 0 1.000000 0 0.031482 0 0 1.000000 0 0 0 0 1.000000 1.000000 0 0 0.908116 0 1.000000 0 0.031482 0 0 1.000000 0 0 0 0 1.000000 1.000000 0 0 0.908116 0 1.000000 0 0.031482 0 0 1.000000 0 0 0 0 1.000000 1.000000 0 0 0.908116 0 1.000000 0 0.031481 0 0 1.000000 0 0 0 0 1.000000 1.000000 0 0 0.908116 0 1.000000 0 0.031482 0 0 1.000000 0 0 0 0 1.000000 1.000000 0 0 0.908116 0 1.000000 0 0.031482 0 0 1.000000 0 0 0 0 1.000000 1.000000 0 0 0.908116 0 1.000000 0 0.031481 0 0 1.000000 0 0 0 0 1.000000 1.000000 0 0 0.908116 0 1.000000 0 0.031482 0 0 1.000000 0 0 0 0 1.000000 1.000000 0 0 0.908116 0 1.000000 0 0.031482 0 0 1.000000 0 0 0 0 1.000000 1.000000 0 0 0.908116 0 1.000000 0 0.031482 0 0 1.000000 0 0 0 0 1.000000 1.000000 0 0 0.908116 0 1.000000 0 0.031482 0 0 1.000000 0 0 0 0 1.000000 1.000000 0 0 0.908116 0 1.000000 0 0.031482 0 0 1.000000 0 0 0 0 1.000000 1.000000 0 0 0.908116 0 1.000000 0 0.031482 0 0 1.000000 0 0 0 0 1.000000 1.000000 0 0 0.908116 0 1.000000 0 0.031482 0 0 1.000000 0 0 0 0 1.000000 1.000000 0 0 0.908116 0 1.000000 0 0.031482 0 0 1.000000 0 0 0 0 1.000000 1.000000 0 0 0.908116 0 1.000000 0 0.031482 0 0 1.000000 0 0 0 0 1.000000 1.000000 0 0 0.908116 0 1.000000 0 0.031482 0 0 1.000000 0 0 0 0 1.000000 1.000000 0 0 0.908116 0 1.000000 0 0.031482 0 0 1.000000 0 0 0 0 1.000000 1.000000 0 0 0.908116 0 1.000000 0 0.031482 0 0 1.000000 0 0 0 0 1.000000 1.000000 0 0 0.908116 0 1.000000 0 0.031482 0 0 1.000000 0 0 0 0 1.000000 1.000000 0 0 0.908116 0 1.000000 0 0.031482 0 0 1.000000 0 0 0 0 1.000000 1.000000 0 0 0.908116 0 1.000000 0 0.031482 0 0 1.000000 0 0 0 0 1.000000 1.000000 0 0 0.908116 0 1.000000 0 0.031481 0 0 1.000000 0 0 0 0 1.000000 1.000000 0 0 0.908116 0 1.000000 0 0.031482 0 0 1.000000 0 0 0 0 1.000000 1.000000 0 0 0.908116 0 1.000000 0 0.031482 0 0 1.000000 0 0 0 0 1.000000 1.000000 0 0 0.908116 0 1.000000 0 0.031482 0 0 1.000000 0 0 0 0 1.000000 1.000000 0 0 0.908116 0 1.000000 0 0.031482 0 0 1.000000 0 0 0 0 1.000000 1.000000 0 0 0.908116 0 1.000000 0 0.031482 0 0 1.000000 0 0 0 0 1.000000 1.000000 0 0 0.908116 0 1.000000 0 0.031482 0 0 1.000000 0 0 0 0 1.000000 1.000000 0 0 0.908116 0 1.000000 0 0.031482 0 0 1.000000 0 0 0 0 1.000000 1.000000 0 0 0.908116 0 1.000000 0 0.031482 0 0 1.000000 0 0 0 0 1.000000 1.000000 0 0 0.908116 0 1.000000 0 0.031482 0 0 1.000000 0 0 0 0 1.000000 1.000000 0 0 0.908116 0 1.000000 0 0.031482 0 0 1.000000 0 0 0 0 1.000000 1.000000 0 0 0.908116 0 1.000000 0 0.031482 0 0 1.000000 0 0 0 0 1.000000 1.000000 0 0 0.908116 0 1.000000 0 0.031482 0 0 1.000000 0 0 0 0 1.000000 1.000000 0 0 0.908116 0 1.000000 0 0.031482 0 0 1.000000 0 0 0 0 1.000000 1.000000 0 0 0.908116 0 1.000000 0 0.031481 0 0 1.000000 0 0 0 0 1.000000 1.000000 0 0 0.908116 0 1.000000 0 0.031482 0 0 1.000000 0 0 0 0 1.000000 1.000000 0 0 0.908116 0 1.000000 0 0.031482 0 0 1.000000 0 0 0 0 1.000000 1.000000 0 0 0.908116 0 1.000000 0 0.031482 0 0 1.000000 0 0 0 0 1.000000 1.000000 0 0 0.908116 0 1.000000 0 0.031482 0 0 1.000000 0 0 0 0 1.000000 1.000000 0 0 0.908116 0 1.000000 0 0.031482 0 0 1.000000 0 0 0 0 1.000000 1.000000 0 0 0.908116 0 1.000000 0 0.031482 0 0 1.000000 0 0 0 0 1.000000 1.000000 0 0 0.908116 0 1.000000 0 0.031482 0 0 1.000000 0 0 0 0 1.000000 1.000000 0 0 0.908116 0 1.000000 0 0.031482 0 0 1.000000 0 0 0 0 1.000000 1.000000 0 0 0.908116 0 1.000000 0 0.031482 0 0 1.000000 0 0 0 0 1.000000 1.000000 0 0 0.908116 0 1.000000 0 0.031481 0 0 1.000000 0 0 0 0 1.000000 1.000000 0 0 0.908116 0 1.000000 0 0.031481 0 0 1.000000 0 0 0 0 1.000000 1.000000 0 0 0.908116 0 1.000000 0 0.031482 0 0 1.000000 0 0 0 0 1.000000 1.000000 0 0 0.908116 0 1.000000 0 0.031481 0 0 1.000000 0 0 0 0 1.000000 1.000000 0 0 0.908116 0 1.000000 0 0.031482 0 0 1.000000 0 0 0 0 1.000000 1.000000 0 0 0.908116 0 1.000000 0 0.031482 0 0 1.000000 0 0 0 0 1.000000 1.000000 0 0 0.908116 0 1.000000 0 0.031482 0 0 1.000000 0 0 0 0 1.000000</float_array>
        <technique_common>
          <accessor source="#Bip01_Neck_matrix_Bip01_Neck_transform-output-array" count="61" stride="16">
            <param name="TRANSFORM" type="float4x4"/>
          </accessor>
        </technique_common>
      </source>
      <source id="Bip01_Neck_matrix_Bip01_Neck_transform-interpolations">
        <Name_array id="Bip01_Neck_matrix_Bip01_Neck_transform-interpolations-array" count="61">LINEAR LINEAR LINEAR LINEAR LINEAR LINEAR LINEAR LINEAR LINEAR LINEAR LINEAR LINEAR LINEAR LINEAR LINEAR LINEAR LINEAR LINEAR LINEAR LINEAR LINEAR LINEAR LINEAR LINEAR LINEAR LINEAR LINEAR LINEAR LINEAR LINEAR LINEAR LINEAR LINEAR LINEAR LINEAR LINEAR LINEAR LINEAR LINEAR LINEAR LINEAR LINEAR LINEAR LINEAR LINEAR LINEAR LINEAR LINEAR LINEAR LINEAR LINEAR LINEAR LINEAR LINEAR LINEAR LINEAR LINEAR LINEAR LINEAR LINEAR LINEAR</Name_array>
        <technique_common>
          <accessor source="#Bip01_Neck_matrix_Bip01_Neck_transform-interpolations-array" count="61" stride="1">
            <param name="INTERPOLATION" type="Name"/>
          </accessor>
        </technique_common>
      </source>
      <sampler id="Bip01_Neck_matrix_Bip01_Neck_transform-sampler">
        <input semantic="INPUT" source="#Bip01_Neck_matrix_Bip01_Neck_transform-input"/>
        <input semantic="OUTPUT" source="#Bip01_Neck_matrix_Bip01_Neck_transform-output"/>
        <input semantic="INTERPOLATION" source="#Bip01_Neck_matrix_Bip01_Neck_transform-interpolations"/>
      </sampler>
      <channel source="#Bip01_Neck_matrix_Bip01_Neck_transform-sampler" target="Bip01_Neck/transform"/>
    </animation>
    <animation id="Bip01_Head_matrix">
      <source id="Bip01_Head_matrix_Bip01_Head_transform-input">
        <float_array id="Bip01_Head_matrix_Bip01_Head_transform-input-array" count="61">0 0.033333 0.066667 0.100000 0.133333 0.166667 0.200000 0.233333 0.266667 0.300000 0.333333 0.366667 0.400000 0.433333 0.466667 0.500000 0.533333 0.566667 0.600000 0.633333 0.666667 0.700000 0.733334 0.766667 0.800000 0.833334 0.866667 0.900000 0.933334 0.966667 1.000000 1.033334 1.066667 1.100000 1.133334 1.166667 1.200000 1.233333 1.266667 1.300000 1.333333 1.366667 1.400000 1.433333 1.466667 1.500000 1.533333 1.566666 1.600000 1.633333 1.666666 1.700000 1.733333 1.766666 1.800000 1.833333 1.866666 1.899999 1.933333 1.966666 1.999999</float_array>
        <technique_common>
          <accessor source="#Bip01_Head_matrix_Bip01_Head_transform-input-array" count="61" stride="1">
            <param name="TIME" type="float"/>
          </accessor>
        </technique_common>
        <technique profile="MAYA">
          <pre_infinity>CONSTANT</pre_infinity>
          <post_infinity>CONSTANT</post_infinity>
        </technique>
      </source>
      <source id="Bip01_Head_matrix_Bip01_Head_transform-output">
        <float_array id="Bip01_Head_matrix_Bip01_Head_transform-output-array" count="976">0.818694 0.574230 0.000002 0.311891 -0.574230 0.818694 -0.000001 -0.000000 -0.000002 -0.000001 1.000000 0 0 0 0 1.000000 0.818462 0.574558 -0.001483 0.311891 -0.574538 0.818451 0.006630 0 0.005023 -0.004574 0.999977 0 0 0 0 1.000000 0.818222 0.574894 -0.003198 0.311890 -0.574803 0.818170 0.014125 0 0.010737 -0.009719 0.999895 0 0 0 0 1.000000 0.817968 0.575241 -0.005085 0.311891 -0.575013 0.817841 0.022269 -0.000000 0.016969 -0.015291 0.999739 0 0 0 0 1.000000 0.817701 0.575599 -0.007085 0.311891 -0.575161 0.817459 0.030844 -0.000000 0.023546 -0.021146 0.999499 0 0 0 0 1.000000 0.817419 0.575971 -0.009140 0.311891 -0.575246 0.817020 0.039633 0.000000 0.030295 -0.027140 0.999172 0 0 0 0 1.000000 0.817123 0.576354 -0.011190 0.311891 -0.575271 0.816528 0.048421 0.000000 0.037044 -0.033128 0.998764 0 0 0 0 1.000000 0.816816 0.576748 -0.013177 0.311891 -0.575247 0.815992 0.056989 -0.000000 0.043621 -0.038969 0.998288 0 0 0 0 1.000000 0.816500 0.577150 -0.015045 0.311891 -0.575189 0.815424 0.065122 0.000000 0.049853 -0.044518 0.997764 0 0 0 0 1.000000 0.816181 0.577554 -0.016734 0.311891 -0.575118 0.814842 0.072604 -0.000000 0.055568 -0.049634 0.997220 0 0 0 0 1.000000 0.815865 0.577956 -0.018187 0.311891 -0.575058 0.814268 0.079220 0 0.060595 -0.054174 0.996691 0 0 0 0 1.000000 0.815561 0.578348 -0.019342 0.311891 -0.575038 0.813728 0.084725 -0.000000 0.064739 -0.057976 0.996217 0 0 0 0 1.000000 0.815270 0.578730 -0.020160 0.311891 -0.575087 0.813237 0.088996 -0.000000 0.067900 -0.060962 0.995828 0 0 0 0 1.000000 0.815003 0.579091 -0.020566 0.311891 -0.575233 0.812830 0.091728 0.000000 0.069836 -0.062929 0.995572 0 0 0 0 1.000000 0.814765 0.579428 -0.020509 0.311891 -0.575501 0.812526 0.092737 0 0.070399 -0.063756 0.995480 0 0 0 0 1.000000 0.814560 0.579737 -0.019934 0.311891 -0.575911 0.812341 0.091807 -0.000000 0.069417 -0.063302 0.995577 0 0 0 0 1.000000 0.814369 0.580040 -0.018913 0.311891 -0.576451 0.812241 0.089272 0 0.067144 -0.061798 0.995828 0 0 0 0 1.000000 0.814170 0.580361 -0.017578 0.311891 -0.577089 0.812175 0.085669 -0.000000 0.063996 -0.059605 0.996169 0 0 0 0 1.000000 0.813962 0.580699 -0.015958 0.311891 -0.577807 0.812135 0.081091 -0.000000 0.060049 -0.056784 0.996579 0 0 0 0 1.000000 0.813743 0.581054 -0.014083 0.311891 -0.578581 0.812111 0.075627 0 0.055380 -0.053393 0.997037 0 0 0 0 1.000000 0.813511 0.581426 -0.011982 0.311891 -0.579391 0.812093 0.069369 -0.000000 0.050063 -0.049491 0.997519 0 0 0 0 1.000000 0.813264 0.581814 -0.009684 0.311891 -0.580215 0.812068 0.062410 0.000000 0.044175 -0.045137 0.998004 0 0 0 0 1.000000 0.813003 0.582214 -0.007235 0.311891 -0.581029 0.812030 0.054889 0.000000 0.037832 -0.040421 0.998466 0 0 0 0 1.000000 0.812721 0.582634 -0.004617 0.311891 -0.581828 0.811967 0.046753 0 0.030988 -0.035311 0.998896 0 0 0 0 1.000000 0.812424 0.583064 -0.001906 0.311891 -0.582580 0.811873 0.038240 -0.000000 0.023844 -0.029957 0.999267 0 0 0 0 1.000000 0.812109 0.583505 0.000884 0.311891 -0.583274 0.811743 0.029395 0 0.016434 -0.024388 0.999567 0 0 0 0 1.000000 0.811778 0.583954 0.003725 0.311891 -0.583899 0.811572 0.020312 0 0.008838 -0.018664 0.999787 0 0 0 0 1.000000 0.811433 0.584408 0.006587 0.311891 -0.584444 0.811358 0.011083 -0.000000 0.001132 -0.012843 0.999917 0 0 0 0 1.000000 0.811077 0.584864 0.009442 0.311891 -0.584903 0.811102 0.001803 -0.000000 -0.006604 -0.006985 0.999954 0 0 0 0 1.000000 0.810713 0.585316 0.012262 0.311891 -0.585270 0.810804 -0.007435 -0.000001 -0.014294 -0.001149 0.999897 0 0 0 0 1.000000 0.810346 0.585759 0.015018 0.311891 -0.585544 0.810472 -0.016535 0.000000 -0.021858 0.004606 0.999750 0 0 0 0 1.000000 0.809981 0.586189 0.017683 0.311891 -0.585727 0.810110 -0.025405 -0.000001 -0.029217 0.010221 0.999521 0 0 0 0 1.000000 0.809626 0.586598 0.020228 0.311891 -0.585823 0.809728 -0.033950 -0.000000 -0.036294 0.015637 0.999219 0 0 0 0 1.000000 0.809286 0.586979 0.022626 0.311891 -0.585838 0.809335 -0.042078 -0.000000 -0.043011 0.020798 0.998858 0 0 0 0 1.000000 0.808969 0.587326 0.024850 0.311891 -0.585781 0.808944 -0.049693 0 -0.049288 0.025643 0.998455 0 0 0 0 1.000000 0.808684 0.587630 0.026873 0.311891 -0.585662 0.808569 -0.056704 0 -0.055050 0.030117 0.998029 0 0 0 0 1.000000 0.808438 0.587883 0.028668 0.311891 -0.585493 0.808224 -0.063017 -0.000000 -0.060217 0.034161 0.997601 0 0 0 0 1.000000 0.808240 0.588078 0.030208 0.311891 -0.585286 0.807925 -0.068541 0 -0.064713 0.037717 0.997191 0 0 0 0 1.000000 0.808099 0.588205 0.031465 0.311891 -0.585054 0.807685 -0.073182 -0.000000 -0.068460 0.040729 0.996822 0 0 0 0 1.000000 0.808024 0.588258 0.032414 0.311891 -0.584810 0.807522 -0.076849 0.000000 -0.071382 0.043139 0.996516 0 0 0 0 1.000000 0.808021 0.588227 0.033027 0.311891 -0.584563 0.807449 -0.079449 -0.000000 -0.073401 0.044890 0.996292 0 0 0 0 1.000000 0.808112 0.588089 0.033262 0.311891 -0.584307 0.807491 -0.080899 0 -0.074435 0.045940 0.996167 0 0 0 0 1.000000 0.808308 0.587828 0.033119 0.311891 -0.584028 0.807658 -0.081236 -0.000000 -0.074502 0.046322 0.996144 0 0 0 0 1.000000 0.808599 0.587456 0.032627 0.311891 -0.583729 0.807943 -0.080553 -0.000000 -0.073681 0.046090 0.996216 0 0 0 0 1.000000 0.808973 0.586984 0.031822 0.311891 -0.583412 0.808330 -0.078950 0.000001 -0.072065 0.045303 0.996371 0 0 0 0 1.000000 0.809428 0.586415 0.030715 0.311891 -0.583068 0.808815 -0.076480 -0.000000 -0.069692 0.043996 0.996598 0 0 0 0 1.000000 0.809946 0.585769 0.029356 0.311891 -0.582701 0.809377 -0.073272 -0.000000 -0.066680 0.042241 0.996880 0 0 0 0 1.000000 0.810519 0.585053 0.027766 0.311891 -0.582304 0.810004 -0.069403 0.000000 -0.063095 0.040085 0.997202 0 0 0 0 1.000000 0.811136 0.584281 0.025975 0.311891 -0.581873 0.810681 -0.064963 -0.000000 -0.059014 0.037579 0.997549 0 0 0 0 1.000000 0.811786 0.583461 0.024015 0.311891 -0.581405 0.811396 -0.060042 0.000000 -0.054517 0.034779 0.997907 0 0 0 0 1.000000 0.812459 0.582606 0.021913 0.311891 -0.580898 0.812135 -0.054730 0 -0.049682 0.031736 0.998261 0 0 0 0 1.000000 0.813146 0.581726 0.019701 0.311891 -0.580349 0.812885 -0.049117 -0.000000 -0.044588 0.028506 0.998599 0 0 0 0 1.000000 0.813838 0.580831 0.017410 0.311891 -0.579761 0.813636 -0.043295 0.000000 -0.039312 0.025141 0.998911 0 0 0 0 1.000000 0.814526 0.579931 0.015070 0.311891 -0.579133 0.814377 -0.037353 -0.000000 -0.033935 0.021697 0.999188 0 0 0 0 1.000000 0.815203 0.579035 0.012713 0.311891 -0.578472 0.815099 -0.031381 0.000000 -0.028533 0.018228 0.999427 0 0 0 0 1.000000 0.815862 0.578153 0.010370 0.311891 -0.577781 0.815794 -0.025471 0.000000 -0.023186 0.014789 0.999622 0 0 0 0 1.000000 0.816497 0.577293 0.008073 0.311891 -0.577070 0.816457 -0.019713 -0.000000 -0.017972 0.011437 0.999773 0 0 0 0 1.000000 0.817102 0.576463 0.005856 0.311891 -0.576347 0.817082 -0.014196 -0.000000 -0.012968 0.008225 0.999882 0 0 0 0 1.000000 0.817672 0.575672 0.003749 0.311890 -0.575625 0.817665 -0.009012 0 -0.008254 0.005211 0.999952 0 0 0 0 1.000000 0.818204 0.574925 0.001787 0.311891 -0.574914 0.818203 -0.004250 0 -0.003906 0.002450 0.999989 0 0 0 0 1.000000 0.818694 0.574230 0.000002 0.311891 -0.574230 0.818694 -0.000001 -0.000000 -0.000002 -0.000001 1.000000 0 0 0 0 1.000000</float_array>
        <technique_common>
          <accessor source="#Bip01_Head_matrix_Bip01_Head_transform-output-array" count="61" stride="16">
            <param name="TRANSFORM" type="float4x4"/>
          </accessor>
        </technique_common>
      </source>
      <source id="Bip01_Head_matrix_Bip01_Head_transform-interpolations">
        <Name_array id="Bip01_Head_matrix_Bip01_Head_transform-interpolations-array" count="61">LINEAR LINEAR LINEAR LINEAR LINEAR LINEAR LINEAR LINEAR LINEAR LINEAR LINEAR LINEAR LINEAR LINEAR LINEAR LINEAR LINEAR LINEAR LINEAR LINEAR LINEAR LINEAR LINEAR LINEAR LINEAR LINEAR LINEAR LINEAR LINEAR LINEAR LINEAR LINEAR LINEAR LINEAR LINEAR LINEAR LINEAR LINEAR LINEAR LINEAR LINEAR LINEAR LINEAR LINEAR LINEAR LINEAR LINEAR LINEAR LINEAR LINEAR LINEAR LINEAR LINEAR LINEAR LINEAR LINEAR LINEAR LINEAR LINEAR LINEAR LINEAR</Name_array>
        <technique_common>
          <accessor source="#Bip01_Head_matrix_Bip01_Head_transform-interpolations-array" count="61" stride="1">
            <param name="INTERPOLATION" type="Name"/>
          </accessor>
        </technique_common>
      </source>
      <sampler id="Bip01_Head_matrix_Bip01_Head_transform-sampler">
        <input semantic="INPUT" source="#Bip01_Head_matrix_Bip01_Head_transform-input"/>
        <input semantic="OUTPUT" source="#Bip01_Head_matrix_Bip01_Head_transform-output"/>
        <input semantic="INTERPOLATION" source="#Bip01_Head_matrix_Bip01_Head_transform-interpolations"/>
      </sampler>
      <channel source="#Bip01_Head_matrix_Bip01_Head_transform-sampler" target="Bip01_Head/transform"/>
    </animation>
    <animation id="Bip01_Ponytail1_matrix">
      <source id="Bip01_Ponytail1_matrix_Bip01_Ponytail1_transform-input">
        <float_array id="Bip01_Ponytail1_matrix_Bip01_Ponytail1_transform-input-array" count="61">0 0.033333 0.066667 0.100000 0.133333 0.166667 0.200000 0.233333 0.266667 0.300000 0.333333 0.366667 0.400000 0.433333 0.466667 0.500000 0.533333 0.566667 0.600000 0.633333 0.666667 0.700000 0.733334 0.766667 0.800000 0.833334 0.866667 0.900000 0.933334 0.966667 1.000000 1.033334 1.066667 1.100000 1.133334 1.166667 1.200000 1.233333 1.266667 1.300000 1.333333 1.366667 1.400000 1.433333 1.466667 1.500000 1.533333 1.566666 1.600000 1.633333 1.666666 1.700000 1.733333 1.766666 1.800000 1.833333 1.866666 1.899999 1.933333 1.966666 1.999999</float_array>
        <technique_common>
          <accessor source="#Bip01_Ponytail1_matrix_Bip01_Ponytail1_transform-input-array" count="61" stride="1">
            <param name="TIME" type="float"/>
          </accessor>
        </technique_common>
        <technique profile="MAYA">
          <pre_infinity>CONSTANT</pre_infinity>
          <post_infinity>CONSTANT</post_infinity>
        </technique>
      </source>
      <source id="Bip01_Ponytail1_matrix_Bip01_Ponytail1_transform-output">
        <float_array id="Bip01_Ponytail1_matrix_Bip01_Ponytail1_transform-output-array" count="976">-0.250861 0.968023 0.000003 0.787457 0.968023 0.250861 0.000004 1.064350 0.000003 0.000003 -1.000000 0.000007 0 0 0 1.000000 -0.255921 0.966696 -0.001889 0.787457 0.966675 0.255928 0.006355 1.064347 0.006627 -0.000200 -0.999978 0.000007 0 0 0 1.000000 -0.261864 0.965096 -0.004036 0.787458 0.965002 0.261895 0.013506 1.064344 0.014092 -0.000358 -0.999901 0.000007 0 0 0 1.000000 -0.268456 0.963271 -0.006397 0.787459 0.963036 0.268532 0.021249 1.064340 0.022186 -0.000457 -0.999754 0.000007 0 0 0 1.000000 -0.275463 0.961270 -0.008929 0.787460 0.960821 0.275607 0.029376 1.064337 0.030700 -0.000487 -0.999529 0.000007 0 0 0 1.000000 -0.282656 0.959152 -0.011580 0.787461 0.958411 0.282893 0.037684 1.064333 0.039420 -0.000447 -0.999223 0.000007 0 0 0 1.000000 -0.289810 0.956977 -0.014293 0.787461 0.955873 0.290162 0.045968 1.064330 0.048138 -0.000340 -0.998841 0.000007 0 0 0 1.000000 -0.296702 0.954819 -0.017004 0.787463 0.953289 0.297189 0.054028 1.064327 0.056641 -0.000179 -0.998395 0.000007 0 0 0 1.000000 -0.303116 0.952752 -0.019642 0.787464 0.950754 0.303751 0.061667 1.064323 0.064720 0.000017 -0.997904 0.000007 0 0 0 1.000000 -0.308838 0.950857 -0.022132 0.787464 0.948373 0.309630 0.068689 1.064320 0.072166 0.000225 -0.997393 0.000007 0 0 0 1.000000 -0.313658 0.949223 -0.024391 0.787465 0.946263 0.314605 0.074900 1.064318 0.078770 0.000413 -0.996893 0.000006 0 0 0 1.000000 -0.317351 0.947943 -0.026325 0.787466 0.944554 0.318441 0.080082 1.064317 0.084296 0.000549 -0.996441 0.000006 0 0 0 1.000000 -0.319768 0.947086 -0.027883 0.787466 0.943342 0.320981 0.084129 1.064315 0.088628 0.000599 -0.996065 0.000006 0 0 0 1.000000 -0.320643 0.946758 -0.028948 0.787467 0.942773 0.321947 0.086766 1.064314 0.091466 0.000530 -0.995808 0.000006 0 0 0 1.000000 -0.319787 0.947032 -0.029453 0.787466 0.942950 0.321140 0.087828 1.064314 0.092635 0.000313 -0.995700 0.000007 0 0 0 1.000000 -0.316983 0.947978 -0.029328 0.787466 0.943966 0.318337 0.087120 1.064316 0.091924 -0.000069 -0.995766 0.000007 0 0 0 1.000000 -0.312677 0.949425 -0.028741 0.787466 0.945603 0.313994 0.085097 1.064319 0.089818 -0.000570 -0.995958 0.000007 0 0 0 1.000000 -0.307500 0.951138 -0.027918 0.787465 0.947565 0.308762 0.082376 1.064320 0.086972 -0.001124 -0.996210 0.000007 0 0 0 1.000000 -0.301510 0.953084 -0.026885 0.787463 0.949806 0.302701 0.079001 1.064324 0.083432 -0.001716 -0.996512 0.000008 0 0 0 1.000000 -0.294765 0.955225 -0.025669 0.787463 0.952278 0.295871 0.075012 1.064327 0.079248 -0.002333 -0.996852 0.000008 0 0 0 1.000000 -0.287323 0.957525 -0.024296 0.787461 0.954935 0.288333 0.070454 1.064330 0.074467 -0.002958 -0.997219 0.000008 0 0 0 1.000000 -0.279243 0.959950 -0.022793 0.787460 0.957728 0.280149 0.065368 1.064335 0.069136 -0.003576 -0.997601 0.000008 0 0 0 1.000000 -0.270638 0.962448 -0.021197 0.787459 0.960595 0.271435 0.059835 1.064339 0.063342 -0.004169 -0.997983 0.000009 0 0 0 1.000000 -0.261402 0.965033 -0.019504 0.787458 0.963544 0.262086 0.053789 1.064344 0.057020 -0.004732 -0.998362 0.000009 0 0 0 1.000000 -0.251763 0.967626 -0.017768 0.787457 0.966479 0.252334 0.047383 1.064348 0.050333 -0.005243 -0.998719 0.000009 0 0 0 1.000000 -0.241726 0.970213 -0.016003 0.787455 0.969378 0.242188 0.040627 1.064353 0.043293 -0.005692 -0.999046 0.000009 0 0 0 1.000000 -0.231356 0.972765 -0.014232 0.787454 0.972205 0.231714 0.033567 1.064358 0.035950 -0.006071 -0.999335 0.000010 0 0 0 1.000000 -0.220716 0.975258 -0.012476 0.787452 0.974926 0.220977 0.026247 1.064363 0.028355 -0.006370 -0.999578 0.000010 0 0 0 1.000000 -0.209873 0.977669 -0.010752 0.787452 0.977512 0.210046 0.018718 1.064370 0.020558 -0.006582 -0.999767 0.000010 0 0 0 1.000000 -0.198894 0.979979 -0.009079 0.787450 0.979940 0.198988 0.011025 1.064374 0.012611 -0.006704 -0.999898 0.000010 0 0 0 1.000000 -0.187845 0.982170 -0.007470 0.787449 0.982188 0.187873 0.003219 1.064380 0.004565 -0.006733 -0.999967 0.000010 0 0 0 1.000000 -0.176798 0.984229 -0.005940 0.787448 0.984241 0.176772 -0.004653 1.064385 -0.003529 -0.006669 -0.999972 0.000010 0 0 0 1.000000 -0.165820 0.986146 -0.004497 0.787447 0.986088 0.165753 -0.012539 1.064390 -0.011619 -0.006514 -0.999911 0.000010 0 0 0 1.000000 -0.154984 0.987912 -0.003152 0.787447 0.987721 0.154889 -0.020389 1.064396 -0.019654 -0.006273 -0.999787 0.000010 0 0 0 1.000000 -0.144360 0.989523 -0.001909 0.787445 0.989141 0.144250 -0.028154 1.064401 -0.027583 -0.005953 -0.999602 0.000010 0 0 0 1.000000 -0.134021 0.990978 -0.000774 0.787445 0.990348 0.133908 -0.035782 1.064407 -0.035355 -0.005562 -0.999360 0.000009 0 0 0 1.000000 -0.124038 0.992278 0.000252 0.787445 0.991349 0.123933 -0.043222 1.064411 -0.042919 -0.005111 -0.999066 0.000009 0 0 0 1.000000 -0.114484 0.993424 0.001169 0.787444 0.992155 0.114397 -0.050424 1.064416 -0.050226 -0.004613 -0.998727 0.000009 0 0 0 1.000000 -0.105432 0.994425 0.001977 0.787443 0.992779 0.105371 -0.057336 1.064420 -0.057225 -0.004082 -0.998353 0.000009 0 0 0 1.000000 -0.096952 0.995285 0.002680 0.787442 0.993238 0.096925 -0.063908 1.064424 -0.063867 -0.003534 -0.997952 0.000009 0 0 0 1.000000 -0.089119 0.996016 0.003281 0.787442 0.993551 0.089130 -0.070090 1.064428 -0.070103 -0.002986 -0.997535 0.000008 0 0 0 1.000000 -0.084055 0.996454 0.003863 0.787442 0.993520 0.084104 -0.076447 1.064431 -0.076500 -0.002588 -0.997066 0.000008 0 0 0 1.000000 -0.083310 0.996514 0.004477 0.787442 0.993075 0.083394 -0.082752 1.064432 -0.082837 -0.002448 -0.996560 0.000008 0 0 0 1.000000 -0.086094 0.996274 0.005078 0.787442 0.992403 0.086207 -0.087775 1.064430 -0.087886 -0.002518 -0.996127 0.000008 0 0 0 1.000000 -0.091577 0.995782 0.005592 0.787443 0.991685 0.091707 -0.090280 1.064426 -0.090412 -0.002722 -0.995901 0.000008 0 0 0 1.000000 -0.099090 0.995061 0.005921 0.787443 0.991072 0.099223 -0.089055 1.064423 -0.089203 -0.002957 -0.996009 0.000008 0 0 0 1.000000 -0.107536 0.994183 0.006074 0.787444 0.990527 0.107661 -0.085233 1.064420 -0.085391 -0.003149 -0.996343 0.000008 0 0 0 1.000000 -0.116469 0.993175 0.006160 0.787444 0.989887 0.116585 -0.080824 1.064415 -0.080990 -0.003316 -0.996709 0.000008 0 0 0 1.000000 -0.125832 0.992032 0.006170 0.787444 0.989131 0.125936 -0.075894 1.064410 -0.076066 -0.003447 -0.997097 0.000008 0 0 0 1.000000 -0.135567 0.990749 0.006099 0.787444 0.988244 0.135659 -0.070508 1.064405 -0.070683 -0.003531 -0.997493 0.000008 0 0 0 1.000000 -0.145617 0.989323 0.005943 0.787446 0.987210 0.145695 -0.064732 1.064401 -0.064907 -0.003560 -0.997885 0.000008 0 0 0 1.000000 -0.155925 0.987752 0.005698 0.787447 0.986017 0.155989 -0.058631 1.064395 -0.058802 -0.003524 -0.998263 0.000008 0 0 0 1.000000 -0.166431 0.986038 0.005364 0.787448 0.984658 0.166482 -0.052272 1.064390 -0.052435 -0.003418 -0.998618 0.000008 0 0 0 1.000000 -0.177079 0.984184 0.004941 0.787448 0.983127 0.177119 -0.045720 1.064385 -0.045872 -0.003238 -0.998942 0.000008 0 0 0 1.000000 -0.187812 0.982195 0.004433 0.787450 0.981423 0.187841 -0.039041 1.064380 -0.039179 -0.002982 -0.999228 0.000008 0 0 0 1.000000 -0.198573 0.980078 0.003843 0.787450 0.979550 0.198592 -0.032302 1.064375 -0.032421 -0.002650 -0.999471 0.000008 0 0 0 1.000000 -0.209306 0.977845 0.003179 0.787451 0.977513 0.209318 -0.025568 1.064370 -0.025667 -0.002244 -0.999668 0.000008 0 0 0 1.000000 -0.219955 0.975507 0.002451 0.787453 0.975325 0.219962 -0.018905 1.064365 -0.018981 -0.001767 -0.999819 0.000008 0 0 0 1.000000 -0.230466 0.973079 0.001670 0.787454 0.973001 0.230469 -0.012379 1.064359 -0.012430 -0.001228 -0.999922 0.000007 0 0 0 1.000000 -0.240786 0.970578 0.000848 0.787454 0.970559 0.240787 -0.006054 1.064354 -0.006080 -0.000634 -0.999981 0.000007 0 0 0 1.000000 -0.250861 0.968023 0.000003 0.787457 0.968023 0.250861 0.000004 1.064350 0.000003 0.000003 -1.000000 0.000007 0 0 0 1.000000</float_array>
        <technique_common>
          <accessor source="#Bip01_Ponytail1_matrix_Bip01_Ponytail1_transform-output-array" count="61" stride="16">
            <param name="TRANSFORM" type="float4x4"/>
          </accessor>
        </technique_common>
      </source>
      <source id="Bip01_Ponytail1_matrix_Bip01_Ponytail1_transform-interpolations">
        <Name_array id="Bip01_Ponytail1_matrix_Bip01_Ponytail1_transform-interpolations-array" count="61">LINEAR LINEAR LINEAR LINEAR LINEAR LINEAR LINEAR LINEAR LINEAR LINEAR LINEAR LINEAR LINEAR LINEAR LINEAR LINEAR LINEAR LINEAR LINEAR LINEAR LINEAR LINEAR LINEAR LINEAR LINEAR LINEAR LINEAR LINEAR LINEAR LINEAR LINEAR LINEAR LINEAR LINEAR LINEAR LINEAR LINEAR LINEAR LINEAR LINEAR LINEAR LINEAR LINEAR LINEAR LINEAR LINEAR LINEAR LINEAR LINEAR LINEAR LINEAR LINEAR LINEAR LINEAR LINEAR LINEAR LINEAR LINEAR LINEAR LINEAR LINEAR</Name_array>
        <technique_common>
          <accessor source="#Bip01_Ponytail1_matrix_Bip01_Ponytail1_transform-interpolations-array" count="61" stride="1">
            <param name="INTERPOLATION" type="Name"/>
          </accessor>
        </technique_common>
      </source>
      <sampler id="Bip01_Ponytail1_matrix_Bip01_Ponytail1_transform-sampler">
        <input semantic="INPUT" source="#Bip01_Ponytail1_matrix_Bip01_Ponytail1_transform-input"/>
        <input semantic="OUTPUT" source="#Bip01_Ponytail1_matrix_Bip01_Ponytail1_transform-output"/>
        <input semantic="INTERPOLATION" source="#Bip01_Ponytail1_matrix_Bip01_Ponytail1_transform-interpolations"/>
      </sampler>
      <channel source="#Bip01_Ponytail1_matrix_Bip01_Ponytail1_transform-sampler" target="Bip01_Ponytail1/transform"/>
    </animation>
    <animation id="Bip01_Ponytail11_matrix">
      <source id="Bip01_Ponytail11_matrix_Bip01_Ponytail11_transform-input">
        <float_array id="Bip01_Ponytail11_matrix_Bip01_Ponytail11_transform-input-array" count="61">0 0.033333 0.066667 0.100000 0.133333 0.166667 0.200000 0.233333 0.266667 0.300000 0.333333 0.366667 0.400000 0.433333 0.466667 0.500000 0.533333 0.566667 0.600000 0.633333 0.666667 0.700000 0.733334 0.766667 0.800000 0.833334 0.866667 0.900000 0.933334 0.966667 1.000000 1.033334 1.066667 1.100000 1.133334 1.166667 1.200000 1.233333 1.266667 1.300000 1.333333 1.366667 1.400000 1.433333 1.466667 1.500000 1.533333 1.566666 1.600000 1.633333 1.666666 1.700000 1.733333 1.766666 1.800000 1.833333 1.866666 1.899999 1.933333 1.966666 1.999999</float_array>
        <technique_common>
          <accessor source="#Bip01_Ponytail11_matrix_Bip01_Ponytail11_transform-input-array" count="61" stride="1">
            <param name="TIME" type="float"/>
          </accessor>
        </technique_common>
        <technique profile="MAYA">
          <pre_infinity>CONSTANT</pre_infinity>
          <post_infinity>CONSTANT</post_infinity>
        </technique>
      </source>
      <source id="Bip01_Ponytail11_matrix_Bip01_Ponytail11_transform-output">
        <float_array id="Bip01_Ponytail11_matrix_Bip01_Ponytail11_transform-output-array" count="976">0.967251 0.253823 0.000001 0.615828 -0.253823 0.967251 0 -0.000475 -0.000001 0 1.000000 0 0 0 0 1.000000 0.965887 0.258886 0.006345 0.615825 -0.258879 0.965908 -0.001912 -0.000474 -0.006624 0.000204 0.999978 0 0 0 0 1.000000 0.964196 0.264849 0.013487 0.615822 -0.264818 0.964290 -0.004080 -0.000474 -0.014086 0.000362 0.999901 -0.000000 0 0 0 1.000000 0.962210 0.271480 0.021218 0.615819 -0.271403 0.962444 -0.006465 -0.000472 -0.022176 0.000462 0.999754 -0.000000 0 0 0 1.000000 0.959974 0.278549 0.029333 0.615816 -0.278403 0.960422 -0.009021 -0.000471 -0.030685 0.000493 0.999529 -0.000000 0 0 0 1.000000 0.957542 0.285828 0.037627 0.615812 -0.285589 0.958281 -0.011696 -0.000470 -0.039400 0.000454 0.999223 -0.000000 0 0 0 1.000000 0.954983 0.293091 0.045897 0.615808 -0.292735 0.956085 -0.014434 -0.000468 -0.048112 0.000349 0.998842 -0.000000 0 0 0 1.000000 0.952378 0.300111 0.053944 0.615805 -0.299619 0.953904 -0.017169 -0.000468 -0.056610 0.000189 0.998396 0 0 0 0 1.000000 0.949823 0.306667 0.061570 0.615802 -0.306026 0.951817 -0.019830 -0.000467 -0.064685 -0.000007 0.997906 0 0 0 0 1.000000 0.947426 0.312540 0.068582 0.615798 -0.311740 0.949905 -0.022340 -0.000466 -0.072128 -0.000214 0.997395 0.000000 0 0 0 1.000000 0.945301 0.317510 0.074785 0.615796 -0.316555 0.948255 -0.024618 -0.000465 -0.078732 -0.000402 0.996896 0.000000 0 0 0 1.000000 0.943581 0.321342 0.079962 0.615794 -0.320242 0.946963 -0.026568 -0.000464 -0.084259 -0.000538 0.996444 0.000000 0 0 0 1.000000 0.942361 0.323879 0.084009 0.615793 -0.322655 0.946098 -0.028139 -0.000464 -0.088594 -0.000589 0.996068 0.000000 0 0 0 1.000000 0.941790 0.324844 0.086649 0.615793 -0.323528 0.945767 -0.029213 -0.000463 -0.091440 -0.000521 0.995811 0.000000 0 0 0 1.000000 0.941968 0.324038 0.087720 0.615793 -0.322672 0.946044 -0.029723 -0.000464 -0.092619 -0.000306 0.995702 0.000000 0 0 0 1.000000 0.942992 0.321238 0.087027 0.615794 -0.319871 0.946999 -0.029598 -0.000465 -0.091922 0.000073 0.995766 0 0 0 0 1.000000 0.944641 0.316899 0.085023 0.615797 -0.315569 0.948459 -0.029006 -0.000465 -0.089833 0.000570 0.995957 -0.000000 0 0 0 1.000000 0.946617 0.311672 0.082324 0.615799 -0.310398 0.950189 -0.028177 -0.000466 -0.087006 0.001120 0.996207 -0.000001 0 0 0 1.000000 0.948874 0.305617 0.078973 0.615803 -0.304415 0.952153 -0.027136 -0.000467 -0.083487 0.001708 0.996507 -0.000001 0 0 0 1.000000 0.951365 0.298793 0.075010 0.615805 -0.297677 0.954315 -0.025909 -0.000468 -0.079325 0.002321 0.996846 -0.000001 0 0 0 1.000000 0.954043 0.291262 0.070480 0.615809 -0.290243 0.956639 -0.024525 -0.000470 -0.074567 0.002941 0.997212 -0.000001 0 0 0 1.000000 0.956861 0.283084 0.065424 0.615813 -0.282170 0.959088 -0.023008 -0.000469 -0.069261 0.003555 0.997592 -0.000002 0 0 0 1.000000 0.959753 0.274378 0.059922 0.615817 -0.273574 0.961613 -0.021397 -0.000471 -0.063492 0.004143 0.997974 -0.000002 0 0 0 1.000000 0.962730 0.265037 0.053908 0.615822 -0.264347 0.964227 -0.019687 -0.000473 -0.057198 0.004703 0.998352 -0.000002 0 0 0 1.000000 0.965694 0.255294 0.047536 0.615827 -0.254716 0.966850 -0.017933 -0.000475 -0.050539 0.005210 0.998709 -0.000003 0 0 0 1.000000 0.968624 0.245155 0.040814 0.615831 -0.244688 0.969467 -0.016149 -0.000475 -0.043527 0.005655 0.999036 -0.000003 0 0 0 1.000000 0.971483 0.234689 0.033788 0.615837 -0.234327 0.972052 -0.014357 -0.000477 -0.036214 0.006030 0.999326 -0.000003 0 0 0 1.000000 0.974238 0.223959 0.026505 0.615842 -0.223695 0.974578 -0.012579 -0.000479 -0.028648 0.006326 0.999569 -0.000003 0 0 0 1.000000 0.976860 0.213035 0.019010 0.615847 -0.212860 0.977023 -0.010832 -0.000480 -0.020881 0.006535 0.999761 -0.000003 0 0 0 1.000000 0.979323 0.201985 0.011354 0.615853 -0.201888 0.979366 -0.009135 -0.000480 -0.012964 0.006654 0.999894 -0.000003 0 0 0 1.000000 0.981608 0.190877 0.003582 0.615858 -0.190846 0.981591 -0.007502 -0.000482 -0.004949 0.006681 0.999965 -0.000003 0 0 0 1.000000 0.983697 0.179782 -0.004254 0.615864 -0.179805 0.983684 -0.005947 -0.000482 0.003115 0.006615 0.999973 -0.000003 0 0 0 1.000000 0.985581 0.168769 -0.012105 0.615869 -0.168834 0.985635 -0.004479 -0.000484 0.011175 0.006458 0.999917 -0.000003 0 0 0 1.000000 0.987252 0.157911 -0.019921 0.615874 -0.158003 0.987434 -0.003108 -0.000485 0.019180 0.006216 0.999797 -0.000003 0 0 0 1.000000 0.988709 0.147277 -0.027653 0.615880 -0.147383 0.989078 -0.001840 -0.000485 0.027080 0.005895 0.999616 -0.000003 0 0 0 1.000000 0.989952 0.136939 -0.035248 0.615884 -0.137048 0.990564 -0.000679 -0.000486 0.034822 0.005503 0.999378 -0.000003 0 0 0 1.000000 0.990989 0.126969 -0.042657 0.615890 -0.127068 0.991894 0.000372 -0.000487 0.042358 0.005052 0.999090 -0.000002 0 0 0 1.000000 0.991829 0.117436 -0.049829 0.615895 -0.117517 0.993070 0.001312 -0.000487 0.049638 0.004554 0.998757 -0.000002 0 0 0 1.000000 0.992487 0.108413 -0.056712 0.615899 -0.108467 0.994098 0.002144 -0.000488 0.056610 0.004023 0.998388 -0.000002 0 0 0 1.000000 0.992978 0.099970 -0.063257 0.615903 -0.099989 0.994984 0.002869 -0.000488 0.063227 0.003476 0.997993 -0.000002 0 0 0 1.000000 0.993320 0.092177 -0.069413 0.615907 -0.092157 0.995738 0.003492 -0.000488 0.069440 0.002928 0.997582 -0.000001 0 0 0 1.000000 0.993311 0.087152 -0.075743 0.615909 -0.087093 0.996192 0.004095 -0.000489 0.075812 0.002530 0.997119 -0.000001 0 0 0 1.000000 0.992875 0.086443 -0.082025 0.615909 -0.086347 0.996254 0.004727 -0.000489 0.082126 0.002389 0.996619 -0.000001 0 0 0 1.000000 0.992199 0.089255 -0.087031 0.615908 -0.089129 0.996006 0.005341 -0.000489 0.087160 0.002458 0.996191 -0.000001 0 0 0 1.000000 0.991466 0.094754 -0.089534 0.615905 -0.094610 0.995497 0.005859 -0.000488 0.089686 0.002661 0.995967 -0.000001 0 0 0 1.000000 0.990828 0.102268 -0.088330 0.615903 -0.102122 0.994753 0.006182 -0.000488 0.088499 0.002896 0.996072 -0.000002 0 0 0 1.000000 0.990251 0.110703 -0.084541 0.615897 -0.110566 0.993849 0.006321 -0.000488 0.084721 0.003088 0.996400 -0.000002 0 0 0 1.000000 0.989577 0.119623 -0.080171 0.615894 -0.119497 0.992814 0.006391 -0.000487 0.080359 0.003256 0.996761 -0.000002 0 0 0 1.000000 0.988787 0.128971 -0.075282 0.615888 -0.128858 0.991642 0.006384 -0.000487 0.075476 0.003389 0.997142 -0.000002 0 0 0 1.000000 0.987863 0.138690 -0.069941 0.615884 -0.138590 0.990330 0.006295 -0.000486 0.070137 0.003475 0.997531 -0.000002 0 0 0 1.000000 0.986792 0.148722 -0.064211 0.615879 -0.148638 0.988873 0.006120 -0.000485 0.064407 0.003506 0.997918 -0.000002 0 0 0 1.000000 0.985562 0.159011 -0.058160 0.615874 -0.158941 0.987271 0.005856 -0.000485 0.058350 0.003473 0.998290 -0.000002 0 0 0 1.000000 0.984165 0.169499 -0.051851 0.615869 -0.169443 0.985525 0.005502 -0.000484 0.052033 0.003371 0.998640 -0.000002 0 0 0 1.000000 0.982597 0.180129 -0.045351 0.615864 -0.180086 0.983638 0.005060 -0.000482 0.045520 0.003196 0.998958 -0.000002 0 0 0 1.000000 0.980856 0.190845 -0.038725 0.615858 -0.190814 0.981616 0.004532 -0.000482 0.038878 0.002945 0.999240 -0.000001 0 0 0 1.000000 0.978946 0.201590 -0.032040 0.615853 -0.201569 0.979466 0.003923 -0.000481 0.032173 0.002618 0.999479 -0.000001 0 0 0 1.000000 0.976874 0.212309 -0.025360 0.615847 -0.212296 0.977200 0.003241 -0.000479 0.025470 0.002218 0.999673 -0.000001 0 0 0 1.000000 0.974650 0.222946 -0.018751 0.615842 -0.222939 0.974829 0.002495 -0.000479 0.018835 0.001748 0.999821 -0.000001 0 0 0 1.000000 0.972292 0.233446 -0.012278 0.615838 -0.233443 0.972369 0.001697 -0.000477 0.012335 0.001216 0.999923 -0.000001 0 0 0 1.000000 0.969818 0.243756 -0.006006 0.615832 -0.243756 0.969836 0.000860 -0.000476 0.006035 0.000630 0.999981 -0.000000 0 0 0 1.000000 0.967251 0.253823 0.000001 0.615828 -0.253823 0.967251 0 -0.000475 -0.000001 0 1.000000 0 0 0 0 1.000000</float_array>
        <technique_common>
          <accessor source="#Bip01_Ponytail11_matrix_Bip01_Ponytail11_transform-output-array" count="61" stride="16">
            <param name="TRANSFORM" type="float4x4"/>
          </accessor>
        </technique_common>
      </source>
      <source id="Bip01_Ponytail11_matrix_Bip01_Ponytail11_transform-interpolations">
        <Name_array id="Bip01_Ponytail11_matrix_Bip01_Ponytail11_transform-interpolations-array" count="61">LINEAR LINEAR LINEAR LINEAR LINEAR LINEAR LINEAR LINEAR LINEAR LINEAR LINEAR LINEAR LINEAR LINEAR LINEAR LINEAR LINEAR LINEAR LINEAR LINEAR LINEAR LINEAR LINEAR LINEAR LINEAR LINEAR LINEAR LINEAR LINEAR LINEAR LINEAR LINEAR LINEAR LINEAR LINEAR LINEAR LINEAR LINEAR LINEAR LINEAR LINEAR LINEAR LINEAR LINEAR LINEAR LINEAR LINEAR LINEAR LINEAR LINEAR LINEAR LINEAR LINEAR LINEAR LINEAR LINEAR LINEAR LINEAR LINEAR LINEAR LINEAR</Name_array>
        <technique_common>
          <accessor source="#Bip01_Ponytail11_matrix_Bip01_Ponytail11_transform-interpolations-array" count="61" stride="1">
            <param name="INTERPOLATION" type="Name"/>
          </accessor>
        </technique_common>
      </source>
      <sampler id="Bip01_Ponytail11_matrix_Bip01_Ponytail11_transform-sampler">
        <input semantic="INPUT" source="#Bip01_Ponytail11_matrix_Bip01_Ponytail11_transform-input"/>
        <input semantic="OUTPUT" source="#Bip01_Ponytail11_matrix_Bip01_Ponytail11_transform-output"/>
        <input semantic="INTERPOLATION" source="#Bip01_Ponytail11_matrix_Bip01_Ponytail11_transform-interpolations"/>
      </sampler>
      <channel source="#Bip01_Ponytail11_matrix_Bip01_Ponytail11_transform-sampler" target="Bip01_Ponytail11/transform"/>
    </animation>
    <animation id="Bip01_Ponytail12_matrix">
      <source id="Bip01_Ponytail12_matrix_Bip01_Ponytail12_transform-input">
        <float_array id="Bip01_Ponytail12_matrix_Bip01_Ponytail12_transform-input-array" count="61">0 0.033333 0.066667 0.100000 0.133333 0.166667 0.200000 0.233333 0.266667 0.300000 0.333333 0.366667 0.400000 0.433333 0.466667 0.500000 0.533333 0.566667 0.600000 0.633333 0.666667 0.700000 0.733334 0.766667 0.800000 0.833334 0.866667 0.900000 0.933334 0.966667 1.000000 1.033334 1.066667 1.100000 1.133334 1.166667 1.200000 1.233333 1.266667 1.300000 1.333333 1.366667 1.400000 1.433333 1.466667 1.500000 1.533333 1.566666 1.600000 1.633333 1.666666 1.700000 1.733333 1.766666 1.800000 1.833333 1.866666 1.899999 1.933333 1.966666 1.999999</float_array>
        <technique_common>
          <accessor source="#Bip01_Ponytail12_matrix_Bip01_Ponytail12_transform-input-array" count="61" stride="1">
            <param name="TIME" type="float"/>
          </accessor>
        </technique_common>
        <technique profile="MAYA">
          <pre_infinity>CONSTANT</pre_infinity>
          <post_infinity>CONSTANT</post_infinity>
        </technique>
      </source>
      <source id="Bip01_Ponytail12_matrix_Bip01_Ponytail12_transform-output">
        <float_array id="Bip01_Ponytail12_matrix_Bip01_Ponytail12_transform-output-array" count="976">0.949580 0.313525 0.000001 0.615797 -0.313525 0.949580 -0.000000 -0.000466 -0.000001 -0.000000 1.000000 0 0 0 0 1.000000 0.947904 0.318495 0.006213 0.615795 -0.318487 0.947924 -0.002303 -0.000465 -0.006623 0.000204 0.999978 0 0 0 0 1.000000 0.945847 0.324346 0.013202 0.615793 -0.324309 0.945939 -0.004912 -0.000464 -0.014082 0.000364 0.999901 -0.000000 0 0 0 1.000000 0.943455 0.330849 0.020765 0.615789 -0.330758 0.943684 -0.007774 -0.000463 -0.022167 0.000466 0.999754 -0.000000 0 0 0 1.000000 0.940788 0.337779 0.028698 0.615786 -0.337606 0.941225 -0.010830 -0.000461 -0.030670 0.000500 0.999529 -0.000000 0 0 0 1.000000 0.937914 0.344911 0.036803 0.615782 -0.344627 0.938635 -0.014018 -0.000461 -0.039379 0.000464 0.999224 -0.000000 0 0 0 1.000000 0.934915 0.352023 0.044880 0.615779 -0.351599 0.935991 -0.017266 -0.000458 -0.048085 0.000362 0.998843 -0.000000 0 0 0 1.000000 0.931887 0.358894 0.052734 0.615775 -0.358308 0.933378 -0.020497 -0.000457 -0.056577 0.000205 0.998398 0 0 0 0 1.000000 0.928940 0.365308 0.060175 0.615773 -0.364543 0.930887 -0.023628 -0.000457 -0.064648 0.000012 0.997908 0 0 0 0 1.000000 0.926192 0.371050 0.067013 0.615770 -0.370098 0.928613 -0.026569 -0.000456 -0.072088 -0.000193 0.997398 0 0 0 0 1.000000 0.923772 0.375909 0.073062 0.615768 -0.374771 0.926657 -0.029229 -0.000454 -0.078691 -0.000381 0.996899 0.000000 0 0 0 1.000000 0.921826 0.379653 0.078108 0.615765 -0.378344 0.925129 -0.031497 -0.000454 -0.084218 -0.000517 0.996447 0.000000 0 0 0 1.000000 0.920458 0.382131 0.082055 0.615764 -0.380676 0.924108 -0.033316 -0.000453 -0.088558 -0.000570 0.996071 0.000000 0 0 0 1.000000 0.919833 0.383073 0.084632 0.615764 -0.381512 0.923718 -0.034552 -0.000453 -0.091412 -0.000506 0.995813 0.000000 0 0 0 1.000000 0.920063 0.382285 0.085682 0.615764 -0.380668 0.924044 -0.035126 -0.000453 -0.092603 -0.000298 0.995703 0.000000 0 0 0 1.000000 0.921257 0.379549 0.085017 0.615765 -0.377936 0.925172 -0.034956 -0.000454 -0.091923 0.000073 0.995766 0 0 0 0 1.000000 0.923169 0.375309 0.083076 0.615767 -0.373744 0.926899 -0.034239 -0.000455 -0.089853 0.000560 0.995955 -0.000000 0 0 0 1.000000 0.925462 0.370199 0.080458 0.615770 -0.368705 0.928952 -0.033241 -0.000455 -0.087047 0.001098 0.996204 -0.000001 0 0 0 1.000000 0.928085 0.364277 0.077204 0.615773 -0.362873 0.931289 -0.031991 -0.000456 -0.083553 0.001675 0.996502 -0.000001 0 0 0 1.000000 0.930989 0.357600 0.073354 0.615776 -0.356303 0.933872 -0.030517 -0.000458 -0.079416 0.002275 0.996839 -0.000001 0 0 0 1.000000 0.934124 0.350227 0.068948 0.615780 -0.349049 0.936660 -0.028849 -0.000459 -0.074685 0.002883 0.997203 -0.000001 0 0 0 1.000000 0.937437 0.342217 0.064027 0.615784 -0.341167 0.939615 -0.027017 -0.000461 -0.069407 0.003483 0.997582 -0.000002 0 0 0 1.000000 0.940858 0.333684 0.058668 0.615788 -0.332766 0.942676 -0.025063 -0.000462 -0.063668 0.004057 0.997963 -0.000002 0 0 0 1.000000 0.944403 0.324523 0.052807 0.615793 -0.323741 0.945867 -0.022976 -0.000464 -0.057405 0.004603 0.998341 -0.000002 0 0 0 1.000000 0.947960 0.314961 0.046592 0.615797 -0.314313 0.949091 -0.020823 -0.000465 -0.050778 0.005096 0.998697 -0.000002 0 0 0 1.000000 0.951509 0.305005 0.040030 0.615802 -0.304486 0.952335 -0.018619 -0.000467 -0.043800 0.005527 0.999025 -0.000003 0 0 0 1.000000 0.955008 0.294719 0.033165 0.615807 -0.294322 0.955566 -0.016387 -0.000468 -0.036521 0.005888 0.999316 -0.000003 0 0 0 1.000000 0.958421 0.284167 0.026043 0.615812 -0.283882 0.958755 -0.014151 -0.000470 -0.028990 0.006170 0.999561 -0.000003 0 0 0 1.000000 0.961714 0.273416 0.018709 0.615817 -0.273230 0.961875 -0.011934 -0.000471 -0.021259 0.006366 0.999754 -0.000003 0 0 0 1.000000 0.964858 0.262533 0.011210 0.615823 -0.262432 0.964901 -0.009756 -0.000473 -0.013378 0.006471 0.999890 -0.000003 0 0 0 1.000000 0.967828 0.251585 0.003593 0.615828 -0.251553 0.967814 -0.007634 -0.000475 -0.005398 0.006485 0.999965 -0.000003 0 0 0 1.000000 0.970605 0.240642 -0.004094 0.615833 -0.240662 0.970593 -0.005585 -0.000476 0.002629 0.006406 0.999976 -0.000003 0 0 0 1.000000 0.973173 0.229772 -0.011801 0.615839 -0.229828 0.973225 -0.003623 -0.000478 0.010653 0.006238 0.999924 -0.000003 0 0 0 1.000000 0.975520 0.219047 -0.019481 0.615844 -0.219122 0.975696 -0.001759 -0.000479 0.018622 0.005984 0.999809 -0.000003 0 0 0 1.000000 0.977639 0.208537 -0.027083 0.615849 -0.208613 0.977998 -0.000002 -0.000480 0.026486 0.005652 0.999633 -0.000003 0 0 0 1.000000 0.979530 0.198312 -0.034556 0.615855 -0.198374 0.980125 0.001639 -0.000480 0.034194 0.005250 0.999401 -0.000003 0 0 0 1.000000 0.981192 0.188444 -0.041851 0.615859 -0.188478 0.982072 0.003158 -0.000481 0.041696 0.004789 0.999119 -0.000002 0 0 0 1.000000 0.982632 0.179004 -0.048918 0.615864 -0.178997 0.983839 0.004554 -0.000482 0.048942 0.004282 0.998792 -0.000002 0 0 0 1.000000 0.983858 0.170063 -0.055705 0.615868 -0.170004 0.985426 0.005822 -0.000484 0.055883 0.003742 0.998430 -0.000002 0 0 0 1.000000 0.984882 0.161692 -0.062161 0.615873 -0.161573 0.986836 0.006962 -0.000484 0.062469 0.003187 0.998042 -0.000002 0 0 0 1.000000 0.985718 0.153961 -0.068238 0.615875 -0.153777 0.988073 0.007976 -0.000484 0.068652 0.002631 0.997637 -0.000001 0 0 0 1.000000 0.986031 0.148975 -0.074488 0.615878 -0.148721 0.988839 0.008979 -0.000485 0.074995 0.002224 0.997181 -0.000001 0 0 0 1.000000 0.985649 0.148272 -0.080690 0.615879 -0.147948 0.988945 0.010006 -0.000486 0.081282 0.002075 0.996689 -0.000001 0 0 0 1.000000 0.984808 0.151064 -0.085631 0.615877 -0.150683 0.988522 0.010931 -0.000485 0.086299 0.002138 0.996267 -0.000001 0 0 0 1.000000 0.983738 0.156521 -0.088096 0.615875 -0.156108 0.987672 0.011601 -0.000484 0.088826 0.002340 0.996044 -0.000001 0 0 0 1.000000 0.982630 0.163974 -0.086898 0.615871 -0.163566 0.986461 0.011838 -0.000484 0.087663 0.002581 0.996147 -0.000001 0 0 0 1.000000 0.981523 0.172336 -0.083151 0.615867 -0.171959 0.985034 0.011730 -0.000483 0.083928 0.002786 0.996468 -0.000001 0 0 0 1.000000 0.980287 0.181174 -0.078831 0.615862 -0.180832 0.983447 0.011514 -0.000482 0.079612 0.002968 0.996822 -0.000001 0 0 0 1.000000 0.978907 0.190430 -0.074003 0.615858 -0.190127 0.981696 0.011190 -0.000481 0.074779 0.003116 0.997195 -0.000002 0 0 0 1.000000 0.977373 0.200048 -0.068731 0.615853 -0.199785 0.979781 0.010755 -0.000480 0.069493 0.003219 0.997577 -0.000002 0 0 0 1.000000 0.975671 0.209970 -0.063080 0.615849 -0.209747 0.977702 0.010211 -0.000479 0.063817 0.003269 0.997956 -0.000002 0 0 0 1.000000 0.973795 0.220139 -0.057115 0.615844 -0.219955 0.975463 0.009558 -0.000478 0.057818 0.003256 0.998322 -0.000002 0 0 0 1.000000 0.971741 0.230497 -0.050902 0.615839 -0.230351 0.973068 0.008799 -0.000477 0.051559 0.003175 0.998665 -0.000002 0 0 0 1.000000 0.969507 0.240990 -0.044505 0.615834 -0.240878 0.970523 0.007941 -0.000476 0.045107 0.003022 0.998978 -0.000002 0 0 0 1.000000 0.967096 0.251559 -0.037989 0.615829 -0.251478 0.967838 0.006989 -0.000474 0.038525 0.002794 0.999254 -0.000001 0 0 0 1.000000 0.964516 0.262150 -0.031419 0.615824 -0.262094 0.965024 0.005954 -0.000473 0.031881 0.002491 0.999489 -0.000001 0 0 0 1.000000 0.961776 0.272708 -0.024859 0.615818 -0.272673 0.962095 0.004848 -0.000471 0.025238 0.002116 0.999679 -0.000001 0 0 0 1.000000 0.958892 0.283177 -0.018373 0.615813 -0.283158 0.959066 0.003682 -0.000470 0.018664 0.001672 0.999824 -0.000001 0 0 0 1.000000 0.955882 0.293504 -0.012026 0.615808 -0.293496 0.955957 0.002473 -0.000469 0.012222 0.001165 0.999925 -0.000001 0 0 0 1.000000 0.952769 0.303638 -0.005880 0.615803 -0.303636 0.952787 0.001240 -0.000467 0.005979 0.000605 0.999982 -0.000000 0 0 0 1.000000 0.949580 0.313525 0.000001 0.615797 -0.313525 0.949580 -0.000000 -0.000466 -0.000001 -0.000000 1.000000 0 0 0 0 1.000000</float_array>
        <technique_common>
          <accessor source="#Bip01_Ponytail12_matrix_Bip01_Ponytail12_transform-output-array" count="61" stride="16">
            <param name="TRANSFORM" type="float4x4"/>
          </accessor>
        </technique_common>
      </source>
      <source id="Bip01_Ponytail12_matrix_Bip01_Ponytail12_transform-interpolations">
        <Name_array id="Bip01_Ponytail12_matrix_Bip01_Ponytail12_transform-interpolations-array" count="61">LINEAR LINEAR LINEAR LINEAR LINEAR LINEAR LINEAR LINEAR LINEAR LINEAR LINEAR LINEAR LINEAR LINEAR LINEAR LINEAR LINEAR LINEAR LINEAR LINEAR LINEAR LINEAR LINEAR LINEAR LINEAR LINEAR LINEAR LINEAR LINEAR LINEAR LINEAR LINEAR LINEAR LINEAR LINEAR LINEAR LINEAR LINEAR LINEAR LINEAR LINEAR LINEAR LINEAR LINEAR LINEAR LINEAR LINEAR LINEAR LINEAR LINEAR LINEAR LINEAR LINEAR LINEAR LINEAR LINEAR LINEAR LINEAR LINEAR LINEAR LINEAR</Name_array>
        <technique_common>
          <accessor source="#Bip01_Ponytail12_matrix_Bip01_Ponytail12_transform-interpolations-array" count="61" stride="1">
            <param name="INTERPOLATION" type="Name"/>
          </accessor>
        </technique_common>
      </source>
      <sampler id="Bip01_Ponytail12_matrix_Bip01_Ponytail12_transform-sampler">
        <input semantic="INPUT" source="#Bip01_Ponytail12_matrix_Bip01_Ponytail12_transform-input"/>
        <input semantic="OUTPUT" source="#Bip01_Ponytail12_matrix_Bip01_Ponytail12_transform-output"/>
        <input semantic="INTERPOLATION" source="#Bip01_Ponytail12_matrix_Bip01_Ponytail12_transform-interpolations"/>
      </sampler>
      <channel source="#Bip01_Ponytail12_matrix_Bip01_Ponytail12_transform-sampler" target="Bip01_Ponytail12/transform"/>
    </animation>
    <animation id="Bip01_Ponytail13_matrix">
      <source id="Bip01_Ponytail13_matrix_Bip01_Ponytail13_transform-input">
        <float_array id="Bip01_Ponytail13_matrix_Bip01_Ponytail13_transform-input-array" count="61">0 0.033333 0.066667 0.100000 0.133333 0.166667 0.200000 0.233333 0.266667 0.300000 0.333333 0.366667 0.400000 0.433333 0.466667 0.500000 0.533333 0.566667 0.600000 0.633333 0.666667 0.700000 0.733334 0.766667 0.800000 0.833334 0.866667 0.900000 0.933334 0.966667 1.000000 1.033334 1.066667 1.100000 1.133334 1.166667 1.200000 1.233333 1.266667 1.300000 1.333333 1.366667 1.400000 1.433333 1.466667 1.500000 1.533333 1.566666 1.600000 1.633333 1.666666 1.700000 1.733333 1.766666 1.800000 1.833333 1.866666 1.899999 1.933333 1.966666 1.999999</float_array>
        <technique_common>
          <accessor source="#Bip01_Ponytail13_matrix_Bip01_Ponytail13_transform-input-array" count="61" stride="1">
            <param name="TIME" type="float"/>
          </accessor>
        </technique_common>
        <technique profile="MAYA">
          <pre_infinity>CONSTANT</pre_infinity>
          <post_infinity>CONSTANT</post_infinity>
        </technique>
      </source>
      <source id="Bip01_Ponytail13_matrix_Bip01_Ponytail13_transform-output">
        <float_array id="Bip01_Ponytail13_matrix_Bip01_Ponytail13_transform-output-array" count="976">0.972384 0.233387 0.000001 0.615837 -0.233387 0.972384 0 -0.000477 -0.000001 0 1.000000 0 0 0 0 1.000000 0.971127 0.238477 0.006382 0.615835 -0.238471 0.971148 -0.001778 -0.000476 -0.006622 0.000205 0.999978 0 0 0 0 1.000000 0.969561 0.244473 0.013562 0.615832 -0.244444 0.969656 -0.003797 -0.000476 -0.014079 0.000367 0.999901 -0.000000 0 0 0 1.000000 0.967715 0.251142 0.021333 0.615829 -0.251070 0.967950 -0.006021 -0.000474 -0.022162 0.000471 0.999754 -0.000000 0 0 0 1.000000 0.965627 0.258252 0.029490 0.615825 -0.258116 0.966077 -0.008409 -0.000475 -0.030661 0.000508 0.999530 -0.000000 0 0 0 1.000000 0.963348 0.265576 0.037827 0.615822 -0.265352 0.964090 -0.010913 -0.000472 -0.039366 0.000476 0.999225 -0.000000 0 0 0 1.000000 0.960940 0.272883 0.046141 0.615818 -0.272550 0.962047 -0.013479 -0.000472 -0.048068 0.000377 0.998844 -0.000000 0 0 0 1.000000 0.958482 0.279948 0.054234 0.615815 -0.279488 0.960015 -0.016047 -0.000471 -0.056558 0.000223 0.998399 0 0 0 0 1.000000 0.956064 0.286548 0.061906 0.615811 -0.285947 0.958066 -0.018549 -0.000470 -0.064625 0.000033 0.997910 0 0 0 0 1.000000 0.953788 0.292460 0.068963 0.615808 -0.291711 0.956278 -0.020913 -0.000468 -0.072064 -0.000171 0.997400 0.000000 0 0 0 1.000000 0.951766 0.297464 0.075211 0.615806 -0.296569 0.954733 -0.023060 -0.000468 -0.078666 -0.000358 0.996901 0.000000 0 0 0 1.000000 0.950124 0.301322 0.080430 0.615804 -0.300292 0.953522 -0.024900 -0.000468 -0.084194 -0.000495 0.996449 0.000000 0 0 0 1.000000 0.948955 0.303877 0.084517 0.615802 -0.302730 0.952711 -0.026382 -0.000467 -0.088537 -0.000550 0.996073 0.000000 0 0 0 1.000000 0.948402 0.304848 0.087194 0.615802 -0.303615 0.952401 -0.027396 -0.000467 -0.091395 -0.000491 0.995815 0.000000 0 0 0 1.000000 0.948560 0.304035 0.088297 0.615803 -0.302754 0.952661 -0.027877 -0.000467 -0.092593 -0.000289 0.995704 0.000000 0 0 0 1.000000 0.949522 0.301213 0.087631 0.615804 -0.299932 0.953557 -0.027758 -0.000467 -0.091922 0.000073 0.995766 0 0 0 0 1.000000 0.951077 0.296843 0.085652 0.615806 -0.295595 0.954926 -0.027198 -0.000468 -0.089865 0.000549 0.995954 -0.000000 0 0 0 1.000000 0.952941 0.291579 0.082976 0.615809 -0.290382 0.956546 -0.026413 -0.000469 -0.087072 0.001076 0.996201 -0.000000 0 0 0 1.000000 0.955069 0.285481 0.079646 0.615811 -0.284351 0.958383 -0.025430 -0.000470 -0.083591 0.001640 0.996499 -0.000001 0 0 0 1.000000 0.957415 0.278612 0.075705 0.615815 -0.277562 0.960401 -0.024272 -0.000471 -0.079469 0.002226 0.996835 -0.000001 0 0 0 1.000000 0.959934 0.271032 0.071195 0.615818 -0.270071 0.962566 -0.022967 -0.000472 -0.074754 0.002819 0.997198 -0.000001 0 0 0 1.000000 0.962579 0.262802 0.066159 0.615823 -0.261940 0.964844 -0.021540 -0.000473 -0.069494 0.003405 0.997577 -0.000002 0 0 0 1.000000 0.965288 0.254043 0.060676 0.615827 -0.253284 0.967185 -0.020028 -0.000474 -0.063773 0.003964 0.997957 -0.000002 0 0 0 1.000000 0.968069 0.244647 0.054684 0.615832 -0.243994 0.969602 -0.018424 -0.000475 -0.057529 0.004494 0.998334 -0.000002 0 0 0 1.000000 0.970829 0.234849 0.048332 0.615836 -0.234301 0.972019 -0.016784 -0.000476 -0.050922 0.004970 0.998690 -0.000002 0 0 0 1.000000 0.973548 0.224657 0.041632 0.615841 -0.224212 0.974423 -0.015120 -0.000478 -0.043964 0.005386 0.999019 -0.000003 0 0 0 1.000000 0.976189 0.214137 0.034628 0.615847 -0.213791 0.976787 -0.013454 -0.000479 -0.036706 0.005730 0.999310 -0.000003 0 0 0 1.000000 0.978722 0.203356 0.027368 0.615852 -0.203102 0.979086 -0.011805 -0.000480 -0.029196 0.005995 0.999556 -0.000003 0 0 0 1.000000 0.981118 0.192383 0.019898 0.615858 -0.192212 0.981300 -0.010192 -0.000482 -0.021487 0.006175 0.999750 -0.000003 0 0 0 1.000000 0.983354 0.181285 0.012267 0.615863 -0.181188 0.983411 -0.008631 -0.000482 -0.013628 0.006265 0.999888 -0.000003 0 0 0 1.000000 0.985411 0.170133 0.004523 0.615869 -0.170098 0.985401 -0.007136 -0.000483 -0.005671 0.006262 0.999964 -0.000003 0 0 0 1.000000 0.987274 0.158996 -0.003285 0.615874 -0.159013 0.987260 -0.005719 -0.000484 0.002334 0.006168 0.999978 -0.000003 0 0 0 1.000000 0.988933 0.147946 -0.011107 0.615879 -0.148002 0.988977 -0.004389 -0.000485 0.010335 0.005984 0.999929 -0.000003 0 0 0 1.000000 0.990384 0.137052 -0.018893 0.615885 -0.137135 0.990547 -0.003155 -0.000485 0.018282 0.005716 0.999816 -0.000003 0 0 0 1.000000 0.991625 0.126387 -0.026592 0.615890 -0.126485 0.991966 -0.002022 -0.000486 0.026123 0.005369 0.999644 -0.000003 0 0 0 1.000000 0.992659 0.116021 -0.034156 0.615895 -0.116122 0.993235 -0.000994 -0.000487 0.033809 0.004953 0.999416 -0.000002 0 0 0 1.000000 0.993496 0.106025 -0.041532 0.615900 -0.106120 0.994353 -0.000072 -0.000487 0.041289 0.004478 0.999137 -0.000002 0 0 0 1.000000 0.994145 0.096472 -0.048670 0.615904 -0.096550 0.995328 0.000745 -0.000488 0.048514 0.003958 0.998815 -0.000002 0 0 0 1.000000 0.994622 0.087430 -0.055520 0.615909 -0.087485 0.996165 0.001458 -0.000488 0.055434 0.003406 0.998457 -0.000002 0 0 0 1.000000 0.994945 0.078972 -0.062031 0.615913 -0.078996 0.996873 0.002072 -0.000489 0.062001 0.002839 0.998072 -0.000001 0 0 0 1.000000 0.995134 0.071165 -0.068154 0.615917 -0.071155 0.997462 0.002589 -0.000489 0.068165 0.002273 0.997671 -0.000001 0 0 0 1.000000 0.995030 0.066134 -0.074448 0.615919 -0.066089 0.997809 0.003081 -0.000490 0.074488 0.001854 0.997220 -0.000001 0 0 0 1.000000 0.994589 0.065425 -0.080696 0.615919 -0.065348 0.997856 0.003599 -0.000489 0.080759 0.001694 0.996732 -0.000001 0 0 0 1.000000 0.993982 0.068244 -0.085684 0.615918 -0.068143 0.997667 0.004115 -0.000489 0.085765 0.001749 0.996314 -0.000001 0 0 0 1.000000 0.993369 0.073753 -0.088195 0.615916 -0.073637 0.997275 0.004575 -0.000488 0.088292 0.001950 0.996093 -0.000001 0 0 0 1.000000 0.992884 0.081281 -0.087036 0.615912 -0.081163 0.996689 0.004899 -0.000489 0.087146 0.002200 0.996193 -0.000001 0 0 0 1.000000 0.992475 0.089733 -0.083318 0.615908 -0.089621 0.995963 0.005083 -0.000488 0.083438 0.002422 0.996510 -0.000001 0 0 0 1.000000 0.991977 0.098672 -0.079023 0.615903 -0.098569 0.995116 0.005208 -0.000488 0.079151 0.002623 0.996859 -0.000001 0 0 0 1.000000 0.991372 0.108041 -0.074215 0.615899 -0.107949 0.994142 0.005265 -0.000487 0.074349 0.002792 0.997228 -0.000002 0 0 0 1.000000 0.990642 0.117785 -0.068958 0.615894 -0.117704 0.993035 0.005249 -0.000487 0.069096 0.002917 0.997606 -0.000001 0 0 0 1.000000 0.989771 0.127845 -0.063317 0.615889 -0.127776 0.991790 0.005153 -0.000486 0.063456 0.002990 0.997980 -0.000002 0 0 0 1.000000 0.988747 0.138164 -0.057355 0.615884 -0.138107 0.990405 0.004975 -0.000486 0.057492 0.003002 0.998341 -0.000001 0 0 0 1.000000 0.987561 0.148686 -0.051138 0.615879 -0.148641 0.988880 0.004712 -0.000485 0.051270 0.002947 0.998681 -0.000001 0 0 0 1.000000 0.986208 0.159354 -0.044731 0.615873 -0.159319 0.987217 0.004365 -0.000485 0.044855 0.002821 0.998989 -0.000001 0 0 0 1.000000 0.984684 0.170111 -0.038198 0.615869 -0.170085 0.985421 0.003936 -0.000483 0.038311 0.002621 0.999263 -0.000001 0 0 0 1.000000 0.982993 0.180900 -0.031605 0.615863 -0.180882 0.983499 0.003428 -0.000482 0.031703 0.002347 0.999494 -0.000001 0 0 0 1.000000 0.981142 0.191665 -0.025016 0.615858 -0.191654 0.981459 0.002847 -0.000481 0.025098 0.002001 0.999683 -0.000001 0 0 0 1.000000 0.979139 0.202351 -0.018497 0.615852 -0.202345 0.979312 0.002203 -0.000481 0.018560 0.001586 0.999826 -0.000001 0 0 0 1.000000 0.976998 0.212902 -0.012112 0.615847 -0.212900 0.977073 0.001505 -0.000478 0.012155 0.001108 0.999925 -0.000001 0 0 0 1.000000 0.974740 0.223266 -0.005925 0.615842 -0.223265 0.974758 0.000766 -0.000478 0.005946 0.000576 0.999982 -0.000000 0 0 0 1.000000 0.972384 0.233387 0.000001 0.615837 -0.233387 0.972384 0 -0.000477 -0.000001 0 1.000000 0 0 0 0 1.000000</float_array>
        <technique_common>
          <accessor source="#Bip01_Ponytail13_matrix_Bip01_Ponytail13_transform-output-array" count="61" stride="16">
            <param name="TRANSFORM" type="float4x4"/>
          </accessor>
        </technique_common>
      </source>
      <source id="Bip01_Ponytail13_matrix_Bip01_Ponytail13_transform-interpolations">
        <Name_array id="Bip01_Ponytail13_matrix_Bip01_Ponytail13_transform-interpolations-array" count="61">LINEAR LINEAR LINEAR LINEAR LINEAR LINEAR LINEAR LINEAR LINEAR LINEAR LINEAR LINEAR LINEAR LINEAR LINEAR LINEAR LINEAR LINEAR LINEAR LINEAR LINEAR LINEAR LINEAR LINEAR LINEAR LINEAR LINEAR LINEAR LINEAR LINEAR LINEAR LINEAR LINEAR LINEAR LINEAR LINEAR LINEAR LINEAR LINEAR LINEAR LINEAR LINEAR LINEAR LINEAR LINEAR LINEAR LINEAR LINEAR LINEAR LINEAR LINEAR LINEAR LINEAR LINEAR LINEAR LINEAR LINEAR LINEAR LINEAR LINEAR LINEAR</Name_array>
        <technique_common>
          <accessor source="#Bip01_Ponytail13_matrix_Bip01_Ponytail13_transform-interpolations-array" count="61" stride="1">
            <param name="INTERPOLATION" type="Name"/>
          </accessor>
        </technique_common>
      </source>
      <sampler id="Bip01_Ponytail13_matrix_Bip01_Ponytail13_transform-sampler">
        <input semantic="INPUT" source="#Bip01_Ponytail13_matrix_Bip01_Ponytail13_transform-input"/>
        <input semantic="OUTPUT" source="#Bip01_Ponytail13_matrix_Bip01_Ponytail13_transform-output"/>
        <input semantic="INTERPOLATION" source="#Bip01_Ponytail13_matrix_Bip01_Ponytail13_transform-interpolations"/>
      </sampler>
      <channel source="#Bip01_Ponytail13_matrix_Bip01_Ponytail13_transform-sampler" target="Bip01_Ponytail13/transform"/>
    </animation>
    <animation id="Bip01_Ponytail14_matrix">
      <source id="Bip01_Ponytail14_matrix_Bip01_Ponytail14_transform-input">
        <float_array id="Bip01_Ponytail14_matrix_Bip01_Ponytail14_transform-input-array" count="61">0 0.033333 0.066667 0.100000 0.133333 0.166667 0.200000 0.233333 0.266667 0.300000 0.333333 0.366667 0.400000 0.433333 0.466667 0.500000 0.533333 0.566667 0.600000 0.633333 0.666667 0.700000 0.733334 0.766667 0.800000 0.833334 0.866667 0.900000 0.933334 0.966667 1.000000 1.033334 1.066667 1.100000 1.133334 1.166667 1.200000 1.233333 1.266667 1.300000 1.333333 1.366667 1.400000 1.433333 1.466667 1.500000 1.533333 1.566666 1.600000 1.633333 1.666666 1.700000 1.733333 1.766666 1.800000 1.833333 1.866666 1.899999 1.933333 1.966666 1.999999</float_array>
        <technique_common>
          <accessor source="#Bip01_Ponytail14_matrix_Bip01_Ponytail14_transform-input-array" count="61" stride="1">
            <param name="TIME" type="float"/>
          </accessor>
        </technique_common>
        <technique profile="MAYA">
          <pre_infinity>CONSTANT</pre_infinity>
          <post_infinity>CONSTANT</post_infinity>
        </technique>
      </source>
      <source id="Bip01_Ponytail14_matrix_Bip01_Ponytail14_transform-output">
        <float_array id="Bip01_Ponytail14_matrix_Bip01_Ponytail14_transform-output-array" count="976">0.991202 0.132356 0.000000 0.615887 -0.132356 0.991202 0 -0.000486 -0.000000 0 1.000000 0 0 0 0 1.000000 0.990474 0.137547 0.006530 0.615885 -0.137542 0.990495 -0.001114 -0.000486 -0.006622 0.000205 0.999978 0 0 0 0 1.000000 0.989529 0.143663 0.013879 0.615881 -0.143644 0.989626 -0.002387 -0.000486 -0.014078 0.000368 0.999901 -0.000000 0 0 0 1.000000 0.988373 0.150472 0.021836 0.615878 -0.150425 0.988614 -0.003803 -0.000485 -0.022159 0.000474 0.999754 -0.000000 0 0 0 1.000000 0.987019 0.157738 0.030192 0.615874 -0.157648 0.987481 -0.005342 -0.000485 -0.030657 0.000513 0.999530 -0.000000 0 0 0 1.000000 0.985495 0.165227 0.038740 0.615871 -0.165080 0.986256 -0.006979 -0.000484 -0.039361 0.000483 0.999225 -0.000000 0 0 0 1.000000 0.983839 0.172705 0.047273 0.615867 -0.172487 0.984974 -0.008681 -0.000483 -0.048061 0.000386 0.998844 -0.000000 0 0 0 1.000000 0.982106 0.179942 0.055584 0.615863 -0.179641 0.983677 -0.010406 -0.000482 -0.056549 0.000235 0.998400 0 0 0 0 1.000000 0.980363 0.186707 0.063471 0.615860 -0.186314 0.982416 -0.012109 -0.000482 -0.064616 0.000046 0.997910 0 0 0 0 1.000000 0.978691 0.192771 0.070732 0.615857 -0.192281 0.981244 -0.013736 -0.000482 -0.072053 -0.000157 0.997401 0 0 0 0 1.000000 0.977178 0.197908 0.077167 0.615855 -0.197321 0.980221 -0.015231 -0.000481 -0.078655 -0.000343 0.996902 0.000000 0 0 0 1.000000 0.975927 0.201870 0.082548 0.615853 -0.201193 0.979412 -0.016525 -0.000480 -0.084184 -0.000480 0.996450 0.000000 0 0 0 1.000000 0.975015 0.204494 0.086767 0.615852 -0.203738 0.978868 -0.017579 -0.000480 -0.088528 -0.000538 0.996073 0.000000 0 0 0 1.000000 0.974554 0.205492 0.089536 0.615851 -0.204675 0.978659 -0.018311 -0.000480 -0.091388 -0.000481 0.995815 0.000000 0 0 0 1.000000 0.974624 0.204656 0.090687 0.615851 -0.203803 0.978834 -0.018673 -0.000480 -0.092589 -0.000283 0.995704 0.000000 0 0 0 1.000000 0.975290 0.201757 0.090017 0.615853 -0.200896 0.979436 -0.018617 -0.000480 -0.091922 0.000073 0.995767 0 0 0 0 1.000000 0.976392 0.197269 0.087997 0.615855 -0.196423 0.980349 -0.018258 -0.000481 -0.089869 0.000542 0.995954 -0.000000 0 0 0 1.000000 0.977711 0.191865 0.085261 0.615858 -0.191046 0.981421 -0.017746 -0.000482 -0.087082 0.001061 0.996201 -0.000000 0 0 0 1.000000 0.979208 0.185611 0.081855 0.615861 -0.184828 0.982622 -0.017102 -0.000482 -0.083607 0.001617 0.996497 -0.000001 0 0 0 1.000000 0.980845 0.178569 0.077823 0.615864 -0.177833 0.983925 -0.016348 -0.000483 -0.079491 0.002195 0.996833 -0.000001 0 0 0 1.000000 0.982581 0.170806 0.073211 0.615868 -0.170124 0.985301 -0.015504 -0.000483 -0.074783 0.002779 0.997196 -0.000001 0 0 0 1.000000 0.984377 0.162386 0.068063 0.615872 -0.161764 0.986722 -0.014593 -0.000484 -0.069529 0.003355 0.997574 -0.000002 0 0 0 1.000000 0.986183 0.153432 0.062463 0.615876 -0.152874 0.988152 -0.013642 -0.000485 -0.063816 0.003905 0.997954 -0.000002 0 0 0 1.000000 0.987996 0.143837 0.056346 0.615881 -0.143348 0.989592 -0.012653 -0.000485 -0.057580 0.004424 0.998331 -0.000002 0 0 0 1.000000 0.989747 0.133842 0.049869 0.615886 -0.133422 0.990991 -0.011664 -0.000487 -0.050981 0.004890 0.998688 -0.000002 0 0 0 1.000000 0.991416 0.123456 0.043043 0.615892 -0.123107 0.992336 -0.010686 -0.000487 -0.044032 0.005295 0.999016 -0.000003 0 0 0 1.000000 0.992974 0.112749 0.035914 0.615896 -0.112468 0.993608 -0.009737 -0.000488 -0.036782 0.005629 0.999307 -0.000003 0 0 0 1.000000 0.994397 0.101788 0.028532 0.615902 -0.101575 0.994789 -0.008831 -0.000488 -0.029282 0.005883 0.999554 -0.000003 0 0 0 1.000000 0.995663 0.090645 0.020946 0.615907 -0.090496 0.995865 -0.007982 -0.000489 -0.021583 0.006052 0.999749 -0.000003 0 0 0 1.000000 0.996756 0.079389 0.013204 0.615913 -0.079299 0.996825 -0.007202 -0.000489 -0.013733 0.006131 0.999887 -0.000003 0 0 0 1.000000 0.997665 0.068091 0.005356 0.615918 -0.068056 0.997660 -0.006498 -0.000489 -0.005786 0.006118 0.999964 -0.000003 0 0 0 1.000000 0.998381 0.056823 -0.002547 0.615924 -0.056837 0.998366 -0.005878 -0.000490 0.002209 0.006013 0.999979 -0.000003 0 0 0 1.000000 0.998903 0.045654 -0.010456 0.615929 -0.045712 0.998940 -0.005347 -0.000490 0.010200 0.005819 0.999931 -0.000003 0 0 0 1.000000 0.999231 0.034657 -0.018319 0.615934 -0.034752 0.999384 -0.004908 -0.000491 0.018137 0.005540 0.999820 -0.000003 0 0 0 1.000000 0.999374 0.023903 -0.026086 0.615940 -0.024030 0.999701 -0.004560 -0.000491 0.025969 0.005184 0.999649 -0.000003 0 0 0 1.000000 0.999341 0.013462 -0.033706 0.615945 -0.013614 0.999898 -0.004302 -0.000491 0.033645 0.004758 0.999422 -0.000002 0 0 0 1.000000 0.999148 0.003405 -0.041130 0.615950 -0.003578 0.999985 -0.004131 -0.000491 0.041116 0.004274 0.999145 -0.000002 0 0 0 1.000000 0.998813 -0.006198 -0.048307 0.615955 0.006010 0.999974 -0.004040 -0.000490 0.048331 0.003745 0.998824 -0.000002 0 0 0 1.000000 0.998359 -0.015277 -0.055187 0.615959 0.015078 0.999878 -0.004023 -0.000491 0.055242 0.003185 0.998468 -0.000002 0 0 0 1.000000 0.997810 -0.023764 -0.061720 0.615963 0.023557 0.999714 -0.004072 -0.000491 0.061800 0.002609 0.998085 -0.000001 0 0 0 1.000000 0.997195 -0.031589 -0.067857 0.615967 0.031377 0.999499 -0.004176 -0.000490 0.067955 0.002035 0.997686 -0.000001 0 0 0 1.000000 0.996573 -0.036628 -0.074162 0.615970 0.036408 0.999328 -0.004323 -0.000490 0.074270 0.001608 0.997237 -0.000001 0 0 0 1.000000 0.996061 -0.037338 -0.080423 0.615970 0.037100 0.999302 -0.004441 -0.000490 0.080533 0.001440 0.996751 -0.000001 0 0 0 1.000000 0.995746 -0.034514 -0.085433 0.615969 0.034260 0.999403 -0.004436 -0.000490 0.085535 0.001490 0.996334 -0.000001 0 0 0 1.000000 0.995700 -0.028993 -0.087977 0.615966 0.028732 0.999578 -0.004237 -0.000490 0.088063 0.001691 0.996113 -0.000001 0 0 0 1.000000 0.995990 -0.021445 -0.086862 0.615963 0.021195 0.999768 -0.003804 -0.000490 0.086924 0.001948 0.996213 -0.000001 0 0 0 1.000000 0.996449 -0.012964 -0.083192 0.615958 0.012737 0.999913 -0.003253 -0.000491 0.083227 0.002181 0.996528 -0.000001 0 0 0 1.000000 0.996871 -0.003985 -0.078944 0.615954 0.003784 0.999989 -0.002702 -0.000490 0.078954 0.002395 0.996875 -0.000001 0 0 0 1.000000 0.997230 0.005434 -0.074179 0.615949 -0.005611 0.999982 -0.002168 -0.000490 0.074166 0.002578 0.997243 -0.000001 0 0 0 1.000000 0.997503 0.015240 -0.068960 0.615944 -0.015391 0.999880 -0.001661 -0.000491 0.068927 0.002718 0.997618 -0.000001 0 0 0 1.000000 0.997669 0.025374 -0.063352 0.615939 -0.025501 0.999674 -0.001194 -0.000491 0.063301 0.002807 0.997990 -0.000001 0 0 0 1.000000 0.997709 0.035782 -0.057418 0.615934 -0.035885 0.999356 -0.000777 -0.000490 0.057353 0.002836 0.998350 -0.000001 0 0 0 1.000000 0.997608 0.046405 -0.051222 0.615929 -0.046487 0.998919 -0.000419 -0.000490 0.051147 0.002799 0.998687 -0.000001 0 0 0 1.000000 0.997357 0.057187 -0.044828 0.615924 -0.057250 0.998360 -0.000125 -0.000490 0.044748 0.002691 0.998995 -0.000001 0 0 0 1.000000 0.996945 0.068071 -0.038302 0.615918 -0.068117 0.997677 0.000100 -0.000489 0.038220 0.002509 0.999266 -0.000001 0 0 0 1.000000 0.996370 0.079001 -0.031708 0.615913 -0.079033 0.996872 0.000253 -0.000489 0.031629 0.002254 0.999497 -0.000001 0 0 0 1.000000 0.995633 0.089919 -0.025111 0.615908 -0.089939 0.995947 0.000334 -0.000489 0.025039 0.001926 0.999685 -0.000001 0 0 0 1.000000 0.994736 0.100770 -0.018577 0.615902 -0.100781 0.994908 0.000344 -0.000488 0.018517 0.001530 0.999827 -0.000001 0 0 0 1.000000 0.993691 0.111496 -0.012170 0.615897 -0.111501 0.993764 0.000287 -0.000488 0.012126 0.001072 0.999926 -0.000001 0 0 0 1.000000 0.992507 0.122043 -0.005956 0.615892 -0.122045 0.992525 0.000170 -0.000487 0.005932 0.000558 0.999982 -0.000000 0 0 0 1.000000 0.991202 0.132356 0.000000 0.615887 -0.132356 0.991202 0 -0.000486 -0.000000 0 1.000000 0 0 0 0 1.000000</float_array>
        <technique_common>
          <accessor source="#Bip01_Ponytail14_matrix_Bip01_Ponytail14_transform-output-array" count="61" stride="16">
            <param name="TRANSFORM" type="float4x4"/>
          </accessor>
        </technique_common>
      </source>
      <source id="Bip01_Ponytail14_matrix_Bip01_Ponytail14_transform-interpolations">
        <Name_array id="Bip01_Ponytail14_matrix_Bip01_Ponytail14_transform-interpolations-array" count="61">LINEAR LINEAR LINEAR LINEAR LINEAR LINEAR LINEAR LINEAR LINEAR LINEAR LINEAR LINEAR LINEAR LINEAR LINEAR LINEAR LINEAR LINEAR LINEAR LINEAR LINEAR LINEAR LINEAR LINEAR LINEAR LINEAR LINEAR LINEAR LINEAR LINEAR LINEAR LINEAR LINEAR LINEAR LINEAR LINEAR LINEAR LINEAR LINEAR LINEAR LINEAR LINEAR LINEAR LINEAR LINEAR LINEAR LINEAR LINEAR LINEAR LINEAR LINEAR LINEAR LINEAR LINEAR LINEAR LINEAR LINEAR LINEAR LINEAR LINEAR LINEAR</Name_array>
        <technique_common>
          <accessor source="#Bip01_Ponytail14_matrix_Bip01_Ponytail14_transform-interpolations-array" count="61" stride="1">
            <param name="INTERPOLATION" type="Name"/>
          </accessor>
        </technique_common>
      </source>
      <sampler id="Bip01_Ponytail14_matrix_Bip01_Ponytail14_transform-sampler">
        <input semantic="INPUT" source="#Bip01_Ponytail14_matrix_Bip01_Ponytail14_transform-input"/>
        <input semantic="OUTPUT" source="#Bip01_Ponytail14_matrix_Bip01_Ponytail14_transform-output"/>
        <input semantic="INTERPOLATION" source="#Bip01_Ponytail14_matrix_Bip01_Ponytail14_transform-interpolations"/>
      </sampler>
      <channel source="#Bip01_Ponytail14_matrix_Bip01_Ponytail14_transform-sampler" target="Bip01_Ponytail14/transform"/>
    </animation>
    <animation id="Mimi_L_Bone_matrix">
      <source id="Mimi_L_Bone_matrix_Mimi_L_Bone_transform-input">
        <float_array id="Mimi_L_Bone_matrix_Mimi_L_Bone_transform-input-array" count="61">0 0.033333 0.066667 0.100000 0.133333 0.166667 0.200000 0.233333 0.266667 0.300000 0.333333 0.366667 0.400000 0.433333 0.466667 0.500000 0.533333 0.566667 0.600000 0.633333 0.666667 0.700000 0.733334 0.766667 0.800000 0.833334 0.866667 0.900000 0.933334 0.966667 1.000000 1.033334 1.066667 1.100000 1.133334 1.166667 1.200000 1.233333 1.266667 1.300000 1.333333 1.366667 1.400000 1.433333 1.466667 1.500000 1.533333 1.566666 1.600000 1.633333 1.666666 1.700000 1.733333 1.766666 1.800000 1.833333 1.866666 1.899999 1.933333 1.966666 1.999999</float_array>
        <technique_common>
          <accessor source="#Mimi_L_Bone_matrix_Mimi_L_Bone_transform-input-array" count="61" stride="1">
            <param name="TIME" type="float"/>
          </accessor>
        </technique_common>
        <technique profile="MAYA">
          <pre_infinity>CONSTANT</pre_infinity>
          <post_infinity>CONSTANT</post_infinity>
        </technique>
      </source>
      <source id="Mimi_L_Bone_matrix_Mimi_L_Bone_transform-output">
        <float_array id="Mimi_L_Bone_matrix_Mimi_L_Bone_transform-output-array" count="976">0.181025 0.049655 0.982224 0.381765 -0.704595 -0.690220 0.164751 0.025698 0.686131 -0.721894 -0.089961 0.614096 0 0 0 1.000000 0.182049 0.049651 0.982035 0.381765 -0.703385 -0.691310 0.165345 0.025698 0.687101 -0.720850 -0.090929 0.614096 0 0 0 1.000000 0.185005 0.049659 0.981482 0.381765 -0.699852 -0.694477 0.167056 0.025698 0.689913 -0.717799 -0.093728 0.614096 0 0 0 1.000000 0.189689 0.049734 0.980584 0.381765 -0.694121 -0.699557 0.169754 0.025698 0.694417 -0.712844 -0.098177 0.614096 0 0 0 1.000000 0.195866 0.049955 0.979357 0.381765 -0.686298 -0.706376 0.173286 0.025698 0.700451 -0.706072 -0.104071 0.614096 0 0 0 1.000000 0.203279 0.050418 0.977822 0.381765 -0.676482 -0.714752 0.177487 0.025698 0.707849 -0.697558 -0.111187 0.614096 0 0 0 1.000000 0.211655 0.051223 0.976001 0.381765 -0.664769 -0.724493 0.182185 0.025698 0.716438 -0.687376 -0.119291 0.614096 0 0 0 1.000000 0.220714 0.052469 0.973926 0.381765 -0.651263 -0.735397 0.187210 0.025698 0.726046 -0.675602 -0.128141 0.614096 0 0 0 1.000000 0.230173 0.054246 0.971637 0.381765 -0.636076 -0.747254 0.192400 0.025698 0.736497 -0.662320 -0.137493 0.614096 0 0 0 1.000000 0.239758 0.056626 0.969180 0.381765 -0.619340 -0.759848 0.197609 0.025698 0.747619 -0.647630 -0.147109 0.614096 0 0 0 1.000000 0.249205 0.059661 0.966611 0.381765 -0.601201 -0.772960 0.202706 0.025698 0.759246 -0.631643 -0.156757 0.614096 0 0 0 1.000000 0.258273 0.063381 0.963991 0.381765 -0.581830 -0.786373 0.207586 0.025698 0.771213 -0.614492 -0.166222 0.614096 0 0 0 1.000000 0.266742 0.067785 0.961381 0.381765 -0.561415 -0.799874 0.212166 0.025698 0.783365 -0.596328 -0.175305 0.614096 0 0 0 1.000000 0.274427 0.072849 0.958844 0.381765 -0.540168 -0.813262 0.216387 0.025698 0.795555 -0.577320 -0.183831 0.614096 0 0 0 1.000000 0.281176 0.078520 0.956438 0.381765 -0.518313 -0.826351 0.220215 0.025698 0.807646 -0.557654 -0.191652 0.614096 0 0 0 1.000000 0.286876 0.084723 0.954214 0.381765 -0.496091 -0.838976 0.223637 0.025698 0.819510 -0.537533 -0.198651 0.614096 0 0 0 1.000000 0.291455 0.091362 0.952212 0.381765 -0.473750 -0.850992 0.226657 0.025698 0.831032 -0.517171 -0.204743 0.614096 0 0 0 1.000000 0.294884 0.098325 0.950461 0.381765 -0.451544 -0.862282 0.229297 0.025698 0.842111 -0.496791 -0.209875 0.614096 0 0 0 1.000000 0.297175 0.105489 0.948978 0.381765 -0.429726 -0.872756 0.231586 0.025698 0.852656 -0.476622 -0.214030 0.614096 0 0 0 1.000000 0.298384 0.112723 0.947766 0.381765 -0.408543 -0.882349 0.233564 0.025698 0.862589 -0.456895 -0.217226 0.614096 0 0 0 1.000000 0.298599 0.119896 0.946818 0.381765 -0.388234 -0.891024 0.235268 0.025698 0.871845 -0.437838 -0.219511 0.614096 0 0 0 1.000000 0.297945 0.126876 0.946114 0.381765 -0.369025 -0.898764 0.236738 0.025698 0.880369 -0.419674 -0.220962 0.614096 0 0 0 1.000000 0.296576 0.133539 0.945627 0.381765 -0.351126 -0.905573 0.238006 0.025698 0.888117 -0.402622 -0.221682 0.614096 0 0 0 1.000000 0.294667 0.139767 0.945323 0.381765 -0.334733 -0.911473 0.239102 0.025698 0.895056 -0.386887 -0.221797 0.614096 0 0 0 1.000000 0.292411 0.145450 0.945167 0.381765 -0.320025 -0.916494 0.240046 0.025698 0.901155 -0.372669 -0.221445 0.614096 0 0 0 1.000000 0.290006 0.150489 0.945119 0.381765 -0.307167 -0.920674 0.240850 0.025698 0.906391 -0.360157 -0.220776 0.614096 0 0 0 1.000000 0.287656 0.154791 0.945142 0.381765 -0.296312 -0.924049 0.241519 0.025698 0.910743 -0.349532 -0.219942 0.614096 0 0 0 1.000000 0.285554 0.158271 0.945203 0.381765 -0.287608 -0.926656 0.242054 0.025698 0.914188 -0.340968 -0.219090 0.614096 0 0 0 1.000000 0.283881 0.160850 0.945272 0.381765 -0.281200 -0.928518 0.242449 0.025698 0.916700 -0.334637 -0.218358 0.614096 0 0 0 1.000000 0.282792 0.162453 0.945324 0.381765 -0.277236 -0.929645 0.242693 0.025698 0.918242 -0.330710 -0.217859 0.614096 0 0 0 1.000000 0.282409 0.163003 0.945344 0.381765 -0.275877 -0.930027 0.242777 0.025698 0.918769 -0.329361 -0.217679 0.614096 0 0 0 1.000000 0.282792 0.162453 0.945324 0.381765 -0.277236 -0.929645 0.242693 0.025698 0.918242 -0.330710 -0.217859 0.614096 0 0 0 1.000000 0.283881 0.160850 0.945272 0.381765 -0.281200 -0.928518 0.242449 0.025698 0.916700 -0.334637 -0.218358 0.614096 0 0 0 1.000000 0.285554 0.158271 0.945203 0.381765 -0.287608 -0.926656 0.242054 0.025698 0.914188 -0.340968 -0.219090 0.614096 0 0 0 1.000000 0.287656 0.154791 0.945142 0.381765 -0.296312 -0.924049 0.241519 0.025698 0.910743 -0.349532 -0.219942 0.614096 0 0 0 1.000000 0.290006 0.150489 0.945119 0.381765 -0.307167 -0.920674 0.240850 0.025698 0.906391 -0.360157 -0.220776 0.614096 0 0 0 1.000000 0.292411 0.145450 0.945167 0.381765 -0.320025 -0.916494 0.240046 0.025698 0.901155 -0.372669 -0.221445 0.614096 0 0 0 1.000000 0.294667 0.139767 0.945323 0.381765 -0.334733 -0.911473 0.239102 0.025698 0.895056 -0.386887 -0.221797 0.614096 0 0 0 1.000000 0.296576 0.133539 0.945627 0.381765 -0.351126 -0.905573 0.238006 0.025698 0.888117 -0.402622 -0.221682 0.614096 0 0 0 1.000000 0.297945 0.126876 0.946114 0.381765 -0.369025 -0.898764 0.236738 0.025698 0.880369 -0.419674 -0.220962 0.614096 0 0 0 1.000000 0.298599 0.119896 0.946818 0.381765 -0.388234 -0.891024 0.235268 0.025698 0.871845 -0.437838 -0.219511 0.614096 0 0 0 1.000000 0.298384 0.112723 0.947766 0.381765 -0.408543 -0.882349 0.233564 0.025698 0.862589 -0.456895 -0.217226 0.614096 0 0 0 1.000000 0.297175 0.105489 0.948978 0.381765 -0.429726 -0.872756 0.231586 0.025698 0.852656 -0.476622 -0.214030 0.614096 0 0 0 1.000000 0.294884 0.098325 0.950461 0.381765 -0.451544 -0.862282 0.229297 0.025698 0.842111 -0.496791 -0.209875 0.614096 0 0 0 1.000000 0.291455 0.091362 0.952212 0.381765 -0.473750 -0.850992 0.226657 0.025698 0.831032 -0.517171 -0.204743 0.614096 0 0 0 1.000000 0.286876 0.084723 0.954214 0.381765 -0.496091 -0.838976 0.223637 0.025698 0.819510 -0.537533 -0.198651 0.614096 0 0 0 1.000000 0.281176 0.078520 0.956438 0.381765 -0.518313 -0.826351 0.220215 0.025698 0.807646 -0.557654 -0.191652 0.614096 0 0 0 1.000000 0.274427 0.072849 0.958844 0.381765 -0.540168 -0.813262 0.216387 0.025698 0.795555 -0.577320 -0.183831 0.614096 0 0 0 1.000000 0.266742 0.067785 0.961381 0.381765 -0.561415 -0.799874 0.212166 0.025698 0.783365 -0.596328 -0.175305 0.614096 0 0 0 1.000000 0.258273 0.063381 0.963991 0.381765 -0.581830 -0.786373 0.207586 0.025698 0.771213 -0.614492 -0.166222 0.614096 0 0 0 1.000000 0.249205 0.059661 0.966611 0.381765 -0.601201 -0.772960 0.202706 0.025698 0.759246 -0.631643 -0.156757 0.614096 0 0 0 1.000000 0.239758 0.056626 0.969180 0.381765 -0.619340 -0.759848 0.197609 0.025698 0.747619 -0.647630 -0.147109 0.614096 0 0 0 1.000000 0.230173 0.054246 0.971637 0.381765 -0.636076 -0.747254 0.192400 0.025698 0.736497 -0.662320 -0.137493 0.614096 0 0 0 1.000000 0.220714 0.052469 0.973926 0.381765 -0.651263 -0.735397 0.187210 0.025698 0.726046 -0.675602 -0.128141 0.614096 0 0 0 1.000000 0.211655 0.051223 0.976001 0.381765 -0.664769 -0.724493 0.182185 0.025698 0.716438 -0.687376 -0.119291 0.614096 0 0 0 1.000000 0.203279 0.050418 0.977822 0.381765 -0.676482 -0.714752 0.177487 0.025698 0.707849 -0.697558 -0.111187 0.614096 0 0 0 1.000000 0.195866 0.049955 0.979357 0.381765 -0.686298 -0.706376 0.173286 0.025698 0.700451 -0.706072 -0.104071 0.614096 0 0 0 1.000000 0.189689 0.049734 0.980584 0.381765 -0.694121 -0.699557 0.169754 0.025698 0.694417 -0.712844 -0.098177 0.614096 0 0 0 1.000000 0.185005 0.049659 0.981482 0.381765 -0.699852 -0.694477 0.167056 0.025698 0.689913 -0.717799 -0.093728 0.614096 0 0 0 1.000000 0.182049 0.049651 0.982035 0.381765 -0.703385 -0.691310 0.165345 0.025698 0.687101 -0.720850 -0.090929 0.614096 0 0 0 1.000000 0.181025 0.049655 0.982224 0.381765 -0.704595 -0.690220 0.164751 0.025698 0.686131 -0.721894 -0.089961 0.614096 0 0 0 1.000000</float_array>
        <technique_common>
          <accessor source="#Mimi_L_Bone_matrix_Mimi_L_Bone_transform-output-array" count="61" stride="16">
            <param name="TRANSFORM" type="float4x4"/>
          </accessor>
        </technique_common>
      </source>
      <source id="Mimi_L_Bone_matrix_Mimi_L_Bone_transform-interpolations">
        <Name_array id="Mimi_L_Bone_matrix_Mimi_L_Bone_transform-interpolations-array" count="61">LINEAR LINEAR LINEAR LINEAR LINEAR LINEAR LINEAR LINEAR LINEAR LINEAR LINEAR LINEAR LINEAR LINEAR LINEAR LINEAR LINEAR LINEAR LINEAR LINEAR LINEAR LINEAR LINEAR LINEAR LINEAR LINEAR LINEAR LINEAR LINEAR LINEAR LINEAR LINEAR LINEAR LINEAR LINEAR LINEAR LINEAR LINEAR LINEAR LINEAR LINEAR LINEAR LINEAR LINEAR LINEAR LINEAR LINEAR LINEAR LINEAR LINEAR LINEAR LINEAR LINEAR LINEAR LINEAR LINEAR LINEAR LINEAR LINEAR LINEAR LINEAR</Name_array>
        <technique_common>
          <accessor source="#Mimi_L_Bone_matrix_Mimi_L_Bone_transform-interpolations-array" count="61" stride="1">
            <param name="INTERPOLATION" type="Name"/>
          </accessor>
        </technique_common>
      </source>
      <sampler id="Mimi_L_Bone_matrix_Mimi_L_Bone_transform-sampler">
        <input semantic="INPUT" source="#Mimi_L_Bone_matrix_Mimi_L_Bone_transform-input"/>
        <input semantic="OUTPUT" source="#Mimi_L_Bone_matrix_Mimi_L_Bone_transform-output"/>
        <input semantic="INTERPOLATION" source="#Mimi_L_Bone_matrix_Mimi_L_Bone_transform-interpolations"/>
      </sampler>
      <channel source="#Mimi_L_Bone_matrix_Mimi_L_Bone_transform-sampler" target="Mimi_L_Bone/transform"/>
    </animation>
    <animation id="Mimi_R_Bone_matrix">
      <source id="Mimi_R_Bone_matrix_Mimi_R_Bone_transform-input">
        <float_array id="Mimi_R_Bone_matrix_Mimi_R_Bone_transform-input-array" count="61">0 0.033333 0.066667 0.100000 0.133333 0.166667 0.200000 0.233333 0.266667 0.300000 0.333333 0.366667 0.400000 0.433333 0.466667 0.500000 0.533333 0.566667 0.600000 0.633333 0.666667 0.700000 0.733334 0.766667 0.800000 0.833334 0.866667 0.900000 0.933334 0.966667 1.000000 1.033334 1.066667 1.100000 1.133334 1.166667 1.200000 1.233333 1.266667 1.300000 1.333333 1.366667 1.400000 1.433333 1.466667 1.500000 1.533333 1.566666 1.600000 1.633333 1.666666 1.700000 1.733333 1.766666 1.800000 1.833333 1.866666 1.899999 1.933333 1.966666 1.999999</float_array>
        <technique_common>
          <accessor source="#Mimi_R_Bone_matrix_Mimi_R_Bone_transform-input-array" count="61" stride="1">
            <param name="TIME" type="float"/>
          </accessor>
        </technique_common>
        <technique profile="MAYA">
          <pre_infinity>CONSTANT</pre_infinity>
          <post_infinity>CONSTANT</post_infinity>
        </technique>
      </source>
      <source id="Mimi_R_Bone_matrix_Mimi_R_Bone_transform-output">
        <float_array id="Mimi_R_Bone_matrix_Mimi_R_Bone_transform-output-array" count="976">0.181024 -0.049656 0.982224 0.381764 -0.704592 0.690223 0.164751 0.025700 -0.686135 -0.721891 0.089960 -0.614104 0 0 0 1.000000 0.182046 -0.049652 0.982036 0.381764 -0.703373 0.691324 0.165342 0.025700 -0.687114 -0.720837 0.090929 -0.614104 0 0 0 1.000000 0.184994 -0.049659 0.981484 0.381764 -0.699811 0.694522 0.167043 0.025700 -0.689957 -0.717756 0.093730 -0.614104 0 0 0 1.000000 0.189665 -0.049734 0.980589 0.381764 -0.694033 0.699651 0.169725 0.025700 -0.694510 -0.712752 0.098182 -0.614104 0 0 0 1.000000 0.195823 -0.049956 0.979366 0.381764 -0.686147 0.706535 0.173234 0.025700 -0.700610 -0.705913 0.104079 -0.614104 0 0 0 1.000000 0.203210 -0.050421 0.977836 0.381764 -0.676252 0.714990 0.177404 0.025700 -0.708088 -0.697314 0.111196 -0.614104 0 0 0 1.000000 0.211553 -0.051230 0.976023 0.381764 -0.664446 0.724820 0.182064 0.025700 -0.716768 -0.687031 0.119298 -0.614104 0 0 0 1.000000 0.220568 -0.052484 0.973959 0.381764 -0.650832 0.735821 0.187043 0.025700 -0.726475 -0.675139 0.128141 -0.614104 0 0 0 1.000000 0.229974 -0.054271 0.971682 0.381764 -0.635526 0.747779 0.192179 0.025700 -0.737034 -0.661726 0.137480 -0.614104 0 0 0 1.000000 0.239494 -0.056665 0.969243 0.381764 -0.618658 0.760477 0.197326 0.025700 -0.748268 -0.646888 0.147074 -0.614104 0 0 0 1.000000 0.248865 -0.059718 0.966695 0.381764 -0.600378 0.773691 0.202356 0.025700 -0.760008 -0.630742 0.156692 -0.614104 0 0 0 1.000000 0.257842 -0.063458 0.964101 0.381764 -0.580858 0.787203 0.207161 0.025700 -0.772089 -0.613421 0.166114 -0.614104 0 0 0 1.000000 0.266209 -0.067885 0.961522 0.381764 -0.560290 0.800797 0.211660 0.025700 -0.784352 -0.595077 0.175144 -0.614104 0 0 0 1.000000 0.273776 -0.072973 0.959021 0.381764 -0.538884 0.814270 0.215797 0.025700 -0.796649 -0.575881 0.183604 -0.614104 0 0 0 1.000000 0.280394 -0.078669 0.956656 0.381764 -0.516870 0.827435 0.219537 0.025700 -0.808841 -0.556023 0.191346 -0.614104 0 0 0 1.000000 0.285951 -0.084897 0.954476 0.381764 -0.494489 0.840125 0.222869 0.025700 -0.820800 -0.535708 0.198254 -0.614104 0 0 0 1.000000 0.290375 -0.091559 0.952523 0.381764 -0.471993 0.852195 0.225801 0.025700 -0.832409 -0.515151 0.204241 -0.614104 0 0 0 1.000000 0.293639 -0.098542 0.950824 0.381764 -0.449636 0.863529 0.228354 0.025700 -0.843566 -0.494578 0.209258 -0.614104 0 0 0 1.000000 0.295759 -0.105722 0.949395 0.381764 -0.427674 0.874034 0.230561 0.025700 -0.854179 -0.474222 0.213289 -0.614104 0 0 0 1.000000 0.296789 -0.112968 0.948238 0.381764 -0.406357 0.883650 0.232459 0.025700 -0.864170 -0.454314 0.216352 -0.614104 0 0 0 1.000000 0.296823 -0.120149 0.947344 0.381764 -0.385923 0.892337 0.234090 0.025700 -0.873475 -0.435086 0.218498 -0.614104 0 0 0 1.000000 0.295990 -0.127132 0.946693 0.381764 -0.366601 0.900082 0.235493 0.025700 -0.882039 -0.416762 0.219809 -0.614104 0 0 0 1.000000 0.294446 -0.133794 0.946256 0.381764 -0.348601 0.906890 0.236702 0.025700 -0.889820 -0.399562 0.220389 -0.614104 0 0 0 1.000000 0.292369 -0.140018 0.946000 0.381764 -0.332119 0.912784 0.237745 0.025700 -0.896782 -0.383694 0.220367 -0.614104 0 0 0 1.000000 0.289955 -0.145693 0.945886 0.381764 -0.317335 0.917795 0.238644 0.025700 -0.902898 -0.369358 0.219886 -0.614104 0 0 0 1.000000 0.287408 -0.150723 0.945875 0.381764 -0.304413 0.921963 0.239410 0.025700 -0.908146 -0.356745 0.219098 -0.614104 0 0 0 1.000000 0.284934 -0.155014 0.945930 0.381764 -0.293506 0.925327 0.240049 0.025700 -0.912506 -0.346034 0.218160 -0.614104 0 0 0 1.000000 0.282731 -0.158485 0.946016 0.381764 -0.284762 0.927923 0.240560 0.025700 -0.915955 -0.337403 0.217222 -0.614104 0 0 0 1.000000 0.280982 -0.161056 0.946103 0.381764 -0.278325 0.929776 0.240937 0.025700 -0.918468 -0.331023 0.216424 -0.614104 0 0 0 1.000000 0.279845 -0.162654 0.946166 0.381764 -0.274345 0.930898 0.241171 0.025700 -0.920012 -0.327066 0.215884 -0.614104 0 0 0 1.000000 0.279446 -0.163202 0.946190 0.381764 -0.272979 0.931279 0.241252 0.025700 -0.920539 -0.325707 0.215691 -0.614104 0 0 0 1.000000 0.279845 -0.162654 0.946166 0.381764 -0.274345 0.930898 0.241171 0.025700 -0.920012 -0.327066 0.215884 -0.614104 0 0 0 1.000000 0.280982 -0.161056 0.946103 0.381764 -0.278325 0.929776 0.240937 0.025700 -0.918468 -0.331023 0.216424 -0.614104 0 0 0 1.000000 0.282731 -0.158485 0.946016 0.381764 -0.284762 0.927923 0.240560 0.025700 -0.915955 -0.337403 0.217222 -0.614104 0 0 0 1.000000 0.284934 -0.155014 0.945930 0.381764 -0.293506 0.925327 0.240049 0.025700 -0.912506 -0.346034 0.218160 -0.614104 0 0 0 1.000000 0.287408 -0.150723 0.945875 0.381764 -0.304413 0.921963 0.239410 0.025700 -0.908146 -0.356745 0.219098 -0.614104 0 0 0 1.000000 0.289955 -0.145693 0.945886 0.381764 -0.317335 0.917795 0.238644 0.025700 -0.902898 -0.369358 0.219886 -0.614104 0 0 0 1.000000 0.292369 -0.140018 0.946000 0.381764 -0.332119 0.912784 0.237745 0.025700 -0.896782 -0.383694 0.220367 -0.614104 0 0 0 1.000000 0.294446 -0.133794 0.946256 0.381764 -0.348601 0.906890 0.236702 0.025700 -0.889820 -0.399562 0.220389 -0.614104 0 0 0 1.000000 0.295990 -0.127132 0.946693 0.381764 -0.366601 0.900082 0.235493 0.025700 -0.882039 -0.416762 0.219809 -0.614104 0 0 0 1.000000 0.296823 -0.120149 0.947344 0.381764 -0.385923 0.892337 0.234090 0.025700 -0.873475 -0.435086 0.218498 -0.614104 0 0 0 1.000000 0.296789 -0.112968 0.948238 0.381764 -0.406357 0.883650 0.232459 0.025700 -0.864170 -0.454314 0.216352 -0.614104 0 0 0 1.000000 0.295759 -0.105722 0.949395 0.381764 -0.427674 0.874034 0.230561 0.025700 -0.854179 -0.474222 0.213289 -0.614104 0 0 0 1.000000 0.293639 -0.098542 0.950824 0.381764 -0.449636 0.863529 0.228354 0.025700 -0.843566 -0.494578 0.209258 -0.614104 0 0 0 1.000000 0.290375 -0.091559 0.952523 0.381764 -0.471993 0.852195 0.225801 0.025700 -0.832409 -0.515151 0.204241 -0.614104 0 0 0 1.000000 0.285951 -0.084897 0.954476 0.381764 -0.494489 0.840125 0.222869 0.025700 -0.820800 -0.535708 0.198254 -0.614104 0 0 0 1.000000 0.280394 -0.078669 0.956656 0.381764 -0.516870 0.827435 0.219537 0.025700 -0.808841 -0.556023 0.191346 -0.614104 0 0 0 1.000000 0.273776 -0.072973 0.959021 0.381764 -0.538884 0.814270 0.215797 0.025700 -0.796649 -0.575881 0.183604 -0.614104 0 0 0 1.000000 0.266209 -0.067885 0.961522 0.381764 -0.560290 0.800797 0.211660 0.025700 -0.784352 -0.595077 0.175144 -0.614104 0 0 0 1.000000 0.257842 -0.063458 0.964101 0.381764 -0.580858 0.787203 0.207161 0.025700 -0.772089 -0.613421 0.166114 -0.614104 0 0 0 1.000000 0.248865 -0.059718 0.966695 0.381764 -0.600378 0.773691 0.202356 0.025700 -0.760008 -0.630742 0.156692 -0.614104 0 0 0 1.000000 0.239494 -0.056665 0.969243 0.381764 -0.618658 0.760477 0.197326 0.025700 -0.748268 -0.646888 0.147074 -0.614104 0 0 0 1.000000 0.229974 -0.054271 0.971682 0.381764 -0.635526 0.747779 0.192179 0.025700 -0.737034 -0.661726 0.137480 -0.614104 0 0 0 1.000000 0.220568 -0.052484 0.973959 0.381764 -0.650832 0.735821 0.187043 0.025700 -0.726475 -0.675139 0.128141 -0.614104 0 0 0 1.000000 0.211553 -0.051230 0.976023 0.381764 -0.664446 0.724820 0.182064 0.025700 -0.716768 -0.687031 0.119298 -0.614104 0 0 0 1.000000 0.203210 -0.050421 0.977836 0.381764 -0.676252 0.714990 0.177404 0.025700 -0.708088 -0.697314 0.111196 -0.614104 0 0 0 1.000000 0.195823 -0.049956 0.979366 0.381764 -0.686147 0.706535 0.173234 0.025700 -0.700610 -0.705913 0.104079 -0.614104 0 0 0 1.000000 0.189665 -0.049734 0.980589 0.381764 -0.694033 0.699651 0.169725 0.025700 -0.694510 -0.712752 0.098182 -0.614104 0 0 0 1.000000 0.184994 -0.049659 0.981484 0.381764 -0.699811 0.694522 0.167043 0.025700 -0.689957 -0.717756 0.093730 -0.614104 0 0 0 1.000000 0.182046 -0.049652 0.982036 0.381764 -0.703373 0.691324 0.165342 0.025700 -0.687114 -0.720837 0.090929 -0.614104 0 0 0 1.000000 0.181024 -0.049656 0.982224 0.381764 -0.704592 0.690223 0.164751 0.025700 -0.686135 -0.721891 0.089960 -0.614104 0 0 0 1.000000</float_array>
        <technique_common>
          <accessor source="#Mimi_R_Bone_matrix_Mimi_R_Bone_transform-output-array" count="61" stride="16">
            <param name="TRANSFORM" type="float4x4"/>
          </accessor>
        </technique_common>
      </source>
      <source id="Mimi_R_Bone_matrix_Mimi_R_Bone_transform-interpolations">
        <Name_array id="Mimi_R_Bone_matrix_Mimi_R_Bone_transform-interpolations-array" count="61">LINEAR LINEAR LINEAR LINEAR LINEAR LINEAR LINEAR LINEAR LINEAR LINEAR LINEAR LINEAR LINEAR LINEAR LINEAR LINEAR LINEAR LINEAR LINEAR LINEAR LINEAR LINEAR LINEAR LINEAR LINEAR LINEAR LINEAR LINEAR LINEAR LINEAR LINEAR LINEAR LINEAR LINEAR LINEAR LINEAR LINEAR LINEAR LINEAR LINEAR LINEAR LINEAR LINEAR LINEAR LINEAR LINEAR LINEAR LINEAR LINEAR LINEAR LINEAR LINEAR LINEAR LINEAR LINEAR LINEAR LINEAR LINEAR LINEAR LINEAR LINEAR</Name_array>
        <technique_common>
          <accessor source="#Mimi_R_Bone_matrix_Mimi_R_Bone_transform-interpolations-array" count="61" stride="1">
            <param name="INTERPOLATION" type="Name"/>
          </accessor>
        </technique_common>
      </source>
      <sampler id="Mimi_R_Bone_matrix_Mimi_R_Bone_transform-sampler">
        <input semantic="INPUT" source="#Mimi_R_Bone_matrix_Mimi_R_Bone_transform-input"/>
        <input semantic="OUTPUT" source="#Mimi_R_Bone_matrix_Mimi_R_Bone_transform-output"/>
        <input semantic="INTERPOLATION" source="#Mimi_R_Bone_matrix_Mimi_R_Bone_transform-interpolations"/>
      </sampler>
      <channel source="#Mimi_R_Bone_matrix_Mimi_R_Bone_transform-sampler" target="Mimi_R_Bone/transform"/>
    </animation>
    <animation id="Bip01_L_Clavicle_matrix">
      <source id="Bip01_L_Clavicle_matrix_Bip01_L_Clavicle_transform-input">
        <float_array id="Bip01_L_Clavicle_matrix_Bip01_L_Clavicle_transform-input-array" count="61">0 0.033333 0.066667 0.100000 0.133333 0.166667 0.200000 0.233333 0.266667 0.300000 0.333333 0.366667 0.400000 0.433333 0.466667 0.500000 0.533333 0.566667 0.600000 0.633333 0.666667 0.700000 0.733334 0.766667 0.800000 0.833334 0.866667 0.900000 0.933334 0.966667 1.000000 1.033334 1.066667 1.100000 1.133334 1.166667 1.200000 1.233333 1.266667 1.300000 1.333333 1.366667 1.400000 1.433333 1.466667 1.500000 1.533333 1.566666 1.600000 1.633333 1.666666 1.700000 1.733333 1.766666 1.800000 1.833333 1.866666 1.899999 1.933333 1.966666 1.999999</float_array>
        <technique_common>
          <accessor source="#Bip01_L_Clavicle_matrix_Bip01_L_Clavicle_transform-input-array" count="61" stride="1">
            <param name="TIME" type="float"/>
          </accessor>
        </technique_common>
        <technique profile="MAYA">
          <pre_infinity>CONSTANT</pre_infinity>
          <post_infinity>CONSTANT</post_infinity>
        </technique>
      </source>
      <source id="Bip01_L_Clavicle_matrix_Bip01_L_Clavicle_transform-output">
        <float_array id="Bip01_L_Clavicle_matrix_Bip01_L_Clavicle_transform-output-array" count="976">-0.383638 -0.000254 0.923484 -0.269566 0.875340 -0.318765 0.363550 -0.073129 0.294282 0.947834 0.122512 0.228309 0 0 0 1.000000 -0.383638 -0.000254 0.923484 -0.269566 0.875340 -0.318765 0.363550 -0.073129 0.294282 0.947834 0.122512 0.228309 0 0 0 1.000000 -0.383638 -0.000254 0.923484 -0.269566 0.875340 -0.318765 0.363550 -0.073129 0.294282 0.947834 0.122512 0.228309 0 0 0 1.000000 -0.383638 -0.000254 0.923484 -0.269566 0.875340 -0.318765 0.363550 -0.073129 0.294282 0.947834 0.122512 0.228309 0 0 0 1.000000 -0.383638 -0.000254 0.923484 -0.269566 0.875340 -0.318765 0.363550 -0.073129 0.294282 0.947834 0.122512 0.228309 0 0 0 1.000000 -0.383638 -0.000254 0.923484 -0.269566 0.875340 -0.318765 0.363550 -0.073129 0.294282 0.947834 0.122512 0.228309 0 0 0 1.000000 -0.383638 -0.000254 0.923484 -0.269566 0.875340 -0.318765 0.363550 -0.073129 0.294282 0.947834 0.122512 0.228309 0 0 0 1.000000 -0.383638 -0.000254 0.923484 -0.269566 0.875340 -0.318765 0.363550 -0.073129 0.294282 0.947834 0.122512 0.228309 0 0 0 1.000000 -0.383638 -0.000254 0.923484 -0.269566 0.875340 -0.318765 0.363550 -0.073129 0.294282 0.947834 0.122512 0.228309 0 0 0 1.000000 -0.383638 -0.000254 0.923484 -0.269566 0.875340 -0.318765 0.363550 -0.073129 0.294282 0.947834 0.122512 0.228309 0 0 0 1.000000 -0.383638 -0.000254 0.923483 -0.269566 0.875340 -0.318765 0.363550 -0.073129 0.294282 0.947834 0.122512 0.228309 0 0 0 1.000000 -0.383638 -0.000254 0.923483 -0.269566 0.875340 -0.318765 0.363550 -0.073129 0.294282 0.947834 0.122512 0.228309 0 0 0 1.000000 -0.383638 -0.000254 0.923483 -0.269566 0.875340 -0.318765 0.363550 -0.073129 0.294282 0.947834 0.122512 0.228309 0 0 0 1.000000 -0.383638 -0.000254 0.923484 -0.269566 0.875340 -0.318765 0.363550 -0.073129 0.294282 0.947834 0.122512 0.228309 0 0 0 1.000000 -0.383638 -0.000254 0.923484 -0.269566 0.875340 -0.318765 0.363550 -0.073129 0.294282 0.947834 0.122512 0.228309 0 0 0 1.000000 -0.383638 -0.000254 0.923484 -0.269566 0.875340 -0.318765 0.363550 -0.073129 0.294282 0.947834 0.122512 0.228309 0 0 0 1.000000 -0.383638 -0.000254 0.923484 -0.269566 0.875340 -0.318765 0.363550 -0.073129 0.294282 0.947834 0.122512 0.228309 0 0 0 1.000000 -0.383638 -0.000254 0.923484 -0.269566 0.875340 -0.318765 0.363550 -0.073129 0.294282 0.947834 0.122512 0.228309 0 0 0 1.000000 -0.383638 -0.000254 0.923484 -0.269566 0.875340 -0.318765 0.363550 -0.073129 0.294282 0.947834 0.122512 0.228309 0 0 0 1.000000 -0.383638 -0.000254 0.923484 -0.269566 0.875340 -0.318765 0.363550 -0.073129 0.294282 0.947834 0.122512 0.228309 0 0 0 1.000000 -0.383638 -0.000254 0.923484 -0.269566 0.875340 -0.318765 0.363550 -0.073129 0.294282 0.947834 0.122512 0.228309 0 0 0 1.000000 -0.383638 -0.000254 0.923484 -0.269566 0.875340 -0.318765 0.363550 -0.073129 0.294282 0.947834 0.122512 0.228309 0 0 0 1.000000 -0.383638 -0.000254 0.923484 -0.269566 0.875340 -0.318765 0.363550 -0.073129 0.294282 0.947834 0.122512 0.228309 0 0 0 1.000000 -0.383638 -0.000254 0.923484 -0.269566 0.875340 -0.318765 0.363550 -0.073129 0.294282 0.947834 0.122512 0.228309 0 0 0 1.000000 -0.383638 -0.000254 0.923484 -0.269566 0.875340 -0.318765 0.363550 -0.073129 0.294282 0.947834 0.122512 0.228309 0 0 0 1.000000 -0.383638 -0.000254 0.923483 -0.269566 0.875340 -0.318765 0.363550 -0.073129 0.294282 0.947834 0.122512 0.228309 0 0 0 1.000000 -0.383638 -0.000254 0.923484 -0.269566 0.875340 -0.318765 0.363550 -0.073129 0.294282 0.947834 0.122512 0.228309 0 0 0 1.000000 -0.383638 -0.000254 0.923484 -0.269566 0.875340 -0.318765 0.363550 -0.073129 0.294282 0.947834 0.122512 0.228309 0 0 0 1.000000 -0.383638 -0.000254 0.923484 -0.269566 0.875340 -0.318765 0.363550 -0.073129 0.294282 0.947834 0.122512 0.228309 0 0 0 1.000000 -0.383638 -0.000254 0.923483 -0.269566 0.875340 -0.318765 0.363550 -0.073130 0.294282 0.947834 0.122512 0.228309 0 0 0 1.000000 -0.383638 -0.000254 0.923484 -0.269566 0.875340 -0.318765 0.363550 -0.073129 0.294282 0.947834 0.122512 0.228309 0 0 0 1.000000 -0.383638 -0.000254 0.923483 -0.269566 0.875340 -0.318765 0.363550 -0.073130 0.294282 0.947834 0.122512 0.228309 0 0 0 1.000000 -0.383638 -0.000254 0.923484 -0.269566 0.875340 -0.318765 0.363550 -0.073129 0.294282 0.947834 0.122512 0.228309 0 0 0 1.000000 -0.383638 -0.000254 0.923484 -0.269566 0.875340 -0.318765 0.363550 -0.073129 0.294282 0.947834 0.122512 0.228309 0 0 0 1.000000 -0.383638 -0.000254 0.923484 -0.269566 0.875340 -0.318765 0.363550 -0.073129 0.294282 0.947834 0.122512 0.228309 0 0 0 1.000000 -0.383638 -0.000254 0.923483 -0.269566 0.875340 -0.318765 0.363550 -0.073129 0.294282 0.947834 0.122512 0.228309 0 0 0 1.000000 -0.383638 -0.000254 0.923484 -0.269566 0.875340 -0.318765 0.363550 -0.073129 0.294282 0.947834 0.122512 0.228309 0 0 0 1.000000 -0.383638 -0.000254 0.923484 -0.269566 0.875340 -0.318765 0.363550 -0.073129 0.294282 0.947834 0.122512 0.228309 0 0 0 1.000000 -0.383638 -0.000254 0.923484 -0.269565 0.875340 -0.318765 0.363550 -0.073129 0.294282 0.947834 0.122512 0.228309 0 0 0 1.000000 -0.383638 -0.000254 0.923484 -0.269566 0.875340 -0.318765 0.363550 -0.073129 0.294282 0.947834 0.122512 0.228309 0 0 0 1.000000 -0.383638 -0.000254 0.923484 -0.269566 0.875340 -0.318765 0.363550 -0.073129 0.294282 0.947834 0.122512 0.228309 0 0 0 1.000000 -0.383638 -0.000254 0.923484 -0.269566 0.875340 -0.318765 0.363550 -0.073129 0.294282 0.947834 0.122512 0.228309 0 0 0 1.000000 -0.383638 -0.000254 0.923484 -0.269566 0.875340 -0.318765 0.363550 -0.073129 0.294282 0.947834 0.122512 0.228309 0 0 0 1.000000 -0.383638 -0.000254 0.923484 -0.269566 0.875340 -0.318765 0.363550 -0.073129 0.294282 0.947834 0.122512 0.228309 0 0 0 1.000000 -0.383638 -0.000254 0.923484 -0.269566 0.875340 -0.318765 0.363550 -0.073129 0.294282 0.947834 0.122512 0.228309 0 0 0 1.000000 -0.383638 -0.000254 0.923484 -0.269566 0.875340 -0.318765 0.363550 -0.073129 0.294282 0.947834 0.122512 0.228309 0 0 0 1.000000 -0.383638 -0.000254 0.923484 -0.269566 0.875340 -0.318765 0.363550 -0.073129 0.294282 0.947834 0.122512 0.228309 0 0 0 1.000000 -0.383638 -0.000254 0.923484 -0.269566 0.875340 -0.318765 0.363550 -0.073129 0.294282 0.947834 0.122512 0.228309 0 0 0 1.000000 -0.383638 -0.000254 0.923483 -0.269566 0.875340 -0.318765 0.363550 -0.073129 0.294282 0.947834 0.122512 0.228309 0 0 0 1.000000 -0.383638 -0.000254 0.923484 -0.269566 0.875340 -0.318765 0.363550 -0.073129 0.294282 0.947834 0.122512 0.228309 0 0 0 1.000000 -0.383638 -0.000254 0.923483 -0.269566 0.875340 -0.318765 0.363550 -0.073129 0.294282 0.947834 0.122512 0.228309 0 0 0 1.000000 -0.383638 -0.000254 0.923484 -0.269566 0.875340 -0.318765 0.363550 -0.073129 0.294282 0.947834 0.122512 0.228309 0 0 0 1.000000 -0.383638 -0.000254 0.923484 -0.269566 0.875340 -0.318765 0.363550 -0.073129 0.294282 0.947834 0.122512 0.228309 0 0 0 1.000000 -0.383638 -0.000254 0.923484 -0.269566 0.875340 -0.318765 0.363550 -0.073129 0.294282 0.947834 0.122512 0.228309 0 0 0 1.000000 -0.383638 -0.000254 0.923484 -0.269566 0.875340 -0.318765 0.363550 -0.073129 0.294282 0.947834 0.122512 0.228309 0 0 0 1.000000 -0.383638 -0.000254 0.923484 -0.269566 0.875340 -0.318765 0.363550 -0.073129 0.294282 0.947834 0.122512 0.228309 0 0 0 1.000000 -0.383638 -0.000254 0.923484 -0.269566 0.875340 -0.318765 0.363550 -0.073129 0.294282 0.947834 0.122512 0.228309 0 0 0 1.000000 -0.383638 -0.000254 0.923484 -0.269566 0.875340 -0.318765 0.363550 -0.073129 0.294282 0.947834 0.122512 0.228309 0 0 0 1.000000 -0.383638 -0.000254 0.923484 -0.269566 0.875340 -0.318765 0.363550 -0.073129 0.294282 0.947834 0.122512 0.228309 0 0 0 1.000000 -0.383638 -0.000254 0.923484 -0.269566 0.875340 -0.318765 0.363550 -0.073129 0.294282 0.947834 0.122512 0.228309 0 0 0 1.000000 -0.383638 -0.000254 0.923484 -0.269566 0.875340 -0.318765 0.363550 -0.073129 0.294282 0.947834 0.122512 0.228309 0 0 0 1.000000</float_array>
        <technique_common>
          <accessor source="#Bip01_L_Clavicle_matrix_Bip01_L_Clavicle_transform-output-array" count="61" stride="16">
            <param name="TRANSFORM" type="float4x4"/>
          </accessor>
        </technique_common>
      </source>
      <source id="Bip01_L_Clavicle_matrix_Bip01_L_Clavicle_transform-interpolations">
        <Name_array id="Bip01_L_Clavicle_matrix_Bip01_L_Clavicle_transform-interpolations-array" count="61">LINEAR LINEAR LINEAR LINEAR LINEAR LINEAR LINEAR LINEAR LINEAR LINEAR LINEAR LINEAR LINEAR LINEAR LINEAR LINEAR LINEAR LINEAR LINEAR LINEAR LINEAR LINEAR LINEAR LINEAR LINEAR LINEAR LINEAR LINEAR LINEAR LINEAR LINEAR LINEAR LINEAR LINEAR LINEAR LINEAR LINEAR LINEAR LINEAR LINEAR LINEAR LINEAR LINEAR LINEAR LINEAR LINEAR LINEAR LINEAR LINEAR LINEAR LINEAR LINEAR LINEAR LINEAR LINEAR LINEAR LINEAR LINEAR LINEAR LINEAR LINEAR</Name_array>
        <technique_common>
          <accessor source="#Bip01_L_Clavicle_matrix_Bip01_L_Clavicle_transform-interpolations-array" count="61" stride="1">
            <param name="INTERPOLATION" type="Name"/>
          </accessor>
        </technique_common>
      </source>
      <sampler id="Bip01_L_Clavicle_matrix_Bip01_L_Clavicle_transform-sampler">
        <input semantic="INPUT" source="#Bip01_L_Clavicle_matrix_Bip01_L_Clavicle_transform-input"/>
        <input semantic="OUTPUT" source="#Bip01_L_Clavicle_matrix_Bip01_L_Clavicle_transform-output"/>
        <input semantic="INTERPOLATION" source="#Bip01_L_Clavicle_matrix_Bip01_L_Clavicle_transform-interpolations"/>
      </sampler>
      <channel source="#Bip01_L_Clavicle_matrix_Bip01_L_Clavicle_transform-sampler" target="Bip01_L_Clavicle/transform"/>
    </animation>
    <animation id="Bip01_L_UpperArm_matrix">
      <source id="Bip01_L_UpperArm_matrix_Bip01_L_UpperArm_transform-input">
        <float_array id="Bip01_L_UpperArm_matrix_Bip01_L_UpperArm_transform-input-array" count="61">0 0.033333 0.066667 0.100000 0.133333 0.166667 0.200000 0.233333 0.266667 0.300000 0.333333 0.366667 0.400000 0.433333 0.466667 0.500000 0.533333 0.566667 0.600000 0.633333 0.666667 0.700000 0.733334 0.766667 0.800000 0.833334 0.866667 0.900000 0.933334 0.966667 1.000000 1.033334 1.066667 1.100000 1.133334 1.166667 1.200000 1.233333 1.266667 1.300000 1.333333 1.366667 1.400000 1.433333 1.466667 1.500000 1.533333 1.566666 1.600000 1.633333 1.666666 1.700000 1.733333 1.766666 1.800000 1.833333 1.866666 1.899999 1.933333 1.966666 1.999999</float_array>
        <technique_common>
          <accessor source="#Bip01_L_UpperArm_matrix_Bip01_L_UpperArm_transform-input-array" count="61" stride="1">
            <param name="TIME" type="float"/>
          </accessor>
        </technique_common>
        <technique profile="MAYA">
          <pre_infinity>CONSTANT</pre_infinity>
          <post_infinity>CONSTANT</post_infinity>
        </technique>
      </source>
      <source id="Bip01_L_UpperArm_matrix_Bip01_L_UpperArm_transform-output">
        <float_array id="Bip01_L_UpperArm_matrix_Bip01_L_UpperArm_transform-output-array" count="976">0.924815 -0.354923 0.136918 0.893299 -0.100408 0.119414 0.987754 0 -0.366926 -0.927238 0.074799 0 0 0 0 1.000000 0.924816 -0.354407 0.138241 0.893299 -0.101754 0.119695 0.987583 0 -0.366552 -0.927399 0.074633 0 0 0 0 1.000000 0.924913 -0.353557 0.139763 0.893299 -0.103316 0.120038 0.987379 0 -0.365871 -0.927679 0.074497 -0.000000 0 0 0 1.000000 0.925105 -0.352379 0.141459 0.893298 -0.105072 0.120433 0.987145 0 -0.364885 -0.928076 0.074388 0 0 0 0 1.000000 0.925395 -0.350866 0.143309 0.893298 -0.107004 0.120867 0.986885 0 -0.363585 -0.928593 0.074305 0.000000 0 0 0 1.000000 0.925790 -0.349003 0.145290 0.893298 -0.109096 0.121324 0.986599 0 -0.361953 -0.929235 0.074246 0.000000 0 0 0 1.000000 0.926301 -0.346765 0.147382 0.893298 -0.111334 0.121790 0.986292 0 -0.359961 -0.930011 0.074208 0 0 0 0 1.000000 0.926935 -0.344125 0.149566 0.893298 -0.113706 0.122250 0.985964 0 -0.357580 -0.930931 0.074189 0 0 0 0 1.000000 0.927703 -0.341051 0.151824 0.893299 -0.116199 0.122687 0.985619 0 -0.354774 -0.932004 0.074187 0.000000 0 0 0 1.000000 0.928616 -0.337511 0.154139 0.893298 -0.118805 0.123086 0.985259 0 -0.351508 -0.933240 0.074202 0 0 0 0 1.000000 0.929681 -0.333470 0.156493 0.893298 -0.121512 0.123430 0.984886 0 -0.347746 -0.934646 0.074230 -0.000000 0 0 0 1.000000 0.930898 -0.328927 0.158855 0.893299 -0.124293 0.123703 0.984504 0 -0.343481 -0.936218 0.074271 0 0 0 0 1.000000 0.932295 -0.323765 0.161254 0.893299 -0.127191 0.123893 0.984110 0 -0.338598 -0.937991 0.074325 0.000000 0 0 0 1.000000 0.933848 -0.318046 0.163631 0.893298 -0.130143 0.123984 0.983713 0 -0.333154 -0.939933 0.074391 0.000000 0 0 0 1.000000 0.935563 -0.311722 0.165986 0.893298 -0.133154 0.123962 0.983312 0 -0.327096 -0.942052 0.074467 0.000000 0 0 0 1.000000 0.937435 -0.304779 0.168304 0.893299 -0.136214 0.123816 0.982912 0 -0.320409 -0.944341 0.074554 0.000000 0 0 0 1.000000 0.939452 -0.297211 0.170571 0.893298 -0.139307 0.123536 0.982513 0 -0.313086 -0.946786 0.074652 0.000000 0 0 0 1.000000 0.941602 -0.289025 0.172775 0.893299 -0.142419 0.123114 0.982120 0 -0.305128 -0.949372 0.074761 0 0 0 0 1.000000 0.943862 -0.280241 0.174900 0.893298 -0.145533 0.122546 0.981735 0 -0.296555 -0.952075 0.074882 0.000000 0 0 0 1.000000 0.946209 -0.270894 0.176933 0.893299 -0.148627 0.121829 0.981360 -0.000000 -0.287401 -0.954868 0.075014 0 0 0 0 1.000000 0.948613 -0.261041 0.178862 0.893298 -0.151680 0.120969 0.980999 0 -0.277718 -0.957718 0.075158 0.000000 0 0 0 1.000000 0.951038 -0.250768 0.180672 0.893298 -0.154665 0.119973 0.980656 -0.000000 -0.267593 -0.960584 0.075314 0.000000 0 0 0 1.000000 0.953429 -0.240258 0.182341 0.893299 -0.157533 0.118866 0.980334 0 -0.257208 -0.963404 0.075481 0.000000 0 0 0 1.000000 0.955785 -0.229480 0.183885 0.893299 -0.160302 0.117652 0.980031 -0.000000 -0.246532 -0.966176 0.075664 0.000000 0 0 0 1.000000 0.958009 -0.218854 0.185261 0.893299 -0.162877 0.116391 0.979757 0 -0.235987 -0.968791 0.075857 0 0 0 0 1.000000 0.960061 -0.208602 0.186464 0.893299 -0.165227 0.115128 0.979513 0 -0.225796 -0.971201 0.076063 0 0 0 0 1.000000 0.961878 -0.199100 0.187480 0.893298 -0.167294 0.113930 0.979302 0 -0.216339 -0.973334 0.076278 0.000000 0 0 0 1.000000 0.963398 -0.190808 0.188297 0.893299 -0.169022 0.112844 0.979131 0 -0.208074 -0.975120 0.076463 0.000000 0 0 0 1.000000 0.964550 -0.184282 0.188900 0.893298 -0.170369 0.111819 0.979015 0 -0.201537 -0.976492 0.076459 0 0 0 0 1.000000 0.965280 -0.180029 0.189272 0.893299 -0.171224 0.111139 0.978944 0 -0.197274 -0.977363 0.076455 0 0 0 0 1.000000 0.965534 -0.178529 0.189400 0.893299 -0.171520 0.110898 0.978919 -0.000000 -0.195769 -0.977665 0.076454 0.000000 0 0 0 1.000000 0.965280 -0.180029 0.189272 0.893299 -0.171224 0.111139 0.978944 0 -0.197274 -0.977363 0.076455 0 0 0 0 1.000000 0.964550 -0.184282 0.188900 0.893298 -0.170369 0.111818 0.979015 0 -0.201537 -0.976492 0.076458 0 0 0 0 1.000000 0.963398 -0.190809 0.188297 0.893299 -0.169023 0.112843 0.979131 0 -0.208075 -0.975120 0.076462 0.000000 0 0 0 1.000000 0.961886 -0.199066 0.187478 0.893298 -0.167255 0.114108 0.979288 0 -0.216336 -0.973320 0.076464 0 0 0 0 1.000000 0.960078 -0.208529 0.186458 0.893299 -0.165137 0.115512 0.979483 0 -0.225789 -0.971171 0.076464 0 0 0 0 1.000000 0.958036 -0.218745 0.185250 0.893299 -0.162735 0.116965 0.979712 0 -0.235975 -0.968747 0.076460 0 0 0 0 1.000000 0.955822 -0.229340 0.183868 0.893299 -0.160106 0.118398 0.979973 -0.000000 -0.246517 -0.966118 0.076449 0.000000 0 0 0 1.000000 0.953491 -0.240026 0.182327 0.893299 -0.157300 0.119755 0.980263 0 -0.257123 -0.963352 0.076429 0 0 0 0 1.000000 0.951094 -0.250579 0.180639 0.893298 -0.154361 0.120995 0.980578 -0.000000 -0.267569 -0.960505 0.076399 0.000000 0 0 0 1.000000 0.948677 -0.260836 0.178818 0.893298 -0.151325 0.122094 0.980915 0.000000 -0.277691 -0.957631 0.076357 0.000000 0 0 0 1.000000 0.946281 -0.270678 0.176879 0.893299 -0.148227 0.123030 0.981271 -0.000000 -0.287370 -0.954776 0.076300 0 0 0 0 1.000000 0.943940 -0.280019 0.174835 0.893298 -0.145094 0.123796 0.981643 0 -0.296523 -0.951979 0.076227 0 0 0 0 1.000000 0.941684 -0.288801 0.172700 0.893299 -0.141951 0.124387 0.982027 0 -0.305092 -0.949274 0.076137 0 0 0 0 1.000000 0.939550 -0.296942 0.170502 0.893298 -0.138839 0.124802 0.982419 0 -0.313000 -0.946705 0.076031 0 0 0 0 1.000000 0.937520 -0.304567 0.168214 0.893299 -0.135717 0.125053 0.982824 0 -0.320371 -0.944246 0.075904 0.000000 0 0 0 1.000000 0.935646 -0.311523 0.165891 0.893298 -0.132662 0.125141 0.983230 0 -0.327058 -0.941962 0.075761 0.000000 0 0 0 1.000000 0.933927 -0.317864 0.163535 0.893298 -0.129668 0.125080 0.983637 0 -0.333117 -0.939850 0.075599 0.000000 0 0 0 1.000000 0.932368 -0.323602 0.161160 0.893299 -0.126749 0.124881 0.984042 0 -0.338564 -0.937916 0.075419 0.000000 0 0 0 1.000000 0.930971 -0.328759 0.158781 0.893299 -0.123915 0.124561 0.984444 0 -0.343423 -0.936163 0.075224 0 0 0 0 1.000000 0.929735 -0.333358 0.156415 0.893298 -0.121177 0.124133 0.984839 0 -0.347720 -0.934592 0.075015 -0.000000 0 0 0 1.000000 0.928657 -0.337427 0.154077 0.893298 -0.118546 0.123615 0.985224 0 -0.351488 -0.933200 0.074795 0 0 0 0 1.000000 0.927729 -0.341000 0.151783 0.893299 -0.116031 0.123023 0.985597 0 -0.354761 -0.931979 0.074566 0.000000 0 0 0 1.000000 0.926944 -0.344106 0.149550 0.893298 -0.113642 0.122375 0.985956 0 -0.357575 -0.930922 0.074330 0 0 0 0 1.000000 0.926293 -0.346780 0.147395 0.893298 -0.111386 0.121689 0.986299 0 -0.359965 -0.930019 0.074093 0 0 0 0 1.000000 0.925764 -0.349052 0.145337 0.893299 -0.109275 0.120982 0.986621 0 -0.361966 -0.929261 0.073858 0.000000 0 0 0 1.000000 0.925349 -0.350952 0.143394 0.893298 -0.107320 0.120272 0.986923 0 -0.363609 -0.928637 0.073630 0.000000 0 0 0 1.000000 0.925039 -0.352502 0.141585 0.893298 -0.105533 0.119576 0.987200 0 -0.364920 -0.928140 0.073412 0 0 0 0 1.000000 0.924826 -0.353717 0.139931 0.893299 -0.103927 0.118910 0.987451 0 -0.365917 -0.927763 0.073210 -0.000000 0 0 0 1.000000 0.924709 -0.354603 0.138452 0.893299 -0.102519 0.118287 0.987673 0 -0.366609 -0.927504 0.073028 0 0 0 0 1.000000 0.924688 -0.355157 0.137171 0.893299 -0.101327 0.117724 0.987863 0 -0.366995 -0.927364 0.072871 0 0 0 0 1.000000</float_array>
        <technique_common>
          <accessor source="#Bip01_L_UpperArm_matrix_Bip01_L_UpperArm_transform-output-array" count="61" stride="16">
            <param name="TRANSFORM" type="float4x4"/>
          </accessor>
        </technique_common>
      </source>
      <source id="Bip01_L_UpperArm_matrix_Bip01_L_UpperArm_transform-interpolations">
        <Name_array id="Bip01_L_UpperArm_matrix_Bip01_L_UpperArm_transform-interpolations-array" count="61">LINEAR LINEAR LINEAR LINEAR LINEAR LINEAR LINEAR LINEAR LINEAR LINEAR LINEAR LINEAR LINEAR LINEAR LINEAR LINEAR LINEAR LINEAR LINEAR LINEAR LINEAR LINEAR LINEAR LINEAR LINEAR LINEAR LINEAR LINEAR LINEAR LINEAR LINEAR LINEAR LINEAR LINEAR LINEAR LINEAR LINEAR LINEAR LINEAR LINEAR LINEAR LINEAR LINEAR LINEAR LINEAR LINEAR LINEAR LINEAR LINEAR LINEAR LINEAR LINEAR LINEAR LINEAR LINEAR LINEAR LINEAR LINEAR LINEAR LINEAR LINEAR</Name_array>
        <technique_common>
          <accessor source="#Bip01_L_UpperArm_matrix_Bip01_L_UpperArm_transform-interpolations-array" count="61" stride="1">
            <param name="INTERPOLATION" type="Name"/>
          </accessor>
        </technique_common>
      </source>
      <sampler id="Bip01_L_UpperArm_matrix_Bip01_L_UpperArm_transform-sampler">
        <input semantic="INPUT" source="#Bip01_L_UpperArm_matrix_Bip01_L_UpperArm_transform-input"/>
        <input semantic="OUTPUT" source="#Bip01_L_UpperArm_matrix_Bip01_L_UpperArm_transform-output"/>
        <input semantic="INTERPOLATION" source="#Bip01_L_UpperArm_matrix_Bip01_L_UpperArm_transform-interpolations"/>
      </sampler>
      <channel source="#Bip01_L_UpperArm_matrix_Bip01_L_UpperArm_transform-sampler" target="Bip01_L_UpperArm/transform"/>
    </animation>
    <animation id="Bip01_L_Forearm_matrix">
      <source id="Bip01_L_Forearm_matrix_Bip01_L_Forearm_transform-input">
        <float_array id="Bip01_L_Forearm_matrix_Bip01_L_Forearm_transform-input-array" count="61">0 0.033333 0.066667 0.100000 0.133333 0.166667 0.200000 0.233333 0.266667 0.300000 0.333333 0.366667 0.400000 0.433333 0.466667 0.500000 0.533333 0.566667 0.600000 0.633333 0.666667 0.700000 0.733334 0.766667 0.800000 0.833334 0.866667 0.900000 0.933334 0.966667 1.000000 1.033334 1.066667 1.100000 1.133334 1.166667 1.200000 1.233333 1.266667 1.300000 1.333333 1.366667 1.400000 1.433333 1.466667 1.500000 1.533333 1.566666 1.600000 1.633333 1.666666 1.700000 1.733333 1.766666 1.800000 1.833333 1.866666 1.899999 1.933333 1.966666 1.999999</float_array>
        <technique_common>
          <accessor source="#Bip01_L_Forearm_matrix_Bip01_L_Forearm_transform-input-array" count="61" stride="1">
            <param name="TIME" type="float"/>
          </accessor>
        </technique_common>
        <technique profile="MAYA">
          <pre_infinity>CONSTANT</pre_infinity>
          <post_infinity>CONSTANT</post_infinity>
        </technique>
      </source>
      <source id="Bip01_L_Forearm_matrix_Bip01_L_Forearm_transform-output">
        <float_array id="Bip01_L_Forearm_matrix_Bip01_L_Forearm_transform-output-array" count="976">0.548784 0.835964 0 0.968692 -0.835964 0.548784 0 0 0 0 1.000000 0 0 0 0 1.000000 0.549291 0.835631 0 0.968692 -0.835631 0.549291 0 0 0 0 1.000000 0 0 0 0 1.000000 0.551985 0.833854 0 0.968692 -0.833854 0.551985 0 0 0 0 1.000000 0 0 0 0 1.000000 0.556725 0.830697 0 0.968691 -0.830697 0.556725 0 -0.000000 0 0 1.000000 0 0 0 0 1.000000 0.563373 0.826202 0 0.968692 -0.826202 0.563373 0 0.000000 0 0 1.000000 0 0 0 0 1.000000 0.571799 0.820393 0 0.968691 -0.820393 0.571799 0 0 0 0 1.000000 0 0 0 0 1.000000 0.581878 0.813276 0 0.968692 -0.813276 0.581879 0 0.000000 0 0 1.000000 0 0 0 0 1.000000 0.593487 0.804844 0 0.968692 -0.804844 0.593487 0 0 0 0 1.000000 0 0 0 0 1.000000 0.606501 0.795083 0 0.968692 -0.795083 0.606501 0 0 0 0 1.000000 0 0 0 0 1.000000 0.620795 0.783973 0 0.968692 -0.783973 0.620795 0 0 0 0 1.000000 0 0 0 0 1.000000 0.636241 0.771490 0 0.968691 -0.771490 0.636241 0 0 0 0 1.000000 0 0 0 0 1.000000 0.652600 0.757703 0 0.968692 -0.757703 0.652600 0 0 0 0 1.000000 0 0 0 0 1.000000 0.670048 0.742318 0 0.968692 -0.742318 0.670048 0 0.000000 0 0 1.000000 0 0 0 0 1.000000 0.688123 0.725594 0 0.968692 -0.725594 0.688123 0 0 0 0 1.000000 0 0 0 0 1.000000 0.706779 0.707434 0 0.968692 -0.707434 0.706779 0 0.000000 0 0 1.000000 0 0 0 0 1.000000 0.725853 0.687850 0 0.968692 -0.687850 0.725853 0 0.000000 0 0 1.000000 0 0 0 0 1.000000 0.745179 0.666865 0 0.968692 -0.666865 0.745179 0 0.000000 0 0 1.000000 0 0 0 0 1.000000 0.764579 0.644530 0 0.968692 -0.644530 0.764579 0 0 0 0 1.000000 0 0 0 0 1.000000 0.783866 0.620930 0 0.968692 -0.620930 0.783866 0 0.000000 0 0 1.000000 0 0 0 0 1.000000 0.802847 0.596185 0 0.968692 -0.596185 0.802847 0 0.000000 0 0 1.000000 0 0 0 0 1.000000 0.821323 0.570464 0 0.968692 -0.570464 0.821323 0 0 0 0 1.000000 0 0 0 0 1.000000 0.839084 0.544002 0 0.968692 -0.544002 0.839084 0 0 0 0 1.000000 0 0 0 0 1.000000 0.855817 0.517278 0 0.968692 -0.517278 0.855817 0 0.000000 0 0 1.000000 0 0 0 0 1.000000 0.871608 0.490204 0 0.968692 -0.490204 0.871607 0 0 0 0 1.000000 0 0 0 0 1.000000 0.885928 0.463823 0 0.968692 -0.463823 0.885928 0 0.000000 0 0 1.000000 0 0 0 0 1.000000 0.898654 0.438657 0 0.968692 -0.438657 0.898654 0 0.000000 0 0 1.000000 0 0 0 0 1.000000 0.909561 0.415570 0 0.968692 -0.415570 0.909561 0 0 0 0 1.000000 0 0 0 0 1.000000 0.918425 0.395595 0 0.968692 -0.395595 0.918425 0 0 0 0 1.000000 0 0 0 0 1.000000 0.925020 0.379918 0 0.968692 -0.379918 0.925020 0 0.000000 0 0 1.000000 0 0 0 0 1.000000 0.929130 0.369752 0 0.968692 -0.369752 0.929130 0 -0.000000 0 0 1.000000 0 0 0 0 1.000000 0.930545 0.366177 0 0.968692 -0.366177 0.930545 0 0 0 0 1.000000 0 0 0 0 1.000000 0.929130 0.369752 0 0.968692 -0.369752 0.929130 0 -0.000000 0 0 1.000000 0 0 0 0 1.000000 0.925020 0.379918 0 0.968692 -0.379918 0.925020 0 0 0 0 1.000000 0 0 0 0 1.000000 0.918425 0.395595 0 0.968692 -0.395595 0.918425 0 0.000000 0 0 1.000000 0 0 0 0 1.000000 0.909561 0.415570 0 0.968692 -0.415570 0.909561 0 0 0 0 1.000000 0 0 0 0 1.000000 0.898654 0.438657 0 0.968692 -0.438657 0.898655 0 0 0 0 1.000000 0 0 0 0 1.000000 0.885928 0.463823 0 0.968692 -0.463823 0.885928 0 0.000000 0 0 1.000000 0 0 0 0 1.000000 0.871608 0.490204 0 0.968692 -0.490204 0.871608 0 0 0 0 1.000000 0 0 0 0 1.000000 0.855919 0.517110 0 0.968692 -0.517110 0.855919 0 0.000000 0 0 1.000000 0 0 0 0 1.000000 0.839084 0.544002 0 0.968692 -0.544002 0.839084 0 0.000000 0 0 1.000000 0 0 0 0 1.000000 0.821323 0.570464 0 0.968692 -0.570464 0.821323 0 0 0 0 1.000000 0 0 0 0 1.000000 0.802847 0.596185 0 0.968692 -0.596185 0.802847 0 0 0 0 1.000000 0 0 0 0 1.000000 0.783865 0.620931 0 0.968692 -0.620931 0.783865 0 0.000000 0 0 1.000000 0 0 0 0 1.000000 0.764579 0.644530 0 0.968692 -0.644530 0.764579 0 0 0 0 1.000000 0 0 0 0 1.000000 0.745301 0.666728 0 0.968692 -0.666728 0.745301 0 0 0 0 1.000000 0 0 0 0 1.000000 0.725853 0.687849 0 0.968692 -0.687849 0.725853 0 0 0 0 1.000000 0 0 0 0 1.000000 0.706779 0.707435 0 0.968692 -0.707435 0.706779 0 0 0 0 1.000000 0 0 0 0 1.000000 0.688123 0.725594 0 0.968692 -0.725594 0.688123 0 0 0 0 1.000000 0 0 0 0 1.000000 0.670048 0.742318 0 0.968692 -0.742318 0.670048 0 0.000000 0 0 1.000000 0 0 0 0 1.000000 0.652706 0.757612 0 0.968692 -0.757612 0.652706 0 0 0 0 1.000000 0 0 0 0 1.000000 0.636241 0.771490 0 0.968692 -0.771490 0.636241 0 0 0 0 1.000000 0 0 0 0 1.000000 0.620796 0.783972 0 0.968692 -0.783972 0.620796 0 0 0 0 1.000000 0 0 0 0 1.000000 0.606501 0.795082 0 0.968692 -0.795082 0.606501 0 0 0 0 1.000000 0 0 0 0 1.000000 0.593487 0.804843 0 0.968692 -0.804843 0.593487 0 0 0 0 1.000000 0 0 0 0 1.000000 0.581879 0.813276 0 0.968692 -0.813276 0.581879 0 0 0 0 1.000000 0 0 0 0 1.000000 0.571800 0.820393 0 0.968692 -0.820393 0.571800 0 0 0 0 1.000000 0 0 0 0 1.000000 0.563373 0.826203 0 0.968692 -0.826203 0.563373 0 0.000000 0 0 1.000000 0 0 0 0 1.000000 0.556726 0.830696 0 0.968692 -0.830697 0.556726 0 -0.000000 0 0 1.000000 -0.000000 0 0 0 1.000000 0.551986 0.833854 0 0.968692 -0.833854 0.551986 0 0 0 0 1.000000 0 0 0 0 1.000000 0.549291 0.835631 0 0.968692 -0.835631 0.549291 0 0 0 0 1.000000 0 0 0 0 1.000000 0.548784 0.835964 0 0.968692 -0.835964 0.548784 0 0 0 0 1.000000 0 0 0 0 1.000000</float_array>
        <technique_common>
          <accessor source="#Bip01_L_Forearm_matrix_Bip01_L_Forearm_transform-output-array" count="61" stride="16">
            <param name="TRANSFORM" type="float4x4"/>
          </accessor>
        </technique_common>
      </source>
      <source id="Bip01_L_Forearm_matrix_Bip01_L_Forearm_transform-interpolations">
        <Name_array id="Bip01_L_Forearm_matrix_Bip01_L_Forearm_transform-interpolations-array" count="61">LINEAR LINEAR LINEAR LINEAR LINEAR LINEAR LINEAR LINEAR LINEAR LINEAR LINEAR LINEAR LINEAR LINEAR LINEAR LINEAR LINEAR LINEAR LINEAR LINEAR LINEAR LINEAR LINEAR LINEAR LINEAR LINEAR LINEAR LINEAR LINEAR LINEAR LINEAR LINEAR LINEAR LINEAR LINEAR LINEAR LINEAR LINEAR LINEAR LINEAR LINEAR LINEAR LINEAR LINEAR LINEAR LINEAR LINEAR LINEAR LINEAR LINEAR LINEAR LINEAR LINEAR LINEAR LINEAR LINEAR LINEAR LINEAR LINEAR LINEAR LINEAR</Name_array>
        <technique_common>
          <accessor source="#Bip01_L_Forearm_matrix_Bip01_L_Forearm_transform-interpolations-array" count="61" stride="1">
            <param name="INTERPOLATION" type="Name"/>
          </accessor>
        </technique_common>
      </source>
      <sampler id="Bip01_L_Forearm_matrix_Bip01_L_Forearm_transform-sampler">
        <input semantic="INPUT" source="#Bip01_L_Forearm_matrix_Bip01_L_Forearm_transform-input"/>
        <input semantic="OUTPUT" source="#Bip01_L_Forearm_matrix_Bip01_L_Forearm_transform-output"/>
        <input semantic="INTERPOLATION" source="#Bip01_L_Forearm_matrix_Bip01_L_Forearm_transform-interpolations"/>
      </sampler>
      <channel source="#Bip01_L_Forearm_matrix_Bip01_L_Forearm_transform-sampler" target="Bip01_L_Forearm/transform"/>
    </animation>
    <animation id="Bip01_L_Hand_matrix">
      <source id="Bip01_L_Hand_matrix_Bip01_L_Hand_transform-input">
        <float_array id="Bip01_L_Hand_matrix_Bip01_L_Hand_transform-input-array" count="61">0 0.033333 0.066667 0.100000 0.133333 0.166667 0.200000 0.233333 0.266667 0.300000 0.333333 0.366667 0.400000 0.433333 0.466667 0.500000 0.533333 0.566667 0.600000 0.633333 0.666667 0.700000 0.733334 0.766667 0.800000 0.833334 0.866667 0.900000 0.933334 0.966667 1.000000 1.033334 1.066667 1.100000 1.133334 1.166667 1.200000 1.233333 1.266667 1.300000 1.333333 1.366667 1.400000 1.433333 1.466667 1.500000 1.533333 1.566666 1.600000 1.633333 1.666666 1.700000 1.733333 1.766666 1.800000 1.833333 1.866666 1.899999 1.933333 1.966666 1.999999</float_array>
        <technique_common>
          <accessor source="#Bip01_L_Hand_matrix_Bip01_L_Hand_transform-input-array" count="61" stride="1">
            <param name="TIME" type="float"/>
          </accessor>
        </technique_common>
        <technique profile="MAYA">
          <pre_infinity>CONSTANT</pre_infinity>
          <post_infinity>CONSTANT</post_infinity>
        </technique>
      </source>
      <source id="Bip01_L_Hand_matrix_Bip01_L_Hand_transform-output">
        <float_array id="Bip01_L_Hand_matrix_Bip01_L_Hand_transform-output-array" count="976">0.872188 0.462276 -0.159964 0.980342 0.461497 -0.886036 -0.044267 0 -0.162197 -0.035213 -0.986130 0 0 0 0 1.000000 0.872311 0.462033 -0.159998 0.980342 0.461629 -0.886080 -0.041962 0 -0.161159 -0.037255 -0.986225 0 0 0 0 1.000000 0.873346 0.459928 -0.160416 0.980342 0.459935 -0.887081 -0.039338 0 -0.160395 -0.039425 -0.986265 0 0 0 0 1.000000 0.875223 0.456077 -0.161181 0.980341 0.456529 -0.888963 -0.036422 -0.000000 -0.159895 -0.041707 -0.986252 0 0 0 0 1.000000 0.877865 0.450586 -0.162255 0.980342 0.451516 -0.891644 -0.033232 0.000000 -0.159647 -0.044087 -0.986189 0 0 0 0 1.000000 0.881191 0.443551 -0.163598 0.980342 0.444992 -0.895039 -0.029787 0 -0.159639 -0.046551 -0.986077 -0.000000 0 0 0 1.000000 0.885120 0.435065 -0.165172 0.980342 0.437046 -0.899060 -0.026101 -0.000000 -0.159856 -0.049086 -0.985919 0 0 0 0 1.000000 0.889567 0.425208 -0.166940 0.980341 0.427762 -0.903619 -0.022183 0.000000 -0.160282 -0.051677 -0.985718 0 0 0 0 1.000000 0.894448 0.414062 -0.168862 0.980341 0.417219 -0.908627 -0.018044 0 -0.160903 -0.054313 -0.985475 0.000000 0 0 0 1.000000 0.899681 0.401706 -0.170900 0.980342 0.405496 -0.913994 -0.013693 0 -0.161702 -0.056980 -0.985193 0 0 0 0 1.000000 0.905181 0.388218 -0.173017 0.980341 0.392670 -0.919634 -0.009142 0.000000 -0.162662 -0.059663 -0.984876 0 0 0 0 1.000000 0.910831 0.373770 -0.175163 0.980341 0.378906 -0.925425 -0.004432 0 -0.163756 -0.062333 -0.984530 0.000000 0 0 0 1.000000 0.916664 0.358159 -0.177341 0.980341 0.364014 -0.931393 0.000515 -0.000000 -0.164990 -0.065027 -0.984149 -0.000000 0 0 0 1.000000 0.922494 0.341750 -0.179477 0.980341 0.348343 -0.937351 0.005594 -0.000000 -0.166321 -0.067680 -0.983746 0 0 0 0 1.000000 0.928287 0.324534 -0.181550 0.980342 0.331883 -0.943258 0.010815 0 -0.167739 -0.070293 -0.983322 0 0 0 0 1.000000 0.933976 0.306605 -0.183529 0.980341 0.314727 -0.949045 0.016159 0 -0.169223 -0.072854 -0.982881 0 0 0 0 1.000000 0.939497 0.288058 -0.185383 0.980341 0.296965 -0.954644 0.021600 0.000000 -0.170753 -0.075345 -0.982429 0 0 0 0 1.000000 0.944794 0.269002 -0.187086 0.980342 0.278699 -0.959996 0.027110 0.000000 -0.172310 -0.077754 -0.981969 0 0 0 0 1.000000 0.949813 0.249559 -0.188615 0.980341 0.260045 -0.965044 0.032653 -0.000000 -0.173873 -0.080062 -0.981508 0 0 0 0 1.000000 0.954507 0.229862 -0.189949 0.980342 0.241131 -0.969741 0.038192 0 -0.175422 -0.082257 -0.981051 0 0 0 0 1.000000 0.958834 0.210069 -0.191074 0.980341 0.222106 -0.974044 0.043681 0.000000 -0.176938 -0.084321 -0.980603 0 0 0 0 1.000000 0.962760 0.190359 -0.191979 0.980342 0.203140 -0.977920 0.049066 -0.000000 -0.178400 -0.086238 -0.980172 0 0 0 0 1.000000 0.966239 0.171069 -0.192659 0.980342 0.184558 -0.981323 0.054257 0 -0.179779 -0.087982 -0.979765 0 0 0 0 1.000000 0.969313 0.152098 -0.193129 0.980341 0.166261 -0.984299 0.059278 -0.000000 -0.181081 -0.089568 -0.979381 0 0 0 0 1.000000 0.971911 0.134123 -0.193394 0.980342 0.148900 -0.986782 0.063951 0.000000 -0.182260 -0.090951 -0.979035 0 0 0 0 1.000000 0.974053 0.117408 -0.193482 0.980341 0.132735 -0.988802 0.068210 -0.000000 -0.183307 -0.092122 -0.978730 0 0 0 0 1.000000 0.975754 0.102418 -0.193431 0.980341 0.118216 -0.990378 0.071948 -0.000000 -0.184201 -0.093070 -0.978473 0 0 0 0 1.000000 0.977032 0.089698 -0.193296 0.980341 0.105883 -0.991540 0.075077 0 -0.184927 -0.093819 -0.978264 0 0 0 0 1.000000 0.977911 0.079865 -0.193164 0.980341 0.096371 -0.992315 0.077607 -0.000000 -0.185481 -0.094508 -0.978092 0 0 0 0 1.000000 0.978428 0.073558 -0.193052 0.980341 0.090266 -0.992762 0.079218 0 -0.185828 -0.094935 -0.977986 -0.000000 0 0 0 1.000000 0.978599 0.071352 -0.193008 0.980341 0.088130 -0.992909 0.079778 0 -0.185947 -0.095080 -0.977949 0 0 0 0 1.000000 0.978428 0.073558 -0.193052 0.980341 0.090266 -0.992762 0.079218 0 -0.185828 -0.094935 -0.977986 0 0 0 0 1.000000 0.977911 0.079865 -0.193164 0.980342 0.096371 -0.992315 0.077608 0 -0.185481 -0.094509 -0.978093 0 0 0 0 1.000000 0.977031 0.089698 -0.193296 0.980341 0.105883 -0.991540 0.075077 -0.000000 -0.184927 -0.093820 -0.978264 0 0 0 0 1.000000 0.975761 0.102422 -0.193392 0.980341 0.118182 -0.990395 0.071769 -0.000000 -0.184184 -0.092885 -0.978493 0 0 0 0 1.000000 0.974070 0.117416 -0.193394 0.980342 0.132662 -0.988838 0.067825 -0.000000 -0.183271 -0.091723 -0.978774 0 0 0 0 1.000000 0.971937 0.134136 -0.193253 0.980341 0.148793 -0.986836 0.063375 0 -0.182208 -0.090351 -0.979100 0 0 0 0 1.000000 0.969349 0.152115 -0.192935 0.980341 0.166122 -0.984367 0.058530 -0.000000 -0.181015 -0.088787 -0.979464 0 0 0 0 1.000000 0.966305 0.170971 -0.192414 0.980342 0.184278 -0.981423 0.053392 -0.000000 -0.179711 -0.087050 -0.979860 0 0 0 0 1.000000 0.962815 0.190386 -0.191678 0.980342 0.202955 -0.978009 0.048043 0 -0.178317 -0.085158 -0.980281 0 0 0 0 1.000000 0.958897 0.210099 -0.190723 0.980342 0.221903 -0.974140 0.042554 0 -0.176851 -0.083127 -0.980721 0 0 0 0 1.000000 0.954577 0.229896 -0.189554 0.980341 0.240917 -0.969841 0.036988 0.000000 -0.175334 -0.080975 -0.981173 0 0 0 0 1.000000 0.949889 0.249595 -0.188182 0.980342 0.259824 -0.965145 0.031400 -0.000000 -0.173786 -0.078720 -0.981632 -0.000000 0 0 0 1.000000 0.944875 0.269040 -0.186624 0.980341 0.278476 -0.960096 0.025833 0.000000 -0.172227 -0.076379 -0.982092 0 0 0 0 1.000000 0.939615 0.287977 -0.184913 0.980341 0.296631 -0.954775 0.020363 0 -0.170686 -0.073984 -0.982544 0 0 0 0 1.000000 0.934060 0.306642 -0.183039 0.980342 0.314514 -0.949136 0.014918 0.000000 -0.169154 -0.071503 -0.982993 0 0 0 0 1.000000 0.928370 0.324570 -0.181064 0.980342 0.331683 -0.943342 0.009632 0.000000 -0.167679 -0.068997 -0.983424 0 0 0 0 1.000000 0.922572 0.341783 -0.179009 0.980341 0.348158 -0.937425 0.004493 0 -0.166272 -0.066468 -0.983837 -0.000000 0 0 0 1.000000 0.916736 0.358189 -0.176905 0.980341 0.363849 -0.931458 -0.000477 0.000000 -0.164950 -0.063930 -0.984228 0 0 0 0 1.000000 0.910932 0.373701 -0.174786 0.980341 0.378674 -0.925515 -0.005263 0.000000 -0.163734 -0.061393 -0.984592 0 0 0 0 1.000000 0.905235 0.388239 -0.172688 0.980341 0.392553 -0.919676 -0.009850 0.000000 -0.162641 -0.058873 -0.984927 0 0 0 0 1.000000 0.899723 0.401721 -0.170646 0.980341 0.405408 -0.914025 -0.014227 0 -0.161690 -0.056381 -0.985230 0 0 0 0 1.000000 0.894476 0.414071 -0.168697 0.980341 0.417163 -0.908646 -0.018383 0 -0.160898 -0.053931 -0.985497 0 0 0 0 1.000000 0.889577 0.425211 -0.166878 0.980341 0.427741 -0.903626 -0.022311 0 -0.160282 -0.051534 -0.985725 0 0 0 0 1.000000 0.885111 0.435062 -0.165226 0.980342 0.437063 -0.899055 -0.026002 -0.000000 -0.159860 -0.049199 -0.985913 0 0 0 0 1.000000 0.881162 0.443543 -0.163777 0.980342 0.445047 -0.895023 -0.029448 -0.000000 -0.159646 -0.046940 -0.986058 0 0 0 0 1.000000 0.877813 0.450572 -0.162568 0.980341 0.451613 -0.891617 -0.032640 0.000000 -0.159656 -0.044766 -0.986157 0 0 0 0 1.000000 0.875148 0.456058 -0.161638 0.980341 0.456669 -0.888926 -0.035565 0 -0.159904 -0.042690 -0.986209 0 0 0 0 1.000000 0.873247 0.459904 -0.161020 0.980342 0.460119 -0.887034 -0.038210 -0.000000 -0.160404 -0.040721 -0.986211 0 0 0 0 1.000000 0.872187 0.462005 -0.160753 0.980342 0.461860 -0.886025 -0.040557 0 -0.161169 -0.038872 -0.986161 0 0 0 0 1.000000 0.872038 0.462244 -0.160871 0.980341 0.461776 -0.885974 -0.042579 0 -0.162210 -0.037156 -0.986057 0 0 0 0 1.000000</float_array>
        <technique_common>
          <accessor source="#Bip01_L_Hand_matrix_Bip01_L_Hand_transform-output-array" count="61" stride="16">
            <param name="TRANSFORM" type="float4x4"/>
          </accessor>
        </technique_common>
      </source>
      <source id="Bip01_L_Hand_matrix_Bip01_L_Hand_transform-interpolations">
        <Name_array id="Bip01_L_Hand_matrix_Bip01_L_Hand_transform-interpolations-array" count="61">LINEAR LINEAR LINEAR LINEAR LINEAR LINEAR LINEAR LINEAR LINEAR LINEAR LINEAR LINEAR LINEAR LINEAR LINEAR LINEAR LINEAR LINEAR LINEAR LINEAR LINEAR LINEAR LINEAR LINEAR LINEAR LINEAR LINEAR LINEAR LINEAR LINEAR LINEAR LINEAR LINEAR LINEAR LINEAR LINEAR LINEAR LINEAR LINEAR LINEAR LINEAR LINEAR LINEAR LINEAR LINEAR LINEAR LINEAR LINEAR LINEAR LINEAR LINEAR LINEAR LINEAR LINEAR LINEAR LINEAR LINEAR LINEAR LINEAR LINEAR LINEAR</Name_array>
        <technique_common>
          <accessor source="#Bip01_L_Hand_matrix_Bip01_L_Hand_transform-interpolations-array" count="61" stride="1">
            <param name="INTERPOLATION" type="Name"/>
          </accessor>
        </technique_common>
      </source>
      <sampler id="Bip01_L_Hand_matrix_Bip01_L_Hand_transform-sampler">
        <input semantic="INPUT" source="#Bip01_L_Hand_matrix_Bip01_L_Hand_transform-input"/>
        <input semantic="OUTPUT" source="#Bip01_L_Hand_matrix_Bip01_L_Hand_transform-output"/>
        <input semantic="INTERPOLATION" source="#Bip01_L_Hand_matrix_Bip01_L_Hand_transform-interpolations"/>
      </sampler>
      <channel source="#Bip01_L_Hand_matrix_Bip01_L_Hand_transform-sampler" target="Bip01_L_Hand/transform"/>
    </animation>
    <animation id="Bip01_R_Clavicle_matrix">
      <source id="Bip01_R_Clavicle_matrix_Bip01_R_Clavicle_transform-input">
        <float_array id="Bip01_R_Clavicle_matrix_Bip01_R_Clavicle_transform-input-array" count="61">0 0.033333 0.066667 0.100000 0.133333 0.166667 0.200000 0.233333 0.266667 0.300000 0.333333 0.366667 0.400000 0.433333 0.466667 0.500000 0.533333 0.566667 0.600000 0.633333 0.666667 0.700000 0.733334 0.766667 0.800000 0.833334 0.866667 0.900000 0.933334 0.966667 1.000000 1.033334 1.066667 1.100000 1.133334 1.166667 1.200000 1.233333 1.266667 1.300000 1.333333 1.366667 1.400000 1.433333 1.466667 1.500000 1.533333 1.566666 1.600000 1.633333 1.666666 1.700000 1.733333 1.766666 1.800000 1.833333 1.866666 1.899999 1.933333 1.966666 1.999999</float_array>
        <technique_common>
          <accessor source="#Bip01_R_Clavicle_matrix_Bip01_R_Clavicle_transform-input-array" count="61" stride="1">
            <param name="TIME" type="float"/>
          </accessor>
        </technique_common>
        <technique profile="MAYA">
          <pre_infinity>CONSTANT</pre_infinity>
          <post_infinity>CONSTANT</post_infinity>
        </technique>
      </source>
      <source id="Bip01_R_Clavicle_matrix_Bip01_R_Clavicle_transform-output">
        <float_array id="Bip01_R_Clavicle_matrix_Bip01_R_Clavicle_transform-output-array" count="976">-0.383638 -0.000254 -0.923484 -0.269566 0.875342 -0.318759 -0.363551 -0.073128 -0.294277 -0.947836 0.122510 -0.228310 0 0 0 1.000000 -0.383638 -0.000254 -0.923484 -0.269566 0.875342 -0.318759 -0.363551 -0.073128 -0.294277 -0.947836 0.122510 -0.228310 0 0 0 1.000000 -0.383638 -0.000254 -0.923484 -0.269566 0.875342 -0.318759 -0.363551 -0.073128 -0.294277 -0.947836 0.122510 -0.228310 0 0 0 1.000000 -0.383638 -0.000254 -0.923484 -0.269566 0.875342 -0.318760 -0.363551 -0.073128 -0.294277 -0.947836 0.122510 -0.228310 0 0 0 1.000000 -0.383638 -0.000254 -0.923484 -0.269566 0.875342 -0.318760 -0.363551 -0.073128 -0.294277 -0.947836 0.122510 -0.228310 0 0 0 1.000000 -0.383638 -0.000254 -0.923483 -0.269566 0.875342 -0.318759 -0.363551 -0.073127 -0.294277 -0.947836 0.122510 -0.228310 0 0 0 1.000000 -0.383638 -0.000254 -0.923484 -0.269566 0.875342 -0.318760 -0.363551 -0.073128 -0.294277 -0.947836 0.122510 -0.228310 0 0 0 1.000000 -0.383638 -0.000254 -0.923484 -0.269566 0.875342 -0.318759 -0.363551 -0.073128 -0.294277 -0.947836 0.122510 -0.228310 0 0 0 1.000000 -0.383638 -0.000254 -0.923484 -0.269566 0.875342 -0.318760 -0.363551 -0.073128 -0.294277 -0.947836 0.122510 -0.228310 0 0 0 1.000000 -0.383638 -0.000254 -0.923484 -0.269566 0.875342 -0.318759 -0.363551 -0.073128 -0.294277 -0.947836 0.122510 -0.228310 0 0 0 1.000000 -0.383638 -0.000254 -0.923483 -0.269566 0.875342 -0.318760 -0.363551 -0.073127 -0.294277 -0.947836 0.122510 -0.228310 0 0 0 1.000000 -0.383638 -0.000254 -0.923484 -0.269565 0.875342 -0.318760 -0.363551 -0.073128 -0.294277 -0.947836 0.122510 -0.228310 0 0 0 1.000000 -0.383638 -0.000254 -0.923483 -0.269566 0.875342 -0.318759 -0.363551 -0.073128 -0.294277 -0.947836 0.122510 -0.228310 0 0 0 1.000000 -0.383638 -0.000254 -0.923484 -0.269566 0.875342 -0.318760 -0.363551 -0.073127 -0.294277 -0.947836 0.122510 -0.228310 0 0 0 1.000000 -0.383638 -0.000254 -0.923484 -0.269566 0.875342 -0.318760 -0.363551 -0.073128 -0.294277 -0.947836 0.122510 -0.228310 0 0 0 1.000000 -0.383638 -0.000254 -0.923484 -0.269566 0.875342 -0.318759 -0.363551 -0.073128 -0.294277 -0.947836 0.122510 -0.228310 0 0 0 1.000000 -0.383638 -0.000254 -0.923484 -0.269566 0.875342 -0.318759 -0.363551 -0.073128 -0.294277 -0.947836 0.122510 -0.228310 0 0 0 1.000000 -0.383638 -0.000254 -0.923484 -0.269566 0.875342 -0.318760 -0.363551 -0.073128 -0.294277 -0.947836 0.122510 -0.228310 0 0 0 1.000000 -0.383638 -0.000254 -0.923484 -0.269566 0.875342 -0.318760 -0.363551 -0.073128 -0.294277 -0.947836 0.122510 -0.228310 0 0 0 1.000000 -0.383638 -0.000254 -0.923484 -0.269565 0.875342 -0.318760 -0.363551 -0.073128 -0.294277 -0.947836 0.122510 -0.228310 0 0 0 1.000000 -0.383638 -0.000254 -0.923484 -0.269566 0.875342 -0.318759 -0.363551 -0.073128 -0.294277 -0.947836 0.122510 -0.228310 0 0 0 1.000000 -0.383638 -0.000254 -0.923484 -0.269566 0.875342 -0.318759 -0.363551 -0.073128 -0.294277 -0.947836 0.122510 -0.228310 0 0 0 1.000000 -0.383638 -0.000254 -0.923484 -0.269565 0.875342 -0.318759 -0.363551 -0.073128 -0.294277 -0.947836 0.122510 -0.228310 0 0 0 1.000000 -0.383638 -0.000254 -0.923484 -0.269566 0.875342 -0.318759 -0.363551 -0.073128 -0.294277 -0.947836 0.122510 -0.228310 0 0 0 1.000000 -0.383638 -0.000254 -0.923484 -0.269566 0.875342 -0.318760 -0.363551 -0.073128 -0.294277 -0.947836 0.122510 -0.228310 0 0 0 1.000000 -0.383638 -0.000254 -0.923484 -0.269566 0.875342 -0.318760 -0.363551 -0.073128 -0.294277 -0.947836 0.122510 -0.228310 0 0 0 1.000000 -0.383638 -0.000254 -0.923484 -0.269566 0.875342 -0.318759 -0.363551 -0.073128 -0.294277 -0.947836 0.122510 -0.228310 0 0 0 1.000000 -0.383638 -0.000254 -0.923484 -0.269565 0.875342 -0.318759 -0.363551 -0.073128 -0.294277 -0.947836 0.122510 -0.228310 0 0 0 1.000000 -0.383638 -0.000254 -0.923484 -0.269566 0.875342 -0.318760 -0.363551 -0.073128 -0.294277 -0.947836 0.122510 -0.228310 0 0 0 1.000000 -0.383638 -0.000254 -0.923483 -0.269566 0.875342 -0.318759 -0.363551 -0.073128 -0.294277 -0.947836 0.122510 -0.228310 0 0 0 1.000000 -0.383638 -0.000254 -0.923484 -0.269566 0.875342 -0.318759 -0.363551 -0.073127 -0.294277 -0.947836 0.122510 -0.228310 0 0 0 1.000000 -0.383638 -0.000254 -0.923483 -0.269566 0.875342 -0.318759 -0.363551 -0.073128 -0.294277 -0.947836 0.122510 -0.228310 0 0 0 1.000000 -0.383638 -0.000254 -0.923484 -0.269566 0.875342 -0.318760 -0.363551 -0.073128 -0.294277 -0.947836 0.122510 -0.228310 0 0 0 1.000000 -0.383638 -0.000254 -0.923484 -0.269565 0.875342 -0.318759 -0.363551 -0.073128 -0.294277 -0.947836 0.122510 -0.228310 0 0 0 1.000000 -0.383638 -0.000254 -0.923484 -0.269566 0.875342 -0.318759 -0.363551 -0.073128 -0.294277 -0.947836 0.122510 -0.228310 0 0 0 1.000000 -0.383638 -0.000254 -0.923484 -0.269566 0.875342 -0.318760 -0.363551 -0.073128 -0.294277 -0.947836 0.122510 -0.228310 0 0 0 1.000000 -0.383638 -0.000254 -0.923484 -0.269566 0.875342 -0.318760 -0.363551 -0.073128 -0.294277 -0.947836 0.122510 -0.228310 0 0 0 1.000000 -0.383638 -0.000254 -0.923484 -0.269566 0.875342 -0.318759 -0.363551 -0.073128 -0.294277 -0.947836 0.122510 -0.228310 0 0 0 1.000000 -0.383638 -0.000254 -0.923484 -0.269565 0.875342 -0.318759 -0.363551 -0.073128 -0.294277 -0.947836 0.122510 -0.228310 0 0 0 1.000000 -0.383638 -0.000254 -0.923484 -0.269566 0.875342 -0.318759 -0.363551 -0.073128 -0.294277 -0.947836 0.122510 -0.228310 0 0 0 1.000000 -0.383638 -0.000254 -0.923484 -0.269566 0.875342 -0.318760 -0.363551 -0.073128 -0.294277 -0.947836 0.122510 -0.228310 0 0 0 1.000000 -0.383638 -0.000254 -0.923484 -0.269565 0.875342 -0.318760 -0.363551 -0.073128 -0.294277 -0.947836 0.122510 -0.228310 0 0 0 1.000000 -0.383638 -0.000254 -0.923484 -0.269566 0.875342 -0.318760 -0.363551 -0.073128 -0.294277 -0.947836 0.122510 -0.228310 0 0 0 1.000000 -0.383638 -0.000254 -0.923484 -0.269566 0.875342 -0.318760 -0.363551 -0.073128 -0.294277 -0.947836 0.122510 -0.228310 0 0 0 1.000000 -0.383638 -0.000254 -0.923484 -0.269566 0.875342 -0.318759 -0.363551 -0.073128 -0.294277 -0.947836 0.122510 -0.228310 0 0 0 1.000000 -0.383638 -0.000254 -0.923484 -0.269566 0.875342 -0.318759 -0.363551 -0.073128 -0.294277 -0.947836 0.122510 -0.228310 0 0 0 1.000000 -0.383638 -0.000254 -0.923484 -0.269565 0.875342 -0.318760 -0.363551 -0.073128 -0.294277 -0.947836 0.122510 -0.228310 0 0 0 1.000000 -0.383638 -0.000254 -0.923484 -0.269566 0.875342 -0.318760 -0.363551 -0.073127 -0.294277 -0.947836 0.122510 -0.228310 0 0 0 1.000000 -0.383638 -0.000254 -0.923483 -0.269566 0.875342 -0.318759 -0.363551 -0.073128 -0.294277 -0.947836 0.122510 -0.228310 0 0 0 1.000000 -0.383638 -0.000254 -0.923484 -0.269566 0.875342 -0.318759 -0.363551 -0.073127 -0.294277 -0.947836 0.122510 -0.228310 0 0 0 1.000000 -0.383638 -0.000254 -0.923483 -0.269566 0.875342 -0.318760 -0.363551 -0.073127 -0.294277 -0.947836 0.122510 -0.228310 0 0 0 1.000000 -0.383638 -0.000254 -0.923484 -0.269566 0.875342 -0.318759 -0.363551 -0.073128 -0.294277 -0.947836 0.122510 -0.228310 0 0 0 1.000000 -0.383638 -0.000254 -0.923484 -0.269566 0.875342 -0.318760 -0.363551 -0.073128 -0.294277 -0.947836 0.122510 -0.228310 0 0 0 1.000000 -0.383638 -0.000254 -0.923484 -0.269566 0.875342 -0.318759 -0.363551 -0.073128 -0.294277 -0.947836 0.122510 -0.228310 0 0 0 1.000000 -0.383638 -0.000254 -0.923484 -0.269566 0.875342 -0.318760 -0.363551 -0.073128 -0.294277 -0.947836 0.122510 -0.228310 0 0 0 1.000000 -0.383638 -0.000254 -0.923483 -0.269566 0.875342 -0.318759 -0.363551 -0.073127 -0.294277 -0.947836 0.122510 -0.228310 0 0 0 1.000000 -0.383638 -0.000254 -0.923484 -0.269566 0.875342 -0.318760 -0.363551 -0.073128 -0.294277 -0.947836 0.122510 -0.228310 0 0 0 1.000000 -0.383638 -0.000254 -0.923484 -0.269566 0.875342 -0.318760 -0.363551 -0.073128 -0.294277 -0.947836 0.122510 -0.228310 0 0 0 1.000000 -0.383638 -0.000254 -0.923484 -0.269566 0.875342 -0.318759 -0.363551 -0.073128 -0.294277 -0.947836 0.122510 -0.228310 0 0 0 1.000000 -0.383638 -0.000254 -0.923484 -0.269566 0.875342 -0.318759 -0.363551 -0.073128 -0.294277 -0.947836 0.122510 -0.228310 0 0 0 1.000000 -0.383638 -0.000254 -0.923484 -0.269566 0.875342 -0.318759 -0.363551 -0.073128 -0.294277 -0.947836 0.122510 -0.228310 0 0 0 1.000000</float_array>
        <technique_common>
          <accessor source="#Bip01_R_Clavicle_matrix_Bip01_R_Clavicle_transform-output-array" count="61" stride="16">
            <param name="TRANSFORM" type="float4x4"/>
          </accessor>
        </technique_common>
      </source>
      <source id="Bip01_R_Clavicle_matrix_Bip01_R_Clavicle_transform-interpolations">
        <Name_array id="Bip01_R_Clavicle_matrix_Bip01_R_Clavicle_transform-interpolations-array" count="61">LINEAR LINEAR LINEAR LINEAR LINEAR LINEAR LINEAR LINEAR LINEAR LINEAR LINEAR LINEAR LINEAR LINEAR LINEAR LINEAR LINEAR LINEAR LINEAR LINEAR LINEAR LINEAR LINEAR LINEAR LINEAR LINEAR LINEAR LINEAR LINEAR LINEAR LINEAR LINEAR LINEAR LINEAR LINEAR LINEAR LINEAR LINEAR LINEAR LINEAR LINEAR LINEAR LINEAR LINEAR LINEAR LINEAR LINEAR LINEAR LINEAR LINEAR LINEAR LINEAR LINEAR LINEAR LINEAR LINEAR LINEAR LINEAR LINEAR LINEAR LINEAR</Name_array>
        <technique_common>
          <accessor source="#Bip01_R_Clavicle_matrix_Bip01_R_Clavicle_transform-interpolations-array" count="61" stride="1">
            <param name="INTERPOLATION" type="Name"/>
          </accessor>
        </technique_common>
      </source>
      <sampler id="Bip01_R_Clavicle_matrix_Bip01_R_Clavicle_transform-sampler">
        <input semantic="INPUT" source="#Bip01_R_Clavicle_matrix_Bip01_R_Clavicle_transform-input"/>
        <input semantic="OUTPUT" source="#Bip01_R_Clavicle_matrix_Bip01_R_Clavicle_transform-output"/>
        <input semantic="INTERPOLATION" source="#Bip01_R_Clavicle_matrix_Bip01_R_Clavicle_transform-interpolations"/>
      </sampler>
      <channel source="#Bip01_R_Clavicle_matrix_Bip01_R_Clavicle_transform-sampler" target="Bip01_R_Clavicle/transform"/>
    </animation>
    <animation id="Bip01_R_UpperArm_matrix">
      <source id="Bip01_R_UpperArm_matrix_Bip01_R_UpperArm_transform-input">
        <float_array id="Bip01_R_UpperArm_matrix_Bip01_R_UpperArm_transform-input-array" count="61">0 0.033333 0.066667 0.100000 0.133333 0.166667 0.200000 0.233333 0.266667 0.300000 0.333333 0.366667 0.400000 0.433333 0.466667 0.500000 0.533333 0.566667 0.600000 0.633333 0.666667 0.700000 0.733334 0.766667 0.800000 0.833334 0.866667 0.900000 0.933334 0.966667 1.000000 1.033334 1.066667 1.100000 1.133334 1.166667 1.200000 1.233333 1.266667 1.300000 1.333333 1.366667 1.400000 1.433333 1.466667 1.500000 1.533333 1.566666 1.600000 1.633333 1.666666 1.700000 1.733333 1.766666 1.800000 1.833333 1.866666 1.899999 1.933333 1.966666 1.999999</float_array>
        <technique_common>
          <accessor source="#Bip01_R_UpperArm_matrix_Bip01_R_UpperArm_transform-input-array" count="61" stride="1">
            <param name="TIME" type="float"/>
          </accessor>
        </technique_common>
        <technique profile="MAYA">
          <pre_infinity>CONSTANT</pre_infinity>
          <post_infinity>CONSTANT</post_infinity>
        </technique>
      </source>
      <source id="Bip01_R_UpperArm_matrix_Bip01_R_UpperArm_transform-output">
        <float_array id="Bip01_R_UpperArm_matrix_Bip01_R_UpperArm_transform-output-array" count="976">0.921326 -0.358281 -0.150972 0.893299 -0.112226 0.126709 -0.985571 0 0.372241 0.924975 0.076532 0 0 0 0 1.000000 0.921280 -0.358914 -0.149743 0.893298 -0.111061 0.126197 -0.985769 0 0.372704 0.924800 0.076401 -0.000000 0 0 0 1.000000 0.921075 -0.359987 -0.148423 0.893298 -0.109763 0.125677 -0.985980 0 0.373594 0.924453 0.076245 0 0 0 0 1.000000 0.920729 -0.361446 -0.147024 0.893298 -0.108343 0.125166 -0.986202 -0.000000 0.374861 0.923953 0.076084 0 0 0 0 1.000000 0.920257 -0.363235 -0.145556 0.893298 -0.106817 0.124663 -0.986432 0 0.376452 0.923320 0.075922 -0.000000 0 0 0 1.000000 0.919681 -0.365296 -0.144033 0.893298 -0.105206 0.124165 -0.986668 0 0.378310 0.922573 0.075761 0 0 0 0 1.000000 0.919021 -0.367566 -0.142464 0.893298 -0.103525 0.123672 -0.986908 0 0.380373 0.921738 0.075604 0 0 0 0 1.000000 0.918297 -0.369984 -0.140862 0.893299 -0.101794 0.123181 -0.987150 0 0.382581 0.920836 0.075454 0 0 0 0 1.000000 0.917533 -0.372487 -0.139234 0.893298 -0.100027 0.122690 -0.987391 0 0.384873 0.919892 0.075313 0 0 0 0 1.000000 0.916752 -0.375013 -0.137591 0.893298 -0.098242 0.122198 -0.987632 0 0.387189 0.918930 0.075183 0 0 0 0 1.000000 0.915974 -0.377507 -0.135943 0.893298 -0.096454 0.121704 -0.987869 -0.000000 0.389472 0.917974 0.075065 0.000000 0 0 0 1.000000 0.915225 -0.379900 -0.134307 0.893299 -0.094689 0.121209 -0.988100 0 0.391659 0.917052 0.074961 0 0 0 0 1.000000 0.914513 -0.382186 -0.132664 0.893299 -0.092928 0.120705 -0.988329 0 0.393739 0.916168 0.074870 -0.000000 0 0 0 1.000000 0.913868 -0.384281 -0.131050 0.893298 -0.091215 0.120200 -0.988550 0 0.395633 0.915358 0.074795 -0.000000 0 0 0 1.000000 0.913302 -0.386158 -0.129465 0.893299 -0.089554 0.119693 -0.988764 0 0.397315 0.914634 0.074734 -0.000000 0 0 0 1.000000 0.912829 -0.387790 -0.127917 0.893298 -0.087954 0.119185 -0.988969 0 0.398758 0.914010 0.074688 -0.000000 0 0 0 1.000000 0.912458 -0.389153 -0.126413 0.893298 -0.086426 0.118677 -0.989164 0 0.399938 0.913496 0.074655 -0.000000 0 0 0 1.000000 0.912197 -0.390231 -0.124962 0.893299 -0.084978 0.118173 -0.989350 0 0.400843 0.913102 0.074636 0 0 0 0 1.000000 0.912048 -0.391023 -0.123572 0.893298 -0.083618 0.117675 -0.989525 0 0.401468 0.912827 0.074628 0 0 0 0 1.000000 0.912009 -0.391529 -0.122249 0.893298 -0.082354 0.117186 -0.989689 0 0.401818 0.912673 0.074631 -0.000000 0 0 0 1.000000 0.912075 -0.391764 -0.121002 0.893299 -0.081188 0.116712 -0.989842 0 0.401906 0.912633 0.074643 -0.000000 0 0 0 1.000000 0.912235 -0.391748 -0.119839 0.893299 -0.080128 0.116255 -0.989982 -0.000000 0.401755 0.912698 0.074662 0 0 0 0 1.000000 0.912474 -0.391517 -0.118772 0.893299 -0.079180 0.115825 -0.990109 0 0.401401 0.912852 0.074687 0 0 0 0 1.000000 0.912778 -0.391103 -0.117790 0.893299 -0.078331 0.115417 -0.990224 0 0.400874 0.913081 0.074715 0.000000 0 0 0 1.000000 0.913121 -0.390563 -0.116919 0.893299 -0.077597 0.115046 -0.990325 -0.000000 0.400236 0.913359 0.074744 0.000000 0 0 0 1.000000 0.913480 -0.389950 -0.116162 0.893299 -0.076975 0.114715 -0.990411 0 0.399537 0.913662 0.074773 0 0 0 0 1.000000 0.913828 -0.389324 -0.115525 0.893299 -0.076464 0.114431 -0.990484 0 0.398839 0.913965 0.074801 0.000000 0 0 0 1.000000 0.914138 -0.388745 -0.115015 0.893299 -0.076063 0.114200 -0.990542 0 0.398203 0.914241 0.074825 0.000000 0 0 0 1.000000 0.914386 -0.388274 -0.114641 0.893299 -0.075775 0.114027 -0.990583 0 0.397690 0.914462 0.074843 0 0 0 0 1.000000 0.914547 -0.387962 -0.114410 0.893299 -0.075600 0.113919 -0.990609 0 0.397353 0.914608 0.074855 0.000000 0 0 0 1.000000 0.914603 -0.387852 -0.114332 0.893298 -0.075540 0.113882 -0.990618 0 0.397234 0.914659 0.074859 -0.000000 0 0 0 1.000000 0.914547 -0.387962 -0.114410 0.893299 -0.075600 0.113919 -0.990609 0 0.397353 0.914608 0.074855 0.000000 0 0 0 1.000000 0.914386 -0.388274 -0.114641 0.893299 -0.075775 0.114027 -0.990583 0 0.397690 0.914462 0.074844 0 0 0 0 1.000000 0.914138 -0.388745 -0.115015 0.893299 -0.076063 0.114201 -0.990542 0 0.398203 0.914240 0.074827 0.000000 0 0 0 1.000000 0.913828 -0.389324 -0.115524 0.893299 -0.076462 0.114434 -0.990484 0 0.398839 0.913965 0.074805 0.000000 0 0 0 1.000000 0.913480 -0.389950 -0.116162 0.893299 -0.076972 0.114721 -0.990411 0 0.399537 0.913662 0.074780 0 0 0 0 1.000000 0.913121 -0.390563 -0.116919 0.893299 -0.077593 0.115055 -0.990324 -0.000000 0.400236 0.913358 0.074754 0.000000 0 0 0 1.000000 0.912779 -0.391101 -0.117790 0.893299 -0.078325 0.115430 -0.990223 0 0.400874 0.913080 0.074729 0.000000 0 0 0 1.000000 0.912476 -0.391512 -0.118765 0.893298 -0.079166 0.115841 -0.990108 0 0.401397 0.912852 0.074707 -0.000000 0 0 0 1.000000 0.912236 -0.391745 -0.119839 0.893299 -0.080117 0.116280 -0.989980 -0.000000 0.401754 0.912697 0.074690 0 0 0 0 1.000000 0.912076 -0.391759 -0.121002 0.893299 -0.081174 0.116744 -0.989839 0 0.401905 0.912631 0.074679 -0.000000 0 0 0 1.000000 0.912011 -0.391524 -0.122249 0.893298 -0.082335 0.117227 -0.989686 0 0.401817 0.912670 0.074676 -0.000000 0 0 0 1.000000 0.912050 -0.391017 -0.123571 0.893299 -0.083596 0.117725 -0.989521 0 0.401467 0.912823 0.074684 0.000000 0 0 0 1.000000 0.912201 -0.390224 -0.124961 0.893299 -0.084951 0.118233 -0.989345 0 0.400840 0.913097 0.074702 0 0 0 0 1.000000 0.912461 -0.389151 -0.126401 0.893298 -0.086384 0.118745 -0.989160 0 0.399942 0.913489 0.074734 0 0 0 0 1.000000 0.912834 -0.387779 -0.127913 0.893298 -0.087915 0.119267 -0.988962 0 0.398755 0.914004 0.074779 -0.000000 0 0 0 1.000000 0.913308 -0.386146 -0.129460 0.893299 -0.089509 0.119787 -0.988757 0 0.397312 0.914627 0.074839 -0.000000 0 0 0 1.000000 0.913875 -0.384266 -0.131043 0.893298 -0.091164 0.120306 -0.988542 0 0.395629 0.915350 0.074913 -0.000000 0 0 0 1.000000 0.914521 -0.382171 -0.132655 0.893299 -0.092870 0.120822 -0.988320 0 0.393735 0.916159 0.075002 -0.000000 0 0 0 1.000000 0.915229 -0.379897 -0.134287 0.893299 -0.094613 0.121335 -0.988092 0 0.391667 0.917036 0.075106 0.000000 0 0 0 1.000000 0.915983 -0.377488 -0.135930 0.893298 -0.096383 0.121844 -0.987858 -0.000000 0.389467 0.917963 0.075224 0.000000 0 0 0 1.000000 0.916763 -0.374992 -0.137576 0.893298 -0.098164 0.122349 -0.987621 0 0.387182 0.918918 0.075354 0 0 0 0 1.000000 0.917545 -0.372464 -0.139217 0.893298 -0.099943 0.122852 -0.987380 0 0.384866 0.919879 0.075497 0 0 0 0 1.000000 0.918310 -0.369959 -0.140842 0.893299 -0.101703 0.123352 -0.987138 0 0.382574 0.920823 0.075649 0 0 0 0 1.000000 0.919034 -0.367540 -0.142442 0.893298 -0.103430 0.123851 -0.986896 0 0.380366 0.921724 0.075809 0.000000 0 0 0 1.000000 0.919696 -0.365269 -0.144008 0.893298 -0.105105 0.124352 -0.986656 0 0.378302 0.922559 0.075975 0 0 0 0 1.000000 0.920273 -0.363206 -0.145530 0.893298 -0.106713 0.124856 -0.986419 0 0.376444 0.923305 0.076143 -0.000000 0 0 0 1.000000 0.920745 -0.361416 -0.146995 0.893298 -0.108234 0.125365 -0.986189 -0.000000 0.374853 0.923938 0.076312 0 0 0 0 1.000000 0.921092 -0.359957 -0.148394 0.893298 -0.109652 0.125880 -0.985967 0 0.373585 0.924438 0.076477 0 0 0 0 1.000000 0.921297 -0.358883 -0.149713 0.893298 -0.110949 0.126402 -0.985755 0 0.372695 0.924784 0.076636 -0.000000 0 0 0 1.000000 0.921345 -0.358247 -0.150939 0.893299 -0.112104 0.126930 -0.985556 0 0.372232 0.924958 0.076785 0 0 0 0 1.000000</float_array>
        <technique_common>
          <accessor source="#Bip01_R_UpperArm_matrix_Bip01_R_UpperArm_transform-output-array" count="61" stride="16">
            <param name="TRANSFORM" type="float4x4"/>
          </accessor>
        </technique_common>
      </source>
      <source id="Bip01_R_UpperArm_matrix_Bip01_R_UpperArm_transform-interpolations">
        <Name_array id="Bip01_R_UpperArm_matrix_Bip01_R_UpperArm_transform-interpolations-array" count="61">LINEAR LINEAR LINEAR LINEAR LINEAR LINEAR LINEAR LINEAR LINEAR LINEAR LINEAR LINEAR LINEAR LINEAR LINEAR LINEAR LINEAR LINEAR LINEAR LINEAR LINEAR LINEAR LINEAR LINEAR LINEAR LINEAR LINEAR LINEAR LINEAR LINEAR LINEAR LINEAR LINEAR LINEAR LINEAR LINEAR LINEAR LINEAR LINEAR LINEAR LINEAR LINEAR LINEAR LINEAR LINEAR LINEAR LINEAR LINEAR LINEAR LINEAR LINEAR LINEAR LINEAR LINEAR LINEAR LINEAR LINEAR LINEAR LINEAR LINEAR LINEAR</Name_array>
        <technique_common>
          <accessor source="#Bip01_R_UpperArm_matrix_Bip01_R_UpperArm_transform-interpolations-array" count="61" stride="1">
            <param name="INTERPOLATION" type="Name"/>
          </accessor>
        </technique_common>
      </source>
      <sampler id="Bip01_R_UpperArm_matrix_Bip01_R_UpperArm_transform-sampler">
        <input semantic="INPUT" source="#Bip01_R_UpperArm_matrix_Bip01_R_UpperArm_transform-input"/>
        <input semantic="OUTPUT" source="#Bip01_R_UpperArm_matrix_Bip01_R_UpperArm_transform-output"/>
        <input semantic="INTERPOLATION" source="#Bip01_R_UpperArm_matrix_Bip01_R_UpperArm_transform-interpolations"/>
      </sampler>
      <channel source="#Bip01_R_UpperArm_matrix_Bip01_R_UpperArm_transform-sampler" target="Bip01_R_UpperArm/transform"/>
    </animation>
    <animation id="Bip01_R_Forearm_matrix">
      <source id="Bip01_R_Forearm_matrix_Bip01_R_Forearm_transform-input">
        <float_array id="Bip01_R_Forearm_matrix_Bip01_R_Forearm_transform-input-array" count="61">0 0.033333 0.066667 0.100000 0.133333 0.166667 0.200000 0.233333 0.266667 0.300000 0.333333 0.366667 0.400000 0.433333 0.466667 0.500000 0.533333 0.566667 0.600000 0.633333 0.666667 0.700000 0.733334 0.766667 0.800000 0.833334 0.866667 0.900000 0.933334 0.966667 1.000000 1.033334 1.066667 1.100000 1.133334 1.166667 1.200000 1.233333 1.266667 1.300000 1.333333 1.366667 1.400000 1.433333 1.466667 1.500000 1.533333 1.566666 1.600000 1.633333 1.666666 1.700000 1.733333 1.766666 1.800000 1.833333 1.866666 1.899999 1.933333 1.966666 1.999999</float_array>
        <technique_common>
          <accessor source="#Bip01_R_Forearm_matrix_Bip01_R_Forearm_transform-input-array" count="61" stride="1">
            <param name="TIME" type="float"/>
          </accessor>
        </technique_common>
        <technique profile="MAYA">
          <pre_infinity>CONSTANT</pre_infinity>
          <post_infinity>CONSTANT</post_infinity>
        </technique>
      </source>
      <source id="Bip01_R_Forearm_matrix_Bip01_R_Forearm_transform-output">
        <float_array id="Bip01_R_Forearm_matrix_Bip01_R_Forearm_transform-output-array" count="976">0.541645 0.840607 0 0.968692 -0.840607 0.541645 0 0 0 0 1.000000 0 0 0 0 1.000000 0.542744 0.839898 0 0.968692 -0.839898 0.542744 0 0.000000 0 0 1.000000 0 0 0 0 1.000000 0.544827 0.838548 0 0.968692 -0.838548 0.544827 0 0 0 0 1.000000 0 0 0 0 1.000000 0.547842 0.836582 0 0.968692 -0.836582 0.547842 0 0 0 0 1.000000 0 0 0 0 1.000000 0.551736 0.834019 0 0.968692 -0.834019 0.551736 0 0 0 0 1.000000 0 0 0 0 1.000000 0.556465 0.830871 0 0.968692 -0.830871 0.556465 0 0 0 0 1.000000 0 0 0 0 1.000000 0.561985 0.827147 0 0.968692 -0.827147 0.561985 0 0.000000 0 0 1.000000 0 0 0 0 1.000000 0.568256 0.822852 0 0.968692 -0.822852 0.568256 0 0 0 0 1.000000 0 0 0 0 1.000000 0.575235 0.817988 0 0.968692 -0.817988 0.575235 0 0 0 0 1.000000 0 0 0 0 1.000000 0.582878 0.812559 0 0.968692 -0.812559 0.582878 0 -0.000000 0 0 1.000000 0 0 0 0 1.000000 0.591136 0.806572 0 0.968692 -0.806572 0.591136 0 0 0 0 1.000000 0 0 0 0 1.000000 0.599899 0.800076 0 0.968692 -0.800076 0.599899 0 0.000000 0 0 1.000000 0 0 0 0 1.000000 0.609279 0.792956 0 0.968692 -0.792956 0.609279 0 0 0 0 1.000000 0 0 0 0 1.000000 0.619038 0.785361 0 0.968692 -0.785361 0.619038 0 0 0 0 1.000000 0 0 0 0 1.000000 0.629163 0.777273 0 0.968692 -0.777273 0.629163 0 0.000000 0 0 1.000000 0 0 0 0 1.000000 0.639573 0.768730 0 0.968692 -0.768730 0.639573 0 0.000000 0 0 1.000000 0 0 0 0 1.000000 0.650182 0.759779 0 0.968692 -0.759779 0.650182 0 0 0 0 1.000000 0 0 0 0 1.000000 0.660895 0.750479 0 0.968692 -0.750479 0.660895 0 0.000000 0 0 1.000000 0 0 0 0 1.000000 0.671607 0.740908 0 0.968692 -0.740908 0.671607 0 0.000000 0 0 1.000000 0 0 0 0 1.000000 0.682208 0.731158 0 0.968692 -0.731158 0.682208 0 0.000000 0 0 1.000000 0 0 0 0 1.000000 0.692583 0.721338 0 0.968692 -0.721337 0.692584 0 0 0 0 1.000000 0 0 0 0 1.000000 0.702608 0.711577 0 0.968692 -0.711577 0.702608 0 0 0 0 1.000000 0 0 0 0 1.000000 0.712096 0.702082 0 0.968692 -0.702082 0.712097 0 0 0 0 1.000000 0 0 0 0 1.000000 0.721090 0.692842 0 0.968692 -0.692842 0.721090 0 0 0 0 1.000000 0 0 0 0 1.000000 0.729276 0.684219 0 0.968692 -0.684219 0.729276 0 -0.000000 0 0 1.000000 0 0 0 0 1.000000 0.736575 0.676356 0 0.968691 -0.676356 0.736575 0 0 0 0 1.000000 0 0 0 0 1.000000 0.742847 0.669461 0 0.968692 -0.669461 0.742847 0 0 0 0 1.000000 0 0 0 0 1.000000 0.747955 0.663749 0 0.968692 -0.663749 0.747955 0 0 0 0 1.000000 0 0 0 0 1.000000 0.751762 0.659435 0 0.968692 -0.659435 0.751762 0 0 0 0 1.000000 0 0 0 0 1.000000 0.754135 0.656719 0 0.968692 -0.656719 0.754135 0 -0.000000 0 0 1.000000 0 0 0 0 1.000000 0.754952 0.655780 0 0.968692 -0.655780 0.754952 0 -0.000000 0 0 1.000000 -0.000000 0 0 0 1.000000 0.754135 0.656719 0 0.968692 -0.656719 0.754135 0 -0.000000 0 0 1.000000 0 0 0 0 1.000000 0.751762 0.659435 0 0.968692 -0.659435 0.751762 0 0 0 0 1.000000 0 0 0 0 1.000000 0.747955 0.663749 0 0.968692 -0.663749 0.747955 0 0 0 0 1.000000 0 0 0 0 1.000000 0.742847 0.669461 0 0.968692 -0.669461 0.742847 0 0 0 0 1.000000 0 0 0 0 1.000000 0.736575 0.676356 0 0.968691 -0.676356 0.736575 0 -0.000000 0 0 1.000000 0 0 0 0 1.000000 0.729276 0.684220 0 0.968691 -0.684220 0.729276 0 -0.000000 0 0 1.000000 0 0 0 0 1.000000 0.721090 0.692842 0 0.968692 -0.692842 0.721090 0 0.000000 0 0 1.000000 0 0 0 0 1.000000 0.712155 0.702023 0 0.968692 -0.702023 0.712155 0 -0.000000 0 0 1.000000 0 0 0 0 1.000000 0.702608 0.711577 0 0.968692 -0.711576 0.702609 0 -0.000000 0 0 1.000000 0 0 0 0 1.000000 0.692583 0.721338 0 0.968692 -0.721337 0.692584 0 0 0 0 1.000000 0 0 0 0 1.000000 0.682208 0.731158 0 0.968692 -0.731158 0.682208 0 0.000000 0 0 1.000000 0 0 0 0 1.000000 0.671606 0.740908 0 0.968692 -0.740908 0.671606 0 -0.000000 0 0 1.000000 0 0 0 0 1.000000 0.660895 0.750479 0 0.968692 -0.750478 0.660895 0 0 0 0 1.000000 0 0 0 0 1.000000 0.650249 0.759721 0 0.968692 -0.759721 0.650249 0 -0.000000 0 0 1.000000 0 0 0 0 1.000000 0.639573 0.768730 0 0.968692 -0.768730 0.639573 0 0.000000 0 0 1.000000 0 0 0 0 1.000000 0.629163 0.777273 0 0.968692 -0.777273 0.629163 0 0 0 0 1.000000 0 0 0 0 1.000000 0.619038 0.785361 0 0.968691 -0.785361 0.619037 0 0.000000 0 0 1.000000 0 0 0 0 1.000000 0.609279 0.792956 0 0.968692 -0.792956 0.609279 0 0 0 0 1.000000 0 0 0 0 1.000000 0.599955 0.800033 0 0.968692 -0.800033 0.599955 0 0 0 0 1.000000 0 0 0 0 1.000000 0.591136 0.806572 0 0.968692 -0.806572 0.591136 0 -0.000000 0 0 1.000000 0 0 0 0 1.000000 0.582878 0.812560 0 0.968692 -0.812560 0.582878 0 -0.000000 0 0 1.000000 0 0 0 0 1.000000 0.575235 0.817988 0 0.968692 -0.817988 0.575235 0 -0.000000 0 0 1.000000 0 0 0 0 1.000000 0.568256 0.822852 0 0.968692 -0.822852 0.568256 0 0 0 0 1.000000 0 0 0 0 1.000000 0.561984 0.827148 0 0.968692 -0.827148 0.561984 0 0.000000 0 0 1.000000 0 0 0 0 1.000000 0.556464 0.830872 0 0.968692 -0.830872 0.556464 0 0 0 0 1.000000 0 0 0 0 1.000000 0.551736 0.834019 0 0.968692 -0.834019 0.551736 0 0 0 0 1.000000 0 0 0 0 1.000000 0.547842 0.836582 0 0.968692 -0.836582 0.547842 0 -0.000000 0 0 1.000000 0 0 0 0 1.000000 0.544827 0.838548 0 0.968692 -0.838548 0.544827 0 0 0 0 1.000000 0 0 0 0 1.000000 0.542744 0.839898 0 0.968692 -0.839898 0.542744 0 0.000000 0 0 1.000000 0 0 0 0 1.000000 0.541645 0.840607 0 0.968692 -0.840607 0.541645 0 0 0 0 1.000000 0 0 0 0 1.000000</float_array>
        <technique_common>
          <accessor source="#Bip01_R_Forearm_matrix_Bip01_R_Forearm_transform-output-array" count="61" stride="16">
            <param name="TRANSFORM" type="float4x4"/>
          </accessor>
        </technique_common>
      </source>
      <source id="Bip01_R_Forearm_matrix_Bip01_R_Forearm_transform-interpolations">
        <Name_array id="Bip01_R_Forearm_matrix_Bip01_R_Forearm_transform-interpolations-array" count="61">LINEAR LINEAR LINEAR LINEAR LINEAR LINEAR LINEAR LINEAR LINEAR LINEAR LINEAR LINEAR LINEAR LINEAR LINEAR LINEAR LINEAR LINEAR LINEAR LINEAR LINEAR LINEAR LINEAR LINEAR LINEAR LINEAR LINEAR LINEAR LINEAR LINEAR LINEAR LINEAR LINEAR LINEAR LINEAR LINEAR LINEAR LINEAR LINEAR LINEAR LINEAR LINEAR LINEAR LINEAR LINEAR LINEAR LINEAR LINEAR LINEAR LINEAR LINEAR LINEAR LINEAR LINEAR LINEAR LINEAR LINEAR LINEAR LINEAR LINEAR LINEAR</Name_array>
        <technique_common>
          <accessor source="#Bip01_R_Forearm_matrix_Bip01_R_Forearm_transform-interpolations-array" count="61" stride="1">
            <param name="INTERPOLATION" type="Name"/>
          </accessor>
        </technique_common>
      </source>
      <sampler id="Bip01_R_Forearm_matrix_Bip01_R_Forearm_transform-sampler">
        <input semantic="INPUT" source="#Bip01_R_Forearm_matrix_Bip01_R_Forearm_transform-input"/>
        <input semantic="OUTPUT" source="#Bip01_R_Forearm_matrix_Bip01_R_Forearm_transform-output"/>
        <input semantic="INTERPOLATION" source="#Bip01_R_Forearm_matrix_Bip01_R_Forearm_transform-interpolations"/>
      </sampler>
      <channel source="#Bip01_R_Forearm_matrix_Bip01_R_Forearm_transform-sampler" target="Bip01_R_Forearm/transform"/>
    </animation>
    <animation id="Bip01_R_Hand_matrix">
      <source id="Bip01_R_Hand_matrix_Bip01_R_Hand_transform-input">
        <float_array id="Bip01_R_Hand_matrix_Bip01_R_Hand_transform-input-array" count="61">0 0.033333 0.066667 0.100000 0.133333 0.166667 0.200000 0.233333 0.266667 0.300000 0.333333 0.366667 0.400000 0.433333 0.466667 0.500000 0.533333 0.566667 0.600000 0.633333 0.666667 0.700000 0.733334 0.766667 0.800000 0.833334 0.866667 0.900000 0.933334 0.966667 1.000000 1.033334 1.066667 1.100000 1.133334 1.166667 1.200000 1.233333 1.266667 1.300000 1.333333 1.366667 1.400000 1.433333 1.466667 1.500000 1.533333 1.566666 1.600000 1.633333 1.666666 1.700000 1.733333 1.766666 1.800000 1.833333 1.866666 1.899999 1.933333 1.966666 1.999999</float_array>
        <technique_common>
          <accessor source="#Bip01_R_Hand_matrix_Bip01_R_Hand_transform-input-array" count="61" stride="1">
            <param name="TIME" type="float"/>
          </accessor>
        </technique_common>
        <technique profile="MAYA">
          <pre_infinity>CONSTANT</pre_infinity>
          <post_infinity>CONSTANT</post_infinity>
        </technique>
      </source>
      <source id="Bip01_R_Hand_matrix_Bip01_R_Hand_transform-output">
        <float_array id="Bip01_R_Hand_matrix_Bip01_R_Hand_transform-output-array" count="976">0.872383 0.466088 0.147344 0.980341 0.465867 -0.884032 0.038159 0 0.148043 0.035353 -0.988349 0 0 0 0 1.000000 0.873089 0.464719 0.147482 0.980341 0.464226 -0.884818 0.039879 -0.000000 0.149027 0.033647 -0.988260 0 0 0 0 1.000000 0.874519 0.462079 0.147311 0.980342 0.461337 -0.886266 0.041250 0.000000 0.149618 0.031887 -0.988230 0 0 0 0 1.000000 0.876611 0.458245 0.146847 0.980342 0.457277 -0.888318 0.042310 0.000000 0.149835 0.030060 -0.988254 0 0 0 0 1.000000 0.879304 0.453294 0.146109 0.980341 0.452121 -0.890916 0.043085 0 0.149701 0.028174 -0.988330 0 0 0 0 1.000000 0.882534 0.447297 0.145120 0.980342 0.445939 -0.894001 0.043600 0 0.149240 0.026236 -0.988453 0 0 0 0 1.000000 0.886234 0.440321 0.143898 0.980342 0.438800 -0.897513 0.043884 -0.000000 0.148473 0.024251 -0.988619 0 0 0 0 1.000000 0.890339 0.432435 0.142463 0.980342 0.430768 -0.901391 0.043964 0 0.147427 0.022226 -0.988823 0 0 0 0 1.000000 0.894784 0.423705 0.140835 0.980342 0.421910 -0.905576 0.043868 0.000000 0.146124 0.020168 -0.989061 0 0 0 0 1.000000 0.899505 0.414200 0.139033 0.980341 0.412293 -0.910006 0.043624 0 0.144590 0.018083 -0.989326 0 0 0 0 1.000000 0.904435 0.403989 0.137078 0.980341 0.401984 -0.914624 0.043259 0 0.142851 0.015978 -0.989615 0 0 0 0 1.000000 0.909481 0.393216 0.135002 0.980341 0.391126 -0.919341 0.042801 0 0.140943 0.013876 -0.989920 0 0 0 0 1.000000 0.914678 0.381748 0.132789 0.980342 0.379583 -0.924192 0.042266 0 0.138858 0.011745 -0.990243 0 0 0 0 1.000000 0.919870 0.369877 0.130500 0.980342 0.367646 -0.929031 0.041686 0.000000 0.136657 0.009633 -0.990572 0 0 0 0 1.000000 0.925035 0.357617 0.128144 0.980341 0.355330 -0.933838 0.041076 0 0.134355 0.007536 -0.990905 -0.000000 0 0 0 1.000000 0.930119 0.345062 0.125744 0.980341 0.342726 -0.938564 0.040457 0 0.131979 0.005466 -0.991238 0 0 0 0 1.000000 0.935073 0.332310 0.123326 0.980341 0.329931 -0.943164 0.039843 0 0.129557 0.003433 -0.991566 -0.000000 0 0 0 1.000000 0.939852 0.319467 0.120913 0.980341 0.317050 -0.947597 0.039247 -0.000000 0.127115 0.001449 -0.991887 0 0 0 0 1.000000 0.944415 0.306645 0.118529 0.980342 0.304196 -0.951824 0.038681 0 0.124680 -0.000475 -0.992197 0 0 0 0 1.000000 0.948726 0.293968 0.116199 0.980341 0.291491 -0.955813 0.038152 0 0.122280 -0.002325 -0.992493 0 0 0 0 1.000000 0.952753 0.281563 0.113950 0.980341 0.279062 -0.959534 0.037667 0.000000 0.119944 -0.004088 -0.992772 0 0 0 0 1.000000 0.956469 0.269569 0.111804 0.980341 0.267048 -0.962964 0.037229 0 0.117699 -0.005752 -0.993033 0 0 0 0 1.000000 0.959831 0.258203 0.109798 0.980341 0.255665 -0.966063 0.036842 0.000000 0.115584 -0.007291 -0.993271 0.000000 0 0 0 1.000000 0.962881 0.247412 0.107920 0.980341 0.244860 -0.968871 0.036500 0.000000 0.113591 -0.008720 -0.993489 0 0 0 0 1.000000 0.965546 0.237565 0.106231 0.980341 0.235002 -0.971320 0.036208 0.000000 0.111786 -0.009996 -0.993682 -0.000000 0 0 0 1.000000 0.967831 0.228764 0.104739 0.980341 0.226193 -0.973418 0.035964 0 0.110182 -0.011115 -0.993849 0 0 0 0 1.000000 0.969728 0.221181 0.103469 0.980342 0.218604 -0.975158 0.035764 0.000000 0.108809 -0.012062 -0.993990 0 0 0 0 1.000000 0.971228 0.214991 0.102443 0.980342 0.212409 -0.976532 0.035608 0.000000 0.107694 -0.012823 -0.994102 0 0 0 0 1.000000 0.972320 0.210368 0.101681 0.980341 0.207784 -0.977531 0.035494 -0.000000 0.106863 -0.013383 -0.994184 0 0 0 0 1.000000 0.972989 0.207481 0.101208 0.980341 0.204896 -0.978143 0.035423 0.000000 0.106345 -0.013729 -0.994234 0 0 0 0 1.000000 0.973218 0.206486 0.101045 0.980341 0.203900 -0.978352 0.035397 -0.000000 0.106167 -0.013846 -0.994252 0.000000 0 0 0 1.000000 0.972989 0.207481 0.101208 0.980341 0.204896 -0.978143 0.035423 0.000000 0.106346 -0.013729 -0.994235 0 0 0 0 1.000000 0.972320 0.210368 0.101682 0.980342 0.207784 -0.977531 0.035494 0 0.106864 -0.013383 -0.994184 0 0 0 0 1.000000 0.971228 0.214991 0.102442 0.980341 0.212409 -0.976532 0.035609 0 0.107694 -0.012825 -0.994101 0 0 0 0 1.000000 0.969728 0.221181 0.103469 0.980341 0.218603 -0.975158 0.035768 0.000000 0.108809 -0.012066 -0.993990 0 0 0 0 1.000000 0.967831 0.228764 0.104738 0.980341 0.226192 -0.973418 0.035970 0.000000 0.110183 -0.011122 -0.993849 0 0 0 0 1.000000 0.965546 0.237565 0.106228 0.980341 0.235001 -0.971320 0.036218 0.000000 0.111786 -0.010006 -0.993682 0 0 0 0 1.000000 0.962882 0.247412 0.107916 0.980341 0.244858 -0.968871 0.036514 0.000000 0.113591 -0.008735 -0.993489 0 0 0 0 1.000000 0.959852 0.258134 0.109779 0.980342 0.255594 -0.966082 0.036859 -0.000000 0.115571 -0.007321 -0.993272 0 0 0 0 1.000000 0.956470 0.269570 0.111794 0.980341 0.267045 -0.962964 0.037255 0.000000 0.117697 -0.005779 -0.993033 0 0 0 0 1.000000 0.952754 0.281563 0.113937 0.980341 0.279058 -0.959534 0.037700 0 0.119941 -0.004124 -0.992772 0 0 0 0 1.000000 0.948728 0.293968 0.116183 0.980341 0.291486 -0.955812 0.038195 0 0.122277 -0.002371 -0.992493 0 0 0 0 1.000000 0.944418 0.306646 0.118507 0.980341 0.304190 -0.951824 0.038732 0.000000 0.124675 -0.000531 -0.992198 0 0 0 0 1.000000 0.939855 0.319467 0.120886 0.980341 0.317043 -0.947597 0.039309 0 0.127109 0.001381 -0.991888 0 0 0 0 1.000000 0.935107 0.332231 0.123279 0.980341 0.329842 -0.943192 0.039912 0 0.129536 0.003341 -0.991569 0 0 0 0 1.000000 0.930123 0.345063 0.125707 0.980341 0.342715 -0.938564 0.040541 0.000000 0.131973 0.005374 -0.991239 0.000000 0 0 0 1.000000 0.925040 0.357618 0.128100 0.980342 0.355317 -0.933838 0.041172 0.000000 0.134348 0.007431 -0.990906 0.000000 0 0 0 1.000000 0.919877 0.369878 0.130449 0.980342 0.367633 -0.929032 0.041793 0.000000 0.136649 0.009513 -0.990574 0 0 0 0 1.000000 0.914685 0.381750 0.132731 0.980341 0.379567 -0.924193 0.042385 0 0.138850 0.011611 -0.990246 0 0 0 0 1.000000 0.909522 0.393149 0.134924 0.980341 0.391038 -0.919373 0.042929 -0.000000 0.140923 0.013716 -0.989926 0 0 0 0 1.000000 0.904445 0.403991 0.137006 0.980342 0.401965 -0.914626 0.043401 0.000000 0.142842 0.015818 -0.989619 0 0 0 0 1.000000 0.899516 0.414202 0.138955 0.980341 0.412271 -0.910009 0.043777 -0.000000 0.144583 0.017908 -0.989331 0 0 0 0 1.000000 0.894797 0.423708 0.140750 0.980341 0.421887 -0.905579 0.044032 0.000000 0.146117 0.019981 -0.989066 0 0 0 0 1.000000 0.890352 0.432438 0.142372 0.980342 0.430744 -0.901395 0.044138 0 0.147420 0.022028 -0.988829 0 0 0 0 1.000000 0.886248 0.440325 0.143802 0.980342 0.438774 -0.897516 0.044067 0 0.148468 0.024043 -0.988625 0 0 0 0 1.000000 0.882548 0.447301 0.145019 0.980342 0.445912 -0.894005 0.043791 0.000000 0.149235 0.026018 -0.988459 0 0 0 0 1.000000 0.879320 0.453299 0.146005 0.980341 0.452092 -0.890921 0.043282 0 0.149698 0.027949 -0.988337 -0.000000 0 0 0 1.000000 0.876627 0.458250 0.146739 0.980341 0.457247 -0.888323 0.042513 0.000000 0.149833 0.029828 -0.988261 0 0 0 0 1.000000 0.874535 0.462083 0.147201 0.980341 0.461307 -0.886272 0.041456 0.000000 0.149616 0.031650 -0.988238 0 0 0 0 1.000000 0.873106 0.464724 0.147370 0.980341 0.464196 -0.884825 0.040088 0.000000 0.149026 0.033408 -0.988269 -0.000000 0 0 0 1.000000 0.872400 0.466094 0.147223 0.980341 0.465834 -0.884039 0.038385 0.000000 0.148042 0.035095 -0.988358 0 0 0 0 1.000000</float_array>
        <technique_common>
          <accessor source="#Bip01_R_Hand_matrix_Bip01_R_Hand_transform-output-array" count="61" stride="16">
            <param name="TRANSFORM" type="float4x4"/>
          </accessor>
        </technique_common>
      </source>
      <source id="Bip01_R_Hand_matrix_Bip01_R_Hand_transform-interpolations">
        <Name_array id="Bip01_R_Hand_matrix_Bip01_R_Hand_transform-interpolations-array" count="61">LINEAR LINEAR LINEAR LINEAR LINEAR LINEAR LINEAR LINEAR LINEAR LINEAR LINEAR LINEAR LINEAR LINEAR LINEAR LINEAR LINEAR LINEAR LINEAR LINEAR LINEAR LINEAR LINEAR LINEAR LINEAR LINEAR LINEAR LINEAR LINEAR LINEAR LINEAR LINEAR LINEAR LINEAR LINEAR LINEAR LINEAR LINEAR LINEAR LINEAR LINEAR LINEAR LINEAR LINEAR LINEAR LINEAR LINEAR LINEAR LINEAR LINEAR LINEAR LINEAR LINEAR LINEAR LINEAR LINEAR LINEAR LINEAR LINEAR LINEAR LINEAR</Name_array>
        <technique_common>
          <accessor source="#Bip01_R_Hand_matrix_Bip01_R_Hand_transform-interpolations-array" count="61" stride="1">
            <param name="INTERPOLATION" type="Name"/>
          </accessor>
        </technique_common>
      </source>
      <sampler id="Bip01_R_Hand_matrix_Bip01_R_Hand_transform-sampler">
        <input semantic="INPUT" source="#Bip01_R_Hand_matrix_Bip01_R_Hand_transform-input"/>
        <input semantic="OUTPUT" source="#Bip01_R_Hand_matrix_Bip01_R_Hand_transform-output"/>
        <input semantic="INTERPOLATION" source="#Bip01_R_Hand_matrix_Bip01_R_Hand_transform-interpolations"/>
      </sampler>
      <channel source="#Bip01_R_Hand_matrix_Bip01_R_Hand_transform-sampler" target="Bip01_R_Hand/transform"/>
    </animation>
    <animation id="Bip01_L_Thigh_matrix">
      <source id="Bip01_L_Thigh_matrix_Bip01_L_Thigh_transform-input">
        <float_array id="Bip01_L_Thigh_matrix_Bip01_L_Thigh_transform-input-array" count="61">0 0.033333 0.066667 0.100000 0.133333 0.166667 0.200000 0.233333 0.266667 0.300000 0.333333 0.366667 0.400000 0.433333 0.466667 0.500000 0.533333 0.566667 0.600000 0.633333 0.666667 0.700000 0.733334 0.766667 0.800000 0.833334 0.866667 0.900000 0.933334 0.966667 1.000000 1.033334 1.066667 1.100000 1.133334 1.166667 1.200000 1.233333 1.266667 1.300000 1.333333 1.366667 1.400000 1.433333 1.466667 1.500000 1.533333 1.566666 1.600000 1.633333 1.666666 1.700000 1.733333 1.766666 1.800000 1.833333 1.866666 1.899999 1.933333 1.966666 1.999999</float_array>
        <technique_common>
          <accessor source="#Bip01_L_Thigh_matrix_Bip01_L_Thigh_transform-input-array" count="61" stride="1">
            <param name="TIME" type="float"/>
          </accessor>
        </technique_common>
        <technique profile="MAYA">
          <pre_infinity>CONSTANT</pre_infinity>
          <post_infinity>CONSTANT</post_infinity>
        </technique>
      </source>
      <source id="Bip01_L_Thigh_matrix_Bip01_L_Thigh_transform-output">
        <float_array id="Bip01_L_Thigh_matrix_Bip01_L_Thigh_transform-output-array" count="976">0.157772 0.986965 -0.031740 -0.559402 0.969290 -0.148646 0.195910 0.167696 0.188638 -0.061675 -0.980108 0.498668 0 0 0 1.000000 0.157362 0.987008 -0.032442 -0.559402 0.969143 -0.148036 0.197096 0.167696 0.189733 -0.062456 -0.979847 0.498668 0 0 0 1.000000 0.155256 0.987361 -0.031850 -0.559403 0.969158 -0.145989 0.198545 0.167696 0.191386 -0.061693 -0.979574 0.498668 0 0 0 1.000000 0.151530 0.987927 -0.032245 -0.559403 0.969483 -0.142183 0.199719 0.167696 0.192723 -0.061524 -0.979323 0.498668 0 0 0 1.000000 0.146297 0.988701 -0.032679 -0.559402 0.970012 -0.136893 0.200839 0.167696 0.194097 -0.061081 -0.979079 0.498668 0 0 0 1.000000 0.139652 0.989647 -0.033111 -0.559402 0.970707 -0.130224 0.201916 0.167696 0.195514 -0.060339 -0.978843 0.498668 0 0 0 1.000000 0.131683 0.990725 -0.033542 -0.559403 0.971527 -0.122260 0.202947 0.167696 0.196964 -0.059311 -0.978615 0.498668 0 0 0 1.000000 0.122476 0.991890 -0.033961 -0.559403 0.972431 -0.113090 0.203934 0.167696 0.198439 -0.058002 -0.978396 0.498668 0 0 0 1.000000 0.112114 0.993103 -0.034305 -0.559402 0.973370 -0.102808 0.204891 0.167696 0.199951 -0.056363 -0.978183 0.498668 0 0 0 1.000000 0.100680 0.994319 -0.034549 -0.559402 0.974302 -0.091502 0.205824 0.167696 0.201494 -0.054383 -0.977979 0.498668 0 0 0 1.000000 0.088254 0.995490 -0.034785 -0.559402 0.975189 -0.079231 0.206711 0.167696 0.203023 -0.052165 -0.977784 0.498668 0 0 0 1.000000 0.074999 0.996569 -0.035011 -0.559402 0.975986 -0.066158 0.207544 0.167696 0.204516 -0.049736 -0.977599 0.498668 0 0 0 1.000000 0.060737 0.997532 -0.035231 -0.559402 0.976668 -0.052108 0.208339 0.167696 0.205989 -0.047063 -0.977422 0.498668 0 0 0 1.000000 0.045807 0.998321 -0.035440 -0.559402 0.977183 -0.037414 0.209079 0.167696 0.207402 -0.044209 -0.977256 0.498668 0 0 0 1.000000 0.030206 0.998908 -0.035639 -0.559402 0.977502 -0.022074 0.209770 0.167696 0.208754 -0.041174 -0.977101 0.498668 0 0 0 1.000000 0.014019 0.999260 -0.035828 -0.559403 0.977593 -0.006170 0.210411 0.167696 0.210035 -0.037975 -0.976956 0.498668 0 0 0 1.000000 -0.002666 0.999348 -0.036005 -0.559402 0.977432 0.010210 0.211004 0.167696 0.211234 -0.034630 -0.976822 0.498668 0 0 0 1.000000 -0.019755 0.999151 -0.036170 -0.559402 0.976996 0.026975 0.211547 0.167696 0.212343 -0.031159 -0.976698 0.498668 0 0 0 1.000000 -0.037143 0.998650 -0.036324 -0.559402 0.976268 0.044023 0.212042 0.167696 0.213355 -0.027586 -0.976585 0.498668 0 0 0 1.000000 -0.054718 0.997836 -0.036465 -0.559403 0.975242 0.061244 0.212490 0.167696 0.214264 -0.023935 -0.976483 0.498668 0 0 0 1.000000 -0.072355 0.996707 -0.036593 -0.559402 0.973916 0.078517 0.212891 0.167696 0.215064 -0.020235 -0.976390 0.498668 0 0 0 1.000000 -0.089907 0.995274 -0.036709 -0.559403 0.972300 0.095697 0.213248 0.167696 0.215753 -0.016520 -0.976308 0.498668 0 0 0 1.000000 -0.107092 0.993568 -0.036811 -0.559403 0.970430 0.112511 0.213558 0.167696 0.216326 -0.012852 -0.976237 0.498668 0 0 0 1.000000 -0.124024 0.991593 -0.036902 -0.559402 0.968307 0.129069 0.213830 0.167696 0.216795 -0.009212 -0.976174 0.498668 0 0 0 1.000000 -0.140124 0.989443 -0.036979 -0.559403 0.966028 0.144808 0.214060 0.167696 0.217155 -0.005728 -0.976121 0.498668 0 0 0 1.000000 -0.155172 0.987193 -0.037044 -0.559403 0.963666 0.159514 0.214250 0.167696 0.217415 -0.002452 -0.976076 0.498668 0 0 0 1.000000 -0.168762 0.984958 -0.037096 -0.559402 0.961340 0.172790 0.214402 0.167696 0.217587 0.000521 -0.976041 0.498668 0 0 0 1.000000 -0.180392 0.982893 -0.037137 -0.559402 0.959203 0.184149 0.214519 0.167696 0.217688 0.003076 -0.976014 0.498668 0 0 0 1.000000 -0.189459 0.981185 -0.037165 -0.559403 0.957443 0.193003 0.214600 0.167696 0.217735 0.005075 -0.975995 0.498668 0 0 0 1.000000 -0.195319 0.980035 -0.037182 -0.559402 0.956261 0.198724 0.214648 0.167696 0.217752 0.006369 -0.975983 0.498668 0 0 0 1.000000 -0.197377 0.979622 -0.037187 -0.559402 0.955837 0.200734 0.214664 0.167695 0.217755 0.006825 -0.975980 0.498668 0 0 0 1.000000 -0.195317 0.980035 -0.037182 -0.559402 0.956261 0.198723 0.214648 0.167696 0.217752 0.006369 -0.975983 0.498668 0 0 0 1.000000 -0.189455 0.981186 -0.037165 -0.559403 0.957443 0.192999 0.214600 0.167696 0.217735 0.005074 -0.975995 0.498668 0 0 0 1.000000 -0.180389 0.982894 -0.037137 -0.559402 0.959204 0.184147 0.214518 0.167696 0.217687 0.003075 -0.976014 0.498668 0 0 0 1.000000 -0.168759 0.984959 -0.037097 -0.559402 0.961341 0.172788 0.214402 0.167696 0.217587 0.000520 -0.976041 0.498668 0 0 0 1.000000 -0.155171 0.987193 -0.037045 -0.559403 0.963666 0.159513 0.214249 0.167696 0.217415 -0.002454 -0.976076 0.498668 0 0 0 1.000000 -0.140123 0.989443 -0.036981 -0.559403 0.966028 0.144807 0.214059 0.167696 0.217154 -0.005730 -0.976120 0.498668 0 0 0 1.000000 -0.124023 0.991593 -0.036904 -0.559402 0.968307 0.129068 0.213830 0.167696 0.216795 -0.009215 -0.976174 0.498668 0 0 0 1.000000 -0.107197 0.993556 -0.036815 -0.559402 0.970418 0.112613 0.213559 0.167696 0.216329 -0.012833 -0.976236 0.498668 0 0 0 1.000000 -0.089903 0.995274 -0.036713 -0.559403 0.972301 0.095694 0.213247 0.167696 0.215752 -0.016525 -0.976308 0.498668 0 0 0 1.000000 -0.072351 0.996707 -0.036599 -0.559402 0.973917 0.078514 0.212890 0.167696 0.215062 -0.020241 -0.976391 0.498668 0 0 0 1.000000 -0.054714 0.997836 -0.036472 -0.559403 0.975243 0.061242 0.212488 0.167696 0.214262 -0.023943 -0.976483 0.498668 0 0 0 1.000000 -0.037138 0.998649 -0.036333 -0.559402 0.976269 0.044020 0.212040 0.167696 0.213353 -0.027596 -0.976585 0.498668 0 0 0 1.000000 -0.019749 0.999150 -0.036182 -0.559402 0.976996 0.026972 0.211544 0.167696 0.212340 -0.031172 -0.976699 0.498668 0 0 0 1.000000 -0.002767 0.999347 -0.036020 -0.559402 0.977431 0.010311 0.211004 0.167696 0.211237 -0.034623 -0.976821 0.498668 0 0 0 1.000000 0.014024 0.999259 -0.035845 -0.559403 0.977594 -0.006172 0.210407 0.167696 0.210030 -0.037992 -0.976956 0.498668 0 0 0 1.000000 0.030212 0.998907 -0.035660 -0.559402 0.977503 -0.022076 0.209765 0.167696 0.208748 -0.041195 -0.977101 0.498668 0 0 0 1.000000 0.045813 0.998320 -0.035464 -0.559402 0.977184 -0.037416 0.209073 0.167696 0.207395 -0.044233 -0.977257 0.498668 0 0 0 1.000000 0.060742 0.997531 -0.035259 -0.559402 0.976669 -0.052108 0.208332 0.167696 0.205980 -0.047091 -0.977422 0.498668 0 0 0 1.000000 0.074918 0.996574 -0.035044 -0.559403 0.975993 -0.066073 0.207541 0.167696 0.204514 -0.049752 -0.977598 0.498668 0 0 0 1.000000 0.088258 0.995489 -0.034821 -0.559402 0.975191 -0.079229 0.206702 0.167696 0.203010 -0.052200 -0.977784 0.498668 0 0 0 1.000000 0.100686 0.994317 -0.034588 -0.559402 0.974304 -0.091500 0.205814 0.167696 0.201480 -0.054422 -0.977979 0.498668 0 0 0 1.000000 0.112120 0.993101 -0.034349 -0.559402 0.973373 -0.102806 0.204880 0.167696 0.199935 -0.056405 -0.978184 0.498668 0 0 0 1.000000 0.122480 0.991885 -0.034101 -0.559403 0.972441 -0.113069 0.203899 0.167696 0.198388 -0.058135 -0.978398 0.498668 0 0 0 1.000000 0.131685 0.990714 -0.033845 -0.559403 0.971550 -0.122207 0.202872 0.167696 0.196852 -0.059598 -0.978620 0.498668 0 0 0 1.000000 0.139652 0.989631 -0.033583 -0.559402 0.970742 -0.130139 0.201802 0.167696 0.195339 -0.060782 -0.978850 0.498668 0 0 0 1.000000 0.146297 0.988680 -0.033312 -0.559402 0.970060 -0.136780 0.200688 0.167696 0.193860 -0.061675 -0.979089 0.498668 0 0 0 1.000000 0.151529 0.987901 -0.033033 -0.559403 0.969542 -0.142041 0.199532 0.167696 0.192425 -0.062261 -0.979335 0.498668 0 0 0 1.000000 0.155254 0.987332 -0.032746 -0.559403 0.969225 -0.145829 0.198333 0.167696 0.191046 -0.062530 -0.979587 0.498668 0 0 0 1.000000 0.157372 0.987006 -0.032449 -0.559402 0.969142 -0.148044 0.197095 0.167696 0.189730 -0.062465 -0.979847 0.498668 0 0 0 1.000000 0.157776 0.986952 -0.032142 -0.559402 0.969320 -0.148581 0.195815 0.167696 0.188484 -0.062051 -0.980114 0.498668 0 0 0 1.000000</float_array>
        <technique_common>
          <accessor source="#Bip01_L_Thigh_matrix_Bip01_L_Thigh_transform-output-array" count="61" stride="16">
            <param name="TRANSFORM" type="float4x4"/>
          </accessor>
        </technique_common>
      </source>
      <source id="Bip01_L_Thigh_matrix_Bip01_L_Thigh_transform-interpolations">
        <Name_array id="Bip01_L_Thigh_matrix_Bip01_L_Thigh_transform-interpolations-array" count="61">LINEAR LINEAR LINEAR LINEAR LINEAR LINEAR LINEAR LINEAR LINEAR LINEAR LINEAR LINEAR LINEAR LINEAR LINEAR LINEAR LINEAR LINEAR LINEAR LINEAR LINEAR LINEAR LINEAR LINEAR LINEAR LINEAR LINEAR LINEAR LINEAR LINEAR LINEAR LINEAR LINEAR LINEAR LINEAR LINEAR LINEAR LINEAR LINEAR LINEAR LINEAR LINEAR LINEAR LINEAR LINEAR LINEAR LINEAR LINEAR LINEAR LINEAR LINEAR LINEAR LINEAR LINEAR LINEAR LINEAR LINEAR LINEAR LINEAR LINEAR LINEAR</Name_array>
        <technique_common>
          <accessor source="#Bip01_L_Thigh_matrix_Bip01_L_Thigh_transform-interpolations-array" count="61" stride="1">
            <param name="INTERPOLATION" type="Name"/>
          </accessor>
        </technique_common>
      </source>
      <sampler id="Bip01_L_Thigh_matrix_Bip01_L_Thigh_transform-sampler">
        <input semantic="INPUT" source="#Bip01_L_Thigh_matrix_Bip01_L_Thigh_transform-input"/>
        <input semantic="OUTPUT" source="#Bip01_L_Thigh_matrix_Bip01_L_Thigh_transform-output"/>
        <input semantic="INTERPOLATION" source="#Bip01_L_Thigh_matrix_Bip01_L_Thigh_transform-interpolations"/>
      </sampler>
      <channel source="#Bip01_L_Thigh_matrix_Bip01_L_Thigh_transform-sampler" target="Bip01_L_Thigh/transform"/>
    </animation>
    <animation id="Bip01_L_Calf_matrix">
      <source id="Bip01_L_Calf_matrix_Bip01_L_Calf_transform-input">
        <float_array id="Bip01_L_Calf_matrix_Bip01_L_Calf_transform-input-array" count="61">0 0.033333 0.066667 0.100000 0.133333 0.166667 0.200000 0.233333 0.266667 0.300000 0.333333 0.366667 0.400000 0.433333 0.466667 0.500000 0.533333 0.566667 0.600000 0.633333 0.666667 0.700000 0.733334 0.766667 0.800000 0.833334 0.866667 0.900000 0.933334 0.966667 1.000000 1.033334 1.066667 1.100000 1.133334 1.166667 1.200000 1.233333 1.266667 1.300000 1.333333 1.366667 1.400000 1.433333 1.466667 1.500000 1.533333 1.566666 1.600000 1.633333 1.666666 1.700000 1.733333 1.766666 1.800000 1.833333 1.866666 1.899999 1.933333 1.966666 1.999999</float_array>
        <technique_common>
          <accessor source="#Bip01_L_Calf_matrix_Bip01_L_Calf_transform-input-array" count="61" stride="1">
            <param name="TIME" type="float"/>
          </accessor>
        </technique_common>
        <technique profile="MAYA">
          <pre_infinity>CONSTANT</pre_infinity>
          <post_infinity>CONSTANT</post_infinity>
        </technique>
      </source>
      <source id="Bip01_L_Calf_matrix_Bip01_L_Calf_transform-output">
        <float_array id="Bip01_L_Calf_matrix_Bip01_L_Calf_transform-output-array" count="976">0.638195 0.769875 0 1.191516 -0.769875 0.638195 0 0 0 0 1.000000 0 0 0 0 1.000000 0.639615 0.768696 0 1.191516 -0.768695 0.639615 0 0 0 0 1.000000 0 0 0 0 1.000000 0.642709 0.766110 0 1.191516 -0.766111 0.642709 0 0.000000 0 0 1.000000 -0.000000 0 0 0 1.000000 0.647376 0.762171 0 1.191517 -0.762171 0.647376 0 0.000000 0 0 1.000000 0 0 0 0 1.000000 0.653515 0.756914 0 1.191517 -0.756914 0.653515 0 0 0 0 1.000000 0 0 0 0 1.000000 0.661028 0.750361 0 1.191516 -0.750361 0.661028 0 0 0 0 1.000000 0 0 0 0 1.000000 0.669825 0.742519 0 1.191517 -0.742519 0.669825 0 0 0 0 1.000000 0 0 0 0 1.000000 0.679809 0.733389 0 1.191516 -0.733389 0.679810 0 0.000000 0 0 1.000000 0 0 0 0 1.000000 0.690889 0.722961 0 1.191516 -0.722961 0.690889 0 0.000000 0 0 1.000000 0 0 0 0 1.000000 0.702966 0.711223 0 1.191516 -0.711223 0.702966 0 0 0 0 1.000000 0 0 0 0 1.000000 0.715941 0.698161 0 1.191516 -0.698161 0.715941 0 0.000000 0 0 1.000000 0 0 0 0 1.000000 0.729622 0.683851 0 1.191516 -0.683851 0.729622 0 0.000000 0 0 1.000000 0 0 0 0 1.000000 0.744164 0.667997 0 1.191516 -0.667997 0.744164 0 0.000000 0 0 1.000000 0 0 0 0 1.000000 0.759184 0.650876 0 1.191516 -0.650876 0.759184 0 0 0 0 1.000000 0 0 0 0 1.000000 0.774650 0.632390 0 1.191516 -0.632390 0.774650 0 0 0 0 1.000000 0 0 0 0 1.000000 0.790433 0.612549 0 1.191516 -0.612549 0.790433 0 0.000000 0 0 1.000000 0 0 0 0 1.000000 0.806397 0.591374 0 1.191516 -0.591374 0.806397 0 0 0 0 1.000000 -0.000000 0 0 0 1.000000 0.822402 0.568907 0 1.191516 -0.568908 0.822401 0 0.000000 0 0 1.000000 0.000000 0 0 0 1.000000 0.838293 0.545220 0 1.191516 -0.545219 0.838293 0 0.000000 0 0 1.000000 0 0 0 0 1.000000 0.853917 0.520409 0 1.191516 -0.520409 0.853917 0 0.000000 0 0 1.000000 0.000000 0 0 0 1.000000 0.869111 0.494618 0 1.191517 -0.494618 0.869111 0 0.000000 0 0 1.000000 0 0 0 0 1.000000 0.883705 0.468044 0 1.191516 -0.468044 0.883705 0 0 0 0 1.000000 0 0 0 0 1.000000 0.897444 0.441129 0 1.191516 -0.441129 0.897444 0 0.000000 0 0 1.000000 0 0 0 0 1.000000 0.910399 0.413731 0 1.191516 -0.413731 0.910399 0 0 0 0 1.000000 0 0 0 0 1.000000 0.922142 0.386852 0 1.191517 -0.386852 0.922142 0 0 0 0 1.000000 0 0 0 0 1.000000 0.932570 0.360990 0 1.191517 -0.360990 0.932570 0 0 0 0 1.000000 0 0 0 0 1.000000 0.941501 0.337011 0 1.191516 -0.337011 0.941501 0 -0.000000 0 0 1.000000 0 0 0 0 1.000000 0.948755 0.316012 0 1.191516 -0.316012 0.948755 0 -0.000000 0 0 1.000000 0 0 0 0 1.000000 0.954149 0.299332 0 1.191516 -0.299332 0.954149 0 0.000000 0 0 1.000000 0 0 0 0 1.000000 0.957508 0.288407 0 1.191516 -0.288407 0.957508 0 -0.000000 0 0 1.000000 0 0 0 0 1.000000 0.958663 0.284545 0 1.191516 -0.284545 0.958663 0 -0.000000 0 0 1.000000 0 0 0 0 1.000000 0.957507 0.288409 0 1.191516 -0.288409 0.957507 0 0 0 0 1.000000 0 0 0 0 1.000000 0.954148 0.299336 0 1.191516 -0.299336 0.954148 0 0 0 0 1.000000 0.000000 0 0 0 1.000000 0.948755 0.316012 0 1.191516 -0.316012 0.948755 0 -0.000000 0 0 1.000000 0 0 0 0 1.000000 0.941502 0.337008 0 1.191516 -0.337008 0.941502 0 0 0 0 1.000000 0 0 0 0 1.000000 0.932573 0.360982 0 1.191516 -0.360982 0.932573 0 0 0 0 1.000000 0.000000 0 0 0 1.000000 0.922145 0.386845 0 1.191516 -0.386845 0.922145 0 0 0 0 1.000000 0 0 0 0 1.000000 0.910403 0.413723 0 1.191516 -0.413723 0.910403 0 0 0 0 1.000000 0 0 0 0 1.000000 0.897530 0.440952 0 1.191516 -0.440952 0.897531 0 0 0 0 1.000000 0 0 0 0 1.000000 0.883708 0.468038 0 1.191516 -0.468038 0.883708 0 0.000000 0 0 1.000000 0 0 0 0 1.000000 0.869114 0.494612 0 1.191516 -0.494612 0.869114 0 0 0 0 1.000000 0 0 0 0 1.000000 0.853921 0.520403 0 1.191516 -0.520403 0.853921 0 0.000000 0 0 1.000000 0 0 0 0 1.000000 0.838296 0.545215 0 1.191516 -0.545215 0.838296 0 0 0 0 1.000000 0 0 0 0 1.000000 0.822405 0.568902 0 1.191516 -0.568902 0.822405 0 0 0 0 1.000000 0 0 0 0 1.000000 0.806502 0.591231 0 1.191517 -0.591231 0.806502 0 0 0 0 1.000000 0.000000 0 0 0 1.000000 0.790438 0.612543 0 1.191517 -0.612543 0.790438 0 0 0 0 1.000000 0 0 0 0 1.000000 0.774655 0.632384 0 1.191516 -0.632384 0.774655 0 0 0 0 1.000000 0 0 0 0 1.000000 0.759189 0.650870 0 1.191517 -0.650870 0.759189 0 0 0 0 1.000000 0.000000 0 0 0 1.000000 0.744170 0.667991 0 1.191516 -0.667991 0.744170 0 0.000000 0 0 1.000000 0 0 0 0 1.000000 0.729717 0.683749 0 1.191517 -0.683749 0.729717 0 0.000000 0 0 1.000000 0 0 0 0 1.000000 0.715949 0.698152 0 1.191516 -0.698152 0.715949 0 0 0 0 1.000000 0 0 0 0 1.000000 0.702974 0.711215 0 1.191516 -0.711215 0.702974 0 0 0 0 1.000000 -0.000000 0 0 0 1.000000 0.690896 0.722954 0 1.191516 -0.722954 0.690896 0 0 0 0 1.000000 0 0 0 0 1.000000 0.679817 0.733382 0 1.191516 -0.733382 0.679817 0 0 0 0 1.000000 0 0 0 0 1.000000 0.669833 0.742512 0 1.191517 -0.742512 0.669833 0 0 0 0 1.000000 0 0 0 0 1.000000 0.661037 0.750353 0 1.191517 -0.750353 0.661037 0 0 0 0 1.000000 0 0 0 0 1.000000 0.653523 0.756907 0 1.191516 -0.756907 0.653523 0 0 0 0 1.000000 0 0 0 0 1.000000 0.647384 0.762164 0 1.191516 -0.762164 0.647384 0 0.000000 0 0 1.000000 0 0 0 0 1.000000 0.642718 0.766103 0 1.191516 -0.766103 0.642718 0 0 0 0 1.000000 0 0 0 0 1.000000 0.639622 0.768689 0 1.191516 -0.768689 0.639623 0 0 0 0 1.000000 0 0 0 0 1.000000 0.638204 0.769868 0 1.191517 -0.769868 0.638204 0 0 0 0 1.000000 0 0 0 0 1.000000</float_array>
        <technique_common>
          <accessor source="#Bip01_L_Calf_matrix_Bip01_L_Calf_transform-output-array" count="61" stride="16">
            <param name="TRANSFORM" type="float4x4"/>
          </accessor>
        </technique_common>
      </source>
      <source id="Bip01_L_Calf_matrix_Bip01_L_Calf_transform-interpolations">
        <Name_array id="Bip01_L_Calf_matrix_Bip01_L_Calf_transform-interpolations-array" count="61">LINEAR LINEAR LINEAR LINEAR LINEAR LINEAR LINEAR LINEAR LINEAR LINEAR LINEAR LINEAR LINEAR LINEAR LINEAR LINEAR LINEAR LINEAR LINEAR LINEAR LINEAR LINEAR LINEAR LINEAR LINEAR LINEAR LINEAR LINEAR LINEAR LINEAR LINEAR LINEAR LINEAR LINEAR LINEAR LINEAR LINEAR LINEAR LINEAR LINEAR LINEAR LINEAR LINEAR LINEAR LINEAR LINEAR LINEAR LINEAR LINEAR LINEAR LINEAR LINEAR LINEAR LINEAR LINEAR LINEAR LINEAR LINEAR LINEAR LINEAR LINEAR</Name_array>
        <technique_common>
          <accessor source="#Bip01_L_Calf_matrix_Bip01_L_Calf_transform-interpolations-array" count="61" stride="1">
            <param name="INTERPOLATION" type="Name"/>
          </accessor>
        </technique_common>
      </source>
      <sampler id="Bip01_L_Calf_matrix_Bip01_L_Calf_transform-sampler">
        <input semantic="INPUT" source="#Bip01_L_Calf_matrix_Bip01_L_Calf_transform-input"/>
        <input semantic="OUTPUT" source="#Bip01_L_Calf_matrix_Bip01_L_Calf_transform-output"/>
        <input semantic="INTERPOLATION" source="#Bip01_L_Calf_matrix_Bip01_L_Calf_transform-interpolations"/>
      </sampler>
      <channel source="#Bip01_L_Calf_matrix_Bip01_L_Calf_transform-sampler" target="Bip01_L_Calf/transform"/>
    </animation>
    <animation id="Bip01_L_Foot_matrix">
      <source id="Bip01_L_Foot_matrix_Bip01_L_Foot_transform-input">
        <float_array id="Bip01_L_Foot_matrix_Bip01_L_Foot_transform-input-array" count="61">0 0.033333 0.066667 0.100000 0.133333 0.166667 0.200000 0.233333 0.266667 0.300000 0.333333 0.366667 0.400000 0.433333 0.466667 0.500000 0.533333 0.566667 0.600000 0.633333 0.666667 0.700000 0.733334 0.766667 0.800000 0.833334 0.866667 0.900000 0.933334 0.966667 1.000000 1.033334 1.066667 1.100000 1.133334 1.166667 1.200000 1.233333 1.266667 1.300000 1.333333 1.366667 1.400000 1.433333 1.466667 1.500000 1.533333 1.566666 1.600000 1.633333 1.666666 1.700000 1.733333 1.766666 1.800000 1.833333 1.866666 1.899999 1.933333 1.966666 1.999999</float_array>
        <technique_common>
          <accessor source="#Bip01_L_Foot_matrix_Bip01_L_Foot_transform-input-array" count="61" stride="1">
            <param name="TIME" type="float"/>
          </accessor>
        </technique_common>
        <technique profile="MAYA">
          <pre_infinity>CONSTANT</pre_infinity>
          <post_infinity>CONSTANT</post_infinity>
        </technique>
      </source>
      <source id="Bip01_L_Foot_matrix_Bip01_L_Foot_transform-output">
        <float_array id="Bip01_L_Foot_matrix_Bip01_L_Foot_transform-output-array" count="976">0.787223 -0.593381 -0.167868 0.961470 0.584046 0.804787 -0.105865 0 0.197916 -0.014703 0.980109 0 0 0 0 1.000000 0.787781 -0.592446 -0.168552 0.961470 0.582784 0.805496 -0.107423 0 0.199411 -0.013603 0.979822 0 0 0 0 1.000000 0.788760 -0.591021 -0.168976 0.961470 0.580725 0.806581 -0.110391 0 0.201536 -0.011057 0.979419 0 0 0 0 1.000000 0.789931 -0.589102 -0.170198 0.961471 0.578296 0.808004 -0.112708 -0.000000 0.203917 -0.009394 0.978943 0 0 0 0 1.000000 0.791377 -0.586704 -0.171756 0.961470 0.575338 0.809765 -0.115183 -0.000000 0.206660 -0.007665 0.978383 0.000000 0 0 0 1.000000 0.793101 -0.583823 -0.173615 0.961470 0.571841 0.811860 -0.117818 0 0.209735 -0.005839 0.977741 0 0 0 0 1.000000 0.795100 -0.580451 -0.175761 0.961470 0.567804 0.814286 -0.120572 0 0.213106 -0.003931 0.977021 0 0 0 0 1.000000 0.797378 -0.576577 -0.178176 0.961470 0.563217 0.817040 -0.123418 0 0.216737 -0.001940 0.976228 0 0 0 0 1.000000 0.799942 -0.572186 -0.180820 0.961470 0.558056 0.820123 -0.126373 0.000000 0.220604 0.000183 0.975363 0 0 0 0 1.000000 0.802796 -0.567259 -0.183672 0.961470 0.552304 0.823536 -0.129418 -0.000000 0.224674 0.002454 0.974431 0 0 0 0 1.000000 0.805932 -0.561778 -0.186760 0.961470 0.545967 0.827274 -0.132429 0 0.228898 0.004764 0.973439 0 0 0 0 1.000000 0.809325 -0.555764 -0.190051 0.961470 0.539078 0.831310 -0.135347 -0.000000 0.233212 0.007087 0.972400 0 0 0 0 1.000000 0.813037 -0.549083 -0.193594 0.961471 0.531494 0.835715 -0.138184 0 0.237663 0.009455 0.971302 0 0 0 0 1.000000 0.816995 -0.541838 -0.197310 0.961470 0.523345 0.840400 -0.140846 -0.000000 0.242135 0.011809 0.970171 0.000000 0 0 0 1.000000 0.821209 -0.533979 -0.201204 0.961470 0.514583 0.845380 -0.143311 0 0.246619 0.014152 0.969009 0 0 0 0 1.000000 0.825665 -0.525497 -0.205258 0.961470 0.505209 0.850636 -0.145542 -0.000000 0.251082 0.016470 0.967826 0.000000 0 0 0 1.000000 0.830343 -0.516392 -0.209451 0.961470 0.495233 0.856147 -0.147501 -0.000000 0.255490 0.018750 0.966630 0 0 0 0 1.000000 0.835220 -0.506670 -0.213758 0.961470 0.484671 0.861885 -0.149157 0 0.259809 0.020977 0.965432 0 0 0 0 1.000000 0.840266 -0.496349 -0.218152 0.961470 0.473554 0.867814 -0.150480 -0.000000 0.264006 0.023136 0.964244 0 0 0 0 1.000000 0.845444 -0.485463 -0.222600 0.961471 0.461925 0.873894 -0.151445 -0.000000 0.268049 0.025214 0.963075 -0.000000 0 0 0 1.000000 0.850710 -0.474061 -0.227063 0.961470 0.449844 0.880072 -0.152034 0 0.271905 0.027194 0.961940 0 0 0 0 1.000000 0.856014 -0.462222 -0.231499 0.961470 0.437398 0.886288 -0.152238 -0.000000 0.275543 0.029061 0.960850 -0.000000 0 0 0 1.000000 0.861259 -0.450131 -0.235829 0.961470 0.424786 0.892431 -0.152063 0 0.278910 0.030789 0.959824 0 0 0 0 1.000000 0.866467 -0.437720 -0.240073 0.961470 0.411934 0.898527 -0.151521 0.000000 0.282036 0.032394 0.958857 0 0 0 0 1.000000 0.871451 -0.425439 -0.244079 0.961470 0.399306 0.904355 -0.150657 -0.000000 0.284829 0.033828 0.957981 0 0 0 0 1.000000 0.876128 -0.413522 -0.247789 0.961470 0.387131 0.909818 -0.149536 0 0.287279 0.035086 0.957204 0 0 0 0 1.000000 0.880362 -0.402381 -0.251102 0.961470 0.375815 0.914758 -0.148257 0.000000 0.289354 0.036151 0.956540 0 0 0 0 1.000000 0.883990 -0.392549 -0.253905 0.961470 0.365880 0.918986 -0.146955 0.000000 0.291022 0.037008 0.956000 0 0 0 0 1.000000 0.886818 -0.384687 -0.256065 0.961470 0.357969 0.922279 -0.145805 -0.000000 0.292253 0.037639 0.955600 0 0 0 0 1.000000 0.888646 -0.379512 -0.257449 0.961470 0.352777 0.924405 -0.144997 0.000000 0.293015 0.038030 0.955351 0 0 0 0 1.000000 0.889286 -0.377679 -0.257931 0.961470 0.350941 0.925150 -0.144702 -0.000000 0.293276 0.038163 0.955266 0 0 0 0 1.000000 0.888645 -0.379513 -0.257448 0.961470 0.352778 0.924405 -0.144998 0.000000 0.293015 0.038030 0.955351 0 0 0 0 1.000000 0.886818 -0.384687 -0.256065 0.961470 0.357969 0.922279 -0.145805 -0.000000 0.292253 0.037639 0.955600 -0.000000 0 0 0 1.000000 0.883991 -0.392546 -0.253905 0.961470 0.365878 0.918988 -0.146954 0 0.291022 0.037007 0.956000 0 0 0 0 1.000000 0.880364 -0.402375 -0.251104 0.961470 0.375810 0.914761 -0.148255 0.000000 0.289354 0.036151 0.956539 -0.000000 0 0 0 1.000000 0.876131 -0.413514 -0.247791 0.961470 0.387123 0.909822 -0.149533 0 0.287279 0.035085 0.957204 0 0 0 0 1.000000 0.871454 -0.425431 -0.244082 0.961470 0.399298 0.904359 -0.150654 0 0.284830 0.033827 0.957981 0 0 0 0 1.000000 0.866471 -0.437712 -0.240076 0.961470 0.411926 0.898532 -0.151517 0 0.282037 0.032392 0.958857 0 0 0 0 1.000000 0.861295 -0.450045 -0.235860 0.961471 0.424697 0.892475 -0.152056 -0.000000 0.278931 0.030796 0.959817 0 0 0 0 1.000000 0.856018 -0.462212 -0.231504 0.961471 0.437389 0.886294 -0.152232 0 0.275544 0.029056 0.960849 0 0 0 0 1.000000 0.850715 -0.474052 -0.227068 0.961470 0.449835 0.880077 -0.152027 0 0.271906 0.027188 0.961940 0 0 0 0 1.000000 0.845448 -0.485453 -0.222604 0.961470 0.461917 0.873900 -0.151436 -0.000000 0.268049 0.025206 0.963076 0 0 0 0 1.000000 0.840270 -0.496340 -0.218158 0.961470 0.473548 0.867820 -0.150470 0 0.264006 0.023127 0.964244 0 0 0 0 1.000000 0.835225 -0.506660 -0.213765 0.961471 0.484664 0.861891 -0.149145 -0.000000 0.259808 0.020966 0.965433 0 0 0 0 1.000000 0.830378 -0.516322 -0.209486 0.961470 0.495161 0.856189 -0.147499 -0.000000 0.255516 0.018751 0.966623 0 0 0 0 1.000000 0.825669 -0.525486 -0.205268 0.961470 0.505202 0.850643 -0.145525 -0.000000 0.251081 0.016454 0.967826 0 0 0 0 1.000000 0.821214 -0.533967 -0.201215 0.961470 0.514576 0.845387 -0.143291 0 0.246617 0.014133 0.969010 0 0 0 0 1.000000 0.817000 -0.541826 -0.197322 0.961470 0.523338 0.840408 -0.140823 -0.000000 0.242132 0.011786 0.970172 -0.000000 0 0 0 1.000000 0.813042 -0.549071 -0.193607 0.961470 0.531489 0.835723 -0.138157 0 0.237660 0.009427 0.971303 0 0 0 0 1.000000 0.809352 -0.555711 -0.190088 0.961470 0.539027 0.831345 -0.135335 0 0.233235 0.007071 0.972395 0 0 0 0 1.000000 0.805938 -0.561764 -0.186778 0.961470 0.545961 0.827284 -0.132395 0 0.228893 0.004729 0.973440 0 0 0 0 1.000000 0.802801 -0.567245 -0.183691 0.961470 0.552298 0.823545 -0.129381 0.000000 0.224669 0.002415 0.974432 -0.000000 0 0 0 1.000000 0.799947 -0.572173 -0.180841 0.961470 0.558052 0.820133 -0.126332 0.000000 0.220598 0.000140 0.975365 0 0 0 0 1.000000 0.797373 -0.576564 -0.178240 0.961471 0.563232 0.817049 -0.123291 0 0.216716 -0.002082 0.976232 -0.000000 0 0 0 1.000000 0.795079 -0.580438 -0.175899 0.961470 0.567851 0.814293 -0.120298 0.000000 0.213059 -0.004238 0.977030 0 0 0 0 1.000000 0.793064 -0.583808 -0.173832 0.961470 0.571919 0.811867 -0.117393 -0.000000 0.209664 -0.006318 0.977753 0 0 0 0 1.000000 0.791325 -0.586688 -0.172051 0.961470 0.575443 0.809771 -0.114616 -0.000000 0.206566 -0.008307 0.978397 0 0 0 0 1.000000 0.789864 -0.589085 -0.170568 0.961470 0.578429 0.808007 -0.112004 -0.000000 0.203800 -0.010194 0.978959 0 0 0 0 1.000000 0.788684 -0.591000 -0.169399 0.961470 0.580874 0.806583 -0.109592 0 0.201403 -0.011966 0.979435 0 0 0 0 1.000000 0.787790 -0.592431 -0.168558 0.961470 0.582771 0.805506 -0.107416 0 0.199411 -0.013609 0.979822 0 0 0 0 1.000000 0.787196 -0.593363 -0.168060 0.961471 0.584103 0.804794 -0.105507 0 0.197857 -0.015110 0.980114 0 0 0 0 1.000000</float_array>
        <technique_common>
          <accessor source="#Bip01_L_Foot_matrix_Bip01_L_Foot_transform-output-array" count="61" stride="16">
            <param name="TRANSFORM" type="float4x4"/>
          </accessor>
        </technique_common>
      </source>
      <source id="Bip01_L_Foot_matrix_Bip01_L_Foot_transform-interpolations">
        <Name_array id="Bip01_L_Foot_matrix_Bip01_L_Foot_transform-interpolations-array" count="61">LINEAR LINEAR LINEAR LINEAR LINEAR LINEAR LINEAR LINEAR LINEAR LINEAR LINEAR LINEAR LINEAR LINEAR LINEAR LINEAR LINEAR LINEAR LINEAR LINEAR LINEAR LINEAR LINEAR LINEAR LINEAR LINEAR LINEAR LINEAR LINEAR LINEAR LINEAR LINEAR LINEAR LINEAR LINEAR LINEAR LINEAR LINEAR LINEAR LINEAR LINEAR LINEAR LINEAR LINEAR LINEAR LINEAR LINEAR LINEAR LINEAR LINEAR LINEAR LINEAR LINEAR LINEAR LINEAR LINEAR LINEAR LINEAR LINEAR LINEAR LINEAR</Name_array>
        <technique_common>
          <accessor source="#Bip01_L_Foot_matrix_Bip01_L_Foot_transform-interpolations-array" count="61" stride="1">
            <param name="INTERPOLATION" type="Name"/>
          </accessor>
        </technique_common>
      </source>
      <sampler id="Bip01_L_Foot_matrix_Bip01_L_Foot_transform-sampler">
        <input semantic="INPUT" source="#Bip01_L_Foot_matrix_Bip01_L_Foot_transform-input"/>
        <input semantic="OUTPUT" source="#Bip01_L_Foot_matrix_Bip01_L_Foot_transform-output"/>
        <input semantic="INTERPOLATION" source="#Bip01_L_Foot_matrix_Bip01_L_Foot_transform-interpolations"/>
      </sampler>
      <channel source="#Bip01_L_Foot_matrix_Bip01_L_Foot_transform-sampler" target="Bip01_L_Foot/transform"/>
    </animation>
    <animation id="Bip01_R_Thigh_matrix">
      <source id="Bip01_R_Thigh_matrix_Bip01_R_Thigh_transform-input">
        <float_array id="Bip01_R_Thigh_matrix_Bip01_R_Thigh_transform-input-array" count="61">0 0.033333 0.066667 0.100000 0.133333 0.166667 0.200000 0.233333 0.266667 0.300000 0.333333 0.366667 0.400000 0.433333 0.466667 0.500000 0.533333 0.566667 0.600000 0.633333 0.666667 0.700000 0.733334 0.766667 0.800000 0.833334 0.866667 0.900000 0.933334 0.966667 1.000000 1.033334 1.066667 1.100000 1.133334 1.166667 1.200000 1.233333 1.266667 1.300000 1.333333 1.366667 1.400000 1.433333 1.466667 1.500000 1.533333 1.566666 1.600000 1.633333 1.666666 1.700000 1.733333 1.766666 1.800000 1.833333 1.866666 1.899999 1.933333 1.966666 1.999999</float_array>
        <technique_common>
          <accessor source="#Bip01_R_Thigh_matrix_Bip01_R_Thigh_transform-input-array" count="61" stride="1">
            <param name="TIME" type="float"/>
          </accessor>
        </technique_common>
        <technique profile="MAYA">
          <pre_infinity>CONSTANT</pre_infinity>
          <post_infinity>CONSTANT</post_infinity>
        </technique>
      </source>
      <source id="Bip01_R_Thigh_matrix_Bip01_R_Thigh_transform-output">
        <float_array id="Bip01_R_Thigh_matrix_Bip01_R_Thigh_transform-output-array" count="976">0.332499 0.942424 0.035804 -0.559402 0.917485 -0.314446 -0.243608 0.167699 -0.218323 0.113849 -0.969213 -0.498667 0 0 0 1.000000 0.331842 0.942656 0.035776 -0.559402 0.917937 -0.313935 -0.242563 0.167699 -0.217422 0.113332 -0.969476 -0.498667 0 0 0 1.000000 0.330447 0.943148 0.035717 -0.559403 0.918637 -0.312715 -0.241484 0.167699 -0.216586 0.112609 -0.969747 -0.498667 0 0 0 1.000000 0.328353 0.943882 0.035653 -0.559403 0.919573 -0.310817 -0.240372 0.167699 -0.215801 0.111713 -0.970026 -0.498667 0 0 0 1.000000 0.325599 0.944838 0.035583 -0.559402 0.920725 -0.308280 -0.239226 0.167699 -0.215060 0.110654 -0.970312 -0.498667 0 0 0 1.000000 0.322219 0.945999 0.035505 -0.559402 0.922076 -0.305137 -0.238048 0.167698 -0.214359 0.109442 -0.970604 -0.498667 0 0 0 1.000000 0.318251 0.947345 0.035418 -0.559402 0.923608 -0.301422 -0.236841 0.167698 -0.213694 0.108087 -0.970903 -0.498667 0 0 0 1.000000 0.313727 0.948856 0.035322 -0.559403 0.925301 -0.297169 -0.235605 0.167699 -0.213059 0.106599 -0.971207 -0.498667 0 0 0 1.000000 0.308686 0.950512 0.035215 -0.559402 0.927134 -0.292412 -0.234345 0.167699 -0.212450 0.104988 -0.971515 -0.498667 0 0 0 1.000000 0.303166 0.952291 0.035098 -0.559402 0.929088 -0.287189 -0.233064 0.167699 -0.211865 0.103266 -0.971828 -0.498667 0 0 0 1.000000 0.297207 0.954172 0.034968 -0.559402 0.931139 -0.281539 -0.231765 0.167699 -0.211298 0.101443 -0.972143 -0.498667 0 0 0 1.000000 0.290896 0.956120 0.034829 -0.559402 0.933254 -0.275544 -0.230461 0.167699 -0.210752 0.099544 -0.972458 -0.498667 0 0 0 1.000000 0.284158 0.958150 0.034676 -0.559402 0.935449 -0.269133 -0.229133 0.167699 -0.210212 0.097547 -0.972777 -0.498667 0 0 0 1.000000 0.277167 0.960202 0.034512 -0.559402 0.937662 -0.262473 -0.227812 0.167698 -0.209687 0.095503 -0.973093 -0.498667 0 0 0 1.000000 0.269939 0.962265 0.034338 -0.559402 0.939883 -0.255578 -0.226495 0.167698 -0.209172 0.093414 -0.973407 -0.498667 0 0 0 1.000000 0.262534 0.964318 0.034155 -0.559402 0.942090 -0.248507 -0.225189 0.167698 -0.208666 0.091297 -0.973716 -0.498667 0 0 0 1.000000 0.255017 0.966340 0.033963 -0.559402 0.944263 -0.241322 -0.223902 0.167698 -0.208170 0.089169 -0.974020 -0.498667 0 0 0 1.000000 0.247457 0.968311 0.033764 -0.559402 0.946379 -0.234089 -0.222642 0.167699 -0.207683 0.087048 -0.974316 -0.498667 0 0 0 1.000000 0.239926 0.970211 0.033561 -0.559402 0.948420 -0.226878 -0.221417 0.167699 -0.207207 0.084954 -0.974602 -0.498667 0 0 0 1.000000 0.232503 0.972024 0.033356 -0.559402 0.950368 -0.219765 -0.220235 0.167699 -0.206743 0.082906 -0.974876 -0.498667 0 0 0 1.000000 0.225265 0.973733 0.033152 -0.559402 0.952207 -0.212825 -0.219107 0.167699 -0.206296 0.080924 -0.975137 -0.498667 0 0 0 1.000000 0.218298 0.975326 0.032951 -0.559403 0.953920 -0.206141 -0.218041 0.167699 -0.205868 0.079030 -0.975383 -0.498667 0 0 0 1.000000 0.211726 0.976780 0.032757 -0.559402 0.955487 -0.199832 -0.217052 0.167699 -0.205466 0.077255 -0.975610 -0.498667 0 0 0 1.000000 0.205519 0.978111 0.032572 -0.559402 0.956923 -0.193869 -0.216133 0.167699 -0.205087 0.075588 -0.975820 -0.498667 0 0 0 1.000000 0.199885 0.979284 0.032402 -0.559402 0.958189 -0.188455 -0.215311 0.167699 -0.204745 0.074084 -0.976008 -0.498667 0 0 0 1.000000 0.194874 0.980298 0.032249 -0.559402 0.959285 -0.183637 -0.214590 0.167699 -0.204441 0.072754 -0.976172 -0.498667 0 0 0 1.000000 0.190579 0.981146 0.032116 -0.559402 0.960203 -0.179506 -0.213980 0.167698 -0.204181 0.071618 -0.976310 -0.498667 0 0 0 1.000000 0.187087 0.981822 0.032009 -0.559402 0.960934 -0.176147 -0.213490 0.167699 -0.203971 0.070699 -0.976421 -0.498667 0 0 0 1.000000 0.184490 0.982316 0.031928 -0.559403 0.961469 -0.173647 -0.213130 0.167699 -0.203816 0.070018 -0.976502 -0.498667 0 0 0 1.000000 0.182872 0.982620 0.031879 -0.559403 0.961798 -0.172089 -0.212907 0.167699 -0.203721 0.069595 -0.976552 -0.498667 0 0 0 1.000000 0.182314 0.982724 0.031861 -0.559402 0.961911 -0.171553 -0.212831 0.167698 -0.203688 0.069450 -0.976569 -0.498667 0 0 0 1.000000 0.182872 0.982620 0.031878 -0.559403 0.961798 -0.172089 -0.212907 0.167699 -0.203721 0.069595 -0.976552 -0.498667 0 0 0 1.000000 0.184490 0.982316 0.031928 -0.559403 0.961469 -0.173647 -0.213130 0.167699 -0.203816 0.070018 -0.976502 -0.498667 0 0 0 1.000000 0.187087 0.981822 0.032007 -0.559402 0.960934 -0.176147 -0.213490 0.167699 -0.203972 0.070698 -0.976421 -0.498667 0 0 0 1.000000 0.190579 0.981146 0.032113 -0.559402 0.960203 -0.179507 -0.213981 0.167698 -0.204182 0.071616 -0.976310 -0.498667 0 0 0 1.000000 0.194874 0.980298 0.032243 -0.559402 0.959285 -0.183639 -0.214592 0.167699 -0.204443 0.072749 -0.976172 -0.498667 0 0 0 1.000000 0.199884 0.979284 0.032393 -0.559402 0.958188 -0.188456 -0.215313 0.167699 -0.204748 0.074076 -0.976008 -0.498667 0 0 0 1.000000 0.205519 0.978111 0.032559 -0.559402 0.956922 -0.193872 -0.216136 0.167699 -0.205093 0.075576 -0.975820 -0.498667 0 0 0 1.000000 0.211686 0.976789 0.032737 -0.559402 0.955495 -0.199797 -0.217050 0.167699 -0.205471 0.077227 -0.975611 -0.498667 0 0 0 1.000000 0.218298 0.975327 0.032925 -0.559403 0.953918 -0.206146 -0.218045 0.167699 -0.205878 0.079006 -0.975383 -0.498667 0 0 0 1.000000 0.225266 0.973734 0.033118 -0.559402 0.952204 -0.212833 -0.219113 0.167699 -0.206309 0.080894 -0.975137 -0.498667 0 0 0 1.000000 0.232503 0.972025 0.033314 -0.559402 0.950365 -0.219773 -0.220242 0.167699 -0.206759 0.082868 -0.974876 -0.498667 0 0 0 1.000000 0.239927 0.970212 0.033511 -0.559402 0.948416 -0.226889 -0.221425 0.167699 -0.207226 0.084908 -0.974602 -0.498667 0 0 0 1.000000 0.247457 0.968312 0.033704 -0.559402 0.946374 -0.234101 -0.222651 0.167699 -0.207706 0.086993 -0.974315 -0.498667 0 0 0 1.000000 0.254971 0.966355 0.033890 -0.559402 0.944270 -0.241291 -0.223905 0.167699 -0.208194 0.089091 -0.974022 -0.498667 0 0 0 1.000000 0.262535 0.964321 0.034073 -0.559402 0.942083 -0.248524 -0.225201 0.167698 -0.208698 0.091222 -0.973716 -0.498667 0 0 0 1.000000 0.269940 0.962268 0.034245 -0.559402 0.939875 -0.255597 -0.226507 0.167698 -0.209208 0.093329 -0.973407 -0.498667 0 0 0 1.000000 0.277168 0.960205 0.034408 -0.559402 0.937653 -0.262495 -0.227825 0.167698 -0.209727 0.095409 -0.973094 -0.498667 0 0 0 1.000000 0.284159 0.958154 0.034560 -0.559402 0.935439 -0.269157 -0.229147 0.167698 -0.210256 0.097443 -0.972778 -0.498667 0 0 0 1.000000 0.290857 0.956137 0.034702 -0.559403 0.933256 -0.275532 -0.230466 0.167699 -0.210796 0.099419 -0.972461 -0.498667 0 0 0 1.000000 0.297209 0.954177 0.034832 -0.559402 0.931127 -0.281568 -0.231778 0.167699 -0.211350 0.101320 -0.972145 -0.498667 0 0 0 1.000000 0.303168 0.952296 0.034951 -0.559402 0.929074 -0.287221 -0.233077 0.167699 -0.211920 0.103134 -0.971830 -0.498667 0 0 0 1.000000 0.308689 0.950517 0.035060 -0.559402 0.927120 -0.292446 -0.234358 0.167699 -0.212508 0.104848 -0.971518 -0.498667 0 0 0 1.000000 0.313730 0.948861 0.035158 -0.559403 0.925286 -0.297204 -0.235618 0.167699 -0.213120 0.106452 -0.971210 -0.498667 0 0 0 1.000000 0.318253 0.947351 0.035247 -0.559403 0.923592 -0.301460 -0.236853 0.167698 -0.213757 0.107933 -0.970906 -0.498667 0 0 0 1.000000 0.322222 0.946005 0.035327 -0.559402 0.922060 -0.305176 -0.238060 0.167698 -0.214425 0.109282 -0.970608 -0.498667 0 0 0 1.000000 0.325601 0.944844 0.035399 -0.559402 0.920708 -0.308321 -0.239238 0.167699 -0.215128 0.110489 -0.970316 -0.498667 0 0 0 1.000000 0.328356 0.943888 0.035465 -0.559403 0.919556 -0.310859 -0.240383 0.167699 -0.215870 0.111543 -0.970030 -0.498667 0 0 0 1.000000 0.330450 0.943155 0.035525 -0.559403 0.918620 -0.312758 -0.241496 0.167699 -0.216657 0.112437 -0.969751 -0.498667 0 0 0 1.000000 0.331845 0.942663 0.035581 -0.559402 0.917919 -0.313979 -0.242573 0.167699 -0.217493 0.113158 -0.969480 -0.498667 0 0 0 1.000000 0.332501 0.942429 0.035634 -0.559402 0.917470 -0.314484 -0.243617 0.167699 -0.218385 0.113696 -0.969217 -0.498667 0 0 0 1.000000</float_array>
        <technique_common>
          <accessor source="#Bip01_R_Thigh_matrix_Bip01_R_Thigh_transform-output-array" count="61" stride="16">
            <param name="TRANSFORM" type="float4x4"/>
          </accessor>
        </technique_common>
      </source>
      <source id="Bip01_R_Thigh_matrix_Bip01_R_Thigh_transform-interpolations">
        <Name_array id="Bip01_R_Thigh_matrix_Bip01_R_Thigh_transform-interpolations-array" count="61">LINEAR LINEAR LINEAR LINEAR LINEAR LINEAR LINEAR LINEAR LINEAR LINEAR LINEAR LINEAR LINEAR LINEAR LINEAR LINEAR LINEAR LINEAR LINEAR LINEAR LINEAR LINEAR LINEAR LINEAR LINEAR LINEAR LINEAR LINEAR LINEAR LINEAR LINEAR LINEAR LINEAR LINEAR LINEAR LINEAR LINEAR LINEAR LINEAR LINEAR LINEAR LINEAR LINEAR LINEAR LINEAR LINEAR LINEAR LINEAR LINEAR LINEAR LINEAR LINEAR LINEAR LINEAR LINEAR LINEAR LINEAR LINEAR LINEAR LINEAR LINEAR</Name_array>
        <technique_common>
          <accessor source="#Bip01_R_Thigh_matrix_Bip01_R_Thigh_transform-interpolations-array" count="61" stride="1">
            <param name="INTERPOLATION" type="Name"/>
          </accessor>
        </technique_common>
      </source>
      <sampler id="Bip01_R_Thigh_matrix_Bip01_R_Thigh_transform-sampler">
        <input semantic="INPUT" source="#Bip01_R_Thigh_matrix_Bip01_R_Thigh_transform-input"/>
        <input semantic="OUTPUT" source="#Bip01_R_Thigh_matrix_Bip01_R_Thigh_transform-output"/>
        <input semantic="INTERPOLATION" source="#Bip01_R_Thigh_matrix_Bip01_R_Thigh_transform-interpolations"/>
      </sampler>
      <channel source="#Bip01_R_Thigh_matrix_Bip01_R_Thigh_transform-sampler" target="Bip01_R_Thigh/transform"/>
    </animation>
    <animation id="Bip01_R_Calf_matrix">
      <source id="Bip01_R_Calf_matrix_Bip01_R_Calf_transform-input">
        <float_array id="Bip01_R_Calf_matrix_Bip01_R_Calf_transform-input-array" count="61">0 0.033333 0.066667 0.100000 0.133333 0.166667 0.200000 0.233333 0.266667 0.300000 0.333333 0.366667 0.400000 0.433333 0.466667 0.500000 0.533333 0.566667 0.600000 0.633333 0.666667 0.700000 0.733334 0.766667 0.800000 0.833334 0.866667 0.900000 0.933334 0.966667 1.000000 1.033334 1.066667 1.100000 1.133334 1.166667 1.200000 1.233333 1.266667 1.300000 1.333333 1.366667 1.400000 1.433333 1.466667 1.500000 1.533333 1.566666 1.600000 1.633333 1.666666 1.700000 1.733333 1.766666 1.800000 1.833333 1.866666 1.899999 1.933333 1.966666 1.999999</float_array>
        <technique_common>
          <accessor source="#Bip01_R_Calf_matrix_Bip01_R_Calf_transform-input-array" count="61" stride="1">
            <param name="TIME" type="float"/>
          </accessor>
        </technique_common>
        <technique profile="MAYA">
          <pre_infinity>CONSTANT</pre_infinity>
          <post_infinity>CONSTANT</post_infinity>
        </technique>
      </source>
      <source id="Bip01_R_Calf_matrix_Bip01_R_Calf_transform-output">
        <float_array id="Bip01_R_Calf_matrix_Bip01_R_Calf_transform-output-array" count="976">0.640036 0.768345 0 1.191516 -0.768345 0.640036 0 0 0 0 1.000000 0 0 0 0 1.000000 0.638905 0.769286 0 1.191516 -0.769286 0.638905 0 0 0 0 1.000000 0 0 0 0 1.000000 0.637488 0.770460 0 1.191516 -0.770460 0.637488 0 0 0 0 1.000000 0 0 0 0 1.000000 0.635835 0.771825 0 1.191517 -0.771825 0.635835 0 0 0 0 1.000000 0 0 0 0 1.000000 0.633994 0.773338 0 1.191516 -0.773338 0.633994 0 0 0 0 1.000000 0 0 0 0 1.000000 0.632016 0.774955 0 1.191517 -0.774955 0.632016 0 -0.000000 0 0 1.000000 -0.000000 0 0 0 1.000000 0.629955 0.776632 0 1.191517 -0.776632 0.629955 0 0 0 0 1.000000 0 0 0 0 1.000000 0.627864 0.778323 0 1.191516 -0.778323 0.627864 0 0 0 0 1.000000 0 0 0 0 1.000000 0.625796 0.779987 0 1.191516 -0.779987 0.625796 0 0 0 0 1.000000 0 0 0 0 1.000000 0.623798 0.781586 0 1.191516 -0.781585 0.623798 0 0 0 0 1.000000 0 0 0 0 1.000000 0.621914 0.783085 0 1.191516 -0.783085 0.621914 0 0 0 0 1.000000 0 0 0 0 1.000000 0.620194 0.784448 0 1.191516 -0.784448 0.620194 0 0 0 0 1.000000 0.000000 0 0 0 1.000000 0.618640 0.785674 0 1.191516 -0.785674 0.618640 0 0 0 0 1.000000 0 0 0 0 1.000000 0.617309 0.786721 0 1.191517 -0.786721 0.617309 0 0 0 0 1.000000 0.000000 0 0 0 1.000000 0.616210 0.787582 0 1.191516 -0.787582 0.616210 0 0.000000 0 0 1.000000 0 0 0 0 1.000000 0.615355 0.788250 0 1.191517 -0.788250 0.615355 0 0 0 0 1.000000 -0.000000 0 0 0 1.000000 0.614750 0.788722 0 1.191516 -0.788722 0.614749 0 0.000000 0 0 1.000000 0 0 0 0 1.000000 0.614391 0.789001 0 1.191516 -0.789001 0.614391 0 0 0 0 1.000000 0 0 0 0 1.000000 0.614268 0.789098 0 1.191516 -0.789098 0.614268 0 0 0 0 1.000000 0 0 0 0 1.000000 0.614361 0.789025 0 1.191517 -0.789025 0.614361 0 0 0 0 1.000000 0 0 0 0 1.000000 0.614650 0.788800 0 1.191516 -0.788800 0.614650 0 0 0 0 1.000000 0 0 0 0 1.000000 0.615101 0.788448 0 1.191516 -0.788448 0.615101 0 0.000000 0 0 1.000000 0 0 0 0 1.000000 0.615679 0.787997 0 1.191516 -0.787997 0.615679 0 0 0 0 1.000000 0.000000 0 0 0 1.000000 0.616353 0.787470 0 1.191516 -0.787470 0.616353 0 0 0 0 1.000000 0 0 0 0 1.000000 0.617069 0.786909 0 1.191517 -0.786909 0.617069 0 0 0 0 1.000000 0 0 0 0 1.000000 0.617788 0.786345 0 1.191517 -0.786345 0.617788 0 0 0 0 1.000000 0 0 0 0 1.000000 0.618463 0.785814 0 1.191516 -0.785814 0.618463 0 0 0 0 1.000000 0 0 0 0 1.000000 0.619053 0.785349 0 1.191517 -0.785349 0.619053 0 0 0 0 1.000000 0 0 0 0 1.000000 0.619514 0.784986 0 1.191516 -0.784985 0.619514 0 0.000000 0 0 1.000000 0 0 0 0 1.000000 0.619811 0.784751 0 1.191517 -0.784751 0.619811 0 0 0 0 1.000000 -0.000000 0 0 0 1.000000 0.619916 0.784669 0 1.191516 -0.784668 0.619916 0 0.000000 0 0 1.000000 0 0 0 0 1.000000 0.619811 0.784751 0 1.191517 -0.784751 0.619811 0 0 0 0 1.000000 0 0 0 0 1.000000 0.619514 0.784985 0 1.191517 -0.784985 0.619514 0 0.000000 0 0 1.000000 0 0 0 0 1.000000 0.619053 0.785349 0 1.191516 -0.785349 0.619053 0 0 0 0 1.000000 -0.000000 0 0 0 1.000000 0.618463 0.785814 0 1.191517 -0.785814 0.618463 0 0 0 0 1.000000 0 0 0 0 1.000000 0.617788 0.786345 0 1.191516 -0.786345 0.617788 0 0.000000 0 0 1.000000 0 0 0 0 1.000000 0.617069 0.786909 0 1.191516 -0.786909 0.617069 0 0 0 0 1.000000 0 0 0 0 1.000000 0.616353 0.787470 0 1.191516 -0.787470 0.616352 0 0.000000 0 0 1.000000 0.000000 0 0 0 1.000000 0.615682 0.787995 0 1.191517 -0.787995 0.615682 0 0 0 0 1.000000 0 0 0 0 1.000000 0.615101 0.788448 0 1.191516 -0.788448 0.615101 0 0.000000 0 0 1.000000 0 0 0 0 1.000000 0.614649 0.788800 0 1.191516 -0.788800 0.614649 0 0.000000 0 0 1.000000 0 0 0 0 1.000000 0.614361 0.789025 0 1.191517 -0.789025 0.614361 0 0 0 0 1.000000 0 0 0 0 1.000000 0.614267 0.789099 0 1.191517 -0.789099 0.614267 0 0 0 0 1.000000 0 0 0 0 1.000000 0.614392 0.789001 0 1.191517 -0.789001 0.614392 0 0 0 0 1.000000 0 0 0 0 1.000000 0.614747 0.788725 0 1.191516 -0.788725 0.614747 0 0.000000 0 0 1.000000 0 0 0 0 1.000000 0.615355 0.788250 0 1.191516 -0.788250 0.615355 0 0 0 0 1.000000 -0.000000 0 0 0 1.000000 0.616210 0.787582 0 1.191517 -0.787582 0.616210 0 0 0 0 1.000000 0 0 0 0 1.000000 0.617308 0.786721 0 1.191517 -0.786721 0.617308 0 0 0 0 1.000000 0 0 0 0 1.000000 0.618640 0.785674 0 1.191516 -0.785674 0.618640 0 -0.000000 0 0 1.000000 -0.000000 0 0 0 1.000000 0.620183 0.784457 0 1.191517 -0.784457 0.620183 0 0 0 0 1.000000 0 0 0 0 1.000000 0.621914 0.783085 0 1.191516 -0.783085 0.621914 0 0 0 0 1.000000 0 0 0 0 1.000000 0.623797 0.781586 0 1.191516 -0.781586 0.623797 0 0 0 0 1.000000 0 0 0 0 1.000000 0.625796 0.779987 0 1.191516 -0.779987 0.625795 0 0 0 0 1.000000 0 0 0 0 1.000000 0.627864 0.778323 0 1.191516 -0.778323 0.627864 0 0 0 0 1.000000 0 0 0 0 1.000000 0.629954 0.776632 0 1.191516 -0.776632 0.629954 0 0 0 0 1.000000 -0.000000 0 0 0 1.000000 0.632016 0.774956 0 1.191516 -0.774956 0.632016 0 0 0 0 1.000000 0 0 0 0 1.000000 0.633993 0.773338 0 1.191516 -0.773338 0.633993 0 0 0 0 1.000000 0 0 0 0 1.000000 0.635835 0.771825 0 1.191517 -0.771825 0.635835 0 0.000000 0 0 1.000000 0 0 0 0 1.000000 0.637488 0.770461 0 1.191517 -0.770460 0.637488 0 0 0 0 1.000000 0 0 0 0 1.000000 0.638903 0.769287 0 1.191516 -0.769287 0.638903 0 0 0 0 1.000000 0 0 0 0 1.000000 0.640036 0.768345 0 1.191516 -0.768345 0.640036 0 0.000000 0 0 1.000000 0 0 0 0 1.000000</float_array>
        <technique_common>
          <accessor source="#Bip01_R_Calf_matrix_Bip01_R_Calf_transform-output-array" count="61" stride="16">
            <param name="TRANSFORM" type="float4x4"/>
          </accessor>
        </technique_common>
      </source>
      <source id="Bip01_R_Calf_matrix_Bip01_R_Calf_transform-interpolations">
        <Name_array id="Bip01_R_Calf_matrix_Bip01_R_Calf_transform-interpolations-array" count="61">LINEAR LINEAR LINEAR LINEAR LINEAR LINEAR LINEAR LINEAR LINEAR LINEAR LINEAR LINEAR LINEAR LINEAR LINEAR LINEAR LINEAR LINEAR LINEAR LINEAR LINEAR LINEAR LINEAR LINEAR LINEAR LINEAR LINEAR LINEAR LINEAR LINEAR LINEAR LINEAR LINEAR LINEAR LINEAR LINEAR LINEAR LINEAR LINEAR LINEAR LINEAR LINEAR LINEAR LINEAR LINEAR LINEAR LINEAR LINEAR LINEAR LINEAR LINEAR LINEAR LINEAR LINEAR LINEAR LINEAR LINEAR LINEAR LINEAR LINEAR LINEAR</Name_array>
        <technique_common>
          <accessor source="#Bip01_R_Calf_matrix_Bip01_R_Calf_transform-interpolations-array" count="61" stride="1">
            <param name="INTERPOLATION" type="Name"/>
          </accessor>
        </technique_common>
      </source>
      <sampler id="Bip01_R_Calf_matrix_Bip01_R_Calf_transform-sampler">
        <input semantic="INPUT" source="#Bip01_R_Calf_matrix_Bip01_R_Calf_transform-input"/>
        <input semantic="OUTPUT" source="#Bip01_R_Calf_matrix_Bip01_R_Calf_transform-output"/>
        <input semantic="INTERPOLATION" source="#Bip01_R_Calf_matrix_Bip01_R_Calf_transform-interpolations"/>
      </sampler>
      <channel source="#Bip01_R_Calf_matrix_Bip01_R_Calf_transform-sampler" target="Bip01_R_Calf/transform"/>
    </animation>
    <animation id="Bip01_R_Foot_matrix">
      <source id="Bip01_R_Foot_matrix_Bip01_R_Foot_transform-input">
        <float_array id="Bip01_R_Foot_matrix_Bip01_R_Foot_transform-input-array" count="61">0 0.033333 0.066667 0.100000 0.133333 0.166667 0.200000 0.233333 0.266667 0.300000 0.333333 0.366667 0.400000 0.433333 0.466667 0.500000 0.533333 0.566667 0.600000 0.633333 0.666667 0.700000 0.733334 0.766667 0.800000 0.833334 0.866667 0.900000 0.933334 0.966667 1.000000 1.033334 1.066667 1.100000 1.133334 1.166667 1.200000 1.233333 1.266667 1.300000 1.333333 1.366667 1.400000 1.433333 1.466667 1.500000 1.533333 1.566666 1.600000 1.633333 1.666666 1.700000 1.733333 1.766666 1.800000 1.833333 1.866666 1.899999 1.933333 1.966666 1.999999</float_array>
        <technique_common>
          <accessor source="#Bip01_R_Foot_matrix_Bip01_R_Foot_transform-input-array" count="61" stride="1">
            <param name="TIME" type="float"/>
          </accessor>
        </technique_common>
        <technique profile="MAYA">
          <pre_infinity>CONSTANT</pre_infinity>
          <post_infinity>CONSTANT</post_infinity>
        </technique>
      </source>
      <source id="Bip01_R_Foot_matrix_Bip01_R_Foot_transform-output">
        <float_array id="Bip01_R_Foot_matrix_Bip01_R_Foot_transform-output-array" count="976">0.869886 -0.437805 0.227213 0.961470 0.427650 0.898951 0.094882 -0.000000 -0.245793 0.014631 0.969212 0 0 0 0 1.000000 0.869306 -0.439258 0.226629 0.961470 0.429565 0.898213 0.093207 0 -0.244502 0.016327 0.969511 0 0 0 0 1.000000 0.868430 -0.441553 0.225523 0.961470 0.432346 0.897054 0.091496 0 -0.242706 0.018046 0.969932 -0.000000 0 0 0 1.000000 0.867276 -0.444611 0.223948 0.961470 0.435914 0.895505 0.089721 0 -0.240438 0.019809 0.970462 0 0 0 0 1.000000 0.865866 -0.448347 0.221948 0.961470 0.440182 0.893598 0.087876 -0.000000 -0.237731 0.021609 0.971091 0 0 0 0 1.000000 0.864219 -0.452678 0.219565 0.961470 0.445061 0.891366 0.085950 0 -0.234620 0.023441 0.971804 0 0 0 0 1.000000 0.862355 -0.457518 0.216842 0.961470 0.450464 0.888840 0.083935 0 -0.231139 0.025298 0.972592 0 0 0 0 1.000000 0.860299 -0.462780 0.213822 0.961470 0.456300 0.886056 0.081823 -0.000000 -0.227324 0.027175 0.973440 0 0 0 0 1.000000 0.858072 -0.468383 0.210546 0.961470 0.462483 0.883047 0.079608 0 -0.223209 0.029065 0.974337 -0.000000 0 0 0 1.000000 0.855698 -0.474245 0.207058 0.961470 0.468929 0.879848 0.077285 0 -0.218831 0.030963 0.975271 0 0 0 0 1.000000 0.853201 -0.480289 0.203397 0.961470 0.475556 0.876495 0.074854 0 -0.214228 0.032862 0.976231 0 0 0 0 1.000000 0.850624 -0.486402 0.199628 0.961471 0.482247 0.873044 0.072332 0 -0.209466 0.034742 0.977198 0 0 0 0 1.000000 0.847944 -0.492632 0.195717 0.961470 0.489054 0.869466 0.069677 -0.000000 -0.204495 0.036634 0.978182 0 0 0 0 1.000000 0.845235 -0.498798 0.191775 0.961470 0.495782 0.865863 0.066946 0 -0.199443 0.038493 0.979153 0 0 0 0 1.000000 0.842509 -0.504880 0.187812 0.961470 0.502411 0.862247 0.064136 0.000000 -0.194322 0.040324 0.980109 0 0 0 0 1.000000 0.839792 -0.510825 0.183865 0.961470 0.508884 0.858652 0.061263 0.000000 -0.189171 0.042118 0.981040 0.000000 0 0 0 1.000000 0.837110 -0.516583 0.179967 0.961470 0.515149 0.855113 0.058347 0.000000 -0.184034 0.043867 0.981941 0 0 0 0 1.000000 0.834489 -0.522111 0.176150 0.961470 0.521158 0.851660 0.055411 0.000000 -0.178951 0.045562 0.982802 0.000000 0 0 0 1.000000 0.831951 -0.527371 0.172444 0.961470 0.526871 0.848324 0.052483 0.000000 -0.173966 0.047193 0.983620 0 0 0 0 1.000000 0.829520 -0.532330 0.168880 0.961470 0.532253 0.845132 0.049588 -0.000000 -0.169124 0.048752 0.984388 0 0 0 0 1.000000 0.827218 -0.536958 0.165486 0.961470 0.537271 0.842112 0.046761 0 -0.164467 0.050230 0.985103 0 0 0 0 1.000000 0.825064 -0.541232 0.162290 0.961470 0.541901 0.839288 0.044034 0 -0.160040 0.051615 0.985760 0 0 0 0 1.000000 0.823087 -0.545105 0.159336 0.961471 0.546093 0.836698 0.041457 0 -0.155914 0.052890 0.986354 0 0 0 0 1.000000 0.821269 -0.548629 0.156597 0.961470 0.549904 0.834316 0.039019 0 -0.152059 0.054068 0.986891 0 0 0 0 1.000000 0.819661 -0.551718 0.154154 0.961471 0.553242 0.832207 0.036805 0 -0.148594 0.055116 0.987361 0 0 0 0 1.000000 0.818262 -0.554381 0.152013 0.961470 0.556116 0.830374 0.034836 0 -0.145540 0.056032 0.987765 0 0 0 0 1.000000 0.817088 -0.556603 0.150200 0.961470 0.558511 0.828834 0.033148 0.000000 -0.142942 0.056803 0.988100 -0.000000 0 0 0 1.000000 0.816151 -0.558366 0.148743 0.961470 0.560411 0.827605 0.031778 0.000000 -0.140844 0.057422 0.988365 0.000000 0 0 0 1.000000 0.815463 -0.559655 0.147667 0.961471 0.561798 0.826702 0.030760 -0.000000 -0.139292 0.057876 0.988559 0 0 0 0 1.000000 0.815039 -0.560448 0.147001 0.961470 0.562651 0.826145 0.030126 0.000000 -0.138328 0.058156 0.988677 0.000000 0 0 0 1.000000 0.814894 -0.560719 0.146772 0.961470 0.562943 0.825955 0.029909 0 -0.137998 0.058252 0.988718 -0.000000 0 0 0 1.000000 0.815039 -0.560448 0.147001 0.961471 0.562652 0.826145 0.030126 0 -0.138328 0.058156 0.988677 0 0 0 0 1.000000 0.815463 -0.559655 0.147667 0.961471 0.561799 0.826702 0.030759 -0.000000 -0.139292 0.057876 0.988559 0 0 0 0 1.000000 0.816151 -0.558367 0.148743 0.961470 0.560411 0.827605 0.031778 0.000000 -0.140844 0.057421 0.988365 0 0 0 0 1.000000 0.817088 -0.556603 0.150199 0.961470 0.558511 0.828834 0.033150 0 -0.142942 0.056801 0.988100 0 0 0 0 1.000000 0.818262 -0.554382 0.152010 0.961470 0.556116 0.830374 0.034840 0.000000 -0.145540 0.056027 0.987765 0 0 0 0 1.000000 0.819661 -0.551719 0.154150 0.961471 0.553241 0.832207 0.036813 0.000000 -0.148595 0.055108 0.987362 0 0 0 0 1.000000 0.821270 -0.548630 0.156591 0.961471 0.549903 0.834316 0.039031 0 -0.152060 0.054055 0.986892 0 0 0 0 1.000000 0.823077 -0.545129 0.159309 0.961470 0.546116 0.836683 0.041457 -0.000000 -0.155891 0.052879 0.986358 0.000000 0 0 0 1.000000 0.825065 -0.541233 0.162277 0.961470 0.541899 0.839289 0.044055 0 -0.160042 0.051589 0.985761 0 0 0 0 1.000000 0.827221 -0.536960 0.165470 0.961471 0.537268 0.842113 0.046789 0 -0.164468 0.050197 0.985104 0 0 0 0 1.000000 0.829524 -0.532332 0.168859 0.961471 0.532248 0.845133 0.049624 0 -0.169125 0.048711 0.984390 0 0 0 0 1.000000 0.831955 -0.527374 0.172419 0.961470 0.526865 0.848325 0.052526 0 -0.173968 0.047143 0.983622 0 0 0 0 1.000000 0.834494 -0.522113 0.176120 0.961470 0.521149 0.851662 0.055463 0 -0.178953 0.045501 0.982805 0 0 0 0 1.000000 0.837099 -0.516621 0.179908 0.961470 0.515177 0.855093 0.058390 0 -0.184004 0.043807 0.981949 0 0 0 0 1.000000 0.839799 -0.510828 0.183826 0.961470 0.508872 0.858655 0.061333 0.000000 -0.189173 0.042036 0.981043 0 0 0 0 1.000000 0.842517 -0.504884 0.187767 0.961470 0.502397 0.862249 0.064215 0 -0.194323 0.040231 0.980112 -0.000000 0 0 0 1.000000 0.845245 -0.498801 0.191724 0.961470 0.495765 0.865866 0.067035 0 -0.199444 0.038389 0.979157 0.000000 0 0 0 1.000000 0.847955 -0.492635 0.195661 0.961470 0.489034 0.869469 0.069775 0 -0.204495 0.036519 0.978186 0.000000 0 0 0 1.000000 0.850620 -0.486445 0.199543 0.961471 0.482268 0.873025 0.072422 0 -0.209435 0.034629 0.977209 0.000000 0 0 0 1.000000 0.853215 -0.480292 0.203331 0.961470 0.475533 0.876498 0.074969 0 -0.214226 0.032726 0.976236 0 0 0 0 1.000000 0.855712 -0.474249 0.206987 0.961470 0.468903 0.879851 0.077408 0 -0.218829 0.030818 0.975276 0 0 0 0 1.000000 0.858088 -0.468387 0.210472 0.961471 0.462454 0.883050 0.079739 0 -0.223206 0.028911 0.974342 0 0 0 0 1.000000 0.860316 -0.462784 0.213744 0.961470 0.456269 0.886059 0.081961 0 -0.227320 0.027013 0.973445 0 0 0 0 1.000000 0.862374 -0.457521 0.216761 0.961470 0.450431 0.888843 0.084079 0 -0.231135 0.025129 0.972597 0 0 0 0 1.000000 0.864238 -0.452682 0.219482 0.961470 0.445027 0.891368 0.086099 0 -0.234614 0.023265 0.971810 0 0 0 0 1.000000 0.865886 -0.448351 0.221862 0.961471 0.440146 0.893601 0.088030 0 -0.237725 0.021428 0.971096 0 0 0 0 1.000000 0.867297 -0.444615 0.223860 0.961470 0.435877 0.895507 0.089879 -0.000000 -0.240430 0.019623 0.970468 0 0 0 0 1.000000 0.868451 -0.441557 0.225433 0.961470 0.432308 0.897056 0.091657 0 -0.242698 0.017857 0.969937 0 0 0 0 1.000000 0.869327 -0.439261 0.226538 0.961470 0.429526 0.898215 0.093370 -0.000000 -0.244493 0.016135 0.969517 0.000000 0 0 0 1.000000 0.869905 -0.437808 0.227133 0.961470 0.427616 0.898952 0.095023 0 -0.245784 0.014465 0.969217 0 0 0 0 1.000000</float_array>
        <technique_common>
          <accessor source="#Bip01_R_Foot_matrix_Bip01_R_Foot_transform-output-array" count="61" stride="16">
            <param name="TRANSFORM" type="float4x4"/>
          </accessor>
        </technique_common>
      </source>
      <source id="Bip01_R_Foot_matrix_Bip01_R_Foot_transform-interpolations">
        <Name_array id="Bip01_R_Foot_matrix_Bip01_R_Foot_transform-interpolations-array" count="61">LINEAR LINEAR LINEAR LINEAR LINEAR LINEAR LINEAR LINEAR LINEAR LINEAR LINEAR LINEAR LINEAR LINEAR LINEAR LINEAR LINEAR LINEAR LINEAR LINEAR LINEAR LINEAR LINEAR LINEAR LINEAR LINEAR LINEAR LINEAR LINEAR LINEAR LINEAR LINEAR LINEAR LINEAR LINEAR LINEAR LINEAR LINEAR LINEAR LINEAR LINEAR LINEAR LINEAR LINEAR LINEAR LINEAR LINEAR LINEAR LINEAR LINEAR LINEAR LINEAR LINEAR LINEAR LINEAR LINEAR LINEAR LINEAR LINEAR LINEAR LINEAR</Name_array>
        <technique_common>
          <accessor source="#Bip01_R_Foot_matrix_Bip01_R_Foot_transform-interpolations-array" count="61" stride="1">
            <param name="INTERPOLATION" type="Name"/>
          </accessor>
        </technique_common>
      </source>
      <sampler id="Bip01_R_Foot_matrix_Bip01_R_Foot_transform-sampler">
        <input semantic="INPUT" source="#Bip01_R_Foot_matrix_Bip01_R_Foot_transform-input"/>
        <input semantic="OUTPUT" source="#Bip01_R_Foot_matrix_Bip01_R_Foot_transform-output"/>
        <input semantic="INTERPOLATION" source="#Bip01_R_Foot_matrix_Bip01_R_Foot_transform-interpolations"/>
      </sampler>
      <channel source="#Bip01_R_Foot_matrix_Bip01_R_Foot_transform-sampler" target="Bip01_R_Foot/transform"/>
    </animation>
    <animation id="Bip01_Tail_matrix">
      <source id="Bip01_Tail_matrix_Bip01_Tail_transform-input">
        <float_array id="Bip01_Tail_matrix_Bip01_Tail_transform-input-array" count="61">0 0.033333 0.066667 0.100000 0.133333 0.166667 0.200000 0.233333 0.266667 0.300000 0.333333 0.366667 0.400000 0.433333 0.466667 0.500000 0.533333 0.566667 0.600000 0.633333 0.666667 0.700000 0.733334 0.766667 0.800000 0.833334 0.866667 0.900000 0.933334 0.966667 1.000000 1.033334 1.066667 1.100000 1.133334 1.166667 1.200000 1.233333 1.266667 1.300000 1.333333 1.366667 1.400000 1.433333 1.466667 1.500000 1.533333 1.566666 1.600000 1.633333 1.666666 1.700000 1.733333 1.766666 1.800000 1.833333 1.866666 1.899999 1.933333 1.966666 1.999999</float_array>
        <technique_common>
          <accessor source="#Bip01_Tail_matrix_Bip01_Tail_transform-input-array" count="61" stride="1">
            <param name="TIME" type="float"/>
          </accessor>
        </technique_common>
        <technique profile="MAYA">
          <pre_infinity>CONSTANT</pre_infinity>
          <post_infinity>CONSTANT</post_infinity>
        </technique>
      </source>
      <source id="Bip01_Tail_matrix_Bip01_Tail_transform-output">
        <float_array id="Bip01_Tail_matrix_Bip01_Tail_transform-output-array" count="976">-0.166772 -0.985991 -0.002998 -1.365355 0.985830 -0.166799 0.017787 -0.441513 -0.018038 0.000011 0.999837 -0.000001 0 0 0 1.000000 -0.159805 -0.987147 -0.001647 -1.365354 0.987120 -0.159813 0.007325 -0.441516 -0.007494 -0.000456 0.999972 -0.000000 0 0 0 1.000000 -0.151777 -0.988415 -0.000194 -1.365354 0.988405 -0.151774 -0.004408 -0.441520 0.004328 -0.000861 0.999990 -0.000000 0 0 0 1.000000 -0.142939 -0.989731 0.001286 -1.365353 0.989584 -0.142940 -0.017099 -0.441525 0.017107 -0.001171 0.999853 0 0 0 0 1.000000 -0.133549 -0.991039 0.002729 -1.365352 0.990572 -0.133570 -0.030430 -0.441529 0.030522 -0.001361 0.999533 0 0 0 0 1.000000 -0.123866 -0.992291 0.004079 -1.365352 0.991312 -0.123925 -0.044085 -0.441534 0.044251 -0.001417 0.999019 0 0 0 0 1.000000 -0.114154 -0.993449 0.005296 -1.365351 0.991771 -0.114269 -0.057745 -0.441539 0.057971 -0.001339 0.998318 0 0 0 0 1.000000 -0.104679 -0.994486 0.006351 -1.365351 0.991943 -0.104865 -0.071088 -0.441542 0.071362 -0.001141 0.997450 -0.000000 0 0 0 1.000000 -0.095710 -0.995383 0.007230 -1.365350 0.991850 -0.095979 -0.083797 -0.441547 0.084104 -0.000849 0.996457 -0.000000 0 0 0 1.000000 -0.087517 -0.996131 0.007928 -1.365350 0.991538 -0.087874 -0.095551 -0.441551 0.095878 -0.000501 0.995393 -0.000000 0 0 0 1.000000 -0.080372 -0.996729 0.008454 -1.365350 0.991073 -0.080815 -0.106036 -0.441554 0.106372 -0.000144 0.994326 -0.000001 0 0 0 1.000000 -0.074575 -0.997176 0.008818 -1.365350 0.990537 -0.075095 -0.114885 -0.441558 0.115223 0.000167 0.993340 -0.000001 0 0 0 1.000000 -0.070303 -0.997485 0.009043 -1.365349 0.990004 -0.070881 -0.121935 -0.441559 0.122270 0.000380 0.992497 -0.000001 0 0 0 1.000000 -0.067920 -0.997649 0.009136 -1.365349 0.989568 -0.068530 -0.126726 -0.441561 0.127054 0.000434 0.991896 -0.000001 0 0 0 1.000000 -0.067660 -0.997667 0.009109 -1.365349 0.989293 -0.068270 -0.128994 -0.441561 0.129314 0.000284 0.991604 -0.000001 0 0 0 1.000000 -0.069791 -0.997521 0.008954 -1.365349 0.989220 -0.070363 -0.128426 -0.441560 0.128738 -0.000105 0.991679 -0.000001 0 0 0 1.000000 -0.073730 -0.997240 0.008693 -1.365349 0.989275 -0.074237 -0.125796 -0.441558 0.126095 -0.000675 0.992018 -0.000000 0 0 0 1.000000 -0.078671 -0.996866 0.008356 -1.365350 0.989357 -0.079102 -0.122135 -0.441555 0.122413 -0.001341 0.992479 0 0 0 0 1.000000 -0.084536 -0.996389 0.007936 -1.365350 0.989437 -0.084882 -0.117511 -0.441552 0.117761 -0.002082 0.993040 0.000000 0 0 0 1.000000 -0.091249 -0.995800 0.007422 -1.365350 0.989486 -0.091505 -0.111997 -0.441549 0.112206 -0.002875 0.993681 0.000001 0 0 0 1.000000 -0.098731 -0.995091 0.006807 -1.365350 0.989472 -0.098897 -0.105663 -0.441545 0.105817 -0.003697 0.994379 0.000001 0 0 0 1.000000 -0.106905 -0.994251 0.006078 -1.365351 0.989362 -0.106982 -0.098580 -0.441542 0.098663 -0.004525 0.995111 0.000001 0 0 0 1.000000 -0.115635 -0.993278 0.005234 -1.365351 0.989127 -0.115631 -0.090870 -0.441538 0.090864 -0.005331 0.995849 0.000002 0 0 0 1.000000 -0.125013 -0.992146 0.004248 -1.365351 0.988733 -0.124936 -0.082454 -0.441534 0.082337 -0.006107 0.996586 0.000002 0 0 0 1.000000 -0.134790 -0.990869 0.003132 -1.365352 0.988159 -0.134654 -0.073556 -0.441529 0.073306 -0.006820 0.997286 0.000003 0 0 0 1.000000 -0.144943 -0.989438 0.001875 -1.365353 0.987381 -0.144764 -0.064198 -0.441524 0.063792 -0.007454 0.997935 0.000003 0 0 0 1.000000 -0.155395 -0.987852 0.000474 -1.365354 0.986383 -0.155190 -0.054454 -0.441519 0.053866 -0.007995 0.998516 0.000003 0 0 0 1.000000 -0.166066 -0.986114 -0.001070 -1.365354 0.985150 -0.165855 -0.044398 -0.441513 0.043604 -0.008427 0.999013 0.000003 0 0 0 1.000000 -0.176879 -0.984229 -0.002755 -1.365356 0.983677 -0.176684 -0.034102 -0.441509 0.033077 -0.008742 0.999415 0.000004 0 0 0 1.000000 -0.187756 -0.982205 -0.004573 -1.365357 0.981961 -0.187600 -0.023640 -0.441503 0.022362 -0.008929 0.999710 0.000004 0 0 0 1.000000 -0.198622 -0.980055 -0.006516 -1.365358 0.980008 -0.198526 -0.013087 -0.441499 0.011532 -0.008985 0.999893 0.000004 0 0 0 1.000000 -0.209401 -0.977792 -0.008572 -1.365359 0.977830 -0.209387 -0.002514 -0.441493 0.000663 -0.008909 0.999960 0.000004 0 0 0 1.000000 -0.220019 -0.975437 -0.010726 -1.365360 0.975443 -0.220108 0.008006 -0.441488 -0.010170 -0.008701 0.999910 0.000003 0 0 0 1.000000 -0.230403 -0.973009 -0.012958 -1.365361 0.972871 -0.230616 0.018400 -0.441483 -0.020891 -0.008368 0.999747 0.000003 0 0 0 1.000000 -0.240484 -0.970533 -0.015248 -1.365362 0.970144 -0.240837 0.028598 -0.441479 -0.031427 -0.007916 0.999475 0.000003 0 0 0 1.000000 -0.250191 -0.968037 -0.017572 -1.365363 0.967298 -0.250699 0.038529 -0.441473 -0.041703 -0.007357 0.999103 0.000003 0 0 0 1.000000 -0.259456 -0.965550 -0.019901 -1.365364 0.964373 -0.260132 0.048125 -0.441469 -0.051644 -0.006706 0.998643 0.000003 0 0 0 1.000000 -0.268214 -0.963103 -0.022208 -1.365366 0.961415 -0.269065 0.057318 -0.441465 -0.061179 -0.005978 0.998109 0.000002 0 0 0 1.000000 -0.276401 -0.960731 -0.024461 -1.365367 0.958473 -0.277432 0.066041 -0.441460 -0.070234 -0.005192 0.997517 0.000002 0 0 0 1.000000 -0.283953 -0.958469 -0.026628 -1.365368 0.955600 -0.285165 0.074227 -0.441457 -0.078738 -0.004368 0.996886 0.000001 0 0 0 1.000000 -0.290808 -0.956352 -0.028673 -1.365369 0.952852 -0.292197 0.081813 -0.441453 -0.086620 -0.003530 0.996235 0.000001 0 0 0 1.000000 -0.296907 -0.954417 -0.030563 -1.365370 0.950287 -0.298463 0.088733 -0.441450 -0.093810 -0.002698 0.995586 0.000001 0 0 0 1.000000 -0.302188 -0.952702 -0.032262 -1.365371 0.947963 -0.303899 0.094925 -0.441448 -0.100239 -0.001898 0.994962 0.000000 0 0 0 1.000000 -0.306592 -0.951243 -0.033735 -1.365371 0.945938 -0.308441 0.100324 -0.441446 -0.105838 -0.001152 0.994383 0 0 0 0 1.000000 -0.310041 -0.950081 -0.034940 -1.365372 0.944278 -0.312004 0.104843 -0.441444 -0.110511 -0.000487 0.993875 -0.000000 0 0 0 1.000000 -0.312531 -0.949230 -0.035864 -1.365372 0.943010 -0.314582 0.108494 -0.441443 -0.114268 0.000087 0.993450 -0.000001 0 0 0 1.000000 -0.313019 -0.949057 -0.036187 -1.365372 0.942605 -0.315103 0.110480 -0.441443 -0.116255 0.000473 0.993219 -0.000001 0 0 0 1.000000 -0.310783 -0.949811 -0.035690 -1.365372 0.943383 -0.312825 0.110310 -0.441444 -0.115939 0.000613 0.993256 -0.000001 0 0 0 1.000000 -0.306118 -0.951369 -0.034473 -1.365371 0.945195 -0.308052 0.108218 -0.441446 -0.113575 0.000544 0.993529 -0.000001 0 0 0 1.000000 -0.299310 -0.953597 -0.032646 -1.365370 0.947861 -0.301085 0.104434 -0.441450 -0.109417 0.000315 0.993996 -0.000001 0 0 0 1.000000 -0.290643 -0.956351 -0.030325 -1.365369 0.951194 -0.292220 0.099183 -0.441454 -0.103715 -0.000019 0.994607 -0.000001 0 0 0 1.000000 -0.280398 -0.959486 -0.027632 -1.365367 0.954998 -0.281756 0.092693 -0.441459 -0.096723 -0.000398 0.995311 -0.000000 0 0 0 1.000000 -0.268864 -0.962862 -0.024682 -1.365366 0.959086 -0.269993 0.085192 -0.441464 -0.088692 -0.000768 0.996059 -0.000000 0 0 0 1.000000 -0.256331 -0.966348 -0.021588 -1.365365 0.963283 -0.257236 0.076913 -0.441470 -0.079878 -0.001080 0.996804 -0.000000 0 0 0 1.000000 -0.243100 -0.969826 -0.018451 -1.365363 0.967433 -0.243795 0.068095 -0.441477 -0.070539 -0.001296 0.997508 0 0 0 0 1.000000 -0.229477 -0.973193 -0.015363 -1.365361 0.971405 -0.229987 0.058981 -0.441483 -0.060933 -0.001388 0.998141 0 0 0 0 1.000000 -0.215780 -0.976363 -0.012403 -1.365359 0.975092 -0.216132 0.049817 -0.441490 -0.051321 -0.001344 0.998681 0 0 0 0 1.000000 -0.202329 -0.979270 -0.009638 -1.365358 0.978418 -0.202555 0.040858 -0.441496 -0.041964 -0.001163 0.999119 0 0 0 0 1.000000 -0.189455 -0.981864 -0.007123 -1.365357 0.981330 -0.189587 0.032360 -0.441502 -0.033124 -0.000859 0.999451 -0.000000 0 0 0 1.000000 -0.177490 -0.984110 -0.004898 -1.365355 0.983803 -0.177557 0.024583 -0.441508 -0.025062 -0.000456 0.999686 -0.000000 0 0 0 1.000000 -0.166772 -0.985991 -0.002998 -1.365355 0.985830 -0.166799 0.017787 -0.441513 -0.018038 0.000011 0.999837 -0.000001 0 0 0 1.000000</float_array>
        <technique_common>
          <accessor source="#Bip01_Tail_matrix_Bip01_Tail_transform-output-array" count="61" stride="16">
            <param name="TRANSFORM" type="float4x4"/>
          </accessor>
        </technique_common>
      </source>
      <source id="Bip01_Tail_matrix_Bip01_Tail_transform-interpolations">
        <Name_array id="Bip01_Tail_matrix_Bip01_Tail_transform-interpolations-array" count="61">LINEAR LINEAR LINEAR LINEAR LINEAR LINEAR LINEAR LINEAR LINEAR LINEAR LINEAR LINEAR LINEAR LINEAR LINEAR LINEAR LINEAR LINEAR LINEAR LINEAR LINEAR LINEAR LINEAR LINEAR LINEAR LINEAR LINEAR LINEAR LINEAR LINEAR LINEAR LINEAR LINEAR LINEAR LINEAR LINEAR LINEAR LINEAR LINEAR LINEAR LINEAR LINEAR LINEAR LINEAR LINEAR LINEAR LINEAR LINEAR LINEAR LINEAR LINEAR LINEAR LINEAR LINEAR LINEAR LINEAR LINEAR LINEAR LINEAR LINEAR LINEAR</Name_array>
        <technique_common>
          <accessor source="#Bip01_Tail_matrix_Bip01_Tail_transform-interpolations-array" count="61" stride="1">
            <param name="INTERPOLATION" type="Name"/>
          </accessor>
        </technique_common>
      </source>
      <sampler id="Bip01_Tail_matrix_Bip01_Tail_transform-sampler">
        <input semantic="INPUT" source="#Bip01_Tail_matrix_Bip01_Tail_transform-input"/>
        <input semantic="OUTPUT" source="#Bip01_Tail_matrix_Bip01_Tail_transform-output"/>
        <input semantic="INTERPOLATION" source="#Bip01_Tail_matrix_Bip01_Tail_transform-interpolations"/>
      </sampler>
      <channel source="#Bip01_Tail_matrix_Bip01_Tail_transform-sampler" target="Bip01_Tail/transform"/>
    </animation>
    <animation id="Bip01_Tail1_matrix">
      <source id="Bip01_Tail1_matrix_Bip01_Tail1_transform-input">
        <float_array id="Bip01_Tail1_matrix_Bip01_Tail1_transform-input-array" count="61">0 0.033333 0.066667 0.100000 0.133333 0.166667 0.200000 0.233333 0.266667 0.300000 0.333333 0.366667 0.400000 0.433333 0.466667 0.500000 0.533333 0.566667 0.600000 0.633333 0.666667 0.700000 0.733334 0.766667 0.800000 0.833334 0.866667 0.900000 0.933334 0.966667 1.000000 1.033334 1.066667 1.100000 1.133334 1.166667 1.200000 1.233333 1.266667 1.300000 1.333333 1.366667 1.400000 1.433333 1.466667 1.500000 1.533333 1.566666 1.600000 1.633333 1.666666 1.700000 1.733333 1.766666 1.800000 1.833333 1.866666 1.899999 1.933333 1.966666 1.999999</float_array>
        <technique_common>
          <accessor source="#Bip01_Tail1_matrix_Bip01_Tail1_transform-input-array" count="61" stride="1">
            <param name="TIME" type="float"/>
          </accessor>
        </technique_common>
        <technique profile="MAYA">
          <pre_infinity>CONSTANT</pre_infinity>
          <post_infinity>CONSTANT</post_infinity>
        </technique>
      </source>
      <source id="Bip01_Tail1_matrix_Bip01_Tail1_transform-output">
        <float_array id="Bip01_Tail1_matrix_Bip01_Tail1_transform-output-array" count="976">0.997250 0.071898 0.017993 0.599126 -0.071886 0.997412 -0.001311 -0.000410 -0.018041 0.000014 0.999837 0 0 0 0 1.000000 0.996850 0.078959 0.007509 0.599123 -0.078960 0.996878 -0.000141 -0.000410 -0.007497 -0.000453 0.999972 0.000000 0 0 0 1.000000 0.996193 0.087069 -0.004234 0.599120 -0.087064 0.996202 0.001231 -0.000410 0.004325 -0.000858 0.999990 0.000000 0 0 0 1.000000 0.995241 0.095963 -0.016913 0.599116 -0.095929 0.995384 0.002804 -0.000409 0.017104 -0.001168 0.999853 0.000000 0 0 0 1.000000 0.993974 0.105376 -0.030206 0.599113 -0.105286 0.994432 0.004565 -0.000409 0.030519 -0.001358 0.999533 0.000001 0 0 0 1.000000 0.992395 0.115042 -0.043792 0.599109 -0.114868 0.993360 0.006493 -0.000408 0.044248 -0.001414 0.999020 0.000001 0 0 0 1.000000 0.990536 0.124698 -0.057350 0.599105 -0.124411 0.992194 0.008552 -0.000408 0.057968 -0.001336 0.998318 0.000001 0 0 0 1.000000 0.988455 0.134079 -0.070562 0.599100 -0.133657 0.990970 0.010693 -0.000407 0.071359 -0.001138 0.997450 0.000000 0 0 0 1.000000 0.986237 0.142924 -0.083117 0.599097 -0.142347 0.989733 0.012855 -0.000407 0.084100 -0.000846 0.996457 0.000000 0 0 0 1.000000 0.983991 0.150975 -0.094701 0.599094 -0.150232 0.988538 0.014965 -0.000406 0.095875 -0.000498 0.995393 0.000000 0 0 0 1.000000 0.981844 0.157974 -0.105011 0.599091 -0.157063 0.987443 0.016942 -0.000406 0.106369 -0.000141 0.994327 0 0 0 0 1.000000 0.979947 0.163637 -0.113694 0.599088 -0.162567 0.986521 0.018687 -0.000406 0.115219 0.000170 0.993340 0 0 0 0 1.000000 0.978417 0.167803 -0.120597 0.599087 -0.166590 0.985820 0.020142 -0.000405 0.122267 0.000383 0.992497 -0.000000 0 0 0 1.000000 0.977427 0.170126 -0.125272 0.599086 -0.168802 0.985422 0.021188 -0.000405 0.127051 0.000437 0.991896 -0.000000 0 0 0 1.000000 0.977098 0.170383 -0.127469 0.599086 -0.168989 0.985378 0.021753 -0.000405 0.129311 0.000286 0.991604 0 0 0 0 1.000000 0.977533 0.168316 -0.126881 0.599086 -0.166902 0.985733 0.021768 -0.000405 0.128735 -0.000103 0.991679 0 0 0 0 1.000000 0.978521 0.164485 -0.124264 0.599088 -0.163088 0.986379 0.021398 -0.000405 0.126091 -0.000672 0.992018 0.000000 0 0 0 1.000000 0.979773 0.159670 -0.120627 0.599090 -0.158308 0.987170 0.020856 -0.000406 0.122410 -0.001338 0.992479 0.000001 0 0 0 1.000000 0.981243 0.153942 -0.116036 0.599092 -0.152629 0.988078 0.020168 -0.000406 0.117757 -0.002079 0.993040 0.000001 0 0 0 1.000000 0.982883 0.147369 -0.110558 0.599095 -0.146120 0.989077 0.019358 -0.000406 0.112203 -0.002872 0.993681 0.000001 0 0 0 1.000000 0.984644 0.140020 -0.104258 0.599098 -0.138848 0.990142 0.018454 -0.000407 0.105814 -0.003694 0.994379 0.000002 0 0 0 1.000000 0.986477 0.131966 -0.097204 0.599102 -0.130881 0.991244 0.017481 -0.000408 0.098660 -0.004522 0.995111 0.000002 0 0 0 1.000000 0.988320 0.123333 -0.089514 0.599105 -0.122345 0.992351 0.016472 -0.000408 0.090861 -0.005328 0.995849 0.000002 0 0 0 1.000000 0.990162 0.114025 -0.081105 0.599109 -0.113141 0.993459 0.015432 -0.000408 0.082334 -0.006104 0.996586 0.000002 0 0 0 1.000000 0.991924 0.104282 -0.072196 0.599113 -0.103507 0.994524 0.014406 -0.000409 0.073303 -0.006817 0.997286 0.000003 0 0 0 1.000000 0.993578 0.094121 -0.062807 0.599117 -0.093459 0.995533 0.013407 -0.000409 0.063789 -0.007451 0.997936 0.000003 0 0 0 1.000000 0.995087 0.083617 -0.053009 0.599121 -0.083069 0.996466 0.012456 -0.000409 0.053864 -0.007992 0.998516 0.000003 0 0 0 1.000000 0.996422 0.072843 -0.042873 0.599126 -0.072410 0.997308 0.011570 -0.000410 0.043601 -0.008424 0.999013 0.000003 0 0 0 1.000000 0.997555 0.061877 -0.032472 0.599130 -0.061557 0.998046 0.010763 -0.000410 0.033074 -0.008738 0.999415 0.000004 0 0 0 1.000000 0.998470 0.050793 -0.021878 0.599135 -0.050583 0.998669 0.010048 -0.000411 0.022359 -0.008926 0.999710 0.000004 0 0 0 1.000000 0.999151 0.039669 -0.011164 0.599139 -0.039564 0.999172 0.009432 -0.000411 0.011529 -0.008982 0.999893 0.000004 0 0 0 1.000000 0.999591 0.028581 -0.000405 0.599144 -0.028576 0.999552 0.008921 -0.000411 0.000660 -0.008905 0.999960 0.000004 0 0 0 1.000000 0.999792 0.017607 0.010324 0.599148 -0.017695 0.999807 0.008517 -0.000411 -0.010172 -0.008698 0.999911 0.000004 0 0 0 1.000000 0.999757 0.006823 0.020951 0.599153 -0.006997 0.999942 0.008219 -0.000411 -0.020894 -0.008364 0.999747 0.000003 0 0 0 1.000000 0.999500 -0.003693 0.031401 0.599157 0.003443 0.999962 0.008025 -0.000411 -0.031430 -0.007912 0.999475 0.000003 0 0 0 1.000000 0.999038 -0.013866 0.041601 0.599161 0.013548 0.999877 0.007925 -0.000411 -0.041705 -0.007354 0.999103 0.000003 0 0 0 1.000000 0.998395 -0.023620 0.051476 0.599165 0.023242 0.999699 0.007911 -0.000411 -0.051647 -0.006702 0.998643 0.000003 0 0 0 1.000000 0.997599 -0.032879 0.060953 0.599169 0.032453 0.999441 0.007971 -0.000411 -0.061181 -0.005974 0.998109 0.000002 0 0 0 1.000000 0.996683 -0.041569 0.069961 0.599173 0.041103 0.999122 0.008091 -0.000411 -0.070236 -0.005188 0.997517 0.000002 0 0 0 1.000000 0.995684 -0.049618 0.078428 0.599176 0.049121 0.998759 0.008253 -0.000410 -0.078740 -0.004365 0.996886 0.000002 0 0 0 1.000000 0.994642 -0.056951 0.086282 0.599179 0.056433 0.998371 0.008440 -0.000410 -0.086623 -0.003526 0.996235 0.000001 0 0 0 1.000000 0.993597 -0.063498 0.093454 0.599182 0.062966 0.997978 0.008634 -0.000410 -0.093813 -0.002695 0.995586 0.000001 0 0 0 1.000000 0.992592 -0.069185 0.099871 0.599185 0.068647 0.997602 0.008816 -0.000410 -0.100242 -0.001894 0.994961 0.000001 0 0 0 1.000000 0.991670 -0.073943 0.105466 0.599186 0.073407 0.997262 0.008965 -0.000410 -0.105840 -0.001148 0.994382 0.000000 0 0 0 1.000000 0.990876 -0.077680 0.110142 0.599188 0.077151 0.996978 0.009064 -0.000410 -0.110513 -0.000483 0.993875 0.000000 0 0 0 1.000000 0.990234 -0.080387 0.113908 0.599189 0.079871 0.996764 0.009096 -0.000410 -0.114271 0.000091 0.993450 0 0 0 0 1.000000 0.989956 -0.080934 0.115914 0.599189 0.080441 0.996719 0.008938 -0.000409 -0.116257 0.000476 0.993219 -0.000000 0 0 0 1.000000 0.990182 -0.078542 0.115631 0.599188 0.078084 0.996911 0.008496 -0.000410 -0.115941 0.000617 0.993256 -0.000000 0 0 0 1.000000 0.990835 -0.073536 0.113310 0.599186 0.073122 0.997292 0.007809 -0.000410 -0.113578 0.000548 0.993529 -0.000000 0 0 0 1.000000 0.991811 -0.066239 0.109200 0.599183 0.065876 0.997804 0.006932 -0.000410 -0.109419 0.000318 0.993996 0 0 0 0 1.000000 0.992991 -0.056974 0.103549 0.599179 0.056665 0.998376 0.005924 -0.000410 -0.103718 -0.000015 0.994607 0 0 0 0 1.000000 0.994256 -0.046065 0.096604 0.599175 0.045811 0.998938 0.004848 -0.000411 -0.096725 -0.000394 0.995311 0.000000 0 0 0 1.000000 0.995491 -0.033837 0.088618 0.599170 0.033636 0.999427 0.003762 -0.000411 -0.088694 -0.000764 0.996059 0.000000 0 0 0 1.000000 0.996594 -0.020617 0.079842 0.599164 0.020465 0.999787 0.002720 -0.000411 -0.079881 -0.001076 0.996804 0.000000 0 0 0 1.000000 0.997487 -0.006735 0.070531 0.599158 0.006627 0.999977 0.001764 -0.000411 -0.070541 -0.001292 0.997508 0.000001 0 0 0 1.000000 0.998113 0.007478 0.060944 0.599153 -0.007549 0.999971 0.000927 -0.000412 -0.060935 -0.001385 0.998141 0.000001 0 0 0 1.000000 0.998446 0.021690 0.051340 0.599147 -0.021730 0.999764 0.000226 -0.000411 -0.051323 -0.001341 0.998681 0.000001 0 0 0 1.000000 0.998485 0.035568 0.041981 0.599141 -0.035586 0.999367 -0.000334 -0.000411 -0.041967 -0.001160 0.999118 0.000000 0 0 0 1.000000 0.998260 0.048782 0.033129 0.599136 -0.048783 0.998809 -0.000762 -0.000410 -0.033127 -0.000856 0.999451 0.000000 0 0 0 1.000000 0.997823 0.061001 0.025046 0.599131 -0.060993 0.998138 -0.001078 -0.000410 -0.025065 -0.000452 0.999686 0.000000 0 0 0 1.000000 0.997250 0.071898 0.017993 0.599126 -0.071886 0.997412 -0.001311 -0.000410 -0.018041 0.000014 0.999837 0 0 0 0 1.000000</float_array>
        <technique_common>
          <accessor source="#Bip01_Tail1_matrix_Bip01_Tail1_transform-output-array" count="61" stride="16">
            <param name="TRANSFORM" type="float4x4"/>
          </accessor>
        </technique_common>
      </source>
      <source id="Bip01_Tail1_matrix_Bip01_Tail1_transform-interpolations">
        <Name_array id="Bip01_Tail1_matrix_Bip01_Tail1_transform-interpolations-array" count="61">LINEAR LINEAR LINEAR LINEAR LINEAR LINEAR LINEAR LINEAR LINEAR LINEAR LINEAR LINEAR LINEAR LINEAR LINEAR LINEAR LINEAR LINEAR LINEAR LINEAR LINEAR LINEAR LINEAR LINEAR LINEAR LINEAR LINEAR LINEAR LINEAR LINEAR LINEAR LINEAR LINEAR LINEAR LINEAR LINEAR LINEAR LINEAR LINEAR LINEAR LINEAR LINEAR LINEAR LINEAR LINEAR LINEAR LINEAR LINEAR LINEAR LINEAR LINEAR LINEAR LINEAR LINEAR LINEAR LINEAR LINEAR LINEAR LINEAR LINEAR LINEAR</Name_array>
        <technique_common>
          <accessor source="#Bip01_Tail1_matrix_Bip01_Tail1_transform-interpolations-array" count="61" stride="1">
            <param name="INTERPOLATION" type="Name"/>
          </accessor>
        </technique_common>
      </source>
      <sampler id="Bip01_Tail1_matrix_Bip01_Tail1_transform-sampler">
        <input semantic="INPUT" source="#Bip01_Tail1_matrix_Bip01_Tail1_transform-input"/>
        <input semantic="OUTPUT" source="#Bip01_Tail1_matrix_Bip01_Tail1_transform-output"/>
        <input semantic="INTERPOLATION" source="#Bip01_Tail1_matrix_Bip01_Tail1_transform-interpolations"/>
      </sampler>
      <channel source="#Bip01_Tail1_matrix_Bip01_Tail1_transform-sampler" target="Bip01_Tail1/transform"/>
    </animation>
    <animation id="Bip01_Tail2_matrix">
      <source id="Bip01_Tail2_matrix_Bip01_Tail2_transform-input">
        <float_array id="Bip01_Tail2_matrix_Bip01_Tail2_transform-input-array" count="61">0 0.033333 0.066667 0.100000 0.133333 0.166667 0.200000 0.233333 0.266667 0.300000 0.333333 0.366667 0.400000 0.433333 0.466667 0.500000 0.533333 0.566667 0.600000 0.633333 0.666667 0.700000 0.733334 0.766667 0.800000 0.833334 0.866667 0.900000 0.933334 0.966667 1.000000 1.033334 1.066667 1.100000 1.133334 1.166667 1.200000 1.233333 1.266667 1.300000 1.333333 1.366667 1.400000 1.433333 1.466667 1.500000 1.533333 1.566666 1.600000 1.633333 1.666666 1.700000 1.733333 1.766666 1.800000 1.833333 1.866666 1.899999 1.933333 1.966666 1.999999</float_array>
        <technique_common>
          <accessor source="#Bip01_Tail2_matrix_Bip01_Tail2_transform-input-array" count="61" stride="1">
            <param name="TIME" type="float"/>
          </accessor>
        </technique_common>
        <technique profile="MAYA">
          <pre_infinity>CONSTANT</pre_infinity>
          <post_infinity>CONSTANT</post_infinity>
        </technique>
      </source>
      <source id="Bip01_Tail2_matrix_Bip01_Tail2_transform-output">
        <float_array id="Bip01_Tail2_matrix_Bip01_Tail2_transform-output-array" count="976">0.999928 0.010020 -0.006631 0.516108 -0.010020 0.999950 0.000072 -0.000415 0.006632 -0.000005 0.999978 0 0 0 0 1.000000 0.999706 0.017110 -0.017168 0.516105 -0.017102 0.999853 0.000591 -0.000415 0.017175 -0.000297 0.999852 0.000000 0 0 0 1.000000 0.999261 0.025253 -0.028970 0.516102 -0.025228 0.999681 0.001234 -0.000415 0.028992 -0.000502 0.999580 0.000000 0 0 0 1.000000 0.998545 0.034186 -0.041715 0.516098 -0.034131 0.999415 0.002018 -0.000414 0.041759 -0.000592 0.999128 0.000000 0 0 0 1.000000 0.997528 0.043642 -0.055079 0.516094 -0.043545 0.999047 0.002954 -0.000414 0.055156 -0.000548 0.998478 0.000000 0 0 0 1.000000 0.996207 0.053354 -0.068741 0.516090 -0.053203 0.998575 0.004037 -0.000414 0.068859 -0.000364 0.997626 0.000000 0 0 0 1.000000 0.994604 0.063059 -0.082379 0.516086 -0.062840 0.998010 0.005252 -0.000414 0.082547 -0.000047 0.996587 0 0 0 0 1.000000 0.992770 0.072490 -0.095674 0.516082 -0.072192 0.997369 0.006571 -0.000414 0.095899 0.000384 0.995391 -0.000000 0 0 0 1.000000 0.990780 0.081385 -0.108309 0.516078 -0.081000 0.996682 0.007951 -0.000413 0.108597 0.000896 0.994086 -0.000000 0 0 0 1.000000 0.988736 0.089483 -0.119973 0.516075 -0.089006 0.995987 0.009339 -0.000413 0.120327 0.001444 0.992733 -0.000001 0 0 0 1.000000 0.986757 0.096526 -0.130356 0.516072 -0.095954 0.995329 0.010674 -0.000413 0.130777 0.001976 0.991410 -0.000001 0 0 0 1.000000 0.984987 0.102225 -0.139103 0.516070 -0.101562 0.994758 0.011879 -0.000412 0.139588 0.002427 0.990207 -0.000001 0 0 0 1.000000 0.983535 0.106420 -0.146059 0.516068 -0.105671 0.994318 0.012903 -0.000413 0.146603 0.002743 0.989192 -0.000001 0 0 0 1.000000 0.982567 0.108761 -0.150775 0.516067 -0.107938 0.994064 0.013657 -0.000413 0.151365 0.002855 0.988474 -0.000001 0 0 0 1.000000 0.982195 0.109024 -0.152994 0.516067 -0.108145 0.994036 0.014085 -0.000412 0.153617 0.002712 0.988127 -0.000001 0 0 0 1.000000 0.982514 0.106949 -0.152410 0.516068 -0.106035 0.994262 0.014137 -0.000412 0.153048 0.002271 0.988216 -0.000001 0 0 0 1.000000 0.983329 0.103101 -0.149785 0.516069 -0.102168 0.994670 0.013929 -0.000412 0.150423 0.001606 0.988621 -0.000001 0 0 0 1.000000 0.984372 0.098265 -0.146134 0.516071 -0.097320 0.995160 0.013614 -0.000413 0.146764 0.000821 0.989171 -0.000000 0 0 0 1.000000 0.985603 0.092511 -0.141524 0.516074 -0.091563 0.995712 0.013211 -0.000413 0.142140 -0.000063 0.989847 0 0 0 0 1.000000 0.986974 0.085910 -0.136024 0.516077 -0.084966 0.996302 0.012742 -0.000413 0.136615 -0.001019 0.990624 0.000000 0 0 0 1.000000 0.988438 0.078532 -0.129699 0.516079 -0.077600 0.996909 0.012230 -0.000414 0.130259 -0.002024 0.991478 0.000001 0 0 0 1.000000 0.989950 0.070448 -0.122619 0.516083 -0.069537 0.997511 0.011695 -0.000413 0.123138 -0.003051 0.992385 0.000001 0 0 0 1.000000 0.991453 0.061786 -0.114902 0.516087 -0.060905 0.998081 0.011165 -0.000414 0.115371 -0.004071 0.993314 0.000002 0 0 0 1.000000 0.992932 0.052449 -0.106465 0.516090 -0.051608 0.998611 0.010648 -0.000414 0.106876 -0.005078 0.994259 0.000002 0 0 0 1.000000 0.994317 0.042680 -0.097530 0.516095 -0.041886 0.999071 0.010175 -0.000414 0.097873 -0.006032 0.995181 0.000002 0 0 0 1.000000 0.995580 0.032495 -0.088116 0.516099 -0.031757 0.999448 0.009760 -0.000414 0.088385 -0.006918 0.996062 0.000003 0 0 0 1.000000 0.996688 0.021969 -0.078295 0.516103 -0.021296 0.999729 0.009417 -0.000415 0.078481 -0.007719 0.996886 0.000003 0 0 0 1.000000 0.997613 0.011178 -0.068139 0.516107 -0.010578 0.999902 0.009160 -0.000415 0.068235 -0.008418 0.997634 0.000004 0 0 0 1.000000 0.998333 0.000198 -0.057721 0.516112 0.000322 0.999960 0.008999 -0.000415 0.057720 -0.009003 0.998292 0.000004 0 0 0 1.000000 0.998830 -0.010896 -0.047113 0.516117 0.011329 0.999896 0.008941 -0.000414 0.047011 -0.009464 0.998850 0.000004 0 0 0 1.000000 0.999095 -0.022025 -0.036390 0.516121 0.022366 0.999709 0.008989 -0.000415 0.036181 -0.009795 0.999297 0.000004 0 0 0 1.000000 0.999123 -0.033113 -0.025625 0.516126 0.033357 0.999402 0.009145 -0.000415 0.025307 -0.009992 0.999630 0.000004 0 0 0 1.000000 0.998917 -0.044084 -0.014893 0.516131 0.044227 0.998977 0.009406 -0.000414 0.014463 -0.010055 0.999845 0.000004 0 0 0 1.000000 0.998485 -0.054860 -0.004267 0.516135 0.054900 0.998444 0.009767 -0.000414 0.003724 -0.009987 0.999943 0.000004 0 0 0 1.000000 0.997842 -0.065365 0.006179 0.516140 0.065300 0.997813 0.010220 -0.000414 -0.006833 -0.009794 0.999929 0.000004 0 0 0 1.000000 0.997010 -0.075524 0.016370 0.516144 0.075354 0.997099 0.010752 -0.000414 -0.017135 -0.009486 0.999808 0.000004 0 0 0 1.000000 0.996013 -0.085261 0.026236 0.516148 0.084988 0.996317 0.011349 -0.000413 -0.027107 -0.009074 0.999591 0.000004 0 0 0 1.000000 0.994884 -0.094502 0.035702 0.516151 0.094129 0.995488 0.011996 -0.000413 -0.036674 -0.008574 0.999291 0.000004 0 0 0 1.000000 0.993659 -0.103173 0.044697 0.516155 0.102704 0.994631 0.012672 -0.000412 -0.045765 -0.008001 0.998920 0.000003 0 0 0 1.000000 0.992376 -0.111201 0.053151 0.516158 0.110642 0.993771 0.013358 -0.000412 -0.054305 -0.007375 0.998497 0.000003 0 0 0 1.000000 0.991077 -0.118515 0.060992 0.516161 0.117873 0.992930 0.014031 -0.000412 -0.062223 -0.006717 0.998040 0.000003 0 0 0 1.000000 0.989808 -0.125043 0.068151 0.516164 0.124327 0.992133 0.014669 -0.000411 -0.069449 -0.006046 0.997567 0.000003 0 0 0 1.000000 0.988613 -0.130714 0.074559 0.516167 0.129934 0.991405 0.015247 -0.000411 -0.075911 -0.005385 0.997100 0.000002 0 0 0 1.000000 0.987536 -0.135459 0.080146 0.516169 0.134625 0.990772 0.015742 -0.000411 -0.081539 -0.004756 0.996659 0.000002 0 0 0 1.000000 0.986627 -0.139187 0.084818 0.516170 0.138312 0.990257 0.016130 -0.000410 -0.086237 -0.004183 0.996266 0.000002 0 0 0 1.000000 0.985911 -0.141888 0.088584 0.516171 0.140986 0.989876 0.016395 -0.000411 -0.090014 -0.003675 0.995934 0.000002 0 0 0 1.000000 0.985648 -0.142441 0.090601 0.516171 0.141537 0.989798 0.016361 -0.000410 -0.092007 -0.003303 0.995753 0.000001 0 0 0 1.000000 0.986011 -0.140070 0.090345 0.516171 0.139198 0.990137 0.015902 -0.000411 -0.091682 -0.003104 0.995783 0.000001 0 0 0 1.000000 0.986911 -0.135096 0.088065 0.516168 0.134287 0.990828 0.015074 -0.000411 -0.089294 -0.003051 0.996001 0.000001 0 0 0 1.000000 0.988230 -0.127842 0.084007 0.516165 0.127117 0.991790 0.013944 -0.000411 -0.085100 -0.003101 0.996368 0.000001 0 0 0 1.000000 0.989838 -0.118625 0.078415 0.516161 0.117999 0.992934 0.012588 -0.000412 -0.079355 -0.003207 0.996841 0.000001 0 0 0 1.000000 0.991600 -0.107765 0.071536 0.516157 0.107245 0.994171 0.011084 -0.000412 -0.072314 -0.003319 0.997377 0.000001 0 0 0 1.000000 0.993386 -0.095585 0.063616 0.516152 0.095172 0.995415 0.009506 -0.000413 -0.064233 -0.003389 0.997929 0.000001 0 0 0 1.000000 0.995085 -0.082409 0.054905 0.516147 0.082097 0.996593 0.007923 -0.000414 -0.055371 -0.003376 0.998460 0.000001 0 0 0 1.000000 0.996601 -0.068565 0.045657 0.516141 0.068343 0.997641 0.006393 -0.000414 -0.045988 -0.003251 0.998937 0.000001 0 0 0 1.000000 0.997866 -0.054380 0.036128 0.516135 0.054236 0.998516 0.004964 -0.000414 -0.036344 -0.002994 0.999335 0.000001 0 0 0 1.000000 0.998839 -0.040189 0.026575 0.516129 0.040105 0.999189 0.003670 -0.000414 -0.026701 -0.002600 0.999640 0.000001 0 0 0 1.000000 0.999505 -0.026321 0.017261 0.516123 0.026281 0.999651 0.002532 -0.000415 -0.017322 -0.002077 0.999848 0.000001 0 0 0 1.000000 0.999878 -0.013110 0.008447 0.516118 0.013097 0.999913 0.001557 -0.000414 -0.008466 -0.001446 0.999963 0.000001 0 0 0 1.000000 1.000000 -0.000887 0.000395 0.516112 0.000886 0.999999 0.000742 -0.000415 -0.000396 -0.000741 1.000000 0.000000 0 0 0 1.000000 0.999928 0.010020 -0.006631 0.516108 -0.010020 0.999950 0.000072 -0.000415 0.006632 -0.000005 0.999978 0 0 0 0 1.000000</float_array>
        <technique_common>
          <accessor source="#Bip01_Tail2_matrix_Bip01_Tail2_transform-output-array" count="61" stride="16">
            <param name="TRANSFORM" type="float4x4"/>
          </accessor>
        </technique_common>
      </source>
      <source id="Bip01_Tail2_matrix_Bip01_Tail2_transform-interpolations">
        <Name_array id="Bip01_Tail2_matrix_Bip01_Tail2_transform-interpolations-array" count="61">LINEAR LINEAR LINEAR LINEAR LINEAR LINEAR LINEAR LINEAR LINEAR LINEAR LINEAR LINEAR LINEAR LINEAR LINEAR LINEAR LINEAR LINEAR LINEAR LINEAR LINEAR LINEAR LINEAR LINEAR LINEAR LINEAR LINEAR LINEAR LINEAR LINEAR LINEAR LINEAR LINEAR LINEAR LINEAR LINEAR LINEAR LINEAR LINEAR LINEAR LINEAR LINEAR LINEAR LINEAR LINEAR LINEAR LINEAR LINEAR LINEAR LINEAR LINEAR LINEAR LINEAR LINEAR LINEAR LINEAR LINEAR LINEAR LINEAR LINEAR LINEAR</Name_array>
        <technique_common>
          <accessor source="#Bip01_Tail2_matrix_Bip01_Tail2_transform-interpolations-array" count="61" stride="1">
            <param name="INTERPOLATION" type="Name"/>
          </accessor>
        </technique_common>
      </source>
      <sampler id="Bip01_Tail2_matrix_Bip01_Tail2_transform-sampler">
        <input semantic="INPUT" source="#Bip01_Tail2_matrix_Bip01_Tail2_transform-input"/>
        <input semantic="OUTPUT" source="#Bip01_Tail2_matrix_Bip01_Tail2_transform-output"/>
        <input semantic="INTERPOLATION" source="#Bip01_Tail2_matrix_Bip01_Tail2_transform-interpolations"/>
      </sampler>
      <channel source="#Bip01_Tail2_matrix_Bip01_Tail2_transform-sampler" target="Bip01_Tail2/transform"/>
    </animation>
  </library_animations>
  <library_materials>
    <material id="phong1" name="phong1">
      <instance_effect url="#phong1-fx"/>
    </material>
    <material id="Ele_Tuskh" name="Ele_Tuskh">
      <instance_effect url="#Ele_Tuskh-fx"/>
    </material>
    <material id="ElepEYE" name="ElepEYE">
      <instance_effect url="#ElepEYE-fx"/>
    </material>
    <material id="___Default" name="___Default">
      <instance_effect url="#___Default-fx"/>
    </material>
    <material id="phong2" name="phong2">
      <instance_effect url="#phong2-fx"/>
    </material>
    <material id="phong3" name="phong3">
      <instance_effect url="#phong3-fx"/>
    </material>
  </library_materials>
  <library_effects>
    <effect id="phong1-fx">
      <profile_COMMON>
        <technique sid="common">
          <phong>
            <emission>
              <color>0 0 0 1.000000</color>
            </emission>
            <ambient>
              <color>0.400000 0.400000 0.400000 1.000000</color>
            </ambient>
            <diffuse>
              <color>0.500000 0.500000 0.500000 1.000000</color>
            </diffuse>
            <specular>
              <color>0.300000 0.300000 0.300000 1.000000</color>
            </specular>
            <shininess>
              <float>20.000000</float>
            </shininess>
            <reflective>
              <color>0 0 0 1.000000</color>
            </reflective>
            <reflectivity>
              <float>0.500000</float>
            </reflectivity>
            <transparent opaque="RGB_ZERO">
              <color>0 0 0 1.000000</color>
            </transparent>
            <transparency>
              <float>1.000000</float>
            </transparency>
            <index_of_refraction>
              <float>0</float>
            </index_of_refraction>
          </phong>
          <extra>
            <technique profile="FCOLLADA"/>
          </extra>
        </technique>
      </profile_COMMON>
    </effect>
    <effect id="Ele_Tuskh-fx">
      <profile_COMMON>
        <technique sid="common">
          <phong>
            <emission>
              <color>0 0 0 1.000000</color>
            </emission>
            <ambient>
              <color>0.960784 0.929412 0.843137 1.000000</color>
            </ambient>
            <diffuse>
              <color>0.960784 0.929412 0.843137 1.000000</color>
            </diffuse>
            <specular>
              <color>0.200000 0.200000 0.200000 1.000000</color>
            </specular>
            <shininess>
              <float>1.515717</float>
            </shininess>
            <reflective>
              <color>0 0 0 1.000000</color>
            </reflective>
            <reflectivity>
              <float>0.500000</float>
            </reflectivity>
            <transparent opaque="RGB_ZERO">
              <color>0 0 0 1.000000</color>
            </transparent>
            <transparency>
              <float>1.000000</float>
            </transparency>
            <index_of_refraction>
              <float>0</float>
            </index_of_refraction>
          </phong>
          <extra>
            <technique profile="FCOLLADA"/>
          </extra>
        </technique>
      </profile_COMMON>
    </effect>
    <effect id="ElepEYE-fx">
      <profile_COMMON>
        <technique sid="common">
          <phong>
            <emission>
              <color>0 0 0 1.000000</color>
            </emission>
            <ambient>
              <color>0.007843 0.007843 0.011765 1.000000</color>
            </ambient>
            <diffuse>
              <color>0.007843 0.007843 0.011765 1.000000</color>
            </diffuse>
            <specular>
              <color>0.898039 0.898039 0.898039 1.000000</color>
            </specular>
            <shininess>
              <float>127.999992</float>
            </shininess>
            <reflective>
              <color>0 0 0 1.000000</color>
            </reflective>
            <reflectivity>
              <float>0.500000</float>
            </reflectivity>
            <transparent opaque="RGB_ZERO">
              <color>0 0 0 1.000000</color>
            </transparent>
            <transparency>
              <float>1.000000</float>
            </transparency>
            <index_of_refraction>
              <float>0</float>
            </index_of_refraction>
          </phong>
          <extra>
            <technique profile="FCOLLADA"/>
          </extra>
        </technique>
      </profile_COMMON>
    </effect>
    <effect id="___Default-fx">
      <profile_COMMON>
        <technique sid="common">
          <phong>
            <emission>
              <color>0 0 0 1.000000</color>
            </emission>
            <ambient>
              <color>0.588235 0.588235 0.588235 1.000000</color>
            </ambient>
            <diffuse>
              <color>0.588235 0.588235 0.588235 1.000000</color>
            </diffuse>
            <specular>
              <color>0 0 0 1.000000</color>
            </specular>
            <shininess>
              <float>2.000000</float>
            </shininess>
            <reflective>
              <color>0 0 0 1.000000</color>
            </reflective>
            <reflectivity>
              <float>0.500000</float>
            </reflectivity>
            <transparent opaque="RGB_ZERO">
              <color>0 0 0 1.000000</color>
            </transparent>
            <transparency>
              <float>1.000000</float>
            </transparency>
            <index_of_refraction>
              <float>0</float>
            </index_of_refraction>
          </phong>
          <extra>
            <technique profile="FCOLLADA"/>
          </extra>
        </technique>
      </profile_COMMON>
    </effect>
    <effect id="phong2-fx">
      <profile_COMMON>
        <technique sid="common">
          <phong>
            <emission>
              <color>0 0 0 1.000000</color>
            </emission>
            <ambient>
              <color>0.400000 0.400000 0.400000 1.000000</color>
            </ambient>
            <diffuse>
              <color>0.500000 0.500000 0.500000 1.000000</color>
            </diffuse>
            <specular>
              <color>0.300000 0.300000 0.300000 1.000000</color>
            </specular>
            <shininess>
              <float>20.000000</float>
            </shininess>
            <reflective>
              <color>0 0 0 1.000000</color>
            </reflective>
            <reflectivity>
              <float>0.500000</float>
            </reflectivity>
            <transparent opaque="RGB_ZERO">
              <color>0 0 0 1.000000</color>
            </transparent>
            <transparency>
              <float>1.000000</float>
            </transparency>
            <index_of_refraction>
              <float>0</float>
            </index_of_refraction>
          </phong>
          <extra>
            <technique profile="FCOLLADA"/>
          </extra>
        </technique>
      </profile_COMMON>
    </effect>
    <effect id="phong3-fx">
      <profile_COMMON>
        <technique sid="common">
          <phong>
            <emission>
              <color>0 0 0 1.000000</color>
            </emission>
            <ambient>
              <color>0.400000 0.400000 0.400000 1.000000</color>
            </ambient>
            <diffuse>
              <color>0.500000 0.500000 0.500000 1.000000</color>
            </diffuse>
            <specular>
              <color>0.300000 0.300000 0.300000 1.000000</color>
            </specular>
            <shininess>
              <float>20.000000</float>
            </shininess>
            <reflective>
              <color>0 0 0 1.000000</color>
            </reflective>
            <reflectivity>
              <float>0.500000</float>
            </reflectivity>
            <transparent opaque="RGB_ZERO">
              <color>0 0 0 1.000000</color>
            </transparent>
            <transparency>
              <float>1.000000</float>
            </transparency>
            <index_of_refraction>
              <float>0</float>
            </index_of_refraction>
          </phong>
          <extra>
            <technique profile="FCOLLADA"/>
          </extra>
        </technique>
      </profile_COMMON>
    </effect>
  </library_effects>
  <library_visual_scenes>
    <visual_scene id="VisualSceneNode" name="idle">
      <node id="Zou_CTL2" name="Zou_CTL2" type="NODE">
        <matrix sid="transform">0 0 1.000000 0.000000 0 1.000000 0 2.721300 -1.000000 0 0 0.130000 0 0 0 1.000000</matrix>
      </node>
      <node id="Zou_CTL" name="Zou_CTL" type="JOINT">
        <matrix sid="transform">0 0 1.000000 0.000000 0 1.000000 0 2.721300 -1.000000 0 0 0.130000 0 0 0 1.000000</matrix>
        <node id="Bip01" name="Bip01" type="JOINT">
          <matrix sid="transform">0 0.000001 -1.000000 1.341382 -1.000000 0 0 -0.391069 0 1.000000 0.000001 0 0 0 0 1.000000</matrix>
          <node id="Bip01_Pelvis" name="Bip01_Pelvis" type="JOINT">
            <matrix sid="transform">0 1.000000 -0.000001 0 0 0.000001 1.000000 0 1.000000 0 0 0 0 0 0 1.000000</matrix>
            <node id="Bip01_Spine" name="Bip01_Spine" type="JOINT">
              <matrix sid="transform">0.996264 0.086362 -0.000001 0.542830 -0.086362 0.996264 0.000004 -0.215382 0.000002 -0.000004 1.000000 0.000001 0 0 0 1.000000</matrix>
              <node id="Bip01_Spine1" name="Bip01_Spine1" type="JOINT">
                <matrix sid="transform">0.996195 0.087156 0.000000 0.794419 -0.087156 0.996195 0 -0.000630 -0.000000 0 1.000000 0 0 0 0 1.000000</matrix>
                <node id="Bip01_Spine2" name="Bip01_Spine2" type="JOINT">
                  <matrix sid="transform">0.996195 0.087156 0.000000 0.794419 -0.087156 0.996195 0 -0.000630 -0.000000 0 1.000000 0 0 0 0 1.000000</matrix>
                  <node id="Bip01_Neck" name="Bip01_Neck" type="JOINT">
                    <matrix sid="transform">1.000000 0 0 0.908116 0 1.000000 0 0.031482 0 0 1.000000 0 0 0 0 1.000000</matrix>
                    <node id="Bip01_Head" name="Bip01_Head" type="JOINT">
                      <matrix sid="transform">0.818694 0.574230 0.000002 0.311891 -0.574230 0.818694 -0.000001 -0.000000 -0.000002 -0.000001 1.000000 0 0 0 0 1.000000</matrix>
                      <node id="Bip01_Ponytail1" name="Bip01_Ponytail1" type="JOINT">
                        <matrix sid="transform">-0.250861 0.968023 0.000003 0.787457 0.968023 0.250861 0.000004 1.064350 0.000003 0.000003 -1.000000 0.000007 0 0 0 1.000000</matrix>
                        <node id="Bip01_Ponytail11" name="Bip01_Ponytail11" type="JOINT">
                          <matrix sid="transform">0.967251 0.253823 0.000001 0.615828 -0.253823 0.967251 0 -0.000475 -0.000001 0 1.000000 0 0 0 0 1.000000</matrix>
                          <node id="Bip01_Ponytail12" name="Bip01_Ponytail12" type="JOINT">
                            <matrix sid="transform">0.949580 0.313525 0.000001 0.615797 -0.313525 0.949580 -0.000000 -0.000466 -0.000001 -0.000000 1.000000 0 0 0 0 1.000000</matrix>
                            <node id="Bip01_Ponytail13" name="Bip01_Ponytail13" type="JOINT">
                              <matrix sid="transform">0.972384 0.233387 0.000001 0.615837 -0.233387 0.972384 0 -0.000477 -0.000001 0 1.000000 0 0 0 0 1.000000</matrix>
                              <node id="Bip01_Ponytail14" name="Bip01_Ponytail14" type="JOINT">
                                <matrix sid="transform">0.991202 0.132356 0.000000 0.615887 -0.132356 0.991202 0 -0.000486 -0.000000 0 1.000000 0 0 0 0 1.000000</matrix>
                              </node>
                            </node>
                          </node>
                        </node>
                      </node>
                      <node id="Mimi_L_Bone" name="Mimi_L_Bone" type="JOINT">
                        <matrix sid="transform">0.181025 0.049655 0.982224 0.381765 -0.704595 -0.690220 0.164751 0.025698 0.686131 -0.721894 -0.089961 0.614096 0 0 0 1.000000</matrix>
                      </node>
                      <node id="Mimi_R_Bone" name="Mimi_R_Bone" type="JOINT">
                        <matrix sid="transform">0.181024 -0.049656 0.982224 0.381764 -0.704592 0.690223 0.164751 0.025700 -0.686135 -0.721891 0.089960 -0.614104 0 0 0 1.000000</matrix>
                      </node>
                    </node>
                    <node id="Bip01_L_Clavicle" name="Bip01_L_Clavicle" type="JOINT">
                      <matrix sid="transform">-0.383638 -0.000254 0.923484 -0.269566 0.875340 -0.318765 0.363550 -0.073129 0.294282 0.947834 0.122512 0.228309 0 0 0 1.000000</matrix>
                      <node id="Bip01_L_UpperArm" name="Bip01_L_UpperArm" type="JOINT">
                        <matrix sid="transform">0.924815 -0.354923 0.136918 0.893299 -0.100408 0.119414 0.987754 0 -0.366926 -0.927238 0.074799 0 0 0 0 1.000000</matrix>
                        <node id="Bip01_L_Forearm" name="Bip01_L_Forearm" type="JOINT">
                          <matrix sid="transform">0.548784 0.835964 0 0.968692 -0.835964 0.548784 0 0 0 0 1.000000 0 0 0 0 1.000000</matrix>
                          <node id="Bip01_L_Hand" name="Bip01_L_Hand" type="JOINT">
                            <matrix sid="transform">0.872188 0.462276 -0.159964 0.980342 0.461497 -0.886036 -0.044267 0 -0.162197 -0.035213 -0.986130 0 0 0 0 1.000000</matrix>
                          </node>
                        </node>
                      </node>
                    </node>
                    <node id="Bip01_R_Clavicle" name="Bip01_R_Clavicle" type="JOINT">
                      <matrix sid="transform">-0.383638 -0.000254 -0.923484 -0.269566 0.875342 -0.318759 -0.363551 -0.073128 -0.294277 -0.947836 0.122510 -0.228310 0 0 0 1.000000</matrix>
                      <node id="Bip01_R_UpperArm" name="Bip01_R_UpperArm" type="JOINT">
                        <matrix sid="transform">0.921326 -0.358281 -0.150972 0.893299 -0.112226 0.126709 -0.985571 0 0.372241 0.924975 0.076532 0 0 0 0 1.000000</matrix>
                        <node id="Bip01_R_Forearm" name="Bip01_R_Forearm" type="JOINT">
                          <matrix sid="transform">0.541645 0.840607 0 0.968692 -0.840607 0.541645 0 0 0 0 1.000000 0 0 0 0 1.000000</matrix>
                          <node id="Bip01_R_Hand" name="Bip01_R_Hand" type="JOINT">
                            <matrix sid="transform">0.872383 0.466088 0.147344 0.980341 0.465867 -0.884032 0.038159 0 0.148043 0.035353 -0.988349 0 0 0 0 1.000000</matrix>
                          </node>
                        </node>
                      </node>
                    </node>
                  </node>
                </node>
              </node>
              <node id="Bip01_L_Thigh" name="Bip01_L_Thigh" type="JOINT">
                <matrix sid="transform">0.157772 0.986965 -0.031740 -0.559402 0.969290 -0.148646 0.195910 0.167696 0.188638 -0.061675 -0.980108 0.498668 0 0 0 1.000000</matrix>
                <node id="Bip01_L_Calf" name="Bip01_L_Calf" type="JOINT">
                  <matrix sid="transform">0.638195 0.769875 0 1.191516 -0.769875 0.638195 0 0 0 0 1.000000 0 0 0 0 1.000000</matrix>
                  <node id="Bip01_L_Foot" name="Bip01_L_Foot" type="JOINT">
                    <matrix sid="transform">0.787223 -0.593381 -0.167868 0.961470 0.584046 0.804787 -0.105865 0 0.197916 -0.014703 0.980109 0 0 0 0 1.000000</matrix>
                  </node>
                </node>
              </node>
              <node id="Bip01_R_Thigh" name="Bip01_R_Thigh" type="JOINT">
                <matrix sid="transform">0.332499 0.942424 0.035804 -0.559402 0.917485 -0.314446 -0.243608 0.167699 -0.218323 0.113849 -0.969213 -0.498667 0 0 0 1.000000</matrix>
                <node id="Bip01_R_Calf" name="Bip01_R_Calf" type="JOINT">
                  <matrix sid="transform">0.640036 0.768345 0 1.191516 -0.768345 0.640036 0 0 0 0 1.000000 0 0 0 0 1.000000</matrix>
                  <node id="Bip01_R_Foot" name="Bip01_R_Foot" type="JOINT">
                    <matrix sid="transform">0.869886 -0.437805 0.227213 0.961470 0.427650 0.898951 0.094882 -0.000000 -0.245793 0.014631 0.969212 0 0 0 0 1.000000</matrix>
                  </node>
                </node>
              </node>
              <node id="Bip01_Tail" name="Bip01_Tail" type="JOINT">
                <matrix sid="transform">-0.166772 -0.985991 -0.002998 -1.365355 0.985830 -0.166799 0.017787 -0.441513 -0.018038 0.000011 0.999837 -0.000001 0 0 0 1.000000</matrix>
                <node id="Bip01_Tail1" name="Bip01_Tail1" type="JOINT">
                  <matrix sid="transform">0.997250 0.071898 0.017993 0.599126 -0.071886 0.997412 -0.001311 -0.000410 -0.018041 0.000014 0.999837 0 0 0 0 1.000000</matrix>
                  <node id="Bip01_Tail2" name="Bip01_Tail2" type="JOINT">
                    <matrix sid="transform">0.999928 0.010020 -0.006631 0.516108 -0.010020 0.999950 0.000072 -0.000415 0.006632 -0.000005 0.999978 0 0 0 0 1.000000</matrix>
                  </node>
                </node>
              </node>
            </node>
          </node>
        </node>
      </node>
      <extra>
        <technique profile="FCOLLADA">
          <start_time>0</start_time>
          <end_time>2.000000</end_time>
        </technique>
      </extra>
    </visual_scene>
  </library_visual_scenes>
  <scene>
    <instance_visual_scene url="#VisualSceneNode"/>
  </scene>
</COLLADA>
