<?xml version="1.0" encoding="utf-8"?>
<COLLADA xmlns="http://www.collada.org/2005/11/COLLADASchema" version="1.4.1">
  <asset>
    <contributor>
      <author>Nicolas_Serres</author>
      <authoring_tool>Maya 8.5P01 | ColladaMaya v3.02 | FCollada v3.2</authoring_tool>
      <comments>Collada Maya Export Options: bakeTransforms=1;exportPolygonMeshes=0;bakeLighting=0;isSampling=1;
curveConstrainSampling=0;exportCameraAsLookat=0;
exportLights=0;exportCameras=0;exportJointsAndSkin=1;
exportAnimations=1;exportTriangles=0;exportInvisibleNodes=0;
exportNormals=0;exportTexCoords=0;exportVertexColors=0;exportTangents=0;
exportTexTangents=0;exportConstraints=0;exportPhysics=0;exportXRefs=1;
dereferenceXRefs=0;cameraXFov=0;cameraYFov=1</comments>
      <source_data>file:///C:/Documents%20and%20Settings/nicolas_serres/Desktop/EDGE_ASSETS/ANIMATION/MALE/M_STA_M_03_P2.mb</source_data>
    </contributor>
    <created>2007-05-10T15:18:46Z</created>
    <modified>2007-05-10T15:18:46Z</modified>
    <unit meter="1" name="meter"/>
    <up_axis>Y_UP</up_axis>
  </asset>
  <library_animations>
    <animation id="Pelvis_matrix">
      <source id="Pelvis_matrix_Pelvis_transform-input">
        <float_array id="Pelvis_matrix_Pelvis_transform-input-array" count="31">0 0.033333 0.066666 0.1 0.133333 0.166667 0.2 0.233333 0.266667 0.3 0.333333 0.366667 0.4 0.433333 0.466667 0.5 0.533333 0.566667 0.6 0.633333 0.666667 0.7 0.733333 0.766667 0.8 0.833333 0.866667 0.9 0.933333 0.966667 1</float_array>
        <technique_common>
          <accessor source="#Pelvis_matrix_Pelvis_transform-input-array" count="31" stride="1">
            <param name="TIME" type="float"/>
          </accessor>
        </technique_common>
        <technique profile="MAYA">
          <pre_infinity>CONSTANT</pre_infinity>
          <post_infinity>CONSTANT</post_infinity>
        </technique>
      </source>
      <source id="Pelvis_matrix_Pelvis_transform-output">
        <float_array id="Pelvis_matrix_Pelvis_transform-output-array" count="496">0.997622 0.061421 0.031258 -0.013099 -0.059923 0.997105 -0.046803 0.985706 -0.034042 0.044819 0.998415 0 0 0 0 1 0.999256 0.038566 -0.000589 -0.013113 -0.038546 0.997979 -0.050527 0.983289 -0.00136 0.050512 0.998722 0 0 0 0 1 0.999238 0.019746 -0.033677 -0.013105 -0.021555 0.998296 -0.05423 0.975449 0.032549 0.054914 0.99796 0 0 0 0 1 0.997908 0.008341 -0.064105 -0.0121 -0.012005 0.998302 -0.056995 0.965188 0.06352 0.057645 0.996314 0 0 0 0 1 0.995659 0.002439 -0.093043 -0.010208 -0.00792 0.998251 -0.058589 0.951322 0.092737 0.059072 0.993937 0 0 0 0 1 0.992487 -0.000149 -0.12235 -0.007853 -0.007134 0.998227 -0.059092 0.935035 0.122142 0.059521 0.990726 0 0 0 0 1 0.989154 -0.002938 -0.146852 -0.004525 -0.005686 0.998284 -0.058277 0.922875 0.146771 0.05848 0.98744 0 0 0 0 1 0.986839 -0.011545 -0.161294 0.00115 0.002504 0.99842 -0.056139 0.916738 0.161687 0.054997 0.985308 0 0 0 0 1 0.985803 -0.026542 -0.165796 0.008087 0.017986 0.998438 -0.052895 0.914729 0.166941 0.049162 0.98474 0 0 0 0 1 0.985619 -0.043674 -0.163244 0.0133 0.036125 0.998149 -0.048933 0.917706 0.165078 0.042332 0.985372 0 0 0 0 1 0.98626 -0.0642 -0.152214 0.015327 0.057594 0.997213 -0.047425 0.928042 0.154835 0.038006 0.987209 0 0 0 0 1 0.987096 -0.083897 -0.136393 0.015608 0.078318 0.995877 -0.045775 0.943365 0.139671 0.034503 0.989597 0 0 0 0 1 0.988712 -0.094377 -0.116365 0.015399 0.089734 0.99497 -0.044519 0.957418 0.119982 0.033574 0.992208 0 0 0 0 1 0.991752 -0.090475 -0.09079 0.014877 0.086737 0.995245 -0.044311 0.969501 0.094367 0.036071 0.994884 0 0 0 0 1 0.995154 -0.077186 -0.060922 0.013866 0.0745 0.996196 -0.045196 0.980315 0.064179 0.040438 0.997119 0 0 0 0 1 0.997622 -0.061421 -0.031258 0.013099 0.059923 0.997105 -0.046803 0.985706 0.034042 0.044819 0.998415 0 0 0 0 1 0.999032 -0.043952 -0.001754 0.013213 0.043813 0.997832 -0.049102 0.983289 0.003908 0.048977 0.998792 0 0 0 0 1 0.999335 -0.023992 0.027466 0.013572 0.025405 0.998308 -0.052296 0.975449 -0.026165 0.052959 0.998254 0 0 0 0 1 0.998643 -0.006312 0.051694 0.013 0.009193 0.998407 -0.055673 0.965188 -0.05126 0.056073 0.99711 0 0 0 0 1 0.997398 0.008934 0.07154 0.011141 -0.004708 0.998245 -0.059025 0.951322 -0.071942 0.058535 0.99569 0 0 0 0 1 0.995652 0.024096 0.089975 0.008353 -0.018487 0.997864 -0.06266 0.935035 -0.091293 0.060724 0.993971 0 0 0 0 1 0.993647 0.03809 0.105903 0.004525 -0.031164 0.997313 -0.066297 0.922875 -0.108144 0.062575 0.992164 0 0 0 0 1 0.991234 0.044387 0.124438 -0.001283 -0.036138 0.997045 -0.067783 0.916738 -0.127079 0.062692 0.989909 0 0 0 0 1 0.989431 0.050368 0.135979 -0.008154 -0.041469 0.996857 -0.0675 0.914729 -0.138951 0.061148 0.98841 0 0 0 0 1 0.988593 0.056112 0.139771 -0.013299 -0.047306 0.996727 -0.065552 0.917706 -0.142992 0.058192 0.988012 0 0 0 0 1 0.98905 0.061213 0.134284 -0.015327 -0.053286 0.996662 -0.061854 0.928042 -0.137622 0.054021 0.989011 0 0 0 0 1 0.990263 0.068232 0.12134 -0.015608 -0.061663 0.996462 -0.057098 0.943365 -0.124807 0.04906 0.990967 0 0 0 0 1 0.991627 0.075105 0.105047 -0.015399 -0.069875 0.996167 -0.052622 0.957418 -0.108597 0.044841 0.993074 0 0 0 0 1 0.993598 0.075053 0.084441 -0.014899 -0.071069 0.996255 -0.049246 0.969501 -0.087821 0.042929 0.995211 0 0 0 0 1 0.995897 0.069009 0.058534 -0.013888 -0.066282 0.996678 -0.047322 0.980315 -0.061605 0.043248 0.997163 0 0 0 0 1 0.997622 0.061421 0.031258 -0.013099 -0.059923 0.997105 -0.046803 0.985706 -0.034042 0.044819 0.998415 0 0 0 0 1</float_array>
        <technique_common>
          <accessor source="#Pelvis_matrix_Pelvis_transform-output-array" count="31" stride="16">
            <param name="TRANSFORM" type="float4x4"/>
          </accessor>
        </technique_common>
      </source>
      <source id="Pelvis_matrix_Pelvis_transform-interpolations">
        <Name_array id="Pelvis_matrix_Pelvis_transform-interpolations-array" count="31">LINEAR LINEAR LINEAR LINEAR LINEAR LINEAR LINEAR LINEAR LINEAR LINEAR LINEAR LINEAR LINEAR LINEAR LINEAR LINEAR LINEAR LINEAR LINEAR LINEAR LINEAR LINEAR LINEAR LINEAR LINEAR LINEAR LINEAR LINEAR LINEAR LINEAR LINEAR</Name_array>
        <technique_common>
          <accessor source="#Pelvis_matrix_Pelvis_transform-interpolations-array" count="31" stride="1">
            <param name="INTERPOLATION" type="Name"/>
          </accessor>
        </technique_common>
      </source>
      <sampler id="Pelvis_matrix_Pelvis_transform-sampler">
        <input semantic="INPUT" source="#Pelvis_matrix_Pelvis_transform-input"/>
        <input semantic="OUTPUT" source="#Pelvis_matrix_Pelvis_transform-output"/>
        <input semantic="INTERPOLATION" source="#Pelvis_matrix_Pelvis_transform-interpolations"/>
      </sampler>
      <channel source="#Pelvis_matrix_Pelvis_transform-sampler" target="Pelvis/transform"/>
    </animation>
    <animation id="LeftUpLeg_Helper1_matrix">
      <source id="LeftUpLeg_Helper1_matrix_LeftUpLeg_Helper1_transform-input">
        <float_array id="LeftUpLeg_Helper1_matrix_LeftUpLeg_Helper1_transform-input-array" count="31">0 0.033333 0.066666 0.1 0.133333 0.166667 0.2 0.233333 0.266667 0.3 0.333333 0.366667 0.4 0.433333 0.466667 0.5 0.533333 0.566667 0.6 0.633333 0.666667 0.7 0.733333 0.766667 0.8 0.833333 0.866667 0.9 0.933333 0.966667 1</float_array>
        <technique_common>
          <accessor source="#LeftUpLeg_Helper1_matrix_LeftUpLeg_Helper1_transform-input-array" count="31" stride="1">
            <param name="TIME" type="float"/>
          </accessor>
        </technique_common>
        <technique profile="MAYA">
          <pre_infinity>CONSTANT</pre_infinity>
          <post_infinity>CONSTANT</post_infinity>
        </technique>
      </source>
      <source id="LeftUpLeg_Helper1_matrix_LeftUpLeg_Helper1_transform-output">
        <float_array id="LeftUpLeg_Helper1_matrix_LeftUpLeg_Helper1_transform-output-array" count="496">-0.994546 0.104263 0.002639 0.087164 -0.094461 -0.911203 0.400982 -0.000001 0.044212 0.398546 0.916082 0 0 0 0 1 -0.996819 0.079525 0.005233 0.087164 -0.067197 -0.873971 0.481309 -0.000001 0.04285 0.479427 0.876535 0 0 0 0 1 -0.997885 0.064518 0.007938 0.087164 -0.050795 -0.850126 0.524124 -0.000001 0.040564 0.522612 0.851605 0 0 0 0 1 -0.998368 0.056404 0.008952 0.087164 -0.04354 -0.853174 0.519807 -0.000001 0.036957 0.518568 0.854237 0 0 0 0 1 -0.998193 0.05979 0.00603 0.087164 -0.048075 -0.854738 0.516828 -0.000001 0.036056 0.515604 0.856068 0 0 0 0 1 -0.99694 0.078163 0.001008 0.087164 -0.066048 -0.849189 0.523942 -0.000001 0.041809 0.522273 0.851753 0 0 0 0 1 -0.995563 0.094078 -0.001598 0.087164 -0.079076 -0.827353 0.556088 -0.000001 0.050993 0.553747 0.831122 0 0 0 0 1 -0.996099 0.088236 0.000838 0.087164 -0.070501 -0.801529 0.593785 -0.000001 0.053065 0.59141 0.804623 0 0 0 0 1 -0.997558 0.06958 0.006031 0.087164 -0.051985 -0.797418 0.601184 -0.000001 0.046639 0.599402 0.799088 0 0 0 0 1 -0.998839 0.046953 0.010777 0.087164 -0.032273 -0.818284 0.573907 -0.000001 0.035765 0.572893 0.818849 0 0 0 0 1 -0.999748 0.017944 0.013467 0.087164 -0.007957 -0.844849 0.534945 -0.000001 0.020977 0.534703 0.844779 0 0 0 0 1 -0.999763 -0.01562 0.015153 0.087164 0.020885 -0.884338 0.46638 -0.000001 0.006116 0.466586 0.884455 0 0 0 0 1 -0.998926 -0.043856 0.014955 0.087164 0.046227 -0.921145 0.386464 -0.000001 -0.003173 0.38674 0.922183 0 0 0 0 1 -0.997899 -0.063935 0.010523 0.087164 0.064196 -0.9535 0.294476 -0.000001 -0.008793 0.294533 0.955601 0 0 0 0 1 -0.997401 -0.071942 0.003917 0.087164 0.071457 -0.980787 0.181525 -0.000001 -0.009216 0.181333 0.983379 0 0 0 0 1 -0.99789 -0.064924 -0.00053 0.087164 0.064742 -0.995633 0.067253 -0.000001 -0.004894 0.067077 0.997736 0 0 0 0 1 -0.998934 -0.046152 -0.000091 0.087164 0.046144 -0.998718 -0.020815 -0.000001 0.000869 -0.020798 0.999783 0 0 0 0 1 -0.999798 -0.019875 0.002893 0.087164 0.019565 -0.996326 -0.083376 -0.000001 0.00454 -0.083303 0.996514 0 0 0 0 1 -0.999956 0.007679 0.005381 0.087164 -0.008343 -0.990555 -0.136862 -0.000001 0.004279 -0.136901 0.990576 0 0 0 0 1 -0.999312 0.036578 0.006072 0.087164 -0.037078 -0.984372 -0.172154 -0.000001 -0.000319 -0.172261 0.985051 0 0 0 0 1 -0.997611 0.068797 0.006336 0.087164 -0.068648 -0.97674 -0.20314 -0.000001 -0.007786 -0.20309 0.979129 0 0 0 0 1 -0.994841 0.101219 0.006823 0.087164 -0.099766 -0.963931 -0.246746 -0.000001 -0.018398 -0.246154 0.969056 0 0 0 0 1 -0.991181 0.132286 0.007786 0.087164 -0.129963 -0.958943 -0.252067 -0.000001 -0.025877 -0.250856 0.967679 0 0 0 0 1 -0.985395 0.170065 0.008637 0.087164 -0.167 -0.955231 -0.244223 -0.000001 -0.033282 -0.242099 0.969681 0 0 0 0 1 -0.980165 0.19799 0.008699 0.087164 -0.194693 -0.953782 -0.228898 -0.000001 -0.037021 -0.226052 0.973412 0 0 0 0 1 -0.979506 0.201343 0.005433 0.087164 -0.200312 -0.970957 -0.130834 -0.000001 -0.021066 -0.129241 0.991389 0 0 0 0 1 -0.982581 0.185829 0.001779 0.087164 -0.185835 -0.982472 -0.014606 -0.000001 -0.000966 -0.014683 0.999892 0 0 0 0 1 -0.986307 0.164922 -0.000376 0.087164 -0.164083 -0.981056 0.102985 -0.000001 0.016615 0.101637 0.994683 0 0 0 0 1 -0.989628 0.143653 -0.000305 0.087164 -0.14042 -0.966902 0.213033 -0.000001 0.030307 0.210866 0.977045 0 0 0 0 1 -0.992564 0.121721 0.00106 0.087164 -0.115305 -0.94296 0.312299 -0.000001 0.039013 0.309855 0.949983 0 0 0 0 1 -0.994546 0.104263 0.002639 0.087164 -0.094461 -0.911203 0.400982 -0.000001 0.044212 0.398546 0.916082 0 0 0 0 1</float_array>
        <technique_common>
          <accessor source="#LeftUpLeg_Helper1_matrix_LeftUpLeg_Helper1_transform-output-array" count="31" stride="16">
            <param name="TRANSFORM" type="float4x4"/>
          </accessor>
        </technique_common>
      </source>
      <source id="LeftUpLeg_Helper1_matrix_LeftUpLeg_Helper1_transform-interpolations">
        <Name_array id="LeftUpLeg_Helper1_matrix_LeftUpLeg_Helper1_transform-interpolations-array" count="31">LINEAR LINEAR LINEAR LINEAR LINEAR LINEAR LINEAR LINEAR LINEAR LINEAR LINEAR LINEAR LINEAR LINEAR LINEAR LINEAR LINEAR LINEAR LINEAR LINEAR LINEAR LINEAR LINEAR LINEAR LINEAR LINEAR LINEAR LINEAR LINEAR LINEAR LINEAR</Name_array>
        <technique_common>
          <accessor source="#LeftUpLeg_Helper1_matrix_LeftUpLeg_Helper1_transform-interpolations-array" count="31" stride="1">
            <param name="INTERPOLATION" type="Name"/>
          </accessor>
        </technique_common>
      </source>
      <sampler id="LeftUpLeg_Helper1_matrix_LeftUpLeg_Helper1_transform-sampler">
        <input semantic="INPUT" source="#LeftUpLeg_Helper1_matrix_LeftUpLeg_Helper1_transform-input"/>
        <input semantic="OUTPUT" source="#LeftUpLeg_Helper1_matrix_LeftUpLeg_Helper1_transform-output"/>
        <input semantic="INTERPOLATION" source="#LeftUpLeg_Helper1_matrix_LeftUpLeg_Helper1_transform-interpolations"/>
      </sampler>
      <channel source="#LeftUpLeg_Helper1_matrix_LeftUpLeg_Helper1_transform-sampler" target="LeftUpLeg_Helper1/transform"/>
    </animation>
    <animation id="RightUpLeg_Helper1_matrix">
      <source id="RightUpLeg_Helper1_matrix_RightUpLeg_Helper1_transform-input">
        <float_array id="RightUpLeg_Helper1_matrix_RightUpLeg_Helper1_transform-input-array" count="31">0 0.033333 0.066666 0.1 0.133333 0.166667 0.2 0.233333 0.266667 0.3 0.333333 0.366667 0.4 0.433333 0.466667 0.5 0.533333 0.566667 0.6 0.633333 0.666667 0.7 0.733333 0.766667 0.8 0.833333 0.866667 0.9 0.933333 0.966667 1</float_array>
        <technique_common>
          <accessor source="#RightUpLeg_Helper1_matrix_RightUpLeg_Helper1_transform-input-array" count="31" stride="1">
            <param name="TIME" type="float"/>
          </accessor>
        </technique_common>
        <technique profile="MAYA">
          <pre_infinity>CONSTANT</pre_infinity>
          <post_infinity>CONSTANT</post_infinity>
        </technique>
      </source>
      <source id="RightUpLeg_Helper1_matrix_RightUpLeg_Helper1_transform-output">
        <float_array id="RightUpLeg_Helper1_matrix_RightUpLeg_Helper1_transform-output-array" count="496">-0.99789 -0.064921 -0.00053 -0.087164 -0.064739 0.995633 -0.067254 0 0.004894 -0.067078 -0.997736 0 0 0 0 1 -0.999189 -0.040257 0.000072 -0.087164 -0.040251 0.999069 0.015524 0 -0.000697 0.015508 -0.999879 0 0 0 0 1 -0.999899 -0.013873 0.003041 -0.087164 -0.013602 0.997019 0.075949 0 -0.004086 0.0759 -0.997107 0 0 0 0 1 -0.99994 0.009569 0.005364 -0.087164 0.010194 0.991169 0.132209 0 -0.004051 0.132255 -0.991207 0 0 0 0 1 -0.999437 0.032975 0.006181 -0.087164 0.033547 0.984237 0.173642 0 -0.000357 0.173751 -0.984789 0 0 0 0 1 -0.99828 0.058248 0.006616 -0.087164 0.058338 0.975989 0.209862 0 0.005766 0.209887 -0.977709 0 0 0 0 1 -0.99625 0.086224 0.007116 -0.087164 0.085222 0.96383 0.252525 0 0.014914 0.252184 -0.967564 0 0 0 0 1 -0.991935 0.126506 0.007867 -0.087164 0.124391 0.95967 0.252113 0 0.024343 0.251058 -0.967666 0 0 0 0 1 -0.984128 0.177261 0.008463 -0.087164 0.173764 0.952834 0.248824 0 0.036042 0.246345 -0.968512 0 0 0 0 1 -0.976514 0.215291 0.008352 -0.087164 0.211001 0.947776 0.239164 0 0.043573 0.235309 -0.970943 0 0 0 0 1 -0.974723 0.223365 0.004831 -0.087164 0.22184 0.965048 0.139535 0 0.026504 0.13708 -0.990205 0 0 0 0 1 -0.977721 0.209906 0.000834 -0.087164 0.209879 0.977516 0.020321 0 0.003449 0.020044 -0.999793 0 0 0 0 1 -0.982559 0.185944 -0.001383 -0.087164 0.185156 0.977655 -0.099542 0 -0.017156 -0.098062 -0.995032 0 0 0 0 1 -0.987339 0.158618 -0.001068 -0.087164 0.155257 0.964998 -0.211364 0 -0.032494 -0.208854 -0.977407 0 0 0 0 1 -0.991597 0.129367 0.000671 -0.087164 0.122706 0.942163 -0.311886 0 -0.04098 -0.309183 -0.950119 0 0 0 0 1 -0.994546 0.104266 0.002639 -0.087164 0.094464 0.911202 -0.400982 0 -0.044213 -0.398546 -0.916082 0 0 0 0 1 -0.996433 0.084245 0.004978 -0.087164 0.071459 0.873649 -0.481281 0 -0.044894 -0.479208 -0.876552 0 0 0 0 1 -0.997698 0.067362 0.007774 -0.087164 0.053323 0.850225 -0.523711 0 -0.041888 -0.522091 -0.85186 0 0 0 0 1 -0.998656 0.051026 0.00906 -0.087164 0.038966 0.854588 -0.517843 0 -0.034166 -0.516794 -0.855428 0 0 0 0 1 -0.999158 0.040541 0.00625 -0.087164 0.031739 0.860588 -0.508312 0 -0.025986 -0.507686 -0.86115 0 0 0 0 1 -0.999149 0.041233 0.001144 -0.087164 0.035496 0.873584 -0.485377 0 -0.021013 -0.484923 -0.874304 0 0 0 0 1 -0.999042 0.04374 -0.001485 -0.087164 0.038167 0.854146 -0.518631 0 -0.021416 -0.518191 -0.854997 0 0 0 0 1 -0.999121 0.0419 0.00136 -0.087164 0.033287 0.812636 -0.581821 0 -0.025483 -0.581264 -0.813316 0 0 0 0 1 -0.999317 0.036353 0.006688 -0.087164 0.024902 0.795853 -0.604978 0 -0.027316 -0.604398 -0.796214 0 0 0 0 1 -0.999527 0.028641 0.011196 -0.087164 0.016686 0.810966 -0.584855 0 -0.02583 -0.584391 -0.811061 0 0 0 0 1 -0.999758 0.017317 0.013553 -0.087164 0.007035 0.835811 -0.548972 0 -0.020834 -0.548744 -0.835731 0 0 0 0 1 -0.999886 -0.002147 0.01497 -0.087164 -0.009095 0.876269 -0.481737 0 -0.012083 -0.481818 -0.876188 0 0 0 0 1 -0.999571 -0.025366 0.014671 -0.087164 -0.029119 0.915838 -0.400492 0 -0.003277 -0.400747 -0.916183 0 0 0 0 1 -0.998786 -0.048132 0.01049 -0.087164 -0.049038 0.951176 -0.304728 0 0.004688 -0.304872 -0.952382 0 0 0 0 1 -0.997982 -0.063376 0.004015 -0.087164 -0.063008 0.980331 -0.187033 0 0.007916 -0.186908 -0.982346 0 0 0 0 1 -0.99789 -0.064921 -0.00053 -0.087164 -0.064739 0.995633 -0.067254 0 0.004894 -0.067078 -0.997736 0 0 0 0 1</float_array>
        <technique_common>
          <accessor source="#RightUpLeg_Helper1_matrix_RightUpLeg_Helper1_transform-output-array" count="31" stride="16">
            <param name="TRANSFORM" type="float4x4"/>
          </accessor>
        </technique_common>
      </source>
      <source id="RightUpLeg_Helper1_matrix_RightUpLeg_Helper1_transform-interpolations">
        <Name_array id="RightUpLeg_Helper1_matrix_RightUpLeg_Helper1_transform-interpolations-array" count="31">LINEAR LINEAR LINEAR LINEAR LINEAR LINEAR LINEAR LINEAR LINEAR LINEAR LINEAR LINEAR LINEAR LINEAR LINEAR LINEAR LINEAR LINEAR LINEAR LINEAR LINEAR LINEAR LINEAR LINEAR LINEAR LINEAR LINEAR LINEAR LINEAR LINEAR LINEAR</Name_array>
        <technique_common>
          <accessor source="#RightUpLeg_Helper1_matrix_RightUpLeg_Helper1_transform-interpolations-array" count="31" stride="1">
            <param name="INTERPOLATION" type="Name"/>
          </accessor>
        </technique_common>
      </source>
      <sampler id="RightUpLeg_Helper1_matrix_RightUpLeg_Helper1_transform-sampler">
        <input semantic="INPUT" source="#RightUpLeg_Helper1_matrix_RightUpLeg_Helper1_transform-input"/>
        <input semantic="OUTPUT" source="#RightUpLeg_Helper1_matrix_RightUpLeg_Helper1_transform-output"/>
        <input semantic="INTERPOLATION" source="#RightUpLeg_Helper1_matrix_RightUpLeg_Helper1_transform-interpolations"/>
      </sampler>
      <channel source="#RightUpLeg_Helper1_matrix_RightUpLeg_Helper1_transform-sampler" target="RightUpLeg_Helper1/transform"/>
    </animation>
    <animation id="LeftUpLeg_Helper2_matrix">
      <source id="LeftUpLeg_Helper2_matrix_LeftUpLeg_Helper2_transform-input">
        <float_array id="LeftUpLeg_Helper2_matrix_LeftUpLeg_Helper2_transform-input-array" count="31">0 0.033333 0.066666 0.1 0.133333 0.166667 0.2 0.233333 0.266667 0.3 0.333333 0.366667 0.4 0.433333 0.466667 0.5 0.533333 0.566667 0.6 0.633333 0.666667 0.7 0.733333 0.766667 0.8 0.833333 0.866667 0.9 0.933333 0.966667 1</float_array>
        <technique_common>
          <accessor source="#LeftUpLeg_Helper2_matrix_LeftUpLeg_Helper2_transform-input-array" count="31" stride="1">
            <param name="TIME" type="float"/>
          </accessor>
        </technique_common>
        <technique profile="MAYA">
          <pre_infinity>CONSTANT</pre_infinity>
          <post_infinity>CONSTANT</post_infinity>
        </technique>
      </source>
      <source id="LeftUpLeg_Helper2_matrix_LeftUpLeg_Helper2_transform-output">
        <float_array id="LeftUpLeg_Helper2_matrix_LeftUpLeg_Helper2_transform-output-array" count="496">-0.994462 0.104263 0.013196 0.087164 -0.090199 -0.911203 0.401962 -0.000001 0.053934 0.398546 0.915561 0 0 0 0 1 -0.996489 0.079525 0.026166 0.087164 -0.057074 -0.873971 0.482614 -0.000001 0.061249 0.479427 0.875442 0 0 0 0 1 -0.997127 0.064518 0.039684 0.087164 -0.034093 -0.850126 0.525475 -0.000001 0.067639 0.522612 0.849883 0 0 0 0 1 -0.997405 0.056404 0.044746 0.087164 -0.024872 -0.853174 0.521034 -0.000001 0.067564 0.518568 0.852363 0 0 0 0 1 -0.997756 0.05979 0.03015 0.087164 -0.035572 -0.854738 0.517839 -0.000001 0.056732 0.515604 0.854947 0 0 0 0 1 -0.996928 0.078163 0.005044 0.087164 -0.063927 -0.849189 0.524206 -0.000001 0.045257 0.522273 0.851577 0 0 0 0 1 -0.995533 0.094078 -0.007994 0.087164 -0.082647 -0.827353 0.555568 -0.000001 0.045653 0.553747 0.831433 0 0 0 0 1 -0.996091 0.088236 0.004194 0.087164 -0.0685 -0.801529 0.594019 -0.000001 0.055776 0.59141 0.80444 0 0 0 0 1 -0.997121 0.06958 0.03015 0.087164 -0.037433 -0.797418 0.602265 -0.000001 0.065948 0.599402 0.797727 0 0 0 0 1 -0.997444 0.046953 0.05386 0.087164 -0.007483 -0.818284 0.574765 -0.000001 0.07106 0.572893 0.816544 0 0 0 0 1 -0.997572 0.017944 0.067289 0.087164 0.020863 -0.844849 0.534597 -0.000001 0.066442 0.534703 0.842424 0 0 0 0 1 -0.997008 -0.01562 0.0757 0.087164 0.049104 -0.884338 0.464258 -0.000001 0.059692 0.466586 0.882459 0 0 0 0 1 -0.996241 -0.043856 0.074708 0.087164 0.069272 -0.921145 0.383005 -0.000001 0.052019 0.38674 0.92072 0 0 0 0 1 -0.996567 -0.063935 0.052595 0.087164 0.076557 -0.9535 0.291507 -0.000001 0.031511 0.294533 0.955122 0 0 0 0 1 -0.997216 -0.071942 0.019588 0.087164 0.0743 -0.980787 0.18038 -0.000001 0.006235 0.181333 0.983402 0 0 0 0 1 -0.997887 -0.064924 -0.00265 0.087164 0.064599 -0.995633 0.067391 -0.000001 -0.007014 0.067077 0.997723 0 0 0 0 1 -0.998934 -0.046152 -0.000455 0.087164 0.046151 -0.998718 -0.020799 -0.000001 0.000505 -0.020798 0.999784 0 0 0 0 1 -0.999698 -0.019875 0.014467 0.087164 0.018599 -0.996326 -0.083597 -0.000001 0.016076 -0.083303 0.996395 0 0 0 0 1 -0.999609 0.007679 0.026903 0.087164 -0.011287 -0.990555 -0.136651 -0.000001 0.025599 -0.136901 0.990254 0 0 0 0 1 -0.99887 0.036578 0.030358 0.087164 -0.041251 -0.984372 -0.171202 -0.000001 0.023621 -0.172261 0.984768 0 0 0 0 1 -0.997128 0.068797 0.031676 0.087164 -0.073786 -0.97674 -0.201331 -0.000001 0.017088 -0.20309 0.979011 0 0 0 0 1 -0.994279 0.101219 0.034109 0.087164 -0.106497 -0.963931 -0.243917 -0.000001 0.00819 -0.246154 0.969196 0 0 0 0 1 -0.990447 0.132286 0.038924 0.087164 -0.137819 -0.958943 -0.247859 -0.000001 0.004538 -0.250856 0.968014 0 0 0 0 1 -0.984487 0.170065 0.043175 0.087164 -0.175459 -0.955231 -0.238219 -0.000001 0.000729 -0.242099 0.970251 0 0 0 0 1 -0.979239 0.19799 0.043486 0.087164 -0.202695 -0.953782 -0.221843 -0.000001 -0.002446 -0.226052 0.974112 0 0 0 0 1 -0.979144 0.201343 0.027165 0.087164 -0.203166 -0.970957 -0.126358 -0.000001 0.000935 -0.129241 0.991613 0 0 0 0 1 -0.982542 0.185829 0.008897 0.087164 -0.185936 -0.982472 -0.01326 -0.000001 0.006277 -0.014683 0.999873 0 0 0 0 1 -0.986305 0.164922 -0.001882 0.087164 -0.16424 -0.981056 0.102734 -0.000001 0.015096 0.101637 0.994707 0 0 0 0 1 -0.989627 0.143653 -0.001527 0.087164 -0.140683 -0.966902 0.212859 -0.000001 0.029101 0.210866 0.977082 0 0 0 0 1 -0.99255 0.121721 0.005301 0.087164 -0.113969 -0.94296 0.312789 -0.000001 0.043072 0.309855 0.949808 0 0 0 0 1 -0.994462 0.104263 0.013196 0.087164 -0.090199 -0.911203 0.401962 -0.000001 0.053934 0.398546 0.915561 0 0 0 0 1</float_array>
        <technique_common>
          <accessor source="#LeftUpLeg_Helper2_matrix_LeftUpLeg_Helper2_transform-output-array" count="31" stride="16">
            <param name="TRANSFORM" type="float4x4"/>
          </accessor>
        </technique_common>
      </source>
      <source id="LeftUpLeg_Helper2_matrix_LeftUpLeg_Helper2_transform-interpolations">
        <Name_array id="LeftUpLeg_Helper2_matrix_LeftUpLeg_Helper2_transform-interpolations-array" count="31">LINEAR LINEAR LINEAR LINEAR LINEAR LINEAR LINEAR LINEAR LINEAR LINEAR LINEAR LINEAR LINEAR LINEAR LINEAR LINEAR LINEAR LINEAR LINEAR LINEAR LINEAR LINEAR LINEAR LINEAR LINEAR LINEAR LINEAR LINEAR LINEAR LINEAR LINEAR</Name_array>
        <technique_common>
          <accessor source="#LeftUpLeg_Helper2_matrix_LeftUpLeg_Helper2_transform-interpolations-array" count="31" stride="1">
            <param name="INTERPOLATION" type="Name"/>
          </accessor>
        </technique_common>
      </source>
      <sampler id="LeftUpLeg_Helper2_matrix_LeftUpLeg_Helper2_transform-sampler">
        <input semantic="INPUT" source="#LeftUpLeg_Helper2_matrix_LeftUpLeg_Helper2_transform-input"/>
        <input semantic="OUTPUT" source="#LeftUpLeg_Helper2_matrix_LeftUpLeg_Helper2_transform-output"/>
        <input semantic="INTERPOLATION" source="#LeftUpLeg_Helper2_matrix_LeftUpLeg_Helper2_transform-interpolations"/>
      </sampler>
      <channel source="#LeftUpLeg_Helper2_matrix_LeftUpLeg_Helper2_transform-sampler" target="LeftUpLeg_Helper2/transform"/>
    </animation>
    <animation id="RightUpLeg_Helper2_matrix">
      <source id="RightUpLeg_Helper2_matrix_RightUpLeg_Helper2_transform-input">
        <float_array id="RightUpLeg_Helper2_matrix_RightUpLeg_Helper2_transform-input-array" count="31">0 0.033333 0.066666 0.1 0.133333 0.166667 0.2 0.233333 0.266667 0.3 0.333333 0.366667 0.4 0.433333 0.466667 0.5 0.533333 0.566667 0.6 0.633333 0.666667 0.7 0.733333 0.766667 0.8 0.833333 0.866667 0.9 0.933333 0.966667 1</float_array>
        <technique_common>
          <accessor source="#RightUpLeg_Helper2_matrix_RightUpLeg_Helper2_transform-input-array" count="31" stride="1">
            <param name="TIME" type="float"/>
          </accessor>
        </technique_common>
        <technique profile="MAYA">
          <pre_infinity>CONSTANT</pre_infinity>
          <post_infinity>CONSTANT</post_infinity>
        </technique>
      </source>
      <source id="RightUpLeg_Helper2_matrix_RightUpLeg_Helper2_transform-output">
        <float_array id="RightUpLeg_Helper2_matrix_RightUpLeg_Helper2_transform-output-array" count="496">-0.997887 -0.064921 -0.00265 -0.087164 -0.064596 0.995633 -0.067391 0 0.007014 -0.067078 -0.997723 0 0 0 0 1 -0.999189 -0.040257 0.000361 -0.087164 -0.040247 0.999069 0.015535 0 -0.000987 0.015508 -0.999879 0 0 0 0 1 -0.999788 -0.013873 0.015208 -0.087164 -0.012677 0.997019 0.076108 0 -0.016218 0.0759 -0.996984 0 0 0 0 1 -0.999595 0.009569 0.026818 -0.087164 0.013029 0.991169 0.131959 0 -0.025318 0.132255 -0.990892 0 0 0 0 1 -0.998978 0.032975 0.030901 -0.087164 0.037832 0.984237 0.172759 0 -0.024717 0.173751 -0.984479 0 0 0 0 1 -0.997754 0.058248 0.033076 -0.087164 0.063881 0.975989 0.208242 0 -0.020152 0.209887 -0.977518 0 0 0 0 1 -0.99564 0.086224 0.035577 -0.087164 0.092402 0.96383 0.249987 0 -0.012735 0.252184 -0.967595 0 0 0 0 1 -0.991186 0.126506 0.039329 -0.087164 0.132326 0.95967 0.24804 0 -0.006364 0.251058 -0.967951 0 0 0 0 1 -0.983254 0.177261 0.042306 -0.087164 0.182219 0.952834 0.242701 0 0.00271 0.246345 -0.969178 0 0 0 0 1 -0.975657 0.215291 0.041749 -0.087164 0.219058 0.947776 0.231806 0 0.010336 0.235309 -0.971866 0 0 0 0 1 -0.974436 0.223365 0.024154 -0.087164 0.224562 0.965048 0.135109 0 0.006868 0.13708 -0.990536 0 0 0 0 1 -0.977713 0.209906 0.004172 -0.087164 0.209947 0.977516 0.019605 0 0.000036 0.020044 -0.999799 0 0 0 0 1 -0.982536 0.185944 -0.006917 -0.087164 0.185713 0.977655 -0.098497 0 -0.011551 -0.098062 -0.995113 0 0 0 0 1 -0.987326 0.158618 -0.005343 -0.087164 0.156171 0.964998 -0.21069 0 -0.028262 -0.208854 -0.977538 0 0 0 0 1 -0.991591 0.129367 0.003358 -0.087164 0.121861 0.942163 -0.312217 0 -0.043555 -0.309183 -0.950005 0 0 0 0 1 -0.994462 0.104266 0.013195 -0.087164 0.090203 0.911202 -0.401962 0 -0.053935 -0.398546 -0.915561 0 0 0 0 1 -0.996134 0.084245 0.024888 -0.087164 0.061828 0.873649 -0.482613 0 -0.062401 -0.479208 -0.87548 0 0 0 0 1 -0.996971 0.067362 0.038864 -0.087164 0.036976 0.850225 -0.525119 0 -0.068416 -0.522091 -0.850141 0 0 0 0 1 -0.99767 0.051026 0.045286 -0.087164 0.020153 0.854588 -0.518916 0 -0.065179 -0.516794 -0.853625 0 0 0 0 1 -0.998689 0.040541 0.031247 -0.087164 0.019011 0.860588 -0.508947 0 -0.047524 -0.507686 -0.860231 0 0 0 0 1 -0.999133 0.041233 0.00572 -0.087164 0.033272 0.873584 -0.485534 0 -0.025017 -0.484923 -0.874199 0 0 0 0 1 -0.999015 0.04374 -0.007426 -0.087164 0.04125 0.854146 -0.518395 0 -0.016331 -0.518191 -0.855109 0 0 0 0 1 -0.999099 0.0419 0.0068 -0.087164 0.030118 0.812636 -0.581993 0 -0.029912 -0.581264 -0.813165 0 0 0 0 1 -0.998779 0.036353 0.033438 -0.087164 0.008698 0.795853 -0.605428 0 -0.048621 -0.604398 -0.795197 0 0 0 0 1 -0.998023 0.028641 0.055952 -0.087164 -0.009524 0.810966 -0.585015 0 -0.062131 -0.584391 -0.80909 0 0 0 0 1 -0.997554 0.017317 0.067715 -0.087164 -0.022726 0.835811 -0.548547 0 -0.066096 -0.548744 -0.833373 0 0 0 0 1 -0.997197 -0.002147 0.074787 -0.087164 -0.037911 0.876269 -0.480329 0 -0.064502 -0.481818 -0.873894 0 0 0 0 1 -0.996988 -0.025366 0.073293 -0.087164 -0.052567 0.915838 -0.398093 0 -0.057026 -0.400747 -0.914412 0 0 0 0 1 -0.997464 -0.048132 0.052429 -0.087164 -0.061793 0.951176 -0.302399 0 -0.035314 -0.304872 -0.951738 0 0 0 0 1 -0.997788 -0.063376 0.020077 -0.087164 -0.06601 0.980331 -0.185994 0 -0.007894 -0.186908 -0.982346 0 0 0 0 1 -0.997887 -0.064921 -0.00265 -0.087164 -0.064596 0.995633 -0.067391 0 0.007014 -0.067078 -0.997723 0 0 0 0 1</float_array>
        <technique_common>
          <accessor source="#RightUpLeg_Helper2_matrix_RightUpLeg_Helper2_transform-output-array" count="31" stride="16">
            <param name="TRANSFORM" type="float4x4"/>
          </accessor>
        </technique_common>
      </source>
      <source id="RightUpLeg_Helper2_matrix_RightUpLeg_Helper2_transform-interpolations">
        <Name_array id="RightUpLeg_Helper2_matrix_RightUpLeg_Helper2_transform-interpolations-array" count="31">LINEAR LINEAR LINEAR LINEAR LINEAR LINEAR LINEAR LINEAR LINEAR LINEAR LINEAR LINEAR LINEAR LINEAR LINEAR LINEAR LINEAR LINEAR LINEAR LINEAR LINEAR LINEAR LINEAR LINEAR LINEAR LINEAR LINEAR LINEAR LINEAR LINEAR LINEAR</Name_array>
        <technique_common>
          <accessor source="#RightUpLeg_Helper2_matrix_RightUpLeg_Helper2_transform-interpolations-array" count="31" stride="1">
            <param name="INTERPOLATION" type="Name"/>
          </accessor>
        </technique_common>
      </source>
      <sampler id="RightUpLeg_Helper2_matrix_RightUpLeg_Helper2_transform-sampler">
        <input semantic="INPUT" source="#RightUpLeg_Helper2_matrix_RightUpLeg_Helper2_transform-input"/>
        <input semantic="OUTPUT" source="#RightUpLeg_Helper2_matrix_RightUpLeg_Helper2_transform-output"/>
        <input semantic="INTERPOLATION" source="#RightUpLeg_Helper2_matrix_RightUpLeg_Helper2_transform-interpolations"/>
      </sampler>
      <channel source="#RightUpLeg_Helper2_matrix_RightUpLeg_Helper2_transform-sampler" target="RightUpLeg_Helper2/transform"/>
    </animation>
    <animation id="LeftUpLeg_matrix">
      <source id="LeftUpLeg_matrix_LeftUpLeg_transform-input">
        <float_array id="LeftUpLeg_matrix_LeftUpLeg_transform-input-array" count="31">0 0.033333 0.066666 0.1 0.133333 0.166667 0.2 0.233333 0.266667 0.3 0.333333 0.366667 0.4 0.433333 0.466667 0.5 0.533333 0.566667 0.6 0.633333 0.666667 0.7 0.733333 0.766667 0.8 0.833333 0.866667 0.9 0.933333 0.966667 1</float_array>
        <technique_common>
          <accessor source="#LeftUpLeg_matrix_LeftUpLeg_transform-input-array" count="31" stride="1">
            <param name="TIME" type="float"/>
          </accessor>
        </technique_common>
        <technique profile="MAYA">
          <pre_infinity>CONSTANT</pre_infinity>
          <post_infinity>CONSTANT</post_infinity>
        </technique>
      </source>
      <source id="LeftUpLeg_matrix_LeftUpLeg_transform-output">
        <float_array id="LeftUpLeg_matrix_LeftUpLeg_transform-output-array" count="496">-0.9942 0.104263 0.026391 0.087164 -0.084857 -0.911203 0.403124 -0.000001 0.066078 0.398546 0.914765 0 0 0 0 1 -0.995459 0.079525 0.052315 0.087164 -0.044386 -0.873971 0.483946 -0.000001 0.084208 0.479427 0.873532 0 0 0 0 1 -0.99476 0.064518 0.079305 0.087164 -0.01317 -0.850126 0.526415 -0.000001 0.101383 0.522612 0.846521 0 0 0 0 1 -0.994397 0.056404 0.089402 0.087164 -0.001496 -0.853174 0.521625 -0.000001 0.105698 0.518568 0.848478 0 0 0 0 1 -0.99639 0.05979 0.060272 0.087164 -0.019915 -0.854738 0.518677 -0.000001 0.082529 0.515604 0.852843 0 0 0 0 1 -0.99689 0.078163 0.010088 0.087164 -0.061274 -0.849189 0.524522 -0.000001 0.049565 0.522273 0.851337 0 0 0 0 1 -0.995436 0.094078 -0.015987 0.087164 -0.087105 -0.827353 0.554887 -0.000001 0.038975 0.553747 0.831772 0 0 0 0 1 -0.996064 0.088236 0.008388 0.087164 -0.065998 -0.801529 0.594302 -0.000001 0.059162 0.59141 0.804198 0 0 0 0 1 -0.995754 0.06958 0.060273 0.087164 -0.019213 -0.797418 0.603121 -0.000001 0.090028 0.599402 0.795369 0 0 0 0 1 -0.993089 0.046953 0.107565 0.087164 0.023519 -0.818284 0.574333 -0.000001 0.114986 0.572893 0.811524 0 0 0 0 1 -0.990782 0.017944 0.134274 0.087164 0.056794 -0.844849 0.531981 -0.000001 0.122987 0.534703 0.836042 0 0 0 0 1 -0.988416 -0.01562 0.150965 0.087164 0.084112 -0.884338 0.459208 -0.000001 0.126332 0.466586 0.875407 0 0 0 0 1 -0.987864 -0.043856 0.148998 0.087164 0.097719 -0.921145 0.376752 -0.000001 0.120726 0.38674 0.914252 0 0 0 0 1 -0.99241 -0.063935 0.105045 0.087164 0.091814 -0.9535 0.287067 -0.000001 0.081806 0.294533 0.952133 0 0 0 0 1 -0.996639 -0.071942 0.039169 0.087164 0.077828 -0.980787 0.178886 -0.000001 0.025547 0.181333 0.98309 0 0 0 0 1 -0.997876 -0.064924 -0.0053 0.087164 0.06442 -0.995633 0.067562 -0.000001 -0.009663 0.067077 0.997701 0 0 0 0 1 -0.998934 -0.046152 -0.00091 0.087164 0.046161 -0.998718 -0.020778 -0.000001 0.000049 -0.020798 0.999784 0 0 0 0 1 -0.999384 -0.019875 0.028932 0.087164 0.017387 -0.996326 -0.083857 -0.000001 0.030492 -0.083303 0.996058 0 0 0 0 1 -0.998523 0.007679 0.053786 0.087164 -0.014959 -0.990555 -0.136297 -0.000001 0.052231 -0.136901 0.989207 0 0 0 0 1 -0.997486 0.036578 0.060688 0.087164 -0.046433 -0.984372 -0.16987 -0.000001 0.053526 -0.172261 0.983596 0 0 0 0 1 -0.995619 0.068797 0.06332 0.087164 -0.080141 -0.97674 -0.198886 -0.000001 0.048164 -0.20309 0.977975 0 0 0 0 1 -0.992525 0.101219 0.068178 0.087164 -0.114797 -0.963931 -0.240122 -0.000001 0.041414 -0.246154 0.968346 0 0 0 0 1 -0.988155 0.132286 0.077789 0.087164 -0.147446 -0.958943 -0.242256 -0.000001 0.042548 -0.250856 0.967089 0 0 0 0 1 -0.981649 0.170065 0.086268 0.087164 -0.185728 -0.955231 -0.230303 -0.000001 0.043239 -0.242099 0.969288 0 0 0 0 1 -0.976345 0.19799 0.086886 0.087164 -0.212337 -0.953782 -0.212632 -0.000001 0.040772 -0.226052 0.973262 0 0 0 0 1 -0.978014 0.201343 0.05431 0.087164 -0.206592 -0.970957 -0.120674 -0.000001 0.028436 -0.129241 0.991205 0 0 0 0 1 -0.982421 0.185829 0.017794 0.087164 -0.186048 -0.982472 -0.011575 -0.000001 0.015331 -0.014683 0.999775 0 0 0 0 1 -0.986299 0.164922 -0.003764 0.087164 -0.164436 -0.981056 0.102421 -0.000001 0.013198 0.101637 0.994734 0 0 0 0 1 -0.989623 0.143653 -0.003054 0.087164 -0.141011 -0.966902 0.212642 -0.000001 0.027593 0.210866 0.977125 0 0 0 0 1 -0.992508 0.121721 0.010602 0.087164 -0.112297 -0.94296 0.313393 -0.000001 0.048144 0.309855 0.949564 0 0 0 0 1 -0.9942 0.104263 0.026391 0.087164 -0.084857 -0.911203 0.403124 -0.000001 0.066078 0.398546 0.914765 0 0 0 0 1</float_array>
        <technique_common>
          <accessor source="#LeftUpLeg_matrix_LeftUpLeg_transform-output-array" count="31" stride="16">
            <param name="TRANSFORM" type="float4x4"/>
          </accessor>
        </technique_common>
      </source>
      <source id="LeftUpLeg_matrix_LeftUpLeg_transform-interpolations">
        <Name_array id="LeftUpLeg_matrix_LeftUpLeg_transform-interpolations-array" count="31">LINEAR LINEAR LINEAR LINEAR LINEAR LINEAR LINEAR LINEAR LINEAR LINEAR LINEAR LINEAR LINEAR LINEAR LINEAR LINEAR LINEAR LINEAR LINEAR LINEAR LINEAR LINEAR LINEAR LINEAR LINEAR LINEAR LINEAR LINEAR LINEAR LINEAR LINEAR</Name_array>
        <technique_common>
          <accessor source="#LeftUpLeg_matrix_LeftUpLeg_transform-interpolations-array" count="31" stride="1">
            <param name="INTERPOLATION" type="Name"/>
          </accessor>
        </technique_common>
      </source>
      <sampler id="LeftUpLeg_matrix_LeftUpLeg_transform-sampler">
        <input semantic="INPUT" source="#LeftUpLeg_matrix_LeftUpLeg_transform-input"/>
        <input semantic="OUTPUT" source="#LeftUpLeg_matrix_LeftUpLeg_transform-output"/>
        <input semantic="INTERPOLATION" source="#LeftUpLeg_matrix_LeftUpLeg_transform-interpolations"/>
      </sampler>
      <channel source="#LeftUpLeg_matrix_LeftUpLeg_transform-sampler" target="LeftUpLeg/transform"/>
    </animation>
    <animation id="LeftLeg_matrix">
      <source id="LeftLeg_matrix_LeftLeg_transform-input">
        <float_array id="LeftLeg_matrix_LeftLeg_transform-input-array" count="31">0 0.033333 0.066666 0.1 0.133333 0.166667 0.2 0.233333 0.266667 0.3 0.333333 0.366667 0.4 0.433333 0.466667 0.5 0.533333 0.566667 0.6 0.633333 0.666667 0.7 0.733333 0.766667 0.8 0.833333 0.866667 0.9 0.933333 0.966667 1</float_array>
        <technique_common>
          <accessor source="#LeftLeg_matrix_LeftLeg_transform-input-array" count="31" stride="1">
            <param name="TIME" type="float"/>
          </accessor>
        </technique_common>
        <technique profile="MAYA">
          <pre_infinity>CONSTANT</pre_infinity>
          <post_infinity>CONSTANT</post_infinity>
        </technique>
      </source>
      <source id="LeftLeg_matrix_LeftLeg_transform-output">
        <float_array id="LeftLeg_matrix_LeftLeg_transform-output-array" count="496">0.999619 0.000023 0.027611 0 -0.024436 0.466335 0.884271 0.513626 -0.012855 -0.884608 0.466158 0.00777 0 0 0 1 0.999823 0.000046 0.018794 0 -0.015415 0.57409 0.818647 0.513626 -0.010751 -0.818792 0.573989 0.00777 0 0 0 1 1 0.000046 -0.000271 0 0.000148 0.736595 0.676334 0.513626 0.000231 -0.676334 0.736595 0.00777 0 0 0 1 0.99998 -0.000017 -0.006375 0 0.0029 0.891767 0.452486 0.513626 0.005677 -0.452495 0.891749 0.00777 0 0 0 1 0.999959 -0.000207 0.009025 0 -0.002053 0.968319 0.249707 0.513626 -0.008791 -0.249716 0.968279 0.00777 0 0 0 1 0.999703 -0.000525 0.024371 0 -0.001974 0.99474 0.102415 0.513626 -0.024297 -0.102433 0.994443 0.00777 0 0 0 1 0.99959 -0.000287 0.028643 0 -0.002963 0.993543 0.11342 0.513626 -0.02849 -0.113459 0.993134 0.00777 0 0 0 1 0.999889 -0.000129 0.014866 0 -0.00393 0.962082 0.272731 0.513626 -0.014337 -0.27276 0.961975 0.00777 0 0 0 1 0.999814 0.000002 -0.019284 0 0.008304 0.902453 0.430709 0.513626 0.017404 -0.430789 0.902285 0.00777 0 0 0 1 0.99865 0.000064 -0.051943 0 0.026283 0.861914 0.506373 0.513626 0.044803 -0.507055 0.860748 0.00777 0 0 0 1 0.998428 0.000064 -0.056041 0 0.030461 0.838756 0.543654 0.513626 0.047039 -0.544507 0.837436 0.00777 0 0 0 1 0.99884 0.000064 -0.048143 0 0.025545 0.84691 0.531123 0.513626 0.040807 -0.531737 0.845926 0.00777 0 0 0 1 0.999412 0.000064 -0.034277 0 0.017236 0.863423 0.504187 0.513626 0.029627 -0.504481 0.862914 0.00777 0 0 0 1 0.999651 0.000064 -0.02643 0 0.012174 0.886486 0.462595 0.513626 0.02346 -0.462755 0.886176 0.00777 0 0 0 1 0.999733 0.00006 -0.023119 0 0.008786 0.923969 0.382367 0.513626 0.021385 -0.382468 0.923721 0.00777 0 0 0 1 0.999785 0.000056 -0.020738 0 0.005958 0.957043 0.289886 0.513626 0.019864 -0.289947 0.956836 0.00777 0 0 0 1 0.99994 0.000053 -0.010911 0 0.002531 0.971576 0.236713 0.513626 0.010613 -0.236726 0.971518 0.00777 0 0 0 1 1 0.000049 -0.000606 0 0.000091 0.973218 0.229884 0.513626 0.000601 -0.229884 0.973218 0.00777 0 0 0 1 0.999988 0.000045 -0.004863 0 0.001138 0.969987 0.243153 0.513626 0.004728 -0.243156 0.969976 0.00777 0 0 0 1 0.999493 0.000042 -0.03185 0 0.009625 0.952843 0.30331 0.513626 0.03036 -0.303463 0.952359 0.00777 0 0 0 1 0.998103 0.000038 -0.061568 0 0.022811 0.928599 0.370382 0.513626 0.057187 -0.371084 0.926837 0.00777 0 0 0 1 0.997181 0.000034 -0.075029 0 0.029721 0.918009 0.395445 0.513626 0.068891 -0.39656 0.91542 0.00777 0 0 0 1 0.998704 0.00006 -0.050896 0 0.024655 0.874258 0.484835 0.513626 0.044526 -0.485461 0.873124 0.00777 0 0 0 1 0.999996 0.000006 0.002885 0 -0.001674 0.815699 0.578474 0.513626 -0.00235 -0.578476 0.815696 0.00777 0 0 0 1 0.99706 -0.000182 0.076629 0 -0.047888 0.779193 0.624952 0.513626 -0.059823 -0.626784 0.776893 0.00777 0 0 0 1 0.99739 0.000039 0.072202 0 -0.054975 0.648671 0.759081 0.513626 -0.046805 -0.761069 0.64698 0.00777 0 0 0 1 0.999799 0.000142 0.020041 0 -0.017467 0.496497 0.867863 0.513626 -0.009827 -0.868039 0.4964 0.00777 0 0 0 1 0.999702 0.000043 -0.024417 0 0.022547 0.382141 0.923829 0.513626 0.009371 -0.924104 0.382026 0.00777 0 0 0 1 0.999765 0.00001 -0.021685 0 0.020288 0.352639 0.935539 0.513626 0.007657 -0.935759 0.352556 0.00777 0 0 0 1 0.999984 0.000024 0.005615 0 -0.00517 0.394459 0.918899 0.513626 -0.002192 -0.918913 0.394453 0.00777 0 0 0 1 0.999619 0.000023 0.027611 0 -0.024436 0.466335 0.884271 0.513626 -0.012855 -0.884608 0.466158 0.00777 0 0 0 1</float_array>
        <technique_common>
          <accessor source="#LeftLeg_matrix_LeftLeg_transform-output-array" count="31" stride="16">
            <param name="TRANSFORM" type="float4x4"/>
          </accessor>
        </technique_common>
      </source>
      <source id="LeftLeg_matrix_LeftLeg_transform-interpolations">
        <Name_array id="LeftLeg_matrix_LeftLeg_transform-interpolations-array" count="31">LINEAR LINEAR LINEAR LINEAR LINEAR LINEAR LINEAR LINEAR LINEAR LINEAR LINEAR LINEAR LINEAR LINEAR LINEAR LINEAR LINEAR LINEAR LINEAR LINEAR LINEAR LINEAR LINEAR LINEAR LINEAR LINEAR LINEAR LINEAR LINEAR LINEAR LINEAR</Name_array>
        <technique_common>
          <accessor source="#LeftLeg_matrix_LeftLeg_transform-interpolations-array" count="31" stride="1">
            <param name="INTERPOLATION" type="Name"/>
          </accessor>
        </technique_common>
      </source>
      <sampler id="LeftLeg_matrix_LeftLeg_transform-sampler">
        <input semantic="INPUT" source="#LeftLeg_matrix_LeftLeg_transform-input"/>
        <input semantic="OUTPUT" source="#LeftLeg_matrix_LeftLeg_transform-output"/>
        <input semantic="INTERPOLATION" source="#LeftLeg_matrix_LeftLeg_transform-interpolations"/>
      </sampler>
      <channel source="#LeftLeg_matrix_LeftLeg_transform-sampler" target="LeftLeg/transform"/>
    </animation>
    <animation id="LeftFoot_matrix">
      <source id="LeftFoot_matrix_LeftFoot_transform-input">
        <float_array id="LeftFoot_matrix_LeftFoot_transform-input-array" count="31">0 0.033333 0.066666 0.1 0.133333 0.166667 0.2 0.233333 0.266667 0.3 0.333333 0.366667 0.4 0.433333 0.466667 0.5 0.533333 0.566667 0.6 0.633333 0.666667 0.7 0.733333 0.766667 0.8 0.833333 0.866667 0.9 0.933333 0.966667 1</float_array>
        <technique_common>
          <accessor source="#LeftFoot_matrix_LeftFoot_transform-input-array" count="31" stride="1">
            <param name="TIME" type="float"/>
          </accessor>
        </technique_common>
        <technique profile="MAYA">
          <pre_infinity>CONSTANT</pre_infinity>
          <post_infinity>CONSTANT</post_infinity>
        </technique>
      </source>
      <source id="LeftFoot_matrix_LeftFoot_transform-output">
        <float_array id="LeftFoot_matrix_LeftFoot_transform-output-array" count="496">0.9742 -0.178417 -0.138211 0 -0.012794 0.567755 -0.823098 0.396099 0.225325 0.80363 0.550824 0 0 0 0 1 0.968482 -0.194983 -0.155 0 -0.028636 0.530992 -0.846893 0.396099 0.247433 0.824639 0.508672 0 0 0 0 1 0.962353 -0.212546 -0.169414 0 -0.036873 0.515441 -0.856131 0.396099 0.26929 0.830147 0.488199 0 0 0 0 1 0.958371 -0.225279 -0.175428 0 -0.028533 0.535763 -0.843886 0.396099 0.284097 0.813761 0.507032 0 0 0 0 1 0.956612 -0.223589 -0.186821 0 -0.036204 0.545006 -0.83765 0.396099 0.289108 0.808069 0.513265 0 0 0 0 1 0.956845 -0.208274 -0.202654 0 -0.060367 0.539694 -0.839694 0.396099 0.284258 0.815691 0.503831 0 0 0 0 1 0.960775 -0.185041 -0.206569 0 -0.083975 0.515774 -0.852599 0.396099 0.264308 0.836503 0.480004 0 0 0 0 1 0.971123 -0.147443 -0.187567 0 -0.076788 0.551179 -0.830846 0.396099 0.225885 0.821256 0.523941 0 0 0 0 1 0.984468 -0.107636 -0.138701 0 -0.038275 0.63944 -0.767888 0.396099 0.171343 0.76127 0.625388 0 0 0 0 1 0.992837 -0.082162 -0.086736 0 -0.011622 0.656127 -0.754561 0.396099 0.118907 0.750165 0.650472 0 0 0 0 1 0.995468 -0.067981 -0.066497 0 -0.014198 0.585173 -0.810784 0.396099 0.09403 0.808054 0.581556 0 0 0 0 1 0.996525 -0.061655 -0.05601 0 -0.014657 0.532128 -0.846537 0.396099 0.081998 0.844416 0.529375 0 0 0 0 1 0.996584 -0.062644 -0.053808 0 -0.016888 0.483207 -0.875343 0.396099 0.080835 0.873262 0.480499 0 0 0 0 1 0.994668 -0.077713 -0.0678 0 -0.027219 0.436281 -0.899399 0.396099 0.099475 0.896448 0.431839 0 0 0 0 1 0.991279 -0.100488 -0.085255 0 -0.037004 0.408663 -0.911935 0.396099 0.12648 0.907136 0.40138 0 0 0 0 1 0.98998 -0.109562 -0.08908 0 -0.038888 0.394909 -0.917897 0.396099 0.135745 0.912164 0.386692 0 0 0 0 1 0.992901 -0.092122 -0.075235 0 -0.036534 0.365752 -0.929995 0.396099 0.113191 0.926142 0.359791 0 0 0 0 1 0.996792 -0.056149 -0.057027 0 -0.036215 0.318974 -0.947071 0.396099 0.071367 0.946099 0.315917 0 0 0 0 1 0.998949 -0.011177 -0.044457 0 -0.039482 0.282987 -0.958311 0.396099 0.023291 0.959059 0.282248 0 0 0 0 1 0.998419 0.043136 -0.036025 0 -0.045766 0.25199 -0.966647 0.396099 -0.032619 0.966768 0.253566 0 0 0 0 1 0.994818 0.097912 -0.027398 0 -0.05117 0.249297 -0.967074 0.396099 -0.087858 0.963465 0.253015 0 0 0 0 1 0.990902 0.13391 -0.013443 0 -0.056745 0.325137 -0.943963 0.396099 -0.122035 0.936138 0.329777 0 0 0 0 1 0.993273 0.11212 0.028931 0 -0.027867 0.473979 -0.880095 0.396099 -0.112389 0.873369 0.473915 0 0 0 0 1 0.994945 0.088532 0.0474 0 -0.021999 0.652695 -0.757302 0.396099 -0.097983 0.75243 0.651343 0 0 0 0 1 0.996689 0.077898 0.023317 0 -0.048421 0.798961 -0.59943 0.396099 -0.065324 0.596316 0.800087 0 0 0 0 1 0.999458 0.021577 -0.024859 0 -0.032115 0.804927 -0.592504 0.396099 0.007224 0.592981 0.805184 0 0 0 0 1 0.995334 -0.053027 -0.080617 0 -0.010425 0.771482 -0.636165 0.396099 0.095929 0.634037 0.76733 0 0 0 0 1 0.986122 -0.112098 -0.122467 0 -0.002772 0.726425 -0.687241 0.396099 0.166001 0.678042 0.716032 0 0 0 0 1 0.980139 -0.14514 -0.135138 0 -0.001536 0.675862 -0.737026 0.396099 0.198306 0.722596 0.662216 0 0 0 0 1 0.97734 -0.164184 -0.133607 0 -0.00371 0.617798 -0.786328 0.396099 0.211645 0.769005 0.60319 0 0 0 0 1 0.9742 -0.178417 -0.138211 0 -0.012794 0.567755 -0.823098 0.396099 0.225325 0.80363 0.550824 0 0 0 0 1</float_array>
        <technique_common>
          <accessor source="#LeftFoot_matrix_LeftFoot_transform-output-array" count="31" stride="16">
            <param name="TRANSFORM" type="float4x4"/>
          </accessor>
        </technique_common>
      </source>
      <source id="LeftFoot_matrix_LeftFoot_transform-interpolations">
        <Name_array id="LeftFoot_matrix_LeftFoot_transform-interpolations-array" count="31">LINEAR LINEAR LINEAR LINEAR LINEAR LINEAR LINEAR LINEAR LINEAR LINEAR LINEAR LINEAR LINEAR LINEAR LINEAR LINEAR LINEAR LINEAR LINEAR LINEAR LINEAR LINEAR LINEAR LINEAR LINEAR LINEAR LINEAR LINEAR LINEAR LINEAR LINEAR</Name_array>
        <technique_common>
          <accessor source="#LeftFoot_matrix_LeftFoot_transform-interpolations-array" count="31" stride="1">
            <param name="INTERPOLATION" type="Name"/>
          </accessor>
        </technique_common>
      </source>
      <sampler id="LeftFoot_matrix_LeftFoot_transform-sampler">
        <input semantic="INPUT" source="#LeftFoot_matrix_LeftFoot_transform-input"/>
        <input semantic="OUTPUT" source="#LeftFoot_matrix_LeftFoot_transform-output"/>
        <input semantic="INTERPOLATION" source="#LeftFoot_matrix_LeftFoot_transform-interpolations"/>
      </sampler>
      <channel source="#LeftFoot_matrix_LeftFoot_transform-sampler" target="LeftFoot/transform"/>
    </animation>
    <animation id="LeftToes_matrix">
      <source id="LeftToes_matrix_LeftToes_transform-input">
        <float_array id="LeftToes_matrix_LeftToes_transform-input-array" count="31">0 0.033333 0.066666 0.1 0.133333 0.166667 0.2 0.233333 0.266667 0.3 0.333333 0.366667 0.4 0.433333 0.466667 0.5 0.533333 0.566667 0.6 0.633333 0.666667 0.7 0.733333 0.766667 0.8 0.833333 0.866667 0.9 0.933333 0.966667 1</float_array>
        <technique_common>
          <accessor source="#LeftToes_matrix_LeftToes_transform-input-array" count="31" stride="1">
            <param name="TIME" type="float"/>
          </accessor>
        </technique_common>
        <technique profile="MAYA">
          <pre_infinity>CONSTANT</pre_infinity>
          <post_infinity>CONSTANT</post_infinity>
        </technique>
      </source>
      <source id="LeftToes_matrix_LeftToes_transform-output">
        <float_array id="LeftToes_matrix_LeftToes_transform-output-array" count="496">0.994763 -0.007964 -0.1019 0 -0.064067 0.728217 -0.682346 0.153519 0.079639 0.685301 0.723892 0 0 0 0 1 0.997251 -0.005793 -0.073867 0 -0.04517 0.74272 -0.668077 0.153519 0.058732 0.669577 0.740417 0 0 0 0 1 0.999691 -0.002061 -0.024782 0 -0.014314 0.767222 -0.641222 0.153519 0.020335 0.641379 0.766955 0 0 0 0 1 1 -0.000000 0 0 0.000000 0.779169 -0.626814 0.153519 0.000000 0.626814 0.779169 0 0 0 0 1 1 0.00026 0 0 -0.000202 0.779169 -0.626814 0.153519 -0.000163 0.626814 0.779169 0 0 0 0 1 1 0.000159 0.000001 0 -0.000123 0.779169 -0.626814 0.153519 -0.000101 0.626814 0.779169 0 0 0 0 1 1 -0.000008 0.000006 0 0.00001 0.779169 -0.626814 0.153519 0.000000 0.626814 0.779169 0 0 0 0 1 1 -0.000014 0.000012 0 0.000019 0.779169 -0.626814 0.153519 -0.000000 0.626814 0.779169 0 0 0 0 1 1 -0.000016 0.000019 0 0.000025 0.779169 -0.626814 0.153519 -0.000004 0.626814 0.779169 0 0 0 0 1 1 -0.000015 0.000026 0 0.000028 0.779169 -0.626814 0.153519 -0.00001 0.626814 0.779169 0 0 0 0 1 1 -0.000013 0.000031 0 0.00003 0.779169 -0.626814 0.153519 -0.000016 0.626814 0.779169 0 0 0 0 1 1 -0.000011 0.000034 0 0.00003 0.779169 -0.626814 0.153519 -0.000019 0.626814 0.779169 0 0 0 0 1 1 -0.000011 0.000033 0 0.000029 0.779169 -0.626814 0.153519 -0.000019 0.626814 0.779169 0 0 0 0 1 1 -0.000013 0.000028 0 0.000028 0.779169 -0.626814 0.153519 -0.000013 0.626814 0.779169 0 0 0 0 1 1 -0.000019 0.000017 0 0.000026 0.779169 -0.626814 0.153519 -0.000001 0.626814 0.779169 0 0 0 0 1 1 -0.000036 0 0 0.000028 0.779169 -0.626814 0.153519 0.000022 0.626814 0.779169 0 0 0 0 1 1 0.000292 -0.000042 0 -0.000254 0.779561 -0.626326 0.153519 -0.000149 0.626326 0.779562 0 0 0 0 1 1 0.000608 -0.000778 0 -0.000963 0.773787 -0.633445 0.153519 0.000217 0.633446 0.773787 0 0 0 0 1 0.999995 -0.000174 -0.003121 0 -0.00193 0.750797 -0.660531 0.153519 0.002458 0.660533 0.750793 0 0 0 0 1 0.999968 -0.003107 -0.007341 0 -0.003131 0.693731 -0.720227 0.153519 0.007331 0.720228 0.693699 0 0 0 0 1 0.999866 -0.006856 -0.01484 0 -0.007496 0.614448 -0.788922 0.153519 0.014527 0.788928 0.614314 0 0 0 0 1 0.999528 -0.01016 -0.028993 0 -0.019228 0.529133 -0.848321 0.153519 0.023961 0.848478 0.528688 0 0 0 0 1 0.998397 -0.015628 -0.054397 0 -0.04145 0.452549 -0.890776 0.153519 0.038539 0.891603 0.451176 0 0 0 0 1 0.996891 -0.029372 -0.073119 0 -0.056002 0.388698 -0.919662 0.153519 0.055434 0.920897 0.385844 0 0 0 0 1 0.996429 -0.04528 -0.071268 0 -0.048715 0.38111 -0.923245 0.153519 0.068965 0.92342 0.377543 0 0 0 0 1 0.998395 -0.041607 -0.038415 0 -0.011643 0.513051 -0.858279 0.153519 0.055419 0.857349 0.511743 0 0 0 0 1 0.999765 -0.020776 -0.006123 0 0.009631 0.679667 -0.733458 0.153519 0.019399 0.733227 0.679707 0 0 0 0 1 1 0.000007 0 0 -0.000006 0.779169 -0.626814 0.153519 -0.000004 0.626814 0.779169 0 0 0 0 1 0.999516 0.00412 -0.030847 0 -0.022251 0.787603 -0.615781 0.153519 0.021758 0.616169 0.787314 0 0 0 0 1 0.997 -0.002321 -0.077362 0 -0.049112 0.753558 -0.655544 0.153519 0.059819 0.657377 0.751184 0 0 0 0 1 0.994763 -0.007964 -0.1019 0 -0.064067 0.728217 -0.682346 0.153519 0.079639 0.685301 0.723892 0 0 0 0 1</float_array>
        <technique_common>
          <accessor source="#LeftToes_matrix_LeftToes_transform-output-array" count="31" stride="16">
            <param name="TRANSFORM" type="float4x4"/>
          </accessor>
        </technique_common>
      </source>
      <source id="LeftToes_matrix_LeftToes_transform-interpolations">
        <Name_array id="LeftToes_matrix_LeftToes_transform-interpolations-array" count="31">LINEAR LINEAR LINEAR LINEAR LINEAR LINEAR LINEAR LINEAR LINEAR LINEAR LINEAR LINEAR LINEAR LINEAR LINEAR LINEAR LINEAR LINEAR LINEAR LINEAR LINEAR LINEAR LINEAR LINEAR LINEAR LINEAR LINEAR LINEAR LINEAR LINEAR LINEAR</Name_array>
        <technique_common>
          <accessor source="#LeftToes_matrix_LeftToes_transform-interpolations-array" count="31" stride="1">
            <param name="INTERPOLATION" type="Name"/>
          </accessor>
        </technique_common>
      </source>
      <sampler id="LeftToes_matrix_LeftToes_transform-sampler">
        <input semantic="INPUT" source="#LeftToes_matrix_LeftToes_transform-input"/>
        <input semantic="OUTPUT" source="#LeftToes_matrix_LeftToes_transform-output"/>
        <input semantic="INTERPOLATION" source="#LeftToes_matrix_LeftToes_transform-interpolations"/>
      </sampler>
      <channel source="#LeftToes_matrix_LeftToes_transform-sampler" target="LeftToes/transform"/>
    </animation>
    <animation id="RightUpLeg_matrix">
      <source id="RightUpLeg_matrix_RightUpLeg_transform-input">
        <float_array id="RightUpLeg_matrix_RightUpLeg_transform-input-array" count="31">0 0.033333 0.066666 0.1 0.133333 0.166667 0.2 0.233333 0.266667 0.3 0.333333 0.366667 0.4 0.433333 0.466667 0.5 0.533333 0.566667 0.6 0.633333 0.666667 0.7 0.733333 0.766667 0.8 0.833333 0.866667 0.9 0.933333 0.966667 1</float_array>
        <technique_common>
          <accessor source="#RightUpLeg_matrix_RightUpLeg_transform-input-array" count="31" stride="1">
            <param name="TIME" type="float"/>
          </accessor>
        </technique_common>
        <technique profile="MAYA">
          <pre_infinity>CONSTANT</pre_infinity>
          <post_infinity>CONSTANT</post_infinity>
        </technique>
      </source>
      <source id="RightUpLeg_matrix_RightUpLeg_transform-output">
        <float_array id="RightUpLeg_matrix_RightUpLeg_transform-output-array" count="496">-0.997876 -0.064921 -0.0053 -0.087164 -0.064416 0.995633 -0.067562 0 0.009663 -0.067078 -0.997701 0 0 0 0 1 -0.999189 -0.040257 0.000723 -0.087164 -0.040241 0.999069 0.01555 0 -0.001349 0.015508 -0.999879 0 0 0 0 1 -0.999441 -0.013873 0.030412 -0.087164 -0.011518 0.997019 0.076292 0 -0.03138 0.0759 -0.996621 0 0 0 0 1 -0.998516 0.009569 0.053617 -0.087164 0.016563 0.991169 0.131563 0 -0.051884 0.132255 -0.989857 0 0 0 0 1 -0.997545 0.032975 0.061773 -0.087164 0.043155 0.984237 0.171506 0 -0.055144 0.173751 -0.983244 0 0 0 0 1 -0.99611 0.058248 0.066117 -0.087164 0.070746 0.975989 0.206011 0 -0.052529 0.209887 -0.976314 0 0 0 0 1 -0.993735 0.086224 0.071108 -0.087164 0.101271 0.96383 0.246528 0 -0.047279 0.252184 -0.966523 0 0 0 0 1 -0.988847 0.126506 0.078596 -0.087164 0.142056 0.95967 0.242599 0 -0.044736 0.251058 -0.966938 0 0 0 0 1 -0.980527 0.177261 0.084535 -0.087164 0.192484 0.952834 0.234643 0 -0.038954 0.246345 -0.968399 0 0 0 0 1 -0.97298 0.215291 0.083422 -0.087164 0.228768 0.947776 0.222229 0 -0.031221 0.235309 -0.971419 0 0 0 0 1 -0.973538 0.223365 0.048294 -0.087164 0.227841 0.965048 0.129503 0 -0.017679 0.13708 -0.990402 0 0 0 0 1 -0.977686 0.209906 0.008345 -0.087164 0.210029 0.977516 0.018709 0 -0.00423 0.020044 -0.99979 0 0 0 0 1 -0.982463 0.185944 -0.013835 -0.087164 0.186402 0.977655 -0.097187 0 -0.004545 -0.098062 -0.99517 0 0 0 0 1 -0.987282 0.158618 -0.010686 -0.087164 0.157309 0.964998 -0.209841 0 -0.022972 -0.208854 -0.977677 0 0 0 0 1 -0.991574 0.129367 0.006717 -0.087164 0.120802 0.942163 -0.312628 0 -0.046773 -0.309183 -0.949852 0 0 0 0 1 -0.994199 0.104266 0.026389 -0.087164 0.084861 0.911202 -0.403123 0 -0.066078 -0.398546 -0.914765 0 0 0 0 1 -0.995202 0.084245 0.049761 -0.087164 0.049754 0.873649 -0.484007 0 -0.084249 -0.479208 -0.873648 0 0 0 0 1 -0.994701 0.067362 0.077669 -0.087164 0.016493 0.850225 -0.526161 0 -0.10148 -0.522091 -0.846831 0 0 0 0 1 -0.99459 0.051026 0.090479 -0.087164 -0.003397 0.854588 -0.519296 0 -0.10382 -0.516794 -0.849791 0 0 0 0 1 -0.997223 0.040541 0.062463 -0.087164 0.003085 0.860588 -0.509293 0 -0.074402 -0.507686 -0.858324 0 0 0 0 1 -0.999084 0.041233 0.01144 -0.087164 0.030492 0.873584 -0.485717 0 -0.030022 -0.484923 -0.874041 0 0 0 0 1 -0.998933 0.04374 -0.014851 -0.087164 0.045103 0.854146 -0.518074 0 -0.009975 -0.518191 -0.855207 0 0 0 0 1 -0.999029 0.0419 0.013601 -0.087164 0.026156 0.812636 -0.582185 0 -0.035447 -0.581264 -0.812943 0 0 0 0 1 -0.997101 0.036353 0.066838 -0.087164 -0.011564 0.795853 -0.60538 0 -0.075201 -0.604398 -0.793125 0 0 0 0 1 -0.993326 0.028641 0.11173 -0.087164 -0.042256 0.810966 -0.583565 0 -0.107323 -0.584391 -0.804343 0 0 0 0 1 -0.990678 0.017317 0.135119 -0.087164 -0.059824 0.835811 -0.545748 0 -0.122385 -0.548744 -0.826984 0 0 0 0 1 -0.988811 -0.002147 0.149156 -0.087164 -0.073727 0.876269 -0.476149 0 -0.129678 -0.481818 -0.866623 0 0 0 0 1 -0.988931 -0.025366 0.146192 -0.087164 -0.081612 0.915838 -0.393168 0 -0.123915 -0.400747 -0.90777 0 0 0 0 1 -0.993337 -0.048132 0.104714 -0.087164 -0.077581 0.951176 -0.298739 0 -0.085222 -0.304872 -0.948573 0 0 0 0 1 -0.997182 -0.063376 0.040146 -0.087164 -0.069739 0.980331 -0.184629 0 -0.027656 -0.186908 -0.981988 0 0 0 0 1 -0.997876 -0.064921 -0.0053 -0.087164 -0.064416 0.995633 -0.067562 0 0.009663 -0.067078 -0.997701 0 0 0 0 1</float_array>
        <technique_common>
          <accessor source="#RightUpLeg_matrix_RightUpLeg_transform-output-array" count="31" stride="16">
            <param name="TRANSFORM" type="float4x4"/>
          </accessor>
        </technique_common>
      </source>
      <source id="RightUpLeg_matrix_RightUpLeg_transform-interpolations">
        <Name_array id="RightUpLeg_matrix_RightUpLeg_transform-interpolations-array" count="31">LINEAR LINEAR LINEAR LINEAR LINEAR LINEAR LINEAR LINEAR LINEAR LINEAR LINEAR LINEAR LINEAR LINEAR LINEAR LINEAR LINEAR LINEAR LINEAR LINEAR LINEAR LINEAR LINEAR LINEAR LINEAR LINEAR LINEAR LINEAR LINEAR LINEAR LINEAR</Name_array>
        <technique_common>
          <accessor source="#RightUpLeg_matrix_RightUpLeg_transform-interpolations-array" count="31" stride="1">
            <param name="INTERPOLATION" type="Name"/>
          </accessor>
        </technique_common>
      </source>
      <sampler id="RightUpLeg_matrix_RightUpLeg_transform-sampler">
        <input semantic="INPUT" source="#RightUpLeg_matrix_RightUpLeg_transform-input"/>
        <input semantic="OUTPUT" source="#RightUpLeg_matrix_RightUpLeg_transform-output"/>
        <input semantic="INTERPOLATION" source="#RightUpLeg_matrix_RightUpLeg_transform-interpolations"/>
      </sampler>
      <channel source="#RightUpLeg_matrix_RightUpLeg_transform-sampler" target="RightUpLeg/transform"/>
    </animation>
    <animation id="RightLeg_matrix">
      <source id="RightLeg_matrix_RightLeg_transform-input">
        <float_array id="RightLeg_matrix_RightLeg_transform-input-array" count="31">0 0.033333 0.066666 0.1 0.133333 0.166667 0.2 0.233333 0.266667 0.3 0.333333 0.366667 0.4 0.433333 0.466667 0.5 0.533333 0.566667 0.6 0.633333 0.666667 0.7 0.733333 0.766667 0.8 0.833333 0.866667 0.9 0.933333 0.966667 1</float_array>
        <technique_common>
          <accessor source="#RightLeg_matrix_RightLeg_transform-input-array" count="31" stride="1">
            <param name="TIME" type="float"/>
          </accessor>
        </technique_common>
        <technique profile="MAYA">
          <pre_infinity>CONSTANT</pre_infinity>
          <post_infinity>CONSTANT</post_infinity>
        </technique>
      </source>
      <source id="RightLeg_matrix_RightLeg_transform-output">
        <float_array id="RightLeg_matrix_RightLeg_transform-output-array" count="496">0.999785 -0.000574 -0.02073 0 0.005951 0.965518 0.260269 -0.513628 0.019865 -0.260337 0.965313 -0.00777 0 0 0 1 0.999964 -0.000117 -0.008425 0 0.001924 0.976663 0.214771 -0.513628 0.008203 -0.21478 0.976628 -0.00777 0 0 0 1 0.999984 0.000349 0.005633 0 -0.001527 0.977581 0.210555 -0.513628 -0.005433 -0.21056 0.977566 -0.00777 0 0 0 1 0.999969 0.000352 0.007915 0 -0.002065 0.976048 0.217544 -0.513628 -0.007649 -0.217553 0.976018 -0.00777 0 0 0 1 0.99997 -0.000312 -0.007774 0 0.002372 0.963882 0.266319 -0.513628 0.00741 -0.266329 0.963854 -0.00777 0 0 0 1 0.999696 -0.000959 -0.024622 0 0.008954 0.945073 0.326737 -0.513628 0.022956 -0.326858 0.944794 -0.00777 0 0 0 1 0.999723 -0.00087 -0.023497 0 0.009151 0.934931 0.35471 -0.513628 0.02166 -0.354827 0.934681 -0.00777 0 0 0 1 0.999757 0.000764 0.022033 0 -0.010849 0.887079 0.461491 -0.513628 -0.019192 -0.461617 0.886871 -0.00777 0 0 0 1 0.994547 0.003228 0.104238 0 -0.060253 0.833605 0.549065 -0.513628 -0.08512 -0.552351 0.829254 -0.00777 0 0 0 1 0.980236 0.006117 0.197738 0 -0.122974 0.801796 0.584808 -0.513628 -0.154968 -0.597567 0.786701 -0.00777 0 0 0 1 0.9887 0.004641 0.149834 0 -0.114158 0.67113 0.732498 -0.513628 -0.097158 -0.741325 0.664076 -0.00777 0 0 0 1 0.998826 0.001516 0.048424 0 -0.04223 0.517103 0.854881 -0.513628 -0.023744 -0.855922 0.516559 -0.00777 0 0 0 1 0.999771 -0.000635 -0.021396 0 0.019836 0.403157 0.914916 -0.513628 0.008044 -0.915131 0.403077 -0.00777 0 0 0 1 0.999745 -0.000672 -0.022589 0 0.021185 0.375826 0.926448 -0.513628 0.007866 -0.92669 0.375745 -0.00777 0 0 0 1 0.999983 0.000207 0.005845 0 -0.005393 0.419795 0.907603 -0.513628 -0.002265 -0.907619 0.419789 -0.00777 0 0 0 1 0.999619 0.000882 0.027599 0 -0.024442 0.493352 0.869486 -0.513628 -0.012849 -0.869829 0.493186 -0.00777 0 0 0 1 0.999781 0.00068 0.020926 0 -0.017189 0.597312 0.801825 -0.513628 -0.011953 -0.802009 0.597193 -0.00777 0 0 0 1 0.999983 0.000218 0.00582 0 -0.003974 0.7562 0.654328 -0.513628 -0.004258 -0.65434 0.756188 -0.00777 0 0 0 1 0.99999 0.000178 0.004371 0 -0.001998 0.907446 0.420164 -0.513628 -0.003892 -0.420169 0.907437 -0.00777 0 0 0 1 0.999733 0.000759 0.023094 0 -0.005181 0.981371 0.19205 -0.513628 -0.022518 -0.192118 0.981113 -0.00777 0 0 0 1 0.999331 0.001177 0.036554 0 0.000483 0.998968 -0.045413 -0.513628 -0.03657 0.0454 0.998299 -0.00777 0 0 0 1 0.999231 0.001263 0.039194 0 0.000518 0.998968 -0.045424 -0.513628 -0.039211 0.045409 0.998199 -0.00777 0 0 0 1 0.999584 0.000843 0.028836 0 -0.005926 0.984256 0.176651 -0.513628 -0.028233 -0.176748 0.983851 -0.00777 0 0 0 1 0.999999 -0.000087 -0.001652 0 0.000701 0.926599 0.376049 -0.513628 0.001498 -0.37605 0.926598 -0.00777 0 0 0 1 0.999353 -0.001094 -0.035946 0 0.01781 0.883425 0.468234 -0.513628 0.031243 -0.468572 0.882873 -0.00777 0 0 0 1 0.999244 -0.001133 -0.038863 0 0.021099 0.855389 0.517556 -0.513628 0.032656 -0.517985 0.854766 -0.00777 0 0 0 1 0.999554 -0.00075 -0.029851 0 0.015957 0.858398 0.512736 -0.513628 0.02524 -0.512984 0.858027 -0.00777 0 0 0 1 0.999805 -0.000355 -0.019743 0 0.009958 0.872438 0.488624 -0.513628 0.01705 -0.488725 0.872271 -0.00777 0 0 0 1 0.999839 -0.000313 -0.017927 0 0.008267 0.895273 0.445442 -0.513628 0.01591 -0.445519 0.895131 -0.00777 0 0 0 1 0.999802 -0.00045 -0.019869 0 0.007586 0.932693 0.360593 -0.513628 0.018369 -0.360672 0.932512 -0.00777 0 0 0 1 0.999785 -0.000574 -0.02073 0 0.005951 0.965518 0.260269 -0.513628 0.019865 -0.260337 0.965313 -0.00777 0 0 0 1</float_array>
        <technique_common>
          <accessor source="#RightLeg_matrix_RightLeg_transform-output-array" count="31" stride="16">
            <param name="TRANSFORM" type="float4x4"/>
          </accessor>
        </technique_common>
      </source>
      <source id="RightLeg_matrix_RightLeg_transform-interpolations">
        <Name_array id="RightLeg_matrix_RightLeg_transform-interpolations-array" count="31">LINEAR LINEAR LINEAR LINEAR LINEAR LINEAR LINEAR LINEAR LINEAR LINEAR LINEAR LINEAR LINEAR LINEAR LINEAR LINEAR LINEAR LINEAR LINEAR LINEAR LINEAR LINEAR LINEAR LINEAR LINEAR LINEAR LINEAR LINEAR LINEAR LINEAR LINEAR</Name_array>
        <technique_common>
          <accessor source="#RightLeg_matrix_RightLeg_transform-interpolations-array" count="31" stride="1">
            <param name="INTERPOLATION" type="Name"/>
          </accessor>
        </technique_common>
      </source>
      <sampler id="RightLeg_matrix_RightLeg_transform-sampler">
        <input semantic="INPUT" source="#RightLeg_matrix_RightLeg_transform-input"/>
        <input semantic="OUTPUT" source="#RightLeg_matrix_RightLeg_transform-output"/>
        <input semantic="INTERPOLATION" source="#RightLeg_matrix_RightLeg_transform-interpolations"/>
      </sampler>
      <channel source="#RightLeg_matrix_RightLeg_transform-sampler" target="RightLeg/transform"/>
    </animation>
    <animation id="RightFoot_matrix">
      <source id="RightFoot_matrix_RightFoot_transform-input">
        <float_array id="RightFoot_matrix_RightFoot_transform-input-array" count="31">0 0.033333 0.066666 0.1 0.133333 0.166667 0.2 0.233333 0.266667 0.3 0.333333 0.366667 0.4 0.433333 0.466667 0.5 0.533333 0.566667 0.6 0.633333 0.666667 0.7 0.733333 0.766667 0.8 0.833333 0.866667 0.9 0.933333 0.966667 1</float_array>
        <technique_common>
          <accessor source="#RightFoot_matrix_RightFoot_transform-input-array" count="31" stride="1">
            <param name="TIME" type="float"/>
          </accessor>
        </technique_common>
        <technique profile="MAYA">
          <pre_infinity>CONSTANT</pre_infinity>
          <post_infinity>CONSTANT</post_infinity>
        </technique>
      </source>
      <source id="RightFoot_matrix_RightFoot_transform-output">
        <float_array id="RightFoot_matrix_RightFoot_transform-output-array" count="496">0.98998 -0.109564 -0.089076 0 -0.034685 0.422819 -0.90555 -0.395911 0.136879 0.899567 0.414782 0.012201 0 0 0 1 0.993067 -0.091138 -0.074244 0 -0.033034 0.389771 -0.920319 -0.395911 0.112815 0.916391 0.384058 0.012201 0 0 0 1 0.99691 -0.055218 -0.055871 0 -0.033608 0.343055 -0.938714 -0.395911 0.071001 0.937691 0.340139 0.012201 0 0 0 1 0.998983 -0.011633 -0.043553 0 -0.037776 0.311185 -0.949598 -0.395911 0.0246 0.950278 0.31043 0.012201 0 0 0 1 0.998552 0.041795 -0.033864 0 -0.04452 0.28878 -0.95636 -0.395911 -0.030192 0.956483 0.290223 0.012201 0 0 0 1 0.995371 0.094129 -0.019373 0 -0.046151 0.291363 -0.955499 -0.395911 -0.084296 0.95197 0.294359 0.012201 0 0 0 1 0.991712 0.128473 -0.001602 0 -0.04907 0.367197 -0.928848 -0.395911 -0.118744 0.921228 0.370458 0.012201 0 0 0 1 0.992545 0.118629 0.027959 0 -0.037228 0.513531 -0.857263 -0.395911 -0.116054 0.849831 0.514119 0.012201 0 0 0 1 0.993138 0.1142 0.025222 0 -0.0608 0.688386 -0.722792 -0.395911 -0.099905 0.716298 0.690605 0.012201 0 0 0 1 0.99259 0.119994 -0.019168 0 -0.110264 0.823115 -0.557068 -0.395911 -0.051067 0.555053 0.830246 0.012201 0 0 0 1 0.997725 0.044957 -0.050243 0 -0.065385 0.826952 -0.558458 -0.395911 0.016441 0.560473 0.82801 0.012201 0 0 0 1 0.995075 -0.047134 -0.087198 0 -0.016194 0.790578 -0.612147 -0.395911 0.09779 0.610544 0.785922 0.012201 0 0 0 1 0.986145 -0.113459 -0.121014 0 0.003549 0.743778 -0.668418 -0.395911 0.165846 0.658728 0.733875 0.012201 0 0 0 1 0.980164 -0.14677 -0.133183 0 0.006338 0.694867 -0.719111 -0.395911 0.198088 0.704002 0.682013 0.012201 0 0 0 1 0.97735 -0.164796 -0.132774 0 0.003445 0.639699 -0.768618 -0.395911 0.211601 0.750751 0.625778 0.012201 0 0 0 1 0.9742 -0.17842 -0.138207 0 -0.005842 0.592239 -0.805741 -0.395911 0.225612 0.78576 0.575917 0.012201 0 0 0 1 0.968499 -0.195647 -0.154053 0 -0.02011 0.555169 -0.831494 -0.395911 0.248205 0.808399 0.533746 0.012201 0 0 0 1 0.962402 -0.213774 -0.167581 0 -0.026447 0.540265 -0.841079 -0.395911 0.270339 0.813888 0.514299 0.012201 0 0 0 1 0.958422 -0.226462 -0.173617 0 -0.016557 0.563265 -0.82611 -0.395911 0.284875 0.794637 0.536096 0.012201 0 0 0 1 0.956712 -0.224106 -0.185684 0 -0.021059 0.58303 -0.812178 -0.395911 0.290273 0.780931 0.553072 0.012201 0 0 0 1 0.957248 -0.206318 -0.202755 0 -0.033324 0.617601 -0.785785 -0.395911 0.287344 0.758948 0.584321 0.012201 0 0 0 1 0.961322 -0.182406 -0.206367 0 -0.057168 0.600799 -0.797354 -0.395911 0.269427 0.778312 0.567133 0.012201 0 0 0 1 0.971407 -0.14601 -0.187213 0 -0.061354 0.607366 -0.792049 -0.395911 0.229354 0.780889 0.581042 0.012201 0 0 0 1 0.984532 -0.107286 -0.138517 0 -0.030211 0.674798 -0.737384 -0.395911 0.172582 0.730163 0.661119 0.012201 0 0 0 1 0.992933 -0.085636 -0.082165 0 -0.001206 0.685013 -0.72853 -0.395911 0.118673 0.72348 0.680068 0.012201 0 0 0 1 0.995568 -0.071484 -0.061111 0 -0.004747 0.610775 -0.79179 -0.395911 0.093926 0.788571 0.607728 0.012201 0 0 0 1 0.996597 -0.065153 -0.050495 0 -0.005896 0.554665 -0.832053 -0.395911 0.082219 0.829519 0.552394 0.012201 0 0 0 1 0.996633 -0.065265 -0.049622 0 -0.009946 0.504524 -0.86334 -0.395911 0.081382 0.860928 0.502176 0.012201 0 0 0 1 0.994851 -0.078069 -0.064631 0 -0.021718 0.458671 -0.88834 -0.395911 0.098996 0.88517 0.454614 0.012201 0 0 0 1 0.991475 -0.099833 -0.083735 0 -0.03246 0.433126 -0.900749 -0.395911 0.126193 0.895787 0.426193 0.012201 0 0 0 1 0.98998 -0.109564 -0.089076 0 -0.034685 0.422819 -0.90555 -0.395911 0.136879 0.899567 0.414782 0.012201 0 0 0 1</float_array>
        <technique_common>
          <accessor source="#RightFoot_matrix_RightFoot_transform-output-array" count="31" stride="16">
            <param name="TRANSFORM" type="float4x4"/>
          </accessor>
        </technique_common>
      </source>
      <source id="RightFoot_matrix_RightFoot_transform-interpolations">
        <Name_array id="RightFoot_matrix_RightFoot_transform-interpolations-array" count="31">LINEAR LINEAR LINEAR LINEAR LINEAR LINEAR LINEAR LINEAR LINEAR LINEAR LINEAR LINEAR LINEAR LINEAR LINEAR LINEAR LINEAR LINEAR LINEAR LINEAR LINEAR LINEAR LINEAR LINEAR LINEAR LINEAR LINEAR LINEAR LINEAR LINEAR LINEAR</Name_array>
        <technique_common>
          <accessor source="#RightFoot_matrix_RightFoot_transform-interpolations-array" count="31" stride="1">
            <param name="INTERPOLATION" type="Name"/>
          </accessor>
        </technique_common>
      </source>
      <sampler id="RightFoot_matrix_RightFoot_transform-sampler">
        <input semantic="INPUT" source="#RightFoot_matrix_RightFoot_transform-input"/>
        <input semantic="OUTPUT" source="#RightFoot_matrix_RightFoot_transform-output"/>
        <input semantic="INTERPOLATION" source="#RightFoot_matrix_RightFoot_transform-interpolations"/>
      </sampler>
      <channel source="#RightFoot_matrix_RightFoot_transform-sampler" target="RightFoot/transform"/>
    </animation>
    <animation id="RightToes_matrix">
      <source id="RightToes_matrix_RightToes_transform-input">
        <float_array id="RightToes_matrix_RightToes_transform-input-array" count="31">0 0.033333 0.066666 0.1 0.133333 0.166667 0.2 0.233333 0.266667 0.3 0.333333 0.366667 0.4 0.433333 0.466667 0.5 0.533333 0.566667 0.6 0.633333 0.666667 0.7 0.733333 0.766667 0.8 0.833333 0.866667 0.9 0.933333 0.966667 1</float_array>
        <technique_common>
          <accessor source="#RightToes_matrix_RightToes_transform-input-array" count="31" stride="1">
            <param name="TIME" type="float"/>
          </accessor>
        </technique_common>
        <technique profile="MAYA">
          <pre_infinity>CONSTANT</pre_infinity>
          <post_infinity>CONSTANT</post_infinity>
        </technique>
      </source>
      <source id="RightToes_matrix_RightToes_transform-output">
        <float_array id="RightToes_matrix_RightToes_transform-output-array" count="496">1 -0.000036 0 0 0.000028 0.779169 -0.626814 -0.153519 0.000022 0.626814 0.779169 0 0 0 0 1 1 0.000224 -0.000053 0 -0.000208 0.779022 -0.626997 -0.153519 -0.000099 0.626997 0.779022 0 0 0 0 1 1 0.000402 -0.000666 0 -0.000734 0.772984 -0.634425 -0.153519 0.000259 0.634425 0.772984 0 0 0 0 1 0.999995 -0.000174 -0.003121 0 -0.00193 0.750797 -0.660531 -0.153519 0.002458 0.660533 0.750793 0 0 0 0 1 0.999953 -0.00145 -0.009541 0 -0.005866 0.693668 -0.720271 -0.153519 0.007662 0.720293 0.693627 0 0 0 0 1 0.999805 -0.003285 -0.019493 0 -0.013379 0.613455 -0.789616 -0.153519 0.014553 0.789723 0.613291 0 0 0 0 1 0.999528 -0.01016 -0.028993 0 -0.019228 0.529133 -0.848321 -0.153519 0.023961 0.848478 0.528688 0 0 0 0 1 0.998836 -0.038866 -0.02855 0 -0.008207 0.446385 -0.894804 -0.153519 0.047522 0.893997 0.445546 0 0 0 0 1 0.996675 -0.079972 -0.015578 0 0.015571 0.374656 -0.927033 -0.153519 0.079973 0.923708 0.374656 0 0 0 0 1 0.99374 -0.11159 0.005281 0 0.045536 0.361439 -0.931283 -0.153519 0.102013 0.925694 0.364258 0 0 0 0 1 0.996458 -0.083496 0.009988 0 0.050668 0.501357 -0.863755 -0.153519 0.067113 0.861202 0.503812 0 0 0 0 1 0.999329 -0.03513 0.01038 0 0.031423 0.676472 -0.735798 -0.153519 0.018826 0.73563 0.677122 0 0 0 0 1 1 0.000007 0 0 -0.000006 0.779169 -0.626814 -0.153519 -0.000004 0.626814 0.779169 0 0 0 0 1 0.999392 0.005634 -0.034413 0 -0.02566 0.787076 -0.616321 -0.153519 0.023613 0.61683 0.786742 0 0 0 0 1 0.996832 -0.00205 -0.079508 0 -0.050799 0.752789 -0.656299 -0.153519 0.061199 0.658258 0.7503 0 0 0 0 1 0.994763 -0.007964 -0.1019 0 -0.064067 0.728217 -0.682346 -0.153519 0.079639 0.685301 0.723892 0 0 0 0 1 0.997125 -0.0059 -0.075542 0 -0.046289 0.741864 -0.66895 -0.153519 0.059988 0.670524 0.739458 0 0 0 0 1 0.999648 -0.002065 -0.026462 0 -0.015416 0.766402 -0.642176 -0.153519 0.021607 0.642358 0.7661 0 0 0 0 1 1 -0.000000 0 0 0.000000 0.779169 -0.626814 -0.153519 0.000000 0.626814 0.779169 0 0 0 0 1 1 -0.000000 0 0 0.000000 0.779169 -0.626814 -0.153519 0.000000 0.626814 0.779169 0 0 0 0 1 1 -0.000000 0 0 0.000000 0.779169 -0.626814 -0.153519 0.000000 0.626814 0.779169 0 0 0 0 1 1 -0.000000 0 0 0.000000 0.779169 -0.626814 -0.153519 0.000000 0.626814 0.779169 0 0 0 0 1 1 -0.000000 0 0 0.000000 0.779169 -0.626814 -0.153519 0.000000 0.626814 0.779169 0 0 0 0 1 1 -0.000000 0 0 0.000000 0.779169 -0.626814 -0.153519 0.000000 0.626814 0.779169 0 0 0 0 1 1 -0.000000 0 0 0.000000 0.779169 -0.626814 -0.153519 0.000000 0.626814 0.779169 0 0 0 0 1 1 -0.000000 0 0 0.000000 0.779169 -0.626814 -0.153519 0.000000 0.626814 0.779169 0 0 0 0 1 1 -0.000000 0 0 0.000000 0.779169 -0.626814 -0.153519 0.000000 0.626814 0.779169 0 0 0 0 1 1 -0.000000 0 0 0.000000 0.779169 -0.626814 -0.153519 0.000000 0.626814 0.779169 0 0 0 0 1 1 -0.000000 0 0 0.000000 0.779169 -0.626814 -0.153519 0.000000 0.626814 0.779169 0 0 0 0 1 1 -0.000000 0 0 0.000000 0.779169 -0.626814 -0.153519 0.000000 0.626814 0.779169 0 0 0 0 1 1 -0.000000 0 0 0.000000 0.779169 -0.626814 -0.153519 0.000000 0.626814 0.779169 0 0 0 0 1</float_array>
        <technique_common>
          <accessor source="#RightToes_matrix_RightToes_transform-output-array" count="31" stride="16">
            <param name="TRANSFORM" type="float4x4"/>
          </accessor>
        </technique_common>
      </source>
      <source id="RightToes_matrix_RightToes_transform-interpolations">
        <Name_array id="RightToes_matrix_RightToes_transform-interpolations-array" count="31">LINEAR LINEAR LINEAR LINEAR LINEAR LINEAR LINEAR LINEAR LINEAR LINEAR LINEAR LINEAR LINEAR LINEAR LINEAR LINEAR LINEAR LINEAR LINEAR LINEAR LINEAR LINEAR LINEAR LINEAR LINEAR LINEAR LINEAR LINEAR LINEAR LINEAR LINEAR</Name_array>
        <technique_common>
          <accessor source="#RightToes_matrix_RightToes_transform-interpolations-array" count="31" stride="1">
            <param name="INTERPOLATION" type="Name"/>
          </accessor>
        </technique_common>
      </source>
      <sampler id="RightToes_matrix_RightToes_transform-sampler">
        <input semantic="INPUT" source="#RightToes_matrix_RightToes_transform-input"/>
        <input semantic="OUTPUT" source="#RightToes_matrix_RightToes_transform-output"/>
        <input semantic="INTERPOLATION" source="#RightToes_matrix_RightToes_transform-interpolations"/>
      </sampler>
      <channel source="#RightToes_matrix_RightToes_transform-sampler" target="RightToes/transform"/>
    </animation>
    <animation id="Spine_matrix">
      <source id="Spine_matrix_Spine_transform-input">
        <float_array id="Spine_matrix_Spine_transform-input-array" count="31">0 0.033333 0.066666 0.1 0.133333 0.166667 0.2 0.233333 0.266667 0.3 0.333333 0.366667 0.4 0.433333 0.466667 0.5 0.533333 0.566667 0.6 0.633333 0.666667 0.7 0.733333 0.766667 0.8 0.833333 0.866667 0.9 0.933333 0.966667 1</float_array>
        <technique_common>
          <accessor source="#Spine_matrix_Spine_transform-input-array" count="31" stride="1">
            <param name="TIME" type="float"/>
          </accessor>
        </technique_common>
        <technique profile="MAYA">
          <pre_infinity>CONSTANT</pre_infinity>
          <post_infinity>CONSTANT</post_infinity>
        </technique>
      </source>
      <source id="Spine_matrix_Spine_transform-output">
        <float_array id="Spine_matrix_Spine_transform-output-array" count="496">0.999556 -0.029527 0.003958 0 0.0294 0.999147 0.028983 0.070051 -0.004811 -0.028854 0.999572 -0.000217 0 0 0 1 0.999668 -0.021028 0.014921 0 0.020573 0.999338 0.03001 0.070051 -0.015543 -0.029693 0.999438 -0.000217 0 0 0 1 0.9996 -0.014256 0.024405 0 0.013501 0.999434 0.03082 0.070051 -0.024831 -0.030478 0.999227 -0.000217 0 0 0 1 0.999434 -0.009926 0.032134 0 0.008915 0.999465 0.031461 0.070051 -0.032429 -0.031157 0.998988 -0.000217 0 0 0 1 0.999229 -0.006953 0.038631 0 0.005715 0.99947 0.032053 0.070051 -0.038834 -0.031808 0.998739 -0.000217 0 0 0 1 0.999013 -0.00436 0.044199 0 0.002925 0.999468 0.032472 0.070051 -0.044318 -0.032311 0.998495 -0.000217 0 0 0 1 0.998846 -0.001913 0.047986 0 0.000354 0.999473 0.032459 0.070051 -0.048023 -0.032405 0.99832 -0.000217 0 0 0 1 0.998784 0.001877 0.049258 0 -0.003445 0.999489 0.031773 0.070051 -0.049173 -0.031904 0.998281 -0.000217 0 0 0 1 0.998812 0.008048 0.048061 0 -0.009515 0.999494 0.030365 0.070051 -0.047792 -0.030786 0.998383 -0.000217 0 0 0 1 0.998869 0.016442 0.044612 0 -0.017724 0.999437 0.028485 0.070051 -0.044119 -0.029243 0.998598 -0.000217 0 0 0 1 0.998893 0.026632 0.038764 0 -0.027714 0.999233 0.027672 0.070051 -0.037997 -0.028716 0.998865 -0.000217 0 0 0 1 0.998883 0.034675 0.032104 0 -0.035554 0.998997 0.027223 0.070051 -0.031128 -0.028334 0.999114 -0.000217 0 0 0 1 0.99893 0.03879 0.025184 0 -0.039473 0.99885 0.027222 0.070051 -0.024099 -0.028187 0.999312 -0.000217 0 0 0 1 0.999115 0.038481 0.017006 0 -0.038941 0.99886 0.027623 0.070051 -0.015924 -0.028261 0.999474 -0.000217 0 0 0 1 0.999361 0.035076 0.006931 0 -0.035258 0.998979 0.028257 0.070051 -0.005932 -0.028483 0.999577 -0.000217 0 0 0 1 0.999556 0.029527 -0.003958 0 -0.0294 0.999147 0.028983 0.070051 0.004811 -0.028854 0.999572 -0.000217 0 0 0 1 0.999634 0.022786 -0.014574 0 -0.022345 0.999309 0.02971 0.070051 0.015241 -0.029373 0.999452 -0.000217 0 0 0 1 0.999591 0.015806 -0.023826 0 -0.015079 0.999424 0.030413 0.070051 0.024293 -0.030041 0.999253 -0.000217 0 0 0 1 0.999485 0.009543 -0.030622 0 -0.008588 0.999478 0.03114 0.070051 0.030903 -0.030861 0.999046 -0.000217 0 0 0 1 0.999376 0.00304 -0.035196 0 -0.001908 0.999481 0.032148 0.070051 0.035276 -0.032061 0.998863 -0.000217 0 0 0 1 0.999249 -0.004654 -0.038468 0 0.005944 0.999422 0.033483 0.070051 0.03829 -0.033686 0.998699 -0.000217 0 0 0 1 0.999105 -0.012587 -0.040372 0 0.014 0.999292 0.034927 0.070051 0.039904 -0.035461 0.998574 -0.000217 0 0 0 1 0.998967 -0.017237 -0.042043 0 0.01874 0.999189 0.035624 0.070051 0.041394 -0.036375 0.99848 -0.000217 0 0 0 1 0.998902 -0.021012 -0.041873 0 0.022508 0.999114 0.035574 0.070051 0.041088 -0.036477 0.998489 -0.000217 0 0 0 1 0.998916 -0.024308 -0.03969 0 0.025691 0.999067 0.034726 0.070051 0.038809 -0.035708 0.998608 -0.000217 0 0 0 1 0.999002 -0.027384 -0.035282 0 0.02856 0.999038 0.033288 0.070051 0.034337 -0.034262 0.998823 -0.000217 0 0 0 1 0.999109 -0.030473 -0.029185 0 0.031395 0.999005 0.031676 0.070051 0.028191 -0.032564 0.999072 -0.000217 0 0 0 1 0.999209 -0.032788 -0.022482 0 0.033461 0.998982 0.030261 0.070051 0.021467 -0.030989 0.999289 -0.000217 0 0 0 1 0.999331 -0.033377 -0.014972 0 0.033805 0.998999 0.029302 0.070051 0.013979 -0.029789 0.999458 -0.000217 0 0 0 1 0.99946 -0.032317 -0.006006 0 0.032478 0.999055 0.028883 0.070051 0.005067 -0.029063 0.999565 -0.000217 0 0 0 1 0.999556 -0.029527 0.003958 0 0.0294 0.999147 0.028983 0.070051 -0.004811 -0.028854 0.999572 -0.000217 0 0 0 1</float_array>
        <technique_common>
          <accessor source="#Spine_matrix_Spine_transform-output-array" count="31" stride="16">
            <param name="TRANSFORM" type="float4x4"/>
          </accessor>
        </technique_common>
      </source>
      <source id="Spine_matrix_Spine_transform-interpolations">
        <Name_array id="Spine_matrix_Spine_transform-interpolations-array" count="31">LINEAR LINEAR LINEAR LINEAR LINEAR LINEAR LINEAR LINEAR LINEAR LINEAR LINEAR LINEAR LINEAR LINEAR LINEAR LINEAR LINEAR LINEAR LINEAR LINEAR LINEAR LINEAR LINEAR LINEAR LINEAR LINEAR LINEAR LINEAR LINEAR LINEAR LINEAR</Name_array>
        <technique_common>
          <accessor source="#Spine_matrix_Spine_transform-interpolations-array" count="31" stride="1">
            <param name="INTERPOLATION" type="Name"/>
          </accessor>
        </technique_common>
      </source>
      <sampler id="Spine_matrix_Spine_transform-sampler">
        <input semantic="INPUT" source="#Spine_matrix_Spine_transform-input"/>
        <input semantic="OUTPUT" source="#Spine_matrix_Spine_transform-output"/>
        <input semantic="INTERPOLATION" source="#Spine_matrix_Spine_transform-interpolations"/>
      </sampler>
      <channel source="#Spine_matrix_Spine_transform-sampler" target="Spine/transform"/>
    </animation>
    <animation id="Spine1_matrix">
      <source id="Spine1_matrix_Spine1_transform-input">
        <float_array id="Spine1_matrix_Spine1_transform-input-array" count="31">0 0.033333 0.066666 0.1 0.133333 0.166667 0.2 0.233333 0.266667 0.3 0.333333 0.366667 0.4 0.433333 0.466667 0.5 0.533333 0.566667 0.6 0.633333 0.666667 0.7 0.733333 0.766667 0.8 0.833333 0.866667 0.9 0.933333 0.966667 1</float_array>
        <technique_common>
          <accessor source="#Spine1_matrix_Spine1_transform-input-array" count="31" stride="1">
            <param name="TIME" type="float"/>
          </accessor>
        </technique_common>
        <technique profile="MAYA">
          <pre_infinity>CONSTANT</pre_infinity>
          <post_infinity>CONSTANT</post_infinity>
        </technique>
      </source>
      <source id="Spine1_matrix_Spine1_transform-output">
        <float_array id="Spine1_matrix_Spine1_transform-output-array" count="496">0.999595 -0.028113 0.004308 0 0.028142 0.99958 -0.006965 0.077503 -0.00411 0.007083 0.999966 0 0 0 0 1 0.999659 -0.019928 0.016875 0 0.020031 0.999782 -0.005954 0.077503 -0.016753 0.00629 0.99984 0 0 0 0 1 0.999523 -0.013432 0.027817 0 0.01358 0.999894 -0.005162 0.077503 -0.027745 0.005537 0.9996 0 0 0 0 1 0.999279 -0.009305 0.036811 0 0.009478 0.999945 -0.004526 0.077503 -0.036766 0.004871 0.999312 0 0 0 0 1 0.99899 -0.006498 0.044456 0 0.006679 0.99997 -0.003925 0.077503 -0.04443 0.004218 0.999004 0 0 0 0 1 0.998687 -0.004077 0.051058 0 0.004261 0.999985 -0.003493 0.077503 -0.051043 0.003706 0.99869 0 0 0 0 1 0.998453 -0.001818 0.05557 0 0.002016 0.999992 -0.003496 0.077503 -0.055563 0.003603 0.998449 0 0 0 0 1 0.998367 0.001714 0.057103 0 -0.001478 0.99999 -0.004184 0.077503 -0.057109 0.004093 0.99836 0 0 0 0 1 0.998419 0.007526 0.0557 0 -0.007225 0.999958 -0.005605 0.077503 -0.05574 0.005194 0.998432 0 0 0 0 1 0.998546 0.015482 0.051628 0 -0.015115 0.999858 -0.007503 0.077503 -0.051737 0.006712 0.998638 0 0 0 0 1 0.998672 0.025241 0.04492 0 -0.024892 0.999655 -0.008324 0.077503 -0.045114 0.007195 0.998956 0 0 0 0 1 0.998762 0.032953 0.037259 0 -0.032648 0.999428 -0.008767 0.077503 -0.037527 0.007539 0.999267 0 0 0 0 1 0.99889 0.036901 0.029289 0 -0.036659 0.99929 -0.008752 0.077503 -0.029591 0.007668 0.999533 0 0 0 0 1 0.999132 0.036619 0.01987 0 -0.036459 0.9993 -0.008335 0.077503 -0.020161 0.007603 0.999768 0 0 0 0 1 0.999408 0.033388 0.008258 0 -0.033325 0.999415 -0.007692 0.077503 -0.00851 0.007412 0.999936 0 0 0 0 1 0.999595 0.028113 -0.004308 0 -0.028142 0.99958 -0.006965 0.077503 0.00411 0.007083 0.999966 0 0 0 0 1 0.999627 0.021695 -0.016586 0 -0.021801 0.999743 -0.006246 0.077503 0.016446 0.006606 0.999843 0 0 0 0 1 0.999513 0.01504 -0.02733 0 -0.015197 0.999869 -0.005555 0.077503 0.027243 0.005968 0.999611 0 0 0 0 1 0.999336 0.00905 -0.035296 0 -0.009227 0.999946 -0.004837 0.077503 0.03525 0.005159 0.999365 0 0 0 0 1 0.999164 0.002793 -0.040791 0 -0.002951 0.999988 -0.003826 0.077503 0.04078 0.003943 0.99916 0 0 0 0 1 0.998982 -0.004643 -0.044872 0 0.004536 0.999987 -0.002486 0.077503 0.044882 0.00228 0.99899 0 0 0 0 1 0.998799 -0.012316 -0.047416 0 0.01228 0.999924 -0.001041 0.077503 0.047425 0.000457 0.998875 0 0 0 0 1 0.99863 -0.016771 -0.049557 0 0.016775 0.999859 -0.000344 0.077503 0.049556 -0.000487 0.998771 0 0 0 0 1 0.998568 -0.02033 -0.049477 0 0.020335 0.999793 -0.000398 0.077503 0.049475 -0.000608 0.998775 0 0 0 0 1 0.998623 -0.02338 -0.046953 0 0.023347 0.999727 -0.001251 0.077503 0.04697 0.000153 0.998896 0 0 0 0 1 0.998784 -0.026188 -0.04176 0 0.026099 0.999656 -0.002692 0.077503 0.041816 0.001599 0.999124 0 0 0 0 1 0.998981 -0.029016 -0.034565 0 0.028884 0.999573 -0.004301 0.077503 0.034675 0.003298 0.999393 0 0 0 0 1 0.99916 -0.031132 -0.026653 0 0.030991 0.999503 -0.005708 0.077503 0.026817 0.004877 0.999628 0 0 0 0 1 0.99934 -0.031654 -0.017822 0 0.03154 0.99948 -0.006659 0.077503 0.018023 0.006093 0.999819 0 0 0 0 1 0.999503 -0.030675 -0.00733 0 0.030623 0.999506 -0.007071 0.077503 0.007543 0.006843 0.999948 0 0 0 0 1 0.999595 -0.028113 0.004308 0 0.028142 0.99958 -0.006965 0.077503 -0.00411 0.007083 0.999966 0 0 0 0 1</float_array>
        <technique_common>
          <accessor source="#Spine1_matrix_Spine1_transform-output-array" count="31" stride="16">
            <param name="TRANSFORM" type="float4x4"/>
          </accessor>
        </technique_common>
      </source>
      <source id="Spine1_matrix_Spine1_transform-interpolations">
        <Name_array id="Spine1_matrix_Spine1_transform-interpolations-array" count="31">LINEAR LINEAR LINEAR LINEAR LINEAR LINEAR LINEAR LINEAR LINEAR LINEAR LINEAR LINEAR LINEAR LINEAR LINEAR LINEAR LINEAR LINEAR LINEAR LINEAR LINEAR LINEAR LINEAR LINEAR LINEAR LINEAR LINEAR LINEAR LINEAR LINEAR LINEAR</Name_array>
        <technique_common>
          <accessor source="#Spine1_matrix_Spine1_transform-interpolations-array" count="31" stride="1">
            <param name="INTERPOLATION" type="Name"/>
          </accessor>
        </technique_common>
      </source>
      <sampler id="Spine1_matrix_Spine1_transform-sampler">
        <input semantic="INPUT" source="#Spine1_matrix_Spine1_transform-input"/>
        <input semantic="OUTPUT" source="#Spine1_matrix_Spine1_transform-output"/>
        <input semantic="INTERPOLATION" source="#Spine1_matrix_Spine1_transform-interpolations"/>
      </sampler>
      <channel source="#Spine1_matrix_Spine1_transform-sampler" target="Spine1/transform"/>
    </animation>
    <animation id="Spine2_matrix">
      <source id="Spine2_matrix_Spine2_transform-input">
        <float_array id="Spine2_matrix_Spine2_transform-input-array" count="31">0 0.033333 0.066666 0.1 0.133333 0.166667 0.2 0.233333 0.266667 0.3 0.333333 0.366667 0.4 0.433333 0.466667 0.5 0.533333 0.566667 0.6 0.633333 0.666667 0.7 0.733333 0.766667 0.8 0.833333 0.866667 0.9 0.933333 0.966667 1</float_array>
        <technique_common>
          <accessor source="#Spine2_matrix_Spine2_transform-input-array" count="31" stride="1">
            <param name="TIME" type="float"/>
          </accessor>
        </technique_common>
        <technique profile="MAYA">
          <pre_infinity>CONSTANT</pre_infinity>
          <post_infinity>CONSTANT</post_infinity>
        </technique>
      </source>
      <source id="Spine2_matrix_Spine2_transform-output">
        <float_array id="Spine2_matrix_Spine2_transform-output-array" count="496">0.999595 -0.028126 0.004295 0 0.028157 0.999577 -0.007288 0.073924 -0.004088 0.007406 0.999964 0 0 0 0 1 0.999659 -0.019949 0.016865 0 0.020057 0.999779 -0.006277 0.073924 -0.016736 0.006613 0.999838 0 0 0 0 1 0.999523 -0.013458 0.027808 0 0.013616 0.999892 -0.005484 0.073924 -0.027732 0.00586 0.999598 0 0 0 0 1 0.999279 -0.009337 0.036803 0 0.009521 0.999943 -0.004849 0.073924 -0.036756 0.005195 0.999311 0 0 0 0 1 0.99899 -0.006534 0.04445 0 0.00673 0.999968 -0.004248 0.073924 -0.044421 0.004543 0.999003 0 0 0 0 1 0.998687 -0.004118 0.051053 0 0.004318 0.999983 -0.003817 0.073924 -0.051036 0.004032 0.998689 0 0 0 0 1 0.998453 -0.001861 0.055565 0 0.002077 0.999991 -0.00382 0.073924 -0.055557 0.00393 0.998448 0 0 0 0 1 0.998367 0.001671 0.057099 0 -0.001416 0.999989 -0.004509 0.073924 -0.057106 0.00442 0.998358 0 0 0 0 1 0.99842 0.007485 0.055699 0 -0.007166 0.999957 -0.00593 0.073924 -0.055741 0.005522 0.99843 0 0 0 0 1 0.998547 0.015446 0.051631 0 -0.015062 0.999856 -0.007828 0.073924 -0.051744 0.007039 0.998636 0 0 0 0 1 0.998672 0.025214 0.044927 0 -0.02485 0.999654 -0.008648 0.073924 -0.045129 0.00752 0.998953 0 0 0 0 1 0.998762 0.032935 0.03727 0 -0.032618 0.999427 -0.00909 0.073924 -0.037548 0.007863 0.999264 0 0 0 0 1 0.99889 0.036891 0.029302 0 -0.036639 0.999287 -0.009075 0.073924 -0.029616 0.007991 0.999529 0 0 0 0 1 0.999132 0.036616 0.019883 0 -0.03645 0.999298 -0.008658 0.073924 -0.020186 0.007926 0.999765 0 0 0 0 1 0.999408 0.033394 0.008271 0 -0.033328 0.999412 -0.008015 0.073924 -0.008534 0.007735 0.999934 0 0 0 0 1 0.999595 0.028126 -0.004295 0 -0.028157 0.999577 -0.007288 0.073924 0.004088 0.007406 0.999964 0 0 0 0 1 0.999627 0.021717 -0.016574 0 -0.021828 0.99974 -0.006569 0.073924 0.016427 0.006928 0.999841 0 0 0 0 1 0.999513 0.015067 -0.027321 0 -0.015233 0.999867 -0.005878 0.073924 0.027228 0.006291 0.999609 0 0 0 0 1 0.999336 0.009081 -0.035288 0 -0.009269 0.999944 -0.005159 0.073924 0.035239 0.005482 0.999364 0 0 0 0 1 0.999164 0.002825 -0.040786 0 -0.002996 0.999987 -0.004148 0.073924 0.040774 0.004266 0.999159 0 0 0 0 1 0.998982 -0.004612 -0.04487 0 0.004491 0.999986 -0.002809 0.073924 0.044882 0.002604 0.998989 0 0 0 0 1 0.9988 -0.012289 -0.047418 0 0.012238 0.999924 -0.001363 0.073924 0.047431 0.000781 0.998874 0 0 0 0 1 0.998631 -0.016745 -0.049561 0 0.016733 0.99986 -0.000667 0.073924 0.049565 -0.000162 0.998771 0 0 0 0 1 0.998569 -0.020306 -0.049483 0 0.020295 0.999794 -0.000722 0.073924 0.049487 -0.000283 0.998775 0 0 0 0 1 0.998624 -0.023358 -0.046961 0 0.023309 0.999727 -0.001575 0.073924 0.046985 0.000479 0.998895 0 0 0 0 1 0.998784 -0.02617 -0.041768 0 0.026066 0.999656 -0.003016 0.073924 0.041833 0.001924 0.999123 0 0 0 0 1 0.998981 -0.029002 -0.034575 0 0.028859 0.999573 -0.004624 0.073924 0.034694 0.003622 0.999391 0 0 0 0 1 0.99916 -0.031124 -0.026664 0 0.030974 0.999502 -0.006032 0.073924 0.026838 0.005201 0.999626 0 0 0 0 1 0.99934 -0.031651 -0.017834 0 0.031531 0.999478 -0.006982 0.073924 0.018045 0.006416 0.999817 0 0 0 0 1 0.999502 -0.03068 -0.007342 0 0.030625 0.999504 -0.007394 0.073924 0.007566 0.007166 0.999946 0 0 0 0 1 0.999595 -0.028126 0.004295 0 0.028157 0.999577 -0.007288 0.073924 -0.004088 0.007406 0.999964 0 0 0 0 1</float_array>
        <technique_common>
          <accessor source="#Spine2_matrix_Spine2_transform-output-array" count="31" stride="16">
            <param name="TRANSFORM" type="float4x4"/>
          </accessor>
        </technique_common>
      </source>
      <source id="Spine2_matrix_Spine2_transform-interpolations">
        <Name_array id="Spine2_matrix_Spine2_transform-interpolations-array" count="31">LINEAR LINEAR LINEAR LINEAR LINEAR LINEAR LINEAR LINEAR LINEAR LINEAR LINEAR LINEAR LINEAR LINEAR LINEAR LINEAR LINEAR LINEAR LINEAR LINEAR LINEAR LINEAR LINEAR LINEAR LINEAR LINEAR LINEAR LINEAR LINEAR LINEAR LINEAR</Name_array>
        <technique_common>
          <accessor source="#Spine2_matrix_Spine2_transform-interpolations-array" count="31" stride="1">
            <param name="INTERPOLATION" type="Name"/>
          </accessor>
        </technique_common>
      </source>
      <sampler id="Spine2_matrix_Spine2_transform-sampler">
        <input semantic="INPUT" source="#Spine2_matrix_Spine2_transform-input"/>
        <input semantic="OUTPUT" source="#Spine2_matrix_Spine2_transform-output"/>
        <input semantic="INTERPOLATION" source="#Spine2_matrix_Spine2_transform-interpolations"/>
      </sampler>
      <channel source="#Spine2_matrix_Spine2_transform-sampler" target="Spine2/transform"/>
    </animation>
    <animation id="Spine3_matrix">
      <source id="Spine3_matrix_Spine3_transform-input">
        <float_array id="Spine3_matrix_Spine3_transform-input-array" count="31">0 0.033333 0.066666 0.1 0.133333 0.166667 0.2 0.233333 0.266667 0.3 0.333333 0.366667 0.4 0.433333 0.466667 0.5 0.533333 0.566667 0.6 0.633333 0.666667 0.7 0.733333 0.766667 0.8 0.833333 0.866667 0.9 0.933333 0.966667 1</float_array>
        <technique_common>
          <accessor source="#Spine3_matrix_Spine3_transform-input-array" count="31" stride="1">
            <param name="TIME" type="float"/>
          </accessor>
        </technique_common>
        <technique profile="MAYA">
          <pre_infinity>CONSTANT</pre_infinity>
          <post_infinity>CONSTANT</post_infinity>
        </technique>
      </source>
      <source id="Spine3_matrix_Spine3_transform-output">
        <float_array id="Spine3_matrix_Spine3_transform-output-array" count="496">0.999595 -0.02814 0.004282 0 0.028114 0.999586 0.006095 0.111876 -0.004452 -0.005972 0.999972 0 0 0 0 1 0.999659 -0.019969 0.016854 0 0.019852 0.999778 0.007105 0.111876 -0.016992 -0.006768 0.999833 0 0 0 0 1 0.999523 -0.013485 0.027799 0 0.01327 0.999881 0.007895 0.111876 -0.027902 -0.007522 0.999582 0 0 0 0 1 0.999279 -0.009368 0.036795 0 0.00906 0.999923 0.008526 0.111876 -0.036872 -0.008187 0.999286 0 0 0 0 1 0.99899 -0.006571 0.044443 0 0.006171 0.999939 0.009122 0.111876 -0.0445 -0.008839 0.99897 0 0 0 0 1 0.998688 -0.004158 0.051047 0 0.003675 0.999948 0.009549 0.111876 -0.051084 -0.009349 0.998651 0 0 0 0 1 0.998453 -0.001904 0.05556 0 0.001376 0.999954 0.009542 0.111876 -0.055576 -0.009451 0.99841 0 0 0 0 1 0.998367 0.001627 0.057096 0 -0.002136 0.999959 0.008853 0.111876 -0.05708 -0.00896 0.998329 0 0 0 0 1 0.99842 0.007444 0.055699 0 -0.00787 0.999941 0.007432 0.111876 -0.05564 -0.007859 0.99842 0 0 0 0 1 0.998547 0.01541 0.051633 0 -0.015717 0.999861 0.005538 0.111876 -0.051541 -0.006341 0.998651 0 0 0 0 1 0.998672 0.025187 0.044933 0 -0.025425 0.999666 0.004721 0.111876 -0.044799 -0.005858 0.998979 0 0 0 0 1 0.998762 0.032918 0.03728 0 -0.0331 0.999443 0.004283 0.111876 -0.037118 -0.005512 0.999296 0 0 0 0 1 0.99889 0.036881 0.029315 0 -0.037022 0.999305 0.004302 0.111876 -0.029136 -0.005383 0.999561 0 0 0 0 1 0.999131 0.036613 0.019897 0 -0.036714 0.999315 0.004722 0.111876 -0.01971 -0.005448 0.999791 0 0 0 0 1 0.999408 0.033399 0.008284 0 -0.033445 0.999426 0.005367 0.111876 -0.0081 -0.005641 0.999951 0 0 0 0 1 0.999595 0.02814 -0.004282 0 -0.028114 0.999586 0.006095 0.111876 0.004452 -0.005972 0.999972 0 0 0 0 1 0.999626 0.021738 -0.016563 0 -0.021627 0.999743 0.006813 0.111876 0.016707 -0.006452 0.99984 0 0 0 0 1 0.999513 0.015094 -0.02731 0 -0.014894 0.999861 0.007502 0.111876 0.02742 -0.007091 0.999599 0 0 0 0 1 0.999336 0.009112 -0.03528 0 -0.008827 0.999927 0.008218 0.111876 0.035352 -0.007901 0.999344 0 0 0 0 1 0.999164 0.002856 -0.04078 0 -0.002482 0.999954 0.009226 0.111876 0.040804 -0.009117 0.999126 0 0 0 0 1 0.998982 -0.004582 -0.044867 0 0.005061 0.999931 0.010562 0.111876 0.044816 -0.010779 0.998937 0 0 0 0 1 0.9988 -0.012262 -0.047419 0 0.012844 0.999845 0.012006 0.111876 0.047265 -0.0126 0.998803 0 0 0 0 1 0.998631 -0.016719 -0.049565 0 0.017369 0.999768 0.0127 0.111876 0.049341 -0.013543 0.99869 0 0 0 0 1 0.998569 -0.020281 -0.049489 0 0.020931 0.999701 0.012645 0.111876 0.049217 -0.013662 0.998695 0 0 0 0 1 0.998624 -0.023335 -0.046968 0 0.023914 0.999644 0.011792 0.111876 0.046676 -0.012899 0.998827 0 0 0 0 1 0.998785 -0.026151 -0.041777 0 0.026605 0.999592 0.010355 0.111876 0.041489 -0.011453 0.999073 0 0 0 0 1 0.998981 -0.028988 -0.034584 0 0.029307 0.999532 0.00875 0.111876 0.034315 -0.009755 0.999363 0 0 0 0 1 0.99916 -0.031115 -0.026675 0 0.031322 0.999482 0.007346 0.111876 0.026432 -0.008176 0.999617 0 0 0 0 1 0.99934 -0.031649 -0.017846 0 0.031768 0.999475 0.006398 0.111876 0.017634 -0.006961 0.99982 0 0 0 0 1 0.999502 -0.030685 -0.007355 0 0.030729 0.99951 0.005989 0.111876 0.007167 -0.006212 0.999955 0 0 0 0 1 0.999595 -0.02814 0.004282 0 0.028114 0.999586 0.006095 0.111876 -0.004452 -0.005972 0.999972 0 0 0 0 1</float_array>
        <technique_common>
          <accessor source="#Spine3_matrix_Spine3_transform-output-array" count="31" stride="16">
            <param name="TRANSFORM" type="float4x4"/>
          </accessor>
        </technique_common>
      </source>
      <source id="Spine3_matrix_Spine3_transform-interpolations">
        <Name_array id="Spine3_matrix_Spine3_transform-interpolations-array" count="31">LINEAR LINEAR LINEAR LINEAR LINEAR LINEAR LINEAR LINEAR LINEAR LINEAR LINEAR LINEAR LINEAR LINEAR LINEAR LINEAR LINEAR LINEAR LINEAR LINEAR LINEAR LINEAR LINEAR LINEAR LINEAR LINEAR LINEAR LINEAR LINEAR LINEAR LINEAR</Name_array>
        <technique_common>
          <accessor source="#Spine3_matrix_Spine3_transform-interpolations-array" count="31" stride="1">
            <param name="INTERPOLATION" type="Name"/>
          </accessor>
        </technique_common>
      </source>
      <sampler id="Spine3_matrix_Spine3_transform-sampler">
        <input semantic="INPUT" source="#Spine3_matrix_Spine3_transform-input"/>
        <input semantic="OUTPUT" source="#Spine3_matrix_Spine3_transform-output"/>
        <input semantic="INTERPOLATION" source="#Spine3_matrix_Spine3_transform-interpolations"/>
      </sampler>
      <channel source="#Spine3_matrix_Spine3_transform-sampler" target="Spine3/transform"/>
    </animation>
    <animation id="Neck_matrix">
      <source id="Neck_matrix_Neck_transform-input">
        <float_array id="Neck_matrix_Neck_transform-input-array" count="31">0 0.033333 0.066666 0.1 0.133333 0.166667 0.2 0.233333 0.266667 0.3 0.333333 0.366667 0.4 0.433333 0.466667 0.5 0.533333 0.566667 0.6 0.633333 0.666667 0.7 0.733333 0.766667 0.8 0.833333 0.866667 0.9 0.933333 0.966667 1</float_array>
        <technique_common>
          <accessor source="#Neck_matrix_Neck_transform-input-array" count="31" stride="1">
            <param name="TIME" type="float"/>
          </accessor>
        </technique_common>
        <technique profile="MAYA">
          <pre_infinity>CONSTANT</pre_infinity>
          <post_infinity>CONSTANT</post_infinity>
        </technique>
      </source>
      <source id="Neck_matrix_Neck_transform-output">
        <float_array id="Neck_matrix_Neck_transform-output-array" count="496">0.999484 0.023459 -0.02192 0 -0.02805 0.970208 -0.240645 0.248046 0.015621 0.241135 0.970366 0 0 0 0 1 0.999404 0.018492 -0.029165 0 -0.02496 0.970452 -0.239999 0.248046 0.023865 0.240583 0.970335 0 0 0 0 1 0.999331 0.014093 -0.033758 0 -0.021784 0.970612 -0.239663 0.248046 0.029388 0.240238 0.970269 0 0 0 0 1 0.999309 0.010663 -0.035592 0 -0.018892 0.970683 -0.239618 0.248046 0.031994 0.240125 0.970215 0 0 0 0 1 0.999351 0.007556 -0.035209 0 -0.015789 0.970683 -0.239843 0.248046 0.032364 0.240244 0.970173 0 0 0 0 1 0.999428 0.004559 -0.03351 0 -0.012482 0.970639 -0.240215 0.248046 0.031431 0.240496 0.970141 0 0 0 0 1 0.999524 0.001922 -0.030796 0 -0.009279 0.970584 -0.240585 0.248046 0.029428 0.240757 0.970139 0 0 0 0 1 0.999631 -0.001073 -0.027156 0 -0.005502 0.970534 -0.240903 0.248046 0.026614 0.240964 0.970169 0 0 0 0 1 0.999727 -0.005042 -0.022815 0 -0.000608 0.970483 -0.24117 0.248046 0.023357 0.241118 0.970215 0 0 0 0 1 0.999789 -0.010102 -0.017883 0 0.005487 0.970411 -0.241397 0.248046 0.019793 0.241248 0.970262 0 0 0 0 1 0.999782 -0.01676 -0.012449 0 0.013258 0.970286 -0.241598 0.248046 0.016128 0.24138 0.970297 0 0 0 0 1 0.999731 -0.022216 -0.006704 0 0.019938 0.970158 -0.241653 0.248046 0.011872 0.241454 0.97034 0 0 0 0 1 0.999678 -0.025351 -0.000943 0 0.024372 0.970073 -0.241588 0.248046 0.00704 0.241488 0.970378 0 0 0 0 1 0.999643 -0.026115 0.005707 0 0.02672 0.970063 -0.24138 0.248046 0.000767 0.241446 0.970414 0 0 0 0 1 0.999584 -0.025388 0.013658 0 0.027933 0.970115 -0.241032 0.248046 -0.00713 0.241313 0.970421 0 0 0 0 1 0.999484 -0.023459 0.02192 0 0.02805 0.970208 -0.240645 0.248046 -0.015621 0.241135 0.970366 0 0 0 0 1 0.999352 -0.020614 0.029502 0 0.02711 0.970317 -0.240314 0.248046 -0.023672 0.240958 0.970247 0 0 0 0 1 0.999226 -0.017141 0.035414 0 0.025157 0.970417 -0.24012 0.248046 -0.030251 0.240825 0.970097 0 0 0 0 1 0.999163 -0.013325 0.038667 0 0.022236 0.970488 -0.24012 0.248046 -0.034326 0.240779 0.969973 0 0 0 0 1 0.999205 -0.008211 0.038999 0 0.017359 0.970517 -0.240407 0.248046 -0.035875 0.240893 0.969888 0 0 0 0 1 0.999309 -0.001378 0.037148 0 0.010294 0.97049 -0.240921 0.248046 -0.03572 0.241137 0.969833 0 0 0 0 1 0.999416 0.006083 0.033626 0 0.002217 0.970404 -0.241476 0.248046 -0.0341 0.241409 0.969824 0 0 0 0 1 0.999524 0.011367 0.028692 0 -0.004095 0.970328 -0.241758 0.248046 -0.030589 0.241525 0.969912 0 0 0 0 1 0.999611 0.015158 0.023423 0 -0.009046 0.970274 -0.24184 0.248046 -0.026393 0.241534 0.970033 0 0 0 0 1 0.999682 0.01759 0.018078 0 -0.012701 0.970264 -0.241715 0.248046 -0.021792 0.241409 0.970179 0 0 0 0 1 0.999741 0.019132 0.012333 0 -0.01559 0.970291 -0.24144 0.248046 -0.016586 0.241185 0.970337 0 0 0 0 1 0.999771 0.020518 0.006099 0 -0.018442 0.970316 -0.241138 0.248046 -0.010866 0.24097 0.970472 0 0 0 0 1 0.999766 0.021637 -0.000101 0 -0.021024 0.970321 -0.240905 0.248046 -0.005114 0.240851 0.970549 0 0 0 0 1 0.999728 0.022366 -0.00667 0 -0.023314 0.970307 -0.240752 0.248046 0.001088 0.240842 0.970564 0 0 0 0 1 0.999635 0.023043 -0.014129 0 -0.025768 0.970269 -0.240655 0.248046 0.008163 0.240931 0.970508 0 0 0 0 1 0.999484 0.02346 -0.021919 0 -0.02805 0.970215 -0.240615 0.248046 0.015621 0.241106 0.970373 0 0 0 0 1</float_array>
        <technique_common>
          <accessor source="#Neck_matrix_Neck_transform-output-array" count="31" stride="16">
            <param name="TRANSFORM" type="float4x4"/>
          </accessor>
        </technique_common>
      </source>
      <source id="Neck_matrix_Neck_transform-interpolations">
        <Name_array id="Neck_matrix_Neck_transform-interpolations-array" count="31">LINEAR LINEAR LINEAR LINEAR LINEAR LINEAR LINEAR LINEAR LINEAR LINEAR LINEAR LINEAR LINEAR LINEAR LINEAR LINEAR LINEAR LINEAR LINEAR LINEAR LINEAR LINEAR LINEAR LINEAR LINEAR LINEAR LINEAR LINEAR LINEAR LINEAR LINEAR</Name_array>
        <technique_common>
          <accessor source="#Neck_matrix_Neck_transform-interpolations-array" count="31" stride="1">
            <param name="INTERPOLATION" type="Name"/>
          </accessor>
        </technique_common>
      </source>
      <sampler id="Neck_matrix_Neck_transform-sampler">
        <input semantic="INPUT" source="#Neck_matrix_Neck_transform-input"/>
        <input semantic="OUTPUT" source="#Neck_matrix_Neck_transform-output"/>
        <input semantic="INTERPOLATION" source="#Neck_matrix_Neck_transform-interpolations"/>
      </sampler>
      <channel source="#Neck_matrix_Neck_transform-sampler" target="Neck/transform"/>
    </animation>
    <animation id="Neck1_matrix">
      <source id="Neck1_matrix_Neck1_transform-input">
        <float_array id="Neck1_matrix_Neck1_transform-input-array" count="31">0 0.033333 0.066666 0.1 0.133333 0.166667 0.2 0.233333 0.266667 0.3 0.333333 0.366667 0.4 0.433333 0.466667 0.5 0.533333 0.566667 0.6 0.633333 0.666667 0.7 0.733333 0.766667 0.8 0.833333 0.866667 0.9 0.933333 0.966667 1</float_array>
        <technique_common>
          <accessor source="#Neck1_matrix_Neck1_transform-input-array" count="31" stride="1">
            <param name="TIME" type="float"/>
          </accessor>
        </technique_common>
        <technique profile="MAYA">
          <pre_infinity>CONSTANT</pre_infinity>
          <post_infinity>CONSTANT</post_infinity>
        </technique>
      </source>
      <source id="Neck1_matrix_Neck1_transform-output">
        <float_array id="Neck1_matrix_Neck1_transform-output-array" count="496">0.999484 0.023482 -0.021909 0 -0.024042 0.999382 -0.025634 0.04828 0.021293 0.026147 0.999431 0 0 0 0 1 0.9994 0.018621 -0.029195 0 -0.019351 0.999503 -0.0249 0.04828 0.028717 0.02545 0.999264 0 0 0 0 1 0.999326 0.014298 -0.033811 0 -0.015131 0.999585 -0.02452 0.04828 0.033446 0.025016 0.999127 0 0 0 0 1 0.999305 0.010906 -0.035648 0 -0.011783 0.999631 -0.024474 0.04828 0.035368 0.024877 0.999065 0 0 0 0 1 0.999348 0.007809 -0.035254 0 -0.008684 0.999656 -0.024734 0.04828 0.035048 0.025024 0.999072 0 0 0 0 1 0.999426 0.004811 -0.033536 0 -0.005656 0.999667 -0.025158 0.04828 0.033404 0.025333 0.999121 0 0 0 0 1 0.999523 0.002168 -0.030799 0 -0.002956 0.999668 -0.02558 0.04828 0.030733 0.025659 0.999198 0 0 0 0 1 0.999631 -0.000829 -0.02714 0 0.000125 0.999663 -0.025945 0.04828 0.027152 0.025932 0.999295 0 0 0 0 1 0.999729 -0.00479 -0.02279 0 0.004191 0.999646 -0.026258 0.04828 0.022908 0.026155 0.999395 0 0 0 0 1 0.999792 -0.009832 -0.017864 0 0.009356 0.999604 -0.026534 0.04828 0.018118 0.026361 0.999488 0 0 0 0 1 0.999786 -0.016489 -0.012466 0 0.01615 0.999511 -0.026771 0.04828 0.012901 0.026564 0.999564 0 0 0 0 1 0.999736 -0.021956 -0.00675 0 0.021767 0.999403 -0.026847 0.04828 0.007335 0.026693 0.999617 0 0 0 0 1 0.999684 -0.025121 -0.001001 0 0.025086 0.999327 -0.026778 0.04828 0.001673 0.026745 0.999641 0 0 0 0 1 0.999647 -0.025946 0.005654 0 0.026087 0.999308 -0.026525 0.04828 -0.004962 0.026664 0.999632 0 0 0 0 1 0.999587 -0.025308 0.013623 0 0.025658 0.99933 -0.026103 0.04828 -0.012953 0.026442 0.999566 0 0 0 0 1 0.999484 -0.023482 0.021909 0 0.024042 0.999382 -0.025634 0.04828 -0.021293 0.026147 0.999431 0 0 0 0 1 0.999349 -0.020738 0.029519 0 0.021486 0.999451 -0.02523 0.04828 -0.02898 0.025848 0.999246 0 0 0 0 1 0.99922 -0.017349 0.03546 0 0.018241 0.999521 -0.024985 0.04828 -0.035009 0.025612 0.999059 0 0 0 0 1 0.999157 -0.013587 0.038738 0 0.014561 0.999582 -0.024964 0.04828 -0.038383 0.025507 0.998937 0 0 0 0 1 0.999199 -0.008493 0.039098 0 0.009485 0.999636 -0.025266 0.04828 -0.038869 0.025617 0.998916 0 0 0 0 1 0.999303 -0.001657 0.037283 0 0.002621 0.999663 -0.025824 0.04828 -0.037227 0.025903 0.998971 0 0 0 0 1 0.999412 0.005824 0.033797 0 -0.004931 0.999638 -0.026434 0.04828 -0.033938 0.026252 0.999079 0 0 0 0 1 0.999521 0.011136 0.02886 0 -0.010364 0.999588 -0.026774 0.04828 -0.029147 0.026462 0.999225 0 0 0 0 1 0.99961 0.01495 0.023577 0 -0.014315 0.999536 -0.026899 0.04828 -0.023969 0.026551 0.99936 0 0 0 0 1 0.999683 0.017395 0.018208 0 -0.016904 0.999498 -0.026794 0.04828 -0.018665 0.026477 0.999475 0 0 0 0 1 0.999743 0.018947 0.012436 0 -0.018612 0.999475 -0.026523 0.04828 -0.012932 0.026285 0.999571 0 0 0 0 1 0.999774 0.020344 0.006176 0 -0.020175 0.999452 -0.026224 0.04828 -0.006706 0.026093 0.999637 0 0 0 0 1 0.999769 0.02148 -0.000047 0 -0.021474 0.999431 -0.025992 0.04828 -0.00051 0.025987 0.999662 0 0 0 0 1 0.999731 0.022245 -0.006637 0 -0.022409 0.999415 -0.025824 0.04828 0.006059 0.025966 0.999644 0 0 0 0 1 0.999636 0.022984 -0.01411 0 -0.023341 0.999397 -0.025692 0.04828 0.013511 0.026012 0.99957 0 0 0 0 1 0.999484 0.023482 -0.021909 0 -0.024042 0.999382 -0.025634 0.04828 0.021293 0.026147 0.999431 0 0 0 0 1</float_array>
        <technique_common>
          <accessor source="#Neck1_matrix_Neck1_transform-output-array" count="31" stride="16">
            <param name="TRANSFORM" type="float4x4"/>
          </accessor>
        </technique_common>
      </source>
      <source id="Neck1_matrix_Neck1_transform-interpolations">
        <Name_array id="Neck1_matrix_Neck1_transform-interpolations-array" count="31">LINEAR LINEAR LINEAR LINEAR LINEAR LINEAR LINEAR LINEAR LINEAR LINEAR LINEAR LINEAR LINEAR LINEAR LINEAR LINEAR LINEAR LINEAR LINEAR LINEAR LINEAR LINEAR LINEAR LINEAR LINEAR LINEAR LINEAR LINEAR LINEAR LINEAR LINEAR</Name_array>
        <technique_common>
          <accessor source="#Neck1_matrix_Neck1_transform-interpolations-array" count="31" stride="1">
            <param name="INTERPOLATION" type="Name"/>
          </accessor>
        </technique_common>
      </source>
      <sampler id="Neck1_matrix_Neck1_transform-sampler">
        <input semantic="INPUT" source="#Neck1_matrix_Neck1_transform-input"/>
        <input semantic="OUTPUT" source="#Neck1_matrix_Neck1_transform-output"/>
        <input semantic="INTERPOLATION" source="#Neck1_matrix_Neck1_transform-interpolations"/>
      </sampler>
      <channel source="#Neck1_matrix_Neck1_transform-sampler" target="Neck1/transform"/>
    </animation>
    <animation id="Head_matrix">
      <source id="Head_matrix_Head_transform-input">
        <float_array id="Head_matrix_Head_transform-input-array" count="31">0 0.033333 0.066666 0.1 0.133333 0.166667 0.2 0.233333 0.266667 0.3 0.333333 0.366667 0.4 0.433333 0.466667 0.5 0.533333 0.566667 0.6 0.633333 0.666667 0.7 0.733333 0.766667 0.8 0.833333 0.866667 0.9 0.933333 0.966667 1</float_array>
        <technique_common>
          <accessor source="#Head_matrix_Head_transform-input-array" count="31" stride="1">
            <param name="TIME" type="float"/>
          </accessor>
        </technique_common>
        <technique profile="MAYA">
          <pre_infinity>CONSTANT</pre_infinity>
          <post_infinity>CONSTANT</post_infinity>
        </technique>
      </source>
      <source id="Head_matrix_Head_transform-output">
        <float_array id="Head_matrix_Head_transform-output-array" count="496">0.999485 0.023139 -0.02225 0 -0.015322 0.952953 0.30273 0.053577 0.028208 -0.302233 0.952817 0 0 0 0 1 0.999669 0.016918 -0.019385 0 -0.010243 0.952823 0.303354 0.053577 0.023602 -0.303055 0.952681 0 0 0 0 1 0.999791 0.011649 -0.016802 0 -0.005997 0.952746 0.30371 0.053577 0.019546 -0.303546 0.952616 0 0 0 0 1 0.99986 0.007784 -0.014802 0 -0.00292 0.952739 0.303777 0.053577 0.016467 -0.303691 0.952628 0 0 0 0 1 0.999905 0.004567 -0.012979 0 -0.000412 0.952814 0.303555 0.053577 0.013753 -0.303521 0.952725 0 0 0 0 1 0.999938 0.001616 -0.011057 0 0.001811 0.952932 0.303178 0.053577 0.011027 -0.303179 0.95287 0 0 0 0 1 0.99996 -0.000898 -0.008928 0 0.00356 0.953049 0.302795 0.053577 0.008237 -0.302815 0.953014 0 0 0 0 1 0.999976 -0.003811 -0.005821 0 0.005393 0.953144 0.302467 0.053577 0.004396 -0.302491 0.953142 0 0 0 0 1 0.999969 -0.007815 -0.001261 0 0.00783 0.953211 0.302203 0.053577 -0.001159 -0.302204 0.953243 0 0 0 0 1 0.999904 -0.013012 0.004668 0 0.010995 0.953243 0.302006 0.053577 -0.00838 -0.301926 0.953295 0 0 0 0 1 0.999745 -0.019706 0.011066 0 0.015447 0.953215 0.301898 0.053577 -0.016498 -0.30165 0.953276 0 0 0 0 1 0.999549 -0.025047 0.016553 0 0.018884 0.95315 0.301909 0.053577 -0.023339 -0.30146 0.953193 0 0 0 0 1 0.999409 -0.027847 0.020151 0 0.020467 0.953095 0.301979 0.053577 -0.027615 -0.301388 0.953102 0 0 0 0 1 0.99937 -0.027929 0.021878 0 0.02002 0.953054 0.302139 0.053577 -0.029289 -0.301511 0.953013 0 0 0 0 1 0.999403 -0.02621 0.022518 0 0.018179 0.953004 0.302413 0.053577 -0.029386 -0.301823 0.952911 0 0 0 0 1 0.999485 -0.023139 0.02225 0 0.015322 0.952953 0.30273 0.053577 -0.028208 -0.302233 0.952817 0 0 0 0 1 0.99959 -0.019166 0.021252 0 0.011828 0.95291 0.303024 0.053577 -0.026059 -0.302648 0.952746 0 0 0 0 1 0.999697 -0.014741 0.019701 0 0.008075 0.952883 0.303231 0.053577 -0.023243 -0.30298 0.952713 0 0 0 0 1 0.999789 -0.010316 0.017775 0 0.00444 0.952891 0.303281 0.053577 -0.020067 -0.303138 0.952735 0 0 0 0 1 0.999876 -0.004937 0.014938 0 0.000177 0.952967 0.303073 0.053577 -0.015732 -0.303033 0.95285 0 0 0 0 1 0.999938 0.001948 0.010938 0 -0.005167 0.953081 0.302671 0.053577 -0.009835 -0.302709 0.953032 0 0 0 0 1 0.999937 0.009284 0.006385 0 -0.01078 0.953172 0.302238 0.053577 -0.00328 -0.302287 0.953211 0 0 0 0 1 0.999895 0.014273 0.00245 0 -0.014346 0.953205 0.301984 0.053577 0.001974 -0.301988 0.95331 0 0 0 0 1 0.999841 0.017771 -0.00114 0 -0.016598 0.9532 0.301884 0.053577 0.006452 -0.301817 0.953344 0 0 0 0 1 0.99979 0.019971 -0.004554 0 -0.017664 0.953155 0.301968 0.053577 0.010371 -0.301824 0.953307 0 0 0 0 1 0.999741 0.021304 -0.00803 0 -0.017882 0.953079 0.302193 0.053577 0.014092 -0.301971 0.953213 0 0 0 0 1 0.999679 0.022462 -0.011732 0 -0.017864 0.952999 0.302446 0.053577 0.017974 -0.302139 0.953094 0 0 0 0 1 0.999614 0.023307 -0.015147 0 -0.017633 0.952945 0.302631 0.053577 0.021488 -0.302247 0.952987 0 0 0 0 1 0.99956 0.023589 -0.017957 0 -0.01705 0.952922 0.302736 0.053577 0.024253 -0.302297 0.952905 0 0 0 0 1 0.999514 0.023582 -0.020387 0 -0.016308 0.952939 0.302724 0.053577 0.026567 -0.302245 0.95286 0 0 0 0 1 0.999485 0.023138 -0.022251 0 -0.015322 0.952958 0.302715 0.053577 0.028208 -0.302218 0.952821 0 0 0 0 1</float_array>
        <technique_common>
          <accessor source="#Head_matrix_Head_transform-output-array" count="31" stride="16">
            <param name="TRANSFORM" type="float4x4"/>
          </accessor>
        </technique_common>
      </source>
      <source id="Head_matrix_Head_transform-interpolations">
        <Name_array id="Head_matrix_Head_transform-interpolations-array" count="31">LINEAR LINEAR LINEAR LINEAR LINEAR LINEAR LINEAR LINEAR LINEAR LINEAR LINEAR LINEAR LINEAR LINEAR LINEAR LINEAR LINEAR LINEAR LINEAR LINEAR LINEAR LINEAR LINEAR LINEAR LINEAR LINEAR LINEAR LINEAR LINEAR LINEAR LINEAR</Name_array>
        <technique_common>
          <accessor source="#Head_matrix_Head_transform-interpolations-array" count="31" stride="1">
            <param name="INTERPOLATION" type="Name"/>
          </accessor>
        </technique_common>
      </source>
      <sampler id="Head_matrix_Head_transform-sampler">
        <input semantic="INPUT" source="#Head_matrix_Head_transform-input"/>
        <input semantic="OUTPUT" source="#Head_matrix_Head_transform-output"/>
        <input semantic="INTERPOLATION" source="#Head_matrix_Head_transform-interpolations"/>
      </sampler>
      <channel source="#Head_matrix_Head_transform-sampler" target="Head/transform"/>
    </animation>
    <animation id="LeftShoulder_matrix">
      <source id="LeftShoulder_matrix_LeftShoulder_transform-input">
        <float_array id="LeftShoulder_matrix_LeftShoulder_transform-input-array" count="31">0 0.033333 0.066666 0.1 0.133333 0.166667 0.2 0.233333 0.266667 0.3 0.333333 0.366667 0.4 0.433333 0.466667 0.5 0.533333 0.566667 0.6 0.633333 0.666667 0.7 0.733333 0.766667 0.8 0.833333 0.866667 0.9 0.933333 0.966667 1</float_array>
        <technique_common>
          <accessor source="#LeftShoulder_matrix_LeftShoulder_transform-input-array" count="31" stride="1">
            <param name="TIME" type="float"/>
          </accessor>
        </technique_common>
        <technique profile="MAYA">
          <pre_infinity>CONSTANT</pre_infinity>
          <post_infinity>CONSTANT</post_infinity>
        </technique>
      </source>
      <source id="LeftShoulder_matrix_LeftShoulder_transform-output">
        <float_array id="LeftShoulder_matrix_LeftShoulder_transform-output-array" count="496">-0.409289 0.911932 -0.029379 0.017011 0.073731 0.000962 -0.997278 0.181867 -0.909421 -0.410341 -0.067632 0.084759 0 0 0 1 -0.402055 0.914871 -0.036908 0.017011 0.096104 0.002079 -0.995369 0.181867 -0.910558 -0.40374 -0.088759 0.084759 0 0 0 1 -0.401477 0.914983 -0.040266 0.017011 0.112755 0.005748 -0.993606 0.181867 -0.908902 -0.403451 -0.105477 0.084759 0 0 0 1 -0.407878 0.912169 -0.03978 0.017011 0.122551 0.011519 -0.992395 0.181867 -0.904775 -0.409651 -0.116485 0.084759 0 0 0 1 -0.419959 0.906829 -0.035995 0.017011 0.12745 0.01966 -0.99165 0.181867 -0.89855 -0.42104 -0.123832 0.084759 0 0 0 1 -0.434193 0.900293 -0.0308 0.017011 0.129709 0.028647 -0.991138 0.181867 -0.891433 -0.43434 -0.129214 0.084759 0 0 0 1 -0.446383 0.894458 -0.026206 0.017011 0.129802 0.035745 -0.990895 0.181867 -0.885378 -0.44572 -0.132059 0.084759 0 0 0 1 -0.452324 0.891534 -0.023862 0.017011 0.129331 0.039096 -0.99083 0.181867 -0.882426 -0.451263 -0.132987 0.084759 0 0 0 1 -0.450314 0.892535 -0.024475 0.017011 0.129789 0.038312 -0.990801 0.181867 -0.883387 -0.449348 -0.133094 0.084759 0 0 0 1 -0.44126 0.896964 -0.027282 0.017011 0.131378 0.034497 -0.990732 0.181867 -0.88771 -0.440755 -0.133064 0.084759 0 0 0 1 -0.431673 0.901619 -0.027228 0.017011 0.132623 0.03358 -0.990597 0.181867 -0.892227 -0.431225 -0.134071 0.084759 0 0 0 1 -0.423598 0.905477 -0.026009 0.017011 0.131504 0.03306 -0.990764 0.181867 -0.896254 -0.423106 -0.133078 0.084759 0 0 0 1 -0.419611 0.907412 -0.023 0.017011 0.126859 0.033534 -0.991354 0.181867 -0.898795 -0.418901 -0.129185 0.084759 0 0 0 1 -0.420512 0.907125 -0.017141 0.017011 0.117017 0.03549 -0.992496 0.181867 -0.899709 -0.419362 -0.121074 0.084759 0 0 0 1 -0.42431 0.905475 -0.008659 0.017011 0.102549 0.038549 -0.993981 0.181867 -0.899691 -0.422644 -0.109213 0.084759 0 0 0 1 -0.42943 0.9031 0.001154 0.017011 0.085664 0.042006 -0.995438 0.181867 -0.899028 -0.427372 -0.095402 0.084759 0 0 0 1 -0.434394 0.900657 0.010906 0.017011 0.068613 0.045161 -0.996621 0.181867 -0.898106 -0.432177 -0.081414 0.084759 0 0 0 1 -0.437857 0.898842 0.019067 0.017011 0.053685 0.047311 -0.997436 0.181867 -0.89744 -0.435711 -0.06897 0.084759 0 0 0 1 -0.43858 0.898371 0.02401 0.017011 0.043197 0.04776 -0.997924 0.181867 -0.897653 -0.436633 -0.059753 0.084759 0 0 0 1 -0.436558 0.899312 0.025606 0.017011 0.036596 0.046189 -0.998262 0.181867 -0.898932 -0.434862 -0.053075 0.084759 0 0 0 1 -0.432877 0.901105 0.025047 0.017011 0.031927 0.043094 -0.998561 0.181867 -0.900887 -0.431455 -0.047424 0.084759 0 0 0 1 -0.427949 0.903518 0.022684 0.017011 0.029386 0.038995 -0.998807 0.181867 -0.903325 -0.426772 -0.043239 0.084759 0 0 0 1 -0.421141 0.906741 0.021475 0.017011 0.031791 0.038419 -0.998756 0.181867 -0.906438 -0.419935 -0.045006 0.084759 0 0 0 1 -0.41522 0.909527 0.018817 0.017011 0.03483 0.036564 -0.998724 0.181867 -0.909054 -0.414034 -0.046861 0.084759 0 0 0 1 -0.411214 0.911424 0.014502 0.017011 0.037344 0.032741 -0.998766 0.181867 -0.910774 -0.410165 -0.0475 0.084759 0 0 0 1 -0.409139 0.912435 0.008259 0.017011 0.039555 0.026778 -0.998858 0.181867 -0.911614 -0.408345 -0.047048 0.084759 0 0 0 1 -0.408555 0.912734 0.000649 0.017011 0.041787 0.019415 -0.998938 0.181867 -0.911777 -0.408094 -0.046072 0.084759 0 0 0 1 -0.408846 0.912579 -0.006751 0.017011 0.044918 0.012733 -0.998909 0.181867 -0.911497 -0.408703 -0.046197 0.084759 0 0 0 1 -0.409007 0.912424 -0.013952 0.017011 0.051102 0.007636 -0.998664 0.181867 -0.911099 -0.409174 -0.04975 0.084759 0 0 0 1 -0.408949 0.912297 -0.02177 0.017011 0.060947 0.003501 -0.998135 0.181867 -0.91052 -0.409513 -0.057034 0.084759 0 0 0 1 -0.409289 0.911932 -0.029379 0.017011 0.073731 0.000962 -0.997278 0.181867 -0.909421 -0.410341 -0.067632 0.084759 0 0 0 1</float_array>
        <technique_common>
          <accessor source="#LeftShoulder_matrix_LeftShoulder_transform-output-array" count="31" stride="16">
            <param name="TRANSFORM" type="float4x4"/>
          </accessor>
        </technique_common>
      </source>
      <source id="LeftShoulder_matrix_LeftShoulder_transform-interpolations">
        <Name_array id="LeftShoulder_matrix_LeftShoulder_transform-interpolations-array" count="31">LINEAR LINEAR LINEAR LINEAR LINEAR LINEAR LINEAR LINEAR LINEAR LINEAR LINEAR LINEAR LINEAR LINEAR LINEAR LINEAR LINEAR LINEAR LINEAR LINEAR LINEAR LINEAR LINEAR LINEAR LINEAR LINEAR LINEAR LINEAR LINEAR LINEAR LINEAR</Name_array>
        <technique_common>
          <accessor source="#LeftShoulder_matrix_LeftShoulder_transform-interpolations-array" count="31" stride="1">
            <param name="INTERPOLATION" type="Name"/>
          </accessor>
        </technique_common>
      </source>
      <sampler id="LeftShoulder_matrix_LeftShoulder_transform-sampler">
        <input semantic="INPUT" source="#LeftShoulder_matrix_LeftShoulder_transform-input"/>
        <input semantic="OUTPUT" source="#LeftShoulder_matrix_LeftShoulder_transform-output"/>
        <input semantic="INTERPOLATION" source="#LeftShoulder_matrix_LeftShoulder_transform-interpolations"/>
      </sampler>
      <channel source="#LeftShoulder_matrix_LeftShoulder_transform-sampler" target="LeftShoulder/transform"/>
    </animation>
    <animation id="LeftArm_matrix">
      <source id="LeftArm_matrix_LeftArm_transform-input">
        <float_array id="LeftArm_matrix_LeftArm_transform-input-array" count="31">0 0.033333 0.066666 0.1 0.133333 0.166667 0.2 0.233333 0.266667 0.3 0.333333 0.366667 0.4 0.433333 0.466667 0.5 0.533333 0.566667 0.6 0.633333 0.666667 0.7 0.733333 0.766667 0.8 0.833333 0.866667 0.9 0.933333 0.966667 1</float_array>
        <technique_common>
          <accessor source="#LeftArm_matrix_LeftArm_transform-input-array" count="31" stride="1">
            <param name="TIME" type="float"/>
          </accessor>
        </technique_common>
        <technique profile="MAYA">
          <pre_infinity>CONSTANT</pre_infinity>
          <post_infinity>CONSTANT</post_infinity>
        </technique>
      </source>
      <source id="LeftArm_matrix_LeftArm_transform-output">
        <float_array id="LeftArm_matrix_LeftArm_transform-output-array" count="496">0.640378 -0.119958 0.758634 0 0.765067 0.186737 -0.61628 0.188543 -0.067737 0.975059 0.211359 0 0 0 0 1 0.624053 -0.089378 0.776254 0 0.773722 0.20945 -0.597901 0.188543 -0.109147 0.973726 0.199862 0 0 0 0 1 0.617294 -0.052144 0.785003 0 0.772304 0.230381 -0.592006 0.188543 -0.14998 0.971702 0.182484 0 0 0 0 1 0.623219 -0.015544 0.781893 0 0.761073 0.242055 -0.601812 0.188543 -0.179907 0.970138 0.162684 0 0 0 0 1 0.641801 0.014596 0.766733 0 0.739777 0.251634 -0.624028 0.188543 -0.202044 0.967712 0.1507 0 0 0 0 1 0.665491 0.040964 0.745281 0 0.712275 0.263632 -0.650509 0.188543 -0.223128 0.963753 0.146266 0 0 0 0 1 0.684855 0.05992 0.726211 0 0.688938 0.271384 -0.672097 0.188543 -0.237355 0.960604 0.144577 0 0 0 0 1 0.693783 0.063401 0.717388 0 0.679955 0.270601 -0.681496 0.188543 -0.237334 0.960602 0.144628 0 0 0 0 1 0.692029 0.049876 0.720144 0 0.686026 0.26501 -0.677597 0.188543 -0.224641 0.962955 0.149178 0 0 0 0 1 0.682743 0.02453 0.730247 0 0.701513 0.257457 -0.664527 0.188543 -0.204309 0.965978 0.158568 0 0 0 0 1 0.671993 -0.003378 0.74055 0 0.718013 0.247834 -0.650412 0.188543 -0.181336 0.968797 0.168969 0 0 0 0 1 0.659752 -0.036249 0.750608 0 0.735795 0.234188 -0.635423 0.188543 -0.15275 0.971515 0.181178 0 0 0 0 1 0.654989 -0.070941 0.752301 0 0.74525 0.225168 -0.627617 0.188543 -0.12487 0.971734 0.200351 0 0 0 0 1 0.663607 -0.11397 0.739348 0 0.742076 0.225269 -0.63133 0.188543 -0.094599 0.967608 0.234065 0 0 0 0 1 0.678502 -0.165883 0.715624 0 0.732595 0.2247 -0.642507 0.188543 -0.05422 0.960204 0.273984 0 0 0 0 1 0.691158 -0.214371 0.690178 0 0.722648 0.216884 -0.656309 0.188543 -0.008994 0.952369 0.304816 0 0 0 0 1 0.702128 -0.253004 0.665586 0 0.71122 0.204042 -0.672706 0.188543 0.03439 0.945704 0.323205 0 0 0 0 1 0.712288 -0.285916 0.641013 0 0.697803 0.190095 -0.690604 0.188543 0.075602 0.93921 0.334916 0 0 0 0 1 0.716713 -0.313745 0.622806 0 0.688567 0.176936 -0.703256 0.188543 0.110446 0.932876 0.342847 0 0 0 0 1 0.713893 -0.337551 0.613528 0 0.686902 0.16728 -0.707236 0.188543 0.136098 0.926324 0.351284 0 0 0 0 1 0.707083 -0.356926 0.61044 0 0.690279 0.161059 -0.70539 0.188543 0.153455 0.920143 0.360261 0 0 0 0 1 0.698739 -0.37017 0.612158 0 0.696258 0.15539 -0.70077 0.188543 0.164281 0.915876 0.366311 0 0 0 0 1 0.683928 -0.384751 0.619847 0 0.70825 0.146355 -0.690625 0.188543 0.175001 0.911344 0.372595 0 0 0 0 1 0.670872 -0.387138 0.632499 0 0.720573 0.138774 -0.67935 0.188543 0.175228 0.911519 0.37206 0 0 0 0 1 0.661867 -0.375261 0.648931 0 0.731804 0.135838 -0.66784 0.188543 0.162465 0.916912 0.364524 0 0 0 0 1 0.657504 -0.348055 0.668241 0 0.7407 0.136111 -0.657904 0.188543 0.138031 0.927541 0.347298 0 0 0 0 1 0.657632 -0.30728 0.687822 0 0.745801 0.136723 -0.651987 0.188543 0.106301 0.941746 0.319083 0 0 0 0 1 0.658309 -0.262413 0.705527 0 0.749436 0.14065 -0.646965 0.188543 0.07054 0.95465 0.289253 0 0 0 0 1 0.654777 -0.216515 0.724146 0 0.755331 0.152905 -0.637256 0.188543 0.02725 0.964231 0.263659 0 0 0 0 1 0.647205 -0.167614 0.74366 0 0.762013 0.16971 -0.624927 0.188543 -0.02146 0.971135 0.237562 0 0 0 0 1 0.640378 -0.119958 0.758634 0 0.765067 0.186737 -0.61628 0.188543 -0.067737 0.975059 0.211359 0 0 0 0 1</float_array>
        <technique_common>
          <accessor source="#LeftArm_matrix_LeftArm_transform-output-array" count="31" stride="16">
            <param name="TRANSFORM" type="float4x4"/>
          </accessor>
        </technique_common>
      </source>
      <source id="LeftArm_matrix_LeftArm_transform-interpolations">
        <Name_array id="LeftArm_matrix_LeftArm_transform-interpolations-array" count="31">LINEAR LINEAR LINEAR LINEAR LINEAR LINEAR LINEAR LINEAR LINEAR LINEAR LINEAR LINEAR LINEAR LINEAR LINEAR LINEAR LINEAR LINEAR LINEAR LINEAR LINEAR LINEAR LINEAR LINEAR LINEAR LINEAR LINEAR LINEAR LINEAR LINEAR LINEAR</Name_array>
        <technique_common>
          <accessor source="#LeftArm_matrix_LeftArm_transform-interpolations-array" count="31" stride="1">
            <param name="INTERPOLATION" type="Name"/>
          </accessor>
        </technique_common>
      </source>
      <sampler id="LeftArm_matrix_LeftArm_transform-sampler">
        <input semantic="INPUT" source="#LeftArm_matrix_LeftArm_transform-input"/>
        <input semantic="OUTPUT" source="#LeftArm_matrix_LeftArm_transform-output"/>
        <input semantic="INTERPOLATION" source="#LeftArm_matrix_LeftArm_transform-interpolations"/>
      </sampler>
      <channel source="#LeftArm_matrix_LeftArm_transform-sampler" target="LeftArm/transform"/>
    </animation>
    <animation id="LeftForeArm_matrix">
      <source id="LeftForeArm_matrix_LeftForeArm_transform-input">
        <float_array id="LeftForeArm_matrix_LeftForeArm_transform-input-array" count="31">0 0.033333 0.066666 0.1 0.133333 0.166667 0.2 0.233333 0.266667 0.3 0.333333 0.366667 0.4 0.433333 0.466667 0.5 0.533333 0.566667 0.6 0.633333 0.666667 0.7 0.733333 0.766667 0.8 0.833333 0.866667 0.9 0.933333 0.966667 1</float_array>
        <technique_common>
          <accessor source="#LeftForeArm_matrix_LeftForeArm_transform-input-array" count="31" stride="1">
            <param name="TIME" type="float"/>
          </accessor>
        </technique_common>
        <technique profile="MAYA">
          <pre_infinity>CONSTANT</pre_infinity>
          <post_infinity>CONSTANT</post_infinity>
        </technique>
      </source>
      <source id="LeftForeArm_matrix_LeftForeArm_transform-output">
        <float_array id="LeftForeArm_matrix_LeftForeArm_transform-output-array" count="496">0.838706 -0.544498 -0.00968 0.000011 0.54453 0.838741 0.000764 0.3215 0.007702 -0.005912 0.999953 0 0 0 0 1 0.89206 -0.451887 -0.005094 0.000011 0.451895 0.892071 0.000488 0.3215 0.004324 -0.002737 0.999987 0 0 0 0 1 0.930071 -0.367379 -0.00069 0.000011 0.367379 0.93007 0.00158 0.3215 0.000061 -0.001723 0.999999 0 0 0 0 1 0.952065 -0.305892 0.001801 0.000011 0.305885 0.952063 0.003388 0.3215 -0.002751 -0.002674 0.999993 0 0 0 0 1 0.963135 -0.269004 0.002619 0.000011 0.268992 0.963132 0.004409 0.3215 -0.003709 -0.003542 0.999987 0 0 0 0 1 0.969094 -0.246678 0.002601 0.000011 0.246664 0.969089 0.004723 0.3215 -0.003686 -0.003935 0.999985 0 0 0 0 1 0.972464 -0.233045 0.001868 0.000011 0.23303 0.972451 0.006013 0.3215 -0.003218 -0.005412 0.99998 0 0 0 0 1 0.974744 -0.223325 0.00092 0.000011 0.223304 0.974697 0.010003 0.3215 -0.003131 -0.009544 0.99995 0 0 0 0 1 0.976219 -0.216788 0.000529 0.000011 0.216756 0.976111 0.014993 0.3215 -0.003767 -0.014522 0.999887 0 0 0 0 1 0.976326 -0.216304 0.000623 0.000011 0.216258 0.976168 0.01812 0.3215 -0.004528 -0.017556 0.999836 0 0 0 0 1 0.975659 -0.219292 0.000852 0.000011 0.219236 0.975484 0.019171 0.3215 -0.005035 -0.018517 0.999816 0 0 0 0 1 0.972934 -0.231083 0.000647 0.000011 0.231031 0.972768 0.01862 0.3215 -0.004932 -0.017966 0.999826 0 0 0 0 1 0.964589 -0.263756 -0.001134 0.000011 0.263752 0.964523 0.011414 0.3215 -0.001916 -0.011309 0.999934 0 0 0 0 1 0.945034 -0.326938 -0.004629 0.000011 0.326879 0.94501 -0.01032 0.3215 0.007748 0.008239 0.999936 0 0 0 0 1 0.912572 -0.408888 -0.004838 0.000011 0.408451 0.912033 -0.036941 0.3215 0.019518 0.031735 0.999306 0 0 0 0 1 0.872003 -0.4895 -0.000171 0.000011 0.488907 0.870964 -0.048909 0.3215 0.02409 0.042565 0.998803 0 0 0 0 1 0.824225 -0.566238 0.005181 0.000011 0.566025 0.823582 -0.036434 0.3215 0.016363 0.032962 0.999323 0 0 0 0 1 0.768146 -0.640241 0.006628 0.000011 0.640263 0.768026 -0.014123 0.3215 0.003951 0.015092 0.999878 0 0 0 0 1 0.713933 -0.700201 0.004246 0.000011 0.700204 0.713942 0.001055 0.3215 -0.00377 0.002219 0.99999 0 0 0 0 1 0.667429 -0.744673 0.000559 0.000011 0.744665 0.667425 0.004295 0.3215 -0.003572 -0.002449 0.999991 0 0 0 0 1 0.627809 -0.778361 -0.003085 0.000011 0.778367 0.6278 0.003424 0.3215 -0.000728 -0.004552 0.999989 0 0 0 0 1 0.598126 -0.801388 -0.004686 0.000011 0.801402 0.598117 0.00332 0.3215 0.000142 -0.005741 0.999983 0 0 0 0 1 0.57886 -0.815423 -0.002405 0.000011 0.815419 0.57884 0.005957 0.3215 -0.003464 -0.00541 0.999979 0 0 0 0 1 0.57252 -0.81989 0.000928 0.000011 0.819866 0.57251 0.007193 0.3215 -0.006429 -0.003356 0.999974 0 0 0 0 1 0.586275 -0.810108 0.002389 0.000011 0.810087 0.586278 0.006137 0.3215 -0.006373 -0.001662 0.999978 0 0 0 0 1 0.61865 -0.785667 0.000347 0.000011 0.785658 0.618645 0.004318 0.3215 -0.003607 -0.002398 0.999991 0 0 0 0 1 0.658136 -0.75289 -0.003785 0.000011 0.752899 0.658126 0.0036 0.3215 -0.000219 -0.005219 0.999986 0 0 0 0 1 0.698679 -0.715396 -0.007424 0.000011 0.715432 0.69867 0.004214 0.3215 0.002172 -0.008256 0.999964 0 0 0 0 1 0.745416 -0.666536 -0.009189 0.000011 0.666587 0.745414 0.004327 0.3215 0.003965 -0.009351 0.999948 0 0 0 0 1 0.795663 -0.605659 -0.009922 0.000011 0.605709 0.795681 0.002932 0.3215 0.006119 -0.008343 0.999946 0 0 0 0 1 0.838706 -0.544498 -0.00968 0.000011 0.54453 0.838741 0.000764 0.3215 0.007702 -0.005912 0.999953 0 0 0 0 1</float_array>
        <technique_common>
          <accessor source="#LeftForeArm_matrix_LeftForeArm_transform-output-array" count="31" stride="16">
            <param name="TRANSFORM" type="float4x4"/>
          </accessor>
        </technique_common>
      </source>
      <source id="LeftForeArm_matrix_LeftForeArm_transform-interpolations">
        <Name_array id="LeftForeArm_matrix_LeftForeArm_transform-interpolations-array" count="31">LINEAR LINEAR LINEAR LINEAR LINEAR LINEAR LINEAR LINEAR LINEAR LINEAR LINEAR LINEAR LINEAR LINEAR LINEAR LINEAR LINEAR LINEAR LINEAR LINEAR LINEAR LINEAR LINEAR LINEAR LINEAR LINEAR LINEAR LINEAR LINEAR LINEAR LINEAR</Name_array>
        <technique_common>
          <accessor source="#LeftForeArm_matrix_LeftForeArm_transform-interpolations-array" count="31" stride="1">
            <param name="INTERPOLATION" type="Name"/>
          </accessor>
        </technique_common>
      </source>
      <sampler id="LeftForeArm_matrix_LeftForeArm_transform-sampler">
        <input semantic="INPUT" source="#LeftForeArm_matrix_LeftForeArm_transform-input"/>
        <input semantic="OUTPUT" source="#LeftForeArm_matrix_LeftForeArm_transform-output"/>
        <input semantic="INTERPOLATION" source="#LeftForeArm_matrix_LeftForeArm_transform-interpolations"/>
      </sampler>
      <channel source="#LeftForeArm_matrix_LeftForeArm_transform-sampler" target="LeftForeArm/transform"/>
    </animation>
    <animation id="LeftHand_matrix">
      <source id="LeftHand_matrix_LeftHand_transform-input">
        <float_array id="LeftHand_matrix_LeftHand_transform-input-array" count="31">0 0.033333 0.066666 0.1 0.133333 0.166667 0.2 0.233333 0.266667 0.3 0.333333 0.366667 0.4 0.433333 0.466667 0.5 0.533333 0.566667 0.6 0.633333 0.666667 0.7 0.733333 0.766667 0.8 0.833333 0.866667 0.9 0.933333 0.966667 1</float_array>
        <technique_common>
          <accessor source="#LeftHand_matrix_LeftHand_transform-input-array" count="31" stride="1">
            <param name="TIME" type="float"/>
          </accessor>
        </technique_common>
        <technique profile="MAYA">
          <pre_infinity>CONSTANT</pre_infinity>
          <post_infinity>CONSTANT</post_infinity>
        </technique>
      </source>
      <source id="LeftHand_matrix_LeftHand_transform-output">
        <float_array id="LeftHand_matrix_LeftHand_transform-output-array" count="496">0.999498 -0.030707 -0.00777 0.000011 0.030721 0.999527 0.001654 0.244116 0.007715 -0.001892 0.999968 0 0 0 0 1 0.999528 -0.030671 -0.001617 0.000011 0.030673 0.999529 0.000963 0.244116 0.001587 -0.001012 0.999998 0 0 0 0 1 0.999533 -0.030048 0.005587 0.000011 0.030039 0.999547 0.001809 0.244116 -0.005639 -0.00164 0.999983 0 0 0 0 1 0.999673 -0.023854 0.009224 0.000011 0.023824 0.99971 0.003383 0.244116 -0.009302 -0.003162 0.999952 0 0 0 0 1 0.999918 -0.010894 0.006802 0.000011 0.01087 0.999935 0.003545 0.244116 -0.00684 -0.003471 0.999971 0 0 0 0 1 0.999991 0.003975 0.001088 0.000011 -0.003976 0.999991 0.001127 0.244116 -0.001084 -0.001132 0.999999 0 0 0 0 1 0.999872 0.015694 -0.003239 0.000011 -0.015701 0.999874 -0.002189 0.244116 0.003204 0.00224 0.999992 0 0 0 0 1 0.999729 0.023055 -0.003096 0.000011 -0.023066 0.999727 -0.003673 0.244116 0.00301 0.003743 0.999988 0 0 0 0 1 0.999629 0.027226 -0.000303 0.000011 -0.027227 0.999624 -0.003142 0.244116 0.000217 0.003149 0.999995 0 0 0 0 1 0.999633 0.027019 0.002182 0.000011 -0.027016 0.999633 -0.001821 0.244116 -0.002231 0.001762 0.999996 0 0 0 0 1 0.999752 0.021995 0.003359 0.000011 -0.021992 0.999757 -0.001207 0.244116 -0.003385 0.001132 0.999994 0 0 0 0 1 0.999898 0.013609 0.004405 0.000011 -0.013604 0.999907 -0.000998 0.244116 -0.004419 0.000938 0.99999 0 0 0 0 1 0.999965 0.007125 0.00432 0.000011 -0.007121 0.999974 -0.000746 0.244116 -0.004325 0.000715 0.99999 0 0 0 0 1 0.999982 0.005818 0.001714 0.000011 -0.005818 0.999983 -0.000165 0.244116 -0.001715 0.000155 0.999999 0 0 0 0 1 0.999977 0.00642 -0.002018 0.000011 -0.00642 0.999979 0.000457 0.244116 0.002021 -0.000444 0.999998 0 0 0 0 1 0.999983 0.004373 -0.003723 0.000011 -0.00437 0.99999 0.000713 0.244116 0.003726 -0.000697 0.999993 0 0 0 0 1 0.999993 -0.003453 -0.001223 0.000011 0.003454 0.999994 0.000675 0.244116 0.001221 -0.00068 0.999999 0 0 0 0 1 0.999897 -0.01393 0.003311 0.000011 0.013929 0.999903 0.00027 0.244116 -0.003315 -0.000224 0.999994 0 0 0 0 1 0.999732 -0.02223 0.006531 0.000011 0.022238 0.999752 -0.001134 0.244116 -0.006504 0.001279 0.999978 0 0 0 0 1 0.999656 -0.025367 0.006645 0.000011 0.025405 0.999662 -0.005569 0.244116 -0.006501 0.005736 0.999962 0 0 0 0 1 0.999638 -0.026347 0.005445 0.000011 0.026406 0.999591 -0.011003 0.244116 -0.005153 0.011143 0.999925 0 0 0 0 1 0.999558 -0.029296 0.004976 0.000011 0.029354 0.999497 -0.011978 0.244116 -0.004622 0.012119 0.999916 0 0 0 0 1 0.999165 -0.040488 0.005415 0.000011 0.040499 0.999178 -0.001911 0.244116 -0.005333 0.002129 0.999983 0 0 0 0 1 0.99865 -0.051718 0.004868 0.000011 0.051671 0.998621 0.009248 0.244116 -0.00534 -0.008983 0.999945 0 0 0 0 1 0.998205 -0.05982 0.00272 0.000011 0.05978 0.998129 0.012861 0.244116 -0.003484 -0.012675 0.999914 0 0 0 0 1 0.997908 -0.06464 0.00055 0.000011 0.064634 0.997881 0.007523 0.244116 -0.001035 -0.007471 0.999972 0 0 0 0 1 0.997881 -0.065043 0.001569 0.000011 0.065042 0.997882 0.000434 0.244116 -0.001594 -0.000331 0.999999 0 0 0 0 1 0.998176 -0.060172 0.004971 0.000011 0.060188 0.998182 -0.003015 0.244116 -0.004781 0.003309 0.999983 0 0 0 0 1 0.998704 -0.050629 0.005119 0.000011 0.050642 0.998714 -0.002449 0.244116 -0.004989 0.002705 0.999984 0 0 0 0 1 0.999222 -0.039434 -0.000299 0.000011 0.039434 0.999222 -0.000458 0.244116 0.000316 0.000445 1 0 0 0 0 1 0.999498 -0.030707 -0.00777 0.000011 0.030721 0.999527 0.001654 0.244116 0.007715 -0.001892 0.999968 0 0 0 0 1</float_array>
        <technique_common>
          <accessor source="#LeftHand_matrix_LeftHand_transform-output-array" count="31" stride="16">
            <param name="TRANSFORM" type="float4x4"/>
          </accessor>
        </technique_common>
      </source>
      <source id="LeftHand_matrix_LeftHand_transform-interpolations">
        <Name_array id="LeftHand_matrix_LeftHand_transform-interpolations-array" count="31">LINEAR LINEAR LINEAR LINEAR LINEAR LINEAR LINEAR LINEAR LINEAR LINEAR LINEAR LINEAR LINEAR LINEAR LINEAR LINEAR LINEAR LINEAR LINEAR LINEAR LINEAR LINEAR LINEAR LINEAR LINEAR LINEAR LINEAR LINEAR LINEAR LINEAR LINEAR</Name_array>
        <technique_common>
          <accessor source="#LeftHand_matrix_LeftHand_transform-interpolations-array" count="31" stride="1">
            <param name="INTERPOLATION" type="Name"/>
          </accessor>
        </technique_common>
      </source>
      <sampler id="LeftHand_matrix_LeftHand_transform-sampler">
        <input semantic="INPUT" source="#LeftHand_matrix_LeftHand_transform-input"/>
        <input semantic="OUTPUT" source="#LeftHand_matrix_LeftHand_transform-output"/>
        <input semantic="INTERPOLATION" source="#LeftHand_matrix_LeftHand_transform-interpolations"/>
      </sampler>
      <channel source="#LeftHand_matrix_LeftHand_transform-sampler" target="LeftHand/transform"/>
    </animation>
    <animation id="LeftForeArm_Helper1_matrix">
      <source id="LeftForeArm_Helper1_matrix_LeftForeArm_Helper1_transform-input">
        <float_array id="LeftForeArm_Helper1_matrix_LeftForeArm_Helper1_transform-input-array" count="31">0 0.033333 0.066666 0.1 0.133333 0.166667 0.2 0.233333 0.266667 0.3 0.333333 0.366667 0.4 0.433333 0.466667 0.5 0.533333 0.566667 0.6 0.633333 0.666667 0.7 0.733333 0.766667 0.8 0.833333 0.866667 0.9 0.933333 0.966667 1</float_array>
        <technique_common>
          <accessor source="#LeftForeArm_Helper1_matrix_LeftForeArm_Helper1_transform-input-array" count="31" stride="1">
            <param name="TIME" type="float"/>
          </accessor>
        </technique_common>
        <technique profile="MAYA">
          <pre_infinity>CONSTANT</pre_infinity>
          <post_infinity>CONSTANT</post_infinity>
        </technique>
      </source>
      <source id="LeftForeArm_Helper1_matrix_LeftForeArm_Helper1_transform-output">
        <float_array id="LeftForeArm_Helper1_matrix_LeftForeArm_Helper1_transform-output-array" count="496">0.999993 0 -0.003859 0 0 1 0 0.078445 0.003859 0 0.999993 0 0 0 0 1 1 0 -0.000793 0 0 1 0 0.078445 0.000793 0 1 0 0 0 0 1 0.999996 0 0.00282 0 0 1 0 0.078445 -0.00282 0 0.999996 0 0 0 0 1 0.999989 0 0.004652 0 0 1 0 0.078445 -0.004652 0 0.999989 0 0 0 0 1 0.999994 0 0.00342 0 0 1 0 0.078445 -0.00342 0 0.999994 0 0 0 0 1 1 0 0.000542 0 0 1 0 0.078445 -0.000542 0 1 0 0 0 0 1 0.999999 0 -0.001602 0 0 1 0 0.078445 0.001602 0 0.999999 0 0 0 0 1 0.999999 0 -0.001505 0 0 1 0 0.078445 0.001505 0 0.999999 0 0 0 0 1 1 0 -0.000109 0 0 1 0 0.078445 0.000109 0 1 0 0 0 0 1 0.999999 0 0.001115 0 0 1 0 0.078445 -0.001115 0 0.999999 0 0 0 0 1 0.999999 0 0.001693 0 0 1 0 0.078445 -0.001693 0 0.999999 0 0 0 0 1 0.999998 0 0.002209 0 0 1 0 0.078445 -0.002209 0 0.999998 0 0 0 0 1 0.999998 0 0.002162 0 0 1 0 0.078445 -0.002162 0 0.999998 0 0 0 0 1 1 0 0.000857 0 0 1 0 0.078445 -0.000857 0 1 0 0 0 0 1 0.999999 0 -0.00101 0 0 1 0 0.078445 0.00101 0 0.999999 0 0 0 0 1 0.999998 0 -0.001863 0 0 1 0 0.078445 0.001863 0 0.999998 0 0 0 0 1 1 0 -0.00061 0 0 1 0 0.078445 0.00061 0 1 0 0 0 0 1 0.999999 0 0.001657 0 0 1 0 0.078445 -0.001657 0 0.999999 0 0 0 0 1 0.999995 0 0.003253 0 0 1 0 0.078445 -0.003253 0 0.999995 0 0 0 0 1 0.999995 0 0.003252 0 0 1 0 0.078445 -0.003252 0 0.999995 0 0 0 0 1 0.999997 0 0.002577 0 0 1 0 0.078445 -0.002577 0 0.999997 0 0 0 0 1 0.999997 0 0.002312 0 0 1 0 0.078445 -0.002312 0 0.999997 0 0 0 0 1 0.999996 0 0.002669 0 0 1 0 0.078445 -0.002669 0 0.999996 0 0 0 0 1 0.999996 0 0.002673 0 0 1 0 0.078445 -0.002673 0 0.999996 0 0 0 0 1 0.999998 0 0.001745 0 0 1 0 0.078445 -0.001745 0 0.999998 0 0 0 0 1 1 0 0.000518 0 0 1 0 0.078445 -0.000518 0 1 0 0 0 0 1 1 0 0.000799 0 0 1 0 0.078445 -0.000799 0 1 0 0 0 0 1 0.999997 0 0.002394 0 0 1 0 0.078445 -0.002394 0 0.999997 0 0 0 0 1 0.999997 0 0.002497 0 0 1 0 0.078445 -0.002497 0 0.999997 0 0 0 0 1 1 0 -0.000158 0 0 1 0 0.078445 0.000158 0 1 0 0 0 0 1 0.999993 0 -0.003859 0 0 1 0 0.078445 0.003859 0 0.999993 0 0 0 0 1</float_array>
        <technique_common>
          <accessor source="#LeftForeArm_Helper1_matrix_LeftForeArm_Helper1_transform-output-array" count="31" stride="16">
            <param name="TRANSFORM" type="float4x4"/>
          </accessor>
        </technique_common>
      </source>
      <source id="LeftForeArm_Helper1_matrix_LeftForeArm_Helper1_transform-interpolations">
        <Name_array id="LeftForeArm_Helper1_matrix_LeftForeArm_Helper1_transform-interpolations-array" count="31">LINEAR LINEAR LINEAR LINEAR LINEAR LINEAR LINEAR LINEAR LINEAR LINEAR LINEAR LINEAR LINEAR LINEAR LINEAR LINEAR LINEAR LINEAR LINEAR LINEAR LINEAR LINEAR LINEAR LINEAR LINEAR LINEAR LINEAR LINEAR LINEAR LINEAR LINEAR</Name_array>
        <technique_common>
          <accessor source="#LeftForeArm_Helper1_matrix_LeftForeArm_Helper1_transform-interpolations-array" count="31" stride="1">
            <param name="INTERPOLATION" type="Name"/>
          </accessor>
        </technique_common>
      </source>
      <sampler id="LeftForeArm_Helper1_matrix_LeftForeArm_Helper1_transform-sampler">
        <input semantic="INPUT" source="#LeftForeArm_Helper1_matrix_LeftForeArm_Helper1_transform-input"/>
        <input semantic="OUTPUT" source="#LeftForeArm_Helper1_matrix_LeftForeArm_Helper1_transform-output"/>
        <input semantic="INTERPOLATION" source="#LeftForeArm_Helper1_matrix_LeftForeArm_Helper1_transform-interpolations"/>
      </sampler>
      <channel source="#LeftForeArm_Helper1_matrix_LeftForeArm_Helper1_transform-sampler" target="LeftForeArm_Helper1/transform"/>
    </animation>
    <animation id="LeftForeArm_Helper2_matrix">
      <source id="LeftForeArm_Helper2_matrix_LeftForeArm_Helper2_transform-input">
        <float_array id="LeftForeArm_Helper2_matrix_LeftForeArm_Helper2_transform-input-array" count="31">0 0.033333 0.066666 0.1 0.133333 0.166667 0.2 0.233333 0.266667 0.3 0.333333 0.366667 0.4 0.433333 0.466667 0.5 0.533333 0.566667 0.6 0.633333 0.666667 0.7 0.733333 0.766667 0.8 0.833333 0.866667 0.9 0.933333 0.966667 1</float_array>
        <technique_common>
          <accessor source="#LeftForeArm_Helper2_matrix_LeftForeArm_Helper2_transform-input-array" count="31" stride="1">
            <param name="TIME" type="float"/>
          </accessor>
        </technique_common>
        <technique profile="MAYA">
          <pre_infinity>CONSTANT</pre_infinity>
          <post_infinity>CONSTANT</post_infinity>
        </technique>
      </source>
      <source id="LeftForeArm_Helper2_matrix_LeftForeArm_Helper2_transform-output">
        <float_array id="LeftForeArm_Helper2_matrix_LeftForeArm_Helper2_transform-output-array" count="496">0.999993 0 -0.003859 0 0 1 0 0.153671 0.003859 0 0.999993 0 0 0 0 1 1 0 -0.000793 0 0 1 0 0.153671 0.000793 0 1 0 0 0 0 1 0.999996 0 0.00282 0 0 1 0 0.153671 -0.00282 0 0.999996 0 0 0 0 1 0.999989 0 0.004652 0 0 1 0 0.153671 -0.004652 0 0.999989 0 0 0 0 1 0.999994 0 0.00342 0 0 1 0 0.153671 -0.00342 0 0.999994 0 0 0 0 1 1 0 0.000542 0 0 1 0 0.153671 -0.000542 0 1 0 0 0 0 1 0.999999 0 -0.001602 0 0 1 0 0.153671 0.001602 0 0.999999 0 0 0 0 1 0.999999 0 -0.001505 0 0 1 0 0.153671 0.001505 0 0.999999 0 0 0 0 1 1 0 -0.000109 0 0 1 0 0.153671 0.000109 0 1 0 0 0 0 1 0.999999 0 0.001115 0 0 1 0 0.153671 -0.001115 0 0.999999 0 0 0 0 1 0.999999 0 0.001693 0 0 1 0 0.153671 -0.001693 0 0.999999 0 0 0 0 1 0.999998 0 0.002209 0 0 1 0 0.153671 -0.002209 0 0.999998 0 0 0 0 1 0.999998 0 0.002162 0 0 1 0 0.153671 -0.002162 0 0.999998 0 0 0 0 1 1 0 0.000857 0 0 1 0 0.153671 -0.000857 0 1 0 0 0 0 1 0.999999 0 -0.00101 0 0 1 0 0.153671 0.00101 0 0.999999 0 0 0 0 1 0.999998 0 -0.001863 0 0 1 0 0.153671 0.001863 0 0.999998 0 0 0 0 1 1 0 -0.00061 0 0 1 0 0.153671 0.00061 0 1 0 0 0 0 1 0.999999 0 0.001657 0 0 1 0 0.153671 -0.001657 0 0.999999 0 0 0 0 1 0.999995 0 0.003253 0 0 1 0 0.153671 -0.003253 0 0.999995 0 0 0 0 1 0.999995 0 0.003252 0 0 1 0 0.153671 -0.003252 0 0.999995 0 0 0 0 1 0.999997 0 0.002577 0 0 1 0 0.153671 -0.002577 0 0.999997 0 0 0 0 1 0.999997 0 0.002312 0 0 1 0 0.153671 -0.002312 0 0.999997 0 0 0 0 1 0.999996 0 0.002669 0 0 1 0 0.153671 -0.002669 0 0.999996 0 0 0 0 1 0.999996 0 0.002673 0 0 1 0 0.153671 -0.002673 0 0.999996 0 0 0 0 1 0.999998 0 0.001745 0 0 1 0 0.153671 -0.001745 0 0.999998 0 0 0 0 1 1 0 0.000518 0 0 1 0 0.153671 -0.000518 0 1 0 0 0 0 1 1 0 0.000799 0 0 1 0 0.153671 -0.000799 0 1 0 0 0 0 1 0.999997 0 0.002394 0 0 1 0 0.153671 -0.002394 0 0.999997 0 0 0 0 1 0.999997 0 0.002497 0 0 1 0 0.153671 -0.002497 0 0.999997 0 0 0 0 1 1 0 -0.000158 0 0 1 0 0.153671 0.000158 0 1 0 0 0 0 1 0.999993 0 -0.003859 0 0 1 0 0.153671 0.003859 0 0.999993 0 0 0 0 1</float_array>
        <technique_common>
          <accessor source="#LeftForeArm_Helper2_matrix_LeftForeArm_Helper2_transform-output-array" count="31" stride="16">
            <param name="TRANSFORM" type="float4x4"/>
          </accessor>
        </technique_common>
      </source>
      <source id="LeftForeArm_Helper2_matrix_LeftForeArm_Helper2_transform-interpolations">
        <Name_array id="LeftForeArm_Helper2_matrix_LeftForeArm_Helper2_transform-interpolations-array" count="31">LINEAR LINEAR LINEAR LINEAR LINEAR LINEAR LINEAR LINEAR LINEAR LINEAR LINEAR LINEAR LINEAR LINEAR LINEAR LINEAR LINEAR LINEAR LINEAR LINEAR LINEAR LINEAR LINEAR LINEAR LINEAR LINEAR LINEAR LINEAR LINEAR LINEAR LINEAR</Name_array>
        <technique_common>
          <accessor source="#LeftForeArm_Helper2_matrix_LeftForeArm_Helper2_transform-interpolations-array" count="31" stride="1">
            <param name="INTERPOLATION" type="Name"/>
          </accessor>
        </technique_common>
      </source>
      <sampler id="LeftForeArm_Helper2_matrix_LeftForeArm_Helper2_transform-sampler">
        <input semantic="INPUT" source="#LeftForeArm_Helper2_matrix_LeftForeArm_Helper2_transform-input"/>
        <input semantic="OUTPUT" source="#LeftForeArm_Helper2_matrix_LeftForeArm_Helper2_transform-output"/>
        <input semantic="INTERPOLATION" source="#LeftForeArm_Helper2_matrix_LeftForeArm_Helper2_transform-interpolations"/>
      </sampler>
      <channel source="#LeftForeArm_Helper2_matrix_LeftForeArm_Helper2_transform-sampler" target="LeftForeArm_Helper2/transform"/>
    </animation>
    <animation id="LeftArm_Helper2_matrix">
      <source id="LeftArm_Helper2_matrix_LeftArm_Helper2_transform-input">
        <float_array id="LeftArm_Helper2_matrix_LeftArm_Helper2_transform-input-array" count="31">0 0.033333 0.066666 0.1 0.133333 0.166667 0.2 0.233333 0.266667 0.3 0.333333 0.366667 0.4 0.433333 0.466667 0.5 0.533333 0.566667 0.6 0.633333 0.666667 0.7 0.733333 0.766667 0.8 0.833333 0.866667 0.9 0.933333 0.966667 1</float_array>
        <technique_common>
          <accessor source="#LeftArm_Helper2_matrix_LeftArm_Helper2_transform-input-array" count="31" stride="1">
            <param name="TIME" type="float"/>
          </accessor>
        </technique_common>
        <technique profile="MAYA">
          <pre_infinity>CONSTANT</pre_infinity>
          <post_infinity>CONSTANT</post_infinity>
        </technique>
      </source>
      <source id="LeftArm_Helper2_matrix_LeftArm_Helper2_transform-output">
        <float_array id="LeftArm_Helper2_matrix_LeftArm_Helper2_transform-output-array" count="496">0.640378 -0.119958 0.758634 0 0.765067 0.186737 -0.61628 0.188543 -0.067737 0.975059 0.211359 0 0 0 0 1 0.624053 -0.089378 0.776254 0 0.773722 0.20945 -0.597901 0.188543 -0.109147 0.973726 0.199862 0 0 0 0 1 0.617294 -0.052144 0.785003 0 0.772304 0.230381 -0.592006 0.188543 -0.14998 0.971702 0.182484 0 0 0 0 1 0.623219 -0.015544 0.781893 0 0.761073 0.242055 -0.601812 0.188543 -0.179907 0.970138 0.162684 0 0 0 0 1 0.641801 0.014596 0.766733 0 0.739777 0.251634 -0.624028 0.188543 -0.202044 0.967712 0.1507 0 0 0 0 1 0.665491 0.040964 0.745281 0 0.712275 0.263632 -0.650509 0.188543 -0.223128 0.963753 0.146266 0 0 0 0 1 0.684855 0.05992 0.726211 0 0.688938 0.271384 -0.672097 0.188543 -0.237355 0.960604 0.144577 0 0 0 0 1 0.693783 0.063401 0.717388 0 0.679955 0.270601 -0.681496 0.188543 -0.237334 0.960602 0.144628 0 0 0 0 1 0.692029 0.049876 0.720144 0 0.686026 0.26501 -0.677597 0.188543 -0.224641 0.962955 0.149178 0 0 0 0 1 0.682743 0.02453 0.730247 0 0.701513 0.257457 -0.664527 0.188543 -0.204309 0.965978 0.158568 0 0 0 0 1 0.671993 -0.003378 0.74055 0 0.718013 0.247834 -0.650412 0.188543 -0.181336 0.968797 0.168969 0 0 0 0 1 0.659752 -0.036249 0.750608 0 0.735795 0.234188 -0.635423 0.188543 -0.15275 0.971515 0.181178 0 0 0 0 1 0.654989 -0.070941 0.752301 0 0.74525 0.225168 -0.627617 0.188543 -0.12487 0.971734 0.200351 0 0 0 0 1 0.663607 -0.11397 0.739348 0 0.742076 0.225269 -0.63133 0.188543 -0.094599 0.967608 0.234065 0 0 0 0 1 0.678502 -0.165883 0.715624 0 0.732595 0.2247 -0.642507 0.188543 -0.05422 0.960204 0.273984 0 0 0 0 1 0.691158 -0.214371 0.690178 0 0.722648 0.216884 -0.656309 0.188543 -0.008994 0.952369 0.304816 0 0 0 0 1 0.702128 -0.253004 0.665586 0 0.71122 0.204042 -0.672706 0.188543 0.03439 0.945704 0.323205 0 0 0 0 1 0.712288 -0.285916 0.641013 0 0.697803 0.190095 -0.690604 0.188543 0.075602 0.93921 0.334916 0 0 0 0 1 0.716713 -0.313745 0.622806 0 0.688567 0.176936 -0.703256 0.188543 0.110446 0.932876 0.342847 0 0 0 0 1 0.713893 -0.337551 0.613528 0 0.686902 0.16728 -0.707236 0.188543 0.136098 0.926324 0.351284 0 0 0 0 1 0.707083 -0.356926 0.61044 0 0.690279 0.161059 -0.70539 0.188543 0.153455 0.920143 0.360261 0 0 0 0 1 0.698739 -0.37017 0.612158 0 0.696258 0.15539 -0.70077 0.188543 0.164281 0.915876 0.366311 0 0 0 0 1 0.683928 -0.384751 0.619847 0 0.70825 0.146355 -0.690625 0.188543 0.175001 0.911344 0.372595 0 0 0 0 1 0.670872 -0.387138 0.632499 0 0.720573 0.138774 -0.67935 0.188543 0.175228 0.911519 0.37206 0 0 0 0 1 0.661867 -0.375261 0.648931 0 0.731804 0.135838 -0.66784 0.188543 0.162465 0.916912 0.364524 0 0 0 0 1 0.657504 -0.348055 0.668241 0 0.7407 0.136111 -0.657904 0.188543 0.138031 0.927541 0.347298 0 0 0 0 1 0.657632 -0.30728 0.687822 0 0.745801 0.136723 -0.651987 0.188543 0.106301 0.941746 0.319083 0 0 0 0 1 0.658309 -0.262413 0.705527 0 0.749436 0.14065 -0.646965 0.188543 0.07054 0.95465 0.289253 0 0 0 0 1 0.654777 -0.216515 0.724146 0 0.755331 0.152905 -0.637256 0.188543 0.02725 0.964231 0.263659 0 0 0 0 1 0.647205 -0.167614 0.74366 0 0.762013 0.16971 -0.624927 0.188543 -0.02146 0.971135 0.237562 0 0 0 0 1 0.640378 -0.119958 0.758634 0 0.765067 0.186737 -0.61628 0.188543 -0.067737 0.975059 0.211359 0 0 0 0 1</float_array>
        <technique_common>
          <accessor source="#LeftArm_Helper2_matrix_LeftArm_Helper2_transform-output-array" count="31" stride="16">
            <param name="TRANSFORM" type="float4x4"/>
          </accessor>
        </technique_common>
      </source>
      <source id="LeftArm_Helper2_matrix_LeftArm_Helper2_transform-interpolations">
        <Name_array id="LeftArm_Helper2_matrix_LeftArm_Helper2_transform-interpolations-array" count="31">LINEAR LINEAR LINEAR LINEAR LINEAR LINEAR LINEAR LINEAR LINEAR LINEAR LINEAR LINEAR LINEAR LINEAR LINEAR LINEAR LINEAR LINEAR LINEAR LINEAR LINEAR LINEAR LINEAR LINEAR LINEAR LINEAR LINEAR LINEAR LINEAR LINEAR LINEAR</Name_array>
        <technique_common>
          <accessor source="#LeftArm_Helper2_matrix_LeftArm_Helper2_transform-interpolations-array" count="31" stride="1">
            <param name="INTERPOLATION" type="Name"/>
          </accessor>
        </technique_common>
      </source>
      <sampler id="LeftArm_Helper2_matrix_LeftArm_Helper2_transform-sampler">
        <input semantic="INPUT" source="#LeftArm_Helper2_matrix_LeftArm_Helper2_transform-input"/>
        <input semantic="OUTPUT" source="#LeftArm_Helper2_matrix_LeftArm_Helper2_transform-output"/>
        <input semantic="INTERPOLATION" source="#LeftArm_Helper2_matrix_LeftArm_Helper2_transform-interpolations"/>
      </sampler>
      <channel source="#LeftArm_Helper2_matrix_LeftArm_Helper2_transform-sampler" target="LeftArm_Helper2/transform"/>
    </animation>
    <animation id="LeftArm_Helper1_matrix">
      <source id="LeftArm_Helper1_matrix_LeftArm_Helper1_transform-input">
        <float_array id="LeftArm_Helper1_matrix_LeftArm_Helper1_transform-input-array" count="31">0 0.033333 0.066666 0.1 0.133333 0.166667 0.2 0.233333 0.266667 0.3 0.333333 0.366667 0.4 0.433333 0.466667 0.5 0.533333 0.566667 0.6 0.633333 0.666667 0.7 0.733333 0.766667 0.8 0.833333 0.866667 0.9 0.933333 0.966667 1</float_array>
        <technique_common>
          <accessor source="#LeftArm_Helper1_matrix_LeftArm_Helper1_transform-input-array" count="31" stride="1">
            <param name="TIME" type="float"/>
          </accessor>
        </technique_common>
        <technique profile="MAYA">
          <pre_infinity>CONSTANT</pre_infinity>
          <post_infinity>CONSTANT</post_infinity>
        </technique>
      </source>
      <source id="LeftArm_Helper1_matrix_LeftArm_Helper1_transform-output">
        <float_array id="LeftArm_Helper1_matrix_LeftArm_Helper1_transform-output-array" count="496">0.640378 -0.119958 0.758634 0 0.765067 0.186737 -0.61628 0.188543 -0.067737 0.975059 0.211359 0 0 0 0 1 0.624053 -0.089378 0.776254 0 0.773722 0.20945 -0.597901 0.188543 -0.109147 0.973726 0.199862 0 0 0 0 1 0.617294 -0.052144 0.785003 0 0.772304 0.230381 -0.592006 0.188543 -0.14998 0.971702 0.182484 0 0 0 0 1 0.623219 -0.015544 0.781893 0 0.761073 0.242055 -0.601812 0.188543 -0.179907 0.970138 0.162684 0 0 0 0 1 0.641801 0.014596 0.766733 0 0.739777 0.251634 -0.624028 0.188543 -0.202044 0.967712 0.1507 0 0 0 0 1 0.665491 0.040964 0.745281 0 0.712275 0.263632 -0.650509 0.188543 -0.223128 0.963753 0.146266 0 0 0 0 1 0.684855 0.05992 0.726211 0 0.688938 0.271384 -0.672097 0.188543 -0.237355 0.960604 0.144577 0 0 0 0 1 0.693783 0.063401 0.717388 0 0.679955 0.270601 -0.681496 0.188543 -0.237334 0.960602 0.144628 0 0 0 0 1 0.692029 0.049876 0.720144 0 0.686026 0.26501 -0.677597 0.188543 -0.224641 0.962955 0.149178 0 0 0 0 1 0.682743 0.02453 0.730247 0 0.701513 0.257457 -0.664527 0.188543 -0.204309 0.965978 0.158568 0 0 0 0 1 0.671993 -0.003378 0.74055 0 0.718013 0.247834 -0.650412 0.188543 -0.181336 0.968797 0.168969 0 0 0 0 1 0.659752 -0.036249 0.750608 0 0.735795 0.234188 -0.635423 0.188543 -0.15275 0.971515 0.181178 0 0 0 0 1 0.654989 -0.070941 0.752301 0 0.74525 0.225168 -0.627617 0.188543 -0.12487 0.971734 0.200351 0 0 0 0 1 0.663607 -0.11397 0.739348 0 0.742076 0.225269 -0.63133 0.188543 -0.094599 0.967608 0.234065 0 0 0 0 1 0.678502 -0.165883 0.715624 0 0.732595 0.2247 -0.642507 0.188543 -0.05422 0.960204 0.273984 0 0 0 0 1 0.691158 -0.214371 0.690178 0 0.722648 0.216884 -0.656309 0.188543 -0.008994 0.952369 0.304816 0 0 0 0 1 0.702128 -0.253004 0.665586 0 0.71122 0.204042 -0.672706 0.188543 0.03439 0.945704 0.323205 0 0 0 0 1 0.712288 -0.285916 0.641013 0 0.697803 0.190095 -0.690604 0.188543 0.075602 0.93921 0.334916 0 0 0 0 1 0.716713 -0.313745 0.622806 0 0.688567 0.176936 -0.703256 0.188543 0.110446 0.932876 0.342847 0 0 0 0 1 0.713893 -0.337551 0.613528 0 0.686902 0.16728 -0.707236 0.188543 0.136098 0.926324 0.351284 0 0 0 0 1 0.707083 -0.356926 0.61044 0 0.690279 0.161059 -0.70539 0.188543 0.153455 0.920143 0.360261 0 0 0 0 1 0.698739 -0.37017 0.612158 0 0.696258 0.15539 -0.70077 0.188543 0.164281 0.915876 0.366311 0 0 0 0 1 0.683928 -0.384751 0.619847 0 0.70825 0.146355 -0.690625 0.188543 0.175001 0.911344 0.372595 0 0 0 0 1 0.670872 -0.387138 0.632499 0 0.720573 0.138774 -0.67935 0.188543 0.175228 0.911519 0.37206 0 0 0 0 1 0.661867 -0.375261 0.648931 0 0.731804 0.135838 -0.66784 0.188543 0.162465 0.916912 0.364524 0 0 0 0 1 0.657504 -0.348055 0.668241 0 0.7407 0.136111 -0.657904 0.188543 0.138031 0.927541 0.347298 0 0 0 0 1 0.657632 -0.30728 0.687822 0 0.745801 0.136723 -0.651987 0.188543 0.106301 0.941746 0.319083 0 0 0 0 1 0.658309 -0.262413 0.705527 0 0.749436 0.14065 -0.646965 0.188543 0.07054 0.95465 0.289253 0 0 0 0 1 0.654777 -0.216515 0.724146 0 0.755331 0.152905 -0.637256 0.188543 0.02725 0.964231 0.263659 0 0 0 0 1 0.647205 -0.167614 0.74366 0 0.762013 0.16971 -0.624927 0.188543 -0.02146 0.971135 0.237562 0 0 0 0 1 0.640378 -0.119958 0.758634 0 0.765067 0.186737 -0.61628 0.188543 -0.067737 0.975059 0.211359 0 0 0 0 1</float_array>
        <technique_common>
          <accessor source="#LeftArm_Helper1_matrix_LeftArm_Helper1_transform-output-array" count="31" stride="16">
            <param name="TRANSFORM" type="float4x4"/>
          </accessor>
        </technique_common>
      </source>
      <source id="LeftArm_Helper1_matrix_LeftArm_Helper1_transform-interpolations">
        <Name_array id="LeftArm_Helper1_matrix_LeftArm_Helper1_transform-interpolations-array" count="31">LINEAR LINEAR LINEAR LINEAR LINEAR LINEAR LINEAR LINEAR LINEAR LINEAR LINEAR LINEAR LINEAR LINEAR LINEAR LINEAR LINEAR LINEAR LINEAR LINEAR LINEAR LINEAR LINEAR LINEAR LINEAR LINEAR LINEAR LINEAR LINEAR LINEAR LINEAR</Name_array>
        <technique_common>
          <accessor source="#LeftArm_Helper1_matrix_LeftArm_Helper1_transform-interpolations-array" count="31" stride="1">
            <param name="INTERPOLATION" type="Name"/>
          </accessor>
        </technique_common>
      </source>
      <sampler id="LeftArm_Helper1_matrix_LeftArm_Helper1_transform-sampler">
        <input semantic="INPUT" source="#LeftArm_Helper1_matrix_LeftArm_Helper1_transform-input"/>
        <input semantic="OUTPUT" source="#LeftArm_Helper1_matrix_LeftArm_Helper1_transform-output"/>
        <input semantic="INTERPOLATION" source="#LeftArm_Helper1_matrix_LeftArm_Helper1_transform-interpolations"/>
      </sampler>
      <channel source="#LeftArm_Helper1_matrix_LeftArm_Helper1_transform-sampler" target="LeftArm_Helper1/transform"/>
    </animation>
    <animation id="RightShoulder_matrix">
      <source id="RightShoulder_matrix_RightShoulder_transform-input">
        <float_array id="RightShoulder_matrix_RightShoulder_transform-input-array" count="31">0 0.033333 0.066666 0.1 0.133333 0.166667 0.2 0.233333 0.266667 0.3 0.333333 0.366667 0.4 0.433333 0.466667 0.5 0.533333 0.566667 0.6 0.633333 0.666667 0.7 0.733333 0.766667 0.8 0.833333 0.866667 0.9 0.933333 0.966667 1</float_array>
        <technique_common>
          <accessor source="#RightShoulder_matrix_RightShoulder_transform-input-array" count="31" stride="1">
            <param name="TIME" type="float"/>
          </accessor>
        </technique_common>
        <technique profile="MAYA">
          <pre_infinity>CONSTANT</pre_infinity>
          <post_infinity>CONSTANT</post_infinity>
        </technique>
      </source>
      <source id="RightShoulder_matrix_RightShoulder_transform-output">
        <float_array id="RightShoulder_matrix_RightShoulder_transform-output-array" count="496">-0.42943 0.9031 0.001154 -0.017011 -0.085664 -0.042006 0.995438 0.181869 0.899028 0.427372 0.095402 0.084759 0 0 0 1 -0.437708 0.899047 0.011245 -0.017011 -0.06515 -0.044188 0.996897 0.181869 0.896754 0.435617 0.077914 0.084759 0 0 0 1 -0.44117 0.897203 0.019894 -0.017011 -0.051088 -0.047241 0.997576 0.181869 0.895968 0.439084 0.066678 0.084759 0 0 0 1 -0.439536 0.897835 0.026472 -0.017011 -0.044376 -0.051141 0.997705 0.181869 0.897128 0.437352 0.062321 0.084759 0 0 0 1 -0.434098 0.900316 0.03146 -0.017011 -0.043014 -0.055596 0.997526 0.181869 0.899838 0.431671 0.06286 0.084759 0 0 0 1 -0.427001 0.903555 0.035471 -0.017011 -0.044299 -0.060082 0.99721 0.181869 0.903166 0.424238 0.065682 0.084759 0 0 0 1 -0.420057 0.906712 0.03775 -0.017011 -0.046753 -0.063165 0.996907 0.181869 0.906293 0.416993 0.068925 0.084759 0 0 0 1 -0.415172 0.908988 0.037066 -0.017011 -0.047561 -0.062375 0.996919 0.181869 0.908499 0.412129 0.069129 0.084759 0 0 0 1 -0.41334 0.909975 0.033093 -0.017011 -0.044791 -0.056618 0.997391 0.181869 0.909475 0.410779 0.064162 0.084759 0 0 0 1 -0.414706 0.909577 0.026252 -0.017011 -0.038692 -0.04645 0.998171 0.181869 0.909132 0.412932 0.054457 0.084759 0 0 0 1 -0.417204 0.908673 0.015956 -0.017011 -0.031922 -0.032198 0.998972 0.181869 0.908252 0.416265 0.04244 0.084759 0 0 0 1 -0.419359 0.907801 0.005866 -0.017011 -0.028444 -0.019598 0.999403 0.181869 0.907375 0.418942 0.03404 0.084759 0 0 0 1 -0.419892 0.90757 -0.002771 -0.017011 -0.030485 -0.011051 0.999474 0.181869 0.907062 0.419756 0.032308 0.084759 0 0 0 1 -0.41787 0.908439 -0.011147 -0.017011 -0.03989 -0.006087 0.999186 0.181869 0.907631 0.417974 0.038782 0.084759 0 0 0 1 -0.413946 0.910072 -0.020432 -0.017011 -0.055211 -0.002695 0.998471 0.181869 0.908626 0.414441 0.051362 0.084759 0 0 0 1 -0.409289 0.911932 -0.029379 -0.017011 -0.073731 -0.000962 0.997278 0.181869 0.909421 0.410341 0.067632 0.084759 0 0 0 1 -0.405192 0.913489 -0.03685 -0.017011 -0.092754 -0.000976 0.995689 0.181869 0.909514 0.406863 0.085125 0.084759 0 0 0 1 -0.403043 0.914224 -0.041838 -0.017011 -0.109591 -0.002825 0.993973 0.181869 0.908596 0.405199 0.101329 0.084759 0 0 0 1 -0.404265 0.91361 -0.043431 -0.017011 -0.121544 -0.006597 0.992564 0.181869 0.90653 0.406537 0.113711 0.084759 0 0 0 1 -0.410084 0.911151 -0.040436 -0.017011 -0.129401 -0.014237 0.99149 0.181869 0.902821 0.411827 0.123743 0.084759 0 0 0 1 -0.419719 0.907037 -0.033476 -0.017011 -0.135325 -0.026064 0.990458 0.181869 0.89751 0.420244 0.133684 0.084759 0 0 0 1 -0.43148 0.901795 -0.024292 -0.017011 -0.138721 -0.039717 0.989535 0.181869 0.891393 0.430335 0.142235 0.084759 0 0 0 1 -0.444864 0.895457 -0.01589 -0.017011 -0.137753 -0.050882 0.989159 0.181869 0.884941 0.44223 0.145987 0.084759 0 0 0 1 -0.453372 0.891259 -0.010519 -0.017011 -0.134783 -0.056886 0.989241 0.181869 0.881072 0.449912 0.145918 0.084759 0 0 0 1 -0.455211 0.890338 -0.008991 -0.017011 -0.130852 -0.056906 0.989767 0.181869 0.880716 0.451729 0.142407 0.084759 0 0 0 1 -0.451213 0.892357 -0.010266 -0.017011 -0.125922 -0.052273 0.990662 0.181869 0.883487 0.448293 0.135954 0.084759 0 0 0 1 -0.444089 0.895898 -0.012298 -0.017011 -0.120292 -0.046014 0.991672 0.181869 0.887871 0.44187 0.128204 0.084759 0 0 0 1 -0.436871 0.899422 -0.013583 -0.017011 -0.114253 -0.040503 0.992626 0.181869 0.892239 0.435201 0.120456 0.084759 0 0 0 1 -0.432054 0.901766 -0.012187 -0.017011 -0.106614 -0.037652 0.993587 0.181869 0.895524 0.430582 0.112409 0.084759 0 0 0 1 -0.429773 0.902909 -0.007122 -0.017011 -0.096848 -0.038252 0.994564 0.181869 0.897728 0.428126 0.103885 0.084759 0 0 0 1 -0.42943 0.9031 0.001154 -0.017011 -0.085664 -0.042006 0.995438 0.181869 0.899028 0.427372 0.095402 0.084759 0 0 0 1</float_array>
        <technique_common>
          <accessor source="#RightShoulder_matrix_RightShoulder_transform-output-array" count="31" stride="16">
            <param name="TRANSFORM" type="float4x4"/>
          </accessor>
        </technique_common>
      </source>
      <source id="RightShoulder_matrix_RightShoulder_transform-interpolations">
        <Name_array id="RightShoulder_matrix_RightShoulder_transform-interpolations-array" count="31">LINEAR LINEAR LINEAR LINEAR LINEAR LINEAR LINEAR LINEAR LINEAR LINEAR LINEAR LINEAR LINEAR LINEAR LINEAR LINEAR LINEAR LINEAR LINEAR LINEAR LINEAR LINEAR LINEAR LINEAR LINEAR LINEAR LINEAR LINEAR LINEAR LINEAR LINEAR</Name_array>
        <technique_common>
          <accessor source="#RightShoulder_matrix_RightShoulder_transform-interpolations-array" count="31" stride="1">
            <param name="INTERPOLATION" type="Name"/>
          </accessor>
        </technique_common>
      </source>
      <sampler id="RightShoulder_matrix_RightShoulder_transform-sampler">
        <input semantic="INPUT" source="#RightShoulder_matrix_RightShoulder_transform-input"/>
        <input semantic="OUTPUT" source="#RightShoulder_matrix_RightShoulder_transform-output"/>
        <input semantic="INTERPOLATION" source="#RightShoulder_matrix_RightShoulder_transform-interpolations"/>
      </sampler>
      <channel source="#RightShoulder_matrix_RightShoulder_transform-sampler" target="RightShoulder/transform"/>
    </animation>
    <animation id="RightArm_matrix">
      <source id="RightArm_matrix_RightArm_transform-input">
        <float_array id="RightArm_matrix_RightArm_transform-input-array" count="31">0 0.033333 0.066666 0.1 0.133333 0.166667 0.2 0.233333 0.266667 0.3 0.333333 0.366667 0.4 0.433333 0.466667 0.5 0.533333 0.566667 0.6 0.633333 0.666667 0.7 0.733333 0.766667 0.8 0.833333 0.866667 0.9 0.933333 0.966667 1</float_array>
        <technique_common>
          <accessor source="#RightArm_matrix_RightArm_transform-input-array" count="31" stride="1">
            <param name="TIME" type="float"/>
          </accessor>
        </technique_common>
        <technique profile="MAYA">
          <pre_infinity>CONSTANT</pre_infinity>
          <post_infinity>CONSTANT</post_infinity>
        </technique>
      </source>
      <source id="RightArm_matrix_RightArm_transform-output">
        <float_array id="RightArm_matrix_RightArm_transform-output-array" count="496">0.691158 -0.214371 0.690178 0 0.722648 0.216884 -0.656309 -0.188543 -0.008994 0.952369 0.304816 -0.000002 0 0 0 1 0.715223 -0.24166 0.655787 0 0.698125 0.202955 -0.686608 -0.188543 0.03283 0.948899 0.313867 -0.000002 0 0 0 1 0.726819 -0.274125 0.629753 0 0.682741 0.188469 -0.705935 -0.188543 0.074825 0.943045 0.32414 -0.000002 0 0 0 1 0.723482 -0.311819 0.615908 0 0.680499 0.171995 -0.712278 -0.188543 0.116168 0.934445 0.336628 -0.000002 0 0 0 1 0.708201 -0.35092 0.612622 0 0.689707 0.158479 -0.706533 -0.188543 0.150849 0.922897 0.354267 -0.000002 0 0 0 1 0.686004 -0.39108 0.613559 0 0.705339 0.150462 -0.692717 -0.188543 0.17859 0.907975 0.379062 -0.000002 0 0 0 1 0.663752 -0.421037 0.618191 0 0.72137 0.141973 -0.677841 -0.188543 0.19763 0.895863 0.397959 -0.000002 0 0 0 1 0.649447 -0.428231 0.628361 0 0.732504 0.130524 -0.668133 -0.188543 0.204098 0.894193 0.398449 -0.000002 0 0 0 1 0.645786 -0.412609 0.642429 0 0.738188 0.122476 -0.663384 -0.188543 0.195036 0.902637 0.383676 -0.000002 0 0 0 1 0.64886 -0.382662 0.657686 0 0.740664 0.119585 -0.661147 -0.188543 0.174347 0.916116 0.361018 -0.000002 0 0 0 1 0.658383 -0.340968 0.671024 0 0.738475 0.120218 -0.663477 -0.188543 0.145555 0.932356 0.330946 -0.000002 0 0 0 1 0.668966 -0.291081 0.683927 0 0.734845 0.120661 -0.667416 -0.188543 0.111749 0.949059 0.294617 -0.000002 0 0 0 1 0.673225 -0.244422 0.697872 0 0.735771 0.127568 -0.665107 -0.188543 0.07354 0.961241 0.265721 -0.000002 0 0 0 1 0.66712 -0.202007 0.717038 0 0.744449 0.145469 -0.65164 -0.188543 0.027329 0.968521 0.247429 -0.000002 0 0 0 1 0.654113 -0.159402 0.73941 0 0.756056 0.167112 -0.632813 -0.188543 -0.022693 0.972967 0.229827 -0.000002 0 0 0 1 0.640378 -0.119958 0.758634 0 0.765067 0.186737 -0.61628 -0.188543 -0.067737 0.975059 0.211359 -0.000002 0 0 0 1 0.626944 -0.083235 0.774605 0 0.771096 0.208142 -0.601738 -0.188543 -0.111142 0.974551 0.194675 -0.000002 0 0 0 1 0.613728 -0.045132 0.788227 0 0.77405 0.231051 -0.58946 -0.188543 -0.155517 0.971894 0.176737 -0.000002 0 0 0 1 0.607542 -0.009693 0.794228 0 0.771014 0.247478 -0.586764 -0.188543 -0.190866 0.968845 0.157827 -0.000002 0 0 0 1 0.613645 0.01821 0.789372 0 0.759922 0.257817 -0.596698 -0.188543 -0.21438 0.966022 0.14437 -0.000002 0 0 0 1 0.628275 0.040131 0.776956 0 0.742782 0.266094 -0.614385 -0.188543 -0.2314 0.963111 0.137372 -0.000002 0 0 0 1 0.645902 0.057074 0.761284 0 0.72387 0.271019 -0.634477 -0.188543 -0.242535 0.960881 0.133737 -0.000002 0 0 0 1 0.669782 0.069063 0.739339 0 0.700192 0.272761 -0.659797 -0.188543 -0.247231 0.9596 0.134332 -0.000002 0 0 0 1 0.689547 0.070028 0.720848 0 0.682184 0.271435 -0.678931 -0.188543 -0.243208 0.959906 0.139395 -0.000002 0 0 0 1 0.702739 0.057098 0.709153 0 0.673688 0.26701 -0.689093 -0.188543 -0.228697 0.962001 0.149172 -0.000002 0 0 0 1 0.708256 0.030586 0.705293 0 0.676207 0.257572 -0.690218 -0.188543 -0.202775 0.965775 0.161744 -0.000002 0 0 0 1 0.705665 -0.005199 0.708526 0 0.688101 0.243507 -0.683536 -0.188543 -0.168977 0.969885 0.175412 -0.000002 0 0 0 1 0.699748 -0.045338 0.71295 0 0.701586 0.231715 -0.673859 -0.188543 -0.134649 0.971727 0.193951 -0.000002 0 0 0 1 0.697154 -0.094215 0.710704 0 0.710108 0.227091 -0.666465 -0.188543 -0.098603 0.969305 0.225221 -0.000002 0 0 0 1 0.696216 -0.153875 0.701146 0 0.715692 0.224175 -0.661461 -0.188543 -0.055397 0.962324 0.266201 -0.000002 0 0 0 1 0.691158 -0.214371 0.690178 0 0.722648 0.216884 -0.656309 -0.188543 -0.008994 0.952369 0.304816 -0.000002 0 0 0 1</float_array>
        <technique_common>
          <accessor source="#RightArm_matrix_RightArm_transform-output-array" count="31" stride="16">
            <param name="TRANSFORM" type="float4x4"/>
          </accessor>
        </technique_common>
      </source>
      <source id="RightArm_matrix_RightArm_transform-interpolations">
        <Name_array id="RightArm_matrix_RightArm_transform-interpolations-array" count="31">LINEAR LINEAR LINEAR LINEAR LINEAR LINEAR LINEAR LINEAR LINEAR LINEAR LINEAR LINEAR LINEAR LINEAR LINEAR LINEAR LINEAR LINEAR LINEAR LINEAR LINEAR LINEAR LINEAR LINEAR LINEAR LINEAR LINEAR LINEAR LINEAR LINEAR LINEAR</Name_array>
        <technique_common>
          <accessor source="#RightArm_matrix_RightArm_transform-interpolations-array" count="31" stride="1">
            <param name="INTERPOLATION" type="Name"/>
          </accessor>
        </technique_common>
      </source>
      <sampler id="RightArm_matrix_RightArm_transform-sampler">
        <input semantic="INPUT" source="#RightArm_matrix_RightArm_transform-input"/>
        <input semantic="OUTPUT" source="#RightArm_matrix_RightArm_transform-output"/>
        <input semantic="INTERPOLATION" source="#RightArm_matrix_RightArm_transform-interpolations"/>
      </sampler>
      <channel source="#RightArm_matrix_RightArm_transform-sampler" target="RightArm/transform"/>
    </animation>
    <animation id="RightForeArm_matrix">
      <source id="RightForeArm_matrix_RightForeArm_transform-input">
        <float_array id="RightForeArm_matrix_RightForeArm_transform-input-array" count="31">0 0.033333 0.066666 0.1 0.133333 0.166667 0.2 0.233333 0.266667 0.3 0.333333 0.366667 0.4 0.433333 0.466667 0.5 0.533333 0.566667 0.6 0.633333 0.666667 0.7 0.733333 0.766667 0.8 0.833333 0.866667 0.9 0.933333 0.966667 1</float_array>
        <technique_common>
          <accessor source="#RightForeArm_matrix_RightForeArm_transform-input-array" count="31" stride="1">
            <param name="TIME" type="float"/>
          </accessor>
        </technique_common>
        <technique profile="MAYA">
          <pre_infinity>CONSTANT</pre_infinity>
          <post_infinity>CONSTANT</post_infinity>
        </technique>
      </source>
      <source id="RightForeArm_matrix_RightForeArm_transform-output">
        <float_array id="RightForeArm_matrix_RightForeArm_transform-output-array" count="496">0.872003 -0.4895 -0.000171 -0.000011 0.488907 0.870964 -0.048909 -0.321501 0.02409 0.042565 0.998803 0.000000 0 0 0 1 0.822847 -0.56824 0.005056 -0.000011 0.56808 0.822325 -0.032674 -0.321501 0.014408 0.029758 0.999453 0.000000 0 0 0 1 0.76824 -0.640128 0.006685 -0.000011 0.640157 0.768147 -0.012205 -0.321501 0.002677 0.013656 0.999903 0.000000 0 0 0 1 0.717956 -0.696064 0.005808 -0.000011 0.69608 0.717963 -0.001189 -0.321501 -0.003342 0.004897 0.999982 0.000000 0 0 0 1 0.674959 -0.737845 0.003911 -0.000011 0.737844 0.674968 0.001892 -0.321501 -0.004036 0.001609 0.999991 0.000000 0 0 0 1 0.637389 -0.770541 0.001403 -0.000011 0.770531 0.637388 0.004305 -0.321501 -0.004212 -0.001662 0.99999 0.000000 0 0 0 1 0.609728 -0.79261 -0.000208 -0.000011 0.792595 0.609715 0.006317 -0.321501 -0.00488 -0.004017 0.99998 0.000000 0 0 0 1 0.594612 -0.804013 0.000233 -0.000011 0.804002 0.594606 0.005046 -0.321501 -0.004196 -0.002813 0.999987 0.000000 0 0 0 1 0.592413 -0.805634 0.000971 -0.000011 0.805634 0.592413 0.000362 -0.321501 -0.000867 0.000567 0.999999 0.000000 0 0 0 1 0.601234 -0.799073 -0.000294 -0.000011 0.799065 0.601231 -0.00403 -0.321501 0.003397 0.002187 0.999992 0.000000 0 0 0 1 0.613914 -0.789362 -0.004147 -0.000011 0.789362 0.613925 -0.002163 -0.321501 0.004253 -0.001945 0.999989 0.000000 0 0 0 1 0.635818 -0.771787 -0.00893 -0.000011 0.771829 0.635827 0.002186 -0.321501 0.00399 -0.008283 0.999958 0.000000 0 0 0 1 0.671201 -0.74118 -0.011864 -0.000011 0.741264 0.671192 0.005369 -0.321501 0.003984 -0.012398 0.999915 0.000000 0 0 0 1 0.723945 -0.689749 -0.012247 -0.000011 0.689837 0.723946 0.005148 -0.321501 0.005315 -0.012176 0.999912 0.000000 0 0 0 1 0.784489 -0.620037 -0.011442 -0.000011 0.620101 0.784516 0.002965 -0.321501 0.007138 -0.009422 0.99993 0.000000 0 0 0 1 0.838706 -0.544498 -0.00968 -0.000011 0.54453 0.838741 0.000764 -0.321501 0.007702 -0.005912 0.999953 0.000000 0 0 0 1 0.886026 -0.463599 -0.005859 -0.000011 0.463605 0.886042 -0.000355 -0.321501 0.005356 -0.002401 0.999983 0.000000 0 0 0 1 0.925803 -0.378006 -0.000751 -0.000011 0.378005 0.925803 -0.001145 -0.321501 0.001128 0.000776 0.999999 0.000000 0 0 0 1 0.952071 -0.30586 0.0033 -0.000011 0.305867 0.952073 -0.001821 -0.321501 -0.002584 0.002744 0.999993 0.000000 0 0 0 1 0.966484 -0.256663 0.005712 -0.000011 0.256682 0.966492 -0.002847 -0.321501 -0.004789 0.004218 0.99998 0.000000 0 0 0 1 0.974561 -0.224007 0.007167 -0.000011 0.224037 0.974574 -0.003705 -0.321501 -0.006155 0.005216 0.999967 0.000000 0 0 0 1 0.979137 -0.203071 0.00729 -0.000011 0.203098 0.979153 -0.003153 -0.321501 -0.006498 0.004568 0.999968 0.000000 0 0 0 1 0.980645 -0.195732 0.004908 -0.000011 0.195726 0.980657 0.001623 -0.321501 -0.005131 -0.00063 0.999987 0.000000 0 0 0 1 0.980292 -0.197542 0.002058 -0.000011 0.197522 0.98027 0.007506 -0.321501 -0.0035 -0.006952 0.99997 0.000000 0 0 0 1 0.977752 -0.209763 -0.000134 -0.000011 0.209751 0.977687 0.011524 -0.321501 -0.002286 -0.011296 0.999934 0.000000 0 0 0 1 0.972818 -0.231564 -0.001749 -0.000011 0.231566 0.972729 0.013237 -0.321501 -0.001363 -0.013282 0.999911 0.000000 0 0 0 1 0.966185 -0.257836 -0.002814 -0.000011 0.25785 0.96609 0.013578 -0.321501 -0.000781 -0.013844 0.999904 0.000000 0 0 0 1 0.956621 -0.291312 -0.00356 -0.000011 0.291333 0.956574 0.009527 -0.321501 0.00063 -0.010151 0.999948 0.000000 0 0 0 1 0.93887 -0.344236 -0.004953 -0.000011 0.344199 0.93887 -0.007121 -0.321501 0.007102 0.004981 0.999962 0.000000 0 0 0 1 0.909676 -0.415295 -0.004498 -0.000011 0.414945 0.909263 -0.032594 -0.321501 0.017626 0.027783 0.999459 0.000000 0 0 0 1 0.872003 -0.4895 -0.000171 -0.000011 0.488907 0.870964 -0.048909 -0.321501 0.02409 0.042565 0.998803 0.000000 0 0 0 1</float_array>
        <technique_common>
          <accessor source="#RightForeArm_matrix_RightForeArm_transform-output-array" count="31" stride="16">
            <param name="TRANSFORM" type="float4x4"/>
          </accessor>
        </technique_common>
      </source>
      <source id="RightForeArm_matrix_RightForeArm_transform-interpolations">
        <Name_array id="RightForeArm_matrix_RightForeArm_transform-interpolations-array" count="31">LINEAR LINEAR LINEAR LINEAR LINEAR LINEAR LINEAR LINEAR LINEAR LINEAR LINEAR LINEAR LINEAR LINEAR LINEAR LINEAR LINEAR LINEAR LINEAR LINEAR LINEAR LINEAR LINEAR LINEAR LINEAR LINEAR LINEAR LINEAR LINEAR LINEAR LINEAR</Name_array>
        <technique_common>
          <accessor source="#RightForeArm_matrix_RightForeArm_transform-interpolations-array" count="31" stride="1">
            <param name="INTERPOLATION" type="Name"/>
          </accessor>
        </technique_common>
      </source>
      <sampler id="RightForeArm_matrix_RightForeArm_transform-sampler">
        <input semantic="INPUT" source="#RightForeArm_matrix_RightForeArm_transform-input"/>
        <input semantic="OUTPUT" source="#RightForeArm_matrix_RightForeArm_transform-output"/>
        <input semantic="INTERPOLATION" source="#RightForeArm_matrix_RightForeArm_transform-interpolations"/>
      </sampler>
      <channel source="#RightForeArm_matrix_RightForeArm_transform-sampler" target="RightForeArm/transform"/>
    </animation>
    <animation id="RightHand_matrix">
      <source id="RightHand_matrix_RightHand_transform-input">
        <float_array id="RightHand_matrix_RightHand_transform-input-array" count="31">0 0.033333 0.066666 0.1 0.133333 0.166667 0.2 0.233333 0.266667 0.3 0.333333 0.366667 0.4 0.433333 0.466667 0.5 0.533333 0.566667 0.6 0.633333 0.666667 0.7 0.733333 0.766667 0.8 0.833333 0.866667 0.9 0.933333 0.966667 1</float_array>
        <technique_common>
          <accessor source="#RightHand_matrix_RightHand_transform-input-array" count="31" stride="1">
            <param name="TIME" type="float"/>
          </accessor>
        </technique_common>
        <technique profile="MAYA">
          <pre_infinity>CONSTANT</pre_infinity>
          <post_infinity>CONSTANT</post_infinity>
        </technique>
      </source>
      <source id="RightHand_matrix_RightHand_transform-output">
        <float_array id="RightHand_matrix_RightHand_transform-output-array" count="496">0.999983 0.004373 -0.003723 -0.000011 -0.00437 0.99999 0.000707 -0.244116 0.003726 -0.000691 0.999993 0.000000 0 0 0 1 0.999997 0.000538 0.00239 -0.000011 -0.000539 1 0.000284 -0.244116 -0.00239 -0.000285 0.999997 0.000000 0 0 0 1 0.999937 -0.009311 0.006297 -0.000011 0.009312 0.999957 -0.000059 -0.244116 -0.006297 0.000118 0.99998 0.000000 0 0 0 1 0.999776 -0.020223 0.006315 -0.000011 0.020227 0.999795 -0.000484 -0.244116 -0.006304 0.000612 0.99998 0.000000 0 0 0 1 0.999527 -0.030439 0.004295 -0.000011 0.030446 0.999535 -0.001508 -0.244116 -0.004247 0.001638 0.99999 0.000000 0 0 0 1 0.999108 -0.042147 0.002722 -0.000011 0.04215 0.99911 -0.001321 -0.244116 -0.002664 0.001435 0.999995 0.000000 0 0 0 1 0.998499 -0.054764 0.001205 -0.000011 0.054762 0.998498 0.001351 -0.244116 -0.001277 -0.001283 0.999998 0.000000 0 0 0 1 0.997889 -0.064907 -0.002191 -0.000011 0.064918 0.997877 0.005124 -0.244116 0.001854 -0.005256 0.999984 0.000000 0 0 0 1 0.997505 -0.070246 -0.006994 -0.000011 0.070289 0.997508 0.006167 -0.244116 0.006544 -0.006643 0.999956 0.000000 0 0 0 1 0.997408 -0.071234 -0.010108 -0.000011 0.071276 0.997449 0.003891 -0.244116 0.009805 -0.004601 0.999941 0.000000 0 0 0 1 0.997741 -0.067008 -0.004813 -0.000011 0.06702 0.997748 0.002472 -0.244116 0.004636 -0.002789 0.999985 0.000000 0 0 0 1 0.998172 -0.06033 0.003521 -0.000011 0.060326 0.998178 0.001107 -0.244116 -0.003582 -0.000893 0.999993 0.000000 0 0 0 1 0.998554 -0.053154 0.008063 -0.000011 0.053153 0.998586 0.000292 -0.244116 -0.008067 0.000136 0.999967 0.000000 0 0 0 1 0.998965 -0.045278 0.004373 -0.000011 0.045277 0.998974 0.000404 -0.244116 -0.004387 -0.000206 0.99999 0.000000 0 0 0 1 0.999314 -0.036918 -0.003079 -0.000011 0.036921 0.999318 0.001068 -0.244116 0.003038 -0.001181 0.999995 0.000000 0 0 0 1 0.999498 -0.030707 -0.007769 -0.000011 0.030721 0.999527 0.001648 -0.244116 0.007715 -0.001886 0.999968 0.000000 0 0 0 1 0.999542 -0.029687 -0.005947 -0.000011 0.029698 0.999557 0.001768 -0.244116 0.005892 -0.001944 0.999981 0.000000 0 0 0 1 0.999524 -0.030831 -0.001372 -0.000011 0.030834 0.999523 0.001804 -0.244116 0.001316 -0.001846 0.999997 0.000000 0 0 0 1 0.999615 -0.027701 0.001202 -0.000011 0.027698 0.999614 0.002248 -0.244116 -0.001264 -0.002214 0.999997 0.000000 0 0 0 1 0.999869 -0.016178 -0.001098 -0.000011 0.016182 0.999862 0.003828 -0.244116 0.001035 -0.003845 0.999992 0.000000 0 0 0 1 0.999986 -0.00036 -0.005335 -0.000011 0.000391 0.999983 0.005815 -0.244116 0.005332 -0.005817 0.999969 0.000000 0 0 0 1 0.999875 0.013827 -0.007618 -0.000011 -0.013777 0.999884 0.006518 -0.244116 0.007707 -0.006412 0.99995 0.000000 0 0 0 1 0.999703 0.023634 -0.005868 -0.000011 -0.023614 0.999715 0.003554 -0.244116 0.005951 -0.003414 0.999976 0.000000 0 0 0 1 0.999522 0.030812 -0.002479 -0.000011 -0.030811 0.999525 0.000501 -0.244116 0.002493 -0.000424 0.999997 0.000000 0 0 0 1 0.999348 0.0361 0.001108 -0.000011 -0.036098 0.999348 -0.001115 -0.244116 -0.001148 0.001074 0.999999 0.000000 0 0 0 1 0.999246 0.038639 0.003851 -0.000011 -0.038633 0.999252 -0.001567 -0.244116 -0.003909 0.001417 0.999991 0.000000 0 0 0 1 0.999338 0.035831 0.006276 -0.000011 -0.035822 0.999357 -0.001595 -0.244116 -0.006329 0.001369 0.999979 0.000000 0 0 0 1 0.99957 0.028271 0.007824 -0.000011 -0.02826 0.9996 -0.001411 -0.244116 -0.007861 0.001189 0.999968 0.000000 0 0 0 1 0.999778 0.019982 0.006648 -0.000011 -0.019977 0.9998 -0.00084 -0.244116 -0.006663 0.000707 0.999978 0.000000 0 0 0 1 0.999916 0.012799 0.002078 -0.000011 -0.012799 0.999918 0.000002 -0.244116 -0.002078 -0.000029 0.999998 0.000000 0 0 0 1 0.999983 0.004373 -0.003723 -0.000011 -0.00437 0.99999 0.000707 -0.244116 0.003726 -0.000691 0.999993 0.000000 0 0 0 1</float_array>
        <technique_common>
          <accessor source="#RightHand_matrix_RightHand_transform-output-array" count="31" stride="16">
            <param name="TRANSFORM" type="float4x4"/>
          </accessor>
        </technique_common>
      </source>
      <source id="RightHand_matrix_RightHand_transform-interpolations">
        <Name_array id="RightHand_matrix_RightHand_transform-interpolations-array" count="31">LINEAR LINEAR LINEAR LINEAR LINEAR LINEAR LINEAR LINEAR LINEAR LINEAR LINEAR LINEAR LINEAR LINEAR LINEAR LINEAR LINEAR LINEAR LINEAR LINEAR LINEAR LINEAR LINEAR LINEAR LINEAR LINEAR LINEAR LINEAR LINEAR LINEAR LINEAR</Name_array>
        <technique_common>
          <accessor source="#RightHand_matrix_RightHand_transform-interpolations-array" count="31" stride="1">
            <param name="INTERPOLATION" type="Name"/>
          </accessor>
        </technique_common>
      </source>
      <sampler id="RightHand_matrix_RightHand_transform-sampler">
        <input semantic="INPUT" source="#RightHand_matrix_RightHand_transform-input"/>
        <input semantic="OUTPUT" source="#RightHand_matrix_RightHand_transform-output"/>
        <input semantic="INTERPOLATION" source="#RightHand_matrix_RightHand_transform-interpolations"/>
      </sampler>
      <channel source="#RightHand_matrix_RightHand_transform-sampler" target="RightHand/transform"/>
    </animation>
    <animation id="RightForeArm_Helper1_matrix">
      <source id="RightForeArm_Helper1_matrix_RightForeArm_Helper1_transform-input">
        <float_array id="RightForeArm_Helper1_matrix_RightForeArm_Helper1_transform-input-array" count="31">0 0.033333 0.066666 0.1 0.133333 0.166667 0.2 0.233333 0.266667 0.3 0.333333 0.366667 0.4 0.433333 0.466667 0.5 0.533333 0.566667 0.6 0.633333 0.666667 0.7 0.733333 0.766667 0.8 0.833333 0.866667 0.9 0.933333 0.966667 1</float_array>
        <technique_common>
          <accessor source="#RightForeArm_Helper1_matrix_RightForeArm_Helper1_transform-input-array" count="31" stride="1">
            <param name="TIME" type="float"/>
          </accessor>
        </technique_common>
        <technique profile="MAYA">
          <pre_infinity>CONSTANT</pre_infinity>
          <post_infinity>CONSTANT</post_infinity>
        </technique>
      </source>
      <source id="RightForeArm_Helper1_matrix_RightForeArm_Helper1_transform-output">
        <float_array id="RightForeArm_Helper1_matrix_RightForeArm_Helper1_transform-output-array" count="496">0.999998 0 -0.001863 -0.000000 0 1 -0.000006 -0.078445 0.001863 0.000006 0.999998 0.000003 0 0 0 1 0.999999 0 0.001195 -0.000000 0 1 -0.000006 -0.078445 -0.001195 0.000006 0.999999 0.000003 0 0 0 1 0.999995 0 0.003148 -0.000000 0 1 -0.000006 -0.078445 -0.003148 0.000006 0.999995 0.000003 0 0 0 1 0.999995 0 0.003153 -0.000000 0 1 -0.000006 -0.078445 -0.003153 0.000006 0.999995 0.000003 0 0 0 1 0.999998 0 0.002124 -0.000000 0 1 -0.000006 -0.078445 -0.002124 0.000006 0.999998 0.000003 0 0 0 1 0.999999 0 0.001333 -0.000000 0 1 -0.000006 -0.078445 -0.001333 0.000006 0.999999 0.000003 0 0 0 1 1 0 0.00064 -0.000000 0 1 -0.000006 -0.078445 -0.00064 0.000006 1 0.000003 0 0 0 1 1 0 -0.000928 -0.000000 0 1 -0.000006 -0.078445 0.000928 0.000006 1 0.000003 0 0 0 1 0.999995 0 -0.003279 -0.000000 0 1 -0.000006 -0.078445 0.003279 0.000006 0.999995 0.000003 0 0 0 1 0.999988 0 -0.004914 -0.000000 0 1 -0.000006 -0.078445 0.004914 0.000006 0.999988 0.000003 0 0 0 1 0.999997 0 -0.002323 -0.000000 0 1 -0.000006 -0.078445 0.002323 0.000006 0.999997 0.000003 0 0 0 1 0.999998 0 0.001794 -0.000000 0 1 -0.000006 -0.078445 -0.001794 0.000006 0.999998 0.000003 0 0 0 1 0.999992 0 0.004039 -0.000000 0 1 -0.000006 -0.078445 -0.004039 0.000006 0.999992 0.000003 0 0 0 1 0.999998 0 0.002196 -0.000000 0 1 -0.000006 -0.078445 -0.002196 0.000006 0.999998 0.000003 0 0 0 1 0.999999 0 -0.00152 -0.000000 0 1 -0.000006 -0.078445 0.00152 0.000006 0.999999 0.000003 0 0 0 1 0.999993 0 -0.003859 -0.000000 0 1 -0.000006 -0.078445 0.003859 0.000006 0.999993 0.000003 0 0 0 1 0.999996 0 -0.002947 -0.000000 0 1 -0.000006 -0.078445 0.002947 0.000006 0.999996 0.000003 0 0 0 1 1 0 -0.000658 -0.000000 0 1 -0.000006 -0.078445 0.000658 0.000006 1 0.000003 0 0 0 1 1 0 0.000632 -0.000000 0 1 -0.000006 -0.078445 -0.000632 0.000006 1 0.000003 0 0 0 1 1 0 -0.000517 -0.000000 0 1 -0.000006 -0.078445 0.000517 0.000006 1 0.000003 0 0 0 1 0.999996 0 -0.002666 -0.000000 0 1 -0.000006 -0.078445 0.002666 0.000006 0.999996 0.000003 0 0 0 1 0.999993 0 -0.003854 -0.000000 0 1 -0.000006 -0.078445 0.003854 0.000006 0.999993 0.000003 0 0 0 1 0.999996 0 -0.002976 -0.000000 0 1 -0.000006 -0.078445 0.002976 0.000006 0.999996 0.000003 0 0 0 1 0.999999 0 -0.001247 -0.000000 0 1 -0.000006 -0.078445 0.001247 0.000006 0.999999 0.000003 0 0 0 1 1 0 0.000574 -0.000000 0 1 -0.000006 -0.078445 -0.000574 0.000006 1 0.000003 0 0 0 1 0.999998 0 0.001956 -0.000000 0 1 -0.000006 -0.078445 -0.001956 0.000006 0.999998 0.000003 0 0 0 1 0.999995 0 0.003166 -0.000000 0 1 -0.000006 -0.078445 -0.003166 0.000006 0.999995 0.000003 0 0 0 1 0.999992 0 0.003932 -0.000000 0 1 -0.000006 -0.078445 -0.003932 0.000006 0.999992 0.000003 0 0 0 1 0.999994 0 0.003332 -0.000000 0 1 -0.000006 -0.078445 -0.003332 0.000006 0.999994 0.000003 0 0 0 1 0.999999 0 0.001039 -0.000000 0 1 -0.000006 -0.078445 -0.001039 0.000006 0.999999 0.000003 0 0 0 1 0.999998 0 -0.001863 -0.000000 0 1 -0.000006 -0.078445 0.001863 0.000006 0.999998 0.000003 0 0 0 1</float_array>
        <technique_common>
          <accessor source="#RightForeArm_Helper1_matrix_RightForeArm_Helper1_transform-output-array" count="31" stride="16">
            <param name="TRANSFORM" type="float4x4"/>
          </accessor>
        </technique_common>
      </source>
      <source id="RightForeArm_Helper1_matrix_RightForeArm_Helper1_transform-interpolations">
        <Name_array id="RightForeArm_Helper1_matrix_RightForeArm_Helper1_transform-interpolations-array" count="31">LINEAR LINEAR LINEAR LINEAR LINEAR LINEAR LINEAR LINEAR LINEAR LINEAR LINEAR LINEAR LINEAR LINEAR LINEAR LINEAR LINEAR LINEAR LINEAR LINEAR LINEAR LINEAR LINEAR LINEAR LINEAR LINEAR LINEAR LINEAR LINEAR LINEAR LINEAR</Name_array>
        <technique_common>
          <accessor source="#RightForeArm_Helper1_matrix_RightForeArm_Helper1_transform-interpolations-array" count="31" stride="1">
            <param name="INTERPOLATION" type="Name"/>
          </accessor>
        </technique_common>
      </source>
      <sampler id="RightForeArm_Helper1_matrix_RightForeArm_Helper1_transform-sampler">
        <input semantic="INPUT" source="#RightForeArm_Helper1_matrix_RightForeArm_Helper1_transform-input"/>
        <input semantic="OUTPUT" source="#RightForeArm_Helper1_matrix_RightForeArm_Helper1_transform-output"/>
        <input semantic="INTERPOLATION" source="#RightForeArm_Helper1_matrix_RightForeArm_Helper1_transform-interpolations"/>
      </sampler>
      <channel source="#RightForeArm_Helper1_matrix_RightForeArm_Helper1_transform-sampler" target="RightForeArm_Helper1/transform"/>
    </animation>
    <animation id="RightForeArm_Helper2_matrix">
      <source id="RightForeArm_Helper2_matrix_RightForeArm_Helper2_transform-input">
        <float_array id="RightForeArm_Helper2_matrix_RightForeArm_Helper2_transform-input-array" count="31">0 0.033333 0.066666 0.1 0.133333 0.166667 0.2 0.233333 0.266667 0.3 0.333333 0.366667 0.4 0.433333 0.466667 0.5 0.533333 0.566667 0.6 0.633333 0.666667 0.7 0.733333 0.766667 0.8 0.833333 0.866667 0.9 0.933333 0.966667 1</float_array>
        <technique_common>
          <accessor source="#RightForeArm_Helper2_matrix_RightForeArm_Helper2_transform-input-array" count="31" stride="1">
            <param name="TIME" type="float"/>
          </accessor>
        </technique_common>
        <technique profile="MAYA">
          <pre_infinity>CONSTANT</pre_infinity>
          <post_infinity>CONSTANT</post_infinity>
        </technique>
      </source>
      <source id="RightForeArm_Helper2_matrix_RightForeArm_Helper2_transform-output">
        <float_array id="RightForeArm_Helper2_matrix_RightForeArm_Helper2_transform-output-array" count="496">0.999998 0 -0.001863 -0.000000 0 1 -0.000008 -0.15367 0.001863 0.000008 0.999998 -0.000000 0 0 0 1 0.999999 0 0.001195 -0.000000 0 1 -0.000008 -0.15367 -0.001195 0.000008 0.999999 -0.000000 0 0 0 1 0.999995 0 0.003148 -0.000000 0 1 -0.000008 -0.15367 -0.003148 0.000008 0.999995 -0.000000 0 0 0 1 0.999995 0 0.003153 -0.000000 0 1 -0.000008 -0.15367 -0.003153 0.000008 0.999995 -0.000000 0 0 0 1 0.999998 0 0.002124 -0.000000 0 1 -0.000008 -0.15367 -0.002124 0.000008 0.999998 -0.000000 0 0 0 1 0.999999 0 0.001333 -0.000000 0 1 -0.000008 -0.15367 -0.001333 0.000008 0.999999 -0.000000 0 0 0 1 1 0 0.00064 -0.000000 0 1 -0.000008 -0.15367 -0.00064 0.000008 1 -0.000000 0 0 0 1 1 0 -0.000928 -0.000000 0 1 -0.000008 -0.15367 0.000928 0.000008 1 -0.000000 0 0 0 1 0.999995 0 -0.003279 -0.000000 0 1 -0.000008 -0.15367 0.003279 0.000008 0.999995 -0.000000 0 0 0 1 0.999988 0 -0.004914 -0.000000 0 1 -0.000008 -0.15367 0.004914 0.000008 0.999988 -0.000000 0 0 0 1 0.999997 0 -0.002323 -0.000000 0 1 -0.000008 -0.15367 0.002323 0.000008 0.999997 -0.000000 0 0 0 1 0.999998 0 0.001794 -0.000000 0 1 -0.000008 -0.15367 -0.001794 0.000008 0.999998 -0.000000 0 0 0 1 0.999992 0 0.004039 -0.000000 0 1 -0.000008 -0.15367 -0.004039 0.000008 0.999992 -0.000000 0 0 0 1 0.999998 0 0.002196 -0.000000 0 1 -0.000008 -0.15367 -0.002196 0.000008 0.999998 -0.000000 0 0 0 1 0.999999 0 -0.00152 -0.000000 0 1 -0.000008 -0.15367 0.00152 0.000008 0.999999 -0.000000 0 0 0 1 0.999993 0 -0.003859 -0.000000 0 1 -0.000008 -0.15367 0.003859 0.000008 0.999993 -0.000000 0 0 0 1 0.999996 0 -0.002947 -0.000000 0 1 -0.000008 -0.15367 0.002947 0.000008 0.999996 -0.000000 0 0 0 1 1 0 -0.000658 -0.000000 0 1 -0.000008 -0.15367 0.000658 0.000008 1 -0.000000 0 0 0 1 1 0 0.000632 -0.000000 0 1 -0.000008 -0.15367 -0.000632 0.000008 1 -0.000000 0 0 0 1 1 0 -0.000517 -0.000000 0 1 -0.000008 -0.15367 0.000517 0.000008 1 -0.000000 0 0 0 1 0.999996 0 -0.002666 -0.000000 0 1 -0.000008 -0.15367 0.002666 0.000008 0.999996 -0.000000 0 0 0 1 0.999993 0 -0.003854 -0.000000 0 1 -0.000008 -0.15367 0.003854 0.000008 0.999993 -0.000000 0 0 0 1 0.999996 0 -0.002976 -0.000000 0 1 -0.000008 -0.15367 0.002976 0.000008 0.999996 -0.000000 0 0 0 1 0.999999 0 -0.001247 -0.000000 0 1 -0.000008 -0.15367 0.001247 0.000008 0.999999 -0.000000 0 0 0 1 1 0 0.000574 -0.000000 0 1 -0.000008 -0.15367 -0.000574 0.000008 1 -0.000000 0 0 0 1 0.999998 0 0.001956 -0.000000 0 1 -0.000008 -0.15367 -0.001956 0.000008 0.999998 -0.000000 0 0 0 1 0.999995 0 0.003166 -0.000000 0 1 -0.000008 -0.15367 -0.003166 0.000008 0.999995 -0.000000 0 0 0 1 0.999992 0 0.003932 -0.000000 0 1 -0.000008 -0.15367 -0.003932 0.000008 0.999992 -0.000000 0 0 0 1 0.999994 0 0.003332 -0.000000 0 1 -0.000008 -0.15367 -0.003332 0.000008 0.999994 -0.000000 0 0 0 1 0.999999 0 0.001039 -0.000000 0 1 -0.000008 -0.15367 -0.001039 0.000008 0.999999 -0.000000 0 0 0 1 0.999998 0 -0.001863 -0.000000 0 1 -0.000008 -0.15367 0.001863 0.000008 0.999998 -0.000000 0 0 0 1</float_array>
        <technique_common>
          <accessor source="#RightForeArm_Helper2_matrix_RightForeArm_Helper2_transform-output-array" count="31" stride="16">
            <param name="TRANSFORM" type="float4x4"/>
          </accessor>
        </technique_common>
      </source>
      <source id="RightForeArm_Helper2_matrix_RightForeArm_Helper2_transform-interpolations">
        <Name_array id="RightForeArm_Helper2_matrix_RightForeArm_Helper2_transform-interpolations-array" count="31">LINEAR LINEAR LINEAR LINEAR LINEAR LINEAR LINEAR LINEAR LINEAR LINEAR LINEAR LINEAR LINEAR LINEAR LINEAR LINEAR LINEAR LINEAR LINEAR LINEAR LINEAR LINEAR LINEAR LINEAR LINEAR LINEAR LINEAR LINEAR LINEAR LINEAR LINEAR</Name_array>
        <technique_common>
          <accessor source="#RightForeArm_Helper2_matrix_RightForeArm_Helper2_transform-interpolations-array" count="31" stride="1">
            <param name="INTERPOLATION" type="Name"/>
          </accessor>
        </technique_common>
      </source>
      <sampler id="RightForeArm_Helper2_matrix_RightForeArm_Helper2_transform-sampler">
        <input semantic="INPUT" source="#RightForeArm_Helper2_matrix_RightForeArm_Helper2_transform-input"/>
        <input semantic="OUTPUT" source="#RightForeArm_Helper2_matrix_RightForeArm_Helper2_transform-output"/>
        <input semantic="INTERPOLATION" source="#RightForeArm_Helper2_matrix_RightForeArm_Helper2_transform-interpolations"/>
      </sampler>
      <channel source="#RightForeArm_Helper2_matrix_RightForeArm_Helper2_transform-sampler" target="RightForeArm_Helper2/transform"/>
    </animation>
    <animation id="RightArm_Helper2_matrix">
      <source id="RightArm_Helper2_matrix_RightArm_Helper2_transform-input">
        <float_array id="RightArm_Helper2_matrix_RightArm_Helper2_transform-input-array" count="31">0 0.033333 0.066666 0.1 0.133333 0.166667 0.2 0.233333 0.266667 0.3 0.333333 0.366667 0.4 0.433333 0.466667 0.5 0.533333 0.566667 0.6 0.633333 0.666667 0.7 0.733333 0.766667 0.8 0.833333 0.866667 0.9 0.933333 0.966667 1</float_array>
        <technique_common>
          <accessor source="#RightArm_Helper2_matrix_RightArm_Helper2_transform-input-array" count="31" stride="1">
            <param name="TIME" type="float"/>
          </accessor>
        </technique_common>
        <technique profile="MAYA">
          <pre_infinity>CONSTANT</pre_infinity>
          <post_infinity>CONSTANT</post_infinity>
        </technique>
      </source>
      <source id="RightArm_Helper2_matrix_RightArm_Helper2_transform-output">
        <float_array id="RightArm_Helper2_matrix_RightArm_Helper2_transform-output-array" count="496">0.691158 -0.214371 0.690178 0 0.722648 0.216884 -0.656309 -0.188543 -0.008994 0.952369 0.304816 -0.000002 0 0 0 1 0.715223 -0.24166 0.655787 0 0.698125 0.202955 -0.686608 -0.188543 0.03283 0.948899 0.313867 -0.000002 0 0 0 1 0.726819 -0.274125 0.629753 0 0.682741 0.188469 -0.705935 -0.188543 0.074825 0.943045 0.32414 -0.000002 0 0 0 1 0.723482 -0.311819 0.615908 0 0.680499 0.171995 -0.712278 -0.188543 0.116168 0.934445 0.336628 -0.000002 0 0 0 1 0.708201 -0.35092 0.612622 0 0.689707 0.158479 -0.706533 -0.188543 0.150849 0.922897 0.354267 -0.000002 0 0 0 1 0.686004 -0.39108 0.613559 0 0.705339 0.150462 -0.692717 -0.188543 0.17859 0.907975 0.379062 -0.000002 0 0 0 1 0.663752 -0.421037 0.618191 0 0.72137 0.141973 -0.677841 -0.188543 0.19763 0.895863 0.397959 -0.000002 0 0 0 1 0.649447 -0.428231 0.628361 0 0.732504 0.130524 -0.668133 -0.188543 0.204098 0.894193 0.398449 -0.000002 0 0 0 1 0.645786 -0.412609 0.642429 0 0.738188 0.122476 -0.663384 -0.188543 0.195036 0.902637 0.383676 -0.000002 0 0 0 1 0.64886 -0.382662 0.657686 0 0.740664 0.119585 -0.661147 -0.188543 0.174347 0.916116 0.361018 -0.000002 0 0 0 1 0.658383 -0.340968 0.671024 0 0.738475 0.120218 -0.663477 -0.188543 0.145555 0.932356 0.330946 -0.000002 0 0 0 1 0.668966 -0.291081 0.683927 0 0.734845 0.120661 -0.667416 -0.188543 0.111749 0.949059 0.294617 -0.000002 0 0 0 1 0.673225 -0.244422 0.697872 0 0.735771 0.127568 -0.665107 -0.188543 0.07354 0.961241 0.265721 -0.000002 0 0 0 1 0.66712 -0.202007 0.717038 0 0.744449 0.145469 -0.65164 -0.188543 0.027329 0.968521 0.247429 -0.000002 0 0 0 1 0.654113 -0.159402 0.73941 0 0.756056 0.167112 -0.632813 -0.188543 -0.022693 0.972967 0.229827 -0.000002 0 0 0 1 0.640378 -0.119958 0.758634 0 0.765067 0.186737 -0.61628 -0.188543 -0.067737 0.975059 0.211359 -0.000002 0 0 0 1 0.626944 -0.083235 0.774605 0 0.771096 0.208142 -0.601738 -0.188543 -0.111142 0.974551 0.194675 -0.000002 0 0 0 1 0.613728 -0.045132 0.788227 0 0.77405 0.231051 -0.58946 -0.188543 -0.155517 0.971894 0.176737 -0.000002 0 0 0 1 0.607542 -0.009693 0.794228 0 0.771014 0.247478 -0.586764 -0.188543 -0.190866 0.968845 0.157827 -0.000002 0 0 0 1 0.613645 0.01821 0.789372 0 0.759922 0.257817 -0.596698 -0.188543 -0.21438 0.966022 0.14437 -0.000002 0 0 0 1 0.628275 0.040131 0.776956 0 0.742782 0.266094 -0.614385 -0.188543 -0.2314 0.963111 0.137372 -0.000002 0 0 0 1 0.645902 0.057074 0.761284 0 0.72387 0.271019 -0.634477 -0.188543 -0.242535 0.960881 0.133737 -0.000002 0 0 0 1 0.669782 0.069063 0.739339 0 0.700192 0.272761 -0.659797 -0.188543 -0.247231 0.9596 0.134332 -0.000002 0 0 0 1 0.689547 0.070028 0.720848 0 0.682184 0.271435 -0.678931 -0.188543 -0.243208 0.959906 0.139395 -0.000002 0 0 0 1 0.702739 0.057098 0.709153 0 0.673688 0.26701 -0.689093 -0.188543 -0.228697 0.962001 0.149172 -0.000002 0 0 0 1 0.708256 0.030586 0.705293 0 0.676207 0.257572 -0.690218 -0.188543 -0.202775 0.965775 0.161744 -0.000002 0 0 0 1 0.705665 -0.005199 0.708526 0 0.688101 0.243507 -0.683536 -0.188543 -0.168977 0.969885 0.175412 -0.000002 0 0 0 1 0.699748 -0.045338 0.71295 0 0.701586 0.231715 -0.673859 -0.188543 -0.134649 0.971727 0.193951 -0.000002 0 0 0 1 0.697154 -0.094215 0.710704 0 0.710108 0.227091 -0.666465 -0.188543 -0.098603 0.969305 0.225221 -0.000002 0 0 0 1 0.696216 -0.153875 0.701146 0 0.715692 0.224175 -0.661461 -0.188543 -0.055397 0.962324 0.266201 -0.000002 0 0 0 1 0.691158 -0.214371 0.690178 0 0.722648 0.216884 -0.656309 -0.188543 -0.008994 0.952369 0.304816 -0.000002 0 0 0 1</float_array>
        <technique_common>
          <accessor source="#RightArm_Helper2_matrix_RightArm_Helper2_transform-output-array" count="31" stride="16">
            <param name="TRANSFORM" type="float4x4"/>
          </accessor>
        </technique_common>
      </source>
      <source id="RightArm_Helper2_matrix_RightArm_Helper2_transform-interpolations">
        <Name_array id="RightArm_Helper2_matrix_RightArm_Helper2_transform-interpolations-array" count="31">LINEAR LINEAR LINEAR LINEAR LINEAR LINEAR LINEAR LINEAR LINEAR LINEAR LINEAR LINEAR LINEAR LINEAR LINEAR LINEAR LINEAR LINEAR LINEAR LINEAR LINEAR LINEAR LINEAR LINEAR LINEAR LINEAR LINEAR LINEAR LINEAR LINEAR LINEAR</Name_array>
        <technique_common>
          <accessor source="#RightArm_Helper2_matrix_RightArm_Helper2_transform-interpolations-array" count="31" stride="1">
            <param name="INTERPOLATION" type="Name"/>
          </accessor>
        </technique_common>
      </source>
      <sampler id="RightArm_Helper2_matrix_RightArm_Helper2_transform-sampler">
        <input semantic="INPUT" source="#RightArm_Helper2_matrix_RightArm_Helper2_transform-input"/>
        <input semantic="OUTPUT" source="#RightArm_Helper2_matrix_RightArm_Helper2_transform-output"/>
        <input semantic="INTERPOLATION" source="#RightArm_Helper2_matrix_RightArm_Helper2_transform-interpolations"/>
      </sampler>
      <channel source="#RightArm_Helper2_matrix_RightArm_Helper2_transform-sampler" target="RightArm_Helper2/transform"/>
    </animation>
    <animation id="RightArm_Helper1_matrix">
      <source id="RightArm_Helper1_matrix_RightArm_Helper1_transform-input">
        <float_array id="RightArm_Helper1_matrix_RightArm_Helper1_transform-input-array" count="31">0 0.033333 0.066666 0.1 0.133333 0.166667 0.2 0.233333 0.266667 0.3 0.333333 0.366667 0.4 0.433333 0.466667 0.5 0.533333 0.566667 0.6 0.633333 0.666667 0.7 0.733333 0.766667 0.8 0.833333 0.866667 0.9 0.933333 0.966667 1</float_array>
        <technique_common>
          <accessor source="#RightArm_Helper1_matrix_RightArm_Helper1_transform-input-array" count="31" stride="1">
            <param name="TIME" type="float"/>
          </accessor>
        </technique_common>
        <technique profile="MAYA">
          <pre_infinity>CONSTANT</pre_infinity>
          <post_infinity>CONSTANT</post_infinity>
        </technique>
      </source>
      <source id="RightArm_Helper1_matrix_RightArm_Helper1_transform-output">
        <float_array id="RightArm_Helper1_matrix_RightArm_Helper1_transform-output-array" count="496">0.691158 -0.214371 0.690178 0 0.722648 0.216884 -0.656309 -0.188543 -0.008994 0.952369 0.304816 -0.000002 0 0 0 1 0.715223 -0.24166 0.655787 0 0.698125 0.202955 -0.686608 -0.188543 0.03283 0.948899 0.313867 -0.000002 0 0 0 1 0.726819 -0.274125 0.629753 0 0.682741 0.188469 -0.705935 -0.188543 0.074825 0.943045 0.32414 -0.000002 0 0 0 1 0.723482 -0.311819 0.615908 0 0.680499 0.171995 -0.712278 -0.188543 0.116168 0.934445 0.336628 -0.000002 0 0 0 1 0.708201 -0.35092 0.612622 0 0.689707 0.158479 -0.706533 -0.188543 0.150849 0.922897 0.354267 -0.000002 0 0 0 1 0.686004 -0.39108 0.613559 0 0.705339 0.150462 -0.692717 -0.188543 0.17859 0.907975 0.379062 -0.000002 0 0 0 1 0.663752 -0.421037 0.618191 0 0.72137 0.141973 -0.677841 -0.188543 0.19763 0.895863 0.397959 -0.000002 0 0 0 1 0.649447 -0.428231 0.628361 0 0.732504 0.130524 -0.668133 -0.188543 0.204098 0.894193 0.398449 -0.000002 0 0 0 1 0.645786 -0.412609 0.642429 0 0.738188 0.122476 -0.663384 -0.188543 0.195036 0.902637 0.383676 -0.000002 0 0 0 1 0.64886 -0.382662 0.657686 0 0.740664 0.119585 -0.661147 -0.188543 0.174347 0.916116 0.361018 -0.000002 0 0 0 1 0.658383 -0.340968 0.671024 0 0.738475 0.120218 -0.663477 -0.188543 0.145555 0.932356 0.330946 -0.000002 0 0 0 1 0.668966 -0.291081 0.683927 0 0.734845 0.120661 -0.667416 -0.188543 0.111749 0.949059 0.294617 -0.000002 0 0 0 1 0.673225 -0.244422 0.697872 0 0.735771 0.127568 -0.665107 -0.188543 0.07354 0.961241 0.265721 -0.000002 0 0 0 1 0.66712 -0.202007 0.717038 0 0.744449 0.145469 -0.65164 -0.188543 0.027329 0.968521 0.247429 -0.000002 0 0 0 1 0.654113 -0.159402 0.73941 0 0.756056 0.167112 -0.632813 -0.188543 -0.022693 0.972967 0.229827 -0.000002 0 0 0 1 0.640378 -0.119958 0.758634 0 0.765067 0.186737 -0.61628 -0.188543 -0.067737 0.975059 0.211359 -0.000002 0 0 0 1 0.626944 -0.083235 0.774605 0 0.771096 0.208142 -0.601738 -0.188543 -0.111142 0.974551 0.194675 -0.000002 0 0 0 1 0.613728 -0.045132 0.788227 0 0.77405 0.231051 -0.58946 -0.188543 -0.155517 0.971894 0.176737 -0.000002 0 0 0 1 0.607542 -0.009693 0.794228 0 0.771014 0.247478 -0.586764 -0.188543 -0.190866 0.968845 0.157827 -0.000002 0 0 0 1 0.613645 0.01821 0.789372 0 0.759922 0.257817 -0.596698 -0.188543 -0.21438 0.966022 0.14437 -0.000002 0 0 0 1 0.628275 0.040131 0.776956 0 0.742782 0.266094 -0.614385 -0.188543 -0.2314 0.963111 0.137372 -0.000002 0 0 0 1 0.645902 0.057074 0.761284 0 0.72387 0.271019 -0.634477 -0.188543 -0.242535 0.960881 0.133737 -0.000002 0 0 0 1 0.669782 0.069063 0.739339 0 0.700192 0.272761 -0.659797 -0.188543 -0.247231 0.9596 0.134332 -0.000002 0 0 0 1 0.689547 0.070028 0.720848 0 0.682184 0.271435 -0.678931 -0.188543 -0.243208 0.959906 0.139395 -0.000002 0 0 0 1 0.702739 0.057098 0.709153 0 0.673688 0.26701 -0.689093 -0.188543 -0.228697 0.962001 0.149172 -0.000002 0 0 0 1 0.708256 0.030586 0.705293 0 0.676207 0.257572 -0.690218 -0.188543 -0.202775 0.965775 0.161744 -0.000002 0 0 0 1 0.705665 -0.005199 0.708526 0 0.688101 0.243507 -0.683536 -0.188543 -0.168977 0.969885 0.175412 -0.000002 0 0 0 1 0.699748 -0.045338 0.71295 0 0.701586 0.231715 -0.673859 -0.188543 -0.134649 0.971727 0.193951 -0.000002 0 0 0 1 0.697154 -0.094215 0.710704 0 0.710108 0.227091 -0.666465 -0.188543 -0.098603 0.969305 0.225221 -0.000002 0 0 0 1 0.696216 -0.153875 0.701146 0 0.715692 0.224175 -0.661461 -0.188543 -0.055397 0.962324 0.266201 -0.000002 0 0 0 1 0.691158 -0.214371 0.690178 0 0.722648 0.216884 -0.656309 -0.188543 -0.008994 0.952369 0.304816 -0.000002 0 0 0 1</float_array>
        <technique_common>
          <accessor source="#RightArm_Helper1_matrix_RightArm_Helper1_transform-output-array" count="31" stride="16">
            <param name="TRANSFORM" type="float4x4"/>
          </accessor>
        </technique_common>
      </source>
      <source id="RightArm_Helper1_matrix_RightArm_Helper1_transform-interpolations">
        <Name_array id="RightArm_Helper1_matrix_RightArm_Helper1_transform-interpolations-array" count="31">LINEAR LINEAR LINEAR LINEAR LINEAR LINEAR LINEAR LINEAR LINEAR LINEAR LINEAR LINEAR LINEAR LINEAR LINEAR LINEAR LINEAR LINEAR LINEAR LINEAR LINEAR LINEAR LINEAR LINEAR LINEAR LINEAR LINEAR LINEAR LINEAR LINEAR LINEAR</Name_array>
        <technique_common>
          <accessor source="#RightArm_Helper1_matrix_RightArm_Helper1_transform-interpolations-array" count="31" stride="1">
            <param name="INTERPOLATION" type="Name"/>
          </accessor>
        </technique_common>
      </source>
      <sampler id="RightArm_Helper1_matrix_RightArm_Helper1_transform-sampler">
        <input semantic="INPUT" source="#RightArm_Helper1_matrix_RightArm_Helper1_transform-input"/>
        <input semantic="OUTPUT" source="#RightArm_Helper1_matrix_RightArm_Helper1_transform-output"/>
        <input semantic="INTERPOLATION" source="#RightArm_Helper1_matrix_RightArm_Helper1_transform-interpolations"/>
      </sampler>
      <channel source="#RightArm_Helper1_matrix_RightArm_Helper1_transform-sampler" target="RightArm_Helper1/transform"/>
    </animation>
  </library_animations>
  <library_images>
    <image id="file69" name="file69">
      <init_from>file:///D:/Online/hub/Build/Characters/Male/Male01/Legs/Textures/Male01_legs_jeans_regular_C.dds</init_from>
    </image>
    <image id="file81" name="file81">
      <init_from>file:///D:/Online/Hub/Build/Characters/Male/Male01/Torso/Textures/male01_tshirt_generic_C.dds</init_from>
    </image>
    <image id="imported_file76" name="imported_file76">
      <init_from>file:///D:/Online/Hub/Build/Characters/Male/Male01/Shared%20textures/male01_body_Cauc_C.dds</init_from>
    </image>
    <image id="file76" name="file76">
      <init_from>file:///D:/Online/Hub/Build/Characters/Male/Male01/Feet/Textures/male01_feet_shoes_generic_C.dds</init_from>
    </image>
    <image id="file72" name="file72">
      <init_from>file:///D:/Online/Hub/Build/Characters/Male/Male01/Shared%20textures/male01_head_Cauc_C.dds</init_from>
    </image>
  </library_images>
  <library_materials>
    <material id="imported_lambert2SG1" name="imported_lambert2SG1">
      <instance_effect url="#imported_lambert2SG1-fx"/>
    </material>
    <material id="initialShadingGroup2" name="initialShadingGroup2">
      <instance_effect url="#initialShadingGroup2-fx"/>
    </material>
    <material id="imported_lambert4" name="imported_lambert4">
      <instance_effect url="#imported_lambert4-fx"/>
    </material>
    <material id="imported_lambert2SG3" name="imported_lambert2SG3">
      <instance_effect url="#imported_lambert2SG3-fx"/>
    </material>
    <material id="imported_lambert14" name="imported_lambert14">
      <instance_effect url="#imported_lambert14-fx"/>
    </material>
    <material id="imported_lambert15" name="imported_lambert15">
      <instance_effect url="#imported_lambert15-fx"/>
    </material>
  </library_materials>
  <library_effects>
    <effect id="imported_lambert2SG1-fx">
      <profile_COMMON>
        <newparam sid="file69-surface">
          <surface type="2D">
            <init_from>file69</init_from>
            <format>A8R8G8B8</format>
          </surface>
        </newparam>
        <newparam sid="file69-sampler">
          <sampler2D>
            <source>file69-surface</source>
            <minfilter>LINEAR_MIPMAP_LINEAR</minfilter>
            <magfilter>LINEAR</magfilter>
          </sampler2D>
        </newparam>
        <technique sid="common">
          <lambert>
            <emission>
              <color>0 0 0 1</color>
            </emission>
            <ambient>
              <color>0 0 0 1</color>
            </ambient>
            <diffuse>
              <texture texture="file69-sampler" texcoord="TEX0">
                <extra>
                  <technique profile="MAYA">
                    <blend_mode>NONE</blend_mode>
                  </technique>
                </extra>
              </texture>
            </diffuse>
            <transparent opaque="A_ONE">
              <color>0 0 0 1</color>
            </transparent>
            <transparency>
              <float>1</float>
            </transparency>
            <index_of_refraction>
              <float>1</float>
            </index_of_refraction>
          </lambert>
          <extra>
            <technique profile="FCOLLADA"/>
          </extra>
        </technique>
      </profile_COMMON>
    </effect>
    <effect id="initialShadingGroup2-fx">
      <profile_COMMON>
        <newparam sid="file81-surface">
          <surface type="2D">
            <init_from>file81</init_from>
            <format>A8R8G8B8</format>
          </surface>
        </newparam>
        <newparam sid="file81-sampler">
          <sampler2D>
            <source>file81-surface</source>
            <minfilter>LINEAR_MIPMAP_LINEAR</minfilter>
            <magfilter>LINEAR</magfilter>
          </sampler2D>
        </newparam>
        <technique sid="common">
          <lambert>
            <emission>
              <color>0 0 0 1</color>
            </emission>
            <ambient>
              <color>0 0 0 1</color>
            </ambient>
            <diffuse>
              <texture texture="file81-sampler" texcoord="TEX0">
                <extra>
                  <technique profile="MAYA">
                    <blend_mode>NONE</blend_mode>
                  </technique>
                </extra>
              </texture>
            </diffuse>
            <transparent opaque="A_ONE">
              <color>0 0 0 1</color>
            </transparent>
            <transparency>
              <float>1</float>
            </transparency>
            <index_of_refraction>
              <float>1</float>
            </index_of_refraction>
          </lambert>
          <extra>
            <technique profile="FCOLLADA"/>
          </extra>
        </technique>
      </profile_COMMON>
    </effect>
    <effect id="imported_lambert4-fx">
      <profile_COMMON>
        <newparam sid="imported_file76-surface">
          <surface type="2D">
            <init_from>imported_file76</init_from>
            <format>A8R8G8B8</format>
          </surface>
        </newparam>
        <newparam sid="imported_file76-sampler">
          <sampler2D>
            <source>imported_file76-surface</source>
            <minfilter>LINEAR_MIPMAP_LINEAR</minfilter>
            <magfilter>LINEAR</magfilter>
          </sampler2D>
        </newparam>
        <technique sid="common">
          <lambert>
            <emission>
              <color>0 0 0 1</color>
            </emission>
            <ambient>
              <color>0 0 0 1</color>
            </ambient>
            <diffuse>
              <texture texture="imported_file76-sampler" texcoord="TEX0">
                <extra>
                  <technique profile="MAYA">
                    <blend_mode>NONE</blend_mode>
                  </technique>
                </extra>
              </texture>
            </diffuse>
            <transparent opaque="A_ONE">
              <color>0 0 0 1</color>
            </transparent>
            <transparency>
              <float>1</float>
            </transparency>
            <index_of_refraction>
              <float>1</float>
            </index_of_refraction>
          </lambert>
          <extra>
            <technique profile="FCOLLADA"/>
          </extra>
        </technique>
      </profile_COMMON>
    </effect>
    <effect id="imported_lambert2SG3-fx">
      <profile_COMMON>
        <newparam sid="file76-surface">
          <surface type="2D">
            <init_from>file76</init_from>
            <format>A8R8G8B8</format>
          </surface>
        </newparam>
        <newparam sid="file76-sampler">
          <sampler2D>
            <source>file76-surface</source>
            <minfilter>LINEAR_MIPMAP_LINEAR</minfilter>
            <magfilter>LINEAR</magfilter>
          </sampler2D>
        </newparam>
        <technique sid="common">
          <lambert>
            <emission>
              <color>0 0 0 1</color>
            </emission>
            <ambient>
              <color>0 0 0 1</color>
            </ambient>
            <diffuse>
              <texture texture="file76-sampler" texcoord="TEX0">
                <extra>
                  <technique profile="MAYA">
                    <blend_mode>NONE</blend_mode>
                  </technique>
                </extra>
              </texture>
            </diffuse>
            <transparent opaque="A_ONE">
              <color>0 0 0 1</color>
            </transparent>
            <transparency>
              <float>1</float>
            </transparency>
            <index_of_refraction>
              <float>1</float>
            </index_of_refraction>
          </lambert>
          <extra>
            <technique profile="FCOLLADA"/>
          </extra>
        </technique>
      </profile_COMMON>
    </effect>
    <effect id="imported_lambert14-fx">
      <profile_COMMON>
        <newparam sid="file72-surface">
          <surface type="2D">
            <init_from>file72</init_from>
            <format>A8R8G8B8</format>
          </surface>
        </newparam>
        <newparam sid="file72-sampler">
          <sampler2D>
            <source>file72-surface</source>
            <minfilter>LINEAR_MIPMAP_LINEAR</minfilter>
            <magfilter>LINEAR</magfilter>
          </sampler2D>
        </newparam>
        <technique sid="common">
          <lambert>
            <emission>
              <color>0 0 0 1</color>
            </emission>
            <ambient>
              <color>0 0 0 1</color>
            </ambient>
            <diffuse>
              <texture texture="file72-sampler" texcoord="TEX0">
                <extra>
                  <technique profile="MAYA">
                    <blend_mode>NONE</blend_mode>
                  </technique>
                </extra>
              </texture>
            </diffuse>
            <transparent opaque="A_ONE">
              <color>0 0 0 1</color>
            </transparent>
            <transparency>
              <float>1</float>
            </transparency>
            <index_of_refraction>
              <float>1</float>
            </index_of_refraction>
          </lambert>
          <extra>
            <technique profile="FCOLLADA"/>
          </extra>
        </technique>
      </profile_COMMON>
    </effect>
    <effect id="imported_lambert15-fx">
      <profile_COMMON>
        <newparam sid="imported_file76-surface">
          <surface type="2D">
            <init_from>imported_file76</init_from>
            <format>A8R8G8B8</format>
          </surface>
        </newparam>
        <newparam sid="imported_file76-sampler">
          <sampler2D>
            <source>imported_file76-surface</source>
            <minfilter>LINEAR_MIPMAP_LINEAR</minfilter>
            <magfilter>LINEAR</magfilter>
          </sampler2D>
        </newparam>
        <technique sid="common">
          <lambert>
            <emission>
              <color>0 0 0 1</color>
            </emission>
            <ambient>
              <color>0 0 0 1</color>
            </ambient>
            <diffuse>
              <texture texture="imported_file76-sampler" texcoord="TEX0">
                <extra>
                  <technique profile="MAYA">
                    <blend_mode>NONE</blend_mode>
                  </technique>
                </extra>
              </texture>
            </diffuse>
            <transparent opaque="A_ONE">
              <color>0 0 0 1</color>
            </transparent>
            <transparency>
              <float>1</float>
            </transparency>
            <index_of_refraction>
              <float>1</float>
            </index_of_refraction>
          </lambert>
          <extra>
            <technique profile="FCOLLADA"/>
          </extra>
        </technique>
      </profile_COMMON>
    </effect>
  </library_effects>
  <library_visual_scenes>
    <visual_scene id="VisualSceneNode" name="M_STA_M_03_P2">
      <node id="pointLight1" name="pointLight1" type="NODE">
        <matrix sid="transform">1 0 0 -0.637677 0 1 0 1.94601 0 0 1 1.31159 0 0 0 1</matrix>
      </node>
      <node id="GEOM" name="GEOM" type="NODE">
        <matrix sid="transform">1 0 0 0 0 1 0 0 0 0 1 0 0 0 0 1</matrix>
        <node id="male01_torso_tshirt_lod1" name="male01_torso_tshirt_lod1" type="NODE">
          <matrix sid="transform">1 0 0 0 0 1 0 0 0 0 1 0 0 0 0 1</matrix>
        </node>
        <node id="male01_feet_shoesgeneric_lod1" name="male01_feet_shoesgeneric_lod1" type="NODE">
          <matrix sid="transform">1 0 0 0 0 1 0 0 0 0 1 0 0 0 0 1</matrix>
        </node>
        <node id="male01_legs_jeans_regular_lod1" name="male01_legs_jeans_regular_lod1" type="NODE">
          <matrix sid="transform">1 0 0 0 0 1 0 0 0 0 1 0 0 0 0 1</matrix>
        </node>
        <node id="BASE_HEAD" name="BASE_HEAD" type="NODE">
          <matrix sid="transform">1 0 0 0 0 1 0 0 0 0 1 0 0 0 0 1</matrix>
        </node>
        <node id="male01_hands_lod1" name="male01_hands_lod1" type="NODE">
          <matrix sid="transform">1 0 0 0 0 1 0 0 0 0 1 0 0 0 0 1</matrix>
        </node>
      </node>
      <node id="ambientLight1" name="ambientLight1" type="NODE">
        <matrix sid="transform">1 0 0 0.511583 0 1 0 2.19624 0 0 1 1.15508 0 0 0 1</matrix>
      </node>
      <node id="PelvisRoot" name="PelvisRoot" type="JOINT">
        <matrix sid="transform">1 0 0 0 0 1 0 0 0 0 1 0 0 0 0 1</matrix>
        <node id="Pelvis" name="Pelvis" type="JOINT">
          <matrix sid="transform">0.997622 0.061421 0.031258 -0.013099 -0.059923 0.997105 -0.046803 0.985706 -0.034042 0.044819 0.998415 0 0 0 0 1</matrix>
          <node id="Hips" name="Hips" type="JOINT">
            <matrix sid="transform">1 0 0 0 0 1 0 0 0 0 1 0 0 0 0 1</matrix>
            <node id="LeftUpLeg_Helper1" name="LeftUpLeg_Helper1" type="JOINT">
              <matrix sid="transform">-0.994546 0.104263 0.002639 0.087164 -0.094461 -0.911203 0.400982 -0.000001 0.044212 0.398546 0.916082 0 0 0 0 1</matrix>
            </node>
            <node id="RightUpLeg_Helper1" name="RightUpLeg_Helper1" type="JOINT">
              <matrix sid="transform">-0.99789 -0.064921 -0.00053 -0.087164 -0.064739 0.995633 -0.067254 0 0.004894 -0.067078 -0.997736 0 0 0 0 1</matrix>
            </node>
            <node id="LeftUpLeg_Helper2" name="LeftUpLeg_Helper2" type="JOINT">
              <matrix sid="transform">-0.994462 0.104263 0.013196 0.087164 -0.090199 -0.911203 0.401962 -0.000001 0.053934 0.398546 0.915561 0 0 0 0 1</matrix>
            </node>
            <node id="RightUpLeg_Helper2" name="RightUpLeg_Helper2" type="JOINT">
              <matrix sid="transform">-0.997887 -0.064921 -0.00265 -0.087164 -0.064596 0.995633 -0.067391 0 0.007014 -0.067078 -0.997723 0 0 0 0 1</matrix>
            </node>
            <node id="LeftUpLeg" name="LeftUpLeg" type="JOINT">
              <matrix sid="transform">-0.9942 0.104263 0.026391 0.087164 -0.084857 -0.911203 0.403124 -0.000001 0.066078 0.398546 0.914765 0 0 0 0 1</matrix>
              <node id="LeftLeg" name="LeftLeg" type="JOINT">
                <matrix sid="transform">0.999619 0.000023 0.027611 0 -0.024436 0.466335 0.884271 0.513626 -0.012855 -0.884608 0.466158 0.00777 0 0 0 1</matrix>
                <node id="LeftFoot" name="LeftFoot" type="JOINT">
                  <matrix sid="transform">0.9742 -0.178417 -0.138211 0 -0.012794 0.567755 -0.823098 0.396099 0.225325 0.80363 0.550824 0 0 0 0 1</matrix>
                  <node id="LeftToes" name="LeftToes" type="JOINT">
                    <matrix sid="transform">0.994763 -0.007964 -0.1019 0 -0.064067 0.728217 -0.682346 0.153519 0.079639 0.685301 0.723892 0 0 0 0 1</matrix>
                    <node id="LeftToesNull" name="LeftToesNull" type="JOINT">
                      <matrix sid="transform">1 0 0 0 0 1 0 0.093148 0 0 1 0 0 0 0 1</matrix>
                    </node>
                  </node>
                </node>
              </node>
            </node>
            <node id="RightUpLeg" name="RightUpLeg" type="JOINT">
              <matrix sid="transform">-0.997876 -0.064921 -0.0053 -0.087164 -0.064416 0.995633 -0.067562 0 0.009663 -0.067078 -0.997701 0 0 0 0 1</matrix>
              <node id="RightLeg" name="RightLeg" type="JOINT">
                <matrix sid="transform">0.999785 -0.000574 -0.02073 0 0.005951 0.965518 0.260269 -0.513628 0.019865 -0.260337 0.965313 -0.00777 0 0 0 1</matrix>
                <node id="RightFoot" name="RightFoot" type="JOINT">
                  <matrix sid="transform">0.98998 -0.109564 -0.089076 0 -0.034685 0.422819 -0.90555 -0.395911 0.136879 0.899567 0.414782 0.012201 0 0 0 1</matrix>
                  <node id="RightToes" name="RightToes" type="JOINT">
                    <matrix sid="transform">1 -0.000036 0 0 0.000028 0.779169 -0.626814 -0.153519 0.000022 0.626814 0.779169 0 0 0 0 1</matrix>
                    <node id="RightToesNull" name="RightToesNull" type="JOINT">
                      <matrix sid="transform">1 0 0 0 0 1 0 -0.093148 0 0 1 0 0 0 0 1</matrix>
                    </node>
                  </node>
                </node>
              </node>
            </node>
          </node>
          <node id="Spine" name="Spine" type="JOINT">
            <matrix sid="transform">0.999556 -0.029527 0.003958 0 0.0294 0.999147 0.028983 0.070051 -0.004811 -0.028854 0.999572 -0.000217 0 0 0 1</matrix>
            <node id="Spine1" name="Spine1" type="JOINT">
              <matrix sid="transform">0.999595 -0.028113 0.004308 0 0.028142 0.99958 -0.006965 0.077503 -0.00411 0.007083 0.999966 0 0 0 0 1</matrix>
              <node id="Spine2" name="Spine2" type="JOINT">
                <matrix sid="transform">0.999595 -0.028126 0.004295 0 0.028157 0.999577 -0.007288 0.073924 -0.004088 0.007406 0.999964 0 0 0 0 1</matrix>
                <node id="Spine3" name="Spine3" type="JOINT">
                  <matrix sid="transform">0.999595 -0.02814 0.004282 0 0.028114 0.999586 0.006095 0.111876 -0.004452 -0.005972 0.999972 0 0 0 0 1</matrix>
                  <node id="Neck" name="Neck" type="JOINT">
                    <matrix sid="transform">0.999484 0.023459 -0.02192 0 -0.02805 0.970208 -0.240645 0.248046 0.015621 0.241135 0.970366 0 0 0 0 1</matrix>
                    <node id="Neck1" name="Neck1" type="JOINT">
                      <matrix sid="transform">0.999484 0.023482 -0.021909 0 -0.024042 0.999382 -0.025634 0.04828 0.021293 0.026147 0.999431 0 0 0 0 1</matrix>
                      <node id="Head" name="Head" type="JOINT">
                        <matrix sid="transform">0.999485 0.023139 -0.02225 0 -0.015322 0.952953 0.30273 0.053577 0.028208 -0.302233 0.952817 0 0 0 0 1</matrix>
                        <node id="HeadNull" name="HeadNull" type="JOINT">
                          <matrix sid="transform">1 0 0 0 0 1 0 0.180848 0 0 1 0 0 0 0 1</matrix>
                        </node>
                      </node>
                    </node>
                  </node>
                  <node id="LeftShoulder" name="LeftShoulder" type="JOINT">
                    <matrix sid="transform">-0.409289 0.911932 -0.029379 0.017011 0.073731 0.000962 -0.997278 0.181867 -0.909421 -0.410341 -0.067632 0.084759 0 0 0 1</matrix>
                    <node id="LeftArm" name="LeftArm" type="JOINT">
                      <matrix sid="transform">0.640378 -0.119958 0.758634 0 0.765067 0.186737 -0.61628 0.188543 -0.067737 0.975059 0.211359 0 0 0 0 1</matrix>
                      <node id="LeftForeArm" name="LeftForeArm" type="JOINT">
                        <matrix sid="transform">0.838706 -0.544498 -0.00968 0.000011 0.54453 0.838741 0.000764 0.3215 0.007702 -0.005912 0.999953 0 0 0 0 1</matrix>
                        <node id="LeftHand" name="LeftHand" type="JOINT">
                          <matrix sid="transform">0.999498 -0.030707 -0.00777 0.000011 0.030721 0.999527 0.001654 0.244116 0.007715 -0.001892 0.999968 0 0 0 0 1</matrix>
                          <node id="LeftIndex1" name="LeftIndex1" type="JOINT">
                            <matrix sid="transform">0.98679 0.158414 -0.033916 -0.027238 -0.159699 0.916009 -0.368 0.104 -0.027228 0.368555 0.929207 -0.012047 0 0 0 1</matrix>
                            <node id="LeftIndex2" name="LeftIndex2" type="JOINT">
                              <matrix sid="transform">0.999999 -0.001361 0.000723 0 0.001523 0.944944 -0.327229 0.037252 -0.000237 0.327229 0.944945 0 0 0 0 1</matrix>
                              <node id="LeftIndex3" name="LeftIndex3" type="JOINT">
                                <matrix sid="transform">0.999999 -0.001353 0.00072 0 0.001481 0.9744 -0.224817 0.025094 -0.000397 0.224817 0.974401 0 0 0 0 1</matrix>
                                <node id="LeftIndexNull" name="LeftIndexNull" type="JOINT">
                                  <matrix sid="transform">1 0 0 0 0 1 0 0.025118 0 0 1 0 0 0 0 1</matrix>
                                </node>
                              </node>
                            </node>
                          </node>
                          <node id="LeftMiddle1" name="LeftMiddle1" type="JOINT">
                            <matrix sid="transform">0.999143 0.041063 -0.005121 -0.001251 -0.039971 0.925649 -0.376266 0.107976 -0.01071 0.376148 0.926498 -0.013471 0 0 0 1</matrix>
                            <node id="LeftMiddle2" name="LeftMiddle2" type="JOINT">
                              <matrix sid="transform">0.999999 -0.00127 0.001029 0 0.001588 0.904214 -0.427076 0.039923 -0.000388 0.427077 0.904215 0 0 0 0 1</matrix>
                              <node id="LeftMiddle3" name="LeftMiddle3" type="JOINT">
                                <matrix sid="transform">0.999999 -0.00102 0.000883 0 0.001286 0.918466 -0.395498 0.027331 -0.000407 0.395498 0.918467 0 0 0 0 1</matrix>
                                <node id="LeftMiddleNull" name="LeftMiddleNull" type="JOINT">
                                  <matrix sid="transform">1 0 0 0 0 1 0 0.026102 0 0 1 0 0 0 0 1</matrix>
                                </node>
                              </node>
                            </node>
                          </node>
                          <node id="LeftRing1" name="LeftRing1" type="JOINT">
                            <matrix sid="transform">0.996226 -0.076279 -0.041408 0.021135 0.04781 0.880471 -0.471683 0.102233 0.072438 0.467923 0.880795 -0.010783 0 0 0 1</matrix>
                            <node id="LeftRing2" name="LeftRing2" type="JOINT">
                              <matrix sid="transform">0.999999 -0.001077 0.001083 0 0.001484 0.852989 -0.521927 0.039098 -0.000362 0.521928 0.85299 0 0 0 0 1</matrix>
                              <node id="LeftRing3" name="LeftRing3" type="JOINT">
                                <matrix sid="transform">0.999999 -0.00108 0.001086 0 0.001471 0.87451 -0.485006 0.027324 -0.000425 0.485007 0.87451 0 0 0 0 1</matrix>
                                <node id="LeftRingNull" name="LeftRingNull" type="JOINT">
                                  <matrix sid="transform">1 0 0 0 0 1 0 0.024717 0 0 1 0 0 0 0 1</matrix>
                                </node>
                              </node>
                            </node>
                          </node>
                          <node id="LeftPinky1" name="LeftPinky1" type="JOINT">
                            <matrix sid="transform">0.989961 -0.125912 -0.064209 0.041258 0.076197 0.858069 -0.507849 0.096203 0.119041 0.497859 0.859049 -0.00331 0 0 0 1</matrix>
                            <node id="LeftPinky2" name="LeftPinky2" type="JOINT">
                              <matrix sid="transform">0.999686 -0.024872 -0.003088 0 0.017173 0.76951 -0.638404 0.032185 0.018254 0.638151 0.769695 0 0 0 0 1</matrix>
                              <node id="LeftPinky3" name="LeftPinky3" type="JOINT">
                                <matrix sid="transform">0.999685 -0.024918 -0.003048 0 0.020672 0.886024 -0.463179 0.016345 0.014242 0.46297 0.88626 0 0 0 0 1</matrix>
                                <node id="LeftPinkyNull" name="LeftPinkyNull" type="JOINT">
                                  <matrix sid="transform">1 0 0 0 0 1 0 0.019694 0 0 1 0 0 0 0 1</matrix>
                                </node>
                              </node>
                            </node>
                          </node>
                          <node id="LeftThumb1" name="LeftThumb1" type="JOINT">
                            <matrix sid="transform">-0.910493 0.385704 0.149112 -0.038235 0.362049 0.917756 -0.163228 0.02164 -0.199806 -0.094632 -0.975255 0.002124 0 0 0 1</matrix>
                            <node id="LeftThumb2" name="LeftThumb2" type="JOINT">
                              <matrix sid="transform">0.235193 0.247901 -0.939803 0.025687 0.419652 0.846254 0.328246 0.021903 0.876685 -0.471591 0.095 -0.017375 0 0 0 1</matrix>
                              <node id="LeftThumb3" name="LeftThumb3" type="JOINT">
                                <matrix sid="transform">0.999931 0.010364 0.005484 0 -0.008963 0.977127 -0.212468 0.034681 -0.00756 0.212404 0.977153 0 0 0 0 1</matrix>
                                <node id="LeftThumbNull" name="LeftThumbNull" type="JOINT">
                                  <matrix sid="transform">1 0 0 0 0 1 0 0.027381 0 0 1 0 0 0 0 1</matrix>
                                </node>
                              </node>
                            </node>
                          </node>
                        </node>
                        <node id="LeftForeArm_Helper1" name="LeftForeArm_Helper1" type="JOINT">
                          <matrix sid="transform">0.999993 0 -0.003859 0 0 1 0 0.078445 0.003859 0 0.999993 0 0 0 0 1</matrix>
                          <node id="LeftForeArm_Helper2" name="LeftForeArm_Helper2" type="JOINT">
                            <matrix sid="transform">0.999993 0 -0.003859 0 0 1 0 0.153671 0.003859 0 0.999993 0 0 0 0 1</matrix>
                          </node>
                        </node>
                      </node>
                    </node>
                    <node id="LeftArm_Helper2" name="LeftArm_Helper2" type="JOINT">
                      <matrix sid="transform">0.640378 -0.119958 0.758634 0 0.765067 0.186737 -0.61628 0.188543 -0.067737 0.975059 0.211359 0 0 0 0 1</matrix>
                    </node>
                    <node id="LeftArm_Helper1" name="LeftArm_Helper1" type="JOINT">
                      <matrix sid="transform">0.640378 -0.119958 0.758634 0 0.765067 0.186737 -0.61628 0.188543 -0.067737 0.975059 0.211359 0 0 0 0 1</matrix>
                    </node>
                  </node>
                  <node id="RightShoulder" name="RightShoulder" type="JOINT">
                    <matrix sid="transform">-0.42943 0.9031 0.001154 -0.017011 -0.085664 -0.042006 0.995438 0.181869 0.899028 0.427372 0.095402 0.084759 0 0 0 1</matrix>
                    <node id="RightArm" name="RightArm" type="JOINT">
                      <matrix sid="transform">0.691158 -0.214371 0.690178 0 0.722648 0.216884 -0.656309 -0.188543 -0.008994 0.952369 0.304816 -0.000002 0 0 0 1</matrix>
                      <node id="RightForeArm" name="RightForeArm" type="JOINT">
                        <matrix sid="transform">0.872003 -0.4895 -0.000171 -0.000011 0.488907 0.870964 -0.048909 -0.321501 0.02409 0.042565 0.998803 0.000000 0 0 0 1</matrix>
                        <node id="RightHand" name="RightHand" type="JOINT">
                          <matrix sid="transform">0.999983 0.004373 -0.003723 -0.000011 -0.00437 0.99999 0.000707 -0.244116 0.003726 -0.000691 0.999993 0.000000 0 0 0 1</matrix>
                          <node id="RightIndex1" name="RightIndex1" type="JOINT">
                            <matrix sid="transform">0.986789 0.158419 -0.033919 0.027237 -0.159706 0.91601 -0.367994 -0.104 -0.027227 0.368549 0.929209 0.012048 0 0 0 1</matrix>
                            <node id="RightIndex2" name="RightIndex2" type="JOINT">
                              <matrix sid="transform">0.999999 -0.001361 0.000723 0 0.001523 0.944944 -0.327229 -0.037252 -0.000237 0.327229 0.944945 -0.000003 0 0 0 1</matrix>
                              <node id="RightIndex3" name="RightIndex3" type="JOINT">
                                <matrix sid="transform">0.999999 -0.001352 0.000719 0 0.001479 0.9744 -0.224817 -0.025094 -0.000397 0.224817 0.974401 -0.000002 0 0 0 1</matrix>
                                <node id="RightIndexNull" name="RightIndexNull" type="JOINT">
                                  <matrix sid="transform">1 0 0 0 0 1 -0.000001 -0.025118 0 0.000001 1 0 0 0 0 1</matrix>
                                </node>
                              </node>
                            </node>
                          </node>
                          <node id="RightMiddle1" name="RightMiddle1" type="JOINT">
                            <matrix sid="transform">0.999143 0.041068 -0.005123 0.00125 -0.039977 0.925651 -0.37626 -0.107975 -0.01071 0.376142 0.9265 0.013471 0 0 0 1</matrix>
                            <node id="RightMiddle2" name="RightMiddle2" type="JOINT">
                              <matrix sid="transform">0.999999 -0.00127 0.001029 0 0.001588 0.904214 -0.427076 -0.039923 -0.000388 0.427077 0.904215 0.000005 0 0 0 1</matrix>
                              <node id="RightMiddle3" name="RightMiddle3" type="JOINT">
                                <matrix sid="transform">0.999999 -0.00102 0.000883 0 0.001286 0.918466 -0.395498 -0.027332 -0.000407 0.395498 0.918467 -0.000005 0 0 0 1</matrix>
                                <node id="RightMiddleNull" name="RightMiddleNull" type="JOINT">
                                  <matrix sid="transform">1 0 0 0 0 1 0 -0.026101 0 0 1 0.000003 0 0 0 1</matrix>
                                </node>
                              </node>
                            </node>
                          </node>
                          <node id="RightRing1" name="RightRing1" type="JOINT">
                            <matrix sid="transform">0.996227 -0.076273 -0.041411 -0.021136 0.047804 0.880475 -0.471677 -0.102233 0.072437 0.467918 0.880798 0.010788 0 0 0 1</matrix>
                            <node id="RightRing2" name="RightRing2" type="JOINT">
                              <matrix sid="transform">0.999999 -0.00108 0.001085 -0.000000 0.001488 0.852989 -0.521927 -0.039099 -0.000362 0.521928 0.85299 -0.000001 0 0 0 1</matrix>
                              <node id="RightRing3" name="RightRing3" type="JOINT">
                                <matrix sid="transform">0.999999 -0.00108 0.001086 -0.000000 0.001471 0.874508 -0.485009 -0.027324 -0.000425 0.48501 0.874508 -0.000005 0 0 0 1</matrix>
                                <node id="RightRingNull" name="RightRingNull" type="JOINT">
                                  <matrix sid="transform">1 0 0 -0.000000 0 1 -0.000005 -0.024717 0 0.000005 1 -0.000002 0 0 0 1</matrix>
                                </node>
                              </node>
                            </node>
                          </node>
                          <node id="RightPinky1" name="RightPinky1" type="JOINT">
                            <matrix sid="transform">0.989962 -0.125907 -0.064212 -0.041259 0.076192 0.858073 -0.507844 -0.096202 0.11904 0.497853 0.859053 0.003314 0 0 0 1</matrix>
                            <node id="RightPinky2" name="RightPinky2" type="JOINT">
                              <matrix sid="transform">0.999686 -0.024872 -0.003088 -0.000000 0.017173 0.76951 -0.638404 -0.032185 0.018254 0.638151 0.769695 -0.000003 0 0 0 1</matrix>
                              <node id="RightPinky3" name="RightPinky3" type="JOINT">
                                <matrix sid="transform">0.999685 -0.024918 -0.003048 0.000000 0.020672 0.886024 -0.463179 -0.016344 0.014242 0.46297 0.88626 0.000002 0 0 0 1</matrix>
                                <node id="RightPinkyNull" name="RightPinkyNull" type="JOINT">
                                  <matrix sid="transform">1 0 0 -0.000000 0 1 0 -0.019694 0 0 1 -0.000006 0 0 0 1</matrix>
                                </node>
                              </node>
                            </node>
                          </node>
                          <node id="RightThumb1" name="RightThumb1" type="JOINT">
                            <matrix sid="transform">-0.910491 0.38571 0.149111 0.038235 0.362054 0.917753 -0.163235 -0.02164 -0.199808 -0.094638 -0.975254 -0.002127 0 0 0 1</matrix>
                            <node id="RightThumb2" name="RightThumb2" type="JOINT">
                              <matrix sid="transform">0.235193 0.247901 -0.939803 -0.025687 0.419652 0.846254 0.328246 -0.021903 0.876685 -0.471591 0.095 0.017372 0 0 0 1</matrix>
                              <node id="RightThumb3" name="RightThumb3" type="JOINT">
                                <matrix sid="transform">0.999931 0.010364 0.005484 0.000002 -0.008963 0.977127 -0.212468 -0.034682 -0.00756 0.212404 0.977153 0.000000 0 0 0 1</matrix>
                                <node id="RightThumbNull" name="RightThumbNull" type="JOINT">
                                  <matrix sid="transform">1 0 0 -0.000001 0 1 0 -0.027381 0 0 1 0 0 0 0 1</matrix>
                                </node>
                              </node>
                            </node>
                          </node>
                        </node>
                        <node id="RightForeArm_Helper1" name="RightForeArm_Helper1" type="JOINT">
                          <matrix sid="transform">0.999998 0 -0.001863 -0.000000 0 1 -0.000006 -0.078445 0.001863 0.000006 0.999998 0.000003 0 0 0 1</matrix>
                          <node id="RightForeArm_Helper2" name="RightForeArm_Helper2" type="JOINT">
                            <matrix sid="transform">0.999998 0 -0.001863 -0.000000 0 1 -0.000008 -0.15367 0.001863 0.000008 0.999998 -0.000000 0 0 0 1</matrix>
                          </node>
                        </node>
                      </node>
                    </node>
                    <node id="RightArm_Helper2" name="RightArm_Helper2" type="JOINT">
                      <matrix sid="transform">0.691158 -0.214371 0.690178 0 0.722648 0.216884 -0.656309 -0.188543 -0.008994 0.952369 0.304816 -0.000002 0 0 0 1</matrix>
                    </node>
                    <node id="RightArm_Helper1" name="RightArm_Helper1" type="JOINT">
                      <matrix sid="transform">0.691158 -0.214371 0.690178 0 0.722648 0.216884 -0.656309 -0.188543 -0.008994 0.952369 0.304816 -0.000002 0 0 0 1</matrix>
                    </node>
                  </node>
                </node>
              </node>
            </node>
          </node>
        </node>
        <extra>
          <technique profile="MAYA">
            <dynamic_attributes>
              <homeSex short_name="homeSex" type="string">man</homeSex>
            </dynamic_attributes>
          </technique>
        </extra>
      </node>
      <extra>
        <technique profile="MAYA">
          <layer name="tshirt_lod1">male01_torso_tshirt_lod1</layer>
          <layer name="shoes_lod1">male01_feet_shoesgeneric_lod1</layer>
          <layer name="trousers_lod1">male01_legs_jeans_regular_lod1</layer>
          <layer name="hands_lod1">male01_hands_lod1</layer>
          <layer name="skeleton">PelvisRoot Pelvis Hips LeftUpLeg_Helper1 RightUpLeg_Helper1 LeftUpLeg_Helper2 RightUpLeg_Helper2 LeftUpLeg LeftLeg LeftFoot LeftToes LeftToesNull RightUpLeg RightLeg RightFoot RightToes RightToesNull Spine Spine1 Spine2 Spine3 Neck Neck1 Head HeadNull LeftShoulder LeftArm LeftForeArm LeftHand LeftIndex1 LeftIndex2 LeftIndex3 LeftIndexNull LeftMiddle1 LeftMiddle2 LeftMiddle3 LeftMiddleNull LeftRing1 LeftRing2 LeftRing3 LeftRingNull LeftPinky1 LeftPinky2 LeftPinky3 LeftPinkyNull LeftThumb1 LeftThumb2 LeftThumb3 LeftThumbNull LeftForeArm_Helper1 LeftForeArm_Helper2 LeftArm_Helper2 LeftArm_Helper1 RightShoulder RightArm RightForeArm RightHand RightIndex1 RightIndex2 RightIndex3 RightIndexNull RightMiddle1 RightMiddle2 RightMiddle3 RightMiddleNull RightRing1 RightRing2 RightRing3 RightRingNull RightPinky1 RightPinky2 RightPinky3 RightPinkyNull RightThumb1 RightThumb2 RightThumb3 RightThumbNull RightForeArm_Helper1 RightForeArm_Helper2 RightArm_Helper2 RightArm_Helper1</layer>
        </technique>
        <technique profile="FCOLLADA">
          <start_time>0</start_time>
          <end_time>1</end_time>
        </technique>
      </extra>
    </visual_scene>
  </library_visual_scenes>
  <scene>
    <instance_visual_scene url="#VisualSceneNode"/>
  </scene>
</COLLADA>
