<?xml version="1.0" encoding="utf-8"?>
<COLLADA xmlns="http://www.collada.org/2005/11/COLLADASchema" version="1.4.1">
  <asset>
    <contributor>
      <author>Peter_Marshall</author>
      <authoring_tool>Maya 7.0 | ColladaMaya v3.00 | FCollada v3.0</authoring_tool>
      <comments>Collada Maya Export Options: bakeTransforms=1;exportPolygonMeshes=1;bakeLighting=0;isSampling=1;
curveConstrainSampling=0;exportCameraAsLookat=0;
exportLights=0;exportCameras=0;exportJointsAndSkin=1;
exportAnimations=1;exportTriangles=0;exportInvisibleNodes=0;
exportNormals=1;exportTexCoords=1;exportVertexColors=0;exportTangents=1;
exportTexTangents=1;exportConstraints=0;exportPhysics=0;exportXRefs=0;
dereferenceXRefs=0;cameraXFov=0;cameraYFov=1</comments>
      <source_data>file:///D:/elephant/rear.ma</source_data>
    </contributor>
    <created>2007-04-25T17:29:52Z</created>
    <modified>2007-04-25T17:29:52Z</modified>
    <unit meter="1.000000" name="meter"/>
    <up_axis>Y_UP</up_axis>
  </asset>
  <library_animations>
    <animation id="Zou_CTL1_matrix">
      <source id="Zou_CTL1_matrix_Zou_CTL1_transform-input">
        <float_array id="Zou_CTL1_matrix_Zou_CTL1_transform-input-array" count="71">0 0.033333 0.066667 0.100000 0.133333 0.166667 0.200000 0.233333 0.266667 0.300000 0.333333 0.366667 0.400000 0.433333 0.466667 0.500000 0.533333 0.566667 0.600000 0.633333 0.666667 0.700000 0.733334 0.766667 0.800000 0.833334 0.866667 0.900000 0.933334 0.966667 1.000000 1.033334 1.066667 1.100000 1.133334 1.166667 1.200000 1.233333 1.266667 1.300000 1.333333 1.366667 1.400000 1.433333 1.466667 1.500000 1.533333 1.566666 1.600000 1.633333 1.666666 1.700000 1.733333 1.766666 1.800000 1.833333 1.866666 1.899999 1.933333 1.966666 1.999999 2.033333 2.066666 2.099999 2.133333 2.166666 2.199999 2.233333 2.266666 2.299999 2.333333</float_array>
        <technique_common>
          <accessor source="#Zou_CTL1_matrix_Zou_CTL1_transform-input-array" count="71" stride="1">
            <param name="TIME" type="float"/>
          </accessor>
        </technique_common>
        <technique profile="MAYA">
          <pre_infinity>CONSTANT</pre_infinity>
          <post_infinity>CONSTANT</post_infinity>
        </technique>
      </source>
      <source id="Zou_CTL1_matrix_Zou_CTL1_transform-output">
        <float_array id="Zou_CTL1_matrix_Zou_CTL1_transform-output-array" count="1136">0 0 1.000000 0.000000 0 1.000000 0 2.721298 -1.000000 0 0 0.130000 0 0 0 1.000000 0 -0.001178 0.999999 0.000000 0.004350 0.999990 0.001178 2.715719 -0.999990 0.004350 0.000005 0.125064 0 0 0 1.000000 0 -0.004189 0.999991 0.000000 0.015902 0.999865 0.004188 2.700739 -0.999874 0.015902 0.000067 0.111318 0 0 0 1.000000 -0.000000 -0.008247 0.999966 0.000000 0.032408 0.999441 0.008242 2.678983 -0.999475 0.032407 0.000267 0.090359 0 0 0 1.000000 -0.000000 -0.012566 0.999921 0.000000 0.051615 0.998588 0.012549 2.653083 -0.998667 0.051611 0.000648 0.063779 0 0 0 1.000000 -0.000000 -0.016362 0.999866 0.000000 0.071270 0.997323 0.016320 2.625666 -0.997457 0.071260 0.001166 0.033174 0 0 0 1.000000 -0.000000 -0.018849 0.999822 0.000000 0.089128 0.995843 0.018774 2.599363 -0.996020 0.089113 0.001680 0.000138 0 0 0 1.000000 -0.000000 -0.019241 0.999815 0.000000 0.102959 0.994501 0.019139 2.576802 -0.994686 0.102939 0.001981 -0.033734 0 0 0 1.000000 0 -0.016754 0.999860 0.000000 0.110543 0.993732 0.016652 2.560613 -0.993871 0.110528 0.001852 -0.066848 0 0 0 1.000000 -0.000000 -0.010603 0.999944 0.000000 0.109666 0.993913 0.010539 2.553423 -0.993968 0.109660 0.001163 -0.097609 0 0 0 1.000000 -0.000000 0 1.000000 0.000000 0.098089 0.995178 0 2.557864 -0.995177 0.098089 -0.000000 -0.124423 0 0 0 1.000000 0 0.017985 0.999838 0.000000 0.073862 0.997107 -0.017936 2.575529 -0.997268 0.073850 -0.001328 -0.149039 0 0 0 1.000000 -0.000000 0.044154 0.999025 0.000000 0.037580 0.998319 -0.044123 2.605178 -0.999294 0.037543 -0.001659 -0.174152 0 0 0 1.000000 -0.000000 0.076084 0.997101 0.000000 -0.009148 0.997060 -0.076081 2.645191 -0.999958 -0.009121 0.000696 -0.199580 0 0 0 1.000000 -0.000000 0.111330 0.993783 0.000000 -0.064609 0.991707 -0.111098 2.693943 -0.997910 -0.064208 0.007193 -0.225143 0 0 0 1.000000 0 0.147450 0.989070 0.000000 -0.126961 0.981066 -0.146257 2.749811 -0.991908 -0.125573 0.018720 -0.250660 0 0 0 1.000000 -0.000000 0.182030 0.983293 0.000000 -0.194231 0.964567 -0.178563 2.811176 -0.980956 -0.190986 0.035356 -0.275950 0 0 0 1.000000 -0.000000 0.212715 0.977114 0.000000 -0.264354 0.942354 -0.205148 2.876412 -0.964426 -0.258304 0.056232 -0.300832 0 0 0 1.000000 0 0.237222 0.971455 0.000000 -0.335240 0.915240 -0.223495 2.943900 -0.942132 -0.325671 0.079527 -0.325126 0 0 0 1.000000 0 0.253328 0.967380 0.000000 -0.404861 0.884551 -0.231637 3.012014 -0.914378 -0.391655 0.102562 -0.348652 0 0 0 1.000000 -0.000000 0.258819 0.965926 0.000000 -0.471339 0.851900 -0.228266 3.079134 -0.881952 -0.455278 0.121991 -0.371227 0 0 0 1.000000 -0.000000 0.250803 0.968038 0.000000 -0.533030 0.819054 -0.212204 3.143637 -0.846096 -0.515993 0.133685 -0.392673 0 0 0 1.000000 0 0.229187 0.973382 0.000000 -0.588586 0.786916 -0.185282 3.203900 -0.808435 -0.572919 0.134896 -0.412807 0 0 0 1.000000 -0.000000 0.195878 0.980628 0.000000 -0.636981 0.755946 -0.150998 3.258301 -0.770879 -0.624642 0.124770 -0.431449 0 0 0 1.000000 -0.000000 0.152797 0.988258 0.000000 -0.677496 0.726889 -0.112386 3.305217 -0.735526 -0.669541 0.103519 -0.448419 0 0 0 1.000000 -0.000000 0.101957 0.994789 0.000000 -0.709660 0.700873 -0.071833 3.343026 -0.704544 -0.705962 0.072354 -0.463536 0 0 0 1.000000 -0.000000 0.045502 0.998964 0.000000 -0.736356 0.675893 -0.030787 3.374882 -0.676594 -0.735594 0.033506 -0.478186 0 0 0 1.000000 -0.000000 -0.014293 0.999898 0.000000 -0.760690 0.649049 0.009278 3.404944 -0.649116 -0.760612 -0.010873 -0.493695 0 0 0 1.000000 -0.000000 -0.075074 0.997178 0.000000 -0.782663 0.620688 0.046729 3.433099 -0.622445 -0.780455 -0.058758 -0.509793 0 0 0 1.000000 0 -0.134471 0.990918 0.000000 -0.802304 0.591494 0.080267 3.459236 -0.596915 -0.795017 -0.107886 -0.526207 0 0 0 1.000000 0 -0.190175 0.981750 0.000000 -0.819657 0.562400 0.108942 3.483242 -0.572855 -0.804699 -0.155878 -0.542667 0 0 0 1.000000 0 -0.240005 0.970772 0.000000 -0.834781 0.534490 0.132142 3.505005 -0.550583 -0.810381 -0.200351 -0.558901 0 0 0 1.000000 0 -0.281940 0.959432 0.000000 -0.847741 0.508892 0.149543 3.524413 -0.530410 -0.813350 -0.239012 -0.574638 0 0 0 1.000000 0 -0.314108 0.949387 0.000000 -0.858608 0.486687 0.161022 3.541354 -0.512632 -0.815152 -0.269696 -0.589606 0 0 0 1.000000 0 -0.334730 0.942314 0.000000 -0.867444 0.468834 0.166540 3.555714 -0.497535 -0.817405 -0.290360 -0.603535 0 0 0 1.000000 0 -0.342020 0.939692 0.000000 -0.874301 0.456111 0.166011 3.567383 -0.485383 -0.821575 -0.299029 -0.616152 0 0 0 1.000000 0 -0.335732 0.941958 0.000000 -0.879213 0.448776 0.159952 3.576247 -0.476429 -0.828181 -0.295180 -0.627186 0 0 0 1.000000 0 -0.317853 0.948140 0.000000 -0.882184 0.446483 0.149678 3.582194 -0.470904 -0.836434 -0.280405 -0.636367 0 0 0 1.000000 0 -0.289796 0.957089 0.000000 -0.883188 0.448893 0.135920 3.585114 -0.469019 -0.845289 -0.255944 -0.643422 0 0 0 1.000000 -0.000000 -0.252952 0.967479 0.000000 -0.882418 0.455167 0.119005 3.584891 -0.470467 -0.853720 -0.223210 -0.648080 0 0 0 1.000000 0 -0.208770 0.977965 0.000000 -0.880024 0.464464 0.099151 3.581416 -0.474930 -0.860632 -0.183723 -0.650071 0 0 0 1.000000 0 -0.158798 0.987311 0.000000 -0.875855 0.476450 0.076632 3.574574 -0.482574 -0.864742 -0.139084 -0.649122 0 0 0 1.000000 0 -0.104709 0.994503 0.000000 -0.869722 0.490829 0.051678 3.564255 -0.493542 -0.864941 -0.091067 -0.644962 0 0 0 1.000000 0 -0.048281 0.998834 0.000000 -0.861387 0.507357 0.024524 3.550346 -0.507949 -0.860382 -0.041589 -0.637320 0 0 0 1.000000 0 0.008627 0.999963 0.000000 -0.850562 0.525855 -0.004537 3.532734 -0.525874 -0.850531 0.007338 -0.625925 0 0 0 1.000000 0 0.064136 0.997941 0.000000 -0.836903 0.546225 -0.035105 3.511308 -0.547351 -0.835180 0.053675 -0.610505 0 0 0 1.000000 0 0.116394 0.993203 0.000000 -0.820003 0.568469 -0.066619 3.485955 -0.572360 -0.814429 0.095443 -0.590789 0 0 0 1.000000 0 0.163621 0.986523 0.000000 -0.799392 0.592713 -0.098305 3.456562 -0.600810 -0.788619 0.130797 -0.566505 0 0 0 1.000000 0 0.204140 0.978942 0.000000 -0.774537 0.619208 -0.129124 3.423018 -0.632528 -0.758227 0.158114 -0.537383 0 0 0 1.000000 0 0.236373 0.971662 0.000000 -0.744843 0.648331 -0.157718 3.385210 -0.667239 -0.723736 0.176061 -0.503150 0 0 0 1.000000 0 0.258819 0.965926 0.000000 -0.709660 0.680538 -0.182350 3.343026 -0.704544 -0.685479 0.183673 -0.463536 0 0 0 1.000000 -0.000000 0.272356 0.962197 0.000000 -0.664336 0.719179 -0.203568 3.292444 -0.747434 -0.639222 0.180936 -0.415247 0 0 0 1.000000 0 0.279314 0.960200 0.000000 -0.605392 0.764249 -0.222314 3.231471 -0.795927 -0.581298 0.169095 -0.357039 0 0 0 1.000000 0 0.280366 0.959893 0.000000 -0.534426 0.811316 -0.236970 3.163036 -0.845215 -0.512992 0.149835 -0.291707 0 0 0 1.000000 -0.000000 0.276149 0.961115 0.000000 -0.453926 0.856391 -0.246059 3.090072 -0.891039 -0.436275 0.125351 -0.222052 0 0 0 1.000000 -0.000000 0.267276 0.963620 0.000000 -0.367317 0.896259 -0.248592 3.015509 -0.930096 -0.353954 0.098175 -0.150870 0 0 0 1.000000 0 0.254349 0.967113 0.000000 -0.278806 0.928764 -0.244263 2.942278 -0.960347 -0.269636 0.070914 -0.080960 0 0 0 1.000000 -0.000000 0.237965 0.971274 0.000000 -0.193080 0.952997 -0.233487 2.873311 -0.981183 -0.187533 0.045946 -0.015120 0 0 0 1.000000 0 0.218727 0.975786 0.000000 -0.114969 0.969316 -0.217277 2.811538 -0.993369 -0.112185 0.025147 0.043852 0 0 0 1.000000 0 0.197249 0.980353 0.000000 -0.049153 0.979168 -0.197011 2.759889 -0.998791 -0.048188 0.009695 0.093158 0 0 0 1.000000 0 0.174160 0.984717 0.000000 0 0.984717 -0.174160 2.721298 -1.000000 0 0 0.130000 0 0 0 1.000000 0 0.150101 0.988671 0.000000 0.031950 0.988166 -0.150024 2.696117 -0.999489 0.031588 -0.004796 0.154038 0 0 0 1.000000 0 0.125729 0.992065 0.000000 0.050476 0.990800 -0.125569 2.681507 -0.998725 0.050075 -0.006346 0.167986 0 0 0 1.000000 -0.000000 0.101711 0.994814 0.000000 0.057960 0.993141 -0.101540 2.675601 -0.998319 0.057659 -0.005895 0.173624 0 0 0 1.000000 -0.000000 0.078720 0.996897 0.000000 0.056778 0.995288 -0.078593 2.676534 -0.998387 0.056602 -0.004470 0.172734 0 0 0 1.000000 0 0.057432 0.998349 0.000000 0.049294 0.997136 -0.057362 2.682440 -0.998784 0.049212 -0.002831 0.167096 0 0 0 1.000000 0 0.038521 0.999258 0.000000 0.037864 0.998541 -0.038493 2.691455 -0.999283 0.037836 -0.001459 0.158489 0 0 0 1.000000 0 0.022658 0.999743 0.000000 0.024852 0.999434 -0.022651 2.701714 -0.999691 0.024845 -0.000563 0.148696 0 0 0 1.000000 -0.000000 0.010509 0.999945 0.000000 0.012624 0.999865 -0.010508 2.711350 -0.999920 0.012623 -0.000133 0.139496 0 0 0 1.000000 0 0.002737 0.999996 0.000000 0.003551 0.999990 -0.002737 2.718500 -0.999994 0.003551 -0.000010 0.132671 0 0 0 1.000000 0 0 1.000000 0.000000 0 1.000000 0 2.721298 -1.000000 0 0 0.130000 0 0 0 1.000000</float_array>
        <technique_common>
          <accessor source="#Zou_CTL1_matrix_Zou_CTL1_transform-output-array" count="71" stride="16">
            <param name="TRANSFORM" type="float4x4"/>
          </accessor>
        </technique_common>
      </source>
      <source id="Zou_CTL1_matrix_Zou_CTL1_transform-interpolations">
        <Name_array id="Zou_CTL1_matrix_Zou_CTL1_transform-interpolations-array" count="71">LINEAR LINEAR LINEAR LINEAR LINEAR LINEAR LINEAR LINEAR LINEAR LINEAR LINEAR LINEAR LINEAR LINEAR LINEAR LINEAR LINEAR LINEAR LINEAR LINEAR LINEAR LINEAR LINEAR LINEAR LINEAR LINEAR LINEAR LINEAR LINEAR LINEAR LINEAR LINEAR LINEAR LINEAR LINEAR LINEAR LINEAR LINEAR LINEAR LINEAR LINEAR LINEAR LINEAR LINEAR LINEAR LINEAR LINEAR LINEAR LINEAR LINEAR LINEAR LINEAR LINEAR LINEAR LINEAR LINEAR LINEAR LINEAR LINEAR LINEAR LINEAR LINEAR LINEAR LINEAR LINEAR LINEAR LINEAR LINEAR LINEAR LINEAR LINEAR</Name_array>
        <technique_common>
          <accessor source="#Zou_CTL1_matrix_Zou_CTL1_transform-interpolations-array" count="71" stride="1">
            <param name="INTERPOLATION" type="Name"/>
          </accessor>
        </technique_common>
      </source>
      <sampler id="Zou_CTL1_matrix_Zou_CTL1_transform-sampler">
        <input semantic="INPUT" source="#Zou_CTL1_matrix_Zou_CTL1_transform-input"/>
        <input semantic="OUTPUT" source="#Zou_CTL1_matrix_Zou_CTL1_transform-output"/>
        <input semantic="INTERPOLATION" source="#Zou_CTL1_matrix_Zou_CTL1_transform-interpolations"/>
      </sampler>
      <channel source="#Zou_CTL1_matrix_Zou_CTL1_transform-sampler" target="Zou_CTL1/transform"/>
    </animation>
    <animation id="Zou_CTL_matrix">
      <source id="Zou_CTL_matrix_Zou_CTL_transform-input">
        <float_array id="Zou_CTL_matrix_Zou_CTL_transform-input-array" count="71">0 0.033333 0.066667 0.100000 0.133333 0.166667 0.200000 0.233333 0.266667 0.300000 0.333333 0.366667 0.400000 0.433333 0.466667 0.500000 0.533333 0.566667 0.600000 0.633333 0.666667 0.700000 0.733334 0.766667 0.800000 0.833334 0.866667 0.900000 0.933334 0.966667 1.000000 1.033334 1.066667 1.100000 1.133334 1.166667 1.200000 1.233333 1.266667 1.300000 1.333333 1.366667 1.400000 1.433333 1.466667 1.500000 1.533333 1.566666 1.600000 1.633333 1.666666 1.700000 1.733333 1.766666 1.800000 1.833333 1.866666 1.899999 1.933333 1.966666 1.999999 2.033333 2.066666 2.099999 2.133333 2.166666 2.199999 2.233333 2.266666 2.299999 2.333333</float_array>
        <technique_common>
          <accessor source="#Zou_CTL_matrix_Zou_CTL_transform-input-array" count="71" stride="1">
            <param name="TIME" type="float"/>
          </accessor>
        </technique_common>
        <technique profile="MAYA">
          <pre_infinity>CONSTANT</pre_infinity>
          <post_infinity>CONSTANT</post_infinity>
        </technique>
      </source>
      <source id="Zou_CTL_matrix_Zou_CTL_transform-output">
        <float_array id="Zou_CTL_matrix_Zou_CTL_transform-output-array" count="1136">0 0 1.000000 0.000000 0 1.000000 0 2.721298 -1.000000 0 0 0.130000 0 0 0 1.000000 0 -0.001178 0.999999 0.000000 0.004350 0.999990 0.001178 2.715719 -0.999990 0.004350 0.000005 0.125064 0 0 0 1.000000 0 -0.004189 0.999991 0.000000 0.015902 0.999865 0.004188 2.700739 -0.999874 0.015902 0.000067 0.111318 0 0 0 1.000000 -0.000000 -0.008247 0.999966 0.000000 0.032408 0.999441 0.008242 2.678983 -0.999475 0.032407 0.000267 0.090359 0 0 0 1.000000 -0.000000 -0.012566 0.999921 0.000000 0.051615 0.998588 0.012549 2.653083 -0.998667 0.051611 0.000648 0.063779 0 0 0 1.000000 -0.000000 -0.016362 0.999866 0.000000 0.071270 0.997323 0.016320 2.625666 -0.997457 0.071260 0.001166 0.033174 0 0 0 1.000000 -0.000000 -0.018849 0.999822 0.000000 0.089128 0.995843 0.018774 2.599363 -0.996020 0.089113 0.001680 0.000138 0 0 0 1.000000 -0.000000 -0.019241 0.999815 0.000000 0.102959 0.994501 0.019139 2.576802 -0.994686 0.102939 0.001981 -0.033734 0 0 0 1.000000 0 -0.016754 0.999860 0.000000 0.110543 0.993732 0.016652 2.560613 -0.993871 0.110528 0.001852 -0.066848 0 0 0 1.000000 -0.000000 -0.010603 0.999944 0.000000 0.109666 0.993913 0.010539 2.553423 -0.993968 0.109660 0.001163 -0.097609 0 0 0 1.000000 -0.000000 0 1.000000 0.000000 0.098089 0.995178 0 2.557864 -0.995177 0.098089 -0.000000 -0.124423 0 0 0 1.000000 0 0.017985 0.999838 0.000000 0.073862 0.997107 -0.017936 2.575529 -0.997268 0.073850 -0.001328 -0.149039 0 0 0 1.000000 -0.000000 0.044154 0.999025 0.000000 0.037580 0.998319 -0.044123 2.605178 -0.999294 0.037543 -0.001659 -0.174152 0 0 0 1.000000 -0.000000 0.076084 0.997101 0.000000 -0.009148 0.997060 -0.076081 2.645191 -0.999958 -0.009121 0.000696 -0.199580 0 0 0 1.000000 -0.000000 0.111330 0.993783 0.000000 -0.064609 0.991707 -0.111098 2.693943 -0.997910 -0.064208 0.007193 -0.225143 0 0 0 1.000000 0 0.147450 0.989070 0.000000 -0.126961 0.981066 -0.146257 2.749811 -0.991908 -0.125573 0.018720 -0.250660 0 0 0 1.000000 -0.000000 0.182030 0.983293 0.000000 -0.194231 0.964567 -0.178563 2.811176 -0.980956 -0.190986 0.035356 -0.275950 0 0 0 1.000000 -0.000000 0.212715 0.977114 0.000000 -0.264354 0.942354 -0.205148 2.876412 -0.964426 -0.258304 0.056232 -0.300832 0 0 0 1.000000 0 0.237222 0.971455 0.000000 -0.335240 0.915240 -0.223495 2.943900 -0.942132 -0.325671 0.079527 -0.325126 0 0 0 1.000000 0 0.253328 0.967380 0.000000 -0.404861 0.884551 -0.231637 3.012014 -0.914378 -0.391655 0.102562 -0.348652 0 0 0 1.000000 -0.000000 0.258819 0.965926 0.000000 -0.471339 0.851900 -0.228266 3.079134 -0.881952 -0.455278 0.121991 -0.371227 0 0 0 1.000000 -0.000000 0.250803 0.968038 0.000000 -0.533030 0.819054 -0.212204 3.143637 -0.846096 -0.515993 0.133685 -0.392673 0 0 0 1.000000 0 0.229187 0.973382 0.000000 -0.588586 0.786916 -0.185282 3.203900 -0.808435 -0.572919 0.134896 -0.412807 0 0 0 1.000000 -0.000000 0.195878 0.980628 0.000000 -0.636981 0.755946 -0.150998 3.258301 -0.770879 -0.624642 0.124770 -0.431449 0 0 0 1.000000 -0.000000 0.152797 0.988258 0.000000 -0.677496 0.726889 -0.112386 3.305217 -0.735526 -0.669541 0.103519 -0.448419 0 0 0 1.000000 -0.000000 0.101957 0.994789 0.000000 -0.709660 0.700873 -0.071833 3.343026 -0.704544 -0.705962 0.072354 -0.463536 0 0 0 1.000000 -0.000000 0.045502 0.998964 0.000000 -0.736356 0.675893 -0.030787 3.374882 -0.676594 -0.735594 0.033506 -0.478186 0 0 0 1.000000 -0.000000 -0.014293 0.999898 0.000000 -0.760690 0.649049 0.009278 3.404944 -0.649116 -0.760612 -0.010873 -0.493695 0 0 0 1.000000 -0.000000 -0.075074 0.997178 0.000000 -0.782663 0.620688 0.046729 3.433099 -0.622445 -0.780455 -0.058758 -0.509793 0 0 0 1.000000 0 -0.134471 0.990918 0.000000 -0.802304 0.591494 0.080267 3.459236 -0.596915 -0.795017 -0.107886 -0.526207 0 0 0 1.000000 0 -0.190175 0.981750 0.000000 -0.819657 0.562400 0.108942 3.483242 -0.572855 -0.804699 -0.155878 -0.542667 0 0 0 1.000000 0 -0.240005 0.970772 0.000000 -0.834781 0.534490 0.132142 3.505005 -0.550583 -0.810381 -0.200351 -0.558901 0 0 0 1.000000 0 -0.281940 0.959432 0.000000 -0.847741 0.508892 0.149543 3.524413 -0.530410 -0.813350 -0.239012 -0.574638 0 0 0 1.000000 0 -0.314108 0.949387 0.000000 -0.858608 0.486687 0.161022 3.541354 -0.512632 -0.815152 -0.269696 -0.589606 0 0 0 1.000000 0 -0.334730 0.942314 0.000000 -0.867444 0.468834 0.166540 3.555714 -0.497535 -0.817405 -0.290360 -0.603535 0 0 0 1.000000 0 -0.342020 0.939692 0.000000 -0.874301 0.456111 0.166011 3.567383 -0.485383 -0.821575 -0.299029 -0.616152 0 0 0 1.000000 0 -0.335732 0.941958 0.000000 -0.879213 0.448776 0.159952 3.576247 -0.476429 -0.828181 -0.295180 -0.627186 0 0 0 1.000000 0 -0.317853 0.948140 0.000000 -0.882184 0.446483 0.149678 3.582194 -0.470904 -0.836434 -0.280405 -0.636367 0 0 0 1.000000 0 -0.289796 0.957089 0.000000 -0.883188 0.448893 0.135920 3.585114 -0.469019 -0.845289 -0.255944 -0.643422 0 0 0 1.000000 -0.000000 -0.252952 0.967479 0.000000 -0.882418 0.455167 0.119005 3.584891 -0.470467 -0.853720 -0.223210 -0.648080 0 0 0 1.000000 0 -0.208770 0.977965 0.000000 -0.880024 0.464464 0.099151 3.581416 -0.474930 -0.860632 -0.183723 -0.650071 0 0 0 1.000000 0 -0.158798 0.987311 0.000000 -0.875855 0.476450 0.076632 3.574574 -0.482574 -0.864742 -0.139084 -0.649122 0 0 0 1.000000 0 -0.104709 0.994503 0.000000 -0.869722 0.490829 0.051678 3.564255 -0.493542 -0.864941 -0.091067 -0.644962 0 0 0 1.000000 0 -0.048281 0.998834 0.000000 -0.861387 0.507357 0.024524 3.550346 -0.507949 -0.860382 -0.041589 -0.637320 0 0 0 1.000000 0 0.008627 0.999963 0.000000 -0.850562 0.525855 -0.004537 3.532734 -0.525874 -0.850531 0.007338 -0.625925 0 0 0 1.000000 0 0.064136 0.997941 0.000000 -0.836903 0.546225 -0.035105 3.511308 -0.547351 -0.835180 0.053675 -0.610505 0 0 0 1.000000 0 0.116394 0.993203 0.000000 -0.820003 0.568469 -0.066619 3.485955 -0.572360 -0.814429 0.095443 -0.590789 0 0 0 1.000000 0 0.163621 0.986523 0.000000 -0.799392 0.592713 -0.098305 3.456562 -0.600810 -0.788619 0.130797 -0.566505 0 0 0 1.000000 0 0.204140 0.978942 0.000000 -0.774537 0.619208 -0.129124 3.423018 -0.632528 -0.758227 0.158114 -0.537383 0 0 0 1.000000 0 0.236373 0.971662 0.000000 -0.744843 0.648331 -0.157718 3.385210 -0.667239 -0.723736 0.176061 -0.503150 0 0 0 1.000000 0 0.258819 0.965926 0.000000 -0.709660 0.680538 -0.182350 3.343026 -0.704544 -0.685479 0.183673 -0.463536 0 0 0 1.000000 -0.000000 0.272356 0.962197 0.000000 -0.664336 0.719179 -0.203568 3.292444 -0.747434 -0.639222 0.180936 -0.415247 0 0 0 1.000000 0 0.279314 0.960200 0.000000 -0.605392 0.764249 -0.222314 3.231471 -0.795927 -0.581298 0.169095 -0.357039 0 0 0 1.000000 0 0.280366 0.959893 0.000000 -0.534426 0.811316 -0.236970 3.163036 -0.845215 -0.512992 0.149835 -0.291707 0 0 0 1.000000 -0.000000 0.276149 0.961115 0.000000 -0.453926 0.856391 -0.246059 3.090072 -0.891039 -0.436275 0.125351 -0.222052 0 0 0 1.000000 -0.000000 0.267276 0.963620 0.000000 -0.367317 0.896259 -0.248592 3.015509 -0.930096 -0.353954 0.098175 -0.150870 0 0 0 1.000000 0 0.254349 0.967113 0.000000 -0.278806 0.928764 -0.244263 2.942278 -0.960347 -0.269636 0.070914 -0.080960 0 0 0 1.000000 -0.000000 0.237965 0.971274 0.000000 -0.193080 0.952997 -0.233487 2.873311 -0.981183 -0.187533 0.045946 -0.015120 0 0 0 1.000000 0 0.218727 0.975786 0.000000 -0.114969 0.969316 -0.217277 2.811538 -0.993369 -0.112185 0.025147 0.043852 0 0 0 1.000000 0 0.197249 0.980353 0.000000 -0.049153 0.979168 -0.197011 2.759889 -0.998791 -0.048188 0.009695 0.093158 0 0 0 1.000000 0 0.174160 0.984717 0.000000 0 0.984717 -0.174160 2.721298 -1.000000 0 0 0.130000 0 0 0 1.000000 0 0.150101 0.988671 0.000000 0.031950 0.988166 -0.150024 2.696117 -0.999489 0.031588 -0.004796 0.154038 0 0 0 1.000000 0 0.125729 0.992065 0.000000 0.050476 0.990800 -0.125569 2.681507 -0.998725 0.050075 -0.006346 0.167986 0 0 0 1.000000 -0.000000 0.101711 0.994814 0.000000 0.057960 0.993141 -0.101540 2.675601 -0.998319 0.057659 -0.005895 0.173624 0 0 0 1.000000 -0.000000 0.078720 0.996897 0.000000 0.056778 0.995288 -0.078593 2.676534 -0.998387 0.056602 -0.004470 0.172734 0 0 0 1.000000 0 0.057432 0.998349 0.000000 0.049294 0.997136 -0.057362 2.682440 -0.998784 0.049212 -0.002831 0.167096 0 0 0 1.000000 0 0.038521 0.999258 0.000000 0.037864 0.998541 -0.038493 2.691455 -0.999283 0.037836 -0.001459 0.158489 0 0 0 1.000000 0 0.022658 0.999743 0.000000 0.024852 0.999434 -0.022651 2.701714 -0.999691 0.024845 -0.000563 0.148696 0 0 0 1.000000 -0.000000 0.010509 0.999945 0.000000 0.012624 0.999865 -0.010508 2.711350 -0.999920 0.012623 -0.000133 0.139496 0 0 0 1.000000 0 0.002737 0.999996 0.000000 0.003551 0.999990 -0.002737 2.718500 -0.999994 0.003551 -0.000010 0.132671 0 0 0 1.000000 0 0 1.000000 0.000000 0 1.000000 0 2.721298 -1.000000 0 0 0.130000 0 0 0 1.000000</float_array>
        <technique_common>
          <accessor source="#Zou_CTL_matrix_Zou_CTL_transform-output-array" count="71" stride="16">
            <param name="TRANSFORM" type="float4x4"/>
          </accessor>
        </technique_common>
      </source>
      <source id="Zou_CTL_matrix_Zou_CTL_transform-interpolations">
        <Name_array id="Zou_CTL_matrix_Zou_CTL_transform-interpolations-array" count="71">LINEAR LINEAR LINEAR LINEAR LINEAR LINEAR LINEAR LINEAR LINEAR LINEAR LINEAR LINEAR LINEAR LINEAR LINEAR LINEAR LINEAR LINEAR LINEAR LINEAR LINEAR LINEAR LINEAR LINEAR LINEAR LINEAR LINEAR LINEAR LINEAR LINEAR LINEAR LINEAR LINEAR LINEAR LINEAR LINEAR LINEAR LINEAR LINEAR LINEAR LINEAR LINEAR LINEAR LINEAR LINEAR LINEAR LINEAR LINEAR LINEAR LINEAR LINEAR LINEAR LINEAR LINEAR LINEAR LINEAR LINEAR LINEAR LINEAR LINEAR LINEAR LINEAR LINEAR LINEAR LINEAR LINEAR LINEAR LINEAR LINEAR LINEAR LINEAR</Name_array>
        <technique_common>
          <accessor source="#Zou_CTL_matrix_Zou_CTL_transform-interpolations-array" count="71" stride="1">
            <param name="INTERPOLATION" type="Name"/>
          </accessor>
        </technique_common>
      </source>
      <sampler id="Zou_CTL_matrix_Zou_CTL_transform-sampler">
        <input semantic="INPUT" source="#Zou_CTL_matrix_Zou_CTL_transform-input"/>
        <input semantic="OUTPUT" source="#Zou_CTL_matrix_Zou_CTL_transform-output"/>
        <input semantic="INTERPOLATION" source="#Zou_CTL_matrix_Zou_CTL_transform-interpolations"/>
      </sampler>
      <channel source="#Zou_CTL_matrix_Zou_CTL_transform-sampler" target="Zou_CTL/transform"/>
    </animation>
    <animation id="Bip01_matrix">
      <source id="Bip01_matrix_Bip01_transform-input">
        <float_array id="Bip01_matrix_Bip01_transform-input-array" count="71">0 0.033333 0.066667 0.100000 0.133333 0.166667 0.200000 0.233333 0.266667 0.300000 0.333333 0.366667 0.400000 0.433333 0.466667 0.500000 0.533333 0.566667 0.600000 0.633333 0.666667 0.700000 0.733334 0.766667 0.800000 0.833334 0.866667 0.900000 0.933334 0.966667 1.000000 1.033334 1.066667 1.100000 1.133334 1.166667 1.200000 1.233333 1.266667 1.300000 1.333333 1.366667 1.400000 1.433333 1.466667 1.500000 1.533333 1.566666 1.600000 1.633333 1.666666 1.700000 1.733333 1.766666 1.800000 1.833333 1.866666 1.899999 1.933333 1.966666 1.999999 2.033333 2.066666 2.099999 2.133333 2.166666 2.199999 2.233333 2.266666 2.299999 2.333333</float_array>
        <technique_common>
          <accessor source="#Bip01_matrix_Bip01_transform-input-array" count="71" stride="1">
            <param name="TIME" type="float"/>
          </accessor>
        </technique_common>
        <technique profile="MAYA">
          <pre_infinity>CONSTANT</pre_infinity>
          <post_infinity>CONSTANT</post_infinity>
        </technique>
      </source>
      <source id="Bip01_matrix_Bip01_transform-output">
        <float_array id="Bip01_matrix_Bip01_transform-output-array" count="1136">0 0.000001 -1.000000 1.341382 -1.000000 0 0 -0.305588 0 1.000000 0.000001 -0.000000 0 0 0 1.000000 0 0.000001 -1.000000 1.341382 -1.000000 0 0 -0.305588 0 1.000000 0.000001 -0.000000 0 0 0 1.000000 0 0.000001 -1.000000 1.341382 -1.000000 0 0 -0.305589 0 1.000000 0.000001 -0.000000 0 0 0 1.000000 0 0.000001 -1.000000 1.341382 -1.000000 0 0 -0.305589 0 1.000000 0.000001 -0.000000 0 0 0 1.000000 0 0.000001 -1.000000 1.341382 -1.000000 0 0 -0.305588 0 1.000000 0.000001 -0.000000 0 0 0 1.000000 0 0.000001 -1.000000 1.341382 -1.000000 0 0 -0.305588 0 1.000000 0.000001 -0.000000 0 0 0 1.000000 0 0.000001 -1.000000 1.341382 -1.000000 0 0 -0.305588 0 1.000000 0.000001 -0.000000 0 0 0 1.000000 0 0.000001 -1.000000 1.341382 -1.000000 0 0 -0.305589 0 1.000000 0.000001 -0.000000 0 0 0 1.000000 0 0.000001 -1.000000 1.341382 -1.000000 0 0 -0.305588 0 1.000000 0.000001 -0.000000 0 0 0 1.000000 0 0.000001 -1.000000 1.341382 -1.000000 0 0 -0.305588 0 1.000000 0.000001 -0.000000 0 0 0 1.000000 0 0.000001 -1.000000 1.341382 -1.000000 0 0 -0.305588 0 1.000000 0.000001 -0.000000 0 0 0 1.000000 0 0.000001 -1.000000 1.341382 -1.000000 0 0 -0.305588 0 1.000000 0.000001 -0.000000 0 0 0 1.000000 0 0.000001 -1.000000 1.341382 -1.000000 0 0 -0.305588 0 1.000000 0.000001 -0.000000 0 0 0 1.000000 0 0.000001 -1.000000 1.341382 -1.000000 -0.000000 0 -0.305589 -0.000000 1.000000 0.000001 0 0 0 0 1.000000 0 0.000001 -1.000000 1.341382 -1.000000 0 0 -0.305589 0 1.000000 0.000001 -0.000000 0 0 0 1.000000 0 0.000001 -1.000000 1.341382 -1.000000 0 0 -0.305588 0 1.000000 0.000001 -0.000000 0 0 0 1.000000 0 0.000001 -1.000000 1.341382 -1.000000 0 0 -0.305588 -0.000000 1.000000 0.000001 -0.000000 0 0 0 1.000000 0 0.000001 -1.000000 1.341382 -1.000000 0 0 -0.305589 0 1.000000 0.000001 -0.000000 0 0 0 1.000000 0 0.000001 -1.000000 1.341382 -1.000000 0 0 -0.305589 0 1.000000 0.000001 0 0 0 0 1.000000 -0.000000 0.000001 -1.000000 1.341382 -1.000000 0 0.000000 -0.305588 0 1.000000 0.000001 -0.000000 0 0 0 1.000000 0.000000 0.000001 -1.000000 1.341381 -1.000000 0 -0.000000 -0.305588 0 1.000000 0.000001 -0.000000 0 0 0 1.000000 -0.000000 0.000001 -1.000000 1.341382 -1.000000 0 0.000000 -0.305588 0 1.000000 0.000001 -0.000000 0 0 0 1.000000 0.000000 0.000001 -1.000000 1.341381 -1.000000 0 -0.000000 -0.305589 0 1.000000 0.000001 -0.000000 0 0 0 1.000000 0.000000 0.000001 -1.000000 1.341382 -1.000000 0 -0.000000 -0.305588 0 1.000000 0.000001 -0.000000 0 0 0 1.000000 0.000000 0.000001 -1.000000 1.341382 -1.000000 0 -0.000000 -0.305589 0 1.000000 0.000001 -0.000000 0 0 0 1.000000 0 0.000001 -1.000000 1.341382 -1.000000 0 0 -0.305588 0 1.000000 0.000001 -0.000000 0 0 0 1.000000 0.000000 0.000001 -1.000000 1.341381 -1.000000 0 -0.000000 -0.305588 0 1.000000 0.000001 -0.000000 0 0 0 1.000000 0 0.000001 -1.000000 1.341382 -1.000000 0 0 -0.305588 0 1.000000 0.000001 -0.000000 0 0 0 1.000000 0 0.000001 -1.000000 1.341382 -1.000000 0 0 -0.305588 0 1.000000 0.000001 -0.000000 0 0 0 1.000000 0.000000 0.000001 -1.000000 1.341381 -1.000000 0 -0.000000 -0.305588 0 1.000000 0.000001 -0.000000 0 0 0 1.000000 0 0.000001 -1.000000 1.341382 -1.000000 0 0 -0.305588 0 1.000000 0.000001 -0.000001 0 0 0 1.000000 -0.000000 0.000001 -1.000000 1.341382 -1.000000 -0.000000 0.000000 -0.305588 -0.000000 1.000000 0.000001 0 0 0 0 1.000000 0.000000 0.000001 -1.000000 1.341382 -1.000000 0 -0.000000 -0.305589 -0.000000 1.000000 0.000001 -0.000000 0 0 0 1.000000 0 0.000001 -1.000000 1.341382 -1.000000 0 0 -0.305588 0 1.000000 0.000001 -0.000000 0 0 0 1.000000 0 0.000001 -1.000000 1.341382 -1.000000 0 0 -0.305588 0 1.000000 0.000001 -0.000000 0 0 0 1.000000 0 0.000001 -1.000000 1.341382 -1.000000 0 0 -0.305588 0 1.000000 0.000001 -0.000000 0 0 0 1.000000 0.000000 0.000001 -1.000000 1.341382 -1.000000 -0.000000 -0.000000 -0.305589 -0.000000 1.000000 0.000001 0 0 0 0 1.000000 0 0.000001 -1.000000 1.341382 -1.000000 0 0 -0.305588 0 1.000000 0.000001 -0.000000 0 0 0 1.000000 0 0.000001 -1.000000 1.341382 -1.000000 0 0 -0.305589 0 1.000000 0.000001 -0.000000 0 0 0 1.000000 0 0.000001 -1.000000 1.341382 -1.000000 0 0 -0.305588 0 1.000000 0.000001 0 0 0 0 1.000000 0.000000 0.000001 -1.000000 1.341382 -1.000000 0 -0.000000 -0.305588 0 1.000000 0.000001 -0.000000 0 0 0 1.000000 0 0.000001 -1.000000 1.341382 -1.000000 0 0 -0.305588 0 1.000000 0.000001 -0.000000 0 0 0 1.000000 0 0.000001 -1.000000 1.341382 -1.000000 0 0 -0.305589 0 1.000000 0.000001 -0.000000 0 0 0 1.000000 0 0.000001 -1.000000 1.341382 -1.000000 0 0 -0.305588 0 1.000000 0.000001 -0.000000 0 0 0 1.000000 0 0.000001 -1.000000 1.341382 -1.000000 0 0 -0.305589 0 1.000000 0.000001 -0.000000 0 0 0 1.000000 0.000000 0.000001 -1.000000 1.341382 -1.000000 0 -0.000000 -0.305588 0 1.000000 0.000001 -0.000000 0 0 0 1.000000 0 0.000001 -1.000000 1.341382 -1.000000 0 0 -0.305589 0 1.000000 0.000001 -0.000000 0 0 0 1.000000 0 0.000001 -1.000000 1.341382 -1.000000 0 0 -0.305588 0 1.000000 0.000001 -0.000000 0 0 0 1.000000 0.000000 0.000001 -1.000000 1.341381 -1.000000 0 -0.000000 -0.305589 0 1.000000 0.000001 -0.000000 0 0 0 1.000000 0 0.000001 -1.000000 1.341382 -1.000000 0 0 -0.305588 0 1.000000 0.000001 -0.000000 0 0 0 1.000000 -0.000000 0.000001 -1.000000 1.341382 -1.000000 0 0.000000 -0.305588 0 1.000000 0.000001 -0.000000 0 0 0 1.000000 0 0.000001 -1.000000 1.341382 -1.000000 0 0 -0.305588 0 1.000000 0.000001 -0.000000 0 0 0 1.000000 0.000000 0.000001 -1.000000 1.341382 -1.000000 0 -0.000000 -0.305588 0 1.000000 0.000001 -0.000000 0 0 0 1.000000 0.000000 0.000001 -1.000000 1.341382 -1.000000 0 -0.000000 -0.305588 0 1.000000 0.000001 -0.000000 0 0 0 1.000000 0.000000 0.000001 -1.000000 1.341382 -1.000000 0 -0.000000 -0.305589 0 1.000000 0.000001 -0.000000 0 0 0 1.000000 0 0.000001 -1.000000 1.341382 -1.000000 0 0 -0.305589 0 1.000000 0.000001 -0.000000 0 0 0 1.000000 0 0.000001 -1.000000 1.341382 -1.000000 0 0 -0.305588 0 1.000000 0.000001 -0.000000 0 0 0 1.000000 0.000000 0.000001 -1.000000 1.341382 -1.000000 0 -0.000000 -0.305589 0 1.000000 0.000001 -0.000000 0 0 0 1.000000 0.000000 0.000001 -1.000000 1.341382 -1.000000 -0.000000 -0.000000 -0.305589 -0.000000 1.000000 0.000001 0 0 0 0 1.000000 0 0.000001 -1.000000 1.341382 -1.000000 0 0 -0.305588 0 1.000000 0.000001 -0.000000 0 0 0 1.000000 0 0.000001 -1.000000 1.341382 -1.000000 0 0 -0.305589 0 1.000000 0.000001 -0.000000 0 0 0 1.000000 0 0.000001 -1.000000 1.341382 -1.000000 0 0 -0.305588 -0.000000 1.000000 0.000001 -0.000000 0 0 0 1.000000 0 0.000001 -1.000000 1.341382 -1.000000 -0.000000 0 -0.305588 -0.000000 1.000000 0.000001 -0.000000 0 0 0 1.000000 0 0.000001 -1.000000 1.341382 -1.000000 0 0 -0.305588 0 1.000000 0.000001 -0.000000 0 0 0 1.000000 0 0.000001 -1.000000 1.341382 -1.000000 0 0 -0.305588 0 1.000000 0.000001 -0.000000 0 0 0 1.000000 0 0.000001 -1.000000 1.341382 -1.000000 0 0 -0.305589 0 1.000000 0.000001 -0.000000 0 0 0 1.000000 0 0.000001 -1.000000 1.341382 -1.000000 0 0 -0.305588 0 1.000000 0.000001 -0.000000 0 0 0 1.000000 0 0.000001 -1.000000 1.341382 -1.000000 0 0 -0.305588 0 1.000000 0.000001 -0.000000 0 0 0 1.000000 0 0.000001 -1.000000 1.341382 -1.000000 0 0 -0.305588 0 1.000000 0.000001 -0.000000 0 0 0 1.000000 0 0.000001 -1.000000 1.341382 -1.000000 0 0 -0.305588 0 1.000000 0.000001 -0.000000 0 0 0 1.000000 0 0.000001 -1.000000 1.341382 -1.000000 0 0 -0.305588 0 1.000000 0.000001 -0.000000 0 0 0 1.000000</float_array>
        <technique_common>
          <accessor source="#Bip01_matrix_Bip01_transform-output-array" count="71" stride="16">
            <param name="TRANSFORM" type="float4x4"/>
          </accessor>
        </technique_common>
      </source>
      <source id="Bip01_matrix_Bip01_transform-interpolations">
        <Name_array id="Bip01_matrix_Bip01_transform-interpolations-array" count="71">LINEAR LINEAR LINEAR LINEAR LINEAR LINEAR LINEAR LINEAR LINEAR LINEAR LINEAR LINEAR LINEAR LINEAR LINEAR LINEAR LINEAR LINEAR LINEAR LINEAR LINEAR LINEAR LINEAR LINEAR LINEAR LINEAR LINEAR LINEAR LINEAR LINEAR LINEAR LINEAR LINEAR LINEAR LINEAR LINEAR LINEAR LINEAR LINEAR LINEAR LINEAR LINEAR LINEAR LINEAR LINEAR LINEAR LINEAR LINEAR LINEAR LINEAR LINEAR LINEAR LINEAR LINEAR LINEAR LINEAR LINEAR LINEAR LINEAR LINEAR LINEAR LINEAR LINEAR LINEAR LINEAR LINEAR LINEAR LINEAR LINEAR LINEAR LINEAR</Name_array>
        <technique_common>
          <accessor source="#Bip01_matrix_Bip01_transform-interpolations-array" count="71" stride="1">
            <param name="INTERPOLATION" type="Name"/>
          </accessor>
        </technique_common>
      </source>
      <sampler id="Bip01_matrix_Bip01_transform-sampler">
        <input semantic="INPUT" source="#Bip01_matrix_Bip01_transform-input"/>
        <input semantic="OUTPUT" source="#Bip01_matrix_Bip01_transform-output"/>
        <input semantic="INTERPOLATION" source="#Bip01_matrix_Bip01_transform-interpolations"/>
      </sampler>
      <channel source="#Bip01_matrix_Bip01_transform-sampler" target="Bip01/transform"/>
    </animation>
    <animation id="Bip01_Neck_matrix">
      <source id="Bip01_Neck_matrix_Bip01_Neck_transform-input">
        <float_array id="Bip01_Neck_matrix_Bip01_Neck_transform-input-array" count="71">0 0.033333 0.066667 0.100000 0.133333 0.166667 0.200000 0.233333 0.266667 0.300000 0.333333 0.366667 0.400000 0.433333 0.466667 0.500000 0.533333 0.566667 0.600000 0.633333 0.666667 0.700000 0.733334 0.766667 0.800000 0.833334 0.866667 0.900000 0.933334 0.966667 1.000000 1.033334 1.066667 1.100000 1.133334 1.166667 1.200000 1.233333 1.266667 1.300000 1.333333 1.366667 1.400000 1.433333 1.466667 1.500000 1.533333 1.566666 1.600000 1.633333 1.666666 1.700000 1.733333 1.766666 1.800000 1.833333 1.866666 1.899999 1.933333 1.966666 1.999999 2.033333 2.066666 2.099999 2.133333 2.166666 2.199999 2.233333 2.266666 2.299999 2.333333</float_array>
        <technique_common>
          <accessor source="#Bip01_Neck_matrix_Bip01_Neck_transform-input-array" count="71" stride="1">
            <param name="TIME" type="float"/>
          </accessor>
        </technique_common>
        <technique profile="MAYA">
          <pre_infinity>CONSTANT</pre_infinity>
          <post_infinity>CONSTANT</post_infinity>
        </technique>
      </source>
      <source id="Bip01_Neck_matrix_Bip01_Neck_transform-output">
        <float_array id="Bip01_Neck_matrix_Bip01_Neck_transform-output-array" count="1136">1.000000 0 0 0.908116 0 1.000000 0 0.031482 0 0 1.000000 0 0 0 0 1.000000 1.000000 0 0 0.908116 0 1.000000 0 0.031482 0 0 1.000000 0 0 0 0 1.000000 1.000000 0 0 0.908116 0 1.000000 0 0.031482 0 0 1.000000 0 0 0 0 1.000000 1.000000 0 0 0.908116 0 1.000000 0 0.031482 0 0 1.000000 0 0 0 0 1.000000 1.000000 0 0 0.908116 0 1.000000 0 0.031482 0 0 1.000000 0 0 0 0 1.000000 1.000000 0 0 0.908116 0 1.000000 0 0.031482 0 0 1.000000 0 0 0 0 1.000000 1.000000 0 0 0.908116 0 1.000000 0 0.031482 0 0 1.000000 0 0 0 0 1.000000 1.000000 0 0 0.908116 0 1.000000 0 0.031482 0 0 1.000000 0 0 0 0 1.000000 1.000000 0 0 0.908116 0 1.000000 0 0.031482 0 0 1.000000 0 0 0 0 1.000000 1.000000 0 0 0.908116 0 1.000000 0 0.031482 0 0 1.000000 0 0 0 0 1.000000 1.000000 0 0 0.908116 0 1.000000 0 0.031482 0 0 1.000000 0 0 0 0 1.000000 1.000000 0 0 0.908116 0 1.000000 0 0.031481 0 0 1.000000 0 0 0 0 1.000000 1.000000 0 0 0.908115 0 1.000000 0 0.031482 0 0 1.000000 0 0 0 0 1.000000 1.000000 0 0 0.908116 0 1.000000 0 0.031482 0 0 1.000000 0 0 0 0 1.000000 1.000000 0 0 0.908116 0 1.000000 0 0.031481 0 0 1.000000 0 0 0 0 1.000000 1.000000 0 0 0.908116 0 1.000000 0 0.031482 0 0 1.000000 0 0 0 0 1.000000 1.000000 0 0 0.908116 0 1.000000 0 0.031482 0 0 1.000000 0 0 0 0 1.000000 1.000000 0 0 0.908116 0 1.000000 0 0.031482 0 0 1.000000 0 0 0 0 1.000000 1.000000 0 0 0.908116 0 1.000000 0 0.031482 0 0 1.000000 0 0 0 0 1.000000 1.000000 0 0 0.908116 0 1.000000 0 0.031482 0 0 1.000000 0 0 0 0 1.000000 1.000000 0 0 0.908116 0 1.000000 0 0.031482 0 0 1.000000 0 0 0 0 1.000000 1.000000 0 0 0.908116 0 1.000000 0 0.031482 0 0 1.000000 0 0 0 0 1.000000 1.000000 0 0 0.908116 0 1.000000 0 0.031482 0 0 1.000000 0 0 0 0 1.000000 1.000000 0 0 0.908116 0 1.000000 0 0.031482 0 0 1.000000 0 0 0 0 1.000000 1.000000 0 0 0.908116 0 1.000000 0 0.031482 0 0 1.000000 0 0 0 0 1.000000 1.000000 0 0 0.908116 0 1.000000 0 0.031482 0 0 1.000000 0 0 0 0 1.000000 1.000000 0 0 0.908116 0 1.000000 0 0.031482 0 0 1.000000 0 0 0 0 1.000000 1.000000 0 0 0.908116 0 1.000000 0 0.031482 0 0 1.000000 0 0 0 0 1.000000 1.000000 0 0 0.908116 0 1.000000 0 0.031482 0 0 1.000000 0 0 0 0 1.000000 1.000000 0 0 0.908116 0 1.000000 0 0.031482 0 0 1.000000 0 0 0 0 1.000000 1.000000 0 0 0.908116 0 1.000000 0 0.031482 0 0 1.000000 0 0 0 0 1.000000 1.000000 0 0 0.908116 0 1.000000 0 0.031482 0 0 1.000000 0 0 0 0 1.000000 1.000000 0 0 0.908116 0 1.000000 0 0.031481 0 0 1.000000 0 0 0 0 1.000000 1.000000 0 0 0.908116 0 1.000000 0 0.031482 0 0 1.000000 0 0 0 0 1.000000 1.000000 0 0 0.908116 0 1.000000 0 0.031482 0 0 1.000000 0 0 0 0 1.000000 1.000000 0 0 0.908116 0 1.000000 0 0.031482 0 0 1.000000 0.000000 0 0 0 1.000000 1.000000 0 0 0.908116 0 1.000000 0 0.031481 0 0 1.000000 0 0 0 0 1.000000 1.000000 0 0 0.908116 0 1.000000 0 0.031482 0 0 1.000000 -0.000000 0 0 0 1.000000 1.000000 0 0 0.908116 0 1.000000 0 0.031482 0 0 1.000000 0 0 0 0 1.000000 1.000000 0 0 0.908116 0 1.000000 0 0.031482 0 0 1.000000 0 0 0 0 1.000000 1.000000 0 0 0.908116 0 1.000000 0 0.031482 0 0 1.000000 0 0 0 0 1.000000 1.000000 0 0 0.908116 0 1.000000 0 0.031482 0 0 1.000000 0 0 0 0 1.000000 1.000000 0 0 0.908116 0 1.000000 0 0.031482 0 0 1.000000 0 0 0 0 1.000000 1.000000 0 0 0.908116 0 1.000000 0 0.031482 0 0 1.000000 0 0 0 0 1.000000 1.000000 0 0 0.908116 0 1.000000 0 0.031482 0 0 1.000000 0 0 0 0 1.000000 1.000000 0 0 0.908116 0 1.000000 0 0.031482 0 0 1.000000 0 0 0 0 1.000000 1.000000 0 0 0.908116 0 1.000000 0 0.031482 0 0 1.000000 0 0 0 0 1.000000 1.000000 0 0 0.908116 0 1.000000 0 0.031482 0 0 1.000000 0 0 0 0 1.000000 1.000000 0 0 0.908116 0 1.000000 0 0.031482 0 0 1.000000 0 0 0 0 1.000000 1.000000 0 0 0.908116 0 1.000000 0 0.031482 0 0 1.000000 0 0 0 0 1.000000 1.000000 0 0 0.908116 0 1.000000 0 0.031482 0 0 1.000000 0 0 0 0 1.000000 1.000000 0 0 0.908116 0 1.000000 0 0.031482 0 0 1.000000 0 0 0 0 1.000000 1.000000 0 0 0.908116 0 1.000000 0 0.031482 0 0 1.000000 0 0 0 0 1.000000 1.000000 0 0 0.908116 0 1.000000 0 0.031482 0 0 1.000000 0 0 0 0 1.000000 1.000000 0 0 0.908116 0 1.000000 0 0.031482 0 0 1.000000 0 0 0 0 1.000000 1.000000 0 0 0.908116 0 1.000000 0 0.031482 0 0 1.000000 0 0 0 0 1.000000 1.000000 0 0 0.908116 0 1.000000 0 0.031482 0 0 1.000000 0 0 0 0 1.000000 1.000000 0 0 0.908116 0 1.000000 0 0.031482 0 0 1.000000 0 0 0 0 1.000000 1.000000 0 0 0.908116 0 1.000000 0 0.031482 0 0 1.000000 0 0 0 0 1.000000 1.000000 0 0 0.908116 0 1.000000 0 0.031482 0 0 1.000000 0 0 0 0 1.000000 1.000000 0 0 0.908116 0 1.000000 0 0.031482 0 0 1.000000 0 0 0 0 1.000000 1.000000 0 0 0.908116 0 1.000000 0 0.031482 0 0 1.000000 0 0 0 0 1.000000 1.000000 0 0 0.908116 0 1.000000 0 0.031482 0 0 1.000000 0 0 0 0 1.000000 1.000000 0 0 0.908116 0 1.000000 0 0.031482 0 0 1.000000 0 0 0 0 1.000000 1.000000 0 0 0.908116 0 1.000000 0 0.031482 0 0 1.000000 0 0 0 0 1.000000 1.000000 0 0 0.908116 0 1.000000 0 0.031482 0 0 1.000000 0 0 0 0 1.000000 1.000000 0 0 0.908116 0 1.000000 0 0.031482 0 0 1.000000 0 0 0 0 1.000000 1.000000 0 0 0.908116 0 1.000000 0 0.031481 0 0 1.000000 0 0 0 0 1.000000 1.000000 0 0 0.908116 0 1.000000 0 0.031482 0 0 1.000000 0 0 0 0 1.000000 1.000000 0 0 0.908116 0 1.000000 0 0.031482 0 0 1.000000 0 0 0 0 1.000000 1.000000 0 0 0.908116 0 1.000000 0 0.031482 0 0 1.000000 0 0 0 0 1.000000</float_array>
        <technique_common>
          <accessor source="#Bip01_Neck_matrix_Bip01_Neck_transform-output-array" count="71" stride="16">
            <param name="TRANSFORM" type="float4x4"/>
          </accessor>
        </technique_common>
      </source>
      <source id="Bip01_Neck_matrix_Bip01_Neck_transform-interpolations">
        <Name_array id="Bip01_Neck_matrix_Bip01_Neck_transform-interpolations-array" count="71">LINEAR LINEAR LINEAR LINEAR LINEAR LINEAR LINEAR LINEAR LINEAR LINEAR LINEAR LINEAR LINEAR LINEAR LINEAR LINEAR LINEAR LINEAR LINEAR LINEAR LINEAR LINEAR LINEAR LINEAR LINEAR LINEAR LINEAR LINEAR LINEAR LINEAR LINEAR LINEAR LINEAR LINEAR LINEAR LINEAR LINEAR LINEAR LINEAR LINEAR LINEAR LINEAR LINEAR LINEAR LINEAR LINEAR LINEAR LINEAR LINEAR LINEAR LINEAR LINEAR LINEAR LINEAR LINEAR LINEAR LINEAR LINEAR LINEAR LINEAR LINEAR LINEAR LINEAR LINEAR LINEAR LINEAR LINEAR LINEAR LINEAR LINEAR LINEAR</Name_array>
        <technique_common>
          <accessor source="#Bip01_Neck_matrix_Bip01_Neck_transform-interpolations-array" count="71" stride="1">
            <param name="INTERPOLATION" type="Name"/>
          </accessor>
        </technique_common>
      </source>
      <sampler id="Bip01_Neck_matrix_Bip01_Neck_transform-sampler">
        <input semantic="INPUT" source="#Bip01_Neck_matrix_Bip01_Neck_transform-input"/>
        <input semantic="OUTPUT" source="#Bip01_Neck_matrix_Bip01_Neck_transform-output"/>
        <input semantic="INTERPOLATION" source="#Bip01_Neck_matrix_Bip01_Neck_transform-interpolations"/>
      </sampler>
      <channel source="#Bip01_Neck_matrix_Bip01_Neck_transform-sampler" target="Bip01_Neck/transform"/>
    </animation>
    <animation id="Bip01_Head_matrix">
      <source id="Bip01_Head_matrix_Bip01_Head_transform-input">
        <float_array id="Bip01_Head_matrix_Bip01_Head_transform-input-array" count="71">0 0.033333 0.066667 0.100000 0.133333 0.166667 0.200000 0.233333 0.266667 0.300000 0.333333 0.366667 0.400000 0.433333 0.466667 0.500000 0.533333 0.566667 0.600000 0.633333 0.666667 0.700000 0.733334 0.766667 0.800000 0.833334 0.866667 0.900000 0.933334 0.966667 1.000000 1.033334 1.066667 1.100000 1.133334 1.166667 1.200000 1.233333 1.266667 1.300000 1.333333 1.366667 1.400000 1.433333 1.466667 1.500000 1.533333 1.566666 1.600000 1.633333 1.666666 1.700000 1.733333 1.766666 1.800000 1.833333 1.866666 1.899999 1.933333 1.966666 1.999999 2.033333 2.066666 2.099999 2.133333 2.166666 2.199999 2.233333 2.266666 2.299999 2.333333</float_array>
        <technique_common>
          <accessor source="#Bip01_Head_matrix_Bip01_Head_transform-input-array" count="71" stride="1">
            <param name="TIME" type="float"/>
          </accessor>
        </technique_common>
        <technique profile="MAYA">
          <pre_infinity>CONSTANT</pre_infinity>
          <post_infinity>CONSTANT</post_infinity>
        </technique>
      </source>
      <source id="Bip01_Head_matrix_Bip01_Head_transform-output">
        <float_array id="Bip01_Head_matrix_Bip01_Head_transform-output-array" count="1136">0.818694 0.574230 0.000002 0.311891 -0.574230 0.818694 -0.000001 -0.000000 -0.000002 -0.000001 1.000000 0 0 0 0 1.000000 0.828730 0.559635 0.003774 0.311891 -0.559605 0.828564 0.017991 -0.000000 0.006942 -0.017022 0.999831 0 0 0 0 1.000000 0.840027 0.542499 0.007063 0.311891 -0.542366 0.839344 0.036613 -0.000000 0.013934 -0.034587 0.999305 0 0 0 0 1.000000 0.852074 0.523329 0.009821 0.311891 -0.523008 0.850505 0.055715 -0.000000 0.020805 -0.052610 0.998398 0 0 0 0 1.000000 0.864398 0.502663 0.012030 0.311891 -0.502060 0.861562 0.075142 -0.000000 0.027407 -0.070992 0.997100 0 0 0 0 1.000000 0.876572 0.481075 0.013703 0.311891 -0.480094 0.872087 0.094733 -0.000000 0.033623 -0.089619 0.995408 0 0 0 0 1.000000 0.888224 0.459169 0.014890 0.311891 -0.457721 0.881715 0.114324 0 0.039365 -0.108361 0.993332 0 0 0 0 1.000000 0.899042 0.437582 0.015671 0.311891 -0.435587 0.890153 0.133755 -0.000000 0.044580 -0.127078 0.990890 0 0 0 0 1.000000 0.908774 0.416975 0.016162 0.311891 -0.414372 0.897177 0.152871 0.000000 0.049244 -0.145623 0.988114 0 0 0 0 1.000000 0.917226 0.398025 0.016511 0.311891 -0.394776 0.902625 0.171522 -0.000000 0.053367 -0.163842 0.985042 0 0 0 0 1.000000 0.924248 0.381419 0.016894 0.311891 -0.377516 0.906392 0.189564 -0.000000 0.056991 -0.181582 0.981723 0 0 0 0 1.000000 0.929693 0.367920 0.017510 0.311891 -0.363390 0.908405 0.206756 -0.000000 0.060163 -0.198582 0.978236 0 0 0 0 1.000000 0.933542 0.357984 0.018598 0.311891 -0.352881 0.908637 0.223279 0 0.063031 -0.215003 0.974577 0 0 0 0 1.000000 0.935591 0.352497 0.020381 0.311891 -0.346930 0.907013 0.238679 -0.000000 0.065648 -0.230377 0.970885 0 0 0 0 1.000000 0.935704 0.352028 0.023112 0.311891 -0.346140 0.903449 0.252916 0.000000 0.068153 -0.244654 0.967212 0 0 0 0 1.000000 0.933644 0.357180 0.027042 0.311891 -0.351163 0.897789 0.265820 -0.000000 0.070668 -0.257678 0.963643 0 0 0 0 1.000000 0.926787 0.373945 0.035073 0.311891 -0.368392 0.886874 0.278822 -0.000000 0.073159 -0.271329 0.959702 0 0 0 0 1.000000 0.912904 0.405216 0.049045 0.311891 -0.401056 0.868146 0.292363 0.000000 0.075892 -0.286569 0.955049 0 0 0 0 1.000000 0.892076 0.446818 0.067482 0.311891 -0.444866 0.842152 0.304753 -0.000000 0.079339 -0.301883 0.950038 0 0 0 0 1.000000 0.864581 0.494609 0.088668 0.311891 -0.495468 0.809710 0.314453 0.000000 0.083736 -0.315802 0.945123 0 0 0 0 1.000000 0.831296 0.544710 0.110626 0.311891 -0.548656 0.772278 0.320256 -0.000000 0.089012 -0.326923 0.940850 0 0 0 0 1.000000 0.793914 0.593713 0.131168 0.311891 -0.600596 0.732113 0.321394 0.000000 0.094786 -0.333938 0.937817 0 0 0 0 1.000000 0.755219 0.638566 0.147909 0.311891 -0.647740 0.692502 0.317606 -0.000000 0.100385 -0.335669 0.936616 0 0 0 0 1.000000 0.717767 0.677923 0.158840 0.311891 -0.688302 0.656390 0.308857 -0.000000 0.105120 -0.331018 0.937751 0 0 0 0 1.000000 0.686089 0.709355 0.161549 0.311891 -0.719439 0.628531 0.295562 0.000000 0.108119 -0.319006 0.941565 0 0 0 0 1.000000 0.663993 0.731665 0.154210 0.311891 -0.739774 0.612775 0.277924 0 0.108852 -0.298620 0.948144 0 0 0 0 1.000000 0.650487 0.747315 0.135602 0.311891 -0.751922 0.608448 0.253781 -0.000000 0.107148 -0.267043 0.957709 0 0 0 0 1.000000 0.641671 0.759497 0.106873 0.311891 -0.760000 0.610872 0.221889 -0.000000 0.103238 -0.223603 0.969197 0 0 0 0 1.000000 0.637130 0.767568 0.070036 0.311891 -0.764550 0.617877 0.183553 0 0.097616 -0.170493 0.980512 0 0 0 0 1.000000 0.636321 0.770941 0.027280 0.311890 -0.766050 0.627326 0.140107 -0.000000 0.090901 -0.110051 0.989760 0 0 0 0 1.000000 0.638586 0.769313 -0.019082 0.311891 -0.764980 0.637297 0.093044 -0.000000 0.083741 -0.044819 0.995479 0 0 0 0 1.000000 0.643169 0.762813 -0.066702 0.311891 -0.761871 0.646228 0.044063 0 0.076717 0.022479 0.996800 0 0 0 0 1.000000 0.649244 0.752093 -0.113311 0.311891 -0.757326 0.653018 -0.004937 0 0.070281 0.089018 0.993547 0 0 0 0 1.000000 0.655943 0.738341 -0.156819 0.311891 -0.752032 0.657079 -0.051917 -0.000000 0.064710 0.151987 0.986262 0 0 0 0 1.000000 0.662391 0.723226 -0.195400 0.311890 -0.746744 0.658325 -0.094774 0 0.060094 0.208692 0.976133 0 0 0 0 1.000000 0.667728 0.708784 -0.227517 0.311891 -0.742269 0.657088 -0.131423 0 0.056348 0.256634 0.964865 0 0 0 0 1.000000 0.671115 0.697254 -0.251875 0.311891 -0.739437 0.653975 -0.159844 0 0.053268 0.293520 0.954468 -0.000000 0 0 0 1.000000 0.671727 0.690891 -0.267306 0.311891 -0.739068 0.649660 -0.178103 0 0.050609 0.317194 0.947009 0 0 0 0 1.000000 0.668725 0.691742 -0.272579 0.311890 -0.741946 0.644621 -0.184336 0 0.048198 0.325509 0.944310 0 0 0 0 1.000000 0.661107 0.701842 -0.265244 0.311891 -0.748863 0.639046 -0.175570 -0.000000 0.046280 0.314702 0.948062 0 0 0 0 1.000000 0.649045 0.720256 -0.244890 0.311890 -0.759393 0.632619 -0.152037 -0.000000 0.045417 0.284647 0.957556 0 0 0 0 1.000000 0.633469 0.743877 -0.212990 0.311891 -0.772391 0.624329 -0.116730 -0.000000 0.046142 0.238456 0.970057 0 0 0 0 1.000000 0.615397 0.769420 -0.171112 0.311891 -0.786696 0.613043 -0.072715 -0.000000 0.048950 0.179361 0.982565 0 0 0 0 1.000000 0.595960 0.793813 -0.121214 0.311890 -0.801189 0.597964 -0.023136 0 0.054116 0.110904 0.992357 0 0 0 0 1.000000 0.576501 0.814415 -0.066137 0.311891 -0.814776 0.579073 0.028526 -0.000000 0.061530 0.037441 0.997403 0 0 0 0 1.000000 0.557918 0.829860 -0.007789 0.311890 -0.826861 0.556655 0.080221 -0.000000 0.070908 -0.038316 0.996747 0 0 0 0 1.000000 0.541784 0.839064 0.049408 0.311890 -0.836579 0.532629 0.128226 -0.000000 0.081274 -0.110804 0.990514 0 0 0 0 1.000000 0.529082 0.842381 0.102307 0.311890 -0.843616 0.509148 0.170529 0 0.091561 -0.176531 0.980027 0 0 0 0 1.000000 0.520758 0.840874 0.147449 0.311890 -0.847772 0.489042 0.205232 0 0.100465 -0.231879 0.967543 0 0 0 0 1.000000 0.517602 0.836135 0.181567 0.311891 -0.848950 0.475422 0.230775 -0.000000 0.106638 -0.273591 0.955916 0 0 0 0 1.000000 0.520292 0.829844 0.201630 0.311891 -0.847023 0.471364 0.245699 -0.000000 0.108851 -0.298620 0.948144 0 0 0 0 1.000000 0.528094 0.822658 0.210597 0.311891 -0.842329 0.476014 0.252770 0 0.107696 -0.310878 0.944328 0 0 0 0 1.000000 0.539477 0.814407 0.213792 0.311891 -0.835477 0.486208 0.256087 0 0.104611 -0.316771 0.942715 0 0 0 0 1.000000 0.553896 0.805167 0.211910 0.311891 -0.826573 0.501252 0.255975 -0.000000 0.099883 -0.316942 0.943171 0 0 0 0 1.000000 0.570821 0.794902 0.205657 0.311890 -0.815694 0.520377 0.252687 0 0.093843 -0.311992 0.945439 0 0 0 0 1.000000 0.589731 0.783518 0.195747 0.311891 -0.802916 0.542763 0.246442 0.000000 0.086848 -0.302503 0.949184 0 0 0 0 1.000000 0.610115 0.770914 0.182895 0.311891 -0.788339 0.567569 0.237459 -0.000000 0.079255 -0.289060 0.954025 0 0 0 0 1.000000 0.631471 0.757023 0.167811 0.311891 -0.772104 0.593957 0.225986 -0.000000 0.071404 -0.272271 0.959568 0 0 0 0 1.000000 0.653314 0.741836 0.151196 0.311891 -0.754411 0.621114 0.212324 0 0.063599 -0.252778 0.965432 0 0 0 0 1.000000 0.675174 0.725435 0.133733 0.311891 -0.735523 0.648276 0.196837 -0.000001 0.056097 -0.231263 0.971273 0 0 0 0 1.000000 0.696609 0.707998 0.116077 0.311891 -0.715769 0.674749 0.179966 0 0.049092 -0.208450 0.976800 0 0 0 0 1.000000 0.717212 0.689808 0.098851 0.311891 -0.695545 0.699930 0.162222 -0.000000 0.042714 -0.185103 0.981791 0 0 0 0 1.000000 0.736613 0.671248 0.082631 0.311891 -0.675301 0.723310 0.144190 0.000000 0.037019 -0.162013 0.986094 0 0 0 0 1.000000 0.754484 0.652792 0.067950 0.311891 -0.655538 0.744489 0.126513 0 0.031998 -0.139996 0.989635 0 0 0 0 1.000000 0.770541 0.634987 0.055291 0.311891 -0.636793 0.763165 0.109879 0.000000 0.027576 -0.119875 0.992406 0 0 0 0 1.000000 0.784540 0.618436 0.045091 0.311891 -0.619628 0.779124 0.095012 -0.000000 0.023627 -0.102480 0.994455 0 0 0 0 1.000000 0.795205 0.605263 0.036136 0.311890 -0.606028 0.791470 0.079405 0 0.019460 -0.085043 0.996187 0 0 0 0 1.000000 0.802496 0.596047 0.027009 0.311891 -0.596477 0.800317 0.060892 0 0.014678 -0.064976 0.997779 0 0 0 0 1.000000 0.807921 0.589021 0.017825 0.311891 -0.589213 0.806953 0.040695 -0.000000 0.009587 -0.043381 0.999013 0 0 0 0 1.000000 0.812881 0.582364 0.008745 0.311891 -0.582412 0.812647 0.020010 -0.000000 0.004547 -0.021359 0.999762 0 0 0 0 1.000000 0.818694 0.574230 0.000002 0.311891 -0.574230 0.818694 -0.000001 -0.000000 -0.000002 -0.000001 1.000000 0 0 0 0 1.000000</float_array>
        <technique_common>
          <accessor source="#Bip01_Head_matrix_Bip01_Head_transform-output-array" count="71" stride="16">
            <param name="TRANSFORM" type="float4x4"/>
          </accessor>
        </technique_common>
      </source>
      <source id="Bip01_Head_matrix_Bip01_Head_transform-interpolations">
        <Name_array id="Bip01_Head_matrix_Bip01_Head_transform-interpolations-array" count="71">LINEAR LINEAR LINEAR LINEAR LINEAR LINEAR LINEAR LINEAR LINEAR LINEAR LINEAR LINEAR LINEAR LINEAR LINEAR LINEAR LINEAR LINEAR LINEAR LINEAR LINEAR LINEAR LINEAR LINEAR LINEAR LINEAR LINEAR LINEAR LINEAR LINEAR LINEAR LINEAR LINEAR LINEAR LINEAR LINEAR LINEAR LINEAR LINEAR LINEAR LINEAR LINEAR LINEAR LINEAR LINEAR LINEAR LINEAR LINEAR LINEAR LINEAR LINEAR LINEAR LINEAR LINEAR LINEAR LINEAR LINEAR LINEAR LINEAR LINEAR LINEAR LINEAR LINEAR LINEAR LINEAR LINEAR LINEAR LINEAR LINEAR LINEAR LINEAR</Name_array>
        <technique_common>
          <accessor source="#Bip01_Head_matrix_Bip01_Head_transform-interpolations-array" count="71" stride="1">
            <param name="INTERPOLATION" type="Name"/>
          </accessor>
        </technique_common>
      </source>
      <sampler id="Bip01_Head_matrix_Bip01_Head_transform-sampler">
        <input semantic="INPUT" source="#Bip01_Head_matrix_Bip01_Head_transform-input"/>
        <input semantic="OUTPUT" source="#Bip01_Head_matrix_Bip01_Head_transform-output"/>
        <input semantic="INTERPOLATION" source="#Bip01_Head_matrix_Bip01_Head_transform-interpolations"/>
      </sampler>
      <channel source="#Bip01_Head_matrix_Bip01_Head_transform-sampler" target="Bip01_Head/transform"/>
    </animation>
    <animation id="Bip01_Ponytail1_matrix">
      <source id="Bip01_Ponytail1_matrix_Bip01_Ponytail1_transform-input">
        <float_array id="Bip01_Ponytail1_matrix_Bip01_Ponytail1_transform-input-array" count="71">0 0.033333 0.066667 0.100000 0.133333 0.166667 0.200000 0.233333 0.266667 0.300000 0.333333 0.366667 0.400000 0.433333 0.466667 0.500000 0.533333 0.566667 0.600000 0.633333 0.666667 0.700000 0.733334 0.766667 0.800000 0.833334 0.866667 0.900000 0.933334 0.966667 1.000000 1.033334 1.066667 1.100000 1.133334 1.166667 1.200000 1.233333 1.266667 1.300000 1.333333 1.366667 1.400000 1.433333 1.466667 1.500000 1.533333 1.566666 1.600000 1.633333 1.666666 1.700000 1.733333 1.766666 1.800000 1.833333 1.866666 1.899999 1.933333 1.966666 1.999999 2.033333 2.066666 2.099999 2.133333 2.166666 2.199999 2.233333 2.266666 2.299999 2.333333</float_array>
        <technique_common>
          <accessor source="#Bip01_Ponytail1_matrix_Bip01_Ponytail1_transform-input-array" count="71" stride="1">
            <param name="TIME" type="float"/>
          </accessor>
        </technique_common>
        <technique profile="MAYA">
          <pre_infinity>CONSTANT</pre_infinity>
          <post_infinity>CONSTANT</post_infinity>
        </technique>
      </source>
      <source id="Bip01_Ponytail1_matrix_Bip01_Ponytail1_transform-output">
        <float_array id="Bip01_Ponytail1_matrix_Bip01_Ponytail1_transform-output-array" count="1136">-0.250860 0.968023 0.000003 0.787456 0.968023 0.250860 0.000004 1.064349 0.000003 0.000003 -1.000000 0.000007 0 0 0 1.000000 -0.265012 0.964245 0.000003 0.787458 0.964245 0.265012 0.000004 1.064342 0.000003 0.000004 -1.000000 0.000007 0 0 0 1.000000 -0.282714 0.959204 0.000003 0.787461 0.959204 0.282714 0.000004 1.064333 0.000003 0.000004 -1.000000 0.000007 0 0 0 1.000000 -0.303007 0.952988 0.000003 0.787463 0.952988 0.303007 0.000004 1.064324 0.000003 0.000004 -1.000000 0.000007 0 0 0 1.000000 -0.324941 0.945734 0.000003 0.787467 0.945735 0.324941 0.000004 1.064313 0.000003 0.000004 -1.000000 0.000007 0 0 0 1.000000 -0.347584 0.937649 0.000003 0.787472 0.937649 0.347584 0.000004 1.064303 0.000003 0.000004 -1.000000 0.000007 0 0 0 1.000000 -0.370025 0.929022 0.000003 0.787476 0.929022 0.370025 0.000004 1.064291 0.000003 0.000004 -1.000000 0.000007 0 0 0 1.000000 -0.391388 0.920226 0.000003 0.787479 0.920226 0.391388 0.000004 1.064280 0.000003 0.000004 -1.000000 0.000007 0 0 0 1.000000 -0.410830 0.911712 0.000003 0.787484 0.911712 0.410830 0.000004 1.064270 0.000003 0.000004 -1.000000 0.000007 0 0 0 1.000000 -0.427540 0.903997 0.000003 0.787488 0.903997 0.427540 0.000004 1.064262 0.000003 0.000004 -1.000000 0.000007 0 0 0 1.000000 -0.440734 0.897638 0.000002 0.787491 0.897638 0.440734 0.000004 1.064256 0.000002 0.000004 -1.000000 0.000007 0 0 0 1.000000 -0.449602 0.893229 0.000002 0.787493 0.893229 0.449602 0.000004 1.064252 0.000002 0.000004 -1.000000 0.000007 0 0 0 1.000000 -0.453490 0.891261 0.000002 0.787494 0.891261 0.453490 0.000004 1.064250 0.000002 0.000004 -1.000000 0.000007 0 0 0 1.000000 -0.451470 0.892286 0.000002 0.787493 0.892286 0.451470 0.000004 1.064251 0.000002 0.000004 -1.000000 0.000007 0 0 0 1.000000 -0.442720 0.896660 0.000002 0.787491 0.896660 0.442720 0.000004 1.064255 0.000002 0.000004 -1.000000 0.000007 0 0 0 1.000000 -0.426294 0.904585 0.000003 0.787487 0.904585 0.426294 0.000004 1.064263 0.000003 0.000004 -1.000000 0.000007 0 0 0 1.000000 -0.400168 0.916442 0.000003 0.787482 0.916442 0.400168 0.000004 1.064276 0.000002 0.000004 -1.000000 0.000007 0 0 0 1.000000 -0.363670 0.931528 0.000003 0.787475 0.931528 0.363669 0.000004 1.064294 0.000003 0.000004 -1.000000 0.000007 0 0 0 1.000000 -0.317820 0.948151 0.000003 0.787466 0.948151 0.317820 0.000004 1.064316 0.000003 0.000004 -1.000000 0.000007 0 0 0 1.000000 -0.263746 0.964592 0.000003 0.787458 0.964592 0.263746 0.000004 1.064342 0.000003 0.000003 -1.000000 0.000006 0 0 0 1.000000 -0.202737 0.979233 0.000003 0.787451 0.979233 0.202737 0.000003 1.064373 0.000003 0.000003 -1.000000 0.000007 0 0 0 1.000000 -0.136278 0.990671 0.000003 0.787445 0.990671 0.136278 0.000003 1.064405 0.000003 0.000003 -1.000000 0.000007 0 0 0 1.000000 -0.066483 0.997787 0.000003 0.787442 0.997788 0.066483 0.000003 1.064439 0.000003 0.000003 -1.000000 0.000007 0 0 0 1.000000 0.006181 0.999981 0.000003 0.787440 0.999981 -0.006181 0.000003 1.064475 0.000003 0.000003 -1.000000 0.000007 0 0 0 1.000000 0.078482 0.996916 0.000003 0.787442 0.996916 -0.078482 0.000003 1.064511 0.000003 0.000003 -1.000000 0.000007 0 0 0 1.000000 0.148979 0.988840 0.000003 0.787446 0.988840 -0.148979 0.000002 1.064545 0.000003 0.000002 -1.000000 0.000007 0 0 0 1.000000 0.215859 0.976424 0.000003 0.787452 0.976425 -0.215859 0.000002 1.064578 0.000003 0.000002 -1.000000 0.000007 0 0 0 1.000000 0.277457 0.960738 0.000003 0.787460 0.960738 -0.277457 0.000002 1.064608 0.000003 0.000002 -1.000000 0.000007 0 0 0 1.000000 0.332290 0.943178 0.000003 0.787468 0.943178 -0.332290 0.000002 1.064635 0.000003 0.000002 -1.000000 0.000007 0 0 0 1.000000 0.379076 0.925365 0.000003 0.787477 0.925365 -0.379076 0.000002 1.064659 0.000003 0.000002 -1.000000 0.000007 0 0 0 1.000000 0.416709 0.909040 0.000003 0.787485 0.909040 -0.416709 0.000002 1.064676 0.000003 0.000002 -1.000000 0.000007 0 0 0 1.000000 0.448252 0.893907 0.000003 0.787492 0.893907 -0.448252 0.000002 1.064693 0.000003 0.000002 -1.000000 0.000007 0 0 0 1.000000 0.477360 0.878708 0.000002 0.787499 0.878708 -0.477360 0.000002 1.064705 0.000003 0.000001 -1.000000 0.000007 0 0 0 1.000000 0.503930 0.863745 0.000002 0.787508 0.863745 -0.503930 0.000001 1.064720 0.000003 0.000001 -1.000000 0.000007 0 0 0 1.000000 0.527874 0.849323 0.000002 0.787515 0.849323 -0.527874 0.000001 1.064732 0.000002 0.000001 -1.000000 0.000007 0 0 0 1.000000 0.549118 0.835745 0.000002 0.787521 0.835745 -0.549118 0.000001 1.064742 0.000002 0.000001 -1.000000 0.000007 0 0 0 1.000000 0.567599 0.823305 0.000002 0.787527 0.823305 -0.567599 0.000001 1.064751 0.000002 0.000001 -1.000000 0.000007 0 0 0 1.000000 0.583256 0.812288 0.000002 0.787533 0.812288 -0.583256 0.000001 1.064759 0.000002 0.000001 -1.000000 0.000007 0 0 0 1.000000 0.596029 0.802963 0.000002 0.787538 0.802963 -0.596029 0.000001 1.064766 0.000002 0.000001 -1.000000 0.000007 0 0 0 1.000000 0.605849 0.795579 0.000002 0.787541 0.795580 -0.605849 0.000001 1.064770 0.000002 0.000001 -1.000000 0.000007 0 0 0 1.000000 0.612639 0.790363 0.000002 0.787543 0.790363 -0.612639 0.000001 1.064774 0.000002 0.000001 -1.000000 0.000007 0 0 0 1.000000 0.616299 0.787512 0.000002 0.787545 0.787512 -0.616299 0.000001 1.064774 0.000002 0.000001 -1.000000 0.000007 0 0 0 1.000000 0.616710 0.787190 0.000002 0.787545 0.787191 -0.616710 0.000001 1.064775 0.000002 0.000001 -1.000000 0.000007 0 0 0 1.000000 0.613718 0.789525 0.000002 0.787544 0.789525 -0.613718 0.000001 1.064774 0.000002 0.000001 -1.000000 0.000007 0 0 0 1.000000 0.607190 0.794557 0.000002 0.787541 0.794557 -0.607190 0.000001 1.064770 0.000002 0.000001 -1.000000 0.000007 0 0 0 1.000000 0.596741 0.802434 0.000002 0.787538 0.802434 -0.596740 0.000001 1.064765 0.000002 0.000001 -1.000000 0.000007 0 0 0 1.000000 0.580737 0.814091 0.000002 0.787532 0.814092 -0.580737 0.000001 1.064758 0.000002 0.000001 -1.000000 0.000007 0 0 0 1.000000 0.557855 0.829938 0.000002 0.787524 0.829938 -0.557855 0.000001 1.064746 0.000002 0.000001 -1.000000 0.000007 0 0 0 1.000000 0.528608 0.848866 0.000002 0.787515 0.848866 -0.528608 0.000001 1.064732 0.000002 0.000001 -1.000000 0.000007 0 0 0 1.000000 0.493529 0.869729 0.000003 0.787504 0.869729 -0.493529 0.000001 1.064715 0.000002 0.000002 -1.000000 0.000007 0 0 0 1.000000 0.453221 0.891398 0.000003 0.787495 0.891398 -0.453221 0.000001 1.064695 0.000002 0.000002 -1.000000 0.000006 0 0 0 1.000000 0.408387 0.912809 0.000003 0.787483 0.912809 -0.408387 0.000002 1.064673 0.000003 0.000002 -1.000000 0.000007 0 0 0 1.000000 0.359846 0.933012 0.000003 0.787473 0.933012 -0.359846 0.000002 1.064649 0.000003 0.000002 -1.000000 0.000007 0 0 0 1.000000 0.308536 0.951213 0.000003 0.787465 0.951213 -0.308536 0.000002 1.064624 0.000003 0.000002 -1.000000 0.000007 0 0 0 1.000000 0.255501 0.966809 0.000003 0.787457 0.966809 -0.255501 0.000002 1.064598 0.000003 0.000002 -1.000000 0.000006 0 0 0 1.000000 0.201872 0.979412 0.000003 0.787451 0.979412 -0.201872 0.000002 1.064571 0.000003 0.000002 -1.000000 0.000007 0 0 0 1.000000 0.148835 0.988862 0.000003 0.787446 0.988862 -0.148835 0.000002 1.064545 0.000003 0.000002 -1.000000 0.000007 0 0 0 1.000000 0.097601 0.995226 0.000003 0.787443 0.995226 -0.097601 0.000003 1.064521 0.000003 0.000003 -1.000000 0.000007 0 0 0 1.000000 0.049377 0.998780 0.000003 0.787441 0.998780 -0.049377 0.000003 1.064497 0.000003 0.000003 -1.000000 0.000007 0 0 0 1.000000 0.005339 0.999986 0.000003 0.787440 0.999986 -0.005339 0.000003 1.064476 0.000003 0.000003 -1.000000 0.000007 0 0 0 1.000000 -0.033382 0.999443 0.000003 0.787440 0.999443 0.033382 0.000003 1.064456 0.000003 0.000003 -1.000000 0.000007 0 0 0 1.000000 -0.066456 0.997790 0.000003 0.787441 0.997789 0.066456 0.000003 1.064440 0.000003 0.000003 -1.000000 0.000007 0 0 0 1.000000 -0.094820 0.995495 0.000003 0.787443 0.995495 0.094820 0.000003 1.064425 0.000003 0.000003 -1.000000 0.000006 0 0 0 1.000000 -0.119300 0.992859 0.000003 0.787444 0.992858 0.119300 0.000003 1.064414 0.000003 0.000003 -1.000000 0.000007 0 0 0 1.000000 -0.140723 0.990049 0.000003 0.787446 0.990049 0.140723 0.000003 1.064402 0.000003 0.000003 -1.000000 0.000007 0 0 0 1.000000 -0.159917 0.987131 0.000003 0.787448 0.987131 0.159917 0.000003 1.064394 0.000003 0.000003 -1.000000 0.000007 0 0 0 1.000000 -0.177702 0.984084 0.000003 0.787448 0.984084 0.177702 0.000003 1.064385 0.000003 0.000003 -1.000000 0.000007 0 0 0 1.000000 -0.194892 0.980825 0.000003 0.787450 0.980825 0.194892 0.000003 1.064377 0.000003 0.000003 -1.000000 0.000007 0 0 0 1.000000 -0.212290 0.977207 0.000003 0.787451 0.977207 0.212290 0.000003 1.064368 0.000003 0.000003 -1.000000 0.000007 0 0 0 1.000000 -0.230688 0.973028 0.000003 0.787454 0.973028 0.230688 0.000004 1.064359 0.000003 0.000003 -1.000000 0.000007 0 0 0 1.000000 -0.250860 0.968023 0.000003 0.787456 0.968023 0.250860 0.000004 1.064349 0.000003 0.000003 -1.000000 0.000007 0 0 0 1.000000</float_array>
        <technique_common>
          <accessor source="#Bip01_Ponytail1_matrix_Bip01_Ponytail1_transform-output-array" count="71" stride="16">
            <param name="TRANSFORM" type="float4x4"/>
          </accessor>
        </technique_common>
      </source>
      <source id="Bip01_Ponytail1_matrix_Bip01_Ponytail1_transform-interpolations">
        <Name_array id="Bip01_Ponytail1_matrix_Bip01_Ponytail1_transform-interpolations-array" count="71">LINEAR LINEAR LINEAR LINEAR LINEAR LINEAR LINEAR LINEAR LINEAR LINEAR LINEAR LINEAR LINEAR LINEAR LINEAR LINEAR LINEAR LINEAR LINEAR LINEAR LINEAR LINEAR LINEAR LINEAR LINEAR LINEAR LINEAR LINEAR LINEAR LINEAR LINEAR LINEAR LINEAR LINEAR LINEAR LINEAR LINEAR LINEAR LINEAR LINEAR LINEAR LINEAR LINEAR LINEAR LINEAR LINEAR LINEAR LINEAR LINEAR LINEAR LINEAR LINEAR LINEAR LINEAR LINEAR LINEAR LINEAR LINEAR LINEAR LINEAR LINEAR LINEAR LINEAR LINEAR LINEAR LINEAR LINEAR LINEAR LINEAR LINEAR LINEAR</Name_array>
        <technique_common>
          <accessor source="#Bip01_Ponytail1_matrix_Bip01_Ponytail1_transform-interpolations-array" count="71" stride="1">
            <param name="INTERPOLATION" type="Name"/>
          </accessor>
        </technique_common>
      </source>
      <sampler id="Bip01_Ponytail1_matrix_Bip01_Ponytail1_transform-sampler">
        <input semantic="INPUT" source="#Bip01_Ponytail1_matrix_Bip01_Ponytail1_transform-input"/>
        <input semantic="OUTPUT" source="#Bip01_Ponytail1_matrix_Bip01_Ponytail1_transform-output"/>
        <input semantic="INTERPOLATION" source="#Bip01_Ponytail1_matrix_Bip01_Ponytail1_transform-interpolations"/>
      </sampler>
      <channel source="#Bip01_Ponytail1_matrix_Bip01_Ponytail1_transform-sampler" target="Bip01_Ponytail1/transform"/>
    </animation>
    <animation id="Bip01_Ponytail11_matrix">
      <source id="Bip01_Ponytail11_matrix_Bip01_Ponytail11_transform-input">
        <float_array id="Bip01_Ponytail11_matrix_Bip01_Ponytail11_transform-input-array" count="71">0 0.033333 0.066667 0.100000 0.133333 0.166667 0.200000 0.233333 0.266667 0.300000 0.333333 0.366667 0.400000 0.433333 0.466667 0.500000 0.533333 0.566667 0.600000 0.633333 0.666667 0.700000 0.733334 0.766667 0.800000 0.833334 0.866667 0.900000 0.933334 0.966667 1.000000 1.033334 1.066667 1.100000 1.133334 1.166667 1.200000 1.233333 1.266667 1.300000 1.333333 1.366667 1.400000 1.433333 1.466667 1.500000 1.533333 1.566666 1.600000 1.633333 1.666666 1.700000 1.733333 1.766666 1.800000 1.833333 1.866666 1.899999 1.933333 1.966666 1.999999 2.033333 2.066666 2.099999 2.133333 2.166666 2.199999 2.233333 2.266666 2.299999 2.333333</float_array>
        <technique_common>
          <accessor source="#Bip01_Ponytail11_matrix_Bip01_Ponytail11_transform-input-array" count="71" stride="1">
            <param name="TIME" type="float"/>
          </accessor>
        </technique_common>
        <technique profile="MAYA">
          <pre_infinity>CONSTANT</pre_infinity>
          <post_infinity>CONSTANT</post_infinity>
        </technique>
      </source>
      <source id="Bip01_Ponytail11_matrix_Bip01_Ponytail11_transform-output">
        <float_array id="Bip01_Ponytail11_matrix_Bip01_Ponytail11_transform-output-array" count="1136">0.967251 0.253823 0.000001 0.615828 -0.253823 0.967251 0 -0.000475 -0.000001 0 1.000000 0 0 0 0 1.000000 0.963429 0.267963 0.000001 0.615821 -0.267963 0.963429 0 -0.000473 -0.000001 0 1.000000 0 0 0 0 1.000000 0.958335 0.285649 0.000001 0.615812 -0.285649 0.958335 0 -0.000470 -0.000001 0 1.000000 0 0 0 0 1.000000 0.952056 0.305923 0.000001 0.615802 -0.305923 0.952056 -0.000000 -0.000468 -0.000001 -0.000000 1.000000 0 0 0 0 1.000000 0.944735 0.327835 0.000001 0.615791 -0.327835 0.944735 -0.000000 -0.000463 -0.000001 -0.000000 1.000000 0 0 0 0 1.000000 0.936581 0.350453 0.000001 0.615780 -0.350453 0.936581 -0.000000 -0.000459 -0.000001 -0.000000 1.000000 0 0 0 0 1.000000 0.927885 0.372867 0.000001 0.615769 -0.372867 0.927885 -0.000000 -0.000455 -0.000001 -0.000000 1.000000 0 0 0 0 1.000000 0.919023 0.394203 0.000001 0.615759 -0.394203 0.919023 -0.000000 -0.000450 -0.000001 -0.000000 1.000000 0 0 0 0 1.000000 0.910450 0.413619 0.000001 0.615749 -0.413619 0.910450 -0.000000 -0.000447 -0.000001 -0.000000 1.000000 0 0 0 0 1.000000 0.902684 0.430305 0.000001 0.615741 -0.430305 0.902683 -0.000000 -0.000443 -0.000001 -0.000000 1.000000 0 0 0 0 1.000000 0.896284 0.443480 0.000001 0.615734 -0.443480 0.896284 -0.000000 -0.000439 -0.000001 -0.000000 1.000000 0 0 0 0 1.000000 0.891848 0.452335 0.000001 0.615730 -0.452335 0.891848 -0.000000 -0.000438 -0.000001 -0.000000 1.000000 0 0 0 0 1.000000 0.889869 0.456216 0.000001 0.615728 -0.456216 0.889869 -0.000000 -0.000436 -0.000001 -0.000000 1.000000 0 0 0 0 1.000000 0.890900 0.454199 0.000001 0.615729 -0.454199 0.890900 -0.000000 -0.000437 -0.000001 -0.000000 1.000000 0 0 0 0 1.000000 0.895300 0.445463 0.000001 0.615734 -0.445463 0.895301 -0.000000 -0.000439 -0.000001 -0.000000 1.000000 0 0 0 0 1.000000 0.903276 0.429061 0.000001 0.615741 -0.429061 0.903275 -0.000000 -0.000443 -0.000001 -0.000000 1.000000 0.000000 0 0 0 1.000000 0.915212 0.402972 0.000001 0.615754 -0.402972 0.915212 -0.000000 -0.000449 -0.000001 -0.000000 1.000000 0.000000 0 0 0 1.000000 0.930411 0.366519 0.000001 0.615773 -0.366519 0.930411 -0.000000 -0.000457 -0.000001 -0.000000 1.000000 -0.000000 0 0 0 1.000000 0.947174 0.320721 0.000001 0.615795 -0.320721 0.947174 -0.000000 -0.000464 -0.000001 -0.000000 1.000000 -0.000000 0 0 0 1.000000 0.963780 0.266697 0.000001 0.615822 -0.266697 0.963780 0 -0.000473 -0.000001 0 1.000000 -0.000000 0 0 0 1.000000 0.978608 0.205734 0.000001 0.615851 -0.205734 0.978608 0 -0.000481 -0.000001 0 1.000000 -0.000000 0 0 0 1.000000 0.990249 0.139310 0.000000 0.615884 -0.139310 0.990249 0 -0.000485 -0.000000 0 1.000000 0.000000 0 0 0 1.000000 0.997580 0.069537 0.000000 0.615918 -0.069537 0.997580 0 -0.000490 -0.000000 0 1.000000 0 0 0 0 1.000000 0.999995 -0.003120 0 0.615953 0.003120 0.999995 0 -0.000491 0 0 1.000000 0 0 0 0 1.000000 0.997151 -0.075430 -0.000000 0.615988 0.075430 0.997151 0 -0.000489 0.000000 0 1.000000 0 0 0 0 1.000000 0.989292 -0.145951 -0.000000 0.616023 0.145951 0.989292 0 -0.000485 0.000000 0 1.000000 0 0 0 0 1.000000 0.977081 -0.212869 -0.000001 0.616056 0.212869 0.977081 0 -0.000480 0.000001 0 1.000000 0 0 0 0 1.000000 0.961583 -0.274514 -0.000001 0.616087 0.274514 0.961583 0 -0.000471 0.000001 0 1.000000 0 0 0 0 1.000000 0.944190 -0.329401 -0.000001 0.616114 0.329401 0.944190 -0.000000 -0.000463 0.000001 -0.000000 1.000000 0 0 0 0 1.000000 0.926522 -0.376242 -0.000001 0.616136 0.376242 0.926522 -0.000000 -0.000455 0.000001 -0.000000 1.000000 0 0 0 0 1.000000 0.910311 -0.413925 -0.000001 0.616155 0.413925 0.910311 -0.000000 -0.000446 0.000001 -0.000000 1.000000 -0.000000 0 0 0 1.000000 0.895275 -0.445513 -0.000001 0.616171 0.445513 0.895275 -0.000000 -0.000439 0.000001 -0.000000 1.000000 0 0 0 0 1.000000 0.880165 -0.474668 -0.000001 0.616185 0.474668 0.880165 -0.000000 -0.000432 0.000001 -0.000000 1.000000 0 0 0 0 1.000000 0.865283 -0.501283 -0.000001 0.616198 0.501283 0.865283 -0.000000 -0.000425 0.000001 -0.000000 1.000000 0.000000 0 0 0 1.000000 0.850935 -0.525271 -0.000001 0.616208 0.525271 0.850935 -0.000000 -0.000418 0.000001 -0.000000 1.000000 -0.000000 0 0 0 1.000000 0.837422 -0.546557 -0.000001 0.616220 0.546557 0.837422 -0.000000 -0.000411 0.000002 -0.000000 1.000000 0 0 0 0 1.000000 0.825039 -0.565076 -0.000002 0.616228 0.565076 0.825039 -0.000001 -0.000405 0.000002 -0.000000 1.000000 0 0 0 0 1.000000 0.814070 -0.580767 -0.000002 0.616237 0.580767 0.814070 -0.000000 -0.000400 0.000002 -0.000001 1.000000 0 0 0 0 1.000000 0.804784 -0.593568 -0.000002 0.616242 0.593568 0.804784 -0.000001 -0.000395 0.000002 -0.000001 1.000000 0 0 0 0 1.000000 0.797430 -0.603411 -0.000002 0.616248 0.603411 0.797430 -0.000001 -0.000391 0.000002 -0.000001 1.000000 0 0 0 0 1.000000 0.792235 -0.610216 -0.000002 0.616252 0.610216 0.792235 -0.000001 -0.000389 0.000002 -0.000001 1.000000 0 0 0 0 1.000000 0.789395 -0.613886 -0.000002 0.616252 0.613886 0.789395 -0.000001 -0.000388 0.000002 -0.000001 1.000000 0 0 0 0 1.000000 0.789075 -0.614297 -0.000002 0.616253 0.614297 0.789075 -0.000001 -0.000387 0.000002 -0.000001 1.000000 0 0 0 0 1.000000 0.791401 -0.611298 -0.000002 0.616251 0.611298 0.791401 -0.000001 -0.000389 0.000002 -0.000001 1.000000 0 0 0 0 1.000000 0.796412 -0.604754 -0.000002 0.616248 0.604754 0.796412 -0.000001 -0.000391 0.000002 -0.000001 1.000000 0 0 0 0 1.000000 0.804258 -0.594281 -0.000002 0.616244 0.594281 0.804257 -0.000001 -0.000395 0.000002 -0.000001 1.000000 0 0 0 0 1.000000 0.815866 -0.578242 -0.000002 0.616235 0.578241 0.815866 -0.000001 -0.000400 0.000002 -0.000000 1.000000 0 0 0 0 1.000000 0.831642 -0.555312 -0.000002 0.616224 0.555312 0.831642 -0.000000 -0.000408 0.000002 -0.000000 1.000000 0 0 0 0 1.000000 0.850481 -0.526007 -0.000001 0.616210 0.526007 0.850481 -0.000000 -0.000417 0.000001 -0.000000 1.000000 0 0 0 0 1.000000 0.871236 -0.490864 -0.000001 0.616193 0.490864 0.871236 -0.000000 -0.000428 0.000001 -0.000000 1.000000 0 0 0 0 1.000000 0.892782 -0.450489 -0.000001 0.616172 0.450489 0.892782 -0.000000 -0.000438 0.000001 -0.000000 1.000000 0 0 0 0 1.000000 0.914055 -0.405590 -0.000001 0.616150 0.405590 0.914055 -0.000000 -0.000449 0.000001 -0.000000 1.000000 0 0 0 0 1.000000 0.934109 -0.356988 -0.000001 0.616126 0.356988 0.934109 -0.000000 -0.000459 0.000001 -0.000000 1.000000 0 0 0 0 1.000000 0.952153 -0.305622 -0.000001 0.616101 0.305622 0.952153 -0.000000 -0.000468 0.000001 -0.000000 1.000000 0 0 0 0 1.000000 0.967586 -0.252540 -0.000001 0.616077 0.252540 0.967586 0 -0.000474 0.000001 0 1.000000 0 0 0 0 1.000000 0.980025 -0.198873 -0.000001 0.616049 0.198873 0.980025 0 -0.000481 0.000001 0 1.000000 0 0 0 0 1.000000 0.989313 -0.145807 -0.000000 0.616023 0.145807 0.989313 0 -0.000486 0.000000 0 1.000000 0 0 0 0 1.000000 0.995520 -0.094554 -0.000000 0.615998 0.094554 0.995520 0 -0.000489 0.000000 0 1.000000 0.000000 0 0 0 1.000000 0.998927 -0.046319 0 0.615974 0.046319 0.998927 0 -0.000491 0 0 1.000000 0 0 0 0 1.000000 0.999997 -0.002278 0 0.615953 0.002278 0.999997 0 -0.000491 0 0 1.000000 0 0 0 0 1.000000 0.999336 0.036441 0 0.615934 -0.036441 0.999336 0 -0.000490 0 0 1.000000 0 0 0 0 1.000000 0.997581 0.069510 0.000000 0.615918 -0.069510 0.997581 0 -0.000490 -0.000000 0 1.000000 0 0 0 0 1.000000 0.995200 0.097867 0.000000 0.615904 -0.097867 0.995200 0 -0.000488 -0.000000 0 1.000000 -0.000000 0 0 0 1.000000 0.992488 0.122338 0.000000 0.615892 -0.122338 0.992488 0 -0.000487 -0.000000 0 1.000000 0 0 0 0 1.000000 0.989614 0.143753 0.000000 0.615881 -0.143753 0.989614 0 -0.000486 -0.000000 0 1.000000 0 0 0 0 1.000000 0.986636 0.162938 0.000000 0.615872 -0.162938 0.986636 0 -0.000484 -0.000000 0 1.000000 0 0 0 0 1.000000 0.983536 0.180714 0.000001 0.615864 -0.180714 0.983536 0 -0.000482 -0.000001 0 1.000000 0 0 0 0 1.000000 0.980224 0.197894 0.000001 0.615855 -0.197894 0.980224 0 -0.000481 -0.000001 0 1.000000 0 0 0 0 1.000000 0.976552 0.215280 0.000001 0.615847 -0.215280 0.976552 0 -0.000479 -0.000001 0 1.000000 0 0 0 0 1.000000 0.972317 0.233665 0.000001 0.615837 -0.233665 0.972317 0 -0.000477 -0.000001 0 1.000000 0 0 0 0 1.000000 0.967251 0.253823 0.000001 0.615828 -0.253823 0.967251 0 -0.000475 -0.000001 0 1.000000 0 0 0 0 1.000000</float_array>
        <technique_common>
          <accessor source="#Bip01_Ponytail11_matrix_Bip01_Ponytail11_transform-output-array" count="71" stride="16">
            <param name="TRANSFORM" type="float4x4"/>
          </accessor>
        </technique_common>
      </source>
      <source id="Bip01_Ponytail11_matrix_Bip01_Ponytail11_transform-interpolations">
        <Name_array id="Bip01_Ponytail11_matrix_Bip01_Ponytail11_transform-interpolations-array" count="71">LINEAR LINEAR LINEAR LINEAR LINEAR LINEAR LINEAR LINEAR LINEAR LINEAR LINEAR LINEAR LINEAR LINEAR LINEAR LINEAR LINEAR LINEAR LINEAR LINEAR LINEAR LINEAR LINEAR LINEAR LINEAR LINEAR LINEAR LINEAR LINEAR LINEAR LINEAR LINEAR LINEAR LINEAR LINEAR LINEAR LINEAR LINEAR LINEAR LINEAR LINEAR LINEAR LINEAR LINEAR LINEAR LINEAR LINEAR LINEAR LINEAR LINEAR LINEAR LINEAR LINEAR LINEAR LINEAR LINEAR LINEAR LINEAR LINEAR LINEAR LINEAR LINEAR LINEAR LINEAR LINEAR LINEAR LINEAR LINEAR LINEAR LINEAR LINEAR</Name_array>
        <technique_common>
          <accessor source="#Bip01_Ponytail11_matrix_Bip01_Ponytail11_transform-interpolations-array" count="71" stride="1">
            <param name="INTERPOLATION" type="Name"/>
          </accessor>
        </technique_common>
      </source>
      <sampler id="Bip01_Ponytail11_matrix_Bip01_Ponytail11_transform-sampler">
        <input semantic="INPUT" source="#Bip01_Ponytail11_matrix_Bip01_Ponytail11_transform-input"/>
        <input semantic="OUTPUT" source="#Bip01_Ponytail11_matrix_Bip01_Ponytail11_transform-output"/>
        <input semantic="INTERPOLATION" source="#Bip01_Ponytail11_matrix_Bip01_Ponytail11_transform-interpolations"/>
      </sampler>
      <channel source="#Bip01_Ponytail11_matrix_Bip01_Ponytail11_transform-sampler" target="Bip01_Ponytail11/transform"/>
    </animation>
    <animation id="Bip01_Ponytail12_matrix">
      <source id="Bip01_Ponytail12_matrix_Bip01_Ponytail12_transform-input">
        <float_array id="Bip01_Ponytail12_matrix_Bip01_Ponytail12_transform-input-array" count="71">0 0.033333 0.066667 0.100000 0.133333 0.166667 0.200000 0.233333 0.266667 0.300000 0.333333 0.366667 0.400000 0.433333 0.466667 0.500000 0.533333 0.566667 0.600000 0.633333 0.666667 0.700000 0.733334 0.766667 0.800000 0.833334 0.866667 0.900000 0.933334 0.966667 1.000000 1.033334 1.066667 1.100000 1.133334 1.166667 1.200000 1.233333 1.266667 1.300000 1.333333 1.366667 1.400000 1.433333 1.466667 1.500000 1.533333 1.566666 1.600000 1.633333 1.666666 1.700000 1.733333 1.766666 1.800000 1.833333 1.866666 1.899999 1.933333 1.966666 1.999999 2.033333 2.066666 2.099999 2.133333 2.166666 2.199999 2.233333 2.266666 2.299999 2.333333</float_array>
        <technique_common>
          <accessor source="#Bip01_Ponytail12_matrix_Bip01_Ponytail12_transform-input-array" count="71" stride="1">
            <param name="TIME" type="float"/>
          </accessor>
        </technique_common>
        <technique profile="MAYA">
          <pre_infinity>CONSTANT</pre_infinity>
          <post_infinity>CONSTANT</post_infinity>
        </technique>
      </source>
      <source id="Bip01_Ponytail12_matrix_Bip01_Ponytail12_transform-output">
        <float_array id="Bip01_Ponytail12_matrix_Bip01_Ponytail12_transform-output-array" count="1136">0.949580 0.313525 0.000001 0.615798 -0.313525 0.949580 -0.000000 -0.000465 -0.000001 -0.000000 1.000000 0 0 0 0 1.000000 0.944886 0.327400 0.000001 0.615791 -0.327400 0.944886 -0.000000 -0.000464 -0.000001 -0.000000 1.000000 0 0 0 0 1.000000 0.938700 0.344735 0.000001 0.615782 -0.344735 0.938700 -0.000000 -0.000461 -0.000001 -0.000000 1.000000 0 0 0 0 1.000000 0.931173 0.364578 0.000001 0.615772 -0.364578 0.931173 -0.000000 -0.000457 -0.000001 -0.000000 1.000000 0 0 0 0 1.000000 0.922502 0.385993 0.000001 0.615762 -0.385993 0.922502 -0.000000 -0.000452 -0.000001 -0.000000 1.000000 0 0 0 0 1.000000 0.912956 0.408059 0.000001 0.615752 -0.408059 0.912956 -0.000000 -0.000448 -0.000001 -0.000000 1.000000 0 0 0 0 1.000000 0.902882 0.429889 0.000001 0.615741 -0.429889 0.902882 -0.000000 -0.000443 -0.000001 -0.000000 1.000000 0 0 0 0 1.000000 0.892710 0.450632 0.000001 0.615731 -0.450632 0.892710 -0.000000 -0.000438 -0.000001 -0.000000 1.000000 0 0 0 0 1.000000 0.882945 0.469476 0.000001 0.615721 -0.469476 0.882945 -0.000000 -0.000432 -0.000001 -0.000000 1.000000 0 0 0 0 1.000000 0.874155 0.485647 0.000001 0.615713 -0.485647 0.874155 -0.000000 -0.000428 -0.000001 -0.000000 1.000000 0 0 0 0 1.000000 0.866948 0.498398 0.000001 0.615707 -0.498398 0.866948 -0.000000 -0.000425 -0.000001 -0.000000 1.000000 0 0 0 0 1.000000 0.861970 0.506960 0.000001 0.615703 -0.506960 0.861970 -0.000000 -0.000423 -0.000001 -0.000000 1.000000 0 0 0 0 1.000000 0.859753 0.510711 0.000001 0.615701 -0.510711 0.859753 -0.000000 -0.000422 -0.000001 -0.000000 1.000000 0 0 0 0 1.000000 0.860907 0.508762 0.000001 0.615702 -0.508762 0.860907 -0.000000 -0.000422 -0.000001 -0.000000 1.000000 0 0 0 0 1.000000 0.865843 0.500316 0.000001 0.615706 -0.500316 0.865843 -0.000000 -0.000424 -0.000001 -0.000000 1.000000 0.000000 0 0 0 1.000000 0.874823 0.484442 0.000001 0.615714 -0.484442 0.874823 -0.000000 -0.000429 -0.000001 -0.000000 1.000000 0.000000 0 0 0 1.000000 0.888361 0.459147 0.000001 0.615726 -0.459147 0.888361 -0.000000 -0.000435 -0.000001 -0.000000 1.000000 -0.000000 0 0 0 1.000000 0.905798 0.423711 0.000001 0.615744 -0.423711 0.905798 -0.000000 -0.000445 -0.000001 -0.000000 1.000000 0.000000 0 0 0 1.000000 0.925379 0.379044 0.000001 0.615766 -0.379044 0.925379 -0.000000 -0.000454 -0.000001 -0.000000 1.000000 0 0 0 0 1.000000 0.945315 0.326159 0.000001 0.615792 -0.326159 0.945315 -0.000000 -0.000463 -0.000001 -0.000000 1.000000 -0.000000 0 0 0 1.000000 0.963908 0.266236 0.000001 0.615821 -0.266236 0.963908 0 -0.000472 -0.000001 -0.000000 1.000000 0.000000 0 0 0 1.000000 0.979660 0.200666 0.000001 0.615854 -0.200666 0.979660 0 -0.000480 -0.000001 0 1.000000 -0.000000 0 0 0 1.000000 0.991318 0.131484 0.000000 0.615888 -0.131484 0.991318 0 -0.000486 -0.000000 0 1.000000 -0.000000 0 0 0 1.000000 0.998251 0.059119 0.000000 0.615923 -0.059119 0.998251 0 -0.000490 -0.000000 0 1.000000 -0.000000 0 0 0 1.000000 0.999913 -0.013228 0 0.615958 0.013228 0.999913 0 -0.000490 0 0 1.000000 0 0 0 0 1.000000 0.996457 -0.084102 -0.000000 0.615993 0.084102 0.996457 0 -0.000489 0.000000 0 1.000000 0 0 0 0 1.000000 0.988434 -0.151651 -0.000001 0.616026 0.151651 0.988434 0 -0.000485 0.000000 0 1.000000 0.000000 0 0 0 1.000000 0.976803 -0.214141 -0.000001 0.616057 0.214141 0.976803 0 -0.000479 0.000001 0 1.000000 0 0 0 0 1.000000 0.962860 -0.270003 -0.000001 0.616085 0.270003 0.962859 0 -0.000472 0.000001 0 1.000000 0 0 0 0 1.000000 0.948140 -0.317853 -0.000001 0.616108 0.317853 0.948140 -0.000000 -0.000465 0.000001 -0.000000 1.000000 0 0 0 0 1.000000 0.934306 -0.356472 -0.000001 0.616127 0.356472 0.934306 -0.000000 -0.000459 0.000001 -0.000000 1.000000 0 0 0 0 1.000000 0.921265 -0.388935 -0.000001 0.616142 0.388935 0.921265 -0.000000 -0.000452 0.000001 -0.000000 1.000000 0 0 0 0 1.000000 0.907999 -0.418973 -0.000001 0.616156 0.418973 0.907999 -0.000000 -0.000445 0.000001 -0.000000 1.000000 0 0 0 0 1.000000 0.894802 -0.446463 -0.000001 0.616171 0.446463 0.894802 -0.000000 -0.000439 0.000001 -0.000000 1.000000 0 0 0 0 1.000000 0.881975 -0.471297 -0.000001 0.616183 0.471297 0.881975 -0.000000 -0.000433 0.000001 -0.000000 1.000000 0.000000 0 0 0 1.000000 0.869812 -0.493383 -0.000001 0.616193 0.493383 0.869812 -0.000000 -0.000426 0.000001 -0.000000 1.000000 0 0 0 0 1.000000 0.858606 -0.512637 -0.000001 0.616203 0.512637 0.858606 -0.000000 -0.000421 0.000001 -0.000000 1.000000 0 0 0 0 1.000000 0.848635 -0.528980 -0.000001 0.616211 0.528980 0.848635 -0.000000 -0.000416 0.000001 -0.000000 1.000000 0 0 0 0 1.000000 0.840163 -0.542333 -0.000002 0.616218 0.542333 0.840163 -0.000000 -0.000412 0.000002 -0.000000 1.000000 0 0 0 0 1.000000 0.833436 -0.552615 -0.000001 0.616223 0.552615 0.833436 -0.000001 -0.000409 0.000002 -0.000000 1.000000 0 0 0 0 1.000000 0.828674 -0.559731 -0.000002 0.616226 0.559731 0.828674 -0.000001 -0.000406 0.000002 -0.000000 1.000000 0 0 0 0 1.000000 0.826068 -0.563570 -0.000002 0.616229 0.563570 0.826068 -0.000000 -0.000405 0.000002 -0.000000 1.000000 0 0 0 0 1.000000 0.825775 -0.564000 -0.000002 0.616228 0.564000 0.825775 -0.000000 -0.000405 0.000002 -0.000000 1.000000 0 0 0 0 1.000000 0.827909 -0.560862 -0.000002 0.616227 0.560862 0.827909 -0.000000 -0.000406 0.000002 -0.000000 1.000000 0 0 0 0 1.000000 0.832504 -0.554019 -0.000002 0.616224 0.554019 0.832504 -0.000000 -0.000409 0.000002 -0.000000 1.000000 0 0 0 0 1.000000 0.839682 -0.543078 -0.000001 0.616218 0.543078 0.839682 -0.000000 -0.000412 0.000001 -0.000000 1.000000 0 0 0 0 1.000000 0.850270 -0.526347 -0.000001 0.616210 0.526347 0.850270 -0.000000 -0.000417 0.000001 -0.000000 1.000000 0 0 0 0 1.000000 0.864589 -0.502480 -0.000001 0.616198 0.502480 0.864589 -0.000000 -0.000424 0.000001 -0.000000 1.000000 0 0 0 0 1.000000 0.881566 -0.472060 -0.000001 0.616183 0.472060 0.881567 -0.000000 -0.000433 0.000001 -0.000000 1.000000 0 0 0 0 1.000000 0.900095 -0.435693 -0.000001 0.616165 0.435693 0.900095 -0.000000 -0.000442 0.000001 -0.000000 1.000000 0 0 0 0 1.000000 0.919086 -0.394056 -0.000001 0.616144 0.394056 0.919086 -0.000000 -0.000451 0.000001 -0.000000 1.000000 -0.000000 0 0 0 1.000000 0.937524 -0.347920 -0.000001 0.616121 0.347920 0.937524 0 -0.000460 0.000001 -0.000000 1.000000 0.000000 0 0 0 1.000000 0.954515 -0.298164 -0.000001 0.616098 0.298164 0.954515 0 -0.000468 0.000001 -0.000000 1.000000 0.000000 0 0 0 1.000000 0.969327 -0.245775 -0.000001 0.616072 0.245775 0.969327 -0.000000 -0.000476 0.000001 0 1.000000 0 0 0 0 1.000000 0.981427 -0.191836 -0.000001 0.616046 0.191836 0.981427 0 -0.000481 0.000001 0 1.000000 0.000000 0 0 0 1.000000 0.990502 -0.137498 -0.000000 0.616019 0.137498 0.990502 0 -0.000486 0.000000 0 1.000000 -0.000000 0 0 0 1.000000 0.996469 -0.083957 -0.000000 0.615993 0.083957 0.996469 0 -0.000489 0.000000 0 1.000000 -0.000000 0 0 0 1.000000 0.999474 -0.032417 -0.000000 0.615968 0.032417 0.999474 0 -0.000490 0.000000 0 1.000000 0.000000 0 0 0 1.000000 0.999873 0.015936 0 0.615944 -0.015936 0.999873 0 -0.000490 0 0 1.000000 0 0 0 0 1.000000 0.998201 0.059958 0.000000 0.615923 -0.059958 0.998201 0 -0.000489 -0.000000 0 1.000000 0 0 0 0 1.000000 0.995131 0.098562 0.000000 0.615904 -0.098562 0.995131 0 -0.000488 -0.000000 0 1.000000 0 0 0 0 1.000000 0.991322 0.131457 0.000000 0.615887 -0.131457 0.991322 0 -0.000486 -0.000000 0 1.000000 0 0 0 0 1.000000 0.987180 0.159611 0.000000 0.615874 -0.159611 0.987180 0 -0.000485 -0.000000 0 1.000000 0 0 0 0 1.000000 0.982951 0.183866 0.000000 0.615862 -0.183866 0.982951 0 -0.000482 -0.000000 0 1.000000 0 0 0 0 1.000000 0.978749 0.205060 0.000001 0.615851 -0.205060 0.978749 0 -0.000480 -0.000001 0 1.000000 0 0 0 0 1.000000 0.974584 0.224023 0.000001 0.615842 -0.224023 0.974584 0 -0.000478 -0.000001 0 1.000000 0 0 0 0 1.000000 0.970383 0.241571 0.000001 0.615833 -0.241571 0.970383 0 -0.000475 -0.000001 0 1.000000 0 0 0 0 1.000000 0.966008 0.258512 0.000001 0.615824 -0.258512 0.966008 0 -0.000473 -0.000001 0 1.000000 0 0 0 0 1.000000 0.961262 0.275636 0.000001 0.615817 -0.275636 0.961262 0 -0.000471 -0.000001 0 1.000000 0 0 0 0 1.000000 0.955891 0.293722 0.000001 0.615807 -0.293722 0.955891 -0.000000 -0.000469 -0.000001 -0.000000 1.000000 0 0 0 0 1.000000 0.949580 0.313525 0.000001 0.615798 -0.313525 0.949580 -0.000000 -0.000465 -0.000001 -0.000000 1.000000 0 0 0 0 1.000000</float_array>
        <technique_common>
          <accessor source="#Bip01_Ponytail12_matrix_Bip01_Ponytail12_transform-output-array" count="71" stride="16">
            <param name="TRANSFORM" type="float4x4"/>
          </accessor>
        </technique_common>
      </source>
      <source id="Bip01_Ponytail12_matrix_Bip01_Ponytail12_transform-interpolations">
        <Name_array id="Bip01_Ponytail12_matrix_Bip01_Ponytail12_transform-interpolations-array" count="71">LINEAR LINEAR LINEAR LINEAR LINEAR LINEAR LINEAR LINEAR LINEAR LINEAR LINEAR LINEAR LINEAR LINEAR LINEAR LINEAR LINEAR LINEAR LINEAR LINEAR LINEAR LINEAR LINEAR LINEAR LINEAR LINEAR LINEAR LINEAR LINEAR LINEAR LINEAR LINEAR LINEAR LINEAR LINEAR LINEAR LINEAR LINEAR LINEAR LINEAR LINEAR LINEAR LINEAR LINEAR LINEAR LINEAR LINEAR LINEAR LINEAR LINEAR LINEAR LINEAR LINEAR LINEAR LINEAR LINEAR LINEAR LINEAR LINEAR LINEAR LINEAR LINEAR LINEAR LINEAR LINEAR LINEAR LINEAR LINEAR LINEAR LINEAR LINEAR</Name_array>
        <technique_common>
          <accessor source="#Bip01_Ponytail12_matrix_Bip01_Ponytail12_transform-interpolations-array" count="71" stride="1">
            <param name="INTERPOLATION" type="Name"/>
          </accessor>
        </technique_common>
      </source>
      <sampler id="Bip01_Ponytail12_matrix_Bip01_Ponytail12_transform-sampler">
        <input semantic="INPUT" source="#Bip01_Ponytail12_matrix_Bip01_Ponytail12_transform-input"/>
        <input semantic="OUTPUT" source="#Bip01_Ponytail12_matrix_Bip01_Ponytail12_transform-output"/>
        <input semantic="INTERPOLATION" source="#Bip01_Ponytail12_matrix_Bip01_Ponytail12_transform-interpolations"/>
      </sampler>
      <channel source="#Bip01_Ponytail12_matrix_Bip01_Ponytail12_transform-sampler" target="Bip01_Ponytail12/transform"/>
    </animation>
    <animation id="Bip01_Ponytail13_matrix">
      <source id="Bip01_Ponytail13_matrix_Bip01_Ponytail13_transform-input">
        <float_array id="Bip01_Ponytail13_matrix_Bip01_Ponytail13_transform-input-array" count="71">0 0.033333 0.066667 0.100000 0.133333 0.166667 0.200000 0.233333 0.266667 0.300000 0.333333 0.366667 0.400000 0.433333 0.466667 0.500000 0.533333 0.566667 0.600000 0.633333 0.666667 0.700000 0.733334 0.766667 0.800000 0.833334 0.866667 0.900000 0.933334 0.966667 1.000000 1.033334 1.066667 1.100000 1.133334 1.166667 1.200000 1.233333 1.266667 1.300000 1.333333 1.366667 1.400000 1.433333 1.466667 1.500000 1.533333 1.566666 1.600000 1.633333 1.666666 1.700000 1.733333 1.766666 1.800000 1.833333 1.866666 1.899999 1.933333 1.966666 1.999999 2.033333 2.066666 2.099999 2.133333 2.166666 2.199999 2.233333 2.266666 2.299999 2.333333</float_array>
        <technique_common>
          <accessor source="#Bip01_Ponytail13_matrix_Bip01_Ponytail13_transform-input-array" count="71" stride="1">
            <param name="TIME" type="float"/>
          </accessor>
        </technique_common>
        <technique profile="MAYA">
          <pre_infinity>CONSTANT</pre_infinity>
          <post_infinity>CONSTANT</post_infinity>
        </technique>
      </source>
      <source id="Bip01_Ponytail13_matrix_Bip01_Ponytail13_transform-output">
        <float_array id="Bip01_Ponytail13_matrix_Bip01_Ponytail13_transform-output-array" count="1136">0.972384 0.233387 0.000001 0.615837 -0.233387 0.972384 0 -0.000477 -0.000001 0 1.000000 0 0 0 0 1.000000 0.968861 0.247604 0.000001 0.615831 -0.247604 0.968861 0 -0.000475 -0.000001 0 1.000000 0 0 0 0 1.000000 0.964140 0.265394 0.000001 0.615822 -0.265394 0.964140 0 -0.000473 -0.000001 0 1.000000 0 0 0 0 1.000000 0.958291 0.285795 0.000001 0.615812 -0.285795 0.958291 -0.000000 -0.000470 -0.000001 0 1.000000 0 0 0 0 1.000000 0.951433 0.307857 0.000001 0.615801 -0.307857 0.951433 0 -0.000467 -0.000001 -0.000000 1.000000 0 0 0 0 1.000000 0.943757 0.330641 0.000001 0.615790 -0.330641 0.943757 -0.000000 -0.000463 -0.000001 -0.000000 1.000000 0 0 0 0 1.000000 0.935535 0.353234 0.000001 0.615779 -0.353234 0.935535 -0.000000 -0.000458 -0.000001 -0.000000 1.000000 0 0 0 0 1.000000 0.927125 0.374752 0.000001 0.615768 -0.374752 0.927125 -0.000000 -0.000454 -0.000001 -0.000000 1.000000 0 0 0 0 1.000000 0.918963 0.394344 0.000001 0.615758 -0.394344 0.918963 -0.000000 -0.000451 -0.000001 -0.000000 1.000000 0 0 0 0 1.000000 0.911550 0.411190 0.000001 0.615750 -0.411190 0.911550 -0.000000 -0.000447 -0.000001 -0.000000 1.000000 0 0 0 0 1.000000 0.905429 0.424497 0.000001 0.615744 -0.424497 0.905429 -0.000000 -0.000444 -0.000001 -0.000000 1.000000 0 0 0 0 1.000000 0.901181 0.433444 0.000001 0.615739 -0.433444 0.901181 -0.000000 -0.000442 -0.000001 -0.000000 1.000000 0 0 0 0 1.000000 0.899284 0.437366 0.000001 0.615737 -0.437366 0.899283 -0.000000 -0.000441 -0.000001 -0.000000 1.000000 0 0 0 0 1.000000 0.900272 0.435328 0.000001 0.615738 -0.435328 0.900272 -0.000000 -0.000441 -0.000001 -0.000000 1.000000 0 0 0 0 1.000000 0.904487 0.426501 0.000001 0.615742 -0.426501 0.904487 -0.000000 -0.000443 -0.000001 -0.000000 1.000000 0 0 0 0 1.000000 0.912115 0.409934 0.000001 0.615751 -0.409934 0.912115 -0.000000 -0.000447 -0.000001 -0.000000 1.000000 -0.000000 0 0 0 1.000000 0.923500 0.383599 0.000001 0.615764 -0.383599 0.923500 -0.000000 -0.000453 -0.000001 -0.000000 1.000000 0 0 0 0 1.000000 0.937926 0.346835 0.000001 0.615782 -0.346835 0.937926 -0.000000 -0.000460 -0.000001 -0.000000 1.000000 -0.000000 0 0 0 1.000000 0.953721 0.300693 0.000001 0.615804 -0.300693 0.953721 0 -0.000468 -0.000001 -0.000000 1.000000 0 0 0 0 1.000000 0.969186 0.246332 0.000001 0.615831 -0.246332 0.969186 0 -0.000475 -0.000001 0 1.000000 0.000000 0 0 0 1.000000 0.982725 0.185070 0.000001 0.615861 -0.185070 0.982725 0 -0.000482 -0.000001 0 1.000000 0 0 0 0 1.000000 0.992964 0.118415 0.000000 0.615893 -0.118415 0.992964 0 -0.000487 -0.000000 0 1.000000 0.000000 0 0 0 1.000000 0.998823 0.048503 0.000000 0.615928 -0.048503 0.998823 0 -0.000490 -0.000000 0 1.000000 0 0 0 0 1.000000 0.999707 -0.024188 0 0.615964 0.024188 0.999707 0 -0.000490 0 0 1.000000 0 0 0 0 1.000000 0.995341 -0.096423 -0.000000 0.615999 0.096423 0.995341 0 -0.000488 0.000000 0 1.000000 0 0 0 0 1.000000 0.985997 -0.166762 -0.000000 0.616034 0.166762 0.985997 0 -0.000484 0.000000 0 1.000000 -0.000000 0 0 0 1.000000 0.972379 -0.233409 -0.000001 0.616067 0.233409 0.972379 -0.000000 -0.000477 0.000001 0 1.000000 0 0 0 0 1.000000 0.955586 -0.294714 -0.000001 0.616095 0.294714 0.955586 0 -0.000469 0.000001 -0.000000 1.000000 0 0 0 0 1.000000 0.937040 -0.349221 -0.000001 0.616123 0.349221 0.937040 -0.000000 -0.000459 0.000001 -0.000000 1.000000 0 0 0 0 1.000000 0.918389 -0.395680 -0.000001 0.616146 0.395680 0.918389 -0.000000 -0.000450 0.000001 -0.000000 1.000000 0 0 0 0 1.000000 0.901388 -0.433013 -0.000001 0.616163 0.433013 0.901388 -0.000000 -0.000442 0.000001 -0.000000 1.000000 0 0 0 0 1.000000 0.885690 -0.464277 -0.000001 0.616179 0.464277 0.885690 -0.000000 -0.000435 0.000001 -0.000000 1.000000 0 0 0 0 1.000000 0.869968 -0.493107 -0.000001 0.616193 0.493107 0.869968 -0.000000 -0.000426 0.000001 -0.000000 1.000000 0 0 0 0 1.000000 0.854530 -0.519403 -0.000001 0.616206 0.519403 0.854529 -0.000000 -0.000419 0.000001 -0.000000 1.000000 -0.000000 0 0 0 1.000000 0.839679 -0.543083 -0.000002 0.616218 0.543083 0.839679 -0.000000 -0.000411 0.000002 -0.000000 1.000000 0 0 0 0 1.000000 0.825720 -0.564080 -0.000002 0.616228 0.564080 0.825720 -0.000001 -0.000405 0.000002 -0.000000 1.000000 0 0 0 0 1.000000 0.812950 -0.582334 -0.000002 0.616237 0.582334 0.812949 -0.000001 -0.000399 0.000002 -0.000000 1.000000 0 0 0 0 1.000000 0.801653 -0.597790 -0.000002 0.616245 0.597790 0.801653 -0.000001 -0.000392 0.000002 -0.000001 1.000000 0 0 0 0 1.000000 0.792099 -0.610392 -0.000002 0.616252 0.610392 0.792099 -0.000001 -0.000389 0.000002 -0.000001 1.000000 0 0 0 0 1.000000 0.784540 -0.620078 -0.000002 0.616256 0.620078 0.784540 -0.000001 -0.000385 0.000002 -0.000001 1.000000 0 0 0 0 1.000000 0.779202 -0.626773 -0.000002 0.616259 0.626773 0.779202 -0.000001 -0.000382 0.000002 -0.000001 1.000000 0 0 0 0 1.000000 0.776285 -0.630382 -0.000002 0.616260 0.630382 0.776285 -0.000001 -0.000381 0.000002 -0.000001 1.000000 0 0 0 0 1.000000 0.775957 -0.630786 -0.000002 0.616262 0.630786 0.775957 -0.000001 -0.000381 0.000002 -0.000001 1.000000 0 0 0 0 1.000000 0.778345 -0.627837 -0.000002 0.616260 0.627837 0.778345 -0.000001 -0.000381 0.000002 -0.000001 1.000000 -0.000000 0 0 0 1.000000 0.783493 -0.621400 -0.000002 0.616256 0.621400 0.783493 -0.000001 -0.000384 0.000002 -0.000001 1.000000 0 0 0 0 1.000000 0.791557 -0.611094 -0.000002 0.616252 0.611094 0.791557 -0.000001 -0.000388 0.000002 -0.000001 1.000000 0 0 0 0 1.000000 0.803501 -0.595303 -0.000002 0.616244 0.595303 0.803501 -0.000001 -0.000394 0.000002 -0.000001 1.000000 0 0 0 0 1.000000 0.819757 -0.572711 -0.000002 0.616232 0.572711 0.819757 -0.000001 -0.000402 0.000002 -0.000001 1.000000 0 0 0 0 1.000000 0.839209 -0.543809 -0.000001 0.616219 0.543809 0.839209 -0.000000 -0.000411 0.000001 -0.000000 1.000000 0 0 0 0 1.000000 0.860701 -0.509111 -0.000001 0.616201 0.509111 0.860701 -0.000000 -0.000422 0.000001 -0.000000 1.000000 -0.000000 0 0 0 1.000000 0.883092 -0.469200 -0.000001 0.616182 0.469200 0.883092 -0.000000 -0.000433 0.000001 -0.000000 1.000000 0 0 0 0 1.000000 0.905306 -0.424759 -0.000001 0.616161 0.424759 0.905306 -0.000000 -0.000444 0.000001 -0.000000 1.000000 0.000000 0 0 0 1.000000 0.926380 -0.376590 -0.000001 0.616136 0.376590 0.926380 -0.000000 -0.000455 0.000001 -0.000000 1.000000 -0.000000 0 0 0 1.000000 0.945502 -0.325616 -0.000001 0.616111 0.325616 0.945502 -0.000000 -0.000464 0.000001 -0.000000 1.000000 0 0 0 0 1.000000 0.962051 -0.272871 -0.000001 0.616085 0.272871 0.962051 0 -0.000472 0.000001 0 1.000000 0 0 0 0 1.000000 0.975618 -0.219477 -0.000001 0.616060 0.219477 0.975618 0 -0.000479 0.000001 0 1.000000 0 0 0 0 1.000000 0.986022 -0.166619 -0.000000 0.616033 0.166619 0.986021 0 -0.000484 0.000000 0 1.000000 0 0 0 0 1.000000 0.993307 -0.115508 -0.000000 0.616008 0.115508 0.993307 0 -0.000487 0.000000 0 1.000000 0.000000 0 0 0 1.000000 0.997729 -0.067356 -0.000000 0.615985 0.067356 0.997729 0 -0.000490 0.000000 0 1.000000 0 0 0 0 1.000000 0.999728 -0.023347 0 0.615963 0.023347 0.999728 0 -0.000490 0 0 1.000000 -0.000000 0 0 0 1.000000 0.999882 0.015378 0 0.615944 -0.015378 0.999882 0 -0.000491 0 0 1.000000 0 0 0 0 1.000000 0.998824 0.048476 0.000000 0.615928 -0.048476 0.998824 0 -0.000490 -0.000000 0 1.000000 0 0 0 0 1.000000 0.997041 0.076877 0.000000 0.615914 -0.076877 0.997041 0 -0.000489 -0.000000 0 1.000000 0 0 0 0 1.000000 0.994846 0.101400 0.000000 0.615902 -0.101400 0.994846 0 -0.000488 -0.000000 0 1.000000 0 0 0 0 1.000000 0.992423 0.122870 0.000000 0.615891 -0.122870 0.992423 0 -0.000487 -0.000000 0 1.000000 0 0 0 0 1.000000 0.989850 0.142114 0.000000 0.615882 -0.142114 0.989850 0 -0.000485 -0.000000 0 1.000000 0 0 0 0 1.000000 0.987125 0.159951 0.000000 0.615873 -0.159951 0.987125 0 -0.000484 -0.000000 0 1.000000 0 0 0 0 1.000000 0.984175 0.177197 0.000000 0.615864 -0.177197 0.984175 0 -0.000483 -0.000000 0 1.000000 0 0 0 0 1.000000 0.980871 0.194657 0.000001 0.615856 -0.194657 0.980871 0 -0.000481 -0.000001 0 1.000000 0 0 0 0 1.000000 0.977025 0.213127 0.000001 0.615847 -0.213127 0.977025 0 -0.000479 -0.000001 0 1.000000 0 0 0 0 1.000000 0.972384 0.233387 0.000001 0.615837 -0.233387 0.972384 0 -0.000477 -0.000001 0 1.000000 0 0 0 0 1.000000</float_array>
        <technique_common>
          <accessor source="#Bip01_Ponytail13_matrix_Bip01_Ponytail13_transform-output-array" count="71" stride="16">
            <param name="TRANSFORM" type="float4x4"/>
          </accessor>
        </technique_common>
      </source>
      <source id="Bip01_Ponytail13_matrix_Bip01_Ponytail13_transform-interpolations">
        <Name_array id="Bip01_Ponytail13_matrix_Bip01_Ponytail13_transform-interpolations-array" count="71">LINEAR LINEAR LINEAR LINEAR LINEAR LINEAR LINEAR LINEAR LINEAR LINEAR LINEAR LINEAR LINEAR LINEAR LINEAR LINEAR LINEAR LINEAR LINEAR LINEAR LINEAR LINEAR LINEAR LINEAR LINEAR LINEAR LINEAR LINEAR LINEAR LINEAR LINEAR LINEAR LINEAR LINEAR LINEAR LINEAR LINEAR LINEAR LINEAR LINEAR LINEAR LINEAR LINEAR LINEAR LINEAR LINEAR LINEAR LINEAR LINEAR LINEAR LINEAR LINEAR LINEAR LINEAR LINEAR LINEAR LINEAR LINEAR LINEAR LINEAR LINEAR LINEAR LINEAR LINEAR LINEAR LINEAR LINEAR LINEAR LINEAR LINEAR LINEAR</Name_array>
        <technique_common>
          <accessor source="#Bip01_Ponytail13_matrix_Bip01_Ponytail13_transform-interpolations-array" count="71" stride="1">
            <param name="INTERPOLATION" type="Name"/>
          </accessor>
        </technique_common>
      </source>
      <sampler id="Bip01_Ponytail13_matrix_Bip01_Ponytail13_transform-sampler">
        <input semantic="INPUT" source="#Bip01_Ponytail13_matrix_Bip01_Ponytail13_transform-input"/>
        <input semantic="OUTPUT" source="#Bip01_Ponytail13_matrix_Bip01_Ponytail13_transform-output"/>
        <input semantic="INTERPOLATION" source="#Bip01_Ponytail13_matrix_Bip01_Ponytail13_transform-interpolations"/>
      </sampler>
      <channel source="#Bip01_Ponytail13_matrix_Bip01_Ponytail13_transform-sampler" target="Bip01_Ponytail13/transform"/>
    </animation>
    <animation id="Bip01_Ponytail14_matrix">
      <source id="Bip01_Ponytail14_matrix_Bip01_Ponytail14_transform-input">
        <float_array id="Bip01_Ponytail14_matrix_Bip01_Ponytail14_transform-input-array" count="71">0 0.033333 0.066667 0.100000 0.133333 0.166667 0.200000 0.233333 0.266667 0.300000 0.333333 0.366667 0.400000 0.433333 0.466667 0.500000 0.533333 0.566667 0.600000 0.633333 0.666667 0.700000 0.733334 0.766667 0.800000 0.833334 0.866667 0.900000 0.933334 0.966667 1.000000 1.033334 1.066667 1.100000 1.133334 1.166667 1.200000 1.233333 1.266667 1.300000 1.333333 1.366667 1.400000 1.433333 1.466667 1.500000 1.533333 1.566666 1.600000 1.633333 1.666666 1.700000 1.733333 1.766666 1.800000 1.833333 1.866666 1.899999 1.933333 1.966666 1.999999 2.033333 2.066666 2.099999 2.133333 2.166666 2.199999 2.233333 2.266666 2.299999 2.333333</float_array>
        <technique_common>
          <accessor source="#Bip01_Ponytail14_matrix_Bip01_Ponytail14_transform-input-array" count="71" stride="1">
            <param name="TIME" type="float"/>
          </accessor>
        </technique_common>
        <technique profile="MAYA">
          <pre_infinity>CONSTANT</pre_infinity>
          <post_infinity>CONSTANT</post_infinity>
        </technique>
      </source>
      <source id="Bip01_Ponytail14_matrix_Bip01_Ponytail14_transform-output">
        <float_array id="Bip01_Ponytail14_matrix_Bip01_Ponytail14_transform-output-array" count="1136">0.991202 0.132356 0.000000 0.615887 -0.132356 0.991202 0 -0.000486 -0.000000 0 1.000000 0 0 0 0 1.000000 0.989157 0.146860 0.000000 0.615879 -0.146860 0.989157 0 -0.000485 -0.000000 0 1.000000 0 0 0 0 1.000000 0.986287 0.165040 0.000000 0.615870 -0.165040 0.986287 0 -0.000483 -0.000000 0 1.000000 0 0 0 0 1.000000 0.982562 0.185934 0.000001 0.615861 -0.185934 0.982562 0 -0.000482 -0.000001 0 1.000000 0 0 0 0 1.000000 0.978005 0.208583 0.000001 0.615849 -0.208583 0.978005 0 -0.000479 -0.000001 0 1.000000 0 0 0 0 1.000000 0.972707 0.232035 0.000001 0.615837 -0.232035 0.972707 0 -0.000477 -0.000001 0 1.000000 0 0 0 0 1.000000 0.966848 0.255353 0.000001 0.615826 -0.255353 0.966848 0 -0.000474 -0.000001 0 1.000000 0 0 0 0 1.000000 0.960691 0.277620 0.000001 0.615816 -0.277620 0.960691 0 -0.000471 -0.000001 -0.000000 1.000000 0 0 0 0 1.000000 0.954583 0.297946 0.000001 0.615806 -0.297946 0.954583 0 -0.000468 -0.000001 -0.000000 1.000000 0 0 0 0 1.000000 0.948938 0.315464 0.000001 0.615797 -0.315464 0.948937 0 -0.000465 -0.000001 -0.000000 1.000000 0 0 0 0 1.000000 0.944215 0.329329 0.000001 0.615790 -0.329329 0.944215 -0.000000 -0.000463 -0.000001 -0.000000 1.000000 0 0 0 0 1.000000 0.940907 0.338664 0.000001 0.615786 -0.338664 0.940907 -0.000000 -0.000461 -0.000001 -0.000000 1.000000 0 0 0 0 1.000000 0.939423 0.342761 0.000001 0.615784 -0.342761 0.939423 -0.000000 -0.000461 -0.000001 -0.000000 1.000000 0 0 0 0 1.000000 0.940197 0.340632 0.000001 0.615784 -0.340632 0.940197 -0.000000 -0.000461 -0.000001 -0.000000 1.000000 0 0 0 0 1.000000 0.943484 0.331418 0.000001 0.615789 -0.331418 0.943484 -0.000000 -0.000463 -0.000001 -0.000000 1.000000 0.000000 0 0 0 1.000000 0.949371 0.314156 0.000001 0.615797 -0.314156 0.949371 -0.000000 -0.000466 -0.000001 -0.000000 1.000000 0.000000 0 0 0 1.000000 0.957993 0.286792 0.000001 0.615811 -0.286792 0.957993 0 -0.000470 -0.000001 -0.000000 1.000000 0 0 0 0 1.000000 0.968570 0.248741 0.000001 0.615829 -0.248741 0.968570 0 -0.000475 -0.000001 0 1.000000 0 0 0 0 1.000000 0.979545 0.201222 0.000001 0.615853 -0.201222 0.979545 0 -0.000480 -0.000001 0 1.000000 0 0 0 0 1.000000 0.989349 0.145561 0.000000 0.615881 -0.145561 0.989350 0 -0.000485 -0.000000 -0.000000 1.000000 -0.000000 0 0 0 1.000000 0.996530 0.083232 0.000000 0.615911 -0.083232 0.996530 0 -0.000488 -0.000000 0 1.000000 0.000000 0 0 0 1.000000 0.999874 0.015879 0 0.615943 -0.015879 0.999874 0 -0.000491 0 0 1.000000 0 0 0 0 1.000000 0.998527 -0.054265 -0.000000 0.615978 0.054265 0.998527 0 -0.000489 0.000000 0 1.000000 -0.000000 0 0 0 1.000000 0.991946 -0.126663 -0.000000 0.616014 0.126663 0.991946 0 -0.000486 0.000000 0 1.000000 0 0 0 0 1.000000 0.980188 -0.198068 -0.000001 0.616049 0.198068 0.980188 0 -0.000481 0.000001 0 1.000000 0 0 0 0 1.000000 0.963675 -0.267077 -0.000001 0.616084 0.267077 0.963675 -0.000000 -0.000473 0.000001 0 1.000000 -0.000000 0 0 0 1.000000 0.943289 -0.331974 -0.000001 0.616114 0.331974 0.943288 0 -0.000463 0.000001 -0.000000 1.000000 -0.000000 0 0 0 1.000000 0.920292 -0.391232 -0.000001 0.616143 0.391232 0.920292 -0.000000 -0.000452 0.000001 -0.000000 1.000000 0 0 0 0 1.000000 0.896251 -0.443548 -0.000001 0.616168 0.443548 0.896251 -0.000000 -0.000439 0.000001 -0.000000 1.000000 0 0 0 0 1.000000 0.872929 -0.487847 -0.000001 0.616190 0.487847 0.872929 -0.000000 -0.000428 0.000001 -0.000000 1.000000 0 0 0 0 1.000000 0.852187 -0.523238 -0.000001 0.616207 0.523238 0.852187 -0.000000 -0.000417 0.000001 -0.000000 1.000000 0 0 0 0 1.000000 0.833363 -0.552727 -0.000002 0.616223 0.552727 0.833363 -0.000000 -0.000408 0.000002 -0.000000 1.000000 0 0 0 0 1.000000 0.814766 -0.579790 -0.000002 0.616236 0.579790 0.814766 -0.000001 -0.000399 0.000002 -0.000001 1.000000 0.000000 0 0 0 1.000000 0.796709 -0.604363 -0.000002 0.616248 0.604363 0.796709 -0.000001 -0.000391 0.000002 -0.000001 1.000000 0 0 0 0 1.000000 0.779507 -0.626394 -0.000002 0.616259 0.626394 0.779507 -0.000001 -0.000383 0.000002 -0.000001 1.000000 0 0 0 0 1.000000 0.763467 -0.645847 -0.000002 0.616269 0.645847 0.763467 -0.000001 -0.000375 0.000002 -0.000001 1.000000 0 0 0 0 1.000000 0.748890 -0.662694 -0.000002 0.616277 0.662694 0.748890 -0.000001 -0.000368 0.000002 -0.000001 1.000000 0 0 0 0 1.000000 0.736067 -0.676909 -0.000002 0.616284 0.676909 0.736067 -0.000001 -0.000361 0.000002 -0.000001 1.000000 0.000000 0 0 0 1.000000 0.725270 -0.688464 -0.000002 0.616290 0.688464 0.725270 -0.000001 -0.000356 0.000002 -0.000001 1.000000 -0.000000 0 0 0 1.000000 0.716756 -0.697324 -0.000002 0.616294 0.697324 0.716756 -0.000001 -0.000353 0.000002 -0.000001 1.000000 0 0 0 0 1.000000 0.710760 -0.703435 -0.000002 0.616297 0.703435 0.710760 -0.000001 -0.000349 0.000002 -0.000001 1.000000 0 0 0 0 1.000000 0.707488 -0.706725 -0.000002 0.616299 0.706725 0.707488 -0.000001 -0.000349 0.000002 -0.000001 1.000000 0 0 0 0 1.000000 0.707120 -0.707094 -0.000002 0.616299 0.707094 0.707120 -0.000001 -0.000347 0.000002 -0.000001 1.000000 0 0 0 0 1.000000 0.709798 -0.704405 -0.000002 0.616297 0.704405 0.709798 -0.000001 -0.000349 0.000002 -0.000001 1.000000 0 0 0 0 1.000000 0.715580 -0.698531 -0.000002 0.616295 0.698531 0.715580 -0.000001 -0.000352 0.000002 -0.000001 1.000000 0 0 0 0 1.000000 0.724659 -0.689108 -0.000002 0.616289 0.689107 0.724659 -0.000001 -0.000356 0.000002 -0.000001 1.000000 0 0 0 0 1.000000 0.738161 -0.674625 -0.000002 0.616283 0.674625 0.738160 -0.000001 -0.000361 0.000002 -0.000001 1.000000 0 0 0 0 1.000000 0.756649 -0.653821 -0.000002 0.616273 0.653821 0.756649 -0.000001 -0.000372 0.000002 -0.000001 1.000000 0.000000 0 0 0 1.000000 0.778965 -0.627068 -0.000002 0.616259 0.627068 0.778965 -0.000001 -0.000382 0.000002 -0.000001 1.000000 0 0 0 0 1.000000 0.803904 -0.594759 -0.000002 0.616244 0.594759 0.803904 -0.000001 -0.000395 0.000002 -0.000000 1.000000 0 0 0 0 1.000000 0.830273 -0.557357 -0.000002 0.616226 0.557357 0.830273 -0.000000 -0.000407 0.000002 -0.000000 1.000000 0.000000 0 0 0 1.000000 0.856932 -0.515430 -0.000001 0.616205 0.515430 0.856932 -0.000000 -0.000421 0.000001 -0.000000 1.000000 0 0 0 0 1.000000 0.882838 -0.469678 -0.000001 0.616182 0.469678 0.882838 -0.000000 -0.000433 0.000001 -0.000000 1.000000 0 0 0 0 1.000000 0.907090 -0.420936 -0.000001 0.616158 0.420936 0.907090 -0.000000 -0.000445 0.000001 -0.000000 1.000000 0 0 0 0 1.000000 0.928965 -0.370168 -0.000001 0.616133 0.370168 0.928965 -0.000000 -0.000455 0.000001 -0.000000 1.000000 0 0 0 0 1.000000 0.947940 -0.318449 -0.000001 0.616107 0.318449 0.947940 0 -0.000464 0.000001 -0.000000 1.000000 0.000000 0 0 0 1.000000 0.963714 -0.266937 -0.000001 0.616083 0.266937 0.963714 -0.000000 -0.000472 0.000001 0 1.000000 0.000000 0 0 0 1.000000 0.976206 -0.216844 -0.000001 0.616060 0.216844 0.976206 0 -0.000480 0.000001 0 1.000000 -0.000001 0 0 0 1.000000 0.985548 -0.169400 -0.000000 0.616035 0.169400 0.985548 0 -0.000484 0.000000 0 1.000000 -0.000000 0 0 0 1.000000 0.992052 -0.125829 -0.000000 0.616013 0.125829 0.992052 0 -0.000487 0.000000 0 1.000000 0 0 0 0 1.000000 0.996180 -0.087324 -0.000000 0.615995 0.087324 0.996180 0 -0.000489 0.000000 0 1.000000 -0.000000 0 0 0 1.000000 0.998525 -0.054292 -0.000000 0.615978 0.054292 0.998525 0 -0.000490 0.000000 0 1.000000 0 0 0 0 1.000000 0.999666 -0.025858 0 0.615964 0.025858 0.999666 0 -0.000490 0 0 1.000000 0 0 0 0 1.000000 0.999999 -0.001239 0 0.615953 0.001239 0.999999 0 -0.000491 0 0 1.000000 0 0 0 0 1.000000 0.999793 0.020366 0 0.615942 -0.020366 0.999793 0 -0.000490 0 0 1.000000 0 0 0 0 1.000000 0.999209 0.039772 0.000000 0.615932 -0.039772 0.999209 0 -0.000490 -0.000000 0 1.000000 0 0 0 0 1.000000 0.998328 0.057795 0.000000 0.615924 -0.057795 0.998328 0 -0.000490 -0.000000 0 1.000000 0 0 0 0 1.000000 0.997164 0.075252 0.000000 0.615915 -0.075252 0.997165 0 -0.000489 -0.000000 0 1.000000 0 0 0 0 1.000000 0.995670 0.092959 0.000000 0.615906 -0.092959 0.995670 0 -0.000489 -0.000000 0 1.000000 0 0 0 0 1.000000 0.993739 0.111727 0.000000 0.615897 -0.111727 0.993739 0 -0.000488 -0.000000 0 1.000000 0 0 0 0 1.000000 0.991202 0.132356 0.000000 0.615887 -0.132356 0.991202 0 -0.000486 -0.000000 0 1.000000 0 0 0 0 1.000000</float_array>
        <technique_common>
          <accessor source="#Bip01_Ponytail14_matrix_Bip01_Ponytail14_transform-output-array" count="71" stride="16">
            <param name="TRANSFORM" type="float4x4"/>
          </accessor>
        </technique_common>
      </source>
      <source id="Bip01_Ponytail14_matrix_Bip01_Ponytail14_transform-interpolations">
        <Name_array id="Bip01_Ponytail14_matrix_Bip01_Ponytail14_transform-interpolations-array" count="71">LINEAR LINEAR LINEAR LINEAR LINEAR LINEAR LINEAR LINEAR LINEAR LINEAR LINEAR LINEAR LINEAR LINEAR LINEAR LINEAR LINEAR LINEAR LINEAR LINEAR LINEAR LINEAR LINEAR LINEAR LINEAR LINEAR LINEAR LINEAR LINEAR LINEAR LINEAR LINEAR LINEAR LINEAR LINEAR LINEAR LINEAR LINEAR LINEAR LINEAR LINEAR LINEAR LINEAR LINEAR LINEAR LINEAR LINEAR LINEAR LINEAR LINEAR LINEAR LINEAR LINEAR LINEAR LINEAR LINEAR LINEAR LINEAR LINEAR LINEAR LINEAR LINEAR LINEAR LINEAR LINEAR LINEAR LINEAR LINEAR LINEAR LINEAR LINEAR</Name_array>
        <technique_common>
          <accessor source="#Bip01_Ponytail14_matrix_Bip01_Ponytail14_transform-interpolations-array" count="71" stride="1">
            <param name="INTERPOLATION" type="Name"/>
          </accessor>
        </technique_common>
      </source>
      <sampler id="Bip01_Ponytail14_matrix_Bip01_Ponytail14_transform-sampler">
        <input semantic="INPUT" source="#Bip01_Ponytail14_matrix_Bip01_Ponytail14_transform-input"/>
        <input semantic="OUTPUT" source="#Bip01_Ponytail14_matrix_Bip01_Ponytail14_transform-output"/>
        <input semantic="INTERPOLATION" source="#Bip01_Ponytail14_matrix_Bip01_Ponytail14_transform-interpolations"/>
      </sampler>
      <channel source="#Bip01_Ponytail14_matrix_Bip01_Ponytail14_transform-sampler" target="Bip01_Ponytail14/transform"/>
    </animation>
    <animation id="Mimi_L_Bone_matrix">
      <source id="Mimi_L_Bone_matrix_Mimi_L_Bone_transform-input">
        <float_array id="Mimi_L_Bone_matrix_Mimi_L_Bone_transform-input-array" count="71">0 0.033333 0.066667 0.100000 0.133333 0.166667 0.200000 0.233333 0.266667 0.300000 0.333333 0.366667 0.400000 0.433333 0.466667 0.500000 0.533333 0.566667 0.600000 0.633333 0.666667 0.700000 0.733334 0.766667 0.800000 0.833334 0.866667 0.900000 0.933334 0.966667 1.000000 1.033334 1.066667 1.100000 1.133334 1.166667 1.200000 1.233333 1.266667 1.300000 1.333333 1.366667 1.400000 1.433333 1.466667 1.500000 1.533333 1.566666 1.600000 1.633333 1.666666 1.700000 1.733333 1.766666 1.800000 1.833333 1.866666 1.899999 1.933333 1.966666 1.999999 2.033333 2.066666 2.099999 2.133333 2.166666 2.199999 2.233333 2.266666 2.299999 2.333333</float_array>
        <technique_common>
          <accessor source="#Mimi_L_Bone_matrix_Mimi_L_Bone_transform-input-array" count="71" stride="1">
            <param name="TIME" type="float"/>
          </accessor>
        </technique_common>
        <technique profile="MAYA">
          <pre_infinity>CONSTANT</pre_infinity>
          <post_infinity>CONSTANT</post_infinity>
        </technique>
      </source>
      <source id="Mimi_L_Bone_matrix_Mimi_L_Bone_transform-output">
        <float_array id="Mimi_L_Bone_matrix_Mimi_L_Bone_transform-output-array" count="1136">0.181025 0.049655 0.982224 0.381765 -0.704594 -0.690220 0.164751 0.025698 0.686131 -0.721894 -0.089961 0.614096 0 0 0 1.000000 0.181830 0.049901 0.982063 0.381765 -0.702055 -0.692700 0.165183 0.025698 0.688518 -0.719497 -0.090920 0.614096 0 0 0 1.000000 0.184119 0.050631 0.981599 0.381765 -0.694843 -0.699641 0.166420 0.025698 0.695192 -0.712699 -0.093637 0.614096 0 0 0 1.000000 0.187643 0.051878 0.980866 0.381765 -0.683532 -0.710246 0.168327 0.025698 0.705389 -0.702039 -0.097813 0.614096 0 0 0 1.000000 0.192098 0.053702 0.979905 0.381765 -0.668670 -0.723689 0.170745 0.025698 0.718316 -0.688033 -0.103111 0.614096 0 0 0 1.000000 0.197165 0.056164 0.978760 0.381765 -0.650820 -0.739138 0.173517 0.025698 0.733184 -0.671209 -0.109179 0.614096 0 0 0 1.000000 0.202542 0.059300 0.977476 0.381765 -0.630583 -0.755783 0.176513 0.025698 0.749228 -0.652131 -0.115685 0.614096 0 0 0 1.000000 0.207978 0.063106 0.976095 0.381765 -0.608610 -0.772866 0.179644 0.025698 0.765727 -0.631424 -0.122332 0.614096 0 0 0 1.000000 0.213293 0.067530 0.974651 0.381765 -0.585615 -0.789692 0.182871 0.025698 0.782023 -0.609776 -0.128890 0.614096 0 0 0 1.000000 0.218405 0.072470 0.973163 0.381765 -0.562364 -0.805652 0.186205 0.025698 0.797525 -0.587940 -0.135204 0.614096 0 0 0 1.000000 0.223338 0.077779 0.971633 0.381765 -0.539663 -0.820229 0.189706 0.025698 0.811716 -0.566723 -0.141214 0.614096 0 0 0 1.000000 0.228237 0.083272 0.970038 0.381765 -0.518350 -0.832997 0.193468 0.025698 0.824149 -0.546976 -0.146956 0.614096 0 0 0 1.000000 0.233358 0.088730 0.968334 0.381765 -0.499263 -0.843613 0.197619 0.025698 0.834434 -0.529570 -0.152564 0.614096 0 0 0 1.000000 0.239066 0.093911 0.966451 0.381765 -0.483230 -0.851799 0.202305 0.025698 0.842221 -0.515382 -0.158256 0.614096 0 0 0 1.000000 0.245812 0.098546 0.964295 0.381765 -0.471043 -0.857312 0.207688 0.025698 0.847169 -0.505277 -0.164319 0.614096 0 0 0 1.000000 0.254105 0.102334 0.961747 0.381765 -0.463446 -0.859910 0.213946 0.025698 0.848910 -0.500083 -0.171081 0.614096 0 0 0 1.000000 0.291625 0.094138 0.951889 0.381765 -0.497973 -0.834713 0.235111 0.025698 0.816687 -0.542580 -0.196545 0.614096 0 0 0 1.000000 0.368454 0.061564 0.927605 0.381765 -0.577003 -0.767206 0.280110 0.025698 0.728909 -0.638439 -0.247158 0.614096 0 0 0 1.000000 0.454137 0.007289 0.890902 0.381765 -0.653148 -0.677367 0.338484 0.025698 0.605935 -0.735609 -0.302857 0.614096 0 0 0 1.000000 0.519284 -0.049618 0.853160 0.381765 -0.700216 -0.597033 0.391470 0.025698 0.489941 -0.800681 -0.344773 0.614096 0 0 0 1.000000 0.544235 -0.076286 0.835457 0.381765 -0.715309 -0.562526 0.414604 0.025698 0.438338 -0.823253 -0.360714 0.614096 0 0 0 1.000000 0.517046 -0.049548 0.854522 0.381765 -0.701869 -0.595972 0.390124 0.025698 0.489941 -0.801475 -0.342921 0.614096 0 0 0 1.000000 0.447865 0.007005 0.894073 0.381765 -0.657465 -0.675102 0.334631 0.025698 0.605935 -0.737691 -0.297749 0.614096 0 0 0 1.000000 0.360132 0.060229 0.930955 0.381765 -0.582233 -0.765195 0.274737 0.025698 0.728909 -0.640975 -0.240505 0.614096 0 0 0 1.000000 0.285246 0.092301 0.953999 0.381765 -0.501655 -0.833749 0.230661 0.025698 0.816687 -0.544374 -0.191521 0.614096 0 0 0 1.000000 0.254105 0.102334 0.961747 0.381765 -0.463446 -0.859910 0.213946 0.025698 0.848910 -0.500083 -0.171081 0.614096 0 0 0 1.000000 0.285246 0.092301 0.953999 0.381765 -0.501655 -0.833749 0.230661 0.025698 0.816687 -0.544374 -0.191521 0.614096 0 0 0 1.000000 0.360132 0.060229 0.930955 0.381765 -0.582233 -0.765195 0.274737 0.025698 0.728909 -0.640975 -0.240505 0.614096 0 0 0 1.000000 0.447865 0.007005 0.894073 0.381765 -0.657465 -0.675102 0.334631 0.025698 0.605935 -0.737691 -0.297749 0.614096 0 0 0 1.000000 0.517046 -0.049548 0.854522 0.381765 -0.701869 -0.595972 0.390124 0.025698 0.489941 -0.801475 -0.342921 0.614096 0 0 0 1.000000 0.544235 -0.076286 0.835457 0.381765 -0.715309 -0.562526 0.414604 0.025698 0.438338 -0.823253 -0.360714 0.614096 0 0 0 1.000000 0.517046 -0.049548 0.854522 0.381765 -0.701869 -0.595972 0.390124 0.025698 0.489941 -0.801475 -0.342921 0.614096 0 0 0 1.000000 0.447865 0.007005 0.894073 0.381765 -0.657465 -0.675102 0.334631 0.025698 0.605935 -0.737691 -0.297749 0.614096 0 0 0 1.000000 0.360132 0.060229 0.930955 0.381765 -0.582233 -0.765195 0.274737 0.025698 0.728909 -0.640975 -0.240505 0.614096 0 0 0 1.000000 0.285246 0.092301 0.953999 0.381765 -0.501655 -0.833749 0.230661 0.025698 0.816687 -0.544374 -0.191521 0.614096 0 0 0 1.000000 0.254105 0.102334 0.961747 0.381765 -0.463446 -0.859910 0.213946 0.025698 0.848910 -0.500083 -0.171081 0.614096 0 0 0 1.000000 0.285246 0.092301 0.953999 0.381765 -0.501655 -0.833749 0.230661 0.025698 0.816687 -0.544374 -0.191521 0.614096 0 0 0 1.000000 0.360132 0.060229 0.930955 0.381765 -0.582233 -0.765195 0.274737 0.025698 0.728909 -0.640975 -0.240505 0.614096 0 0 0 1.000000 0.447865 0.007005 0.894073 0.381765 -0.657465 -0.675102 0.334631 0.025698 0.605935 -0.737691 -0.297749 0.614096 0 0 0 1.000000 0.517046 -0.049548 0.854522 0.381765 -0.701869 -0.595972 0.390124 0.025698 0.489941 -0.801475 -0.342921 0.614096 0 0 0 1.000000 0.544235 -0.076286 0.835457 0.381765 -0.715309 -0.562526 0.414604 0.025698 0.438338 -0.823253 -0.360714 0.614096 0 0 0 1.000000 0.517046 -0.049548 0.854522 0.381765 -0.701869 -0.595972 0.390124 0.025698 0.489941 -0.801475 -0.342921 0.614096 0 0 0 1.000000 0.447865 0.007005 0.894073 0.381765 -0.657465 -0.675102 0.334631 0.025698 0.605935 -0.737691 -0.297749 0.614096 0 0 0 1.000000 0.360132 0.060229 0.930955 0.381765 -0.582233 -0.765195 0.274737 0.025698 0.728909 -0.640975 -0.240505 0.614096 0 0 0 1.000000 0.285246 0.092301 0.953999 0.381765 -0.501655 -0.833749 0.230661 0.025698 0.816687 -0.544374 -0.191521 0.614096 0 0 0 1.000000 0.254105 0.102334 0.961747 0.381765 -0.463446 -0.859910 0.213946 0.025698 0.848910 -0.500083 -0.171081 0.614096 0 0 0 1.000000 0.285246 0.092301 0.953999 0.381765 -0.501655 -0.833749 0.230661 0.025698 0.816687 -0.544374 -0.191521 0.614096 0 0 0 1.000000 0.360132 0.060229 0.930955 0.381765 -0.582233 -0.765195 0.274737 0.025698 0.728909 -0.640975 -0.240505 0.614096 0 0 0 1.000000 0.447865 0.007005 0.894073 0.381765 -0.657465 -0.675102 0.334631 0.025698 0.605935 -0.737691 -0.297749 0.614096 0 0 0 1.000000 0.517046 -0.049548 0.854522 0.381765 -0.701869 -0.595972 0.390124 0.025698 0.489941 -0.801475 -0.342921 0.614096 0 0 0 1.000000 0.544235 -0.076286 0.835457 0.381765 -0.715309 -0.562526 0.414604 0.025698 0.438338 -0.823253 -0.360714 0.614096 0 0 0 1.000000 0.523335 -0.055497 0.850318 0.381765 -0.704688 -0.589231 0.395249 0.025698 0.479099 -0.806056 -0.347473 0.614096 0 0 0 1.000000 0.468033 -0.008287 0.883672 0.381765 -0.670243 -0.655041 0.348849 0.025698 0.575950 -0.755548 -0.312135 0.614096 0 0 0 1.000000 0.391589 0.042408 0.919162 0.381765 -0.609161 -0.736732 0.293510 0.025698 0.689624 -0.674853 -0.262663 0.614096 0 0 0 1.000000 0.313146 0.080731 0.946267 0.381765 -0.531438 -0.810879 0.245048 0.025698 0.787091 -0.579619 -0.211020 0.614096 0 0 0 1.000000 0.254105 0.102334 0.961747 0.381765 -0.463446 -0.859910 0.213946 0.025698 0.848910 -0.500083 -0.171081 0.614096 0 0 0 1.000000 0.212228 0.115720 0.970344 0.381765 -0.409624 -0.890984 0.195846 0.025698 0.887224 -0.439041 -0.141690 0.614096 0 0 0 1.000000 0.173263 0.126981 0.976655 0.381765 -0.353472 -0.917568 0.182006 0.025698 0.919259 -0.376756 -0.114096 0.614096 0 0 0 1.000000 0.138687 0.135649 0.981002 0.381765 -0.298721 -0.938707 0.172032 0.025698 0.944209 -0.316905 -0.089665 0.614096 0 0 0 1.000000 0.109773 0.141628 0.983815 0.381765 -0.249381 -0.954212 0.165192 0.025698 0.962164 -0.263479 -0.069427 0.614096 0 0 0 1.000000 0.087533 0.145038 0.985546 0.381765 -0.209545 -0.964527 0.160556 0.025698 0.973873 -0.220570 -0.054036 0.614096 0 0 0 1.000000 0.072702 0.146040 0.986603 0.381765 -0.183245 -0.970426 0.157148 0.025698 0.980375 -0.192215 -0.043791 0.614096 0 0 0 1.000000 0.065754 0.144639 0.987297 0.381765 -0.174373 -0.972548 0.154092 0.025698 0.982482 -0.182291 -0.038728 0.614096 0 0 0 1.000000 0.071589 0.139876 0.987577 0.381765 -0.200370 -0.967917 0.151617 0.025698 0.977101 -0.208735 -0.041265 0.614096 0 0 0 1.000000 0.089867 0.131014 0.987299 0.381765 -0.266887 -0.951887 0.150608 0.025698 0.959529 -0.277032 -0.050577 0.614096 0 0 0 1.000000 0.113586 0.117929 0.986504 0.381765 -0.358860 -0.921027 0.151421 0.025698 0.926454 -0.371216 -0.062296 0.614096 0 0 0 1.000000 0.137068 0.101334 0.985364 0.381765 -0.460372 -0.874275 0.153949 0.025698 0.877080 -0.474736 -0.073184 0.614096 0 0 0 1.000000 0.156539 0.083232 0.984158 0.381765 -0.556316 -0.815910 0.157490 0.025698 0.816093 -0.572156 -0.081418 0.614096 0 0 0 1.000000 0.170311 0.066519 0.983142 0.381765 -0.634377 -0.756062 0.161048 0.025698 0.754029 -0.651111 -0.086567 0.614096 0 0 0 1.000000 0.178324 0.054336 0.982470 0.381765 -0.685916 -0.709026 0.163711 0.025698 0.705492 -0.703086 -0.089166 0.614096 0 0 0 1.000000 0.181025 0.049655 0.982224 0.381765 -0.704594 -0.690220 0.164751 0.025698 0.686131 -0.721894 -0.089961 0.614096 0 0 0 1.000000</float_array>
        <technique_common>
          <accessor source="#Mimi_L_Bone_matrix_Mimi_L_Bone_transform-output-array" count="71" stride="16">
            <param name="TRANSFORM" type="float4x4"/>
          </accessor>
        </technique_common>
      </source>
      <source id="Mimi_L_Bone_matrix_Mimi_L_Bone_transform-interpolations">
        <Name_array id="Mimi_L_Bone_matrix_Mimi_L_Bone_transform-interpolations-array" count="71">LINEAR LINEAR LINEAR LINEAR LINEAR LINEAR LINEAR LINEAR LINEAR LINEAR LINEAR LINEAR LINEAR LINEAR LINEAR LINEAR LINEAR LINEAR LINEAR LINEAR LINEAR LINEAR LINEAR LINEAR LINEAR LINEAR LINEAR LINEAR LINEAR LINEAR LINEAR LINEAR LINEAR LINEAR LINEAR LINEAR LINEAR LINEAR LINEAR LINEAR LINEAR LINEAR LINEAR LINEAR LINEAR LINEAR LINEAR LINEAR LINEAR LINEAR LINEAR LINEAR LINEAR LINEAR LINEAR LINEAR LINEAR LINEAR LINEAR LINEAR LINEAR LINEAR LINEAR LINEAR LINEAR LINEAR LINEAR LINEAR LINEAR LINEAR LINEAR</Name_array>
        <technique_common>
          <accessor source="#Mimi_L_Bone_matrix_Mimi_L_Bone_transform-interpolations-array" count="71" stride="1">
            <param name="INTERPOLATION" type="Name"/>
          </accessor>
        </technique_common>
      </source>
      <sampler id="Mimi_L_Bone_matrix_Mimi_L_Bone_transform-sampler">
        <input semantic="INPUT" source="#Mimi_L_Bone_matrix_Mimi_L_Bone_transform-input"/>
        <input semantic="OUTPUT" source="#Mimi_L_Bone_matrix_Mimi_L_Bone_transform-output"/>
        <input semantic="INTERPOLATION" source="#Mimi_L_Bone_matrix_Mimi_L_Bone_transform-interpolations"/>
      </sampler>
      <channel source="#Mimi_L_Bone_matrix_Mimi_L_Bone_transform-sampler" target="Mimi_L_Bone/transform"/>
    </animation>
    <animation id="Mimi_R_Bone_matrix">
      <source id="Mimi_R_Bone_matrix_Mimi_R_Bone_transform-input">
        <float_array id="Mimi_R_Bone_matrix_Mimi_R_Bone_transform-input-array" count="71">0 0.033333 0.066667 0.100000 0.133333 0.166667 0.200000 0.233333 0.266667 0.300000 0.333333 0.366667 0.400000 0.433333 0.466667 0.500000 0.533333 0.566667 0.600000 0.633333 0.666667 0.700000 0.733334 0.766667 0.800000 0.833334 0.866667 0.900000 0.933334 0.966667 1.000000 1.033334 1.066667 1.100000 1.133334 1.166667 1.200000 1.233333 1.266667 1.300000 1.333333 1.366667 1.400000 1.433333 1.466667 1.500000 1.533333 1.566666 1.600000 1.633333 1.666666 1.700000 1.733333 1.766666 1.800000 1.833333 1.866666 1.899999 1.933333 1.966666 1.999999 2.033333 2.066666 2.099999 2.133333 2.166666 2.199999 2.233333 2.266666 2.299999 2.333333</float_array>
        <technique_common>
          <accessor source="#Mimi_R_Bone_matrix_Mimi_R_Bone_transform-input-array" count="71" stride="1">
            <param name="TIME" type="float"/>
          </accessor>
        </technique_common>
        <technique profile="MAYA">
          <pre_infinity>CONSTANT</pre_infinity>
          <post_infinity>CONSTANT</post_infinity>
        </technique>
      </source>
      <source id="Mimi_R_Bone_matrix_Mimi_R_Bone_transform-output">
        <float_array id="Mimi_R_Bone_matrix_Mimi_R_Bone_transform-output-array" count="1136">0.181024 -0.049656 0.982224 0.381764 -0.704592 0.690223 0.164751 0.025700 -0.686135 -0.721891 0.089960 -0.614104 0 0 0 1.000000 0.181819 -0.049861 0.982067 0.381764 -0.702556 0.692184 0.165214 0.025700 -0.688009 -0.719996 0.090823 -0.614104 0 0 0 1.000000 0.184105 -0.050464 0.981610 0.381764 -0.696777 0.697684 0.166551 0.025700 -0.693258 -0.714626 0.093285 -0.614104 0 0 0 1.000000 0.187686 -0.051488 0.980879 0.381764 -0.687717 0.706116 0.168656 0.025700 -0.701298 -0.706221 0.097119 -0.614104 0 0 0 1.000000 0.192329 -0.052975 0.979900 0.381764 -0.675823 0.716857 0.171401 0.025700 -0.711528 -0.695204 0.102071 -0.614104 0 0 0 1.000000 0.197787 -0.054973 0.978702 0.381764 -0.661547 0.729280 0.174656 0.025700 -0.723350 -0.682003 0.107876 -0.614104 0 0 0 1.000000 0.203826 -0.057516 0.977316 0.381764 -0.645362 0.742774 0.178308 0.025700 -0.736181 -0.667067 0.114279 -0.614104 0 0 0 1.000000 0.210241 -0.060612 0.975769 0.381764 -0.627772 0.756757 0.182268 0.025700 -0.749467 -0.650880 0.121051 -0.614104 0 0 0 1.000000 0.216874 -0.064234 0.974084 0.381764 -0.609317 0.770686 0.186482 0.025700 -0.762691 -0.633969 0.128003 -0.614104 0 0 0 1.000000 0.223635 -0.068318 0.972276 0.381764 -0.590575 0.784070 0.190932 0.025700 -0.775377 -0.616901 0.134999 -0.614104 0 0 0 1.000000 0.230505 -0.072761 0.970347 0.381764 -0.572149 0.796475 0.195636 0.025700 -0.787092 -0.600278 0.141961 -0.614104 0 0 0 1.000000 0.237547 -0.077425 0.968285 0.381764 -0.554663 0.807521 0.200644 0.025700 -0.797446 -0.584734 0.148880 -0.614104 0 0 0 1.000000 0.244909 -0.082138 0.966060 0.381764 -0.538747 0.816885 0.206034 0.025700 -0.806084 -0.570922 0.155811 -0.614104 0 0 0 1.000000 0.252814 -0.086699 0.963623 0.381764 -0.525025 0.824284 0.211906 0.025700 -0.812671 -0.559499 0.162871 -0.614104 0 0 0 1.000000 0.261554 -0.090876 0.960901 0.381764 -0.514099 0.829464 0.218382 0.025700 -0.816879 -0.551117 0.170230 -0.614104 0 0 0 1.000000 0.271475 -0.094409 0.957804 0.381764 -0.506538 0.832181 0.225597 0.025700 -0.818364 -0.546408 0.178094 -0.614104 0 0 0 1.000000 0.300444 -0.092373 0.949316 0.381764 -0.519801 0.818650 0.244168 0.025700 -0.799712 -0.566814 0.197943 -0.614104 0 0 0 1.000000 0.355825 -0.079575 0.931158 0.381764 -0.554826 0.783791 0.278998 0.025700 -0.752035 -0.615906 0.234742 -0.614104 0 0 0 1.000000 0.419827 -0.057422 0.905786 0.381764 -0.590168 0.740928 0.320511 0.025700 -0.689526 -0.669125 0.277173 -0.614104 0 0 0 1.000000 0.472352 -0.033882 0.880759 0.381764 -0.613554 0.704769 0.356162 0.025700 -0.632799 -0.708627 0.312111 -0.614104 0 0 0 1.000000 0.493937 -0.022747 0.869200 0.381764 -0.621673 0.689667 0.371325 0.025700 -0.607905 -0.723769 0.326511 -0.614104 0 0 0 1.000000 0.470288 -0.033629 0.881872 0.381764 -0.615138 0.704030 0.354891 0.025700 -0.632799 -0.709373 0.310410 -0.614104 0 0 0 1.000000 0.413860 -0.056492 0.908586 0.381764 -0.594368 0.739210 0.316695 0.025700 -0.689526 -0.671101 0.272352 -0.614104 0 0 0 1.000000 0.347400 -0.077809 0.934483 0.381764 -0.560140 0.782000 0.273348 0.025700 -0.752035 -0.618402 0.228083 -0.614104 0 0 0 1.000000 0.293434 -0.090500 0.951686 0.381764 -0.523790 0.817560 0.239246 0.025700 -0.799712 -0.568687 0.192497 -0.614104 0 0 0 1.000000 0.271475 -0.094409 0.957804 0.381764 -0.506538 0.832181 0.225597 0.025700 -0.818364 -0.546408 0.178094 -0.614104 0 0 0 1.000000 0.293434 -0.090500 0.951686 0.381764 -0.523790 0.817560 0.239246 0.025700 -0.799712 -0.568687 0.192497 -0.614104 0 0 0 1.000000 0.347400 -0.077809 0.934483 0.381764 -0.560140 0.782000 0.273348 0.025700 -0.752035 -0.618402 0.228083 -0.614104 0 0 0 1.000000 0.413860 -0.056492 0.908586 0.381764 -0.594368 0.739210 0.316695 0.025700 -0.689526 -0.671101 0.272352 -0.614104 0 0 0 1.000000 0.470288 -0.033629 0.881872 0.381764 -0.615138 0.704030 0.354891 0.025700 -0.632799 -0.709373 0.310410 -0.614104 0 0 0 1.000000 0.493937 -0.022747 0.869200 0.381764 -0.621673 0.689667 0.371325 0.025700 -0.607905 -0.723769 0.326511 -0.614104 0 0 0 1.000000 0.470288 -0.033629 0.881872 0.381764 -0.615138 0.704030 0.354891 0.025700 -0.632799 -0.709373 0.310410 -0.614104 0 0 0 1.000000 0.413860 -0.056492 0.908586 0.381764 -0.594368 0.739210 0.316695 0.025700 -0.689526 -0.671101 0.272352 -0.614104 0 0 0 1.000000 0.347400 -0.077809 0.934483 0.381764 -0.560140 0.782000 0.273348 0.025700 -0.752035 -0.618402 0.228083 -0.614104 0 0 0 1.000000 0.293434 -0.090500 0.951686 0.381764 -0.523790 0.817560 0.239246 0.025700 -0.799712 -0.568687 0.192497 -0.614104 0 0 0 1.000000 0.271475 -0.094409 0.957804 0.381764 -0.506538 0.832181 0.225597 0.025700 -0.818364 -0.546408 0.178094 -0.614104 0 0 0 1.000000 0.293434 -0.090500 0.951686 0.381764 -0.523790 0.817560 0.239246 0.025700 -0.799712 -0.568687 0.192497 -0.614104 0 0 0 1.000000 0.347400 -0.077809 0.934483 0.381764 -0.560140 0.782000 0.273348 0.025700 -0.752035 -0.618402 0.228083 -0.614104 0 0 0 1.000000 0.413860 -0.056492 0.908586 0.381764 -0.594368 0.739210 0.316695 0.025700 -0.689526 -0.671101 0.272352 -0.614104 0 0 0 1.000000 0.470288 -0.033629 0.881872 0.381764 -0.615138 0.704030 0.354891 0.025700 -0.632799 -0.709373 0.310410 -0.614104 0 0 0 1.000000 0.493937 -0.022747 0.869200 0.381764 -0.621673 0.689667 0.371325 0.025700 -0.607905 -0.723769 0.326511 -0.614104 0 0 0 1.000000 0.470288 -0.033629 0.881872 0.381764 -0.615138 0.704030 0.354891 0.025700 -0.632799 -0.709373 0.310410 -0.614104 0 0 0 1.000000 0.413860 -0.056492 0.908586 0.381764 -0.594368 0.739210 0.316695 0.025700 -0.689526 -0.671101 0.272352 -0.614104 0 0 0 1.000000 0.347400 -0.077809 0.934483 0.381764 -0.560140 0.782000 0.273348 0.025700 -0.752035 -0.618402 0.228083 -0.614104 0 0 0 1.000000 0.293434 -0.090500 0.951686 0.381764 -0.523790 0.817560 0.239246 0.025700 -0.799712 -0.568687 0.192497 -0.614104 0 0 0 1.000000 0.271475 -0.094409 0.957804 0.381764 -0.506538 0.832181 0.225597 0.025700 -0.818364 -0.546408 0.178094 -0.614104 0 0 0 1.000000 0.293434 -0.090500 0.951686 0.381764 -0.523790 0.817560 0.239246 0.025700 -0.799712 -0.568687 0.192497 -0.614104 0 0 0 1.000000 0.347400 -0.077809 0.934483 0.381764 -0.560140 0.782000 0.273348 0.025700 -0.752035 -0.618402 0.228083 -0.614104 0 0 0 1.000000 0.413860 -0.056492 0.908586 0.381764 -0.594368 0.739210 0.316695 0.025700 -0.689526 -0.671101 0.272352 -0.614104 0 0 0 1.000000 0.470288 -0.033629 0.881872 0.381764 -0.615138 0.704030 0.354891 0.025700 -0.632799 -0.709373 0.310410 -0.614104 0 0 0 1.000000 0.493937 -0.022747 0.869200 0.381764 -0.621673 0.689667 0.371325 0.025700 -0.607905 -0.723769 0.326511 -0.614104 0 0 0 1.000000 0.476799 -0.029762 0.878508 0.381764 -0.617862 0.699528 0.359036 0.025700 -0.625227 -0.713985 0.315146 -0.614104 0 0 0 1.000000 0.433409 -0.046294 0.900007 0.381764 -0.604840 0.725398 0.328581 0.025700 -0.668075 -0.686771 0.286394 -0.614104 0 0 0 1.000000 0.376270 -0.065283 0.924207 0.381764 -0.580089 0.761204 0.289939 0.025700 -0.722438 -0.645218 0.248548 -0.614104 0 0 0 1.000000 0.318307 -0.081719 0.944459 0.381764 -0.544916 0.799466 0.252825 0.025700 -0.775723 -0.595127 0.209945 -0.614104 0 0 0 1.000000 0.271475 -0.094409 0.957804 0.381764 -0.506538 0.832181 0.225597 0.025700 -0.818364 -0.546408 0.178094 -0.614104 0 0 0 1.000000 0.231816 -0.107029 0.966854 0.381764 -0.462687 0.862166 0.206375 0.025700 -0.855676 -0.495192 0.150343 -0.614104 0 0 0 1.000000 0.190617 -0.120011 0.974301 0.381764 -0.406653 0.893683 0.189640 0.025700 -0.893475 -0.432351 0.121549 -0.614104 0 0 0 1.000000 0.151045 -0.130996 0.979809 0.381764 -0.344008 0.922261 0.176333 0.025700 -0.926738 -0.363696 0.094239 -0.614104 0 0 0 1.000000 0.116033 -0.138774 0.983503 0.381764 -0.281645 0.944951 0.166562 0.025700 -0.952477 -0.296326 0.070560 -0.614104 0 0 0 1.000000 0.088091 -0.143093 0.985781 0.381764 -0.227351 0.960619 0.159758 0.025700 -0.969820 -0.238192 0.052089 -0.614104 0 0 0 1.000000 0.069188 -0.144265 0.987117 0.381764 -0.189272 0.969618 0.154973 0.025700 -0.979484 -0.197556 0.039781 -0.614104 0 0 0 1.000000 0.060763 -0.142639 0.987908 0.381764 -0.175484 0.972794 0.151250 0.025700 -0.982605 -0.182553 0.034079 -0.614104 0 0 0 1.000000 0.066242 -0.137832 0.988238 0.381764 -0.201547 0.968150 0.148541 0.025700 -0.977236 -0.209016 0.036353 -0.614104 0 0 0 1.000000 0.083737 -0.129423 0.988047 0.381764 -0.268309 0.951983 0.147438 0.025700 -0.959686 -0.277448 0.044991 -0.614104 0 0 0 1.000000 0.107028 -0.117100 0.987336 0.381764 -0.360430 0.920923 0.148295 0.025700 -0.926625 -0.371737 0.056358 -0.614104 0 0 0 1.000000 0.130994 -0.101279 0.986196 0.381764 -0.461832 0.874002 0.151101 0.025700 -0.877241 -0.475251 0.067715 -0.614104 0 0 0 1.000000 0.151938 -0.083642 0.984845 0.381764 -0.557410 0.815590 0.155262 0.025700 -0.816216 -0.572552 0.077296 -0.614104 0 0 0 1.000000 0.167737 -0.066948 0.983556 0.381764 -0.634978 0.755835 0.159738 0.025700 -0.754100 -0.651331 0.084271 -0.614104 0 0 0 1.000000 0.177562 -0.054504 0.982599 0.381764 -0.686090 0.708951 0.163306 0.025700 -0.705515 -0.703149 0.088488 -0.614104 0 0 0 1.000000 0.181024 -0.049656 0.982224 0.381764 -0.704592 0.690223 0.164751 0.025700 -0.686135 -0.721891 0.089960 -0.614104 0 0 0 1.000000</float_array>
        <technique_common>
          <accessor source="#Mimi_R_Bone_matrix_Mimi_R_Bone_transform-output-array" count="71" stride="16">
            <param name="TRANSFORM" type="float4x4"/>
          </accessor>
        </technique_common>
      </source>
      <source id="Mimi_R_Bone_matrix_Mimi_R_Bone_transform-interpolations">
        <Name_array id="Mimi_R_Bone_matrix_Mimi_R_Bone_transform-interpolations-array" count="71">LINEAR LINEAR LINEAR LINEAR LINEAR LINEAR LINEAR LINEAR LINEAR LINEAR LINEAR LINEAR LINEAR LINEAR LINEAR LINEAR LINEAR LINEAR LINEAR LINEAR LINEAR LINEAR LINEAR LINEAR LINEAR LINEAR LINEAR LINEAR LINEAR LINEAR LINEAR LINEAR LINEAR LINEAR LINEAR LINEAR LINEAR LINEAR LINEAR LINEAR LINEAR LINEAR LINEAR LINEAR LINEAR LINEAR LINEAR LINEAR LINEAR LINEAR LINEAR LINEAR LINEAR LINEAR LINEAR LINEAR LINEAR LINEAR LINEAR LINEAR LINEAR LINEAR LINEAR LINEAR LINEAR LINEAR LINEAR LINEAR LINEAR LINEAR LINEAR</Name_array>
        <technique_common>
          <accessor source="#Mimi_R_Bone_matrix_Mimi_R_Bone_transform-interpolations-array" count="71" stride="1">
            <param name="INTERPOLATION" type="Name"/>
          </accessor>
        </technique_common>
      </source>
      <sampler id="Mimi_R_Bone_matrix_Mimi_R_Bone_transform-sampler">
        <input semantic="INPUT" source="#Mimi_R_Bone_matrix_Mimi_R_Bone_transform-input"/>
        <input semantic="OUTPUT" source="#Mimi_R_Bone_matrix_Mimi_R_Bone_transform-output"/>
        <input semantic="INTERPOLATION" source="#Mimi_R_Bone_matrix_Mimi_R_Bone_transform-interpolations"/>
      </sampler>
      <channel source="#Mimi_R_Bone_matrix_Mimi_R_Bone_transform-sampler" target="Mimi_R_Bone/transform"/>
    </animation>
    <animation id="Bip01_L_Clavicle_matrix">
      <source id="Bip01_L_Clavicle_matrix_Bip01_L_Clavicle_transform-input">
        <float_array id="Bip01_L_Clavicle_matrix_Bip01_L_Clavicle_transform-input-array" count="71">0 0.033333 0.066667 0.100000 0.133333 0.166667 0.200000 0.233333 0.266667 0.300000 0.333333 0.366667 0.400000 0.433333 0.466667 0.500000 0.533333 0.566667 0.600000 0.633333 0.666667 0.700000 0.733334 0.766667 0.800000 0.833334 0.866667 0.900000 0.933334 0.966667 1.000000 1.033334 1.066667 1.100000 1.133334 1.166667 1.200000 1.233333 1.266667 1.300000 1.333333 1.366667 1.400000 1.433333 1.466667 1.500000 1.533333 1.566666 1.600000 1.633333 1.666666 1.700000 1.733333 1.766666 1.800000 1.833333 1.866666 1.899999 1.933333 1.966666 1.999999 2.033333 2.066666 2.099999 2.133333 2.166666 2.199999 2.233333 2.266666 2.299999 2.333333</float_array>
        <technique_common>
          <accessor source="#Bip01_L_Clavicle_matrix_Bip01_L_Clavicle_transform-input-array" count="71" stride="1">
            <param name="TIME" type="float"/>
          </accessor>
        </technique_common>
        <technique profile="MAYA">
          <pre_infinity>CONSTANT</pre_infinity>
          <post_infinity>CONSTANT</post_infinity>
        </technique>
      </source>
      <source id="Bip01_L_Clavicle_matrix_Bip01_L_Clavicle_transform-output">
        <float_array id="Bip01_L_Clavicle_matrix_Bip01_L_Clavicle_transform-output-array" count="1136">-0.383638 -0.000254 0.923484 -0.269566 0.875340 -0.318765 0.363550 -0.073129 0.294282 0.947834 0.122512 0.228309 0 0 0 1.000000 -0.383638 -0.000254 0.923484 -0.269566 0.875340 -0.318765 0.363550 -0.073129 0.294282 0.947834 0.122512 0.228309 0 0 0 1.000000 -0.383638 -0.000254 0.923484 -0.269566 0.875340 -0.318765 0.363550 -0.073129 0.294282 0.947834 0.122512 0.228309 0 0 0 1.000000 -0.383638 -0.000254 0.923484 -0.269566 0.875340 -0.318765 0.363550 -0.073129 0.294282 0.947834 0.122512 0.228309 0 0 0 1.000000 -0.383638 -0.000254 0.923484 -0.269566 0.875340 -0.318765 0.363550 -0.073129 0.294282 0.947834 0.122512 0.228309 0 0 0 1.000000 -0.383638 -0.000254 0.923484 -0.269566 0.875340 -0.318765 0.363550 -0.073130 0.294282 0.947834 0.122512 0.228309 0 0 0 1.000000 -0.383638 -0.000254 0.923483 -0.269566 0.875340 -0.318765 0.363550 -0.073129 0.294282 0.947834 0.122512 0.228309 0 0 0 1.000000 -0.383638 -0.000254 0.923483 -0.269566 0.875340 -0.318765 0.363550 -0.073129 0.294282 0.947834 0.122512 0.228309 0 0 0 1.000000 -0.383638 -0.000254 0.923484 -0.269566 0.875340 -0.318765 0.363550 -0.073129 0.294282 0.947834 0.122512 0.228309 0 0 0 1.000000 -0.383638 -0.000254 0.923484 -0.269566 0.875340 -0.318765 0.363550 -0.073129 0.294282 0.947834 0.122512 0.228309 0 0 0 1.000000 -0.383638 -0.000254 0.923484 -0.269566 0.875340 -0.318765 0.363550 -0.073129 0.294282 0.947834 0.122512 0.228309 0 0 0 1.000000 -0.383638 -0.000254 0.923484 -0.269566 0.875340 -0.318765 0.363550 -0.073129 0.294282 0.947834 0.122512 0.228309 0 0 0 1.000000 -0.383638 -0.000254 0.923484 -0.269566 0.875340 -0.318765 0.363550 -0.073129 0.294282 0.947834 0.122512 0.228309 0 0 0 1.000000 -0.383638 -0.000254 0.923484 -0.269566 0.875340 -0.318765 0.363550 -0.073129 0.294282 0.947834 0.122512 0.228309 0 0 0 1.000000 -0.383638 -0.000254 0.923484 -0.269566 0.875340 -0.318765 0.363550 -0.073129 0.294282 0.947834 0.122512 0.228309 0 0 0 1.000000 -0.383638 -0.000254 0.923484 -0.269566 0.875340 -0.318765 0.363550 -0.073129 0.294282 0.947834 0.122512 0.228309 0 0 0 1.000000 -0.383638 -0.000254 0.923483 -0.269566 0.875340 -0.318765 0.363550 -0.073129 0.294282 0.947834 0.122512 0.228309 0 0 0 1.000000 -0.383638 -0.000254 0.923484 -0.269566 0.875340 -0.318765 0.363550 -0.073129 0.294282 0.947834 0.122512 0.228309 0 0 0 1.000000 -0.383638 -0.000254 0.923484 -0.269566 0.875340 -0.318765 0.363550 -0.073130 0.294282 0.947834 0.122512 0.228309 0 0 0 1.000000 -0.383638 -0.000254 0.923484 -0.269565 0.875340 -0.318765 0.363550 -0.073129 0.294282 0.947834 0.122512 0.228309 0 0 0 1.000000 -0.383638 -0.000254 0.923484 -0.269566 0.875340 -0.318765 0.363550 -0.073129 0.294282 0.947834 0.122512 0.228309 0 0 0 1.000000 -0.383638 -0.000254 0.923483 -0.269566 0.875340 -0.318765 0.363550 -0.073129 0.294282 0.947834 0.122512 0.228309 0 0 0 1.000000 -0.383638 -0.000254 0.923484 -0.269566 0.875340 -0.318765 0.363550 -0.073129 0.294282 0.947834 0.122512 0.228309 0 0 0 1.000000 -0.383638 -0.000254 0.923484 -0.269566 0.875340 -0.318765 0.363550 -0.073129 0.294282 0.947834 0.122512 0.228309 0 0 0 1.000000 -0.383638 -0.000254 0.923484 -0.269566 0.875340 -0.318765 0.363550 -0.073129 0.294282 0.947834 0.122512 0.228309 0 0 0 1.000000 -0.383638 -0.000254 0.923484 -0.269565 0.875340 -0.318765 0.363550 -0.073129 0.294282 0.947834 0.122512 0.228309 0 0 0 1.000000 -0.383638 -0.000254 0.923484 -0.269565 0.875340 -0.318765 0.363550 -0.073129 0.294282 0.947834 0.122512 0.228309 0 0 0 1.000000 -0.383638 -0.000254 0.923483 -0.269565 0.875340 -0.318765 0.363550 -0.073129 0.294282 0.947834 0.122512 0.228309 0 0 0 1.000000 -0.383638 -0.000254 0.923484 -0.269566 0.875340 -0.318765 0.363550 -0.073129 0.294282 0.947834 0.122512 0.228309 0 0 0 1.000000 -0.383638 -0.000254 0.923483 -0.269566 0.875340 -0.318765 0.363550 -0.073129 0.294282 0.947834 0.122512 0.228309 0 0 0 1.000000 -0.383638 -0.000254 0.923483 -0.269566 0.875340 -0.318765 0.363550 -0.073129 0.294282 0.947834 0.122512 0.228309 0 0 0 1.000000 -0.383638 -0.000254 0.923483 -0.269566 0.875340 -0.318765 0.363550 -0.073129 0.294282 0.947834 0.122512 0.228309 0 0 0 1.000000 -0.383638 -0.000254 0.923484 -0.269566 0.875340 -0.318765 0.363550 -0.073129 0.294282 0.947834 0.122512 0.228309 0 0 0 1.000000 -0.383638 -0.000254 0.923484 -0.269566 0.875340 -0.318765 0.363550 -0.073129 0.294282 0.947834 0.122512 0.228309 0 0 0 1.000000 -0.383638 -0.000254 0.923484 -0.269566 0.875340 -0.318765 0.363550 -0.073129 0.294282 0.947834 0.122512 0.228309 0 0 0 1.000000 -0.383638 -0.000254 0.923483 -0.269566 0.875340 -0.318765 0.363550 -0.073129 0.294282 0.947834 0.122512 0.228309 0 0 0 1.000000 -0.383638 -0.000254 0.923484 -0.269566 0.875340 -0.318765 0.363550 -0.073129 0.294282 0.947834 0.122512 0.228309 0 0 0 1.000000 -0.383638 -0.000254 0.923484 -0.269566 0.875340 -0.318765 0.363550 -0.073129 0.294282 0.947834 0.122512 0.228310 0 0 0 1.000000 -0.383638 -0.000254 0.923484 -0.269566 0.875340 -0.318765 0.363550 -0.073129 0.294282 0.947834 0.122512 0.228309 0 0 0 1.000000 -0.383638 -0.000254 0.923484 -0.269566 0.875340 -0.318765 0.363550 -0.073129 0.294282 0.947834 0.122512 0.228309 0 0 0 1.000000 -0.383638 -0.000254 0.923483 -0.269566 0.875340 -0.318765 0.363550 -0.073129 0.294282 0.947834 0.122512 0.228309 0 0 0 1.000000 -0.383638 -0.000254 0.923484 -0.269566 0.875340 -0.318765 0.363550 -0.073129 0.294282 0.947834 0.122512 0.228309 0 0 0 1.000000 -0.383638 -0.000254 0.923484 -0.269566 0.875340 -0.318765 0.363550 -0.073129 0.294282 0.947834 0.122512 0.228309 0 0 0 1.000000 -0.383638 -0.000254 0.923484 -0.269566 0.875340 -0.318765 0.363550 -0.073129 0.294282 0.947834 0.122512 0.228309 0 0 0 1.000000 -0.383638 -0.000254 0.923483 -0.269566 0.875340 -0.318765 0.363550 -0.073129 0.294282 0.947834 0.122512 0.228309 0 0 0 1.000000 -0.383638 -0.000254 0.923484 -0.269566 0.875340 -0.318765 0.363550 -0.073129 0.294282 0.947834 0.122512 0.228309 0 0 0 1.000000 -0.383638 -0.000254 0.923484 -0.269566 0.875340 -0.318765 0.363550 -0.073129 0.294282 0.947834 0.122512 0.228309 0 0 0 1.000000 -0.383638 -0.000254 0.923484 -0.269567 0.875340 -0.318765 0.363550 -0.073129 0.294282 0.947834 0.122512 0.228309 0 0 0 1.000000 -0.383638 -0.000254 0.923484 -0.269566 0.875340 -0.318765 0.363550 -0.073129 0.294282 0.947834 0.122512 0.228309 0 0 0 1.000000 -0.383638 -0.000254 0.923483 -0.269566 0.875340 -0.318765 0.363550 -0.073129 0.294282 0.947834 0.122512 0.228309 0 0 0 1.000000 -0.383638 -0.000254 0.923484 -0.269566 0.875340 -0.318765 0.363550 -0.073129 0.294282 0.947834 0.122512 0.228309 0 0 0 1.000000 -0.383638 -0.000254 0.923484 -0.269566 0.875340 -0.318765 0.363550 -0.073129 0.294282 0.947834 0.122512 0.228309 0 0 0 1.000000 -0.383638 -0.000254 0.923484 -0.269566 0.875340 -0.318765 0.363550 -0.073129 0.294282 0.947834 0.122512 0.228310 0 0 0 1.000000 -0.383638 -0.000254 0.923484 -0.269566 0.875340 -0.318765 0.363550 -0.073129 0.294282 0.947834 0.122512 0.228309 0 0 0 1.000000 -0.383638 -0.000254 0.923484 -0.269566 0.875340 -0.318765 0.363550 -0.073129 0.294282 0.947834 0.122512 0.228309 0 0 0 1.000000 -0.383638 -0.000254 0.923484 -0.269566 0.875340 -0.318765 0.363550 -0.073129 0.294282 0.947834 0.122512 0.228309 0 0 0 1.000000 -0.383638 -0.000254 0.923484 -0.269566 0.875340 -0.318765 0.363550 -0.073130 0.294282 0.947834 0.122512 0.228309 0 0 0 1.000000 -0.383638 -0.000254 0.923484 -0.269566 0.875340 -0.318765 0.363550 -0.073129 0.294282 0.947834 0.122512 0.228309 0 0 0 1.000000 -0.383638 -0.000254 0.923484 -0.269566 0.875340 -0.318765 0.363550 -0.073129 0.294282 0.947834 0.122512 0.228309 0 0 0 1.000000 -0.383638 -0.000254 0.923484 -0.269566 0.875340 -0.318765 0.363550 -0.073129 0.294282 0.947834 0.122512 0.228309 0 0 0 1.000000 -0.383638 -0.000254 0.923484 -0.269566 0.875340 -0.318765 0.363550 -0.073129 0.294282 0.947834 0.122512 0.228309 0 0 0 1.000000 -0.383638 -0.000254 0.923484 -0.269566 0.875340 -0.318765 0.363550 -0.073129 0.294282 0.947834 0.122512 0.228309 0 0 0 1.000000 -0.383638 -0.000254 0.923483 -0.269566 0.875340 -0.318765 0.363550 -0.073129 0.294282 0.947834 0.122512 0.228309 0 0 0 1.000000 -0.383638 -0.000254 0.923484 -0.269566 0.875340 -0.318765 0.363550 -0.073129 0.294282 0.947834 0.122512 0.228309 0 0 0 1.000000 -0.383638 -0.000254 0.923484 -0.269566 0.875340 -0.318765 0.363550 -0.073129 0.294282 0.947834 0.122512 0.228309 0 0 0 1.000000 -0.383638 -0.000254 0.923484 -0.269566 0.875340 -0.318765 0.363550 -0.073129 0.294282 0.947834 0.122512 0.228309 0 0 0 1.000000 -0.383638 -0.000254 0.923484 -0.269566 0.875340 -0.318765 0.363550 -0.073129 0.294282 0.947834 0.122512 0.228309 0 0 0 1.000000 -0.383638 -0.000254 0.923484 -0.269566 0.875340 -0.318765 0.363550 -0.073129 0.294282 0.947834 0.122512 0.228309 0 0 0 1.000000 -0.383638 -0.000254 0.923484 -0.269566 0.875340 -0.318765 0.363550 -0.073129 0.294282 0.947834 0.122512 0.228309 0 0 0 1.000000 -0.383638 -0.000254 0.923484 -0.269566 0.875340 -0.318765 0.363550 -0.073129 0.294282 0.947834 0.122512 0.228309 0 0 0 1.000000 -0.383638 -0.000254 0.923484 -0.269566 0.875340 -0.318765 0.363550 -0.073129 0.294282 0.947834 0.122512 0.228309 0 0 0 1.000000</float_array>
        <technique_common>
          <accessor source="#Bip01_L_Clavicle_matrix_Bip01_L_Clavicle_transform-output-array" count="71" stride="16">
            <param name="TRANSFORM" type="float4x4"/>
          </accessor>
        </technique_common>
      </source>
      <source id="Bip01_L_Clavicle_matrix_Bip01_L_Clavicle_transform-interpolations">
        <Name_array id="Bip01_L_Clavicle_matrix_Bip01_L_Clavicle_transform-interpolations-array" count="71">LINEAR LINEAR LINEAR LINEAR LINEAR LINEAR LINEAR LINEAR LINEAR LINEAR LINEAR LINEAR LINEAR LINEAR LINEAR LINEAR LINEAR LINEAR LINEAR LINEAR LINEAR LINEAR LINEAR LINEAR LINEAR LINEAR LINEAR LINEAR LINEAR LINEAR LINEAR LINEAR LINEAR LINEAR LINEAR LINEAR LINEAR LINEAR LINEAR LINEAR LINEAR LINEAR LINEAR LINEAR LINEAR LINEAR LINEAR LINEAR LINEAR LINEAR LINEAR LINEAR LINEAR LINEAR LINEAR LINEAR LINEAR LINEAR LINEAR LINEAR LINEAR LINEAR LINEAR LINEAR LINEAR LINEAR LINEAR LINEAR LINEAR LINEAR LINEAR</Name_array>
        <technique_common>
          <accessor source="#Bip01_L_Clavicle_matrix_Bip01_L_Clavicle_transform-interpolations-array" count="71" stride="1">
            <param name="INTERPOLATION" type="Name"/>
          </accessor>
        </technique_common>
      </source>
      <sampler id="Bip01_L_Clavicle_matrix_Bip01_L_Clavicle_transform-sampler">
        <input semantic="INPUT" source="#Bip01_L_Clavicle_matrix_Bip01_L_Clavicle_transform-input"/>
        <input semantic="OUTPUT" source="#Bip01_L_Clavicle_matrix_Bip01_L_Clavicle_transform-output"/>
        <input semantic="INTERPOLATION" source="#Bip01_L_Clavicle_matrix_Bip01_L_Clavicle_transform-interpolations"/>
      </sampler>
      <channel source="#Bip01_L_Clavicle_matrix_Bip01_L_Clavicle_transform-sampler" target="Bip01_L_Clavicle/transform"/>
    </animation>
    <animation id="Bip01_L_UpperArm_matrix">
      <source id="Bip01_L_UpperArm_matrix_Bip01_L_UpperArm_transform-input">
        <float_array id="Bip01_L_UpperArm_matrix_Bip01_L_UpperArm_transform-input-array" count="71">0 0.033333 0.066667 0.100000 0.133333 0.166667 0.200000 0.233333 0.266667 0.300000 0.333333 0.366667 0.400000 0.433333 0.466667 0.500000 0.533333 0.566667 0.600000 0.633333 0.666667 0.700000 0.733334 0.766667 0.800000 0.833334 0.866667 0.900000 0.933334 0.966667 1.000000 1.033334 1.066667 1.100000 1.133334 1.166667 1.200000 1.233333 1.266667 1.300000 1.333333 1.366667 1.400000 1.433333 1.466667 1.500000 1.533333 1.566666 1.600000 1.633333 1.666666 1.700000 1.733333 1.766666 1.800000 1.833333 1.866666 1.899999 1.933333 1.966666 1.999999 2.033333 2.066666 2.099999 2.133333 2.166666 2.199999 2.233333 2.266666 2.299999 2.333333</float_array>
        <technique_common>
          <accessor source="#Bip01_L_UpperArm_matrix_Bip01_L_UpperArm_transform-input-array" count="71" stride="1">
            <param name="TIME" type="float"/>
          </accessor>
        </technique_common>
        <technique profile="MAYA">
          <pre_infinity>CONSTANT</pre_infinity>
          <post_infinity>CONSTANT</post_infinity>
        </technique>
      </source>
      <source id="Bip01_L_UpperArm_matrix_Bip01_L_UpperArm_transform-output">
        <float_array id="Bip01_L_UpperArm_matrix_Bip01_L_UpperArm_transform-output-array" count="1136">0.955044 -0.258767 0.144673 0.893299 -0.119208 0.111613 0.986576 0 -0.271441 -0.959470 0.075748 0 0 0 0 1.000000 0.953170 -0.264971 0.145800 0.893298 -0.119656 0.112353 0.986438 0 -0.277759 -0.957688 0.075387 0 0 0 0 1.000000 0.948804 -0.278853 0.148366 0.893299 -0.120262 0.115421 0.986010 0 -0.292077 -0.953372 0.075977 0.000000 0 0 0 1.000000 0.943910 -0.293446 0.151405 0.893298 -0.120868 0.119650 0.985431 0 -0.307286 -0.948459 0.077471 0 0 0 0 1.000000 0.940246 -0.303727 0.153905 0.893299 -0.121185 0.123903 0.984867 0 -0.318200 -0.944668 0.079692 0.000001 0 0 0 1.000000 0.938978 -0.307119 0.154913 0.893299 -0.120869 0.127051 0.984505 -0.000000 -0.322042 -0.943152 0.082177 0.000000 0 0 0 1.000000 0.940555 -0.302884 0.153679 0.893298 -0.119659 0.127959 0.984535 0 -0.317865 -0.944398 0.084109 0.000000 0 0 0 1.000000 0.944768 -0.291501 0.149799 0.893299 -0.117458 0.125550 0.985110 -0.000000 -0.305968 -0.948295 0.084376 0.000000 0 0 0 1.000000 0.950963 -0.274121 0.143271 0.893299 -0.114317 0.118917 0.986302 0 -0.287403 -0.954315 0.081749 0.000000 0 0 0 1.000000 0.958363 -0.251958 0.134378 0.893299 -0.110306 0.107411 0.988077 -0.000000 -0.263388 -0.961759 0.075147 0.000000 0 0 0 1.000000 0.966439 -0.225342 0.123359 0.893298 -0.105264 0.090669 0.990302 0 -0.234342 -0.970051 0.063906 0 0 0 0 1.000000 0.951299 -0.267693 0.152874 0.893299 -0.131103 0.097506 0.986562 0 -0.279002 -0.958558 0.057662 0.000000 0 0 0 1.000000 0.916326 -0.343554 0.205713 0.893298 -0.176671 0.114165 0.977627 0 -0.359353 -0.932168 0.043917 0.000000 0 0 0 1.000000 0.869361 -0.420092 0.260259 0.893299 -0.223239 0.136004 0.965229 0 -0.440882 -0.897232 0.024456 0 0 0 0 1.000000 0.830234 -0.470818 0.298399 0.893298 -0.255897 0.153653 0.954415 0 -0.495206 -0.868747 0.007087 0.000000 0 0 0 1.000000 0.826567 -0.473414 0.304410 0.893298 -0.262258 0.154594 0.952534 0 -0.498003 -0.867168 0.003626 0.000000 0 0 0 1.000000 0.887973 -0.386847 0.248702 0.893299 -0.217551 0.123117 0.968253 0 -0.405186 -0.913888 0.025166 0.000000 0 0 0 1.000000 0.966466 -0.216062 0.138785 0.893298 -0.124276 0.079417 0.989064 0 -0.224721 -0.973145 0.049902 0.000000 0 0 0 1.000000 0.999318 -0.027376 0.024787 0.893299 -0.023259 0.054770 0.998228 0 -0.028685 -0.998124 0.054096 0.000000 0 0 0 1.000000 0.994927 0.093766 -0.036447 0.893298 0.031700 0.051628 0.998163 0 0.095475 -0.994255 0.048394 0.000000 0 0 0 1.000000 0.987121 0.151952 -0.050026 0.893298 0.042046 0.055281 0.997585 0 0.154351 -0.986841 0.048180 0.000000 0 0 0 1.000000 0.976910 0.206016 -0.056603 0.893298 0.045072 0.060248 0.997165 0 0.208843 -0.976692 0.049571 -0.000000 0 0 0 1.000000 0.965301 0.254788 -0.057249 0.893298 0.041797 0.065658 0.996966 0 0.257774 -0.964765 0.052731 0.000000 0 0 0 1.000000 0.952981 0.298370 -0.052940 0.893299 0.033161 0.070973 0.996927 0 0.301211 -0.951808 0.057742 0 0 0 0 1.000000 0.941080 0.335219 -0.044674 0.893298 0.020380 0.075644 0.996926 0 0.337568 -0.939099 0.064355 0.000000 0 0 0 1.000000 0.930409 0.365005 -0.033336 0.893298 0.004549 0.079446 0.996829 0 0.366495 -0.927610 0.072257 0 0 0 0 1.000000 0.921813 0.387131 -0.019764 0.893299 -0.013192 0.082285 0.996521 0 0.387411 -0.918345 0.080959 0.000000 0 0 0 1.000000 0.916070 0.400991 -0.004749 0.893298 -0.031697 0.084205 0.995944 0 0.399764 -0.912204 0.089848 0 0 0 0 1.000000 0.913844 0.405917 0.010948 0.893298 -0.049830 0.085342 0.995105 0 0.402996 -0.909916 0.098216 0.000000 0 0 0 1.000000 0.915626 0.401153 0.026563 0.893298 -0.066463 0.085876 0.994086 0 0.396499 -0.911977 0.105292 0.000000 0 0 0 1.000000 0.921655 0.385807 0.041293 0.893298 -0.080478 0.085969 0.993042 0 0.379573 -0.918565 0.110283 0.000001 0 0 0 1.000000 0.932396 0.356853 0.057390 0.893298 -0.093911 0.085859 0.991871 0 0.349025 -0.930206 0.113567 0.000000 0 0 0 1.000000 0.946567 0.313135 0.077186 0.893298 -0.109211 0.086030 0.990289 0 0.303453 -0.945804 0.115631 0 0 0 0 1.000000 0.961363 0.256522 0.099884 0.893299 -0.125873 0.086937 0.988230 -0.000000 0.244819 -0.962620 0.115867 0.000000 0 0 0 1.000000 0.974015 0.189123 0.124605 0.893299 -0.143368 0.088957 0.985663 0 0.175328 -0.977915 0.113760 -0.000000 0 0 0 1.000000 0.982101 0.113394 0.150398 0.893299 -0.161137 0.092346 0.982602 -0.000000 0.097533 -0.989249 0.108966 -0.000000 0 0 0 1.000000 0.983814 0.032145 0.176286 0.893299 -0.178618 0.097208 0.979105 -0.000000 0.014337 -0.994745 0.101377 0.000000 0 0 0 1.000000 0.978169 -0.051546 0.201316 0.893299 -0.195268 0.103479 0.975276 -0.000000 -0.071104 -0.993295 0.091154 0.000000 0 0 0 1.000000 0.965117 -0.134491 0.224634 0.893299 -0.210606 0.110926 0.971257 0 -0.155543 -0.984686 0.078732 0 0 0 0 1.000000 0.945566 -0.213579 0.245538 0.893299 -0.224243 0.119170 0.967220 0 -0.235838 -0.969630 0.064790 0.000001 0 0 0 1.000000 0.921296 -0.285958 0.263520 0.893299 -0.235907 0.127716 0.963347 0 -0.309132 -0.949693 0.050204 0.000001 0 0 0 1.000000 0.894789 -0.349158 0.278284 0.893299 -0.245446 0.135989 0.959825 -0.000000 -0.372974 -0.927144 0.035982 0.000000 0 0 0 1.000000 0.868997 -0.401131 0.289720 0.893299 -0.252816 0.143386 0.956831 0 -0.425356 -0.904729 0.023189 0 0 0 0 1.000000 0.847068 -0.440183 0.297852 0.893298 -0.258048 0.149309 0.954525 0 -0.464637 -0.885407 0.012886 0 0 0 0 1.000000 0.832113 -0.464698 0.302728 0.893299 -0.261180 0.153188 0.953057 0 -0.489258 -0.872118 0.006100 0.000000 0 0 0 1.000000 0.826567 -0.473414 0.304410 0.893299 -0.262258 0.154594 0.952534 0 -0.498003 -0.867168 0.003626 0.000001 0 0 0 1.000000 0.839230 -0.452482 0.301585 0.893299 -0.260814 0.151711 0.953394 -0.000000 -0.477148 -0.878774 0.009307 0 0 0 0 1.000000 0.871166 -0.394166 0.292749 0.893298 -0.256111 0.143892 0.955878 0 -0.418899 -0.907705 0.024404 0.000001 0 0 0 1.000000 0.911290 -0.304698 0.276966 0.893298 -0.247350 0.132670 0.959800 0 -0.329194 -0.943164 0.045534 0 0 0 0 1.000000 0.948178 -0.191459 0.253579 0.893299 -0.233833 0.119885 0.964858 0 -0.215131 -0.974151 0.068903 0 0 0 0 1.000000 0.972728 -0.064112 0.222911 0.893298 -0.215341 0.107470 0.970607 0 -0.086183 -0.992139 0.090734 0.000001 0 0 0 1.000000 0.980250 0.065723 0.186521 0.893299 -0.192322 0.097129 0.976513 0 0.046063 -0.993099 0.107851 0.000000 0 0 0 1.000000 0.971515 0.185852 0.147027 0.893299 -0.165833 0.089980 0.982040 0 0.169285 -0.978449 0.118237 0.000000 0 0 0 1.000000 0.952432 0.285123 0.107606 0.893299 -0.137320 0.086303 0.986760 0 0.272061 -0.954598 0.121350 0 0 0 0 1.000000 0.932390 0.354326 0.071433 0.893299 -0.108354 0.085455 0.990433 0 0.344831 -0.931209 0.118070 0.000000 0 0 0 1.000000 0.921655 0.385807 0.041293 0.893299 -0.080478 0.085969 0.993042 0 0.379573 -0.918565 0.110283 0.000000 0 0 0 1.000000 0.944509 0.328270 0.011871 0.893299 -0.041646 0.083821 0.995610 0 0.325834 -0.940857 0.092841 0.000000 0 0 0 1.000000 0.985471 0.168382 -0.022215 0.893299 0.010245 0.071629 0.997379 0 0.169532 -0.983116 0.068863 0.000000 0 0 0 1.000000 0.997693 -0.037494 -0.056589 0.893298 0.058345 0.047533 0.997164 0 -0.034697 -0.998166 0.049611 -0.000000 0 0 0 1.000000 0.971557 -0.221988 -0.082450 0.893299 0.089186 0.020476 0.995804 0 -0.219368 -0.974834 0.039691 0.000001 0 0 0 1.000000 0.942154 -0.323032 -0.089419 0.893299 0.096725 0.006601 0.995289 0 -0.320920 -0.946365 0.037464 0.000000 0 0 0 1.000000 0.936645 -0.344919 -0.061047 0.893299 0.071796 0.018462 0.997248 0 -0.342843 -0.938451 0.042056 0.000000 0 0 0 1.000000 0.936150 -0.350307 -0.030148 0.893299 0.044834 0.033889 0.998419 0 -0.348732 -0.936022 0.047431 0.000000 0 0 0 1.000000 0.937338 -0.348417 0.002032 0.893298 0.016389 0.049915 0.998619 0 -0.348037 -0.936010 0.052498 0.000000 0 0 0 1.000000 0.939015 -0.342192 0.033995 0.893298 -0.012428 0.065025 0.997806 0 -0.343652 -0.937377 0.056807 0.000000 0 0 0 1.000000 0.941034 -0.332172 0.064157 0.893298 -0.040242 0.078389 0.996110 0 -0.335909 -0.939956 0.060399 0 0 0 0 1.000000 0.943622 -0.318255 0.091052 0.893298 -0.065689 0.089560 0.993813 0 -0.324441 -0.943765 0.063605 0.000000 0 0 0 1.000000 0.946892 -0.300869 0.113457 0.893299 -0.087527 0.098351 0.991295 0 -0.309409 -0.948581 0.066793 0 0 0 0 1.000000 0.950525 -0.281954 0.130401 0.893298 -0.104589 0.104802 0.988978 0 -0.292512 -0.953687 0.070128 0.000000 0 0 0 1.000000 0.953657 -0.265780 0.141069 0.893298 -0.115621 0.109157 0.987277 0 -0.277797 -0.957834 0.073368 0.000000 0 0 0 1.000000 0.955044 -0.258766 0.144673 0.893299 -0.119208 0.111613 0.986576 0 -0.271440 -0.959470 0.075748 0 0 0 0 1.000000</float_array>
        <technique_common>
          <accessor source="#Bip01_L_UpperArm_matrix_Bip01_L_UpperArm_transform-output-array" count="71" stride="16">
            <param name="TRANSFORM" type="float4x4"/>
          </accessor>
        </technique_common>
      </source>
      <source id="Bip01_L_UpperArm_matrix_Bip01_L_UpperArm_transform-interpolations">
        <Name_array id="Bip01_L_UpperArm_matrix_Bip01_L_UpperArm_transform-interpolations-array" count="71">LINEAR LINEAR LINEAR LINEAR LINEAR LINEAR LINEAR LINEAR LINEAR LINEAR LINEAR LINEAR LINEAR LINEAR LINEAR LINEAR LINEAR LINEAR LINEAR LINEAR LINEAR LINEAR LINEAR LINEAR LINEAR LINEAR LINEAR LINEAR LINEAR LINEAR LINEAR LINEAR LINEAR LINEAR LINEAR LINEAR LINEAR LINEAR LINEAR LINEAR LINEAR LINEAR LINEAR LINEAR LINEAR LINEAR LINEAR LINEAR LINEAR LINEAR LINEAR LINEAR LINEAR LINEAR LINEAR LINEAR LINEAR LINEAR LINEAR LINEAR LINEAR LINEAR LINEAR LINEAR LINEAR LINEAR LINEAR LINEAR LINEAR LINEAR LINEAR</Name_array>
        <technique_common>
          <accessor source="#Bip01_L_UpperArm_matrix_Bip01_L_UpperArm_transform-interpolations-array" count="71" stride="1">
            <param name="INTERPOLATION" type="Name"/>
          </accessor>
        </technique_common>
      </source>
      <sampler id="Bip01_L_UpperArm_matrix_Bip01_L_UpperArm_transform-sampler">
        <input semantic="INPUT" source="#Bip01_L_UpperArm_matrix_Bip01_L_UpperArm_transform-input"/>
        <input semantic="OUTPUT" source="#Bip01_L_UpperArm_matrix_Bip01_L_UpperArm_transform-output"/>
        <input semantic="INTERPOLATION" source="#Bip01_L_UpperArm_matrix_Bip01_L_UpperArm_transform-interpolations"/>
      </sampler>
      <channel source="#Bip01_L_UpperArm_matrix_Bip01_L_UpperArm_transform-sampler" target="Bip01_L_UpperArm/transform"/>
    </animation>
    <animation id="Bip01_L_Forearm_matrix">
      <source id="Bip01_L_Forearm_matrix_Bip01_L_Forearm_transform-input">
        <float_array id="Bip01_L_Forearm_matrix_Bip01_L_Forearm_transform-input-array" count="71">0 0.033333 0.066667 0.100000 0.133333 0.166667 0.200000 0.233333 0.266667 0.300000 0.333333 0.366667 0.400000 0.433333 0.466667 0.500000 0.533333 0.566667 0.600000 0.633333 0.666667 0.700000 0.733334 0.766667 0.800000 0.833334 0.866667 0.900000 0.933334 0.966667 1.000000 1.033334 1.066667 1.100000 1.133334 1.166667 1.200000 1.233333 1.266667 1.300000 1.333333 1.366667 1.400000 1.433333 1.466667 1.500000 1.533333 1.566666 1.600000 1.633333 1.666666 1.700000 1.733333 1.766666 1.800000 1.833333 1.866666 1.899999 1.933333 1.966666 1.999999 2.033333 2.066666 2.099999 2.133333 2.166666 2.199999 2.233333 2.266666 2.299999 2.333333</float_array>
        <technique_common>
          <accessor source="#Bip01_L_Forearm_matrix_Bip01_L_Forearm_transform-input-array" count="71" stride="1">
            <param name="TIME" type="float"/>
          </accessor>
        </technique_common>
        <technique profile="MAYA">
          <pre_infinity>CONSTANT</pre_infinity>
          <post_infinity>CONSTANT</post_infinity>
        </technique>
      </source>
      <source id="Bip01_L_Forearm_matrix_Bip01_L_Forearm_transform-output">
        <float_array id="Bip01_L_Forearm_matrix_Bip01_L_Forearm_transform-output-array" count="1136">0.704860 0.709347 0 0.968692 -0.709347 0.704860 0 0 0 0 1.000000 0 0 0 0 1.000000 0.685820 0.727771 0 0.968692 -0.727770 0.685821 0 0 0 0 1.000000 0 0 0 0 1.000000 0.635644 0.771982 0 0.968691 -0.771982 0.635644 0 0.000000 0 0 1.000000 0.000000 0 0 0 1.000000 0.565191 0.824960 0 0.968692 -0.824960 0.565191 0 0 0 0 1.000000 0 0 0 0 1.000000 0.485051 0.874486 0 0.968692 -0.874486 0.485051 0 0.000000 0 0 1.000000 0 0 0 0 1.000000 0.404801 0.914405 0 0.968692 -0.914405 0.404801 0 0 0 0 1.000000 0 0 0 0 1.000000 0.332714 0.943028 0 0.968692 -0.943028 0.332714 0 0.000000 0 0 1.000000 0 0 0 0 1.000000 0.275854 0.961200 0 0.968692 -0.961200 0.275854 0 0 0 0 1.000000 0 0 0 0 1.000000 0.240516 0.970645 0 0.968692 -0.970645 0.240516 0 0 0 0 1.000000 0 0 0 0 1.000000 0.233068 0.972460 0 0.968692 -0.972460 0.233068 0 0 0 0 1.000000 0 0 0 0 1.000000 0.261276 0.965264 0 0.968692 -0.965264 0.261276 0 0 0 0 1.000000 0 0 0 0 1.000000 0.326695 0.945130 0 0.968692 -0.945130 0.326695 0 0.000000 0 0 1.000000 0 0 0 0 1.000000 0.463623 0.886032 0 0.968692 -0.886032 0.463623 0 0 0 0 1.000000 0 0 0 0 1.000000 0.624203 0.781262 0 0.968691 -0.781262 0.624203 0 0 0 0 1.000000 0 0 0 0 1.000000 0.766708 0.641995 0 0.968692 -0.641995 0.766709 0 0 0 0 1.000000 0 0 0 0 1.000000 0.864890 0.501961 0 0.968692 -0.501961 0.864890 0 0 0 0 1.000000 0 0 0 0 1.000000 0.936417 0.350889 0 0.968691 -0.350889 0.936417 0 0 0 0 1.000000 0 0 0 0 1.000000 0.983676 0.179947 0 0.968691 -0.179947 0.983676 0 0 0 0 1.000000 0 0 0 0 1.000000 0.999009 0.044503 0 0.968692 -0.044503 0.999009 0 0.000000 0 0 1.000000 0 0 0 0 1.000000 1.000000 0.000691 0 0.968692 -0.000691 1.000000 0 0.000000 0 0 1.000000 0 0 0 0 1.000000 0.999412 0.034300 0 0.968692 -0.034300 0.999412 0 -0.000000 0 0 1.000000 0 0 0 0 1.000000 0.995740 0.092201 0 0.968691 -0.092201 0.995740 0 0 0 0 1.000000 0.000000 0 0 0 1.000000 0.985783 0.168026 0 0.968692 -0.168026 0.985783 0 0 0 0 1.000000 0 0 0 0 1.000000 0.966399 0.257047 0 0.968692 -0.257047 0.966399 0 0 0 0 1.000000 -0.000000 0 0 0 1.000000 0.936338 0.351101 0 0.968692 -0.351101 0.936338 0 0 0 0 1.000000 0.000000 0 0 0 1.000000 0.895924 0.444206 0 0.968692 -0.444206 0.895925 0 0 0 0 1.000000 0 0 0 0 1.000000 0.847692 0.530489 0 0.968692 -0.530489 0.847692 0 0 0 0 1.000000 0 0 0 0 1.000000 0.796083 0.605188 0 0.968692 -0.605188 0.796083 0 0 0 0 1.000000 0 0 0 0 1.000000 0.746940 0.664892 0 0.968692 -0.664892 0.746940 0 0 0 0 1.000000 0 0 0 0 1.000000 0.706819 0.707395 0 0.968692 -0.707395 0.706819 0 -0.000000 0 0 1.000000 0 0 0 0 1.000000 0.682250 0.731119 0 0.968692 -0.731119 0.682251 0 0.000000 0 0 1.000000 0 0 0 0 1.000000 0.672060 0.740497 0 0.968692 -0.740497 0.672060 0 0 0 0 1.000000 0 0 0 0 1.000000 0.670427 0.741976 0 0.968692 -0.741976 0.670427 0 0.000000 0 0 1.000000 0 0 0 0 1.000000 0.676235 0.736686 0 0.968692 -0.736686 0.676235 0 -0.000000 0 0 1.000000 0.000000 0 0 0 1.000000 0.688176 0.725544 0 0.968692 -0.725544 0.688176 0 -0.000000 0 0 1.000000 0 0 0 0 1.000000 0.704839 0.709367 0 0.968692 -0.709367 0.704839 0 -0.000001 0 0 1.000000 0.000000 0 0 0 1.000000 0.724789 0.688971 0 0.968691 -0.688971 0.724789 0 0 0 0 1.000000 0 0 0 0 1.000000 0.746630 0.665239 0 0.968692 -0.665239 0.746630 0 0 0 0 1.000000 0 0 0 0 1.000000 0.769064 0.639172 0 0.968692 -0.639172 0.769064 0 0.000000 0 0 1.000000 0 0 0 0 1.000000 0.790928 0.611910 0 0.968692 -0.611910 0.790927 0 0 0 0 1.000000 0 0 0 0 1.000000 0.811223 0.584736 0 0.968691 -0.584736 0.811223 0 0 0 0 1.000000 0 0 0 0 1.000000 0.829127 0.559060 0 0.968691 -0.559060 0.829127 0 0.000000 0 0 1.000000 0 0 0 0 1.000000 0.843974 0.536383 0 0.968692 -0.536383 0.843974 0 0 0 0 1.000000 0 0 0 0 1.000000 0.855218 0.518268 0 0.968692 -0.518268 0.855218 0 0 0 0 1.000000 0 0 0 0 1.000000 0.862337 0.506335 0 0.968692 -0.506335 0.862337 0 -0.000000 0 0 1.000000 0 0 0 0 1.000000 0.864890 0.501961 0 0.968692 -0.501961 0.864890 0 -0.000000 0 0 1.000000 0 0 0 0 1.000000 0.861960 0.506976 0 0.968692 -0.506976 0.861960 0 -0.000000 0 0 1.000000 0 0 0 0 1.000000 0.853662 0.520828 0 0.968692 -0.520828 0.853662 0 0 0 0 1.000000 0 0 0 0 1.000000 0.840604 0.541650 0 0.968692 -0.541650 0.840604 0 0 0 0 1.000000 0 0 0 0 1.000000 0.823356 0.567525 0 0.968692 -0.567525 0.823356 0 0.000000 0 0 1.000000 0 0 0 0 1.000000 0.802572 0.596555 0 0.968692 -0.596555 0.802572 0 0.000000 0 0 1.000000 0 0 0 0 1.000000 0.779077 0.626928 0 0.968692 -0.626928 0.779077 0 0.000000 0 0 1.000000 0 0 0 0 1.000000 0.753918 0.656969 0 0.968692 -0.656969 0.753918 0 0 0 0 1.000000 0 0 0 0 1.000000 0.728372 0.685182 0 0.968692 -0.685182 0.728372 0 0 0 0 1.000000 0 0 0 0 1.000000 0.703930 0.710269 0 0.968692 -0.710269 0.703930 0 0 0 0 1.000000 0 0 0 0 1.000000 0.682250 0.731119 0 0.968691 -0.731119 0.682251 0 0 0 0 1.000000 0 0 0 0 1.000000 0.660704 0.750647 0 0.968692 -0.750647 0.660704 0 0 0 0 1.000000 0 0 0 0 1.000000 0.637725 0.770265 0 0.968692 -0.770265 0.637725 0 0 0 0 1.000000 0.000000 0 0 0 1.000000 0.616918 0.787027 0 0.968692 -0.787027 0.616918 0 0 0 0 1.000000 -0.000000 0 0 0 1.000000 0.602181 0.798360 0 0.968692 -0.798360 0.602181 0 0.000000 0 0 1.000000 0 0 0 0 1.000000 0.597515 0.801858 0 0.968692 -0.801858 0.597515 0 -0.000000 0 0 1.000000 0 0 0 0 1.000000 0.485692 0.874130 0 0.968691 -0.874130 0.485692 0 0 0 0 1.000000 0 0 0 0 1.000000 0.430602 0.902542 0 0.968691 -0.902542 0.430602 0 -0.000000 0 0 1.000000 0 0 0 0 1.000000 0.416814 0.908991 0 0.968692 -0.908992 0.416814 0 0 0 0 1.000000 0 0 0 0 1.000000 0.433771 0.901023 0 0.968692 -0.901023 0.433771 0 0.000000 0 0 1.000000 0 0 0 0 1.000000 0.473218 0.880945 0 0.968692 -0.880945 0.473219 0 -0.000000 0 0 1.000000 0 0 0 0 1.000000 0.527423 0.849603 0 0.968691 -0.849602 0.527424 0 0 0 0 1.000000 0 0 0 0 1.000000 0.587969 0.808884 0 0.968692 -0.808884 0.587969 0 0 0 0 1.000000 0 0 0 0 1.000000 0.645164 0.764044 0 0.968692 -0.764044 0.645164 0 0 0 0 1.000000 -0.000000 0 0 0 1.000000 0.688019 0.725693 0 0.968692 -0.725693 0.688019 0 0 0 0 1.000000 0 0 0 0 1.000000 0.704857 0.709349 0 0.968692 -0.709349 0.704857 0 0.000000 0 0 1.000000 0 0 0 0 1.000000</float_array>
        <technique_common>
          <accessor source="#Bip01_L_Forearm_matrix_Bip01_L_Forearm_transform-output-array" count="71" stride="16">
            <param name="TRANSFORM" type="float4x4"/>
          </accessor>
        </technique_common>
      </source>
      <source id="Bip01_L_Forearm_matrix_Bip01_L_Forearm_transform-interpolations">
        <Name_array id="Bip01_L_Forearm_matrix_Bip01_L_Forearm_transform-interpolations-array" count="71">LINEAR LINEAR LINEAR LINEAR LINEAR LINEAR LINEAR LINEAR LINEAR LINEAR LINEAR LINEAR LINEAR LINEAR LINEAR LINEAR LINEAR LINEAR LINEAR LINEAR LINEAR LINEAR LINEAR LINEAR LINEAR LINEAR LINEAR LINEAR LINEAR LINEAR LINEAR LINEAR LINEAR LINEAR LINEAR LINEAR LINEAR LINEAR LINEAR LINEAR LINEAR LINEAR LINEAR LINEAR LINEAR LINEAR LINEAR LINEAR LINEAR LINEAR LINEAR LINEAR LINEAR LINEAR LINEAR LINEAR LINEAR LINEAR LINEAR LINEAR LINEAR LINEAR LINEAR LINEAR LINEAR LINEAR LINEAR LINEAR LINEAR LINEAR LINEAR</Name_array>
        <technique_common>
          <accessor source="#Bip01_L_Forearm_matrix_Bip01_L_Forearm_transform-interpolations-array" count="71" stride="1">
            <param name="INTERPOLATION" type="Name"/>
          </accessor>
        </technique_common>
      </source>
      <sampler id="Bip01_L_Forearm_matrix_Bip01_L_Forearm_transform-sampler">
        <input semantic="INPUT" source="#Bip01_L_Forearm_matrix_Bip01_L_Forearm_transform-input"/>
        <input semantic="OUTPUT" source="#Bip01_L_Forearm_matrix_Bip01_L_Forearm_transform-output"/>
        <input semantic="INTERPOLATION" source="#Bip01_L_Forearm_matrix_Bip01_L_Forearm_transform-interpolations"/>
      </sampler>
      <channel source="#Bip01_L_Forearm_matrix_Bip01_L_Forearm_transform-sampler" target="Bip01_L_Forearm/transform"/>
    </animation>
    <animation id="Bip01_L_Hand_matrix">
      <source id="Bip01_L_Hand_matrix_Bip01_L_Hand_transform-input">
        <float_array id="Bip01_L_Hand_matrix_Bip01_L_Hand_transform-input-array" count="71">0 0.033333 0.066667 0.100000 0.133333 0.166667 0.200000 0.233333 0.266667 0.300000 0.333333 0.366667 0.400000 0.433333 0.466667 0.500000 0.533333 0.566667 0.600000 0.633333 0.666667 0.700000 0.733334 0.766667 0.800000 0.833334 0.866667 0.900000 0.933334 0.966667 1.000000 1.033334 1.066667 1.100000 1.133334 1.166667 1.200000 1.233333 1.266667 1.300000 1.333333 1.366667 1.400000 1.433333 1.466667 1.500000 1.533333 1.566666 1.600000 1.633333 1.666666 1.700000 1.733333 1.766666 1.800000 1.833333 1.866666 1.899999 1.933333 1.966666 1.999999 2.033333 2.066666 2.099999 2.133333 2.166666 2.199999 2.233333 2.266666 2.299999 2.333333</float_array>
        <technique_common>
          <accessor source="#Bip01_L_Hand_matrix_Bip01_L_Hand_transform-input-array" count="71" stride="1">
            <param name="TIME" type="float"/>
          </accessor>
        </technique_common>
        <technique profile="MAYA">
          <pre_infinity>CONSTANT</pre_infinity>
          <post_infinity>CONSTANT</post_infinity>
        </technique>
      </source>
      <source id="Bip01_L_Hand_matrix_Bip01_L_Hand_transform-output">
        <float_array id="Bip01_L_Hand_matrix_Bip01_L_Hand_transform-output-array" count="1136">0.914916 0.372125 -0.156369 0.980341 0.372948 -0.927511 -0.025158 0 -0.154396 -0.035300 -0.987378 0 0 0 0 1.000000 0.911336 0.381437 -0.154832 0.980341 0.381824 -0.923798 -0.028419 0 -0.153874 -0.033219 -0.987532 0 0 0 0 1.000000 0.901667 0.405576 -0.150013 0.980342 0.404631 -0.913683 -0.038167 0 -0.152544 -0.026287 -0.987947 -0.000000 0 0 0 1.000000 0.887233 0.438779 -0.142445 0.980342 0.435988 -0.898452 -0.051939 -0.000000 -0.150769 -0.016023 -0.988439 0 0 0 0 1.000000 0.868738 0.477112 -0.132885 0.980341 0.472315 -0.878833 -0.067610 0.000000 -0.149041 -0.004028 -0.988823 0 0 0 0 1.000000 0.846169 0.518623 -0.122590 0.980342 0.511926 -0.854967 -0.083442 0 -0.148085 0.007850 -0.988943 0 0 0 0 1.000000 0.818998 0.562479 -0.113403 0.980341 0.554155 -0.826629 -0.097966 0 -0.148846 0.017391 -0.988708 0 0 0 0 1.000000 0.786480 0.608148 -0.107729 0.980341 0.598542 -0.793521 -0.109868 -0.000000 -0.152301 0.021929 -0.988091 0 0 0 0 1.000000 0.747990 0.654805 -0.108356 0.980341 0.644366 -0.755575 -0.117896 0 -0.159070 0.018364 -0.987097 0.000000 0 0 0 1.000000 0.703415 0.700896 -0.118120 0.980341 0.690434 -0.713256 -0.120697 0 -0.168846 0.003347 -0.985637 0 0 0 0 1.000000 0.653791 0.743728 -0.139375 0.980341 0.735013 -0.667966 -0.116523 0 -0.179759 -0.026260 -0.983360 0 0 0 0 1.000000 0.622486 0.773032 -0.122197 0.980341 0.769969 -0.632877 -0.081336 -0.000000 -0.140211 -0.043457 -0.989168 0 0 0 0 1.000000 0.588381 0.802752 -0.096939 0.980342 0.805736 -0.592133 -0.012952 0 -0.067798 -0.070487 -0.995206 0 0 0 0 1.000000 0.556307 0.827749 -0.073175 0.980342 0.830843 -0.552476 0.066865 0 0.014920 -0.097994 -0.995075 0 0 0 0 1.000000 0.533057 0.844151 -0.057081 0.980341 0.841785 -0.522354 0.136177 0 0.085137 -0.120640 -0.989039 0 0 0 0 1.000000 0.527227 0.848081 -0.052825 0.980341 0.841276 -0.512231 0.172840 0 0.119524 -0.135566 -0.983532 0 0 0 0 1.000000 0.551733 0.831086 -0.069912 0.980342 0.828833 -0.537036 0.156930 0.000000 0.092877 -0.144529 -0.985132 0 0 0 0 1.000000 0.599832 0.793169 -0.105281 0.980342 0.799870 -0.591101 0.103954 0 0.020222 -0.146567 -0.988994 0 0 0 0 1.000000 0.652480 0.744263 -0.142626 0.980342 0.755453 -0.653651 0.045077 -0.000000 -0.059679 -0.137159 -0.988750 0 0 0 0 1.000000 0.698054 0.697761 -0.160783 0.980342 0.707909 -0.706253 0.008474 -0.000000 -0.107641 -0.119735 -0.986953 0 0 0 0 1.000000 0.740784 0.652580 -0.159308 0.980342 0.659934 -0.751272 -0.008770 0 -0.125407 -0.098636 -0.987190 0 0 0 0 1.000000 0.786407 0.597979 -0.154874 0.980341 0.601806 -0.798214 -0.026154 0 -0.139262 -0.072637 -0.987588 0 0 0 0 1.000000 0.831068 0.536004 -0.148410 0.980342 0.536006 -0.843097 -0.043430 0 -0.148402 -0.043455 -0.987972 0 0 0 0 1.000000 0.872587 0.467809 -0.140521 0.980341 0.464018 -0.883745 -0.060686 0 -0.152575 -0.012251 -0.988216 0.000000 0 0 0 1.000000 0.907976 0.397709 -0.131936 0.980342 0.390581 -0.917324 -0.077228 0 -0.151742 0.018589 -0.988245 0 0 0 0 1.000000 0.936309 0.328919 -0.123036 0.980342 0.319151 -0.943164 -0.092656 0 -0.146520 0.047487 -0.988067 0 0 0 0 1.000000 0.957367 0.265388 -0.114091 0.980341 0.253829 -0.961386 -0.106342 0 -0.137907 0.072849 -0.987762 0 0 0 0 1.000000 0.971768 0.211161 -0.105245 0.980341 0.198694 -0.972986 -0.117554 0.000001 -0.127225 0.093324 -0.987474 0 0 0 0 1.000000 0.980663 0.170212 -0.096581 0.980341 0.157650 -0.979490 -0.125479 0 -0.115958 0.107826 -0.987384 0 0 0 0 1.000000 0.985292 0.146350 -0.088211 0.980341 0.134361 -0.982470 -0.129229 0 -0.105577 0.115476 -0.987684 -0.000000 0 0 0 1.000000 0.986421 0.143202 -0.080411 0.980341 0.132273 -0.982932 -0.127862 -0.000000 -0.097348 0.115489 -0.988527 0 0 0 0 1.000000 0.984270 0.161336 -0.071994 0.980341 0.151974 -0.980994 -0.120650 0.000000 -0.090091 0.107811 -0.990081 0.000000 0 0 0 1.000000 0.978427 0.197063 -0.062014 0.980341 0.189717 -0.975896 -0.107865 -0.000000 -0.081775 0.093773 -0.992229 0 0 0 0 1.000000 0.967566 0.247323 -0.051445 0.980341 0.242148 -0.966051 -0.090051 0 -0.071970 0.074673 -0.994608 0 0 0 0 1.000000 0.950226 0.308807 -0.041325 0.980341 0.305689 -0.949711 -0.067841 0.000000 -0.060197 0.051831 -0.996840 0 0 0 0 1.000000 0.925243 0.377969 -0.032632 0.980341 0.376566 -0.925436 -0.042034 0.000001 -0.046086 0.026604 -0.998583 0 0 0 0 1.000000 0.892076 0.451127 -0.026173 0.980341 0.450921 -0.892460 -0.013612 -0.000000 -0.029500 0.000341 -0.999565 -0.000000 0 0 0 1.000000 0.851030 0.524635 -0.022494 0.980342 0.525011 -0.850940 0.016284 -0.000000 -0.010598 -0.025668 -0.999614 0 0 0 0 1.000000 0.803339 0.595124 -0.021806 0.980342 0.595437 -0.802061 0.046415 0 0.010133 -0.050271 -0.998684 0 0 0 0 1.000000 0.751130 0.659720 -0.023958 0.980342 0.659383 -0.748004 0.075524 0.000000 0.031904 -0.072526 -0.996856 0.000000 0 0 0 1.000000 0.697277 0.716238 -0.028447 0.980342 0.714789 -0.691799 0.102426 0.000000 0.053681 -0.091753 -0.994334 0.000000 0 0 0 1.000000 0.645178 0.763254 -0.034475 0.980342 0.760415 -0.637082 0.126078 0 0.074266 -0.107557 -0.991421 0 0 0 0 1.000000 0.598508 0.800066 -0.041026 0.980341 0.795772 -0.587829 0.145611 0 0.092382 -0.119796 -0.988491 0 0 0 0 1.000000 0.560980 0.826495 -0.046982 0.980342 0.820918 -0.548081 0.160318 0.000000 0.106753 -0.128503 -0.985947 0 0 0 0 1.000000 0.536254 0.842501 -0.051216 0.980342 0.836030 -0.521828 0.169556 0.000000 0.116125 -0.133744 -0.984189 0 0 0 0 1.000000 0.527227 0.848081 -0.052825 0.980341 0.841276 -0.512231 0.172840 0 0.119524 -0.135566 -0.983532 0 0 0 0 1.000000 0.544942 0.837024 -0.049277 0.980341 0.830814 -0.531106 0.166359 0 0.113075 -0.131596 -0.984833 0 0 0 0 1.000000 0.592292 0.804705 -0.040492 0.980342 0.800030 -0.581399 0.148081 0 0.095619 -0.120102 -0.988146 0 0 0 0 1.000000 0.659409 0.751192 -0.029842 0.980342 0.748482 -0.652277 0.119625 0 0.070396 -0.101218 -0.992371 0 0 0 0 1.000000 0.735632 0.677061 -0.020865 0.980342 0.676145 -0.732080 0.082987 0.000000 0.040913 -0.075156 -0.996332 0 0 0 0 1.000000 0.810681 0.585254 -0.016557 0.980342 0.585393 -0.809716 0.040923 0.000000 0.010544 -0.042867 -0.999025 0 0 0 0 1.000000 0.876071 0.481817 -0.018781 0.980341 0.481848 -0.876249 -0.003088 0 -0.017945 -0.006344 -0.999819 0 0 0 0 1.000000 0.926393 0.375521 -0.027919 0.980342 0.374112 -0.926280 -0.045232 -0.000000 -0.042846 0.031458 -0.998586 0 0 0 0 1.000000 0.959994 0.276723 -0.042851 0.980341 0.272670 -0.958615 -0.081901 0 -0.063742 0.066940 -0.995719 0 0 0 0 1.000000 0.978685 0.196006 -0.061299 0.980341 0.188543 -0.975868 -0.110149 -0.000000 -0.081410 0.096244 -0.992023 0 0 0 0 1.000000 0.986421 0.143202 -0.080411 0.980341 0.132273 -0.982932 -0.127862 0 -0.097348 0.115489 -0.988527 0 0 0 0 1.000000 0.983131 0.150305 -0.104221 0.980342 0.136665 -0.982369 -0.127566 -0.000000 -0.121557 0.111171 -0.986339 0 0 0 0 1.000000 0.966387 0.218824 -0.134950 0.980341 0.204721 -0.972514 -0.110928 -0.000000 -0.155514 0.079572 -0.984624 0 0 0 0 1.000000 0.935306 0.311512 -0.167818 0.980341 0.300325 -0.949674 -0.089022 -0.000000 -0.187104 0.032863 -0.981790 0 0 0 0 1.000000 0.898109 0.393536 -0.196290 0.980342 0.387460 -0.919216 -0.070114 -0.000000 -0.208026 -0.013084 -0.978036 0.000000 0 0 0 1.000000 0.874887 0.435623 -0.211672 0.980341 0.433411 -0.899245 -0.059271 -0.000000 -0.216165 -0.039885 -0.975542 0 0 0 0 1.000000 0.802677 0.564476 -0.192554 0.980341 0.561703 -0.824013 -0.074105 0.000000 -0.200497 -0.048676 -0.978484 0 0 0 0 1.000000 0.757245 0.628385 -0.178077 0.980342 0.625741 -0.776132 -0.077889 -0.000000 -0.187156 -0.052449 -0.980929 0 0 0 0 1.000000 0.741535 0.649487 -0.168202 0.980341 0.647370 -0.758495 -0.074823 0.000000 -0.176177 -0.053405 -0.982909 0 0 0 0 1.000000 0.751141 0.639908 -0.162189 0.980342 0.638522 -0.766634 -0.067549 0 -0.167565 -0.052822 -0.984445 0 0 0 0 1.000000 0.778513 0.607150 -0.159019 0.980341 0.606541 -0.792932 -0.058031 0.000000 -0.161325 -0.051274 -0.985569 -0.000000 0 0 0 1.000000 0.815126 0.557418 -0.157653 0.980342 0.557508 -0.828791 -0.047847 0.000000 -0.157333 -0.048891 -0.986335 0 0 0 0 1.000000 0.852868 0.497899 -0.157204 0.980341 0.498519 -0.866031 -0.038328 0.000000 -0.155227 -0.045681 -0.986822 0 0 0 0 1.000000 0.885039 0.438226 -0.157044 0.980341 0.439151 -0.897890 -0.030653 0 -0.154441 -0.041837 -0.987116 0 0 0 0 1.000000 0.906844 0.391206 -0.156818 0.980341 0.392189 -0.919519 -0.025933 0 -0.154342 -0.037985 -0.987287 0 0 0 0 1.000000 0.914915 0.372128 -0.156368 0.980342 0.372951 -0.927510 -0.025159 0 -0.154395 -0.035299 -0.987378 0 0 0 0 1.000000</float_array>
        <technique_common>
          <accessor source="#Bip01_L_Hand_matrix_Bip01_L_Hand_transform-output-array" count="71" stride="16">
            <param name="TRANSFORM" type="float4x4"/>
          </accessor>
        </technique_common>
      </source>
      <source id="Bip01_L_Hand_matrix_Bip01_L_Hand_transform-interpolations">
        <Name_array id="Bip01_L_Hand_matrix_Bip01_L_Hand_transform-interpolations-array" count="71">LINEAR LINEAR LINEAR LINEAR LINEAR LINEAR LINEAR LINEAR LINEAR LINEAR LINEAR LINEAR LINEAR LINEAR LINEAR LINEAR LINEAR LINEAR LINEAR LINEAR LINEAR LINEAR LINEAR LINEAR LINEAR LINEAR LINEAR LINEAR LINEAR LINEAR LINEAR LINEAR LINEAR LINEAR LINEAR LINEAR LINEAR LINEAR LINEAR LINEAR LINEAR LINEAR LINEAR LINEAR LINEAR LINEAR LINEAR LINEAR LINEAR LINEAR LINEAR LINEAR LINEAR LINEAR LINEAR LINEAR LINEAR LINEAR LINEAR LINEAR LINEAR LINEAR LINEAR LINEAR LINEAR LINEAR LINEAR LINEAR LINEAR LINEAR LINEAR</Name_array>
        <technique_common>
          <accessor source="#Bip01_L_Hand_matrix_Bip01_L_Hand_transform-interpolations-array" count="71" stride="1">
            <param name="INTERPOLATION" type="Name"/>
          </accessor>
        </technique_common>
      </source>
      <sampler id="Bip01_L_Hand_matrix_Bip01_L_Hand_transform-sampler">
        <input semantic="INPUT" source="#Bip01_L_Hand_matrix_Bip01_L_Hand_transform-input"/>
        <input semantic="OUTPUT" source="#Bip01_L_Hand_matrix_Bip01_L_Hand_transform-output"/>
        <input semantic="INTERPOLATION" source="#Bip01_L_Hand_matrix_Bip01_L_Hand_transform-interpolations"/>
      </sampler>
      <channel source="#Bip01_L_Hand_matrix_Bip01_L_Hand_transform-sampler" target="Bip01_L_Hand/transform"/>
    </animation>
    <animation id="Bip01_R_Clavicle_matrix">
      <source id="Bip01_R_Clavicle_matrix_Bip01_R_Clavicle_transform-input">
        <float_array id="Bip01_R_Clavicle_matrix_Bip01_R_Clavicle_transform-input-array" count="71">0 0.033333 0.066667 0.100000 0.133333 0.166667 0.200000 0.233333 0.266667 0.300000 0.333333 0.366667 0.400000 0.433333 0.466667 0.500000 0.533333 0.566667 0.600000 0.633333 0.666667 0.700000 0.733334 0.766667 0.800000 0.833334 0.866667 0.900000 0.933334 0.966667 1.000000 1.033334 1.066667 1.100000 1.133334 1.166667 1.200000 1.233333 1.266667 1.300000 1.333333 1.366667 1.400000 1.433333 1.466667 1.500000 1.533333 1.566666 1.600000 1.633333 1.666666 1.700000 1.733333 1.766666 1.800000 1.833333 1.866666 1.899999 1.933333 1.966666 1.999999 2.033333 2.066666 2.099999 2.133333 2.166666 2.199999 2.233333 2.266666 2.299999 2.333333</float_array>
        <technique_common>
          <accessor source="#Bip01_R_Clavicle_matrix_Bip01_R_Clavicle_transform-input-array" count="71" stride="1">
            <param name="TIME" type="float"/>
          </accessor>
        </technique_common>
        <technique profile="MAYA">
          <pre_infinity>CONSTANT</pre_infinity>
          <post_infinity>CONSTANT</post_infinity>
        </technique>
      </source>
      <source id="Bip01_R_Clavicle_matrix_Bip01_R_Clavicle_transform-output">
        <float_array id="Bip01_R_Clavicle_matrix_Bip01_R_Clavicle_transform-output-array" count="1136">-0.383638 -0.000254 -0.923484 -0.269566 0.875342 -0.318759 -0.363551 -0.073128 -0.294277 -0.947836 0.122510 -0.228310 0 0 0 1.000000 -0.383638 -0.000254 -0.923484 -0.269566 0.875342 -0.318760 -0.363551 -0.073128 -0.294277 -0.947836 0.122510 -0.228310 0 0 0 1.000000 -0.383638 -0.000254 -0.923484 -0.269566 0.875342 -0.318760 -0.363551 -0.073128 -0.294277 -0.947836 0.122510 -0.228310 0 0 0 1.000000 -0.383638 -0.000254 -0.923484 -0.269566 0.875342 -0.318760 -0.363551 -0.073128 -0.294277 -0.947836 0.122510 -0.228310 0 0 0 1.000000 -0.383638 -0.000254 -0.923484 -0.269566 0.875342 -0.318759 -0.363551 -0.073128 -0.294277 -0.947836 0.122510 -0.228310 0 0 0 1.000000 -0.383638 -0.000254 -0.923484 -0.269566 0.875342 -0.318760 -0.363551 -0.073128 -0.294277 -0.947836 0.122510 -0.228310 0 0 0 1.000000 -0.383638 -0.000254 -0.923483 -0.269566 0.875342 -0.318759 -0.363551 -0.073128 -0.294277 -0.947836 0.122510 -0.228310 0 0 0 1.000000 -0.383638 -0.000254 -0.923483 -0.269566 0.875342 -0.318759 -0.363551 -0.073128 -0.294277 -0.947836 0.122510 -0.228310 0 0 0 1.000000 -0.383638 -0.000254 -0.923484 -0.269566 0.875342 -0.318759 -0.363551 -0.073128 -0.294277 -0.947836 0.122510 -0.228310 0 0 0 1.000000 -0.383638 -0.000254 -0.923484 -0.269566 0.875342 -0.318760 -0.363551 -0.073128 -0.294277 -0.947836 0.122510 -0.228310 0 0 0 1.000000 -0.383638 -0.000254 -0.923484 -0.269566 0.875342 -0.318760 -0.363551 -0.073128 -0.294277 -0.947836 0.122510 -0.228310 0 0 0 1.000000 -0.383638 -0.000254 -0.923484 -0.269566 0.875342 -0.318760 -0.363551 -0.073128 -0.294277 -0.947836 0.122510 -0.228310 0 0 0 1.000000 -0.383638 -0.000254 -0.923484 -0.269566 0.875342 -0.318759 -0.363551 -0.073128 -0.294277 -0.947836 0.122510 -0.228310 0 0 0 1.000000 -0.383638 -0.000254 -0.923484 -0.269566 0.875342 -0.318760 -0.363551 -0.073128 -0.294277 -0.947836 0.122510 -0.228310 0 0 0 1.000000 -0.383638 -0.000254 -0.923484 -0.269566 0.875342 -0.318760 -0.363551 -0.073127 -0.294277 -0.947836 0.122510 -0.228310 0 0 0 1.000000 -0.383638 -0.000254 -0.923484 -0.269566 0.875342 -0.318759 -0.363551 -0.073128 -0.294277 -0.947836 0.122510 -0.228310 0 0 0 1.000000 -0.383638 -0.000254 -0.923483 -0.269566 0.875342 -0.318759 -0.363551 -0.073128 -0.294277 -0.947836 0.122510 -0.228310 0 0 0 1.000000 -0.383638 -0.000254 -0.923484 -0.269566 0.875342 -0.318760 -0.363551 -0.073128 -0.294277 -0.947836 0.122510 -0.228310 0 0 0 1.000000 -0.383638 -0.000254 -0.923484 -0.269566 0.875342 -0.318759 -0.363551 -0.073128 -0.294277 -0.947836 0.122510 -0.228310 0 0 0 1.000000 -0.383638 -0.000254 -0.923484 -0.269565 0.875342 -0.318759 -0.363551 -0.073128 -0.294277 -0.947836 0.122510 -0.228310 0 0 0 1.000000 -0.383638 -0.000254 -0.923484 -0.269566 0.875342 -0.318760 -0.363551 -0.073128 -0.294277 -0.947836 0.122510 -0.228310 0 0 0 1.000000 -0.383638 -0.000254 -0.923484 -0.269565 0.875342 -0.318759 -0.363551 -0.073128 -0.294277 -0.947836 0.122510 -0.228310 0 0 0 1.000000 -0.383638 -0.000254 -0.923484 -0.269566 0.875342 -0.318759 -0.363551 -0.073128 -0.294277 -0.947836 0.122510 -0.228310 0 0 0 1.000000 -0.383638 -0.000254 -0.923484 -0.269566 0.875342 -0.318759 -0.363551 -0.073128 -0.294277 -0.947836 0.122510 -0.228310 0 0 0 1.000000 -0.383638 -0.000254 -0.923484 -0.269566 0.875342 -0.318759 -0.363551 -0.073128 -0.294277 -0.947836 0.122510 -0.228310 0 0 0 1.000000 -0.383638 -0.000254 -0.923484 -0.269566 0.875342 -0.318759 -0.363551 -0.073128 -0.294277 -0.947836 0.122510 -0.228310 0 0 0 1.000000 -0.383638 -0.000254 -0.923484 -0.269565 0.875342 -0.318759 -0.363551 -0.073128 -0.294277 -0.947836 0.122510 -0.228310 0 0 0 1.000000 -0.383638 -0.000254 -0.923483 -0.269565 0.875342 -0.318759 -0.363551 -0.073128 -0.294277 -0.947836 0.122510 -0.228310 0 0 0 1.000000 -0.383638 -0.000254 -0.923484 -0.269566 0.875342 -0.318760 -0.363551 -0.073128 -0.294277 -0.947836 0.122510 -0.228310 0 0 0 1.000000 -0.383638 -0.000254 -0.923484 -0.269566 0.875342 -0.318759 -0.363551 -0.073128 -0.294277 -0.947836 0.122510 -0.228310 0 0 0 1.000000 -0.383638 -0.000254 -0.923483 -0.269566 0.875342 -0.318760 -0.363551 -0.073128 -0.294277 -0.947836 0.122510 -0.228310 0 0 0 1.000000 -0.383638 -0.000254 -0.923484 -0.269566 0.875342 -0.318759 -0.363551 -0.073128 -0.294277 -0.947836 0.122510 -0.228310 0 0 0 1.000000 -0.383638 -0.000254 -0.923484 -0.269566 0.875342 -0.318759 -0.363551 -0.073128 -0.294277 -0.947836 0.122510 -0.228310 0 0 0 1.000000 -0.383638 -0.000254 -0.923484 -0.269566 0.875342 -0.318760 -0.363551 -0.073128 -0.294277 -0.947836 0.122510 -0.228310 0 0 0 1.000000 -0.383638 -0.000254 -0.923484 -0.269566 0.875342 -0.318760 -0.363551 -0.073128 -0.294277 -0.947836 0.122510 -0.228310 0 0 0 1.000000 -0.383638 -0.000254 -0.923483 -0.269566 0.875342 -0.318759 -0.363551 -0.073128 -0.294277 -0.947836 0.122510 -0.228309 0 0 0 1.000000 -0.383638 -0.000254 -0.923484 -0.269566 0.875342 -0.318759 -0.363551 -0.073128 -0.294277 -0.947836 0.122510 -0.228310 0 0 0 1.000000 -0.383638 -0.000254 -0.923484 -0.269566 0.875342 -0.318760 -0.363551 -0.073128 -0.294277 -0.947836 0.122510 -0.228309 0 0 0 1.000000 -0.383638 -0.000254 -0.923484 -0.269566 0.875342 -0.318760 -0.363551 -0.073128 -0.294277 -0.947836 0.122510 -0.228310 0 0 0 1.000000 -0.383638 -0.000254 -0.923484 -0.269566 0.875342 -0.318760 -0.363551 -0.073128 -0.294277 -0.947836 0.122510 -0.228310 0 0 0 1.000000 -0.383638 -0.000254 -0.923483 -0.269566 0.875342 -0.318759 -0.363551 -0.073128 -0.294277 -0.947836 0.122510 -0.228310 0 0 0 1.000000 -0.383638 -0.000254 -0.923484 -0.269566 0.875342 -0.318760 -0.363551 -0.073128 -0.294277 -0.947836 0.122510 -0.228310 0 0 0 1.000000 -0.383638 -0.000254 -0.923484 -0.269566 0.875342 -0.318760 -0.363551 -0.073128 -0.294277 -0.947836 0.122510 -0.228310 0 0 0 1.000000 -0.383638 -0.000254 -0.923484 -0.269566 0.875342 -0.318760 -0.363551 -0.073128 -0.294277 -0.947836 0.122510 -0.228310 0 0 0 1.000000 -0.383638 -0.000254 -0.923483 -0.269566 0.875342 -0.318760 -0.363551 -0.073128 -0.294277 -0.947836 0.122510 -0.228310 0 0 0 1.000000 -0.383638 -0.000254 -0.923484 -0.269566 0.875342 -0.318759 -0.363551 -0.073128 -0.294277 -0.947836 0.122510 -0.228310 0 0 0 1.000000 -0.383638 -0.000254 -0.923484 -0.269566 0.875342 -0.318760 -0.363551 -0.073128 -0.294277 -0.947836 0.122510 -0.228310 0 0 0 1.000000 -0.383638 -0.000254 -0.923484 -0.269566 0.875342 -0.318760 -0.363551 -0.073128 -0.294277 -0.947836 0.122510 -0.228310 0 0 0 1.000000 -0.383638 -0.000254 -0.923483 -0.269566 0.875342 -0.318759 -0.363551 -0.073128 -0.294277 -0.947836 0.122510 -0.228310 0 0 0 1.000000 -0.383638 -0.000254 -0.923483 -0.269565 0.875342 -0.318760 -0.363551 -0.073128 -0.294277 -0.947836 0.122510 -0.228310 0 0 0 1.000000 -0.383638 -0.000254 -0.923484 -0.269566 0.875342 -0.318759 -0.363551 -0.073128 -0.294277 -0.947836 0.122510 -0.228310 0 0 0 1.000000 -0.383638 -0.000254 -0.923484 -0.269566 0.875342 -0.318760 -0.363551 -0.073128 -0.294277 -0.947836 0.122510 -0.228309 0 0 0 1.000000 -0.383638 -0.000254 -0.923484 -0.269566 0.875342 -0.318759 -0.363551 -0.073128 -0.294277 -0.947836 0.122510 -0.228309 0 0 0 1.000000 -0.383638 -0.000254 -0.923484 -0.269566 0.875342 -0.318759 -0.363551 -0.073128 -0.294277 -0.947836 0.122510 -0.228310 0 0 0 1.000000 -0.383638 -0.000254 -0.923484 -0.269566 0.875342 -0.318759 -0.363551 -0.073128 -0.294277 -0.947836 0.122510 -0.228310 0 0 0 1.000000 -0.383638 -0.000254 -0.923484 -0.269565 0.875342 -0.318760 -0.363551 -0.073128 -0.294277 -0.947836 0.122510 -0.228310 0 0 0 1.000000 -0.383638 -0.000254 -0.923484 -0.269566 0.875342 -0.318760 -0.363551 -0.073128 -0.294277 -0.947836 0.122510 -0.228310 0 0 0 1.000000 -0.383638 -0.000254 -0.923484 -0.269566 0.875342 -0.318760 -0.363551 -0.073128 -0.294277 -0.947836 0.122510 -0.228309 0 0 0 1.000000 -0.383638 -0.000254 -0.923484 -0.269566 0.875342 -0.318760 -0.363551 -0.073128 -0.294277 -0.947836 0.122510 -0.228310 0 0 0 1.000000 -0.383638 -0.000254 -0.923484 -0.269566 0.875342 -0.318759 -0.363551 -0.073128 -0.294277 -0.947836 0.122510 -0.228310 0 0 0 1.000000 -0.383638 -0.000254 -0.923483 -0.269566 0.875342 -0.318759 -0.363551 -0.073128 -0.294277 -0.947836 0.122510 -0.228310 0 0 0 1.000000 -0.383638 -0.000254 -0.923484 -0.269566 0.875342 -0.318759 -0.363551 -0.073128 -0.294277 -0.947836 0.122510 -0.228310 0 0 0 1.000000 -0.383638 -0.000254 -0.923483 -0.269566 0.875342 -0.318760 -0.363551 -0.073128 -0.294277 -0.947836 0.122510 -0.228310 0 0 0 1.000000 -0.383638 -0.000254 -0.923484 -0.269566 0.875342 -0.318760 -0.363551 -0.073128 -0.294277 -0.947836 0.122510 -0.228310 0 0 0 1.000000 -0.383638 -0.000254 -0.923484 -0.269566 0.875342 -0.318760 -0.363551 -0.073128 -0.294277 -0.947836 0.122510 -0.228310 0 0 0 1.000000 -0.383638 -0.000254 -0.923484 -0.269566 0.875342 -0.318760 -0.363551 -0.073128 -0.294277 -0.947836 0.122510 -0.228310 0 0 0 1.000000 -0.383638 -0.000254 -0.923484 -0.269566 0.875342 -0.318759 -0.363551 -0.073128 -0.294277 -0.947836 0.122510 -0.228310 0 0 0 1.000000 -0.383638 -0.000254 -0.923484 -0.269566 0.875342 -0.318760 -0.363551 -0.073128 -0.294277 -0.947836 0.122510 -0.228310 0 0 0 1.000000 -0.383638 -0.000254 -0.923484 -0.269566 0.875342 -0.318760 -0.363551 -0.073128 -0.294277 -0.947836 0.122510 -0.228310 0 0 0 1.000000 -0.383638 -0.000254 -0.923484 -0.269566 0.875342 -0.318760 -0.363551 -0.073128 -0.294277 -0.947836 0.122510 -0.228310 0 0 0 1.000000 -0.383638 -0.000254 -0.923484 -0.269566 0.875342 -0.318759 -0.363551 -0.073128 -0.294277 -0.947836 0.122510 -0.228310 0 0 0 1.000000</float_array>
        <technique_common>
          <accessor source="#Bip01_R_Clavicle_matrix_Bip01_R_Clavicle_transform-output-array" count="71" stride="16">
            <param name="TRANSFORM" type="float4x4"/>
          </accessor>
        </technique_common>
      </source>
      <source id="Bip01_R_Clavicle_matrix_Bip01_R_Clavicle_transform-interpolations">
        <Name_array id="Bip01_R_Clavicle_matrix_Bip01_R_Clavicle_transform-interpolations-array" count="71">LINEAR LINEAR LINEAR LINEAR LINEAR LINEAR LINEAR LINEAR LINEAR LINEAR LINEAR LINEAR LINEAR LINEAR LINEAR LINEAR LINEAR LINEAR LINEAR LINEAR LINEAR LINEAR LINEAR LINEAR LINEAR LINEAR LINEAR LINEAR LINEAR LINEAR LINEAR LINEAR LINEAR LINEAR LINEAR LINEAR LINEAR LINEAR LINEAR LINEAR LINEAR LINEAR LINEAR LINEAR LINEAR LINEAR LINEAR LINEAR LINEAR LINEAR LINEAR LINEAR LINEAR LINEAR LINEAR LINEAR LINEAR LINEAR LINEAR LINEAR LINEAR LINEAR LINEAR LINEAR LINEAR LINEAR LINEAR LINEAR LINEAR LINEAR LINEAR</Name_array>
        <technique_common>
          <accessor source="#Bip01_R_Clavicle_matrix_Bip01_R_Clavicle_transform-interpolations-array" count="71" stride="1">
            <param name="INTERPOLATION" type="Name"/>
          </accessor>
        </technique_common>
      </source>
      <sampler id="Bip01_R_Clavicle_matrix_Bip01_R_Clavicle_transform-sampler">
        <input semantic="INPUT" source="#Bip01_R_Clavicle_matrix_Bip01_R_Clavicle_transform-input"/>
        <input semantic="OUTPUT" source="#Bip01_R_Clavicle_matrix_Bip01_R_Clavicle_transform-output"/>
        <input semantic="INTERPOLATION" source="#Bip01_R_Clavicle_matrix_Bip01_R_Clavicle_transform-interpolations"/>
      </sampler>
      <channel source="#Bip01_R_Clavicle_matrix_Bip01_R_Clavicle_transform-sampler" target="Bip01_R_Clavicle/transform"/>
    </animation>
    <animation id="Bip01_R_UpperArm_matrix">
      <source id="Bip01_R_UpperArm_matrix_Bip01_R_UpperArm_transform-input">
        <float_array id="Bip01_R_UpperArm_matrix_Bip01_R_UpperArm_transform-input-array" count="71">0 0.033333 0.066667 0.100000 0.133333 0.166667 0.200000 0.233333 0.266667 0.300000 0.333333 0.366667 0.400000 0.433333 0.466667 0.500000 0.533333 0.566667 0.600000 0.633333 0.666667 0.700000 0.733334 0.766667 0.800000 0.833334 0.866667 0.900000 0.933334 0.966667 1.000000 1.033334 1.066667 1.100000 1.133334 1.166667 1.200000 1.233333 1.266667 1.300000 1.333333 1.366667 1.400000 1.433333 1.466667 1.500000 1.533333 1.566666 1.600000 1.633333 1.666666 1.700000 1.733333 1.766666 1.800000 1.833333 1.866666 1.899999 1.933333 1.966666 1.999999 2.033333 2.066666 2.099999 2.133333 2.166666 2.199999 2.233333 2.266666 2.299999 2.333333</float_array>
        <technique_common>
          <accessor source="#Bip01_R_UpperArm_matrix_Bip01_R_UpperArm_transform-input-array" count="71" stride="1">
            <param name="TIME" type="float"/>
          </accessor>
        </technique_common>
        <technique profile="MAYA">
          <pre_infinity>CONSTANT</pre_infinity>
          <post_infinity>CONSTANT</post_infinity>
        </technique>
      </source>
      <source id="Bip01_R_UpperArm_matrix_Bip01_R_UpperArm_transform-output">
        <float_array id="Bip01_R_UpperArm_matrix_Bip01_R_UpperArm_transform-output-array" count="1136">0.951718 -0.263150 -0.158068 0.893298 -0.130996 0.117538 -0.984391 0 0.277622 0.957568 0.077391 -0.000000 0 0 0 1.000000 0.950410 -0.269182 -0.155763 0.893299 -0.128529 0.116107 -0.984886 0 0.283199 0.956065 0.075751 0 0 0 0 1.000000 0.947707 -0.281901 -0.149613 0.893298 -0.122092 0.112884 -0.986078 0 0.294865 0.952780 0.072563 -0.000000 0 0 0 1.000000 0.945512 -0.293441 -0.141062 0.893298 -0.114063 0.107261 -0.987666 0 0.304952 0.949941 0.067946 -0.000000 0 0 0 1.000000 0.945260 -0.298599 -0.131617 0.893298 -0.106384 0.099316 -0.989353 0 0.308491 0.949197 0.062113 -0.000000 0 0 0 1.000000 0.947438 -0.295414 -0.122851 0.893298 -0.100398 0.090068 -0.990862 0 0.303780 0.951114 0.055675 0 0 0 0 1.000000 0.951574 -0.284569 -0.116311 0.893298 -0.096927 0.081327 -0.991963 0 0.291741 0.955200 0.049806 -0.000000 0 0 0 1.000000 0.956515 -0.268740 -0.113396 0.893299 -0.096467 0.075428 -0.992474 -0.000000 0.275270 0.960255 0.046223 -0.000000 0 0 0 1.000000 0.960879 -0.251816 -0.115330 0.893299 -0.099468 0.074880 -0.992219 0 0.258493 0.964874 0.046903 -0.000000 0 0 0 1.000000 0.963493 -0.237611 -0.123377 0.893299 -0.106692 0.081890 -0.990914 -0.000000 0.245555 0.967902 0.053550 -0.000000 0 0 0 1.000000 0.963695 -0.227834 -0.139229 0.893298 -0.119656 0.097645 -0.988002 -0.000000 0.238696 0.968791 0.066839 0 0 0 0 1.000000 0.982983 -0.134878 -0.124711 0.893298 -0.112692 0.093375 -0.989233 0 0.145071 0.986453 0.076586 -0.000000 0 0 0 1.000000 0.994770 0.028626 -0.098048 0.893299 -0.100231 0.088753 -0.990998 0 -0.019667 0.995642 0.091158 -0.000000 0 0 0 1.000000 0.976374 0.205144 -0.067888 0.893299 -0.087172 0.086466 -0.992434 -0.000000 -0.197722 0.974905 0.102306 -0.000000 0 0 0 1.000000 0.939430 0.339760 -0.045097 0.893298 -0.078875 0.086265 -0.993145 0.000000 -0.333540 0.936548 0.107838 -0.000000 0 0 0 1.000000 0.921655 0.385807 -0.041293 0.893298 -0.080478 0.085969 -0.993042 -0.000000 -0.379573 0.918565 0.110283 -0.000000 0 0 0 1.000000 0.929716 0.364396 -0.053332 0.893298 -0.090248 0.085030 -0.992283 0 -0.357049 0.927354 0.111939 -0.000000 0 0 0 1.000000 0.942651 0.326336 -0.070100 0.893298 -0.102902 0.084341 -0.991109 -0.000000 -0.317523 0.941483 0.113085 -0.000000 0 0 0 1.000000 0.957536 0.273668 -0.090721 0.893299 -0.117859 0.084375 -0.989439 0 -0.263124 0.958116 0.113047 0 0 0 0 1.000000 0.971304 0.208606 -0.114245 0.893299 -0.134495 0.085576 -0.987212 -0.000000 -0.196162 0.974249 0.111177 0 0 0 0 1.000000 0.981133 0.133710 -0.139643 0.893299 -0.152140 0.088285 -0.984408 -0.000000 -0.119296 0.987080 0.106962 -0.000000 0 0 0 1.000000 0.984785 0.051943 -0.165834 0.893299 -0.170096 0.092691 -0.981059 -0.000000 -0.035588 0.994339 0.100116 0 0 0 0 1.000000 0.980927 -0.032857 -0.191581 0.893298 -0.187561 0.098751 -0.977276 0 0.051030 0.994570 0.090704 0.000000 0 0 0 1.000000 0.969057 -0.118825 -0.216353 0.893299 -0.204216 0.106391 -0.973127 -0.000000 0.138649 0.987199 0.078833 -0.000000 0 0 0 1.000000 0.950057 -0.200905 -0.238806 0.893299 -0.219197 0.115090 -0.968869 0 0.222135 0.972826 0.065304 -0.000000 0 0 0 1.000000 0.925630 -0.276446 -0.258430 0.893298 -0.232200 0.124340 -0.964688 0 0.298818 0.952952 0.050902 -0.000000 0 0 0 1.000000 0.898373 -0.342670 -0.274778 0.893298 -0.242963 0.133477 -0.960809 0 0.365917 0.929925 0.036656 0 0 0 0 1.000000 0.871465 -0.397275 -0.287614 0.893299 -0.251362 0.141777 -0.957453 0 0.421149 0.906682 0.023694 -0.000000 0 0 0 1.000000 0.848352 -0.438377 -0.296856 0.893298 -0.257374 0.148510 -0.954831 -0.000000 0.462663 0.886437 0.013162 0 0 0 0 1.000000 0.832408 -0.464327 -0.302484 0.893298 -0.261016 0.152986 -0.953135 0 0.488842 0.872350 0.006150 0 0 0 0 1.000000 0.826568 -0.473414 -0.304410 0.893299 -0.262258 0.154594 -0.952534 0 0.498003 0.867168 0.003626 -0.000000 0 0 0 1.000000 0.832982 -0.463636 -0.301964 0.893298 -0.260565 0.152739 -0.953297 0 0.488105 0.872761 0.006422 0 0 0 0 1.000000 0.850384 -0.435753 -0.294899 0.893298 -0.255677 0.147629 -0.955424 -0.000000 0.459864 0.887877 0.014130 -0.000001 0 0 0 1.000000 0.875359 -0.391656 -0.283464 0.893299 -0.247767 0.140060 -0.958642 0 0.415160 0.909389 0.025564 0 0 0 0 1.000000 0.904012 -0.333197 -0.267846 0.893298 -0.236966 0.130924 -0.962656 0 0.355822 0.933723 0.039401 0.000000 0 0 0 1.000000 0.932418 -0.262543 -0.248329 0.893299 -0.223472 0.121135 -0.967154 0 0.284001 0.957286 0.054277 -0.000000 0 0 0 1.000000 0.957044 -0.182378 -0.225402 0.893299 -0.207624 0.111560 -0.971827 -0.000000 0.202385 0.976879 0.068901 0 0 0 0 1.000000 0.975126 -0.095946 -0.199811 0.893299 -0.189940 0.102941 -0.976384 0 0.114249 0.990049 0.082157 -0.000000 0 0 0 1.000000 0.984975 -0.006943 -0.172556 0.893299 -0.171110 0.095833 -0.980580 0 0.023345 0.995373 0.093205 -0.000000 0 0 0 1.000000 0.986158 0.080707 -0.144838 0.893298 -0.151965 0.090547 -0.984230 -0.000000 -0.066320 0.992616 0.101559 -0.000001 0 0 0 1.000000 0.979526 0.163127 -0.117977 0.893298 -0.133416 0.087137 -0.987222 0 -0.150763 0.982749 0.107117 0 0 0 0 1.000000 0.967084 0.236728 -0.093320 0.893299 -0.116391 0.085405 -0.989525 0 -0.226278 0.967815 0.110146 -0.000001 0 0 0 1.000000 0.951721 0.298361 -0.072163 0.893298 -0.101785 0.084949 -0.991173 0 -0.289597 0.950665 0.111217 0 0 0 0 1.000000 0.936825 0.345334 -0.055710 0.893299 -0.090429 0.085245 -0.992248 0 -0.337908 0.934600 0.111087 0 0 0 0 1.000000 0.925871 0.375136 -0.045116 0.893299 -0.083117 0.085734 -0.992845 -0.000000 -0.368584 0.922996 0.110559 -0.000000 0 0 0 1.000000 0.921655 0.385807 -0.041293 0.893299 -0.080478 0.085969 -0.993042 -0.000000 -0.379573 0.918565 0.110283 0 0 0 0 1.000000 0.929526 0.365685 -0.047483 0.893299 -0.084340 0.085475 -0.992764 0 -0.358980 0.926805 0.110293 -0.000000 0 0 0 1.000000 0.948638 0.309693 -0.064619 0.893299 -0.095174 0.084575 -0.991861 0 -0.301708 0.947068 0.109705 0.000000 0 0 0 1.000000 0.970352 0.224139 -0.090431 0.893298 -0.111793 0.084503 -0.990132 0 -0.214286 0.970887 0.107055 -0.000000 0 0 0 1.000000 0.985656 0.116209 -0.122381 0.893298 -0.132801 0.086592 -0.987353 -0.000000 -0.104142 0.989443 0.100782 0.000000 0 0 0 1.000000 0.987476 -0.005257 -0.157682 0.893298 -0.156541 0.091865 -0.983390 0 0.019656 0.995757 0.089891 -0.000000 0 0 0 1.000000 0.972435 -0.130058 -0.193534 0.893298 -0.181223 0.100729 -0.978270 0.000000 0.146726 0.986376 0.074383 -0.000000 0 0 0 1.000000 0.941746 -0.247715 -0.227491 0.893299 -0.205172 0.112820 -0.972202 0 0.266495 0.962242 0.055424 0 0 0 0 1.000000 0.901037 -0.348813 -0.257801 0.893298 -0.227086 0.127025 -0.965555 0.000000 0.369545 0.928544 0.035244 -0.000000 0 0 0 1.000000 0.859198 -0.425894 -0.283537 0.893298 -0.246201 0.141642 -0.958813 0 0.448513 0.893617 0.016843 -0.000000 0 0 0 1.000000 0.826567 -0.473414 -0.304410 0.893298 -0.262258 0.154594 -0.952534 0 0.498003 0.867168 0.003626 0 0 0 0 1.000000 0.823315 -0.464212 -0.326586 0.893299 -0.281951 0.164881 -0.945155 -0.000000 0.492601 0.870242 0.004864 0 0 0 0 1.000000 0.848868 -0.395030 -0.351247 0.893299 -0.307741 0.170951 -0.935987 0 0.429789 0.902622 0.023549 -0.000000 0 0 0 1.000000 0.880295 -0.296518 -0.370348 0.893299 -0.332522 0.171170 -0.927432 -0.000000 0.338393 0.939563 0.052081 -0.000000 0 0 0 1.000000 0.902906 -0.203724 -0.378492 0.893298 -0.348833 0.167202 -0.922149 -0.000000 0.251149 0.964645 0.079902 -0.000000 0 0 0 1.000000 0.914208 -0.155354 -0.374283 0.893299 -0.349891 0.163365 -0.922436 0 0.204449 0.974257 0.094993 0 0 0 0 1.000000 0.908693 -0.241992 -0.340171 0.893299 -0.300810 0.185453 -0.935479 -0.000000 0.289464 0.952390 0.095726 -0.000000 0 0 0 1.000000 0.906958 -0.288428 -0.306981 0.893298 -0.261237 0.186545 -0.947078 -0.000000 0.330429 0.939154 0.093841 0 0 0 0 1.000000 0.908429 -0.314266 -0.275670 0.893298 -0.228577 0.178716 -0.956981 0 0.350013 0.932361 0.090517 -0.000000 0 0 0 1.000000 0.912353 -0.326521 -0.246973 0.893298 -0.201460 0.167094 -0.965139 0 0.356405 0.930303 0.086668 -0.000000 0 0 0 1.000000 0.918057 -0.328815 -0.221478 0.893299 -0.179068 0.154495 -0.971631 0 0.353704 0.931672 0.082955 0 0 0 0 1.000000 0.924861 -0.323668 -0.199677 0.893298 -0.160934 0.142628 -0.976605 0 0.344576 0.935359 0.079822 -0.000000 0 0 0 1.000000 0.931989 -0.313484 -0.182003 0.893299 -0.146826 0.132592 -0.980235 0 0.331420 0.940291 0.077547 0 0 0 0 1.000000 0.938508 -0.301147 -0.168856 0.893298 -0.136648 0.125144 -0.982683 0 0.317064 0.945330 0.076298 0.000000 0 0 0 1.000000 0.943323 -0.290420 -0.160617 0.893299 -0.130334 0.120901 -0.984071 -0.000000 0.305213 0.949231 0.076197 -0.000001 0 0 0 1.000000 0.945221 -0.285841 -0.157647 0.893298 -0.127750 0.120503 -0.984459 0 0.300396 0.950670 0.077386 -0.000000 0 0 0 1.000000</float_array>
        <technique_common>
          <accessor source="#Bip01_R_UpperArm_matrix_Bip01_R_UpperArm_transform-output-array" count="71" stride="16">
            <param name="TRANSFORM" type="float4x4"/>
          </accessor>
        </technique_common>
      </source>
      <source id="Bip01_R_UpperArm_matrix_Bip01_R_UpperArm_transform-interpolations">
        <Name_array id="Bip01_R_UpperArm_matrix_Bip01_R_UpperArm_transform-interpolations-array" count="71">LINEAR LINEAR LINEAR LINEAR LINEAR LINEAR LINEAR LINEAR LINEAR LINEAR LINEAR LINEAR LINEAR LINEAR LINEAR LINEAR LINEAR LINEAR LINEAR LINEAR LINEAR LINEAR LINEAR LINEAR LINEAR LINEAR LINEAR LINEAR LINEAR LINEAR LINEAR LINEAR LINEAR LINEAR LINEAR LINEAR LINEAR LINEAR LINEAR LINEAR LINEAR LINEAR LINEAR LINEAR LINEAR LINEAR LINEAR LINEAR LINEAR LINEAR LINEAR LINEAR LINEAR LINEAR LINEAR LINEAR LINEAR LINEAR LINEAR LINEAR LINEAR LINEAR LINEAR LINEAR LINEAR LINEAR LINEAR LINEAR LINEAR LINEAR LINEAR</Name_array>
        <technique_common>
          <accessor source="#Bip01_R_UpperArm_matrix_Bip01_R_UpperArm_transform-interpolations-array" count="71" stride="1">
            <param name="INTERPOLATION" type="Name"/>
          </accessor>
        </technique_common>
      </source>
      <sampler id="Bip01_R_UpperArm_matrix_Bip01_R_UpperArm_transform-sampler">
        <input semantic="INPUT" source="#Bip01_R_UpperArm_matrix_Bip01_R_UpperArm_transform-input"/>
        <input semantic="OUTPUT" source="#Bip01_R_UpperArm_matrix_Bip01_R_UpperArm_transform-output"/>
        <input semantic="INTERPOLATION" source="#Bip01_R_UpperArm_matrix_Bip01_R_UpperArm_transform-interpolations"/>
      </sampler>
      <channel source="#Bip01_R_UpperArm_matrix_Bip01_R_UpperArm_transform-sampler" target="Bip01_R_UpperArm/transform"/>
    </animation>
    <animation id="Bip01_R_Forearm_matrix">
      <source id="Bip01_R_Forearm_matrix_Bip01_R_Forearm_transform-input">
        <float_array id="Bip01_R_Forearm_matrix_Bip01_R_Forearm_transform-input-array" count="71">0 0.033333 0.066667 0.100000 0.133333 0.166667 0.200000 0.233333 0.266667 0.300000 0.333333 0.366667 0.400000 0.433333 0.466667 0.500000 0.533333 0.566667 0.600000 0.633333 0.666667 0.700000 0.733334 0.766667 0.800000 0.833334 0.866667 0.900000 0.933334 0.966667 1.000000 1.033334 1.066667 1.100000 1.133334 1.166667 1.200000 1.233333 1.266667 1.300000 1.333333 1.366667 1.400000 1.433333 1.466667 1.500000 1.533333 1.566666 1.600000 1.633333 1.666666 1.700000 1.733333 1.766666 1.800000 1.833333 1.866666 1.899999 1.933333 1.966666 1.999999 2.033333 2.066666 2.099999 2.133333 2.166666 2.199999 2.233333 2.266666 2.299999 2.333333</float_array>
        <technique_common>
          <accessor source="#Bip01_R_Forearm_matrix_Bip01_R_Forearm_transform-input-array" count="71" stride="1">
            <param name="TIME" type="float"/>
          </accessor>
        </technique_common>
        <technique profile="MAYA">
          <pre_infinity>CONSTANT</pre_infinity>
          <post_infinity>CONSTANT</post_infinity>
        </technique>
      </source>
      <source id="Bip01_R_Forearm_matrix_Bip01_R_Forearm_transform-output">
        <float_array id="Bip01_R_Forearm_matrix_Bip01_R_Forearm_transform-output-array" count="1136">0.697722 0.716369 0 0.968692 -0.716369 0.697722 0 0.000000 0 0 1.000000 0 0 0 0 1.000000 0.675771 0.737112 0 0.968692 -0.737111 0.675771 0 0 0 0 1.000000 0 0 0 0 1.000000 0.618579 0.785723 0 0.968691 -0.785723 0.618579 0 0 0 0 1.000000 0 0 0 0 1.000000 0.539788 0.841801 0 0.968692 -0.841801 0.539788 0 0 0 0 1.000000 0 0 0 0 1.000000 0.452549 0.891739 0 0.968692 -0.891739 0.452550 0 0 0 0 1.000000 0 0 0 0 1.000000 0.368299 0.929707 0 0.968692 -0.929707 0.368299 0 -0.000000 0 0 1.000000 0 0 0 0 1.000000 0.296182 0.955132 0 0.968692 -0.955132 0.296182 0 0 0 0 1.000000 0 0 0 0 1.000000 0.243117 0.969997 0 0.968692 -0.969997 0.243117 0 0.000000 0 0 1.000000 0 0 0 0 1.000000 0.214516 0.976720 0 0.968691 -0.976720 0.214516 0 0 0 0 1.000000 0 0 0 0 1.000000 0.215713 0.976457 0 0.968692 -0.976457 0.215713 0 0.000000 0 0 1.000000 0 0 0 0 1.000000 0.254141 0.967167 0 0.968692 -0.967167 0.254141 0 0 0 0 1.000000 0 0 0 0 1.000000 0.296081 0.955163 0 0.968692 -0.955163 0.296081 0 0.000000 0 0 1.000000 0 0 0 0 1.000000 0.399404 0.916775 0 0.968691 -0.916775 0.399404 0 -0.000000 0 0 1.000000 0 0 0 0 1.000000 0.520930 0.853599 0 0.968692 -0.853599 0.520930 0 0 0 0 1.000000 0 0 0 0 1.000000 0.624140 0.781313 0 0.968692 -0.781313 0.624140 0 0.000000 0 0 1.000000 0.000000 0 0 0 1.000000 0.682250 0.731119 0 0.968692 -0.731119 0.682251 0 0 0 0 1.000000 0 0 0 0 1.000000 0.709581 0.704624 0 0.968692 -0.704624 0.709581 0 0 0 0 1.000000 0 0 0 0 1.000000 0.734081 0.679062 0 0.968692 -0.679062 0.734081 0 0.000000 0 0 1.000000 0 0 0 0 1.000000 0.755926 0.654657 0 0.968692 -0.654657 0.755926 0 -0.000000 0 0 1.000000 0 0 0 0 1.000000 0.775290 0.631606 0 0.968692 -0.631606 0.775290 0 0 0 0 1.000000 -0.000000 0 0 0 1.000000 0.792340 0.610080 0 0.968692 -0.610080 0.792340 0 0 0 0 1.000000 -0.000000 0 0 0 1.000000 0.807239 0.590225 0 0.968692 -0.590225 0.807239 0 0 0 0 1.000000 0 0 0 0 1.000000 0.820061 0.572276 0 0.968691 -0.572276 0.820061 0 0.000000 0 0 1.000000 0 0 0 0 1.000000 0.831170 0.556019 0 0.968692 -0.556019 0.831170 0 0 0 0 1.000000 0 0 0 0 1.000000 0.840466 0.541863 0 0.968692 -0.541863 0.840466 0 0.000000 0 0 1.000000 0 0 0 0 1.000000 0.848138 0.529775 0 0.968692 -0.529775 0.848138 0 0 0 0 1.000000 0 0 0 0 1.000000 0.854279 0.519814 0 0.968692 -0.519814 0.854280 0 0.000000 0 0 1.000000 0 0 0 0 1.000000 0.858971 0.512024 0 0.968692 -0.512024 0.858971 0 0 0 0 1.000000 0 0 0 0 1.000000 0.862276 0.506439 0 0.968692 -0.506439 0.862276 0 -0.000000 0 0 1.000000 0 0 0 0 1.000000 0.864239 0.503081 0 0.968691 -0.503081 0.864239 0 0 0 0 1.000000 0 0 0 0 1.000000 0.864890 0.501961 0 0.968692 -0.501961 0.864890 0 0.000000 0 0 1.000000 0 0 0 0 1.000000 0.863003 0.505198 0 0.968691 -0.505198 0.863003 0 -0.000000 0 0 1.000000 0 0 0 0 1.000000 0.857629 0.514269 0 0.968692 -0.514269 0.857629 0 -0.000000 0 0 1.000000 0 0 0 0 1.000000 0.849135 0.528175 0 0.968692 -0.528175 0.849135 0 -0.000000 0 0 1.000000 0.000000 0 0 0 1.000000 0.837857 0.545890 0 0.968691 -0.545890 0.837857 0 -0.000000 0 0 1.000000 0 0 0 0 1.000000 0.824141 0.566384 0 0.968692 -0.566384 0.824141 0 0.000000 0 0 1.000000 0 0 0 0 1.000000 0.808389 0.588649 0 0.968691 -0.588649 0.808389 0 0 0 0 1.000000 0 0 0 0 1.000000 0.791076 0.611717 0 0.968692 -0.611717 0.791076 0 0 0 0 1.000000 0 0 0 0 1.000000 0.772774 0.634681 0 0.968692 -0.634681 0.772774 0 0.000000 0 0 1.000000 0 0 0 0 1.000000 0.754149 0.656703 0 0.968692 -0.656703 0.754149 0 0 0 0 1.000000 0 0 0 0 1.000000 0.735960 0.677025 0 0.968692 -0.677025 0.735960 0 0.000000 0 0 1.000000 0 0 0 0 1.000000 0.719042 0.694967 0 0.968692 -0.694967 0.719042 0 0.000000 0 0 1.000000 0 0 0 0 1.000000 0.704290 0.709913 0 0.968691 -0.709913 0.704290 0 0 0 0 1.000000 0 0 0 0 1.000000 0.692629 0.721295 0 0.968692 -0.721295 0.692629 0 0 0 0 1.000000 0 0 0 0 1.000000 0.685018 0.728526 0 0.968691 -0.728526 0.685018 0 -0.000000 0 0 1.000000 0 0 0 0 1.000000 0.682251 0.731119 0 0.968692 -0.731119 0.682251 0 0.000000 0 0 1.000000 0 0 0 0 1.000000 0.687271 0.726401 0 0.968692 -0.726401 0.687271 0 0 0 0 1.000000 -0.000000 0 0 0 1.000000 0.700887 0.713273 0 0.968692 -0.713273 0.700887 0 0 0 0 1.000000 0.000000 0 0 0 1.000000 0.720792 0.693151 0 0.968692 -0.693151 0.720792 0 0.000000 0 0 1.000000 0 0 0 0 1.000000 0.744650 0.667456 0 0.968692 -0.667455 0.744650 0 0 0 0 1.000000 0.000000 0 0 0 1.000000 0.770230 0.637766 0 0.968692 -0.637766 0.770230 0 0 0 0 1.000000 0 0 0 0 1.000000 0.795533 0.605910 0 0.968692 -0.605910 0.795533 0 0 0 0 1.000000 0 0 0 0 1.000000 0.818868 0.573981 0 0.968691 -0.573981 0.818868 0 -0.000000 0 0 1.000000 0 0 0 0 1.000000 0.838876 0.544322 0 0.968692 -0.544322 0.838876 0 0 0 0 1.000000 0 0 0 0 1.000000 0.854501 0.519449 0 0.968691 -0.519449 0.854502 0 0 0 0 1.000000 0 0 0 0 1.000000 0.864890 0.501961 0 0.968692 -0.501961 0.864890 0 0.000000 0 0 1.000000 0 0 0 0 1.000000 0.867670 0.497141 0 0.968692 -0.497141 0.867670 0 0 0 0 1.000000 0.000000 0 0 0 1.000000 0.862856 0.505450 0 0.968692 -0.505450 0.862856 0 0 0 0 1.000000 0 0 0 0 1.000000 0.852901 0.522073 0 0.968692 -0.522073 0.852901 0 0 0 0 1.000000 0 0 0 0 1.000000 0.840260 0.542183 0 0.968692 -0.542184 0.840260 0 -0.000000 0 0 1.000000 0 0 0 0 1.000000 0.827716 0.561147 0 0.968692 -0.561147 0.827716 0 0 0 0 1.000000 0 0 0 0 1.000000 0.687594 0.726095 0 0.968692 -0.726095 0.687594 0 -0.000000 0 0 1.000000 0 0 0 0 1.000000 0.601430 0.798926 0 0.968692 -0.798926 0.601430 0 -0.000000 0 0 1.000000 0 0 0 0 1.000000 0.555730 0.831363 0 0.968692 -0.831363 0.555730 0 0.000000 0 0 1.000000 0 0 0 0 1.000000 0.540620 0.841267 0 0.968692 -0.841267 0.540620 0 0 0 0 1.000000 0 0 0 0 1.000000 0.548208 0.836342 0 0.968692 -0.836342 0.548208 0 0 0 0 1.000000 0 0 0 0 1.000000 0.571430 0.820651 0 0.968692 -0.820651 0.571430 0 0 0 0 1.000000 0 0 0 0 1.000000 0.603250 0.797552 0 0.968692 -0.797552 0.603250 0 0 0 0 1.000000 0 0 0 0 1.000000 0.636212 0.771514 0 0.968692 -0.771514 0.636212 0 0 0 0 1.000000 0 0 0 0 1.000000 0.662297 0.749241 0 0.968691 -0.749241 0.662297 0 0 0 0 1.000000 0 0 0 0 1.000000 0.673154 0.739502 0 0.968692 -0.739502 0.673154 0 0 0 0 1.000000 0 0 0 0 1.000000</float_array>
        <technique_common>
          <accessor source="#Bip01_R_Forearm_matrix_Bip01_R_Forearm_transform-output-array" count="71" stride="16">
            <param name="TRANSFORM" type="float4x4"/>
          </accessor>
        </technique_common>
      </source>
      <source id="Bip01_R_Forearm_matrix_Bip01_R_Forearm_transform-interpolations">
        <Name_array id="Bip01_R_Forearm_matrix_Bip01_R_Forearm_transform-interpolations-array" count="71">LINEAR LINEAR LINEAR LINEAR LINEAR LINEAR LINEAR LINEAR LINEAR LINEAR LINEAR LINEAR LINEAR LINEAR LINEAR LINEAR LINEAR LINEAR LINEAR LINEAR LINEAR LINEAR LINEAR LINEAR LINEAR LINEAR LINEAR LINEAR LINEAR LINEAR LINEAR LINEAR LINEAR LINEAR LINEAR LINEAR LINEAR LINEAR LINEAR LINEAR LINEAR LINEAR LINEAR LINEAR LINEAR LINEAR LINEAR LINEAR LINEAR LINEAR LINEAR LINEAR LINEAR LINEAR LINEAR LINEAR LINEAR LINEAR LINEAR LINEAR LINEAR LINEAR LINEAR LINEAR LINEAR LINEAR LINEAR LINEAR LINEAR LINEAR LINEAR</Name_array>
        <technique_common>
          <accessor source="#Bip01_R_Forearm_matrix_Bip01_R_Forearm_transform-interpolations-array" count="71" stride="1">
            <param name="INTERPOLATION" type="Name"/>
          </accessor>
        </technique_common>
      </source>
      <sampler id="Bip01_R_Forearm_matrix_Bip01_R_Forearm_transform-sampler">
        <input semantic="INPUT" source="#Bip01_R_Forearm_matrix_Bip01_R_Forearm_transform-input"/>
        <input semantic="OUTPUT" source="#Bip01_R_Forearm_matrix_Bip01_R_Forearm_transform-output"/>
        <input semantic="INTERPOLATION" source="#Bip01_R_Forearm_matrix_Bip01_R_Forearm_transform-interpolations"/>
      </sampler>
      <channel source="#Bip01_R_Forearm_matrix_Bip01_R_Forearm_transform-sampler" target="Bip01_R_Forearm/transform"/>
    </animation>
    <animation id="Bip01_R_Hand_matrix">
      <source id="Bip01_R_Hand_matrix_Bip01_R_Hand_transform-input">
        <float_array id="Bip01_R_Hand_matrix_Bip01_R_Hand_transform-input-array" count="71">0 0.033333 0.066667 0.100000 0.133333 0.166667 0.200000 0.233333 0.266667 0.300000 0.333333 0.366667 0.400000 0.433333 0.466667 0.500000 0.533333 0.566667 0.600000 0.633333 0.666667 0.700000 0.733334 0.766667 0.800000 0.833334 0.866667 0.900000 0.933334 0.966667 1.000000 1.033334 1.066667 1.100000 1.133334 1.166667 1.200000 1.233333 1.266667 1.300000 1.333333 1.366667 1.400000 1.433333 1.466667 1.500000 1.533333 1.566666 1.600000 1.633333 1.666666 1.700000 1.733333 1.766666 1.800000 1.833333 1.866666 1.899999 1.933333 1.966666 1.999999 2.033333 2.066666 2.099999 2.133333 2.166666 2.199999 2.233333 2.266666 2.299999 2.333333</float_array>
        <technique_common>
          <accessor source="#Bip01_R_Hand_matrix_Bip01_R_Hand_transform-input-array" count="71" stride="1">
            <param name="TIME" type="float"/>
          </accessor>
        </technique_common>
        <technique profile="MAYA">
          <pre_infinity>CONSTANT</pre_infinity>
          <post_infinity>CONSTANT</post_infinity>
        </technique>
      </source>
      <source id="Bip01_R_Hand_matrix_Bip01_R_Hand_transform-output">
        <float_array id="Bip01_R_Hand_matrix_Bip01_R_Hand_transform-output-array" count="1136">0.915064 0.376807 0.143785 0.980341 0.377905 -0.925614 0.020659 -0.000000 0.140874 0.035433 -0.989394 0 0 0 0 1.000000 0.905449 0.398502 0.146147 0.980341 0.399400 -0.916451 0.024438 0 0.143675 0.036244 -0.988961 0 0 0 0 1.000000 0.878564 0.453011 0.151347 0.980342 0.453137 -0.890727 0.035675 0 0.150970 0.037238 -0.987837 0 0 0 0 1.000000 0.836903 0.524248 0.157344 0.980341 0.523093 -0.850684 0.052056 0 0.161141 0.038740 -0.986171 0 0 0 0 1.000000 0.784114 0.599001 0.162367 0.980342 0.596160 -0.799701 0.071217 -0.000000 0.172505 0.040955 -0.984157 0 0 0 0 1.000000 0.725854 0.667732 0.165139 0.980342 0.662984 -0.743121 0.090688 0 0.183273 0.043658 -0.982092 0 0 0 0 1.000000 0.669789 0.724009 0.164904 0.980341 0.717405 -0.688252 0.107885 0 0.191605 0.046043 -0.980392 0 0 0 0 1.000000 0.625093 0.763693 0.161346 0.980341 0.755621 -0.643883 0.120215 0.000000 0.195695 0.046771 -0.979549 0 0 0 0 1.000000 0.601558 0.783770 0.154375 0.980342 0.774972 -0.619468 0.125212 0 0.193768 0.044314 -0.980046 0 0 0 0 1.000000 0.608405 0.780491 0.143794 0.980341 0.772028 -0.624034 0.120639 0 0.183890 0.037616 -0.982227 0.000000 0 0 0 1.000000 0.652681 0.746599 0.128833 0.980341 0.739734 -0.664724 0.104574 0 0.163713 0.027049 -0.986137 0 0 0 0 1.000000 0.669590 0.732831 0.120861 0.980342 0.724223 -0.680303 0.112644 -0.000000 0.164771 0.012105 -0.986257 0.000000 0 0 0 1.000000 0.720524 0.684646 0.110020 0.980341 0.673739 -0.728738 0.122541 0.000000 0.164073 -0.014169 -0.986346 0 0 0 0 1.000000 0.778120 0.620273 0.098949 0.980341 0.607713 -0.783269 0.131049 0.000000 0.158790 -0.041839 -0.986425 -0.000000 0 0 0 1.000000 0.821542 0.563169 0.088942 0.980341 0.550342 -0.824054 0.134382 0 0.148973 -0.061452 -0.986930 0.000000 0 0 0 1.000000 0.836399 0.542143 0.080729 0.980341 0.530718 -0.837831 0.127977 0.000000 0.137019 -0.064196 -0.988486 -0.000000 0 0 0 1.000000 0.830118 0.552710 0.073592 0.980341 0.543706 -0.831637 0.112978 0 0.123646 -0.053772 -0.990868 0 0 0 0 1.000000 0.818999 0.569952 0.066295 0.980342 0.563522 -0.820715 0.094182 -0.000000 0.108089 -0.039777 -0.993345 0 0 0 0 1.000000 0.803366 0.592527 0.059290 0.980341 0.588565 -0.805219 0.072199 0 0.090522 -0.023106 -0.995626 -0.000000 0 0 0 1.000000 0.783564 0.619046 0.053007 0.980341 0.617224 -0.785342 0.047683 0.000000 0.071146 -0.004646 -0.997455 0 0 0 0 1.000000 0.760040 0.648115 0.047809 0.980342 0.647932 -0.761400 0.021343 0.000000 0.050234 0.014755 -0.998628 0.000000 0 0 0 1.000000 0.733389 0.678386 0.043962 0.980341 0.679226 -0.733904 -0.006064 0 0.028150 0.034307 -0.999015 0 0 0 0 1.000000 0.704568 0.708415 0.041621 0.980341 0.709615 -0.703789 -0.033571 -0.000000 0.005510 0.053188 -0.998569 0 0 0 0 1.000000 0.673967 0.737636 0.040762 0.980341 0.738554 -0.671440 -0.060883 0.000000 -0.017540 0.071138 -0.997312 0 0 0 0 1.000000 0.643260 0.764534 0.041284 0.980342 0.764607 -0.638641 -0.086681 0 -0.039905 0.087325 -0.995380 0 0 0 0 1.000000 0.613511 0.788520 0.042915 0.980341 0.787328 -0.606577 -0.110361 0 -0.060990 0.101496 -0.992965 0 0 0 0 1.000000 0.586064 0.808999 0.045284 0.980341 0.806305 -0.576769 -0.131189 -0.000000 -0.080014 0.113398 -0.990323 0 0 0 0 1.000000 0.562319 0.825530 0.047939 0.980342 0.821309 -0.550821 -0.148482 0 -0.096171 0.122867 -0.987752 0 0 0 0 1.000000 0.543685 0.837775 0.050392 0.980342 0.832226 -0.530364 -0.161599 0.000000 -0.108657 0.129797 -0.985569 0 0 0 0 1.000000 0.531549 0.845420 0.052161 0.980342 0.838951 -0.516998 -0.169923 0 -0.116690 0.134083 -0.984076 0 0 0 0 1.000000 0.527227 0.848081 0.052825 0.980341 0.841276 -0.512231 -0.172840 -0.000000 -0.119524 0.135566 -0.983532 0 0 0 0 1.000000 0.531990 0.845132 0.052338 0.980341 0.838799 -0.517536 -0.169034 0.000000 -0.115769 0.133826 -0.984220 0 0 0 0 1.000000 0.545308 0.836677 0.051085 0.980341 0.831602 -0.532335 -0.158294 0.000000 -0.105246 0.128802 -0.986070 0 0 0 0 1.000000 0.565632 0.823172 0.049488 0.980342 0.819828 -0.554821 -0.141620 0.000000 -0.089121 0.120676 -0.988684 0 0 0 0 1.000000 0.591336 0.804993 0.048037 0.980341 0.803502 -0.583079 -0.120017 0.000000 -0.068604 0.109568 -0.991609 0 0 0 0 1.000000 0.620767 0.782573 0.047211 0.980342 0.782707 -0.615170 -0.094528 -0.000000 -0.044932 0.095632 -0.994402 0 0 0 0 1.000000 0.652299 0.756478 0.047403 0.980342 0.757715 -0.649214 -0.066246 0.000000 -0.019339 0.079130 -0.996677 0 0 0 0 1.000000 0.684392 0.727474 0.048868 0.980342 0.729080 -0.683464 -0.036312 0.000000 0.006984 0.060481 -0.998145 0 0 0 0 1.000000 0.715652 0.696542 0.051690 0.980341 0.697681 -0.716384 -0.005898 -0.000000 0.032922 0.040284 -0.998646 0 0 0 0 1.000000 0.744873 0.664873 0.055758 0.980341 0.664726 -0.746707 0.023827 0.000000 0.057476 0.019316 -0.998160 0 0 0 0 1.000000 0.771077 0.633835 0.060777 0.980342 0.631723 -0.773467 0.051721 -0.000001 0.079791 -0.001486 -0.996811 0 0 0 0 1.000000 0.793517 0.604927 0.066284 0.980341 0.600415 -0.796002 0.076700 -0.000000 0.099161 -0.021065 -0.994849 0 0 0 0 1.000000 0.811652 0.579725 0.071692 0.980342 0.572706 -0.813912 0.097752 0 0.115020 -0.038282 -0.992625 0 0 0 0 1.000000 0.825086 0.559826 0.076336 0.980341 0.550570 -0.826979 0.113924 0 0.126906 -0.051969 -0.990552 0 0 0 0 1.000000 0.833440 0.546857 0.079534 0.980342 0.536026 -0.835006 0.124260 0.000000 0.134364 -0.060931 -0.989057 0 0 0 0 1.000000 0.836399 0.542143 0.080729 0.980341 0.530718 -0.837830 0.127977 0 0.137019 -0.064196 -0.988486 0 0 0 0 1.000000 0.828976 0.553828 0.077928 0.980341 0.543566 -0.830621 0.120852 -0.000000 0.131660 -0.057825 -0.989607 0 0 0 0 1.000000 0.808064 0.584817 0.070867 0.980342 0.577451 -0.810140 0.101112 0 0.116545 -0.040783 -0.992348 0 0 0 0 1.000000 0.775234 0.628633 0.061906 0.980341 0.624812 -0.777527 0.071143 0 0.092857 -0.016473 -0.995543 0 0 0 0 1.000000 0.732441 0.678734 0.053385 0.980341 0.678005 -0.734292 0.033536 -0.000000 0.061963 0.011632 -0.998011 0 0 0 0 1.000000 0.682838 0.729048 0.047135 0.980341 0.730112 -0.683271 -0.008724 0 0.025846 0.040371 -0.998851 0.000000 0 0 0 1.000000 0.631043 0.774491 0.044135 0.980341 0.775643 -0.629001 -0.052311 0.000000 -0.012754 0.067244 -0.997655 0 0 0 0 1.000000 0.582940 0.811302 0.044369 0.980341 0.810947 -0.577557 -0.093768 0 -0.050449 0.090643 -0.994605 0 0 0 0 1.000000 0.545170 0.837012 0.046917 0.980341 0.834162 -0.536042 -0.129736 0 -0.083442 0.109865 -0.990438 0 0 0 0 1.000000 0.524507 0.849921 0.050264 0.980341 0.844557 -0.511906 -0.157084 0 -0.107778 0.124842 -0.986305 0 0 0 0 1.000000 0.527227 0.848081 0.052825 0.980341 0.841276 -0.512231 -0.172840 0 -0.119524 0.135566 -0.983532 0 0 0 0 1.000000 0.594301 0.802513 0.052716 0.980342 0.797871 -0.580091 -0.163998 -0.000000 -0.101030 0.139525 -0.985051 0 0 0 0 1.000000 0.720386 0.691440 0.054360 0.980342 0.691747 -0.710595 -0.128612 0 -0.050300 0.130253 -0.990204 0 0 0 0 1.000000 0.843114 0.533798 0.064947 0.980341 0.537627 -0.839191 -0.081950 -0.000000 0.010758 0.104010 -0.994518 0 0 0 0 1.000000 0.922771 0.376230 0.083335 0.980341 0.380354 -0.923964 -0.040268 0.000000 0.061849 0.068855 -0.995708 0 0 0 0 1.000000 0.954216 0.282234 0.099077 0.980342 0.285188 -0.958325 -0.016740 0 0.090224 0.044229 -0.994939 -0.000000 0 0 0 1.000000 0.936688 0.328864 0.120264 0.980341 0.331041 -0.943615 0.001989 0.000000 0.114137 0.037949 -0.992740 0 0 0 0 1.000000 0.927702 0.348227 0.134564 0.980342 0.349530 -0.936812 0.014591 0 0.131142 0.033498 -0.990798 0 0 0 0 1.000000 0.922163 0.358990 0.144020 0.980341 0.359640 -0.932822 0.022412 0 0.142391 0.031127 -0.989321 0 0 0 0 1.000000 0.918466 0.366099 0.149639 0.980341 0.366431 -0.930072 0.026358 0 0.148825 0.030624 -0.988390 0 0 0 0 1.000000 0.916196 0.370725 0.152146 0.980342 0.371060 -0.928209 0.027253 0 0.151326 0.031486 -0.987982 0 0 0 0 1.000000 0.915342 0.372800 0.152216 0.980341 0.373365 -0.927322 0.025946 0.000000 0.150826 0.033082 -0.988007 0 0 0 0 1.000000 0.915899 0.372095 0.150580 0.980342 0.372986 -0.927543 0.023353 0.000000 0.148359 0.034775 -0.988322 0 0 0 0 1.000000 0.917625 0.368842 0.148057 0.980342 0.370029 -0.928795 0.020471 0.000000 0.145065 0.036001 -0.988767 0 0 0 0 1.000000 0.919907 0.364122 0.145554 0.980341 0.365464 -0.930644 0.018379 0 0.142152 0.036288 -0.989179 0.000000 0 0 0 1.000000 0.921856 0.359778 0.144016 0.980342 0.361036 -0.932374 0.018218 0.000000 0.140831 0.035201 -0.989408 0 0 0 0 1.000000</float_array>
        <technique_common>
          <accessor source="#Bip01_R_Hand_matrix_Bip01_R_Hand_transform-output-array" count="71" stride="16">
            <param name="TRANSFORM" type="float4x4"/>
          </accessor>
        </technique_common>
      </source>
      <source id="Bip01_R_Hand_matrix_Bip01_R_Hand_transform-interpolations">
        <Name_array id="Bip01_R_Hand_matrix_Bip01_R_Hand_transform-interpolations-array" count="71">LINEAR LINEAR LINEAR LINEAR LINEAR LINEAR LINEAR LINEAR LINEAR LINEAR LINEAR LINEAR LINEAR LINEAR LINEAR LINEAR LINEAR LINEAR LINEAR LINEAR LINEAR LINEAR LINEAR LINEAR LINEAR LINEAR LINEAR LINEAR LINEAR LINEAR LINEAR LINEAR LINEAR LINEAR LINEAR LINEAR LINEAR LINEAR LINEAR LINEAR LINEAR LINEAR LINEAR LINEAR LINEAR LINEAR LINEAR LINEAR LINEAR LINEAR LINEAR LINEAR LINEAR LINEAR LINEAR LINEAR LINEAR LINEAR LINEAR LINEAR LINEAR LINEAR LINEAR LINEAR LINEAR LINEAR LINEAR LINEAR LINEAR LINEAR LINEAR</Name_array>
        <technique_common>
          <accessor source="#Bip01_R_Hand_matrix_Bip01_R_Hand_transform-interpolations-array" count="71" stride="1">
            <param name="INTERPOLATION" type="Name"/>
          </accessor>
        </technique_common>
      </source>
      <sampler id="Bip01_R_Hand_matrix_Bip01_R_Hand_transform-sampler">
        <input semantic="INPUT" source="#Bip01_R_Hand_matrix_Bip01_R_Hand_transform-input"/>
        <input semantic="OUTPUT" source="#Bip01_R_Hand_matrix_Bip01_R_Hand_transform-output"/>
        <input semantic="INTERPOLATION" source="#Bip01_R_Hand_matrix_Bip01_R_Hand_transform-interpolations"/>
      </sampler>
      <channel source="#Bip01_R_Hand_matrix_Bip01_R_Hand_transform-sampler" target="Bip01_R_Hand/transform"/>
    </animation>
    <animation id="Bip01_L_Thigh_matrix">
      <source id="Bip01_L_Thigh_matrix_Bip01_L_Thigh_transform-input">
        <float_array id="Bip01_L_Thigh_matrix_Bip01_L_Thigh_transform-input-array" count="71">0 0.033333 0.066667 0.100000 0.133333 0.166667 0.200000 0.233333 0.266667 0.300000 0.333333 0.366667 0.400000 0.433333 0.466667 0.500000 0.533333 0.566667 0.600000 0.633333 0.666667 0.700000 0.733334 0.766667 0.800000 0.833334 0.866667 0.900000 0.933334 0.966667 1.000000 1.033334 1.066667 1.100000 1.133334 1.166667 1.200000 1.233333 1.266667 1.300000 1.333333 1.366667 1.400000 1.433333 1.466667 1.500000 1.533333 1.566666 1.600000 1.633333 1.666666 1.700000 1.733333 1.766666 1.800000 1.833333 1.866666 1.899999 1.933333 1.966666 1.999999 2.033333 2.066666 2.099999 2.133333 2.166666 2.199999 2.233333 2.266666 2.299999 2.333333</float_array>
        <technique_common>
          <accessor source="#Bip01_L_Thigh_matrix_Bip01_L_Thigh_transform-input-array" count="71" stride="1">
            <param name="TIME" type="float"/>
          </accessor>
        </technique_common>
        <technique profile="MAYA">
          <pre_infinity>CONSTANT</pre_infinity>
          <post_infinity>CONSTANT</post_infinity>
        </technique>
      </source>
      <source id="Bip01_L_Thigh_matrix_Bip01_L_Thigh_transform-output">
        <float_array id="Bip01_L_Thigh_matrix_Bip01_L_Thigh_transform-output-array" count="1136">0.073879 0.996822 -0.029793 -0.559403 0.979884 -0.067005 0.187985 0.167696 0.185391 -0.043082 -0.981720 0.498668 0 0 0 1.000000 0.081332 0.996251 -0.029484 -0.559403 0.979609 -0.074451 0.186612 0.167696 0.183717 -0.044060 -0.981991 0.498668 0 0 0 1.000000 0.101519 0.994417 -0.028774 -0.559403 0.978527 -0.094597 0.183131 0.167696 0.179387 -0.046747 -0.982667 0.498668 0 0 0 1.000000 0.131032 0.990983 -0.027975 -0.559402 0.976088 -0.124023 0.178527 0.167696 0.173448 -0.050699 -0.983537 0.498668 0 0 0 1.000000 0.166520 0.985659 -0.027324 -0.559403 0.971801 -0.159360 0.173803 0.167696 0.166956 -0.055495 -0.984401 0.498668 0 0 0 1.000000 0.204926 0.978407 -0.026938 -0.559402 0.965452 -0.197533 0.169952 0.167696 0.160961 -0.060835 -0.985084 0.498668 0 0 0 1.000000 0.243571 0.969512 -0.026808 -0.559402 0.957177 -0.235829 0.167921 0.167695 0.156479 -0.066560 -0.985436 0.498668 0 0 0 1.000000 0.280137 0.959585 -0.026829 -0.559403 0.947449 -0.271881 0.168583 0.167696 0.154476 -0.072645 -0.985322 0.498668 0 0 0 1.000000 0.312525 0.949530 -0.026860 -0.559403 0.937032 -0.303525 0.172751 0.167696 0.155879 -0.079157 -0.984599 0.498668 0 0 0 1.000000 0.338670 0.940523 -0.026798 -0.559402 0.926920 -0.328609 0.181206 0.167696 0.161622 -0.086209 -0.983080 0.498668 0 0 0 1.000000 0.356260 0.934006 -0.026679 -0.559402 0.918283 -0.344700 0.194777 0.167696 0.172727 -0.093891 -0.980484 0.498668 0 0 0 1.000000 0.365713 0.930342 -0.026778 -0.559402 0.910633 -0.351723 0.216883 0.167696 0.192357 -0.103702 -0.975830 0.498668 0 0 0 1.000000 0.367887 0.929455 -0.027806 -0.559402 0.902991 -0.349955 0.249276 0.167696 0.221960 -0.116814 -0.968033 0.498668 0 0 0 1.000000 0.360539 0.932240 -0.030669 -0.559403 0.896102 -0.337064 0.288771 0.167696 0.258866 -0.131596 -0.956907 0.498668 0 0 0 1.000000 0.341856 0.939052 -0.036275 -0.559402 0.890214 -0.311227 0.332651 0.167696 0.301087 -0.146012 -0.942352 0.498668 0 0 0 1.000000 0.310297 0.949562 -0.045252 -0.559402 0.885264 -0.271282 0.377775 0.167696 0.346445 -0.157282 -0.924791 0.498668 0 0 0 1.000000 0.264738 0.962595 -0.057666 -0.559402 0.880787 -0.217026 0.420850 0.167696 0.392593 -0.162207 -0.905295 0.498668 0 0 0 1.000000 0.204713 0.976115 -0.072752 -0.559403 0.875911 -0.149509 0.458723 0.167696 0.436889 -0.157631 -0.885596 0.498668 0 0 0 1.000000 0.130769 0.987431 -0.088768 -0.559403 0.869485 -0.071207 0.488799 0.167696 0.476335 -0.141102 -0.867868 0.498668 0 0 0 1.000000 0.044823 0.993660 -0.103103 -0.559402 0.860374 0.014053 0.509470 0.167696 0.507689 -0.111543 -0.854289 0.498668 0 0 0 1.000000 -0.049672 0.992389 -0.112678 -0.559403 0.847917 0.101518 0.520318 0.167696 0.527796 -0.069696 -0.846507 0.498668 0 0 0 1.000000 -0.147982 0.982392 -0.114046 -0.559402 0.832695 0.185981 0.521565 0.167696 0.533592 -0.017783 -0.845555 0.498668 0 0 0 1.000000 -0.243962 0.963904 -0.106641 -0.559402 0.815094 0.263385 0.515995 0.167696 0.525457 0.038960 -0.849928 0.498668 0 0 0 1.000000 -0.334019 0.938068 -0.091976 -0.559403 0.795338 0.332868 0.506594 0.167696 0.505835 0.096060 -0.857265 0.498668 0 0 0 1.000000 -0.411918 0.908375 -0.071965 -0.559402 0.775702 0.391002 0.495383 0.167696 0.478132 0.148233 -0.865689 0.498668 0 0 0 1.000000 -0.474839 0.878781 -0.047661 -0.559402 0.759110 0.436374 0.483043 0.167696 0.445287 0.193187 -0.874299 0.498668 0 0 0 1.000000 -0.527192 0.849485 -0.021062 -0.559403 0.744447 0.473672 0.470568 0.167696 0.409717 0.232400 -0.882112 0.498668 0 0 0 1.000000 -0.574985 0.818146 0.005425 -0.559403 0.727861 0.508483 0.460070 0.167696 0.373646 0.268482 -0.887866 0.498668 0 0 0 1.000000 -0.618060 0.785582 0.029369 -0.559402 0.709889 0.541679 0.450158 0.167696 0.337727 0.299074 -0.892466 0.498668 0 0 0 1.000000 -0.656315 0.752805 0.050345 -0.559402 0.690578 0.572507 0.441971 0.167696 0.303895 0.324839 -0.895616 0.498668 0 0 0 1.000000 -0.689731 0.720897 0.067662 -0.559402 0.670478 0.600609 0.435579 0.167696 0.273369 0.345798 -0.897604 0.498668 0 0 0 1.000000 -0.718364 0.690949 0.080881 -0.559402 0.650279 0.625634 0.430952 0.167696 0.247164 0.362176 -0.898743 0.498668 0 0 0 1.000000 -0.742329 0.664002 0.089715 -0.559402 0.630725 0.647296 0.428011 0.167696 0.226128 0.374311 -0.899309 0.498668 0 0 0 1.000000 -0.761785 0.640983 0.093940 -0.559402 0.612512 0.665418 0.426670 0.167696 0.210979 0.382570 -0.899515 0.498668 0 0 0 1.000000 -0.776911 0.622660 0.093299 -0.559403 0.596207 0.679944 0.426865 0.167696 0.202354 0.387262 -0.899490 0.498668 0 0 0 1.000000 -0.787886 0.609584 0.087418 -0.559402 0.582146 0.690963 0.428575 0.167696 0.200850 0.388558 -0.899267 0.498668 0 0 0 1.000000 -0.794938 0.601820 0.076716 -0.559402 0.570602 0.698691 0.431561 0.167696 0.206122 0.386838 -0.898816 0.498668 0 0 0 1.000000 -0.798306 0.598973 0.062762 -0.559403 0.561956 0.703359 0.435307 0.167696 0.216593 0.382778 -0.898092 0.498668 0 0 0 1.000000 -0.798086 0.600743 0.046560 -0.559402 0.556421 0.705140 0.439516 0.167696 0.231204 0.376678 -0.897027 0.498668 0 0 0 1.000000 -0.794603 0.606470 0.028283 -0.559402 0.553527 0.704524 0.444132 0.167696 0.249427 0.368564 -0.895515 0.498668 0 0 0 1.000000 -0.788124 0.615465 0.007967 -0.559402 0.552775 0.702035 0.448983 0.167696 0.270740 0.358258 -0.893505 0.498668 0 0 0 1.000000 -0.778478 0.627524 -0.013628 -0.559402 0.554195 0.697380 0.454454 0.167696 0.294685 0.346230 -0.890666 0.498668 0 0 0 1.000000 -0.765399 0.642538 -0.036193 -0.559402 0.558095 0.690711 0.459834 0.167696 0.320460 0.331758 -0.887267 0.498668 0 0 0 1.000000 -0.748527 0.660455 -0.059224 -0.559403 0.564639 0.681661 0.465319 0.167696 0.347693 0.314863 -0.883160 0.498668 0 0 0 1.000000 -0.727559 0.681105 -0.082183 -0.559402 0.573986 0.669949 0.470859 0.167696 0.375763 0.295405 -0.878372 0.498668 0 0 0 1.000000 -0.701531 0.704850 -0.105077 -0.559402 0.586572 0.654852 0.476552 0.167696 0.404707 0.272680 -0.872844 0.498668 0 0 0 1.000000 -0.670299 0.731150 -0.126960 -0.559402 0.602404 0.636014 0.482282 0.167696 0.433368 0.246792 -0.866768 0.498668 0 0 0 1.000000 -0.633118 0.759914 -0.147286 -0.559402 0.621751 0.612594 0.488011 0.167696 0.461073 0.217394 -0.860321 0.498668 0 0 0 1.000000 -0.589428 0.790766 -0.165118 -0.559402 0.644777 0.583667 0.493555 0.167696 0.486660 0.184450 -0.853897 0.498668 0 0 0 1.000000 -0.538799 0.823151 -0.179216 -0.559402 0.671597 0.548133 0.498506 0.167696 0.508580 0.148233 -0.848159 0.498668 0 0 0 1.000000 -0.481071 0.856283 -0.188018 -0.559403 0.702229 0.504766 0.502081 0.167696 0.524828 0.109505 -0.844135 0.498668 0 0 0 1.000000 -0.410122 0.891837 -0.190857 -0.559402 0.739038 0.447599 0.503467 0.167696 0.534437 0.065432 -0.842671 0.498668 0 0 0 1.000000 -0.323921 0.926986 -0.189138 -0.559403 0.779172 0.374782 0.502423 0.167696 0.536625 0.015374 -0.843681 0.498668 0 0 0 1.000000 -0.229849 0.955679 -0.183975 -0.559403 0.816170 0.292251 0.498453 0.167696 0.530128 -0.035586 -0.847170 0.498668 0 0 0 1.000000 -0.135992 0.974884 -0.176373 -0.559403 0.846238 0.206876 0.491002 0.167696 0.515157 -0.082481 -0.853118 0.498668 0 0 0 1.000000 -0.049842 0.984639 -0.167340 -0.559403 0.868432 0.125480 0.479668 0.167696 0.493297 -0.121415 -0.861345 0.498668 0 0 0 1.000000 0.022893 0.987201 -0.157829 -0.559403 0.884016 0.053739 0.464358 0.167696 0.466896 -0.150154 -0.871471 0.498668 0 0 0 1.000000 0.078883 0.985744 -0.148615 -0.559402 0.895360 -0.004512 0.445320 0.167696 0.438301 -0.168192 -0.882951 0.498668 0 0 0 1.000000 0.117116 0.983173 -0.140191 -0.559402 0.904849 -0.047459 0.423079 0.167696 0.409306 -0.176401 -0.895182 0.498668 0 0 0 1.000000 0.138451 0.981157 -0.134770 -0.559402 0.914491 -0.074416 0.397704 0.167696 0.380181 -0.178309 -0.907562 0.498668 0 0 0 1.000000 0.145790 0.981075 -0.127427 -0.559402 0.924146 -0.089077 0.371509 0.167696 0.353127 -0.171924 -0.919643 0.498668 0 0 0 1.000000 0.143348 0.982185 -0.121509 -0.559402 0.934258 -0.093791 0.344041 0.167696 0.326516 -0.162838 -0.931059 0.498668 0 0 0 1.000000 0.135516 0.983957 -0.116036 -0.559402 0.944135 -0.092738 0.316241 0.167696 0.300406 -0.152410 -0.941556 0.498668 0 0 0 1.000000 0.125112 0.985928 -0.110871 -0.559402 0.953268 -0.088482 0.288879 0.167696 0.275004 -0.141833 -0.950924 0.498668 0 0 0 1.000000 0.114017 0.987814 -0.105946 -0.559403 0.961308 -0.082778 0.262743 0.167696 0.250771 -0.131804 -0.959032 0.498668 0 0 0 1.000000 0.103342 0.989477 -0.101274 -0.559402 0.968079 -0.076683 0.238625 0.167696 0.228348 -0.122701 -0.965817 0.498668 0 0 0 1.000000 0.093673 0.990871 -0.096958 -0.559402 0.973536 -0.070771 0.217302 0.167696 0.208456 -0.114747 -0.971277 0.498668 0 0 0 1.000000 0.085376 0.991982 -0.093176 -0.559402 0.977708 -0.065407 0.199520 0.167696 0.191826 -0.108133 -0.975454 0.498668 0 0 0 1.000000 0.078813 0.992803 -0.090166 -0.559403 0.980659 -0.060957 0.185987 0.167696 0.179153 -0.103080 -0.978406 0.498668 0 0 0 1.000000 0.074459 0.993317 -0.088187 -0.559402 0.982438 -0.057895 0.177381 0.167695 0.171090 -0.099846 -0.980183 0.498668 0 0 0 1.000000 0.072880 0.993497 -0.087484 -0.559403 0.983044 -0.056760 0.174362 0.167696 0.168263 -0.098708 -0.980788 0.498668 0 0 0 1.000000</float_array>
        <technique_common>
          <accessor source="#Bip01_L_Thigh_matrix_Bip01_L_Thigh_transform-output-array" count="71" stride="16">
            <param name="TRANSFORM" type="float4x4"/>
          </accessor>
        </technique_common>
      </source>
      <source id="Bip01_L_Thigh_matrix_Bip01_L_Thigh_transform-interpolations">
        <Name_array id="Bip01_L_Thigh_matrix_Bip01_L_Thigh_transform-interpolations-array" count="71">LINEAR LINEAR LINEAR LINEAR LINEAR LINEAR LINEAR LINEAR LINEAR LINEAR LINEAR LINEAR LINEAR LINEAR LINEAR LINEAR LINEAR LINEAR LINEAR LINEAR LINEAR LINEAR LINEAR LINEAR LINEAR LINEAR LINEAR LINEAR LINEAR LINEAR LINEAR LINEAR LINEAR LINEAR LINEAR LINEAR LINEAR LINEAR LINEAR LINEAR LINEAR LINEAR LINEAR LINEAR LINEAR LINEAR LINEAR LINEAR LINEAR LINEAR LINEAR LINEAR LINEAR LINEAR LINEAR LINEAR LINEAR LINEAR LINEAR LINEAR LINEAR LINEAR LINEAR LINEAR LINEAR LINEAR LINEAR LINEAR LINEAR LINEAR LINEAR</Name_array>
        <technique_common>
          <accessor source="#Bip01_L_Thigh_matrix_Bip01_L_Thigh_transform-interpolations-array" count="71" stride="1">
            <param name="INTERPOLATION" type="Name"/>
          </accessor>
        </technique_common>
      </source>
      <sampler id="Bip01_L_Thigh_matrix_Bip01_L_Thigh_transform-sampler">
        <input semantic="INPUT" source="#Bip01_L_Thigh_matrix_Bip01_L_Thigh_transform-input"/>
        <input semantic="OUTPUT" source="#Bip01_L_Thigh_matrix_Bip01_L_Thigh_transform-output"/>
        <input semantic="INTERPOLATION" source="#Bip01_L_Thigh_matrix_Bip01_L_Thigh_transform-interpolations"/>
      </sampler>
      <channel source="#Bip01_L_Thigh_matrix_Bip01_L_Thigh_transform-sampler" target="Bip01_L_Thigh/transform"/>
    </animation>
    <animation id="Bip01_L_Calf_matrix">
      <source id="Bip01_L_Calf_matrix_Bip01_L_Calf_transform-input">
        <float_array id="Bip01_L_Calf_matrix_Bip01_L_Calf_transform-input-array" count="71">0 0.033333 0.066667 0.100000 0.133333 0.166667 0.200000 0.233333 0.266667 0.300000 0.333333 0.366667 0.400000 0.433333 0.466667 0.500000 0.533333 0.566667 0.600000 0.633333 0.666667 0.700000 0.733334 0.766667 0.800000 0.833334 0.866667 0.900000 0.933334 0.966667 1.000000 1.033334 1.066667 1.100000 1.133334 1.166667 1.200000 1.233333 1.266667 1.300000 1.333333 1.366667 1.400000 1.433333 1.466667 1.500000 1.533333 1.566666 1.600000 1.633333 1.666666 1.700000 1.733333 1.766666 1.800000 1.833333 1.866666 1.899999 1.933333 1.966666 1.999999 2.033333 2.066666 2.099999 2.133333 2.166666 2.199999 2.233333 2.266666 2.299999 2.333333</float_array>
        <technique_common>
          <accessor source="#Bip01_L_Calf_matrix_Bip01_L_Calf_transform-input-array" count="71" stride="1">
            <param name="TIME" type="float"/>
          </accessor>
        </technique_common>
        <technique profile="MAYA">
          <pre_infinity>CONSTANT</pre_infinity>
          <post_infinity>CONSTANT</post_infinity>
        </technique>
      </source>
      <source id="Bip01_L_Calf_matrix_Bip01_L_Calf_transform-output">
        <float_array id="Bip01_L_Calf_matrix_Bip01_L_Calf_transform-output-array" count="1136">0.782500 0.622651 0 1.191516 -0.622651 0.782500 0 0.000000 0 0 1.000000 0 0 0 0 1.000000 0.782310 0.622889 0 1.191517 -0.622889 0.782311 0 0.000000 0 0 1.000000 0.000000 0 0 0 1.000000 0.781543 0.623852 0 1.191516 -0.623852 0.781543 0 0 0 0 1.000000 0 0 0 0 1.000000 0.780038 0.625732 0 1.191516 -0.625732 0.780038 0 0 0 0 1.000000 -0.000000 0 0 0 1.000000 0.777574 0.628792 0 1.191516 -0.628792 0.777574 0 0.000000 0 0 1.000000 0 0 0 0 1.000000 0.773656 0.633605 0 1.191516 -0.633605 0.773656 0 -0.000000 0 0 1.000000 0 0 0 0 1.000000 0.767467 0.641088 0 1.191517 -0.641088 0.767467 0 0 0 0 1.000000 0 0 0 0 1.000000 0.757899 0.652372 0 1.191516 -0.652372 0.757899 0 0.000000 0 0 1.000000 -0.000000 0 0 0 1.000000 0.743645 0.668575 0 1.191517 -0.668575 0.743645 0 0 0 0 1.000000 0 0 0 0 1.000000 0.723286 0.690549 0 1.191516 -0.690549 0.723286 0 0 0 0 1.000000 0 0 0 0 1.000000 0.695413 0.718611 0 1.191517 -0.718611 0.695413 0 0 0 0 1.000000 0 0 0 0 1.000000 0.656533 0.754297 0 1.191516 -0.754297 0.656533 0 -0.000000 0 0 1.000000 0 0 0 0 1.000000 0.605524 0.795827 0 1.191516 -0.795827 0.605524 0 0 0 0 1.000000 0 0 0 0 1.000000 0.547274 0.836954 0 1.191516 -0.836954 0.547274 0 0 0 0 1.000000 0 0 0 0 1.000000 0.485638 0.874160 0 1.191516 -0.874160 0.485638 0 0.000000 0 0 1.000000 -0.000000 0 0 0 1.000000 0.424744 0.905314 0 1.191516 -0.905313 0.424744 0 0 0 0 1.000000 0 0 0 0 1.000000 0.368557 0.929605 0 1.191517 -0.929605 0.368557 0 0 0 0 1.000000 0 0 0 0 1.000000 0.320663 0.947193 0 1.191516 -0.947193 0.320663 0 0.000000 0 0 1.000000 0 0 0 0 1.000000 0.284042 0.958812 0 1.191516 -0.958812 0.284042 0 0 0 0 1.000000 0 0 0 0 1.000000 0.260804 0.965392 0 1.191516 -0.965392 0.260804 0 0.000000 0 0 1.000000 0 0 0 0 1.000000 0.251994 0.967729 0 1.191516 -0.967729 0.251994 0 0 0 0 1.000000 0 0 0 0 1.000000 0.257636 0.966242 0 1.191516 -0.966242 0.257636 0 0 0 0 1.000000 0 0 0 0 1.000000 0.275620 0.961267 0 1.191517 -0.961267 0.275620 0 -0.000000 0 0 1.000000 -0.000000 0 0 0 1.000000 0.303002 0.952990 0 1.191517 -0.952990 0.303002 0 0 0 0 1.000000 0 0 0 0 1.000000 0.335309 0.942109 0 1.191516 -0.942108 0.335309 0 -0.000000 0 0 1.000000 0 0 0 0 1.000000 0.368262 0.929722 0 1.191516 -0.929722 0.368262 0 0 0 0 1.000000 0 0 0 0 1.000000 0.401235 0.915975 0 1.191516 -0.915975 0.401235 0 -0.000000 0 0 1.000000 -0.000000 0 0 0 1.000000 0.435826 0.900031 0 1.191516 -0.900031 0.435825 0 -0.000000 0 0 1.000000 -0.000000 0 0 0 1.000000 0.470887 0.882193 0 1.191516 -0.882193 0.470887 0 0.000000 0 0 1.000000 -0.000000 0 0 0 1.000000 0.505268 0.862963 0 1.191516 -0.862962 0.505268 0 0 0 0 1.000000 0 0 0 0 1.000000 0.537840 0.843047 0 1.191516 -0.843046 0.537840 0 -0.000000 0 0 1.000000 0 0 0 0 1.000000 0.567559 0.823333 0 1.191516 -0.823333 0.567559 0 0 0 0 1.000000 0 0 0 0 1.000000 0.593473 0.804854 0 1.191516 -0.804854 0.593473 0 -0.000000 0 0 1.000000 0 0 0 0 1.000000 0.614756 0.788717 0 1.191516 -0.788717 0.614757 0 0 0 0 1.000000 0 0 0 0 1.000000 0.630700 0.776027 0 1.191516 -0.776027 0.630700 0 -0.000000 0 0 1.000000 -0.000000 0 0 0 1.000000 0.640716 0.767778 0 1.191516 -0.767778 0.640716 0 -0.000000 0 0 1.000000 -0.000000 0 0 0 1.000000 0.644837 0.764320 0 1.191516 -0.764320 0.644837 0 0 0 0 1.000000 0 0 0 0 1.000000 0.643808 0.765188 0 1.191517 -0.765188 0.643808 0 0 0 0 1.000000 -0.000000 0 0 0 1.000000 0.638130 0.769929 0 1.191516 -0.769929 0.638130 0 0 0 0 1.000000 0 0 0 0 1.000000 0.627977 0.778232 0 1.191517 -0.778232 0.627977 0 0 0 0 1.000000 -0.000000 0 0 0 1.000000 0.613547 0.789658 0 1.191516 -0.789658 0.613547 0 0 0 0 1.000000 0 0 0 0 1.000000 0.595245 0.803544 0 1.191516 -0.803544 0.595245 0 -0.000000 0 0 1.000000 -0.000000 0 0 0 1.000000 0.573431 0.819254 0 1.191516 -0.819254 0.573431 0 0 0 0 1.000000 -0.000000 0 0 0 1.000000 0.548464 0.836174 0 1.191516 -0.836174 0.548464 0 -0.000000 0 0 1.000000 0.000000 0 0 0 1.000000 0.520915 0.853608 0 1.191516 -0.853608 0.520915 0 -0.000000 0 0 1.000000 -0.000000 0 0 0 1.000000 0.490733 0.871310 0 1.191516 -0.871310 0.490733 0 -0.000000 0 0 1.000000 -0.000000 0 0 0 1.000000 0.459089 0.888390 0 1.191516 -0.888390 0.459089 0 0 0 0 1.000000 -0.000000 0 0 0 1.000000 0.426627 0.904428 0 1.191516 -0.904428 0.426627 0 0 0 0 1.000000 0 0 0 0 1.000000 0.394431 0.918925 0 1.191516 -0.918925 0.394432 0 0 0 0 1.000000 0 0 0 0 1.000000 0.363888 0.931443 0 1.191516 -0.931442 0.363888 0 -0.000000 0 0 1.000000 0 0 0 0 1.000000 0.336773 0.941586 0 1.191516 -0.941586 0.336773 0 0 0 0 1.000000 -0.000000 0 0 0 1.000000 0.313710 0.949519 0 1.191516 -0.949518 0.313710 0 -0.000000 0 0 1.000000 0 0 0 0 1.000000 0.298621 0.954372 0 1.191517 -0.954371 0.298621 0 0 0 0 1.000000 0 0 0 0 1.000000 0.297436 0.954742 0 1.191516 -0.954742 0.297436 0 0 0 0 1.000000 0.000000 0 0 0 1.000000 0.313797 0.949490 0 1.191516 -0.949490 0.313797 0 0 0 0 1.000000 0.000000 0 0 0 1.000000 0.348634 0.937259 0 1.191516 -0.937259 0.348634 0 0.000000 0 0 1.000000 0 0 0 0 1.000000 0.400195 0.916430 0 1.191516 -0.916430 0.400195 0 0.000000 0 0 1.000000 0 0 0 0 1.000000 0.464358 0.885648 0 1.191517 -0.885648 0.464358 0 0 0 0 1.000000 0.000000 0 0 0 1.000000 0.535092 0.844794 0 1.191517 -0.844794 0.535092 0 0.000000 0 0 1.000000 0 0 0 0 1.000000 0.604966 0.796251 0 1.191517 -0.796251 0.604966 0 0 0 0 1.000000 0 0 0 0 1.000000 0.665753 0.746172 0 1.191516 -0.746172 0.665753 0 0.000000 0 0 1.000000 0 0 0 0 1.000000 0.713113 0.701049 0 1.191516 -0.701049 0.713113 0 0 0 0 1.000000 0 0 0 0 1.000000 0.748416 0.663230 0 1.191516 -0.663230 0.748416 0 0 0 0 1.000000 0 0 0 0 1.000000 0.772535 0.634973 0 1.191517 -0.634973 0.772535 0 0.000000 0 0 1.000000 0 0 0 0 1.000000 0.787008 0.616943 0 1.191517 -0.616943 0.787008 0 0.000000 0 0 1.000000 0 0 0 0 1.000000 0.793743 0.608253 0 1.191516 -0.608253 0.793743 0 0.000000 0 0 1.000000 0 0 0 0 1.000000 0.794804 0.606866 0 1.191517 -0.606866 0.794804 0 0 0 0 1.000000 -0.000000 0 0 0 1.000000 0.792251 0.610195 0 1.191517 -0.610195 0.792251 0 0.000000 0 0 1.000000 0.000000 0 0 0 1.000000 0.788079 0.615574 0 1.191516 -0.615574 0.788079 0 0.000000 0 0 1.000000 0 0 0 0 1.000000 0.784195 0.620514 0 1.191517 -0.620514 0.784195 0 0.000000 0 0 1.000000 0 0 0 0 1.000000 0.782477 0.622679 0 1.191517 -0.622679 0.782477 0 0 0 0 1.000000 0 0 0 0 1.000000</float_array>
        <technique_common>
          <accessor source="#Bip01_L_Calf_matrix_Bip01_L_Calf_transform-output-array" count="71" stride="16">
            <param name="TRANSFORM" type="float4x4"/>
          </accessor>
        </technique_common>
      </source>
      <source id="Bip01_L_Calf_matrix_Bip01_L_Calf_transform-interpolations">
        <Name_array id="Bip01_L_Calf_matrix_Bip01_L_Calf_transform-interpolations-array" count="71">LINEAR LINEAR LINEAR LINEAR LINEAR LINEAR LINEAR LINEAR LINEAR LINEAR LINEAR LINEAR LINEAR LINEAR LINEAR LINEAR LINEAR LINEAR LINEAR LINEAR LINEAR LINEAR LINEAR LINEAR LINEAR LINEAR LINEAR LINEAR LINEAR LINEAR LINEAR LINEAR LINEAR LINEAR LINEAR LINEAR LINEAR LINEAR LINEAR LINEAR LINEAR LINEAR LINEAR LINEAR LINEAR LINEAR LINEAR LINEAR LINEAR LINEAR LINEAR LINEAR LINEAR LINEAR LINEAR LINEAR LINEAR LINEAR LINEAR LINEAR LINEAR LINEAR LINEAR LINEAR LINEAR LINEAR LINEAR LINEAR LINEAR LINEAR LINEAR</Name_array>
        <technique_common>
          <accessor source="#Bip01_L_Calf_matrix_Bip01_L_Calf_transform-interpolations-array" count="71" stride="1">
            <param name="INTERPOLATION" type="Name"/>
          </accessor>
        </technique_common>
      </source>
      <sampler id="Bip01_L_Calf_matrix_Bip01_L_Calf_transform-sampler">
        <input semantic="INPUT" source="#Bip01_L_Calf_matrix_Bip01_L_Calf_transform-input"/>
        <input semantic="OUTPUT" source="#Bip01_L_Calf_matrix_Bip01_L_Calf_transform-output"/>
        <input semantic="INTERPOLATION" source="#Bip01_L_Calf_matrix_Bip01_L_Calf_transform-interpolations"/>
      </sampler>
      <channel source="#Bip01_L_Calf_matrix_Bip01_L_Calf_transform-sampler" target="Bip01_L_Calf/transform"/>
    </animation>
    <animation id="Bip01_L_Foot_matrix">
      <source id="Bip01_L_Foot_matrix_Bip01_L_Foot_transform-input">
        <float_array id="Bip01_L_Foot_matrix_Bip01_L_Foot_transform-input-array" count="71">0 0.033333 0.066667 0.100000 0.133333 0.166667 0.200000 0.233333 0.266667 0.300000 0.333333 0.366667 0.400000 0.433333 0.466667 0.500000 0.533333 0.566667 0.600000 0.633333 0.666667 0.700000 0.733334 0.766667 0.800000 0.833334 0.866667 0.900000 0.933334 0.966667 1.000000 1.033334 1.066667 1.100000 1.133334 1.166667 1.200000 1.233333 1.266667 1.300000 1.333333 1.366667 1.400000 1.433333 1.466667 1.500000 1.533333 1.566666 1.600000 1.633333 1.666666 1.700000 1.733333 1.766666 1.800000 1.833333 1.866666 1.899999 1.933333 1.966666 1.999999 2.033333 2.066666 2.099999 2.133333 2.166666 2.199999 2.233333 2.266666 2.299999 2.333333</float_array>
        <technique_common>
          <accessor source="#Bip01_L_Foot_matrix_Bip01_L_Foot_transform-input-array" count="71" stride="1">
            <param name="TIME" type="float"/>
          </accessor>
        </technique_common>
        <technique profile="MAYA">
          <pre_infinity>CONSTANT</pre_infinity>
          <post_infinity>CONSTANT</post_infinity>
        </technique>
      </source>
      <source id="Bip01_L_Foot_matrix_Bip01_L_Foot_transform-output">
        <float_array id="Bip01_L_Foot_matrix_Bip01_L_Foot_transform-output-array" count="1136">0.854070 -0.490937 -0.171891 0.961471 0.484274 0.871092 -0.081721 0 0.189853 -0.013447 0.981721 0.000000 0 0 0 1.000000 0.855476 -0.488381 -0.172177 0.961471 0.481902 0.872517 -0.080528 0 0.189556 -0.014083 0.981769 0 0 0 0 1.000000 0.859156 -0.481586 -0.172992 0.961470 0.475604 0.876256 -0.077309 0 0.188816 -0.015856 0.981884 0 0 0 0 1.000000 0.864340 -0.471748 -0.174274 0.961470 0.466497 0.881538 -0.072595 0 0.187876 -0.018551 0.982018 0 0 0 0 1.000000 0.870270 -0.460080 -0.175947 0.961470 0.455705 0.887608 -0.066976 0.000000 0.186987 -0.021893 0.982118 0 0 0 0 1.000000 0.876189 -0.447927 -0.177918 0.961470 0.444467 0.893706 -0.061140 -0.000000 0.186392 -0.025509 0.982144 0 0 0 0 1.000000 0.881361 -0.436779 -0.180074 0.961470 0.434154 0.899103 -0.055883 -0.000000 0.186314 -0.028926 0.982064 0 0 0 0 1.000000 0.885099 -0.428217 -0.182289 0.961471 0.426208 0.903124 -0.052095 0 0.186938 -0.031584 0.981864 0 0 0 0 1.000000 0.886765 -0.423838 -0.184417 0.961470 0.422075 0.905141 -0.050710 -0.000000 0.188416 -0.032870 0.981539 0 0 0 0 1.000000 0.885720 -0.425210 -0.186268 0.961470 0.423161 0.904523 -0.052665 -0.000000 0.190878 -0.032175 0.981086 0 0 0 0 1.000000 0.881243 -0.433847 -0.187586 0.961470 0.430815 0.900521 -0.058830 -0.000000 0.194448 -0.028971 0.980485 0 0 0 0 1.000000 0.872298 -0.451215 -0.188419 0.961470 0.446295 0.892124 -0.070257 0 0.199794 -0.022805 0.979572 0 0 0 0 1.000000 0.858746 -0.476323 -0.188868 0.961470 0.468561 0.879159 -0.086777 -0.000000 0.207379 -0.013976 0.978161 -0.000000 0 0 0 1.000000 0.841426 -0.506357 -0.188692 0.961470 0.495003 0.862316 -0.106688 0 0.216734 -0.003633 0.976224 0.000000 0 0 0 1.000000 0.820666 -0.539689 -0.187731 0.961470 0.524145 0.841833 -0.128803 0.000000 0.227551 0.007306 0.973739 0.000000 0 0 0 1.000000 0.796823 -0.574939 -0.185792 0.961470 0.554764 0.817997 -0.152046 0 0.239395 0.018083 0.970754 0 0 0 0 1.000000 0.770442 -0.610813 -0.182553 0.961471 0.585731 0.791268 -0.175540 -0.000000 0.251671 0.028316 0.967399 0 0 0 0 1.000000 0.742484 -0.645929 -0.177465 0.961471 0.615822 0.762443 -0.198607 0 0.263593 0.038176 0.963878 0 0 0 0 1.000000 0.714494 -0.678742 -0.169726 0.961470 0.643653 0.732772 -0.220810 -0.000000 0.274243 0.048523 0.960435 0.000000 0 0 0 1.000000 0.688623 -0.707625 -0.158319 0.961471 0.667728 0.703953 -0.242052 -0.000000 0.282731 0.060968 0.957260 0 0 0 0 1.000000 0.667444 -0.730975 -0.142109 0.961471 0.686548 0.677956 -0.262731 -0.000000 0.288393 0.077794 0.954347 0 0 0 0 1.000000 0.653801 -0.747151 -0.119623 0.961471 0.698563 0.656760 -0.284037 -0.000000 0.290782 0.102139 0.951322 -0.000000 0 0 0 1.000000 0.648986 -0.755296 -0.091346 0.961470 0.703146 0.641315 -0.307083 -0.000000 0.290520 0.135063 0.947289 0 0 0 0 1.000000 0.652615 -0.755423 -0.058570 0.961471 0.700580 0.631062 -0.333089 -0.000000 0.288584 0.176346 0.941074 -0.000000 0 0 0 1.000000 0.663500 -0.747798 -0.023792 0.961470 0.691538 0.625099 -0.361976 -0.000000 0.285557 0.223718 0.931884 -0.000000 0 0 0 1.000000 0.679832 -0.733278 0.011466 0.961470 0.677207 0.621694 -0.393558 0 0.281459 0.275318 0.919228 -0.000000 0 0 0 1.000000 0.699850 -0.712794 0.046191 0.961471 0.658618 0.618925 -0.427965 0.000000 0.276462 0.329933 0.902614 0.000000 0 0 0 1.000000 0.722431 -0.686849 0.079571 0.961471 0.636085 0.615058 -0.465939 0.000000 0.271089 0.387223 0.881232 0 0 0 0 1.000000 0.745883 -0.657119 0.108872 0.961470 0.611021 0.609957 -0.504585 0 0.265165 0.442885 0.856470 0 0 0 0 1.000000 0.769163 -0.624916 0.133669 0.961470 0.584260 0.602920 -0.543257 0 0.258898 0.495951 0.828857 0 0 0 0 1.000000 0.791154 -0.592068 0.153394 0.961470 0.557076 0.594046 -0.580324 0 0.252468 0.544578 0.799809 -0.000000 0 0 0 1.000000 0.810909 -0.560547 0.167971 0.961470 0.530873 0.583948 -0.614148 0 0.246173 0.587189 0.771108 0.000000 0 0 0 1.000000 0.827655 -0.532349 0.177741 0.961471 0.507128 0.573694 -0.643192 0 0.240434 0.622478 0.744790 -0.000000 0 0 0 1.000000 0.840779 -0.509398 0.183314 0.961470 0.487339 0.564677 -0.666063 0 0.235779 0.649348 0.723018 0 0 0 0 1.000000 0.849777 -0.493480 0.185356 0.961470 0.472953 0.558449 -0.681506 0.000000 0.232797 0.666793 0.707950 0.000000 0 0 0 1.000000 0.854175 -0.486212 0.184343 0.961470 0.465317 0.556492 -0.688329 0 0.232089 0.673731 0.701585 -0.000000 0 0 0 1.000000 0.854003 -0.487896 0.180654 0.961470 0.464785 0.559434 -0.686300 0 0.233779 0.670068 0.704525 0.000000 0 0 0 1.000000 0.849957 -0.497056 0.174666 0.961470 0.470379 0.566605 -0.676537 0 0.237310 0.657187 0.715394 0 0 0 0 1.000000 0.842449 -0.512478 0.166271 0.961471 0.481276 0.577084 -0.659809 -0.000000 0.242186 0.635877 0.732807 0 0 0 0 1.000000 0.831551 -0.533290 0.155319 0.961471 0.496936 0.589351 -0.636962 -0.000000 0.248148 0.606850 0.755086 -0.000000 0 0 0 1.000000 0.817288 -0.558586 0.141496 0.961471 0.516773 0.601886 -0.608833 -0.000000 0.254921 0.570714 0.780577 -0.000000 0 0 0 1.000000 0.800056 -0.586824 0.124690 0.961470 0.539668 0.613196 -0.576844 0 0.262047 0.528799 0.807281 0 0 0 0 1.000000 0.780130 -0.616835 0.104462 0.961471 0.564802 0.622595 -0.541641 0.000000 0.269065 0.481550 0.834094 0 0 0 0 1.000000 0.757999 -0.647206 0.081003 0.961470 0.591140 0.629171 -0.504675 0 0.275664 0.430427 0.859501 0 0 0 0 1.000000 0.734378 -0.676520 0.054852 0.961470 0.617573 0.632484 -0.467512 0 0.281588 0.377206 0.882283 -0.000000 0 0 0 1.000000 0.709518 -0.704202 0.026146 0.961471 0.643678 0.632542 -0.430777 0 0.286815 0.322474 0.902080 0 0 0 0 1.000000 0.684733 -0.728785 -0.003675 0.961470 0.668093 0.629708 -0.396384 0.000000 0.291193 0.268962 0.918078 0.000000 0 0 0 1.000000 0.660895 -0.749724 -0.033637 0.961470 0.690176 0.624784 -0.365105 0.000000 0.294744 0.218080 0.930358 0 0 0 0 1.000000 0.639193 -0.766507 -0.062435 0.961471 0.709197 0.618904 -0.337635 0 0.297441 0.171536 0.939204 0 0 0 0 1.000000 0.620962 -0.778807 -0.088691 0.961471 0.724499 0.613453 -0.314288 0 0.299177 0.130904 0.945176 -0.000000 0 0 0 1.000000 0.607652 -0.786399 -0.111061 0.961470 0.735489 0.609969 -0.294948 -0.000000 0.299691 0.097542 0.949037 0 0 0 0 1.000000 0.600377 -0.788914 -0.131009 0.961471 0.741930 0.610610 -0.276940 -0.000000 0.298477 0.069069 0.951914 0 0 0 0 1.000000 0.600421 -0.785319 -0.150894 0.961471 0.743175 0.617641 -0.257313 -0.000000 0.295271 0.042355 0.954474 0 0 0 0 1.000000 0.608700 -0.774896 -0.170351 0.961470 0.738510 0.631848 -0.235311 0.000000 0.289977 0.017428 0.956875 0 0 0 0 1.000000 0.624828 -0.757658 -0.188530 0.961470 0.727840 0.652627 -0.210541 0 0.282558 -0.005668 0.959233 0 0 0 0 1.000000 0.647350 -0.734281 -0.204376 0.961471 0.711566 0.678316 -0.183198 -0.000000 0.273150 -0.026834 0.961597 0 0 0 0 1.000000 0.674280 -0.705890 -0.216946 0.961471 0.690392 0.706834 -0.154092 -0.000000 0.262117 -0.045877 0.963945 0 0 0 0 1.000000 0.703565 -0.673851 -0.225658 0.961471 0.665189 0.736219 -0.124516 -0.000000 0.250039 -0.062500 0.966217 -0.000000 0 0 0 1.000000 0.733286 -0.639702 -0.230378 0.961471 0.637034 0.764826 -0.096069 -0.000000 0.237654 -0.076312 0.968347 0 0 0 0 1.000000 0.761311 -0.605297 -0.232424 0.961471 0.607920 0.791015 -0.068763 -0.000000 0.225473 -0.088945 0.970181 0 0 0 0 1.000000 0.786081 -0.573742 -0.229991 0.961470 0.579476 0.813523 -0.048860 0 0.215137 -0.094866 0.971965 0 0 0 0 1.000000 0.806072 -0.546962 -0.226007 0.961470 0.554632 0.831403 -0.033945 -0.000000 0.206470 -0.097989 0.973534 0 0 0 0 1.000000 0.821921 -0.524927 -0.221128 0.961470 0.533558 0.845430 -0.023729 -0.000000 0.199404 -0.098481 0.974956 0 0 0 0 1.000000 0.833761 -0.508132 -0.215974 0.961470 0.516987 0.855810 -0.017692 0.000000 0.193823 -0.096905 0.976239 0 0 0 0 1.000000 0.841954 -0.496608 -0.210938 0.961470 0.505155 0.862895 -0.015184 -0.000000 0.189558 -0.093772 0.977382 0 0 0 0 1.000000 0.847063 -0.489843 -0.206248 0.961470 0.497728 0.867195 -0.015431 -0.000000 0.186416 -0.089585 0.978378 0 0 0 0 1.000000 0.849770 -0.486896 -0.202048 0.961470 0.493923 0.869328 -0.017572 0 0.184202 -0.084864 0.979218 0 0 0 0 1.000000 0.850781 -0.486605 -0.198463 0.961470 0.492728 0.869937 -0.020717 -0.000000 0.182732 -0.080163 0.979889 0 0 0 0 1.000000 0.850763 -0.487775 -0.195647 0.961470 0.493088 0.869649 -0.023983 0 0.181842 -0.076067 0.980381 -0.000000 0 0 0 1.000000 0.850326 -0.489276 -0.193793 0.961471 0.494007 0.869053 -0.026522 -0.000000 0.181393 -0.073182 0.980684 0.000000 0 0 0 1.000000 0.850049 -0.490021 -0.193126 0.961470 0.494530 0.868724 -0.027538 0 0.181267 -0.072098 0.980787 -0.000000 0 0 0 1.000000</float_array>
        <technique_common>
          <accessor source="#Bip01_L_Foot_matrix_Bip01_L_Foot_transform-output-array" count="71" stride="16">
            <param name="TRANSFORM" type="float4x4"/>
          </accessor>
        </technique_common>
      </source>
      <source id="Bip01_L_Foot_matrix_Bip01_L_Foot_transform-interpolations">
        <Name_array id="Bip01_L_Foot_matrix_Bip01_L_Foot_transform-interpolations-array" count="71">LINEAR LINEAR LINEAR LINEAR LINEAR LINEAR LINEAR LINEAR LINEAR LINEAR LINEAR LINEAR LINEAR LINEAR LINEAR LINEAR LINEAR LINEAR LINEAR LINEAR LINEAR LINEAR LINEAR LINEAR LINEAR LINEAR LINEAR LINEAR LINEAR LINEAR LINEAR LINEAR LINEAR LINEAR LINEAR LINEAR LINEAR LINEAR LINEAR LINEAR LINEAR LINEAR LINEAR LINEAR LINEAR LINEAR LINEAR LINEAR LINEAR LINEAR LINEAR LINEAR LINEAR LINEAR LINEAR LINEAR LINEAR LINEAR LINEAR LINEAR LINEAR LINEAR LINEAR LINEAR LINEAR LINEAR LINEAR LINEAR LINEAR LINEAR LINEAR</Name_array>
        <technique_common>
          <accessor source="#Bip01_L_Foot_matrix_Bip01_L_Foot_transform-interpolations-array" count="71" stride="1">
            <param name="INTERPOLATION" type="Name"/>
          </accessor>
        </technique_common>
      </source>
      <sampler id="Bip01_L_Foot_matrix_Bip01_L_Foot_transform-sampler">
        <input semantic="INPUT" source="#Bip01_L_Foot_matrix_Bip01_L_Foot_transform-input"/>
        <input semantic="OUTPUT" source="#Bip01_L_Foot_matrix_Bip01_L_Foot_transform-output"/>
        <input semantic="INTERPOLATION" source="#Bip01_L_Foot_matrix_Bip01_L_Foot_transform-interpolations"/>
      </sampler>
      <channel source="#Bip01_L_Foot_matrix_Bip01_L_Foot_transform-sampler" target="Bip01_L_Foot/transform"/>
    </animation>
    <animation id="Bip01_R_Thigh_matrix">
      <source id="Bip01_R_Thigh_matrix_Bip01_R_Thigh_transform-input">
        <float_array id="Bip01_R_Thigh_matrix_Bip01_R_Thigh_transform-input-array" count="71">0 0.033333 0.066667 0.100000 0.133333 0.166667 0.200000 0.233333 0.266667 0.300000 0.333333 0.366667 0.400000 0.433333 0.466667 0.500000 0.533333 0.566667 0.600000 0.633333 0.666667 0.700000 0.733334 0.766667 0.800000 0.833334 0.866667 0.900000 0.933334 0.966667 1.000000 1.033334 1.066667 1.100000 1.133334 1.166667 1.200000 1.233333 1.266667 1.300000 1.333333 1.366667 1.400000 1.433333 1.466667 1.500000 1.533333 1.566666 1.600000 1.633333 1.666666 1.700000 1.733333 1.766666 1.800000 1.833333 1.866666 1.899999 1.933333 1.966666 1.999999 2.033333 2.066666 2.099999 2.133333 2.166666 2.199999 2.233333 2.266666 2.299999 2.333333</float_array>
        <technique_common>
          <accessor source="#Bip01_R_Thigh_matrix_Bip01_R_Thigh_transform-input-array" count="71" stride="1">
            <param name="TIME" type="float"/>
          </accessor>
        </technique_common>
        <technique profile="MAYA">
          <pre_infinity>CONSTANT</pre_infinity>
          <post_infinity>CONSTANT</post_infinity>
        </technique>
      </source>
      <source id="Bip01_R_Thigh_matrix_Bip01_R_Thigh_transform-output">
        <float_array id="Bip01_R_Thigh_matrix_Bip01_R_Thigh_transform-output-array" count="1136">0.244231 0.969074 0.035310 -0.559403 0.944834 -0.229610 -0.233598 0.167699 -0.218266 0.090413 -0.971692 -0.498667 0 0 0 1.000000 0.251350 0.967249 0.035376 -0.559402 0.942788 -0.236396 -0.235089 0.167699 -0.219027 0.092442 -0.971330 -0.498667 0 0 0 1.000000 0.270401 0.962094 0.035470 -0.559402 0.937065 -0.254555 -0.238980 0.167699 -0.220893 0.097858 -0.970376 -0.498667 0 0 0 1.000000 0.297756 0.953984 0.035442 -0.559402 0.928178 -0.280622 -0.244413 0.167699 -0.223220 0.105671 -0.969023 -0.498667 0 0 0 1.000000 0.329825 0.943386 0.035194 -0.559403 0.916747 -0.311166 -0.250502 0.167699 -0.225369 0.114886 -0.967476 -0.498667 0 0 0 1.000000 0.363290 0.931029 0.034736 -0.559402 0.903670 -0.343051 -0.256314 0.167699 -0.226720 0.124507 -0.965969 -0.498667 0 0 0 1.000000 0.395241 0.917940 0.034209 -0.559402 0.890169 -0.373562 -0.260867 0.167698 -0.226681 0.133557 -0.964769 -0.498667 0 0 0 1.000000 0.423195 0.905405 0.033869 -0.559402 0.877735 -0.400419 -0.263144 0.167699 -0.224690 0.141090 -0.964162 -0.498667 0 0 0 1.000000 0.445027 0.894870 0.034051 -0.559403 0.868024 -0.421703 -0.262108 0.167699 -0.220193 0.146202 -0.964438 -0.498667 0 0 0 1.000000 0.458812 0.887840 0.035080 -0.559402 0.862720 -0.435689 -0.256688 0.167699 -0.212614 0.148036 -0.965857 -0.498667 0 0 0 1.000000 0.462577 0.885800 0.037163 -0.559402 0.863421 -0.440580 -0.245751 0.167699 -0.201313 0.145766 -0.968620 -0.498667 0 0 0 1.000000 0.454735 0.889700 0.040629 -0.559402 0.871544 -0.435136 -0.225982 0.167699 -0.183377 0.138172 -0.973284 -0.498667 0 0 0 1.000000 0.435573 0.899026 0.045036 -0.559402 0.886324 -0.419608 -0.195854 0.167698 -0.157181 0.125225 -0.979598 -0.498667 0 0 0 1.000000 0.406330 0.912412 0.048989 -0.559402 0.905110 -0.394574 -0.158389 0.167699 -0.125186 0.108699 -0.986161 -0.498667 0 0 0 1.000000 0.367874 0.928459 0.051307 -0.559402 0.925560 -0.360299 -0.116286 0.167699 -0.089481 0.090266 -0.991890 -0.498667 0 0 0 1.000000 0.321254 0.945611 0.051135 -0.559402 0.945532 -0.317292 -0.072767 0.167699 -0.052584 0.071727 -0.996037 -0.498667 0 0 0 1.000000 0.267664 0.962306 0.048208 -0.559402 0.963357 -0.266386 -0.031333 0.167699 -0.017310 0.054829 -0.998346 -0.498667 0 0 0 1.000000 0.208414 0.977094 0.043024 -0.559402 0.977950 -0.208793 0.004458 0.167699 0.013339 0.041146 -0.999064 -0.498667 0 0 0 1.000000 0.144852 0.988764 0.036940 -0.559403 0.988785 -0.146025 0.031307 0.167699 0.036349 0.031990 -0.998827 -0.498667 0 0 0 1.000000 0.078321 0.996410 0.032128 -0.559402 0.995727 -0.079767 0.046519 0.167699 0.048915 0.028347 -0.998401 -0.498667 0 0 0 1.000000 0.010129 0.999456 0.031389 -0.559403 0.998765 -0.011639 0.048303 0.167699 0.048642 0.030861 -0.998339 -0.498667 0 0 0 1.000000 -0.058212 0.997575 0.038154 -0.559403 0.997756 0.056871 0.035342 0.167699 0.033087 0.040126 -0.998647 -0.498667 0 0 0 1.000000 -0.125596 0.990608 0.054053 -0.559402 0.992075 0.125210 0.010472 0.167699 0.003606 0.054940 -0.998483 -0.498667 0 0 0 1.000000 -0.192220 0.978164 0.079031 -0.559402 0.980657 0.194490 -0.022039 0.167699 -0.036929 0.073266 -0.996628 -0.498667 0 0 0 1.000000 -0.254501 0.960663 0.111154 -0.559403 0.963396 0.261866 -0.057392 0.167699 -0.084242 0.092479 -0.992145 -0.498667 0 0 0 1.000000 -0.309527 0.939250 0.148333 -0.559402 0.941245 0.324799 -0.092538 0.167699 -0.135095 0.110975 -0.984598 -0.498667 0 0 0 1.000000 -0.360508 0.913520 0.188458 -0.559403 0.913770 0.386444 -0.125240 0.167699 -0.187238 0.127058 -0.974063 -0.498667 0 0 0 1.000000 -0.412724 0.881534 0.229251 -0.559403 0.878972 0.451465 -0.153580 0.167699 -0.238885 0.138119 -0.961175 -0.498667 0 0 0 1.000000 -0.465044 0.843650 0.268307 -0.559402 0.837242 0.517606 -0.176379 0.167699 -0.287680 0.142614 -0.947049 -0.498667 0 0 0 1.000000 -0.515973 0.801016 0.303555 -0.559402 0.789828 0.582047 -0.193373 0.167699 -0.331579 0.139981 -0.932985 -0.498667 0 0 0 1.000000 -0.563890 0.755524 0.333485 -0.559402 0.738825 0.641940 -0.205061 0.167699 -0.369006 0.130755 -0.920183 -0.498667 0 0 0 1.000000 -0.607274 0.709649 0.357234 -0.559402 0.687048 0.694868 -0.212424 0.167699 -0.398977 0.116438 -0.909538 -0.498667 0 0 0 1.000000 -0.644882 0.666220 0.374537 -0.559402 0.637783 0.739130 -0.216610 0.167699 -0.421141 0.099185 -0.901555 -0.498667 0 0 0 1.000000 -0.675824 0.628182 0.385550 -0.559402 0.594494 0.773795 -0.218676 0.167699 -0.435705 0.081421 -0.896399 -0.498667 0 0 0 1.000000 -0.699549 0.598382 0.390602 -0.559403 0.560533 0.798533 -0.219425 0.167699 -0.443208 0.065446 -0.894026 -0.498667 0 0 0 1.000000 -0.715742 0.579381 0.389912 -0.559402 0.538883 0.813324 -0.219339 0.167699 -0.444205 0.053128 -0.894348 -0.498667 0 0 0 1.000000 -0.724517 0.572322 0.384086 -0.559403 0.530864 0.818767 -0.218644 0.167699 -0.439612 0.045486 -0.897035 -0.498667 0 0 0 1.000000 -0.726418 0.576424 0.374236 -0.559403 0.535549 0.816045 -0.217390 0.167699 -0.430702 0.042506 -0.901493 -0.498667 0 0 0 1.000000 -0.721752 0.590717 0.360732 -0.559402 0.551777 0.805700 -0.215381 0.167699 -0.417871 0.043592 -0.907460 -0.498667 0 0 0 1.000000 -0.711312 0.613224 0.343499 -0.559402 0.577259 0.788491 -0.212259 0.167699 -0.401009 0.047305 -0.914852 -0.498667 0 0 0 1.000000 -0.695843 0.641763 0.322401 -0.559402 0.609497 0.765133 -0.207568 0.167699 -0.379889 0.052067 -0.923565 -0.498667 0 0 0 1.000000 -0.675515 0.674689 0.297446 -0.559402 0.646608 0.735921 -0.200794 0.167699 -0.354371 0.056692 -0.933385 -0.498667 0 0 0 1.000000 -0.650555 0.710312 0.268768 -0.559402 0.686669 0.701322 -0.191398 0.167699 -0.324445 0.060040 -0.943997 -0.498667 0 0 0 1.000000 -0.621263 0.746992 0.236720 -0.559403 0.727827 0.662015 -0.178894 0.167698 -0.290345 0.061151 -0.954966 -0.498667 0 0 0 1.000000 -0.588219 0.783022 0.202177 -0.559402 0.768154 0.619153 -0.163061 0.167699 -0.252858 0.059388 -0.965679 -0.498667 0 0 0 1.000000 -0.551153 0.817836 0.165450 -0.559403 0.806985 0.572872 -0.143502 0.167699 -0.212143 0.054424 -0.975722 -0.498667 0 0 0 1.000000 -0.511088 0.849868 0.128505 -0.559402 0.842514 0.524940 -0.120859 0.167699 -0.170172 0.046498 -0.984317 -0.498667 0 0 0 1.000000 -0.468094 0.878806 0.092676 -0.559402 0.874319 0.475805 -0.095785 0.167699 -0.128273 0.036192 -0.991078 -0.498667 0 0 0 1.000000 -0.422340 0.904471 0.059675 -0.559403 0.902125 0.425833 -0.069548 0.167699 -0.088316 0.024462 -0.995792 -0.498667 0 0 0 1.000000 -0.373847 0.926964 0.031248 -0.559402 0.926007 0.374942 -0.043932 0.167699 -0.052440 0.012512 -0.998546 -0.498667 0 0 0 1.000000 -0.322472 0.946536 0.009032 -0.559403 0.946299 0.322594 -0.021233 0.167699 -0.023011 0.001700 -0.999734 -0.498667 0 0 0 1.000000 -0.263178 0.964722 -0.006925 -0.559402 0.964746 0.263180 -0.000679 0.167699 0.001167 -0.006860 -0.999976 -0.498667 0 0 0 1.000000 -0.195556 0.980513 -0.018759 -0.559403 0.980470 0.195883 0.017555 0.167699 0.020887 -0.014959 -0.999670 -0.498667 0 0 0 1.000000 -0.126109 0.991652 -0.026884 -0.559402 0.991417 0.126928 0.031323 0.167699 0.034474 -0.022703 -0.999148 -0.498667 0 0 0 1.000000 -0.060548 0.997687 -0.030888 -0.559402 0.997299 0.061755 0.039759 0.167699 0.041574 -0.028397 -0.998732 -0.498667 0 0 0 1.000000 -0.003295 0.999492 -0.031691 -0.559403 0.999110 0.004623 0.041919 0.167699 0.042044 -0.031525 -0.998618 -0.498667 0 0 0 1.000000 0.042737 0.998622 -0.030466 -0.559402 0.998429 -0.041583 0.037566 0.167699 0.036248 -0.032024 -0.998830 -0.498667 0 0 0 1.000000 0.076172 0.996676 -0.028901 -0.559402 0.996789 -0.075398 0.026965 0.167699 0.024697 -0.030862 -0.999219 -0.498667 0 0 0 1.000000 0.097273 0.994898 -0.026762 -0.559403 0.995221 -0.097004 0.011166 0.167699 0.008513 -0.027721 -0.999579 -0.498667 0 0 0 1.000000 0.108517 0.993782 -0.024946 -0.559402 0.994026 -0.108770 -0.009005 0.167699 -0.011662 -0.023820 -0.999648 -0.498667 0 0 0 1.000000 0.116030 0.992963 -0.023672 -0.559402 0.992623 -0.116768 -0.032614 0.167699 -0.035149 -0.019714 -0.999188 -0.498667 0 0 0 1.000000 0.127378 0.991591 -0.022870 -0.559402 0.989974 -0.128522 -0.058605 0.167699 -0.061051 -0.015176 -0.998019 -0.498667 0 0 0 1.000000 0.144749 0.989215 -0.022399 -0.559402 0.985532 -0.146153 -0.085821 0.167699 -0.088169 -0.009652 -0.996059 -0.498667 0 0 0 1.000000 0.166095 0.985862 -0.022083 -0.559402 0.979332 -0.167533 -0.113319 0.167698 -0.115417 -0.002805 -0.993313 -0.498667 0 0 0 1.000000 0.187601 0.982004 -0.021769 -0.559402 0.971959 -0.188790 -0.140194 0.167699 -0.141781 0.005142 -0.989885 -0.498667 0 0 0 1.000000 0.206482 0.978217 -0.021352 -0.559402 0.964205 -0.207138 -0.165539 0.167699 -0.166356 0.013594 -0.985972 -0.498667 0 0 0 1.000000 0.221452 0.974949 -0.020797 -0.559402 0.956815 -0.221353 -0.188434 0.167699 -0.188317 0.021830 -0.981866 -0.498667 0 0 0 1.000000 0.232279 0.972444 -0.019988 -0.559402 0.950406 -0.231289 -0.207929 0.167699 -0.206823 0.029301 -0.977940 -0.498667 0 0 0 1.000000 0.239312 0.970750 -0.019339 -0.559403 0.945425 -0.237513 -0.223068 0.167699 -0.221136 0.035100 -0.974611 -0.498667 0 0 0 1.000000 0.243154 0.969804 -0.018856 -0.559402 0.942232 -0.240769 -0.232871 0.167698 -0.230379 0.038857 -0.972325 -0.498667 0 0 0 1.000000 0.244363 0.969504 -0.018675 -0.559403 0.941110 -0.241759 -0.236355 0.167699 -0.233662 0.040181 -0.971487 -0.498667 0 0 0 1.000000</float_array>
        <technique_common>
          <accessor source="#Bip01_R_Thigh_matrix_Bip01_R_Thigh_transform-output-array" count="71" stride="16">
            <param name="TRANSFORM" type="float4x4"/>
          </accessor>
        </technique_common>
      </source>
      <source id="Bip01_R_Thigh_matrix_Bip01_R_Thigh_transform-interpolations">
        <Name_array id="Bip01_R_Thigh_matrix_Bip01_R_Thigh_transform-interpolations-array" count="71">LINEAR LINEAR LINEAR LINEAR LINEAR LINEAR LINEAR LINEAR LINEAR LINEAR LINEAR LINEAR LINEAR LINEAR LINEAR LINEAR LINEAR LINEAR LINEAR LINEAR LINEAR LINEAR LINEAR LINEAR LINEAR LINEAR LINEAR LINEAR LINEAR LINEAR LINEAR LINEAR LINEAR LINEAR LINEAR LINEAR LINEAR LINEAR LINEAR LINEAR LINEAR LINEAR LINEAR LINEAR LINEAR LINEAR LINEAR LINEAR LINEAR LINEAR LINEAR LINEAR LINEAR LINEAR LINEAR LINEAR LINEAR LINEAR LINEAR LINEAR LINEAR LINEAR LINEAR LINEAR LINEAR LINEAR LINEAR LINEAR LINEAR LINEAR LINEAR</Name_array>
        <technique_common>
          <accessor source="#Bip01_R_Thigh_matrix_Bip01_R_Thigh_transform-interpolations-array" count="71" stride="1">
            <param name="INTERPOLATION" type="Name"/>
          </accessor>
        </technique_common>
      </source>
      <sampler id="Bip01_R_Thigh_matrix_Bip01_R_Thigh_transform-sampler">
        <input semantic="INPUT" source="#Bip01_R_Thigh_matrix_Bip01_R_Thigh_transform-input"/>
        <input semantic="OUTPUT" source="#Bip01_R_Thigh_matrix_Bip01_R_Thigh_transform-output"/>
        <input semantic="INTERPOLATION" source="#Bip01_R_Thigh_matrix_Bip01_R_Thigh_transform-interpolations"/>
      </sampler>
      <channel source="#Bip01_R_Thigh_matrix_Bip01_R_Thigh_transform-sampler" target="Bip01_R_Thigh/transform"/>
    </animation>
    <animation id="Bip01_R_Calf_matrix">
      <source id="Bip01_R_Calf_matrix_Bip01_R_Calf_transform-input">
        <float_array id="Bip01_R_Calf_matrix_Bip01_R_Calf_transform-input-array" count="71">0 0.033333 0.066667 0.100000 0.133333 0.166667 0.200000 0.233333 0.266667 0.300000 0.333333 0.366667 0.400000 0.433333 0.466667 0.500000 0.533333 0.566667 0.600000 0.633333 0.666667 0.700000 0.733334 0.766667 0.800000 0.833334 0.866667 0.900000 0.933334 0.966667 1.000000 1.033334 1.066667 1.100000 1.133334 1.166667 1.200000 1.233333 1.266667 1.300000 1.333333 1.366667 1.400000 1.433333 1.466667 1.500000 1.533333 1.566666 1.600000 1.633333 1.666666 1.700000 1.733333 1.766666 1.800000 1.833333 1.866666 1.899999 1.933333 1.966666 1.999999 2.033333 2.066666 2.099999 2.133333 2.166666 2.199999 2.233333 2.266666 2.299999 2.333333</float_array>
        <technique_common>
          <accessor source="#Bip01_R_Calf_matrix_Bip01_R_Calf_transform-input-array" count="71" stride="1">
            <param name="TIME" type="float"/>
          </accessor>
        </technique_common>
        <technique profile="MAYA">
          <pre_infinity>CONSTANT</pre_infinity>
          <post_infinity>CONSTANT</post_infinity>
        </technique>
      </source>
      <source id="Bip01_R_Calf_matrix_Bip01_R_Calf_transform-output">
        <float_array id="Bip01_R_Calf_matrix_Bip01_R_Calf_transform-output-array" count="1136">0.784342 0.620329 0 1.191516 -0.620329 0.784342 0 0 0 0 1.000000 0 0 0 0 1.000000 0.784315 0.620363 0 1.191516 -0.620363 0.784315 0 0.000000 0 0 1.000000 0 0 0 0 1.000000 0.784309 0.620370 0 1.191516 -0.620370 0.784309 0 0 0 0 1.000000 0 0 0 0 1.000000 0.784568 0.620043 0 1.191516 -0.620043 0.784567 0 0 0 0 1.000000 0 0 0 0 1.000000 0.785309 0.619104 0 1.191516 -0.619104 0.785309 0 0.000000 0 0 1.000000 0 0 0 0 1.000000 0.786549 0.617528 0 1.191517 -0.617528 0.786549 0 0 0 0 1.000000 0 0 0 0 1.000000 0.788024 0.615644 0 1.191516 -0.615644 0.788025 0 -0.000000 0 0 1.000000 -0.000000 0 0 0 1.000000 0.789199 0.614138 0 1.191517 -0.614138 0.789199 0 0 0 0 1.000000 0 0 0 0 1.000000 0.789310 0.613994 0 1.191517 -0.613994 0.789310 0 0 0 0 1.000000 0 0 0 0 1.000000 0.787432 0.616402 0 1.191516 -0.616402 0.787432 0 0 0 0 1.000000 0 0 0 0 1.000000 0.782571 0.622561 0 1.191516 -0.622561 0.782571 0 0 0 0 1.000000 0 0 0 0 1.000000 0.775390 0.631483 0 1.191516 -0.631483 0.775390 0 0 0 0 1.000000 0 0 0 0 1.000000 0.766935 0.641725 0 1.191517 -0.641725 0.766935 0 -0.000000 0 0 1.000000 0 0 0 0 1.000000 0.757189 0.653196 0 1.191516 -0.653196 0.757189 0 0 0 0 1.000000 0 0 0 0 1.000000 0.745816 0.666152 0 1.191517 -0.666152 0.745816 0 0.000000 0 0 1.000000 0.000000 0 0 0 1.000000 0.732350 0.680929 0 1.191516 -0.680929 0.732350 0 0 0 0 1.000000 0 0 0 0 1.000000 0.716174 0.697922 0 1.191516 -0.697922 0.716174 0 0 0 0 1.000000 0 0 0 0 1.000000 0.696617 0.717443 0 1.191516 -0.717443 0.696617 0 0.000000 0 0 1.000000 0 0 0 0 1.000000 0.673107 0.739545 0 1.191516 -0.739545 0.673107 0 0 0 0 1.000000 0.000000 0 0 0 1.000000 0.645298 0.763931 0 1.191516 -0.763931 0.645298 0 0 0 0 1.000000 0 0 0 0 1.000000 0.613199 0.789929 0 1.191517 -0.789929 0.613199 0 0 0 0 1.000000 0 0 0 0 1.000000 0.576705 0.816952 0 1.191516 -0.816952 0.576705 0 0 0 0 1.000000 0 0 0 0 1.000000 0.538642 0.842535 0 1.191516 -0.842535 0.538642 0 0 0 0 1.000000 0 0 0 0 1.000000 0.501945 0.864900 0 1.191516 -0.864900 0.501945 0 0 0 0 1.000000 0 0 0 0 1.000000 0.469554 0.882904 0 1.191516 -0.882904 0.469554 0 0 0 0 1.000000 0 0 0 0 1.000000 0.441712 0.897157 0 1.191516 -0.897157 0.441712 0 -0.000000 0 0 1.000000 0 0 0 0 1.000000 0.419208 0.907890 0 1.191516 -0.907890 0.419208 0 0 0 0 1.000000 0 0 0 0 1.000000 0.404255 0.914646 0 1.191516 -0.914646 0.404255 0 0 0 0 1.000000 0 0 0 0 1.000000 0.397450 0.917624 0 1.191516 -0.917624 0.397450 0 0 0 0 1.000000 0 0 0 0 1.000000 0.398569 0.917139 0 1.191517 -0.917139 0.398569 0 -0.000000 0 0 1.000000 0 0 0 0 1.000000 0.406633 0.913591 0 1.191516 -0.913591 0.406633 0 -0.000000 0 0 1.000000 0 0 0 0 1.000000 0.420060 0.907496 0 1.191516 -0.907496 0.420060 0 -0.000000 0 0 1.000000 0 0 0 0 1.000000 0.436845 0.899537 0 1.191516 -0.899537 0.436845 0 0.000000 0 0 1.000000 0.000000 0 0 0 1.000000 0.454781 0.890603 0 1.191516 -0.890603 0.454781 0 0 0 0 1.000000 0 0 0 0 1.000000 0.471717 0.881750 0 1.191516 -0.881750 0.471717 0 0 0 0 1.000000 0 0 0 0 1.000000 0.485804 0.874068 0 1.191516 -0.874067 0.485805 0 0 0 0 1.000000 0 0 0 0 1.000000 0.495866 0.868399 0 1.191516 -0.868399 0.495866 0 0 0 0 1.000000 0.000000 0 0 0 1.000000 0.501625 0.865085 0 1.191516 -0.865085 0.501625 0 0 0 0 1.000000 -0.000000 0 0 0 1.000000 0.503403 0.864052 0 1.191516 -0.864052 0.503403 0 -0.000000 0 0 1.000000 0 0 0 0 1.000000 0.501958 0.864892 0 1.191516 -0.864892 0.501958 0 -0.000000 0 0 1.000000 0 0 0 0 1.000000 0.498256 0.867030 0 1.191516 -0.867030 0.498256 0 0 0 0 1.000000 0 0 0 0 1.000000 0.493410 0.869797 0 1.191516 -0.869797 0.493410 0 0 0 0 1.000000 0.000000 0 0 0 1.000000 0.488574 0.872523 0 1.191516 -0.872522 0.488574 0 0 0 0 1.000000 0 0 0 0 1.000000 0.484837 0.874605 0 1.191516 -0.874604 0.484837 0 0 0 0 1.000000 0 0 0 0 1.000000 0.483147 0.875539 0 1.191516 -0.875539 0.483147 0 -0.000000 0 0 1.000000 0 0 0 0 1.000000 0.484198 0.874959 0 1.191516 -0.874958 0.484198 0 0 0 0 1.000000 0 0 0 0 1.000000 0.488399 0.872620 0 1.191516 -0.872620 0.488399 0 0 0 0 1.000000 -0.000000 0 0 0 1.000000 0.495789 0.868443 0 1.191516 -0.868443 0.495789 0 -0.000000 0 0 1.000000 0.000000 0 0 0 1.000000 0.506032 0.862515 0 1.191517 -0.862515 0.506032 0 0 0 0 1.000000 0 0 0 0 1.000000 0.518422 0.855125 0 1.191516 -0.855125 0.518422 0 -0.000000 0 0 1.000000 0 0 0 0 1.000000 0.531916 0.846797 0 1.191516 -0.846797 0.531916 0 0 0 0 1.000000 0 0 0 0 1.000000 0.548569 0.836105 0 1.191517 -0.836105 0.548569 0 0 0 0 1.000000 0 0 0 0 1.000000 0.573152 0.819449 0 1.191516 -0.819449 0.573152 0 0 0 0 1.000000 0 0 0 0 1.000000 0.607222 0.794532 0 1.191516 -0.794532 0.607222 0 0 0 0 1.000000 0 0 0 0 1.000000 0.650537 0.759475 0 1.191516 -0.759474 0.650537 0 0 0 0 1.000000 0 0 0 0 1.000000 0.701214 0.712951 0 1.191516 -0.712951 0.701214 0 0 0 0 1.000000 0 0 0 0 1.000000 0.756086 0.654472 0 1.191516 -0.654472 0.756087 0 0 0 0 1.000000 -0.000000 0 0 0 1.000000 0.811065 0.584956 0 1.191516 -0.584956 0.811065 0 0 0 0 1.000000 0 0 0 0 1.000000 0.861437 0.507864 0 1.191516 -0.507864 0.861437 0 0 0 0 1.000000 0 0 0 0 1.000000 0.902097 0.431533 0 1.191517 -0.431533 0.902097 0 -0.000000 0 0 1.000000 0 0 0 0 1.000000 0.927783 0.373121 0 1.191516 -0.373121 0.927783 0 0.000000 0 0 1.000000 0.000000 0 0 0 1.000000 0.937213 0.348756 0 1.191516 -0.348756 0.937213 0 0 0 0 1.000000 0 0 0 0 1.000000 0.934037 0.357177 0 1.191516 -0.357177 0.934037 0 0 0 0 1.000000 0 0 0 0 1.000000 0.920799 0.390036 0 1.191517 -0.390036 0.920800 0 0 0 0 1.000000 0 0 0 0 1.000000 0.900338 0.435192 0 1.191517 -0.435192 0.900338 0 0.000000 0 0 1.000000 0 0 0 0 1.000000 0.875586 0.483062 0 1.191516 -0.483062 0.875586 0 0 0 0 1.000000 -0.000000 0 0 0 1.000000 0.849446 0.527675 0 1.191516 -0.527675 0.849446 0 0 0 0 1.000000 0 0 0 0 1.000000 0.824689 0.565586 0 1.191516 -0.565586 0.824689 0 0 0 0 1.000000 0 0 0 0 1.000000 0.803933 0.594720 0 1.191516 -0.594720 0.803933 0 0 0 0 1.000000 0 0 0 0 1.000000 0.789669 0.613533 0 1.191516 -0.613532 0.789669 0 0 0 0 1.000000 0 0 0 0 1.000000 0.784356 0.620310 0 1.191516 -0.620311 0.784356 0 0.000000 0 0 1.000000 0 0 0 0 1.000000</float_array>
        <technique_common>
          <accessor source="#Bip01_R_Calf_matrix_Bip01_R_Calf_transform-output-array" count="71" stride="16">
            <param name="TRANSFORM" type="float4x4"/>
          </accessor>
        </technique_common>
      </source>
      <source id="Bip01_R_Calf_matrix_Bip01_R_Calf_transform-interpolations">
        <Name_array id="Bip01_R_Calf_matrix_Bip01_R_Calf_transform-interpolations-array" count="71">LINEAR LINEAR LINEAR LINEAR LINEAR LINEAR LINEAR LINEAR LINEAR LINEAR LINEAR LINEAR LINEAR LINEAR LINEAR LINEAR LINEAR LINEAR LINEAR LINEAR LINEAR LINEAR LINEAR LINEAR LINEAR LINEAR LINEAR LINEAR LINEAR LINEAR LINEAR LINEAR LINEAR LINEAR LINEAR LINEAR LINEAR LINEAR LINEAR LINEAR LINEAR LINEAR LINEAR LINEAR LINEAR LINEAR LINEAR LINEAR LINEAR LINEAR LINEAR LINEAR LINEAR LINEAR LINEAR LINEAR LINEAR LINEAR LINEAR LINEAR LINEAR LINEAR LINEAR LINEAR LINEAR LINEAR LINEAR LINEAR LINEAR LINEAR LINEAR</Name_array>
        <technique_common>
          <accessor source="#Bip01_R_Calf_matrix_Bip01_R_Calf_transform-interpolations-array" count="71" stride="1">
            <param name="INTERPOLATION" type="Name"/>
          </accessor>
        </technique_common>
      </source>
      <sampler id="Bip01_R_Calf_matrix_Bip01_R_Calf_transform-sampler">
        <input semantic="INPUT" source="#Bip01_R_Calf_matrix_Bip01_R_Calf_transform-input"/>
        <input semantic="OUTPUT" source="#Bip01_R_Calf_matrix_Bip01_R_Calf_transform-output"/>
        <input semantic="INTERPOLATION" source="#Bip01_R_Calf_matrix_Bip01_R_Calf_transform-interpolations"/>
      </sampler>
      <channel source="#Bip01_R_Calf_matrix_Bip01_R_Calf_transform-sampler" target="Bip01_R_Calf/transform"/>
    </animation>
    <animation id="Bip01_R_Foot_matrix">
      <source id="Bip01_R_Foot_matrix_Bip01_R_Foot_transform-input">
        <float_array id="Bip01_R_Foot_matrix_Bip01_R_Foot_transform-input-array" count="71">0 0.033333 0.066667 0.100000 0.133333 0.166667 0.200000 0.233333 0.266667 0.300000 0.333333 0.366667 0.400000 0.433333 0.466667 0.500000 0.533333 0.566667 0.600000 0.633333 0.666667 0.700000 0.733334 0.766667 0.800000 0.833334 0.866667 0.900000 0.933334 0.966667 1.000000 1.033334 1.066667 1.100000 1.133334 1.166667 1.200000 1.233333 1.266667 1.300000 1.333333 1.366667 1.400000 1.433333 1.466667 1.500000 1.533333 1.566666 1.600000 1.633333 1.666666 1.700000 1.733333 1.766666 1.800000 1.833333 1.866666 1.899999 1.933333 1.966666 1.999999 2.033333 2.066666 2.099999 2.133333 2.166666 2.199999 2.233333 2.266666 2.299999 2.333333</float_array>
        <technique_common>
          <accessor source="#Bip01_R_Foot_matrix_Bip01_R_Foot_transform-input-array" count="71" stride="1">
            <param name="TIME" type="float"/>
          </accessor>
        </technique_common>
        <technique profile="MAYA">
          <pre_infinity>CONSTANT</pre_infinity>
          <post_infinity>CONSTANT</post_infinity>
        </technique>
      </source>
      <source id="Bip01_R_Foot_matrix_Bip01_R_Foot_transform-output">
        <float_array id="Bip01_R_Foot_matrix_Bip01_R_Foot_transform-output-array" count="1136">0.915578 -0.331753 0.227283 0.961470 0.325771 0.943247 0.064483 0 -0.235777 0.015003 0.971691 0 0 0 0 1.000000 0.916427 -0.328867 0.228054 0.961470 0.323171 0.944241 0.062998 0 -0.236056 0.015967 0.971608 0 0 0 0 1.000000 0.918746 -0.320879 0.230091 0.961470 0.315944 0.946940 0.059025 -0.000000 -0.236823 0.018467 0.971377 0 0 0 0 1.000000 0.922187 -0.308695 0.232979 0.961470 0.304858 0.950908 0.053244 0 -0.237978 0.021924 0.971023 0 0 0 0 1.000000 0.926379 -0.293219 0.236316 0.961471 0.290692 0.955697 0.046283 -0.000000 -0.239417 0.025820 0.970573 -0.000000 0 0 0 1.000000 0.930935 -0.275478 0.239732 0.961470 0.274358 0.960848 0.038724 -0.000000 -0.241014 0.029723 0.970066 0.000000 0 0 0 1.000000 0.935477 -0.256673 0.242905 0.961471 0.256948 0.965924 0.031113 0 -0.242614 0.033308 0.969551 0 0 0 0 1.000000 0.939664 -0.238178 0.245565 0.961471 0.239738 0.970541 0.023982 0 -0.244043 0.036336 0.969083 0 0 0 0 1.000000 0.943225 -0.221533 0.247488 0.961470 0.224162 0.974388 0.017874 0 -0.245109 0.038619 0.968726 0 0 0 0 1.000000 0.945950 -0.208420 0.248474 0.961470 0.211792 0.977223 0.013393 0 -0.245605 0.039956 0.968546 0 0 0 0 1.000000 0.947679 -0.200638 0.248292 0.961470 0.204288 0.978846 0.011257 0 -0.245299 0.040055 0.968620 0 0 0 0 1.000000 0.948842 -0.197161 0.246631 0.961470 0.200706 0.979591 0.010942 -0.000000 -0.243755 0.039118 0.969048 0 0 0 0 1.000000 0.949952 -0.195840 0.243387 0.961470 0.198949 0.979936 0.011991 0 -0.240852 0.037031 0.969855 0 0 0 0 1.000000 0.950882 -0.197101 0.238692 0.961470 0.199248 0.979829 0.015351 -0.000000 -0.236903 0.032962 0.970974 0.000000 0 0 0 1.000000 0.951488 -0.201445 0.232574 0.961470 0.201948 0.979151 0.021902 -0.000000 -0.232137 0.026129 0.972332 0 0 0 0 1.000000 0.951550 -0.209521 0.225062 0.961470 0.207633 0.977673 0.032301 -0.000000 -0.226804 0.015994 0.973809 0 0 0 0 1.000000 0.950765 -0.222047 0.216198 0.961470 0.217066 0.975033 0.046831 0 -0.221199 0.002404 0.975226 0 0 0 0 1.000000 0.948718 -0.239706 0.206095 0.961470 0.231094 0.970740 0.065257 -0.000000 -0.215708 -0.014283 0.976354 0 0 0 0 1.000000 0.944875 -0.263020 0.195018 0.961470 0.250505 0.964223 0.086731 0 -0.210853 -0.033096 0.976957 0 0 0 0 1.000000 0.938562 -0.292277 0.183508 0.961470 0.275902 0.954897 0.109768 -0.000000 -0.207314 -0.052394 0.976870 0 0 0 0 1.000000 0.928975 -0.327470 0.172536 0.961470 0.307582 0.942276 0.132324 -0.000000 -0.205909 -0.069857 0.976075 0 0 0 0 1.000000 0.914994 -0.368718 0.163809 0.961470 0.345921 0.925891 0.151869 0 -0.207667 -0.082295 0.974732 0 0 0 0 1.000000 0.896425 -0.413679 0.159037 0.961471 0.388729 0.906243 0.166173 0 -0.212869 -0.087139 0.973188 -0.000000 0 0 0 1.000000 0.873477 -0.460000 0.159494 0.961470 0.433721 0.884022 0.174335 0 -0.221190 -0.083102 0.971684 0 0 0 0 1.000000 0.847493 -0.504110 0.166220 0.961470 0.477562 0.860829 0.175804 0.000000 -0.231712 -0.069612 0.970290 0.000000 0 0 0 1.000000 0.819485 -0.544212 0.179661 0.961470 0.518788 0.837637 0.170950 0 -0.243523 -0.046885 0.968761 0 0 0 0 1.000000 0.790209 -0.579642 0.198958 0.961471 0.556984 0.814700 0.161343 -0.000000 -0.255613 -0.016678 0.966635 0 0 0 0 1.000000 0.760643 -0.609850 0.222497 0.961470 0.591769 0.792297 0.148573 -0.000000 -0.266891 0.018655 0.963546 0 0 0 0 1.000000 0.732299 -0.633855 0.248930 0.961470 0.622330 0.771325 0.133276 -0.000000 -0.276484 0.057319 0.959308 0 0 0 0 1.000000 0.706641 -0.651272 0.276593 0.961470 0.648162 0.752593 0.116148 -0.000000 -0.283806 0.097202 0.953942 0.000000 0 0 0 1.000000 0.684892 -0.662346 0.303679 0.961470 0.669031 0.736743 0.098015 0 -0.288653 0.136041 0.947719 0 0 0 0 1.000000 0.667904 -0.667871 0.328409 0.961471 0.684914 0.724231 0.079890 0 -0.291201 0.171573 0.941151 -0.000000 0 0 0 1.000000 0.656094 -0.669053 0.349154 0.961471 0.695931 0.715338 0.063016 -0.000000 -0.291924 0.201643 0.934944 0 0 0 0 1.000000 0.649489 -0.667312 0.364499 0.961471 0.702285 0.710217 0.048861 0.000000 -0.291479 0.224248 0.929921 0 0 0 0 1.000000 0.647871 -0.664054 0.373222 0.961470 0.704168 0.708959 0.039057 0.000000 -0.290535 0.237507 0.926919 0 0 0 0 1.000000 0.650988 -0.660436 0.374219 0.961471 0.701665 0.711631 0.035305 -0.000000 -0.289622 0.239593 0.926668 -0.000000 0 0 0 1.000000 0.658200 -0.657060 0.367486 0.961471 0.695168 0.717823 0.038351 0 -0.288989 0.230221 0.929238 -0.000000 0 0 0 1.000000 0.668439 -0.653851 0.354496 0.961471 0.685516 0.726513 0.047408 0 -0.288544 0.211323 0.933855 0 0 0 0 1.000000 0.681178 -0.650303 0.336308 0.961470 0.673117 0.736961 0.061655 -0.000000 -0.287940 0.184377 0.939732 0 0 0 0 1.000000 0.695898 -0.645965 0.313775 0.961470 0.658437 0.748340 0.080304 0 -0.286684 0.150718 0.946095 0 0 0 0 1.000000 0.712173 -0.640302 0.287790 0.961470 0.641863 0.759947 0.102432 0 -0.284293 0.111773 0.952200 0 0 0 0 1.000000 0.729833 -0.632463 0.259488 0.961471 0.623482 0.771489 0.126789 0.000000 -0.280382 0.069251 0.957387 -0.000000 0 0 0 1.000000 0.748644 -0.621762 0.230097 0.961470 0.603382 0.782809 0.152121 -0.000000 -0.274705 0.024952 0.961205 0 0 0 0 1.000000 0.768264 -0.607784 0.200921 0.961471 0.581693 0.793869 0.177216 0.000000 -0.267214 -0.019274 0.963445 -0.000000 0 0 0 1.000000 0.788123 -0.590577 0.173440 0.961470 0.558769 0.804647 0.200799 -0.000001 -0.258145 -0.061341 0.964157 0.000000 0 0 0 1.000000 0.808057 -0.570104 0.148408 0.961471 0.534486 0.815430 0.222256 -0.000000 -0.247726 -0.100274 0.963627 0 0 0 0 1.000000 0.827109 -0.547412 0.127406 0.961471 0.509744 0.826107 0.240227 -0.000000 -0.236754 -0.133749 0.962320 0.000000 0 0 0 1.000000 0.844810 -0.523402 0.111113 0.961470 0.485028 0.836795 0.254011 -0.000000 -0.225929 -0.160699 0.960798 0 0 0 0 1.000000 0.860609 -0.499338 0.100069 0.961471 0.461156 0.847484 0.262880 -0.000000 -0.216073 -0.180089 0.959625 0 0 0 0 1.000000 0.874015 -0.476622 0.094495 0.961470 0.439140 0.858065 0.266235 -0.000000 -0.207977 -0.191197 0.959265 0 0 0 0 1.000000 0.884604 -0.456706 0.094315 0.961470 0.420173 0.868293 0.263669 0 -0.202312 -0.193614 0.959991 0 0 0 0 1.000000 0.893562 -0.437632 0.100126 0.961470 0.402426 0.879667 0.253455 -0.000000 -0.198998 -0.186184 0.962151 0 0 0 0 1.000000 0.902688 -0.415859 0.110529 0.961470 0.382428 0.893093 0.236926 -0.000000 -0.197241 -0.171601 0.965220 0 0 0 0 1.000000 0.912030 -0.391086 0.123507 0.961471 0.359877 0.907571 0.216341 0 -0.196699 -0.152861 0.968474 0 0 0 0 1.000000 0.921314 -0.363553 0.137876 0.961470 0.335141 0.922301 0.192460 0 -0.197132 -0.131109 0.971570 0 0 0 0 1.000000 0.930367 -0.333588 0.152109 0.961470 0.308504 0.936479 0.166831 0.000000 -0.198100 -0.108288 0.974182 0 0 0 0 1.000000 0.939060 -0.301532 0.165059 0.961471 0.280140 0.949564 0.140890 0 -0.199217 -0.086064 0.976169 0.000000 0 0 0 1.000000 0.947294 -0.267790 0.175846 0.961470 0.250094 0.961189 0.116488 -0.000000 -0.200216 -0.066371 0.977501 -0.000000 0 0 0 1.000000 0.954694 -0.233395 0.184624 0.961470 0.219258 0.971139 0.093891 0 -0.201209 -0.049157 0.978314 0 0 0 0 1.000000 0.960676 -0.201246 0.191313 0.961470 0.190138 0.978893 0.074943 0 -0.202357 -0.035620 0.978664 0 0 0 0 1.000000 0.964173 -0.178566 0.196174 0.961470 0.169568 0.983574 0.061883 0 -0.204001 -0.026401 0.978615 0 0 0 0 1.000000 0.964549 -0.172503 0.199721 0.961470 0.164503 0.984779 0.056108 0 -0.206360 -0.021264 0.978245 0 0 0 0 1.000000 0.962204 -0.182102 0.202491 0.961470 0.174148 0.983092 0.056585 0 -0.209371 -0.019183 0.977648 0 0 0 0 1.000000 0.957542 -0.203034 0.204669 0.961470 0.194352 0.978978 0.061883 -0.000000 -0.212931 -0.019477 0.976873 0 0 0 0 1.000000 0.951263 -0.229200 0.206315 0.961470 0.219252 0.973141 0.070171 -0.000000 -0.216857 -0.021516 0.975966 0 0 0 0 1.000000 0.944166 -0.255957 0.207452 0.961470 0.244427 0.966372 0.079874 0 -0.220920 -0.024708 0.974979 0.000000 0 0 0 1.000000 0.937013 -0.280526 0.208116 0.961470 0.267294 0.959423 0.089782 -0.000000 -0.224858 -0.028499 0.973975 0 0 0 0 1.000000 0.930459 -0.301332 0.208434 0.961470 0.286494 0.952975 0.098789 0 -0.228401 -0.032204 0.973034 0 0 0 0 1.000000 0.925117 -0.317360 0.208428 0.961471 0.301127 0.947636 0.106341 0 -0.231262 -0.035614 0.972239 0 0 0 0 1.000000 0.921519 -0.327748 0.208289 0.961470 0.310540 0.943998 0.111502 -0.000000 -0.233169 -0.038069 0.971691 0 0 0 0 1.000000 0.920198 -0.331494 0.208199 0.961470 0.313918 0.942650 0.113427 0 -0.233859 -0.039017 0.971487 -0.000000 0 0 0 1.000000</float_array>
        <technique_common>
          <accessor source="#Bip01_R_Foot_matrix_Bip01_R_Foot_transform-output-array" count="71" stride="16">
            <param name="TRANSFORM" type="float4x4"/>
          </accessor>
        </technique_common>
      </source>
      <source id="Bip01_R_Foot_matrix_Bip01_R_Foot_transform-interpolations">
        <Name_array id="Bip01_R_Foot_matrix_Bip01_R_Foot_transform-interpolations-array" count="71">LINEAR LINEAR LINEAR LINEAR LINEAR LINEAR LINEAR LINEAR LINEAR LINEAR LINEAR LINEAR LINEAR LINEAR LINEAR LINEAR LINEAR LINEAR LINEAR LINEAR LINEAR LINEAR LINEAR LINEAR LINEAR LINEAR LINEAR LINEAR LINEAR LINEAR LINEAR LINEAR LINEAR LINEAR LINEAR LINEAR LINEAR LINEAR LINEAR LINEAR LINEAR LINEAR LINEAR LINEAR LINEAR LINEAR LINEAR LINEAR LINEAR LINEAR LINEAR LINEAR LINEAR LINEAR LINEAR LINEAR LINEAR LINEAR LINEAR LINEAR LINEAR LINEAR LINEAR LINEAR LINEAR LINEAR LINEAR LINEAR LINEAR LINEAR LINEAR</Name_array>
        <technique_common>
          <accessor source="#Bip01_R_Foot_matrix_Bip01_R_Foot_transform-interpolations-array" count="71" stride="1">
            <param name="INTERPOLATION" type="Name"/>
          </accessor>
        </technique_common>
      </source>
      <sampler id="Bip01_R_Foot_matrix_Bip01_R_Foot_transform-sampler">
        <input semantic="INPUT" source="#Bip01_R_Foot_matrix_Bip01_R_Foot_transform-input"/>
        <input semantic="OUTPUT" source="#Bip01_R_Foot_matrix_Bip01_R_Foot_transform-output"/>
        <input semantic="INTERPOLATION" source="#Bip01_R_Foot_matrix_Bip01_R_Foot_transform-interpolations"/>
      </sampler>
      <channel source="#Bip01_R_Foot_matrix_Bip01_R_Foot_transform-sampler" target="Bip01_R_Foot/transform"/>
    </animation>
    <animation id="Bip01_Tail_matrix">
      <source id="Bip01_Tail_matrix_Bip01_Tail_transform-input">
        <float_array id="Bip01_Tail_matrix_Bip01_Tail_transform-input-array" count="71">0 0.033333 0.066667 0.100000 0.133333 0.166667 0.200000 0.233333 0.266667 0.300000 0.333333 0.366667 0.400000 0.433333 0.466667 0.500000 0.533333 0.566667 0.600000 0.633333 0.666667 0.700000 0.733334 0.766667 0.800000 0.833334 0.866667 0.900000 0.933334 0.966667 1.000000 1.033334 1.066667 1.100000 1.133334 1.166667 1.200000 1.233333 1.266667 1.300000 1.333333 1.366667 1.400000 1.433333 1.466667 1.500000 1.533333 1.566666 1.600000 1.633333 1.666666 1.700000 1.733333 1.766666 1.800000 1.833333 1.866666 1.899999 1.933333 1.966666 1.999999 2.033333 2.066666 2.099999 2.133333 2.166666 2.199999 2.233333 2.266666 2.299999 2.333333</float_array>
        <technique_common>
          <accessor source="#Bip01_Tail_matrix_Bip01_Tail_transform-input-array" count="71" stride="1">
            <param name="TIME" type="float"/>
          </accessor>
        </technique_common>
        <technique profile="MAYA">
          <pre_infinity>CONSTANT</pre_infinity>
          <post_infinity>CONSTANT</post_infinity>
        </technique>
      </source>
      <source id="Bip01_Tail_matrix_Bip01_Tail_transform-output">
        <float_array id="Bip01_Tail_matrix_Bip01_Tail_transform-output-array" count="1136">-0.166799 -0.985991 -0.000003 -1.365355 0.985991 -0.166799 -0.000003 -0.441514 0.000003 -0.000003 1.000000 -0.000001 0 0 0 1.000000 -0.162637 -0.986685 0.001362 -1.365354 0.986675 -0.162642 -0.004601 -0.441515 0.004761 0.000595 0.999988 -0.000001 0 0 0 1.000000 -0.154859 -0.987935 0.001973 -1.365354 0.987888 -0.154870 -0.009651 -0.441519 0.009840 0.000454 0.999951 -0.000001 0 0 0 1.000000 -0.144357 -0.989524 0.001984 -1.365353 0.989409 -0.144371 -0.015037 -0.441524 0.015166 -0.000207 0.999885 -0.000001 0 0 0 1.000000 -0.132032 -0.991244 0.001559 -1.365352 0.991030 -0.132036 -0.020642 -0.441530 0.020667 -0.001180 0.999786 0 0 0 0 1.000000 -0.118783 -0.992920 0.000872 -1.365352 0.992573 -0.118764 -0.026348 -0.441536 0.026265 -0.002265 0.999652 0.000000 0 0 0 1.000000 -0.105517 -0.994418 0.000108 -1.365351 0.993906 -0.105466 -0.032045 -0.441543 0.031877 -0.003274 0.999486 0.000001 0 0 0 1.000000 -0.093144 -0.995652 -0.000531 -1.365350 0.994949 -0.093058 -0.037627 -0.441548 0.037414 -0.004033 0.999292 0.000001 0 0 0 1.000000 -0.082573 -0.996585 -0.000833 -1.365350 0.995667 -0.082461 -0.042995 -0.441554 0.042780 -0.004379 0.999075 0.000001 0 0 0 1.000000 -0.074717 -0.997205 -0.000574 -1.365349 0.996055 -0.074603 -0.048054 -0.441557 0.047876 -0.004163 0.998845 0.000001 0 0 0 1.000000 -0.070481 -0.997513 0.000476 -1.365349 0.996125 -0.070408 -0.052706 -0.441559 0.052608 -0.003240 0.998610 0.000001 0 0 0 1.000000 -0.070753 -0.997491 0.002540 -1.365349 0.995872 -0.070783 -0.056824 -0.441559 0.056861 -0.001491 0.998381 0 0 0 0 1.000000 -0.076487 -0.997053 0.005906 -1.365349 0.995225 -0.076704 -0.060358 -0.441556 0.060633 0.001261 0.998159 -0.000001 0 0 0 1.000000 -0.088521 -0.996016 0.010757 -1.365350 0.994030 -0.089025 -0.063087 -0.441551 0.063793 0.005108 0.997950 -0.000003 0 0 0 1.000000 -0.107750 -0.994027 0.017330 -1.365351 0.991962 -0.108656 -0.064843 -0.441541 0.066338 0.010203 0.997745 -0.000005 0 0 0 1.000000 -0.135022 -0.990506 0.025821 -1.365352 0.988487 -0.136451 -0.065377 -0.441528 0.068279 0.016697 0.997527 -0.000009 0 0 0 1.000000 -0.172664 -0.984259 0.037697 -1.365355 0.982475 -0.174827 -0.064646 -0.441509 0.070219 0.025875 0.997196 -0.000013 0 0 0 1.000000 -0.221118 -0.973767 0.053706 -1.365361 0.972520 -0.224281 -0.062478 -0.441486 0.072885 0.038415 0.996600 -0.000019 0 0 0 1.000000 -0.278249 -0.957739 0.072891 -1.365368 0.957457 -0.282610 -0.058383 -0.441458 0.076516 0.053545 0.995630 -0.000026 0 0 0 1.000000 -0.341773 -0.935046 0.094230 -1.365379 0.936259 -0.347450 -0.051942 -0.441427 0.081309 0.070472 0.994194 -0.000034 0 0 0 1.000000 -0.409296 -0.904914 0.116652 -1.365394 0.908210 -0.416314 -0.042877 -0.441394 0.087364 0.088395 0.992247 -0.000043 0 0 0 1.000000 -0.478393 -0.867064 0.139069 -1.365411 0.873030 -0.486674 -0.031105 -0.441360 0.094652 0.106531 0.989794 -0.000051 0 0 0 1.000000 -0.546298 -0.822109 0.160299 -1.365433 0.831242 -0.555655 -0.016862 -0.441328 0.102933 0.124036 0.986924 -0.000060 0 0 0 1.000000 -0.612129 -0.770057 0.179754 -1.365458 0.782782 -0.622296 -0.000223 -0.441295 0.112032 0.140571 0.983712 -0.000068 0 0 0 1.000000 -0.672813 -0.713320 0.196208 -1.365485 0.729801 -0.683424 0.017940 -0.441267 0.121296 0.155263 0.980398 -0.000075 0 0 0 1.000000 -0.727384 -0.653591 0.209121 -1.365513 0.673772 -0.738014 0.036970 -0.441241 0.130171 0.167791 0.977191 -0.000081 0 0 0 1.000000 -0.774940 -0.593241 0.218020 -1.365542 0.616794 -0.785131 0.055990 -0.441218 0.137959 0.177862 0.974337 -0.000086 0 0 0 1.000000 -0.815076 -0.534872 0.222627 -1.365570 0.561195 -0.824363 0.074062 -0.441200 0.143912 0.185303 0.972087 -0.000089 0 0 0 1.000000 -0.847824 -0.481184 0.222837 -1.365595 0.509417 -0.855774 0.090248 -0.441184 0.147272 0.190031 0.970669 -0.000091 0 0 0 1.000000 -0.873549 -0.434848 0.218678 -1.365618 0.463910 -0.879796 0.103670 -0.441174 0.147311 0.192007 0.970275 -0.000092 0 0 0 1.000000 -0.892784 -0.398412 0.210249 -1.365635 0.427064 -0.897062 0.113562 -0.441165 0.143362 0.191176 0.971030 -0.000092 0 0 0 1.000000 -0.907517 -0.371019 0.196871 -1.365648 0.397906 -0.909523 0.120161 -0.441159 0.134477 0.187385 0.973038 -0.000090 0 0 0 1.000000 -0.919640 -0.349922 0.178371 -1.365658 0.373825 -0.919144 0.124212 -0.441154 0.120484 0.180910 0.976092 -0.000087 0 0 0 1.000000 -0.929427 -0.334610 0.155568 -1.365665 0.354627 -0.926492 0.125903 -0.441151 0.102004 0.172187 0.979769 -0.000083 0 0 0 1.000000 -0.937019 -0.324493 0.129225 -1.365670 0.340061 -0.931990 0.125513 -0.441148 0.079709 0.161552 0.983640 -0.000078 0 0 0 1.000000 -0.942480 -0.318930 0.100072 -1.365672 0.329820 -0.935947 0.123380 -0.441146 0.054312 0.149289 0.987301 -0.000072 0 0 0 1.000000 -0.945837 -0.317263 0.068825 -1.365674 0.323554 -0.938585 0.119880 -0.441145 0.026564 0.135655 0.990400 -0.000065 0 0 0 1.000000 -0.947120 -0.318832 0.036197 -1.365673 0.320868 -0.940068 0.115397 -0.441144 -0.002765 0.120909 0.992660 -0.000058 0 0 0 1.000000 -0.946397 -0.322993 0.002910 -1.365671 0.321327 -0.940521 0.110311 -0.441144 -0.032892 0.105333 0.993893 -0.000051 0 0 0 1.000000 -0.943797 -0.329132 -0.030306 -1.365668 0.324457 -0.940057 0.104978 -0.441145 -0.063041 0.089245 0.994013 -0.000043 0 0 0 1.000000 -0.939530 -0.336675 -0.062714 -1.365664 0.329752 -0.938786 0.099719 -0.441145 -0.092448 0.073009 0.993037 -0.000035 0 0 0 1.000000 -0.933892 -0.345092 -0.093575 -1.365660 0.336679 -0.936834 0.094810 -0.441146 -0.120383 0.057037 0.991088 -0.000028 0 0 0 1.000000 -0.927270 -0.353904 -0.122154 -1.365656 0.344686 -0.934348 0.090476 -0.441147 -0.146154 0.041792 0.988379 -0.000021 0 0 0 1.000000 -0.920132 -0.362678 -0.147722 -1.365652 0.353209 -0.931501 0.086893 -0.441148 -0.169117 0.027777 0.985204 -0.000014 0 0 0 1.000000 -0.913055 -0.370974 -0.169442 -1.365648 0.361629 -0.928512 0.084199 -0.441150 -0.188564 0.015603 0.981937 -0.000008 0 0 0 1.000000 -0.906486 -0.378578 -0.186983 -1.365644 0.369537 -0.925552 0.082435 -0.441151 -0.204270 0.005630 0.978898 -0.000003 0 0 0 1.000000 -0.898827 -0.394384 -0.191238 -1.365637 0.385565 -0.918945 0.082940 -0.441155 -0.208448 0.000814 0.978033 -0.000001 0 0 0 1.000000 -0.887443 -0.425168 -0.177982 -1.365622 0.416416 -0.905112 0.085848 -0.441161 -0.197593 0.002071 0.980282 -0.000002 0 0 0 1.000000 -0.871028 -0.466785 -0.153042 -1.365602 0.458244 -0.884339 0.089208 -0.441171 -0.176982 0.007572 0.984185 -0.000004 0 0 0 1.000000 -0.848406 -0.515004 -0.122387 -1.365579 0.507092 -0.857051 0.091226 -0.441184 -0.151873 0.015335 0.988281 -0.000008 0 0 0 1.000000 -0.819313 -0.565880 -0.092234 -1.365555 0.559018 -0.824172 0.090771 -0.441199 -0.127383 0.022809 0.991591 -0.000011 0 0 0 1.000000 -0.782729 -0.619331 -0.061352 -1.365530 0.613868 -0.784517 0.087741 -0.441219 -0.102472 0.031015 0.994252 -0.000015 0 0 0 1.000000 -0.737046 -0.675357 -0.025635 -1.365503 0.671770 -0.736235 0.081755 -0.441242 -0.074087 0.043037 0.996323 -0.000021 0 0 0 1.000000 -0.682601 -0.730680 0.012769 -1.365477 0.729459 -0.680199 0.072244 -0.441269 -0.044102 0.058628 0.997305 -0.000029 0 0 0 1.000000 -0.620585 -0.782436 0.051662 -1.365452 0.784009 -0.617931 0.059093 -0.441298 -0.014314 0.077176 0.996915 -0.000037 0 0 0 1.000000 -0.553039 -0.828398 0.088909 -1.365430 0.833043 -0.551557 0.042701 -0.441330 0.013665 0.097680 0.995124 -0.000047 0 0 0 1.000000 -0.482747 -0.867142 0.122562 -1.365412 0.874913 -0.483686 0.023965 -0.441362 0.038501 0.118800 0.992172 -0.000057 0 0 0 1.000000 -0.413028 -0.898121 0.150955 -1.365396 0.908792 -0.417228 0.004211 -0.441394 0.059201 0.138926 0.988532 -0.000067 0 0 0 1.000000 -0.347496 -0.921629 0.172758 -1.365385 0.934668 -0.355209 -0.014924 -0.441423 0.075120 0.156286 0.984851 -0.000075 0 0 0 1.000000 -0.289825 -0.938641 0.186963 -1.365377 0.953217 -0.300627 -0.031635 -0.441449 0.085900 0.169048 0.981858 -0.000081 0 0 0 1.000000 -0.243561 -0.950530 0.192796 -1.365371 0.965573 -0.256363 -0.044111 -0.441470 0.091355 0.175415 0.980247 -0.000084 0 0 0 1.000000 -0.210189 -0.958989 0.190159 -1.365367 0.973348 -0.223514 -0.051328 -0.441486 0.091726 0.174303 0.980411 -0.000084 0 0 0 1.000000 -0.187806 -0.965486 0.180458 -1.365364 0.978251 -0.200338 -0.053763 -0.441497 0.088061 0.166436 0.982112 -0.000080 0 0 0 1.000000 -0.174529 -0.970715 0.165085 -1.365362 0.981299 -0.185297 -0.052131 -0.441505 0.081194 0.152899 0.984901 -0.000074 0 0 0 1.000000 -0.168339 -0.974966 0.145274 -1.365360 0.983111 -0.176792 -0.047296 -0.441508 0.071796 0.134859 0.988260 -0.000065 0 0 0 1.000000 -0.167175 -0.978326 0.122194 -1.365359 0.984071 -0.173175 -0.040184 -0.441510 0.060474 0.113530 0.991692 -0.000055 0 0 0 1.000000 -0.168983 -0.980833 0.097013 -1.365357 0.984456 -0.172744 -0.031710 -0.441510 0.047861 0.090146 0.994778 -0.000044 0 0 0 1.000000 -0.171755 -0.982583 0.070931 -1.365356 0.984530 -0.173736 -0.022732 -0.441510 0.034659 0.065929 0.997222 -0.000032 0 0 0 1.000000 -0.173549 -0.983788 0.045201 -1.365356 0.984587 -0.174334 -0.014018 -0.441510 0.021671 0.042072 0.998880 -0.000021 0 0 0 1.000000 -0.172498 -0.984783 0.021118 -1.365355 0.984961 -0.172663 -0.006244 -0.441511 0.009795 0.019723 0.999757 -0.000010 0 0 0 1.000000 -0.166799 -0.985991 -0.000003 -1.365355 0.985991 -0.166799 -0.000003 -0.441514 0.000003 -0.000003 1.000000 -0.000001 0 0 0 1.000000</float_array>
        <technique_common>
          <accessor source="#Bip01_Tail_matrix_Bip01_Tail_transform-output-array" count="71" stride="16">
            <param name="TRANSFORM" type="float4x4"/>
          </accessor>
        </technique_common>
      </source>
      <source id="Bip01_Tail_matrix_Bip01_Tail_transform-interpolations">
        <Name_array id="Bip01_Tail_matrix_Bip01_Tail_transform-interpolations-array" count="71">LINEAR LINEAR LINEAR LINEAR LINEAR LINEAR LINEAR LINEAR LINEAR LINEAR LINEAR LINEAR LINEAR LINEAR LINEAR LINEAR LINEAR LINEAR LINEAR LINEAR LINEAR LINEAR LINEAR LINEAR LINEAR LINEAR LINEAR LINEAR LINEAR LINEAR LINEAR LINEAR LINEAR LINEAR LINEAR LINEAR LINEAR LINEAR LINEAR LINEAR LINEAR LINEAR LINEAR LINEAR LINEAR LINEAR LINEAR LINEAR LINEAR LINEAR LINEAR LINEAR LINEAR LINEAR LINEAR LINEAR LINEAR LINEAR LINEAR LINEAR LINEAR LINEAR LINEAR LINEAR LINEAR LINEAR LINEAR LINEAR LINEAR LINEAR LINEAR</Name_array>
        <technique_common>
          <accessor source="#Bip01_Tail_matrix_Bip01_Tail_transform-interpolations-array" count="71" stride="1">
            <param name="INTERPOLATION" type="Name"/>
          </accessor>
        </technique_common>
      </source>
      <sampler id="Bip01_Tail_matrix_Bip01_Tail_transform-sampler">
        <input semantic="INPUT" source="#Bip01_Tail_matrix_Bip01_Tail_transform-input"/>
        <input semantic="OUTPUT" source="#Bip01_Tail_matrix_Bip01_Tail_transform-output"/>
        <input semantic="INTERPOLATION" source="#Bip01_Tail_matrix_Bip01_Tail_transform-interpolations"/>
      </sampler>
      <channel source="#Bip01_Tail_matrix_Bip01_Tail_transform-sampler" target="Bip01_Tail/transform"/>
    </animation>
    <animation id="Bip01_Tail1_matrix">
      <source id="Bip01_Tail1_matrix_Bip01_Tail1_transform-input">
        <float_array id="Bip01_Tail1_matrix_Bip01_Tail1_transform-input-array" count="71">0 0.033333 0.066667 0.100000 0.133333 0.166667 0.200000 0.233333 0.266667 0.300000 0.333333 0.366667 0.400000 0.433333 0.466667 0.500000 0.533333 0.566667 0.600000 0.633333 0.666667 0.700000 0.733334 0.766667 0.800000 0.833334 0.866667 0.900000 0.933334 0.966667 1.000000 1.033334 1.066667 1.100000 1.133334 1.166667 1.200000 1.233333 1.266667 1.300000 1.333333 1.366667 1.400000 1.433333 1.466667 1.500000 1.533333 1.566666 1.600000 1.633333 1.666666 1.700000 1.733333 1.766666 1.800000 1.833333 1.866666 1.899999 1.933333 1.966666 1.999999 2.033333 2.066666 2.099999 2.133333 2.166666 2.199999 2.233333 2.266666 2.299999 2.333333</float_array>
        <technique_common>
          <accessor source="#Bip01_Tail1_matrix_Bip01_Tail1_transform-input-array" count="71" stride="1">
            <param name="TIME" type="float"/>
          </accessor>
        </technique_common>
        <technique profile="MAYA">
          <pre_infinity>CONSTANT</pre_infinity>
          <post_infinity>CONSTANT</post_infinity>
        </technique>
      </source>
      <source id="Bip01_Tail1_matrix_Bip01_Tail1_transform-output">
        <float_array id="Bip01_Tail1_matrix_Bip01_Tail1_transform-output-array" count="1136">0.997412 0.071898 0.000000 0.599126 -0.071898 0.997412 0 -0.000410 -0.000000 0 1.000000 0 0 0 0 1.000000 0.997215 0.074483 0.003682 0.599125 -0.074478 0.997221 -0.001619 -0.000410 -0.003793 0.001340 0.999992 -0.000001 0 0 0 1.000000 0.996944 0.077676 0.008344 0.599124 -0.077649 0.996974 -0.003583 -0.000410 -0.008597 0.002924 0.999959 -0.000001 0 0 0 1.000000 0.996593 0.081329 0.013736 0.599122 -0.081256 0.996676 -0.005817 -0.000410 -0.014164 0.004681 0.999889 -0.000002 0 0 0 1.000000 0.996163 0.085294 0.019611 0.599121 -0.085147 0.996334 -0.008241 -0.000410 -0.020242 0.006540 0.999774 -0.000003 0 0 0 1.000000 0.995662 0.089420 0.025719 0.599119 -0.089169 0.995958 -0.010776 -0.000410 -0.026579 0.008436 0.999611 -0.000003 0 0 0 1.000000 0.995105 0.093557 0.031816 0.599117 -0.093173 0.995560 -0.013335 -0.000409 -0.032923 0.010305 0.999405 -0.000004 0 0 0 1.000000 0.994518 0.097550 0.037658 0.599115 -0.097013 0.995157 -0.015829 -0.000409 -0.039019 0.012089 0.999165 -0.000005 0 0 0 1.000000 0.993932 0.101246 0.043000 0.599114 -0.100545 0.994767 -0.018167 -0.000409 -0.044614 0.013734 0.998910 -0.000006 0 0 0 1.000000 0.993386 0.104490 0.047603 0.599113 -0.103627 0.994410 -0.020254 -0.000409 -0.049453 0.015187 0.998661 -0.000006 0 0 0 1.000000 0.992925 0.107126 0.051226 0.599112 -0.106119 0.994110 -0.021991 -0.000408 -0.053280 0.016399 0.998445 -0.000007 0 0 0 1.000000 0.992596 0.108988 0.053620 0.599111 -0.107873 0.993892 -0.023275 -0.000409 -0.055829 0.017318 0.998290 -0.000007 0 0 0 1.000000 0.992438 0.109947 0.054577 0.599110 -0.108774 0.993776 -0.024027 -0.000409 -0.056879 0.017909 0.998221 -0.000007 0 0 0 1.000000 0.992493 0.109823 0.053825 0.599111 -0.108657 0.993786 -0.024135 -0.000408 -0.056141 0.018105 0.998259 -0.000007 0 0 0 1.000000 0.992784 0.108469 0.051131 0.599111 -0.107384 0.993940 -0.023515 -0.000409 -0.053372 0.017854 0.998415 -0.000007 0 0 0 1.000000 0.993318 0.105734 0.046249 0.599112 -0.104804 0.994248 -0.022084 -0.000409 -0.048318 0.017090 0.998686 -0.000007 0 0 0 1.000000 0.994161 0.100932 0.038161 0.599114 -0.100249 0.994773 -0.019416 -0.000409 -0.039921 0.015477 0.999083 -0.000006 0 0 0 1.000000 0.995245 0.093761 0.026401 0.599117 -0.093380 0.995512 -0.015344 -0.000409 -0.027721 0.012806 0.999534 -0.000005 0 0 0 1.000000 0.996344 0.084653 0.011549 0.599121 -0.084537 0.996368 -0.010191 -0.000410 -0.012370 0.009177 0.999882 -0.000004 0 0 0 1.000000 0.997238 0.074040 -0.005809 0.599125 -0.074065 0.997244 -0.004280 -0.000410 0.005476 0.004698 0.999974 -0.000002 0 0 0 1.000000 0.997739 0.062354 -0.025078 0.599130 -0.062321 0.998054 0.002078 -0.000410 0.025159 -0.000510 0.999683 0.000000 0 0 0 1.000000 0.997704 0.050020 -0.045650 0.599135 -0.049678 0.998728 0.008589 -0.000410 0.046021 -0.006302 0.998921 0.000003 0 0 0 1.000000 0.997062 0.037534 -0.066767 0.599140 -0.036614 0.999218 0.014952 -0.000411 0.067276 -0.012463 0.997656 0.000005 0 0 0 1.000000 0.995787 0.025062 -0.088200 0.599145 -0.023291 0.999507 0.021048 -0.000411 0.088685 -0.018905 0.995880 0.000008 0 0 0 1.000000 0.993964 0.013226 -0.108910 0.599150 -0.010390 0.999593 0.026563 -0.000411 0.109217 -0.025271 0.993697 0.000010 0 0 0 1.000000 0.991722 0.002314 -0.128388 0.599155 0.001729 0.999507 0.031370 -0.000410 0.128397 -0.031332 0.991228 0.000013 0 0 0 1.000000 0.989258 -0.007322 -0.145996 0.599159 0.012611 0.999296 0.035334 -0.000411 0.145634 -0.036796 0.988654 0.000015 0 0 0 1.000000 0.986819 -0.015347 -0.161100 0.599162 0.021796 0.999027 0.038345 -0.000411 0.160355 -0.041351 0.986193 0.000017 0 0 0 1.000000 0.984675 -0.021434 -0.173074 0.599164 0.028826 0.998771 0.040308 -0.000411 0.171997 -0.044680 0.984084 0.000018 0 0 0 1.000000 0.983104 -0.025261 -0.181295 0.599167 0.033243 0.998601 0.041129 -0.000410 0.180002 -0.046461 0.982568 0.000019 0 0 0 1.000000 0.982353 -0.026493 -0.185149 0.599167 0.034602 0.998572 0.040702 -0.000410 0.183806 -0.046390 0.981867 0.000019 0 0 0 1.000000 0.982527 -0.025282 -0.184397 0.599167 0.033018 0.998693 0.039005 -0.000410 0.183170 -0.044412 0.982077 0.000018 0 0 0 1.000000 0.983494 -0.022128 -0.179583 0.599165 0.029082 0.998922 0.036183 -0.000410 0.178588 -0.040809 0.983077 0.000017 0 0 0 1.000000 0.985076 -0.017200 -0.171258 0.599163 0.023069 0.999211 0.032338 -0.000411 0.170567 -0.035806 0.984695 0.000015 0 0 0 1.000000 0.987063 -0.010661 -0.159976 0.599160 0.015262 0.999504 0.027559 -0.000410 0.159603 -0.029644 0.986736 0.000012 0 0 0 1.000000 0.989238 -0.002674 -0.146293 0.599157 0.005945 0.999742 0.021931 -0.000411 0.146196 -0.022564 0.988998 0.000009 0 0 0 1.000000 0.991391 0.006593 -0.130767 0.599153 -0.004599 0.999869 0.015545 -0.000411 0.130852 -0.014810 0.991291 0.000006 0 0 0 1.000000 0.993340 0.016957 -0.113962 0.599149 -0.016093 0.999834 0.008505 -0.000410 0.114087 -0.006614 0.993449 0.000003 0 0 0 1.000000 0.994938 0.028225 -0.096444 0.599144 -0.028266 0.999600 0.000932 -0.000411 0.096431 0.001799 0.995338 -0.000001 0 0 0 1.000000 0.996082 0.040182 -0.078778 0.599139 -0.040861 0.999140 -0.007033 -0.000410 0.078427 0.010225 0.996867 -0.000004 0 0 0 1.000000 0.996718 0.052601 -0.061529 0.599134 -0.053633 0.998445 -0.015227 -0.000410 0.060632 0.018477 0.997989 -0.000008 0 0 0 1.000000 0.996843 0.065240 -0.045255 0.599129 -0.066350 0.997521 -0.023463 -0.000410 0.043612 0.026392 0.998700 -0.000011 0 0 0 1.000000 0.996499 0.077842 -0.030506 0.599124 -0.078799 0.996392 -0.031535 -0.000409 0.027941 0.033828 0.999037 -0.000014 0 0 0 1.000000 0.995770 0.090140 -0.017824 0.599119 -0.090781 0.995098 -0.039215 -0.000409 0.014201 0.040667 0.999072 -0.000017 0 0 0 1.000000 0.994775 0.101791 -0.007790 0.599114 -0.102044 0.993705 -0.046221 -0.000409 0.003036 0.046775 0.998901 -0.000019 0 0 0 1.000000 0.993625 0.112731 -0.000763 0.599110 -0.112616 0.992255 -0.052424 -0.000408 -0.005153 0.052176 0.998625 -0.000021 0 0 0 1.000000 0.992238 0.124329 -0.002353 0.599105 -0.124260 0.990610 -0.057015 -0.000407 -0.004758 0.056865 0.998371 -0.000023 0 0 0 1.000000 0.990401 0.137430 -0.014781 0.599100 -0.138073 0.988631 -0.059539 -0.000406 0.006430 0.061009 0.998117 -0.000025 0 0 0 1.000000 0.988018 0.150596 -0.033779 0.599094 -0.152417 0.986488 -0.060085 -0.000406 0.024274 0.064514 0.997621 -0.000026 0 0 0 1.000000 0.985177 0.162456 -0.055077 0.599089 -0.165625 0.984429 -0.058896 -0.000405 0.044652 0.067145 0.996744 -0.000028 0 0 0 1.000000 0.982335 0.171697 -0.074422 0.599086 -0.176045 0.982765 -0.056402 -0.000404 0.063455 0.068507 0.995631 -0.000028 0 0 0 1.000000 0.979260 0.179726 -0.093538 0.599082 -0.185148 0.981288 -0.052864 -0.000404 0.082287 0.069086 0.994211 -0.000028 0 0 0 1.000000 0.975202 0.188471 -0.116015 0.599078 -0.195064 0.979602 -0.048267 -0.000403 0.104552 0.069700 0.992074 -0.000029 0 0 0 1.000000 0.970205 0.197435 -0.140432 0.599074 -0.205171 0.977791 -0.042785 -0.000402 0.128865 0.070323 0.989166 -0.000029 0 0 0 1.000000 0.964448 0.206128 -0.165381 0.599071 -0.214871 0.975955 -0.036648 -0.000401 0.153850 0.070880 0.985549 -0.000029 0 0 0 1.000000 0.958263 0.214074 -0.189484 0.599068 -0.223597 0.974215 -0.030141 -0.000401 0.178146 0.071251 0.981421 -0.000029 0 0 0 1.000000 0.952131 0.220807 -0.211400 0.599065 -0.230820 0.972710 -0.023604 -0.000400 0.200419 0.071270 0.977114 -0.000029 0 0 0 1.000000 0.946658 0.225870 -0.229827 0.599063 -0.236045 0.971586 -0.017412 -0.000399 0.219364 0.070733 0.973076 -0.000029 0 0 0 1.000000 0.942526 0.228810 -0.243497 0.599061 -0.238811 0.970993 -0.011958 -0.000399 0.233698 0.069421 0.969828 -0.000029 0 0 0 1.000000 0.940427 0.229164 -0.251159 0.599062 -0.238669 0.971071 -0.007628 -0.000399 0.242145 0.067117 0.967916 -0.000028 0 0 0 1.000000 0.940982 0.226444 -0.251547 0.599063 -0.235169 0.971943 -0.004766 -0.000399 0.243410 0.063641 0.967833 -0.000026 0 0 0 1.000000 0.944494 0.220108 -0.243892 0.599066 -0.227793 0.973704 -0.003399 -0.000400 0.236730 0.058767 0.969797 -0.000024 0 0 0 1.000000 0.950421 0.210291 -0.229081 0.599069 -0.216751 0.976222 -0.003115 -0.000401 0.222979 0.052614 0.973402 -0.000022 0 0 0 1.000000 0.957920 0.197488 -0.208297 0.599074 -0.202650 0.979245 -0.003523 -0.000403 0.203278 0.045586 0.978059 -0.000019 0 0 0 1.000000 0.966132 0.182208 -0.182727 0.599081 -0.186099 0.982522 -0.004230 -0.000404 0.178763 0.038092 0.983155 -0.000016 0 0 0 1.000000 0.974262 0.164995 -0.153593 0.599088 -0.167722 0.985822 -0.004879 -0.000405 0.150610 0.030514 0.988122 -0.000013 0 0 0 1.000000 0.981648 0.146436 -0.122161 0.599096 -0.148169 0.988948 -0.005175 -0.000407 0.120053 0.023181 0.992497 -0.000010 0 0 0 1.000000 0.987814 0.127161 -0.089740 0.599103 -0.128113 0.991747 -0.004906 -0.000408 0.088375 0.016344 0.995953 -0.000007 0 0 0 1.000000 0.992494 0.107842 -0.057669 0.599112 -0.108248 0.994116 -0.003955 -0.000409 0.056904 0.010168 0.998328 -0.000004 0 0 0 1.000000 0.995641 0.089181 -0.027306 0.599119 -0.089277 0.996004 -0.002297 -0.000409 0.026992 0.004725 0.999625 -0.000002 0 0 0 1.000000 0.997412 0.071898 0.000000 0.599126 -0.071898 0.997412 0 -0.000410 -0.000000 0 1.000000 0 0 0 0 1.000000</float_array>
        <technique_common>
          <accessor source="#Bip01_Tail1_matrix_Bip01_Tail1_transform-output-array" count="71" stride="16">
            <param name="TRANSFORM" type="float4x4"/>
          </accessor>
        </technique_common>
      </source>
      <source id="Bip01_Tail1_matrix_Bip01_Tail1_transform-interpolations">
        <Name_array id="Bip01_Tail1_matrix_Bip01_Tail1_transform-interpolations-array" count="71">LINEAR LINEAR LINEAR LINEAR LINEAR LINEAR LINEAR LINEAR LINEAR LINEAR LINEAR LINEAR LINEAR LINEAR LINEAR LINEAR LINEAR LINEAR LINEAR LINEAR LINEAR LINEAR LINEAR LINEAR LINEAR LINEAR LINEAR LINEAR LINEAR LINEAR LINEAR LINEAR LINEAR LINEAR LINEAR LINEAR LINEAR LINEAR LINEAR LINEAR LINEAR LINEAR LINEAR LINEAR LINEAR LINEAR LINEAR LINEAR LINEAR LINEAR LINEAR LINEAR LINEAR LINEAR LINEAR LINEAR LINEAR LINEAR LINEAR LINEAR LINEAR LINEAR LINEAR LINEAR LINEAR LINEAR LINEAR LINEAR LINEAR LINEAR LINEAR</Name_array>
        <technique_common>
          <accessor source="#Bip01_Tail1_matrix_Bip01_Tail1_transform-interpolations-array" count="71" stride="1">
            <param name="INTERPOLATION" type="Name"/>
          </accessor>
        </technique_common>
      </source>
      <sampler id="Bip01_Tail1_matrix_Bip01_Tail1_transform-sampler">
        <input semantic="INPUT" source="#Bip01_Tail1_matrix_Bip01_Tail1_transform-input"/>
        <input semantic="OUTPUT" source="#Bip01_Tail1_matrix_Bip01_Tail1_transform-output"/>
        <input semantic="INTERPOLATION" source="#Bip01_Tail1_matrix_Bip01_Tail1_transform-interpolations"/>
      </sampler>
      <channel source="#Bip01_Tail1_matrix_Bip01_Tail1_transform-sampler" target="Bip01_Tail1/transform"/>
    </animation>
    <animation id="Bip01_Tail2_matrix">
      <source id="Bip01_Tail2_matrix_Bip01_Tail2_transform-input">
        <float_array id="Bip01_Tail2_matrix_Bip01_Tail2_transform-input-array" count="71">0 0.033333 0.066667 0.100000 0.133333 0.166667 0.200000 0.233333 0.266667 0.300000 0.333333 0.366667 0.400000 0.433333 0.466667 0.500000 0.533333 0.566667 0.600000 0.633333 0.666667 0.700000 0.733334 0.766667 0.800000 0.833334 0.866667 0.900000 0.933334 0.966667 1.000000 1.033334 1.066667 1.100000 1.133334 1.166667 1.200000 1.233333 1.266667 1.300000 1.333333 1.366667 1.400000 1.433333 1.466667 1.500000 1.533333 1.566666 1.600000 1.633333 1.666666 1.700000 1.733333 1.766666 1.800000 1.833333 1.866666 1.899999 1.933333 1.966666 1.999999 2.033333 2.066666 2.099999 2.133333 2.166666 2.199999 2.233333 2.266666 2.299999 2.333333</float_array>
        <technique_common>
          <accessor source="#Bip01_Tail2_matrix_Bip01_Tail2_transform-input-array" count="71" stride="1">
            <param name="TIME" type="float"/>
          </accessor>
        </technique_common>
        <technique profile="MAYA">
          <pre_infinity>CONSTANT</pre_infinity>
          <post_infinity>CONSTANT</post_infinity>
        </technique>
      </source>
      <source id="Bip01_Tail2_matrix_Bip01_Tail2_transform-output">
        <float_array id="Bip01_Tail2_matrix_Bip01_Tail2_transform-output-array" count="1136">0.999645 0.010020 -0.024669 0.516108 -0.010017 0.999950 0.000267 -0.000415 0.024671 -0.000020 0.999696 0 0 0 0 1.000000 0.999576 0.023579 -0.017095 0.516103 -0.023681 0.999703 -0.005741 -0.000415 0.016955 0.006143 0.999837 -0.000003 0 0 0 1.000000 0.999215 0.038621 -0.008852 0.516096 -0.038743 0.999150 -0.014088 -0.000414 0.008300 0.014419 0.999862 -0.000006 0 0 0 1.000000 0.998497 0.054812 -0.000190 0.516090 -0.054800 0.998203 -0.024242 -0.000414 -0.001139 0.024216 0.999706 -0.000010 0 0 0 1.000000 0.997381 0.071805 0.008654 0.516082 -0.071454 0.996806 -0.035661 -0.000413 -0.011187 0.034949 0.999326 -0.000014 0 0 0 1.000000 0.995857 0.089241 0.017469 0.516075 -0.088321 0.994945 -0.047788 -0.000413 -0.021645 0.046047 0.998705 -0.000019 0 0 0 1.000000 0.993944 0.106748 0.026068 0.516068 -0.105034 0.992654 -0.060054 -0.000412 -0.032287 0.056952 0.997855 -0.000024 0 0 0 1.000000 0.991697 0.123941 0.034295 0.516061 -0.121245 0.990016 -0.071881 -0.000410 -0.042862 0.067126 0.996823 -0.000028 0 0 0 1.000000 0.989199 0.140429 0.042023 0.516054 -0.136628 0.987166 -0.082681 -0.000409 -0.053094 0.076047 0.995690 -0.000032 0 0 0 1.000000 0.986563 0.155814 0.049149 0.516048 -0.150876 0.984275 -0.091862 -0.000408 -0.062690 0.083213 0.994558 -0.000035 0 0 0 1.000000 0.983927 0.169698 0.055596 0.516042 -0.163703 0.981547 -0.098828 -0.000407 -0.071341 0.088138 0.993550 -0.000037 0 0 0 1.000000 0.981460 0.181612 0.061263 0.516037 -0.174769 0.979211 -0.102962 -0.000406 -0.078689 0.090346 0.992797 -0.000037 0 0 0 1.000000 0.979285 0.191364 0.066189 0.516033 -0.183994 0.977441 -0.103711 -0.000405 -0.084542 0.089384 0.992403 -0.000037 0 0 0 1.000000 0.977613 0.198355 0.070203 0.516030 -0.190909 0.976457 -0.100422 -0.000405 -0.088470 0.084771 0.992465 -0.000035 0 0 0 1.000000 0.976589 0.202263 0.073243 0.516028 -0.195281 0.976375 -0.092505 -0.000405 -0.090223 0.076037 0.993015 -0.000032 0 0 0 1.000000 0.976351 0.202705 0.075169 0.516028 -0.196778 0.977232 -0.079354 -0.000405 -0.089542 0.062686 0.994008 -0.000026 0 0 0 1.000000 0.977130 0.198759 0.075581 0.516030 -0.194669 0.979143 -0.058163 -0.000406 -0.085565 0.042119 0.995442 -0.000018 0 0 0 1.000000 0.978932 0.190227 0.074193 0.516033 -0.188665 0.981654 -0.027590 -0.000407 -0.078081 0.013011 0.996862 -0.000005 0 0 0 1.000000 0.981498 0.177847 0.070943 0.516038 -0.179037 0.983784 0.010728 -0.000408 -0.067885 -0.023231 0.997423 0.000010 0 0 0 1.000000 0.984533 0.162385 0.065766 0.516045 -0.166072 0.984573 0.055094 -0.000408 -0.055805 -0.065164 0.996313 0.000027 0 0 0 1.000000 0.987747 0.144627 0.058651 0.516052 -0.150123 0.983209 0.103743 -0.000408 -0.042662 -0.111277 0.992873 0.000046 0 0 0 1.000000 0.990866 0.125362 0.049681 0.516060 -0.131642 0.979125 0.154868 -0.000406 -0.029229 -0.159993 0.986685 0.000066 0 0 0 1.000000 0.993651 0.105484 0.039133 0.516068 -0.111326 0.972127 0.206338 -0.000403 -0.016277 -0.209385 0.977698 0.000087 0 0 0 1.000000 0.995982 0.085341 0.027138 0.516077 -0.089456 0.962165 0.257362 -0.000399 -0.004148 -0.258756 0.965934 0.000107 0 0 0 1.000000 0.997718 0.065968 0.014385 0.516085 -0.067207 0.949876 0.305317 -0.000394 0.006477 -0.305587 0.952142 0.000127 0 0 0 1.000000 0.998855 0.047814 0.001403 0.516092 -0.045297 0.936022 0.349014 -0.000388 0.015375 -0.348678 0.937116 0.000145 0 0 0 1.000000 0.999446 0.031367 -0.011110 0.516099 -0.024624 0.921704 0.387113 -0.000382 0.022383 -0.386625 0.921965 0.000160 0 0 0 1.000000 0.999604 0.017029 -0.022388 0.516105 -0.006101 0.908226 0.418436 -0.000376 0.027459 -0.418134 0.907970 0.000173 0 0 0 1.000000 0.999487 0.005146 -0.031623 0.516110 0.009364 0.896999 0.441934 -0.000372 0.030640 -0.442003 0.896490 0.000183 0 0 0 1.000000 0.999270 -0.003960 -0.038007 0.516114 0.020891 0.889420 0.456614 -0.000369 0.031996 -0.457074 0.888853 0.000190 0 0 0 1.000000 0.999120 -0.009933 -0.040760 0.516116 0.027640 0.886740 0.461442 -0.000368 0.031560 -0.462162 0.886234 0.000192 0 0 0 1.000000 0.999117 -0.013568 -0.039762 0.516118 0.030234 0.889337 0.456252 -0.000369 0.029172 -0.457052 0.888961 0.000190 0 0 0 1.000000 0.999238 -0.015922 -0.035633 0.516119 0.030055 0.896368 0.442290 -0.000372 0.024898 -0.443024 0.896164 0.000184 0 0 0 1.000000 0.999442 -0.016926 -0.028784 0.516119 0.027468 0.906901 0.420449 -0.000376 0.018988 -0.421005 0.906860 0.000175 0 0 0 1.000000 0.999671 -0.016473 -0.019665 0.516119 0.022861 0.919865 0.391568 -0.000382 0.011639 -0.391889 0.919939 0.000162 0 0 0 1.000000 0.999857 -0.014455 -0.008761 0.516118 0.016629 0.934146 0.356504 -0.000387 0.003031 -0.356599 0.934253 0.000148 0 0 0 1.000000 0.999936 -0.010791 0.003417 0.516116 0.009157 0.948656 0.316176 -0.000394 -0.006653 -0.316124 0.948694 0.000131 0 0 0 1.000000 0.999852 -0.005449 0.016339 0.516115 0.000807 0.962410 0.271600 -0.000399 -0.017205 -0.271546 0.962272 0.000113 0 0 0 1.000000 0.999564 0.001532 0.029478 0.516111 -0.008096 0.974577 0.223905 -0.000404 -0.028385 -0.224046 0.974165 0.000093 0 0 0 1.000000 0.999054 0.010037 0.042315 0.516108 -0.017275 0.984537 0.174325 -0.000408 -0.039911 -0.174891 0.983779 0.000073 0 0 0 1.000000 0.998323 0.019872 0.054367 0.516104 -0.026507 0.991905 0.124182 -0.000411 -0.051459 -0.125415 0.990769 0.000052 0 0 0 1.000000 0.997398 0.030767 0.065192 0.516099 -0.035634 0.996557 0.074856 -0.000414 -0.062664 -0.076984 0.995061 0.000032 0 0 0 1.000000 0.996327 0.042386 0.074409 0.516095 -0.044556 0.998621 0.027749 -0.000415 -0.073130 -0.030962 0.996842 0.000013 0 0 0 1.000000 0.995174 0.054346 0.081699 0.516090 -0.053232 0.998458 -0.015745 -0.000414 -0.082428 0.011320 0.996533 -0.000005 0 0 0 1.000000 0.994028 0.066158 0.086785 0.516085 -0.061614 0.996636 -0.054039 -0.000413 -0.090068 0.048369 0.994760 -0.000020 0 0 0 1.000000 0.992953 0.077623 0.089551 0.516080 -0.069889 0.993799 -0.086484 -0.000412 -0.095708 0.079616 0.992220 -0.000033 0 0 0 1.000000 0.992059 0.092360 0.085372 0.516074 -0.083063 0.990816 -0.106694 -0.000411 -0.094443 0.098756 0.990620 -0.000041 0 0 0 1.000000 0.991021 0.112449 0.072337 0.516065 -0.103902 0.988183 -0.112686 -0.000410 -0.084154 0.104159 0.990994 -0.000043 0 0 0 1.000000 0.989363 0.134959 0.054281 0.516056 -0.128518 0.985760 -0.108442 -0.000408 -0.068144 0.100312 0.992620 -0.000042 0 0 0 1.000000 0.986976 0.157019 0.034970 0.516047 -0.152965 0.983347 -0.098138 -0.000407 -0.049798 0.091510 0.994558 -0.000038 0 0 0 1.000000 0.984292 0.175636 0.017948 0.516039 -0.173485 0.981051 -0.086266 -0.000407 -0.032759 0.081797 0.996110 -0.000034 0 0 0 1.000000 0.981152 0.193224 0.002073 0.516032 -0.192561 0.978566 -0.073000 -0.000405 -0.016134 0.071224 0.997330 -0.000030 0 0 0 1.000000 0.976824 0.213493 -0.015379 0.516024 -0.214024 0.975224 -0.055952 -0.000404 0.003053 0.057947 0.998315 -0.000024 0 0 0 1.000000 0.971361 0.235240 -0.033475 0.516015 -0.236393 0.970988 -0.036067 -0.000403 0.024020 0.042947 0.998789 -0.000018 0 0 0 1.000000 0.964983 0.257235 -0.051357 0.516005 -0.258263 0.965968 -0.014377 -0.000400 0.045911 0.027137 0.998577 -0.000011 0 0 0 1.000000 0.958088 0.278220 -0.068267 0.515997 -0.278336 0.960451 0.007995 -0.000398 0.067792 0.011341 0.997635 -0.000005 0 0 0 1.000000 0.951240 0.296919 -0.083559 0.515988 -0.295438 0.954895 0.029851 -0.000396 0.088653 -0.003709 0.996055 0.000002 0 0 0 1.000000 0.945132 0.312050 -0.096695 0.515982 -0.308517 0.949907 0.049945 -0.000394 0.107437 -0.017372 0.994060 0.000007 0 0 0 1.000000 0.940538 0.322322 -0.107224 0.515979 -0.316617 0.946184 0.067008 -0.000392 0.123052 -0.029075 0.991974 0.000012 0 0 0 1.000000 0.938231 0.326433 -0.114733 0.515977 -0.318839 0.944445 0.079779 -0.000392 0.134402 -0.038270 0.990188 0.000016 0 0 0 1.000000 0.938895 0.323059 -0.118786 0.515978 -0.314265 0.945338 0.087027 -0.000392 0.140408 -0.044379 0.989099 0.000018 0 0 0 1.000000 0.942882 0.311129 -0.119046 0.515983 -0.302042 0.949183 0.088438 -0.000394 0.140512 -0.047429 0.988942 0.000020 0 0 0 1.000000 0.949588 0.291310 -0.115844 0.515991 -0.282718 0.955420 0.085102 -0.000396 0.135470 -0.048060 0.989615 0.000020 0 0 0 1.000000 0.958034 0.264870 -0.109615 0.516003 -0.257366 0.963162 0.077979 -0.000399 0.126231 -0.046495 0.990911 0.000019 0 0 0 1.000000 0.967213 0.233112 -0.100780 0.516015 -0.227055 0.971501 0.068050 -0.000403 0.113771 -0.042936 0.992579 0.000018 0 0 0 1.000000 0.976203 0.197396 -0.089794 0.516030 -0.192905 0.979601 0.056290 -0.000406 0.099074 -0.037629 0.994368 0.000016 0 0 0 1.000000 0.984234 0.159136 -0.077190 0.516046 -0.156125 0.986773 0.043634 -0.000409 0.083113 -0.030895 0.996061 0.000013 0 0 0 1.000000 0.990760 0.119794 -0.063597 0.516063 -0.118021 0.992528 0.030958 -0.000412 0.066830 -0.023166 0.997496 0.000010 0 0 0 1.000000 0.995484 0.080850 -0.049748 0.516079 -0.079989 0.996614 0.019055 -0.000414 0.051120 -0.014989 0.998580 0.000006 0 0 0 1.000000 0.998375 0.043777 -0.036471 0.516094 -0.043490 0.999016 0.008623 -0.000414 0.036813 -0.007023 0.999297 0.000003 0 0 0 1.000000 0.999645 0.010020 -0.024669 0.516108 -0.010017 0.999950 0.000267 -0.000415 0.024671 -0.000020 0.999696 0 0 0 0 1.000000</float_array>
        <technique_common>
          <accessor source="#Bip01_Tail2_matrix_Bip01_Tail2_transform-output-array" count="71" stride="16">
            <param name="TRANSFORM" type="float4x4"/>
          </accessor>
        </technique_common>
      </source>
      <source id="Bip01_Tail2_matrix_Bip01_Tail2_transform-interpolations">
        <Name_array id="Bip01_Tail2_matrix_Bip01_Tail2_transform-interpolations-array" count="71">LINEAR LINEAR LINEAR LINEAR LINEAR LINEAR LINEAR LINEAR LINEAR LINEAR LINEAR LINEAR LINEAR LINEAR LINEAR LINEAR LINEAR LINEAR LINEAR LINEAR LINEAR LINEAR LINEAR LINEAR LINEAR LINEAR LINEAR LINEAR LINEAR LINEAR LINEAR LINEAR LINEAR LINEAR LINEAR LINEAR LINEAR LINEAR LINEAR LINEAR LINEAR LINEAR LINEAR LINEAR LINEAR LINEAR LINEAR LINEAR LINEAR LINEAR LINEAR LINEAR LINEAR LINEAR LINEAR LINEAR LINEAR LINEAR LINEAR LINEAR LINEAR LINEAR LINEAR LINEAR LINEAR LINEAR LINEAR LINEAR LINEAR LINEAR LINEAR</Name_array>
        <technique_common>
          <accessor source="#Bip01_Tail2_matrix_Bip01_Tail2_transform-interpolations-array" count="71" stride="1">
            <param name="INTERPOLATION" type="Name"/>
          </accessor>
        </technique_common>
      </source>
      <sampler id="Bip01_Tail2_matrix_Bip01_Tail2_transform-sampler">
        <input semantic="INPUT" source="#Bip01_Tail2_matrix_Bip01_Tail2_transform-input"/>
        <input semantic="OUTPUT" source="#Bip01_Tail2_matrix_Bip01_Tail2_transform-output"/>
        <input semantic="INTERPOLATION" source="#Bip01_Tail2_matrix_Bip01_Tail2_transform-interpolations"/>
      </sampler>
      <channel source="#Bip01_Tail2_matrix_Bip01_Tail2_transform-sampler" target="Bip01_Tail2/transform"/>
    </animation>
  </library_animations>
  <library_images>
    <image id="Map__4" name="Map__4">
      <init_from>file:///C:/Works/Elephant/Zou-tex.dds</init_from>
    </image>
    <image id="Map__5" name="Map__5">
      <init_from>file:///C:/Works/Elephant/ELPHSKIN.JPG</init_from>
    </image>
    <image id="Map__2" name="Map__2">
      <init_from>file:///D:/ship/edge/latest/samples/edge/character-sample/ELETUSK.JPG</init_from>
    </image>
    <image id="Map__1" name="Map__1">
      <init_from>file:///D:/ship/edge/latest/samples/edge/character-sample/LAKEREM.JPG</init_from>
    </image>
  </library_images>
  <library_materials>
    <material id="Zou" name="Zou">
      <instance_effect url="#Zou-fx"/>
    </material>
    <material id="Ele_Tuskh" name="Ele_Tuskh">
      <instance_effect url="#Ele_Tuskh-fx"/>
    </material>
    <material id="ElepEYE" name="ElepEYE">
      <instance_effect url="#ElepEYE-fx"/>
    </material>
    <material id="___Default" name="___Default">
      <instance_effect url="#___Default-fx"/>
    </material>
  </library_materials>
  <library_effects>
    <effect id="Zou-fx">
      <profile_COMMON>
        <newparam sid="Map__4-surface">
          <surface type="2D">
            <init_from>Map__4</init_from>
            <format>A8R8G8B8</format>
          </surface>
        </newparam>
        <newparam sid="Map__4-sampler">
          <sampler2D>
            <source>Map__4-surface</source>
            <minfilter>LINEAR_MIPMAP_LINEAR</minfilter>
            <magfilter>LINEAR</magfilter>
          </sampler2D>
        </newparam>
        <newparam sid="Map__5-surface">
          <surface type="2D">
            <init_from>Map__5</init_from>
            <format>A8R8G8B8</format>
          </surface>
        </newparam>
        <newparam sid="Map__5-sampler">
          <sampler2D>
            <source>Map__5-surface</source>
            <minfilter>LINEAR_MIPMAP_LINEAR</minfilter>
            <magfilter>LINEAR</magfilter>
          </sampler2D>
        </newparam>
        <technique sid="common">
          <phong>
            <emission>
              <color>0 0 0 1.000000</color>
            </emission>
            <ambient>
              <color>1.000000 1.000000 1.000000 1.000000</color>
            </ambient>
            <diffuse>
              <texture texture="Map__4-sampler" texcoord="TEX0">
                <extra>
                  <technique profile="MAYA">
                    <wrapU>1</wrapU>
                    <wrapV>1</wrapV>
                    <mirrorU>0</mirrorU>
                    <mirrorV>0</mirrorV>
                    <coverageU>1.000000</coverageU>
                    <coverageV>1.000000</coverageV>
                    <translateFrameU>0</translateFrameU>
                    <translateFrameV>0</translateFrameV>
                    <rotateFrame>0</rotateFrame>
                    <stagger>0</stagger>
                    <fast>0</fast>
                    <repeatU>1.000000</repeatU>
                    <repeatV>1.000000</repeatV>
                    <offsetU>0</offsetU>
                    <offsetV>0</offsetV>
                    <rotateUV>0</rotateUV>
                    <noiseU>0</noiseU>
                    <noiseV>0</noiseV>
                    <blend_mode>NONE</blend_mode>
                  </technique>
                </extra>
              </texture>
            </diffuse>
            <specular>
              <color>0 0 0 1.000000</color>
            </specular>
            <shininess>
              <float>27.857616</float>
            </shininess>
            <reflective>
              <color>0 0 0 1.000000</color>
            </reflective>
            <reflectivity>
              <float>0.500000</float>
            </reflectivity>
            <transparent opaque="RGB_ZERO">
              <color>0 0 0 1.000000</color>
            </transparent>
            <transparency>
              <float>1.000000</float>
            </transparency>
            <index_of_refraction>
              <float>0</float>
            </index_of_refraction>
          </phong>
          <extra>
            <technique profile="FCOLLADA">
              <bump>
                <texture texture="Map__5-sampler" texcoord="TEX1">
                  <extra>
                    <technique profile="MAYA">
                      <wrapU>1</wrapU>
                      <wrapV>1</wrapV>
                      <mirrorU>0</mirrorU>
                      <mirrorV>0</mirrorV>
                      <coverageU>1.000000</coverageU>
                      <coverageV>1.000000</coverageV>
                      <translateFrameU>0</translateFrameU>
                      <translateFrameV>0</translateFrameV>
                      <rotateFrame>0</rotateFrame>
                      <stagger>0</stagger>
                      <fast>0</fast>
                      <repeatU>1.000000</repeatU>
                      <repeatV>1.000000</repeatV>
                      <offsetU>0</offsetU>
                      <offsetV>0</offsetV>
                      <rotateUV>0</rotateUV>
                      <noiseU>0</noiseU>
                      <noiseV>0</noiseV>
                      <blend_mode>NONE</blend_mode>
                    </technique>
                  </extra>
                </texture>
              </bump>
            </technique>
          </extra>
        </technique>
      </profile_COMMON>
    </effect>
    <effect id="Ele_Tuskh-fx">
      <profile_COMMON>
        <newparam sid="Map__2-surface">
          <surface type="2D">
            <init_from>Map__2</init_from>
            <format>A8R8G8B8</format>
          </surface>
        </newparam>
        <newparam sid="Map__2-sampler">
          <sampler2D>
            <source>Map__2-surface</source>
            <minfilter>LINEAR_MIPMAP_LINEAR</minfilter>
            <magfilter>LINEAR</magfilter>
          </sampler2D>
        </newparam>
        <technique sid="common">
          <phong>
            <emission>
              <color>0 0 0 1.000000</color>
            </emission>
            <ambient>
              <color>0.960784 0.929412 0.843137 1.000000</color>
            </ambient>
            <diffuse>
              <texture texture="Map__2-sampler" texcoord="TEX0">
                <extra>
                  <technique profile="MAYA">
                    <wrapU>1</wrapU>
                    <wrapV>1</wrapV>
                    <mirrorU>0</mirrorU>
                    <mirrorV>0</mirrorV>
                    <coverageU>1.000000</coverageU>
                    <coverageV>1.000000</coverageV>
                    <translateFrameU>0</translateFrameU>
                    <translateFrameV>0</translateFrameV>
                    <rotateFrame>90.000000</rotateFrame>
                    <stagger>0</stagger>
                    <fast>0</fast>
                    <repeatU>1.000000</repeatU>
                    <repeatV>1.000000</repeatV>
                    <offsetU>0</offsetU>
                    <offsetV>1.000000</offsetV>
                    <rotateUV>0</rotateUV>
                    <noiseU>0</noiseU>
                    <noiseV>0</noiseV>
                    <blend_mode>NONE</blend_mode>
                  </technique>
                </extra>
              </texture>
            </diffuse>
            <specular>
              <color>0.200000 0.200000 0.200000 1.000000</color>
            </specular>
            <shininess>
              <float>1.515717</float>
            </shininess>
            <reflective>
              <color>0 0 0 1.000000</color>
            </reflective>
            <reflectivity>
              <float>0.500000</float>
            </reflectivity>
            <transparent opaque="RGB_ZERO">
              <color>0 0 0 1.000000</color>
            </transparent>
            <transparency>
              <float>1.000000</float>
            </transparency>
            <index_of_refraction>
              <float>0</float>
            </index_of_refraction>
          </phong>
          <extra>
            <technique profile="FCOLLADA">
              <bump>
                <texture texture="Map__2-sampler" texcoord="TEX1">
                  <extra>
                    <technique profile="MAYA">
                      <wrapU>1</wrapU>
                      <wrapV>1</wrapV>
                      <mirrorU>0</mirrorU>
                      <mirrorV>0</mirrorV>
                      <coverageU>1.000000</coverageU>
                      <coverageV>1.000000</coverageV>
                      <translateFrameU>0</translateFrameU>
                      <translateFrameV>0</translateFrameV>
                      <rotateFrame>90.000000</rotateFrame>
                      <stagger>0</stagger>
                      <fast>0</fast>
                      <repeatU>1.000000</repeatU>
                      <repeatV>1.000000</repeatV>
                      <offsetU>0</offsetU>
                      <offsetV>1.000000</offsetV>
                      <rotateUV>0</rotateUV>
                      <noiseU>0</noiseU>
                      <noiseV>0</noiseV>
                      <blend_mode>NONE</blend_mode>
                    </technique>
                  </extra>
                </texture>
              </bump>
            </technique>
          </extra>
        </technique>
      </profile_COMMON>
    </effect>
    <effect id="ElepEYE-fx">
      <profile_COMMON>
        <newparam sid="Map__1-surface">
          <surface type="2D">
            <init_from>Map__1</init_from>
            <format>A8R8G8B8</format>
          </surface>
        </newparam>
        <newparam sid="Map__1-sampler">
          <sampler2D>
            <source>Map__1-surface</source>
            <minfilter>LINEAR_MIPMAP_LINEAR</minfilter>
            <magfilter>LINEAR</magfilter>
          </sampler2D>
        </newparam>
        <technique sid="common">
          <phong>
            <emission>
              <color>0 0 0 1.000000</color>
            </emission>
            <ambient>
              <color>0.007843 0.007843 0.011765 1.000000</color>
            </ambient>
            <diffuse>
              <color>0.007843 0.007843 0.011765 1.000000</color>
            </diffuse>
            <specular>
              <color>0.898039 0.898039 0.898039 1.000000</color>
            </specular>
            <shininess>
              <float>127.999992</float>
            </shininess>
            <reflective>
              <texture texture="Map__1-sampler" texcoord="TEX0">
                <extra>
                  <technique profile="MAYA">
                    <wrapU>1</wrapU>
                    <wrapV>1</wrapV>
                    <mirrorU>0</mirrorU>
                    <mirrorV>0</mirrorV>
                    <coverageU>1.000000</coverageU>
                    <coverageV>1.000000</coverageV>
                    <translateFrameU>0</translateFrameU>
                    <translateFrameV>0</translateFrameV>
                    <rotateFrame>0</rotateFrame>
                    <stagger>0</stagger>
                    <fast>0</fast>
                    <repeatU>1.000000</repeatU>
                    <repeatV>1.000000</repeatV>
                    <offsetU>0</offsetU>
                    <offsetV>0</offsetV>
                    <rotateUV>0</rotateUV>
                    <noiseU>0</noiseU>
                    <noiseV>0</noiseV>
                    <blend_mode>NONE</blend_mode>
                  </technique>
                </extra>
              </texture>
            </reflective>
            <reflectivity>
              <float>0.500000</float>
            </reflectivity>
            <transparent opaque="RGB_ZERO">
              <color>0 0 0 1.000000</color>
            </transparent>
            <transparency>
              <float>1.000000</float>
            </transparency>
            <index_of_refraction>
              <float>0</float>
            </index_of_refraction>
          </phong>
          <extra>
            <technique profile="FCOLLADA"/>
          </extra>
        </technique>
      </profile_COMMON>
    </effect>
    <effect id="___Default-fx">
      <profile_COMMON>
        <technique sid="common">
          <phong>
            <emission>
              <color>0 0 0 1.000000</color>
            </emission>
            <ambient>
              <color>0.588235 0.588235 0.588235 1.000000</color>
            </ambient>
            <diffuse>
              <color>0.588235 0.588235 0.588235 1.000000</color>
            </diffuse>
            <specular>
              <color>0 0 0 1.000000</color>
            </specular>
            <shininess>
              <float>2.000000</float>
            </shininess>
            <reflective>
              <color>0 0 0 1.000000</color>
            </reflective>
            <reflectivity>
              <float>0.500000</float>
            </reflectivity>
            <transparent opaque="RGB_ZERO">
              <color>0 0 0 1.000000</color>
            </transparent>
            <transparency>
              <float>1.000000</float>
            </transparency>
            <index_of_refraction>
              <float>0</float>
            </index_of_refraction>
          </phong>
          <extra>
            <technique profile="FCOLLADA"/>
          </extra>
        </technique>
      </profile_COMMON>
    </effect>
  </library_effects>
  <library_visual_scenes>
    <visual_scene id="VisualSceneNode" name="rear">
      <node id="Zou_CTL1" name="Zou_CTL1" type="NODE">
        <matrix sid="transform">0 0 1.000000 0.000000 0 1.000000 0 2.721298 -1.000000 0 0 0.130000 0 0 0 1.000000</matrix>
      </node>
      <node id="Zou_CTL" name="Zou_CTL" type="JOINT">
        <matrix sid="transform">0 0 1.000000 0.000000 0 1.000000 0 2.721298 -1.000000 0 0 0.130000 0 0 0 1.000000</matrix>
        <node id="Bip01" name="Bip01" type="JOINT">
          <matrix sid="transform">0 0.000001 -1.000000 1.341382 -1.000000 0 0 -0.305588 0 1.000000 0.000001 -0.000000 0 0 0 1.000000</matrix>
          <node id="Bip01_Pelvis" name="Bip01_Pelvis" type="JOINT">
            <matrix sid="transform">0 1.000000 -0.000001 0 0 0.000001 1.000000 0 1.000000 0 0 0 0 0 0 1.000000</matrix>
            <node id="Bip01_Spine" name="Bip01_Spine" type="JOINT">
              <matrix sid="transform">0.996264 0.086362 -0.000001 0.542830 -0.086362 0.996264 0.000004 -0.215382 0.000002 -0.000004 1.000000 0.000001 0 0 0 1.000000</matrix>
              <node id="Bip01_Spine1" name="Bip01_Spine1" type="JOINT">
                <matrix sid="transform">0.996195 0.087156 0.000000 0.794419 -0.087156 0.996195 0 -0.000630 -0.000000 0 1.000000 0 0 0 0 1.000000</matrix>
                <node id="Bip01_Spine2" name="Bip01_Spine2" type="JOINT">
                  <matrix sid="transform">0.996195 0.087156 0.000000 0.794419 -0.087156 0.996195 0 -0.000630 -0.000000 0 1.000000 0 0 0 0 1.000000</matrix>
                  <node id="Bip01_Neck" name="Bip01_Neck" type="JOINT">
                    <matrix sid="transform">1.000000 0 0 0.908116 0 1.000000 0 0.031482 0 0 1.000000 0 0 0 0 1.000000</matrix>
                    <node id="Bip01_Head" name="Bip01_Head" type="JOINT">
                      <matrix sid="transform">0.818694 0.574230 0.000002 0.311891 -0.574230 0.818694 -0.000001 -0.000000 -0.000002 -0.000001 1.000000 0 0 0 0 1.000000</matrix>
                      <node id="Bip01_Ponytail1" name="Bip01_Ponytail1" type="JOINT">
                        <matrix sid="transform">-0.250860 0.968023 0.000003 0.787456 0.968023 0.250860 0.000004 1.064349 0.000003 0.000003 -1.000000 0.000007 0 0 0 1.000000</matrix>
                        <node id="Bip01_Ponytail11" name="Bip01_Ponytail11" type="JOINT">
                          <matrix sid="transform">0.967251 0.253823 0.000001 0.615828 -0.253823 0.967251 0 -0.000475 -0.000001 0 1.000000 0 0 0 0 1.000000</matrix>
                          <node id="Bip01_Ponytail12" name="Bip01_Ponytail12" type="JOINT">
                            <matrix sid="transform">0.949580 0.313525 0.000001 0.615798 -0.313525 0.949580 -0.000000 -0.000465 -0.000001 -0.000000 1.000000 0 0 0 0 1.000000</matrix>
                            <node id="Bip01_Ponytail13" name="Bip01_Ponytail13" type="JOINT">
                              <matrix sid="transform">0.972384 0.233387 0.000001 0.615837 -0.233387 0.972384 0 -0.000477 -0.000001 0 1.000000 0 0 0 0 1.000000</matrix>
                              <node id="Bip01_Ponytail14" name="Bip01_Ponytail14" type="JOINT">
                                <matrix sid="transform">0.991202 0.132356 0.000000 0.615887 -0.132356 0.991202 0 -0.000486 -0.000000 0 1.000000 0 0 0 0 1.000000</matrix>
                              </node>
                            </node>
                          </node>
                        </node>
                      </node>
                      <node id="Mimi_L_Bone" name="Mimi_L_Bone" type="JOINT">
                        <matrix sid="transform">0.181025 0.049655 0.982224 0.381765 -0.704594 -0.690220 0.164751 0.025698 0.686131 -0.721894 -0.089961 0.614096 0 0 0 1.000000</matrix>
                      </node>
                      <node id="Mimi_R_Bone" name="Mimi_R_Bone" type="JOINT">
                        <matrix sid="transform">0.181024 -0.049656 0.982224 0.381764 -0.704592 0.690223 0.164751 0.025700 -0.686135 -0.721891 0.089960 -0.614104 0 0 0 1.000000</matrix>
                      </node>
                    </node>
                    <node id="Bip01_L_Clavicle" name="Bip01_L_Clavicle" type="JOINT">
                      <matrix sid="transform">-0.383638 -0.000254 0.923484 -0.269566 0.875340 -0.318765 0.363550 -0.073129 0.294282 0.947834 0.122512 0.228309 0 0 0 1.000000</matrix>
                      <node id="Bip01_L_UpperArm" name="Bip01_L_UpperArm" type="JOINT">
                        <matrix sid="transform">0.955044 -0.258766 0.144673 0.893299 -0.119208 0.111613 0.986576 0 -0.271440 -0.959470 0.075748 0 0 0 0 1.000000</matrix>
                        <node id="Bip01_L_Forearm" name="Bip01_L_Forearm" type="JOINT">
                          <matrix sid="transform">0.704857 0.709349 0 0.968692 -0.709349 0.704857 0 0.000000 0 0 1.000000 0 0 0 0 1.000000</matrix>
                          <node id="Bip01_L_Hand" name="Bip01_L_Hand" type="JOINT">
                            <matrix sid="transform">0.914915 0.372128 -0.156368 0.980342 0.372951 -0.927510 -0.025159 0 -0.154395 -0.035299 -0.987378 0 0 0 0 1.000000</matrix>
                          </node>
                        </node>
                      </node>
                    </node>
                    <node id="Bip01_R_Clavicle" name="Bip01_R_Clavicle" type="JOINT">
                      <matrix sid="transform">-0.383638 -0.000254 -0.923484 -0.269566 0.875342 -0.318759 -0.363551 -0.073128 -0.294277 -0.947836 0.122510 -0.228310 0 0 0 1.000000</matrix>
                      <node id="Bip01_R_UpperArm" name="Bip01_R_UpperArm" type="JOINT">
                        <matrix sid="transform">0.945221 -0.285841 -0.157647 0.893298 -0.127750 0.120503 -0.984459 0 0.300396 0.950670 0.077386 -0.000000 0 0 0 1.000000</matrix>
                        <node id="Bip01_R_Forearm" name="Bip01_R_Forearm" type="JOINT">
                          <matrix sid="transform">0.673154 0.739502 0 0.968692 -0.739502 0.673154 0 0 0 0 1.000000 0 0 0 0 1.000000</matrix>
                          <node id="Bip01_R_Hand" name="Bip01_R_Hand" type="JOINT">
                            <matrix sid="transform">0.921856 0.359778 0.144016 0.980342 0.361036 -0.932374 0.018218 0.000000 0.140831 0.035201 -0.989408 0 0 0 0 1.000000</matrix>
                          </node>
                        </node>
                      </node>
                    </node>
                  </node>
                </node>
              </node>
              <node id="Bip01_L_Thigh" name="Bip01_L_Thigh" type="JOINT">
                <matrix sid="transform">0.072880 0.993497 -0.087484 -0.559403 0.983044 -0.056760 0.174362 0.167696 0.168263 -0.098708 -0.980788 0.498668 0 0 0 1.000000</matrix>
                <node id="Bip01_L_Calf" name="Bip01_L_Calf" type="JOINT">
                  <matrix sid="transform">0.782477 0.622679 0 1.191517 -0.622679 0.782477 0 0 0 0 1.000000 0 0 0 0 1.000000</matrix>
                  <node id="Bip01_L_Foot" name="Bip01_L_Foot" type="JOINT">
                    <matrix sid="transform">0.850049 -0.490021 -0.193126 0.961470 0.494530 0.868724 -0.027538 0 0.181267 -0.072098 0.980787 -0.000000 0 0 0 1.000000</matrix>
                  </node>
                </node>
              </node>
              <node id="Bip01_R_Thigh" name="Bip01_R_Thigh" type="JOINT">
                <matrix sid="transform">0.244363 0.969504 -0.018675 -0.559403 0.941110 -0.241759 -0.236355 0.167699 -0.233662 0.040181 -0.971487 -0.498667 0 0 0 1.000000</matrix>
                <node id="Bip01_R_Calf" name="Bip01_R_Calf" type="JOINT">
                  <matrix sid="transform">0.784356 0.620310 0 1.191516 -0.620311 0.784356 0 0.000000 0 0 1.000000 0 0 0 0 1.000000</matrix>
                  <node id="Bip01_R_Foot" name="Bip01_R_Foot" type="JOINT">
                    <matrix sid="transform">0.920198 -0.331494 0.208199 0.961470 0.313918 0.942650 0.113427 0 -0.233859 -0.039017 0.971487 -0.000000 0 0 0 1.000000</matrix>
                  </node>
                </node>
              </node>
              <node id="Bip01_Tail" name="Bip01_Tail" type="JOINT">
                <matrix sid="transform">-0.166799 -0.985991 -0.000003 -1.365355 0.985991 -0.166799 -0.000003 -0.441514 0.000003 -0.000003 1.000000 -0.000001 0 0 0 1.000000</matrix>
                <node id="Bip01_Tail1" name="Bip01_Tail1" type="JOINT">
                  <matrix sid="transform">0.997412 0.071898 0.000000 0.599126 -0.071898 0.997412 0 -0.000410 -0.000000 0 1.000000 0 0 0 0 1.000000</matrix>
                  <node id="Bip01_Tail2" name="Bip01_Tail2" type="JOINT">
                    <matrix sid="transform">0.999645 0.010020 -0.024669 0.516108 -0.010017 0.999950 0.000267 -0.000415 0.024671 -0.000020 0.999696 0 0 0 0 1.000000</matrix>
                  </node>
                </node>
              </node>
            </node>
          </node>
        </node>
      </node>
      <extra>
        <technique profile="FCOLLADA">
          <start_time>0</start_time>
          <end_time>2.333333</end_time>
        </technique>
      </extra>
    </visual_scene>
  </library_visual_scenes>
  <scene>
    <instance_visual_scene url="#VisualSceneNode"/>
  </scene>
</COLLADA>
