<?xml version="1.0" encoding="utf-8"?>
<COLLADA xmlns="http://www.collada.org/2005/11/COLLADASchema" version="1.4.1">
  <asset>
    <contributor>
      <author>Andrew_Ostler</author>
      <authoring_tool>Maya 8.0 | ColladaMaya v2.04 | FCollada v1.14</authoring_tool>
      <comments>Collada Maya Export Options: bakeTransforms=0;exportPolygonMeshes=1;bakeLighting=0;isSampling=1;
curveConstrainSampling=0;exportCameraAsLookat=0;
exportLights=1;exportCameras=1;exportJointsAndSkin=1;
exportAnimations=1;exportTriangles=0;exportInvisibleNodes=0;
exportNormals=1;exportTexCoords=1;exportVertexColors=1;exportTangents=0;
exportTexTangents=1;exportConstraints=1;exportPhysics=1;exportXRefs=1;
dereferenceXRefs=0;cameraXFov=0;cameraYFov=1</comments>
      <source_data>file:///D:/dev/Private/ATGTools/Examples/Collada/simple/skin_cyl.ma</source_data>
    </contributor>
    <contributor>
      <author>cstratton</author>
      <authoring_tool>FCProcessMeshes sample for FCollada v3.05</authoring_tool>
      <source_data>skin_cyl.dae</source_data>
    </contributor>
    <contributor>
      <author>cstratton</author>
      <authoring_tool>FCProcessMeshes sample for FCollada v3.05</authoring_tool>
      <source_data>skin_cyl.dae</source_data>
    </contributor>
    <created>2007-01-23T17:20:24Z</created>
    <modified>2008-01-19T00:49:53Z</modified>
    <unit meter="1" name="meter"/>
    <up_axis>Y_UP</up_axis>
  </asset>
  <library_physics_scenes>
    <physics_scene id="MayaNativePhysicsScene" name="MayaNativePhysicsScene">
      <technique_common>
        <gravity>0 -980 0</gravity>
        <time_step>0.083</time_step>
      </technique_common>
    </physics_scene>
  </library_physics_scenes>
  <library_materials>
    <material id="lambert1" name="lambert1">
      <instance_effect url="#lambert1-fx"/>
    </material>
  </library_materials>
  <library_effects>
    <effect id="lambert1-fx" name="lambert1-fx">
      <profile_COMMON>
        <technique sid="common">
          <lambert>
            <emission>
              <color>0 0 0 1</color>
            </emission>
            <ambient>
              <color>0 0 0 1</color>
            </ambient>
            <diffuse>
              <color>0.5 0.5 0.5 1</color>
            </diffuse>
            <reflective>
              <color>1 1 1 1</color>
            </reflective>
            <reflectivity>
              <float>1</float>
            </reflectivity>
            <transparent opaque="RGB_ZERO">
              <color>0 0 0 1</color>
            </transparent>
            <transparency>
              <float>1</float>
            </transparency>
            <index_of_refraction>
              <float>0</float>
            </index_of_refraction>
          </lambert>
          <extra>
            <technique profile="FCOLLADA"/>
          </extra>
        </technique>
      </profile_COMMON>
    </effect>
  </library_effects>
  <library_geometries>
    <geometry id="pCylinderShape1-lib" name="pCylinderShape1">
      <mesh>
        <source id="pCylinderShape1-lib-positions" name="position">
          <float_array id="pCylinderShape1-lib-positions-array" count="1506">0.144117 -1 -0.046826 0.122593 -1 -0.089069 0.089069 -1 -0.122593 0.046826 -1 -0.144117 0 -1 -0.151533 -0.046826 -1 -0.144117 -0.089069 -1 -0.122593 -0.122593 -1 -0.089069 -0.144117 -1 -0.046826 -0.151533 -1 0 -0.144117 -1 0.046826 -0.122593 -1 0.089069 -0.089069 -1 0.122593 -0.046826 -1 0.144117 0 -1 0.151533 0.046826 -1 0.144117 0.089069 -1 0.122593 0.122593 -1 0.089069 0.144117 -1 0.046826 0.151533 -1 0 0.288234 -1 -0.093653 0.245186 -1 -0.178138 0.178138 -1 -0.245186 0.093653 -1 -0.288234 0 -1 -0.303067 -0.093653 -1 -0.288234 -0.178138 -1 -0.245186 -0.245186 -1 -0.178138 -0.288234 -1 -0.093653 -0.303067 -1 0 -0.288234 -1 0.093653 -0.245186 -1 0.178138 -0.178138 -1 0.245186 -0.093653 -1 0.288234 0 -1 0.303067 0.093653 -1 0.288234 0.178138 -1 0.245186 0.245186 -1 0.178138 0.288234 -1 0.093653 0.303067 -1 0 0.432351 -1 -0.140479 0.367779 -1 -0.267207 0.267207 -1 -0.367779 0.140479 -1 -0.43235 0 -1 -0.4546 -0.140479 -1 -0.43235 -0.267207 -1 -0.367779 -0.367779 -1 -0.267207 -0.43235 -1 -0.140479 -0.4546 -1 0 -0.43235 -1 0.140479 -0.367779 -1 0.267207 -0.267207 -1 0.367779 -0.140479 -1 0.43235 0 -1 0.4546 0.140479 -1 0.43235 0.267207 -1 0.367779 0.367779 -1 0.267207 0.43235 -1 0.140479 0.4546 -1 0 0.432351 -0.9 -0.140479 0.367779 -0.9 -0.267207 0.267207 -0.9 -0.367779 0.140479 -0.9 -0.43235 0 -0.9 -0.4546 -0.140479 -0.9 -0.43235 -0.267207 -0.9 -0.367779 -0.367779 -0.9 -0.267207 -0.43235 -0.9 -0.140479 -0.4546 -0.9 0 -0.43235 -0.9 0.140479 -0.367779 -0.9 0.267207 -0.267207 -0.9 0.367779 -0.140479 -0.9 0.43235 0 -0.9 0.4546 0.140479 -0.9 0.43235 0.267207 -0.9 0.367779 0.367779 -0.9 0.267207 0.43235 -0.9 0.140479 0.4546 -0.9 0 0.432351 -0.8 -0.140479 0.367779 -0.8 -0.267207 0.267207 -0.8 -0.367779 0.140479 -0.8 -0.43235 0 -0.8 -0.4546 -0.140479 -0.8 -0.43235 -0.267207 -0.8 -0.367779 -0.367779 -0.8 -0.267207 -0.43235 -0.8 -0.140479 -0.4546 -0.8 0 -0.43235 -0.8 0.140479 -0.367779 -0.8 0.267207 -0.267207 -0.8 0.367779 -0.140479 -0.8 0.43235 0 -0.8 0.4546 0.140479 -0.8 0.43235 0.267207 -0.8 0.367779 0.367779 -0.8 0.267207 0.43235 -0.8 0.140479 0.4546 -0.8 0 0.432351 -0.7 -0.140479 0.367779 -0.7 -0.267207 0.267207 -0.7 -0.367779 0.140479 -0.7 -0.43235 0 -0.7 -0.4546 -0.140479 -0.7 -0.43235 -0.267207 -0.7 -0.367779 -0.367779 -0.7 -0.267207 -0.43235 -0.7 -0.140479 -0.4546 -0.7 0 -0.43235 -0.7 0.140479 -0.367779 -0.7 0.267207 -0.267207 -0.7 0.367779 -0.140479 -0.7 0.43235 0 -0.7 0.4546 0.140479 -0.7 0.43235 0.267207 -0.7 0.367779 0.367779 -0.7 0.267207 0.43235 -0.7 0.140479 0.4546 -0.7 0 0.432351 -0.6 -0.140479 0.367779 -0.6 -0.267207 0.267207 -0.6 -0.367779 0.140479 -0.6 -0.43235 0 -0.6 -0.4546 -0.140479 -0.6 -0.43235 -0.267207 -0.6 -0.367779 -0.367779 -0.6 -0.267207 -0.43235 -0.6 -0.140479 -0.4546 -0.6 0 -0.43235 -0.6 0.140479 -0.367779 -0.6 0.267207 -0.267207 -0.6 0.367779 -0.140479 -0.6 0.43235 0 -0.6 0.4546 0.140479 -0.6 0.43235 0.267207 -0.6 0.367779 0.367779 -0.6 0.267207 0.43235 -0.6 0.140479 0.4546 -0.6 0 0.432351 -0.5 -0.140479 0.367779 -0.5 -0.267207 0.267207 -0.5 -0.367779 0.140479 -0.5 -0.43235 0 -0.5 -0.4546 -0.140479 -0.5 -0.43235 -0.267207 -0.5 -0.367779 -0.367779 -0.5 -0.267207 -0.43235 -0.5 -0.140479 -0.4546 -0.5 0 -0.43235 -0.5 0.140479 -0.367779 -0.5 0.267207 -0.267207 -0.5 0.367779 -0.140479 -0.5 0.43235 0 -0.5 0.4546 0.140479 -0.5 0.43235 0.267207 -0.5 0.367779 0.367779 -0.5 0.267207 0.43235 -0.5 0.140479 0.4546 -0.5 0 0.432351 -0.4 -0.140479 0.367779 -0.4 -0.267207 0.267207 -0.4 -0.367779 0.140479 -0.4 -0.43235 0 -0.4 -0.4546 -0.140479 -0.4 -0.43235 -0.267207 -0.4 -0.367779 -0.367779 -0.4 -0.267207 -0.43235 -0.4 -0.140479 -0.4546 -0.4 0 -0.43235 -0.4 0.140479 -0.367779 -0.4 0.267207 -0.267207 -0.4 0.367779 -0.140479 -0.4 0.43235 0 -0.4 0.4546 0.140479 -0.4 0.43235 0.267207 -0.4 0.367779 0.367779 -0.4 0.267207 0.43235 -0.4 0.140479 0.4546 -0.4 0 0.432351 -0.3 -0.140479 0.367779 -0.3 -0.267207 0.267207 -0.3 -0.367779 0.140479 -0.3 -0.43235 0 -0.3 -0.4546 -0.140479 -0.3 -0.43235 -0.267207 -0.3 -0.367779 -0.367779 -0.3 -0.267207 -0.43235 -0.3 -0.140479 -0.4546 -0.3 0 -0.43235 -0.3 0.140479 -0.367779 -0.3 0.267207 -0.267207 -0.3 0.367779 -0.140479 -0.3 0.43235 0 -0.3 0.4546 0.140479 -0.3 0.43235 0.267207 -0.3 0.367779 0.367779 -0.3 0.267207 0.43235 -0.3 0.140479 0.4546 -0.3 0 0.432351 -0.2 -0.140479 0.367779 -0.2 -0.267207 0.267207 -0.2 -0.367779 0.140479 -0.2 -0.43235 0 -0.2 -0.4546 -0.140479 -0.2 -0.43235 -0.267207 -0.2 -0.367779 -0.367779 -0.2 -0.267207 -0.43235 -0.2 -0.140479 -0.4546 -0.2 0 -0.43235 -0.2 0.140479 -0.367779 -0.2 0.267207 -0.267207 -0.2 0.367779 -0.140479 -0.2 0.43235 0 -0.2 0.4546 0.140479 -0.2 0.43235 0.267207 -0.2 0.367779 0.367779 -0.2 0.267207 0.43235 -0.2 0.140479 0.4546 -0.2 0 0.432351 -0.1 -0.140479 0.367779 -0.1 -0.267207 0.267207 -0.1 -0.367779 0.140479 -0.1 -0.43235 0 -0.1 -0.4546 -0.140479 -0.1 -0.43235 -0.267207 -0.1 -0.367779 -0.367779 -0.1 -0.267207 -0.43235 -0.1 -0.140479 -0.4546 -0.1 0 -0.43235 -0.1 0.140479 -0.367779 -0.1 0.267207 -0.267207 -0.1 0.367779 -0.140479 -0.1 0.43235 0 -0.1 0.4546 0.140479 -0.1 0.43235 0.267207 -0.1 0.367779 0.367779 -0.1 0.267207 0.43235 -0.1 0.140479 0.4546 -0.1 0 0.432351 0 -0.140479 0.367779 0 -0.267207 0.267207 0 -0.367779 0.140479 0 -0.43235 0 0 -0.4546 -0.140479 0 -0.43235 -0.267207 0 -0.367779 -0.367779 0 -0.267207 -0.43235 0 -0.140479 -0.4546 0 0 -0.43235 0 0.140479 -0.367779 0 0.267207 -0.267207 0 0.367779 -0.140479 0 0.43235 0 0 0.4546 0.140479 0 0.43235 0.267207 0 0.367779 0.367779 0 0.267207 0.43235 0 0.140479 0.4546 0 0 0.432351 0.1 -0.140479 0.367779 0.1 -0.267207 0.267207 0.1 -0.367779 0.140479 0.1 -0.43235 0 0.1 -0.4546 -0.140479 0.1 -0.43235 -0.267207 0.1 -0.367779 -0.367779 0.1 -0.267207 -0.43235 0.1 -0.140479 -0.4546 0.1 0 -0.43235 0.1 0.140479 -0.367779 0.1 0.267207 -0.267207 0.1 0.367779 -0.140479 0.1 0.43235 0 0.1 0.4546 0.140479 0.1 0.43235 0.267207 0.1 0.367779 0.367779 0.1 0.267207 0.43235 0.1 0.140479 0.4546 0.1 0 0.432351 0.2 -0.140479 0.367779 0.2 -0.267207 0.267207 0.2 -0.367779 0.140479 0.2 -0.43235 0 0.2 -0.4546 -0.140479 0.2 -0.43235 -0.267207 0.2 -0.367779 -0.367779 0.2 -0.267207 -0.43235 0.2 -0.140479 -0.4546 0.2 0 -0.43235 0.2 0.140479 -0.367779 0.2 0.267207 -0.267207 0.2 0.367779 -0.140479 0.2 0.43235 0 0.2 0.4546 0.140479 0.2 0.43235 0.267207 0.2 0.367779 0.367779 0.2 0.267207 0.43235 0.2 0.140479 0.4546 0.2 0 0.432351 0.3 -0.140479 0.367779 0.3 -0.267207 0.267207 0.3 -0.367779 0.140479 0.3 -0.43235 0 0.3 -0.4546 -0.140479 0.3 -0.43235 -0.267207 0.3 -0.367779 -0.367779 0.3 -0.267207 -0.43235 0.3 -0.140479 -0.4546 0.3 0 -0.43235 0.3 0.140479 -0.367779 0.3 0.267207 -0.267207 0.3 0.367779 -0.140479 0.3 0.43235 0 0.3 0.4546 0.140479 0.3 0.43235 0.267207 0.3 0.367779 0.367779 0.3 0.267207 0.43235 0.3 0.140479 0.4546 0.3 0 0.432351 0.4 -0.140479 0.367779 0.4 -0.267207 0.267207 0.4 -0.367779 0.140479 0.4 -0.43235 0 0.4 -0.4546 -0.140479 0.4 -0.43235 -0.267207 0.4 -0.367779 -0.367779 0.4 -0.267207 -0.43235 0.4 -0.140479 -0.4546 0.4 0 -0.43235 0.4 0.140479 -0.367779 0.4 0.267207 -0.267207 0.4 0.367779 -0.140479 0.4 0.43235 0 0.4 0.4546 0.140479 0.4 0.43235 0.267207 0.4 0.367779 0.367779 0.4 0.267207 0.43235 0.4 0.140479 0.4546 0.4 0 0.432351 0.5 -0.140479 0.367779 0.5 -0.267207 0.267207 0.5 -0.367779 0.140479 0.5 -0.43235 0 0.5 -0.4546 -0.140479 0.5 -0.43235 -0.267207 0.5 -0.367779 -0.367779 0.5 -0.267207 -0.43235 0.5 -0.140479 -0.4546 0.5 0 -0.43235 0.5 0.140479 -0.367779 0.5 0.267207 -0.267207 0.5 0.367779 -0.140479 0.5 0.43235 0 0.5 0.4546 0.140479 0.5 0.43235 0.267207 0.5 0.367779 0.367779 0.5 0.267207 0.43235 0.5 0.140479 0.4546 0.5 0 0.432351 0.6 -0.140479 0.367779 0.6 -0.267207 0.267207 0.6 -0.367779 0.140479 0.6 -0.43235 0 0.6 -0.4546 -0.140479 0.6 -0.43235 -0.267207 0.6 -0.367779 -0.367779 0.6 -0.267207 -0.43235 0.6 -0.140479 -0.4546 0.6 0 -0.43235 0.6 0.140479 -0.367779 0.6 0.267207 -0.267207 0.6 0.367779 -0.140479 0.6 0.43235 0 0.6 0.4546 0.140479 0.6 0.43235 0.267207 0.6 0.367779 0.367779 0.6 0.267207 0.43235 0.6 0.140479 0.4546 0.6 0 0.432351 0.7 -0.140479 0.367779 0.7 -0.267207 0.267207 0.7 -0.367779 0.140479 0.7 -0.43235 0 0.7 -0.4546 -0.140479 0.7 -0.43235 -0.267207 0.7 -0.367779 -0.367779 0.7 -0.267207 -0.43235 0.7 -0.140479 -0.4546 0.7 0 -0.43235 0.7 0.140479 -0.367779 0.7 0.267207 -0.267207 0.7 0.367779 -0.140479 0.7 0.43235 0 0.7 0.4546 0.140479 0.7 0.43235 0.267207 0.7 0.367779 0.367779 0.7 0.267207 0.43235 0.7 0.140479 0.4546 0.7 0 0.432351 0.8 -0.140479 0.367779 0.8 -0.267207 0.267207 0.8 -0.367779 0.140479 0.8 -0.43235 0 0.8 -0.4546 -0.140479 0.8 -0.43235 -0.267207 0.8 -0.367779 -0.367779 0.8 -0.267207 -0.43235 0.8 -0.140479 -0.4546 0.8 0 -0.43235 0.8 0.140479 -0.367779 0.8 0.267207 -0.267207 0.8 0.367779 -0.140479 0.8 0.43235 0 0.8 0.4546 0.140479 0.8 0.43235 0.267207 0.8 0.367779 0.367779 0.8 0.267207 0.43235 0.8 0.140479 0.4546 0.8 0 0.432351 0.9 -0.140479 0.367779 0.9 -0.267207 0.267207 0.9 -0.367779 0.140479 0.9 -0.43235 0 0.9 -0.4546 -0.140479 0.9 -0.43235 -0.267207 0.9 -0.367779 -0.367779 0.9 -0.267207 -0.43235 0.9 -0.140479 -0.4546 0.9 0 -0.43235 0.9 0.140479 -0.367779 0.9 0.267207 -0.267207 0.9 0.367779 -0.140479 0.9 0.43235 0 0.9 0.4546 0.140479 0.9 0.43235 0.267207 0.9 0.367779 0.367779 0.9 0.267207 0.43235 0.9 0.140479 0.4546 0.9 0 0.432351 1 -0.140479 0.367779 1 -0.267207 0.267207 1 -0.367779 0.140479 1 -0.43235 0 1 -0.4546 -0.140479 1 -0.43235 -0.267207 1 -0.367779 -0.367779 1 -0.267207 -0.43235 1 -0.140479 -0.4546 1 0 -0.43235 1 0.140479 -0.367779 1 0.267207 -0.267207 1 0.367779 -0.140479 1 0.43235 0 1 0.4546 0.140479 1 0.43235 0.267207 1 0.367779 0.367779 1 0.267207 0.43235 1 0.140479 0.4546 1 0 0.288234 1.05642 -0.093653 0.245186 1.05642 -0.178138 0.178138 1.05642 -0.245186 0.093653 1.05642 -0.288234 0 1.05642 -0.303067 -0.093653 1.05642 -0.288234 -0.178138 1.05642 -0.245186 -0.245186 1.05642 -0.178138 -0.288234 1.05642 -0.093653 -0.303067 1.05642 0 -0.288234 1.05642 0.093653 -0.245186 1.05642 0.178138 -0.178138 1.05642 0.245186 -0.093653 1.05642 0.288234 0 1.05642 0.303067 0.093653 1.05642 0.288234 0.178138 1.05642 0.245186 0.245186 1.05642 0.178138 0.288234 1.05642 0.093653 0.303067 1.05642 0 0.144117 1.22787 -0.046826 0.122593 1.22787 -0.089069 0.089069 1.22787 -0.122593 0.046826 1.22787 -0.144117 0 1.22787 -0.151533 -0.046826 1.22787 -0.144117 -0.089069 1.22787 -0.122593 -0.122593 1.22787 -0.089069 -0.144117 1.22787 -0.046826 -0.151533 1.22787 0 -0.144117 1.22787 0.046826 -0.122593 1.22787 0.089069 -0.089069 1.22787 0.122593 -0.046826 1.22787 0.144117 0 1.22787 0.151533 0.046826 1.22787 0.144117 0.089069 1.22787 0.122593 0.122593 1.22787 0.089069 0.144117 1.22787 0.046826 0.151533 1.22787 0 0 -1 0 0 1.31995 0</float_array>
          <technique_common>
            <accessor source="#pCylinderShape1-lib-positions-array" count="502" stride="3">
              <param name="X" type="float"/>
              <param name="Y" type="float"/>
              <param name="Z" type="float"/>
            </accessor>
          </technique_common>
        </source>
        <source id="pCylinderShape1-lib-normals" name="normal">
          <float_array id="pCylinderShape1-lib-normals-array" count="1626">0 -1 0 0 -1 0 0 -1 0 0 -1 0 0 -1 0 0 -1 0 0 -1 0 0 -1 0 0 -1 0 0 -1 0 0 -1 0 0 -1 0 0 -1 0 0 -1 0 0 -1 0 0 -1 0 0 -1 0 0 -1 0 0 -1 0 0 -1 0 0 -1 0 0 -1 0 0 -1 0 0 -1 0 0 -1 0 0 -1 0 0 -1 0.000001 0 -1 0 0 -1 0 0 -1 0 0 -1 0 0 -1 0 0 -1 0 0 -1 0 0 -1 -0.000001 0 -1 0 0 -1 -0.000001 0 -1 0 0 -1 0 0 -1 0 0 -1 0 0 -1 0 0 -1 0 0 -1 0 0 -1 0 0 -1 0 0 -1 0 0 -1 0 0 -1 0 0 -1 0 0 -1 0 0 -1 0 0 -1 0 0 -1 0 0 -1 0 0 -1 0 0 -1 0 0 -1 0 0 -1 0 0 -1 0 0.951057 0 -0.309016 0.809017 0 -0.587785 0.809017 0 -0.587785 0.951057 0 -0.309016 0.587785 0 -0.809017 0.587785 0 -0.809017 0.309017 0 -0.951057 0.309017 0 -0.951057 0 0 -1 0 0 -1 -0.309017 0 -0.951056 -0.309017 0 -0.951057 -0.587785 0 -0.809017 -0.587786 0 -0.809017 -0.809017 0 -0.587785 -0.809017 0 -0.587785 -0.951057 0 -0.309017 -0.951057 0 -0.309017 -1 0 0 -1 0 0 -0.951056 0 0.309017 -0.951056 0 0.309017 -0.809017 0 0.587785 -0.809017 0 0.587785 -0.587785 0 0.809017 -0.587785 0 0.809017 -0.309017 0 0.951057 -0.309017 0 0.951057 0 0 1 0 0 1 0.309017 0 0.951057 0.309017 0 0.951057 0.587785 0 0.809017 0.587785 0 0.809017 0.809017 0 0.587785 0.809017 0 0.587785 0.951056 0 0.309017 0.951057 0 0.309017 1 0 0.000001 1 0 0.000001 0.809017 0 -0.587785 0.951057 0 -0.309016 0.587785 0 -0.809017 0.309017 0 -0.951057 0 0 -1 -0.309017 0 -0.951056 -0.587786 0 -0.809017 -0.809017 0 -0.587785 -0.951057 0 -0.309017 -1 0 0 -0.951056 0 0.309017 -0.809017 0 0.587785 -0.587785 0 0.809017 -0.309017 0 0.951057 0 0 1 0.309017 0 0.951057 0.587785 0 0.809017 0.809017 0 0.587785 0.951057 0 0.309017 1 0 0.000001 0.809017 0 -0.587785 0.951057 0 -0.309016 0.587785 0 -0.809017 0.309017 0 -0.951057 0 0 -1 -0.309017 0 -0.951056 -0.587785 0 -0.809017 -0.809017 0 -0.587785 -0.951057 0 -0.309017 -1 0 0 -0.951056 0 0.309017 -0.809017 0 0.587785 -0.587785 0 0.809017 -0.309017 0 0.951057 0 0 1 0.309017 0 0.951057 0.587785 0 0.809017 0.809017 0 0.587785 0.951057 0 0.309017 1 0 0.000001 0.809017 0 -0.587785 0.951057 0 -0.309016 0.587785 0 -0.809017 0.309017 0 -0.951057 0 0 -1 -0.309017 0 -0.951056 -0.587785 0 -0.809017 -0.809017 0 -0.587785 -0.951057 0 -0.309017 -1 0 0 -0.951056 0 0.309017 -0.809017 0 0.587785 -0.587785 0 0.809017 -0.309017 0 0.951057 0 0 1 0.309017 0 0.951056 0.587785 0 0.809017 0.809017 0 0.587785 0.951057 0 0.309017 1 0 0.000001 0.809017 0 -0.587785 0.951057 0 -0.309016 0.587785 0 -0.809017 0.309017 0 -0.951057 0 0 -1 -0.309017 0 -0.951056 -0.587785 0 -0.809017 -0.809017 0 -0.587785 -0.951057 0 -0.309017 -1 0 0 -0.951056 0 0.309017 -0.809017 0 0.587785 -0.587785 0 0.809017 -0.309017 0 0.951057 0 0 1 0.309017 0 0.951056 0.587785 0 0.809017 0.809017 0 0.587785 0.951057 0 0.309017 1 0 0.000001 0.809017 0 -0.587785 0.951057 0 -0.309016 0.587785 0 -0.809017 0.309017 0 -0.951057 0 0 -1 -0.309017 0 -0.951056 -0.587786 0 -0.809017 -0.809017 0 -0.587785 -0.951057 0 -0.309017 -1 0 0 -0.951056 0 0.309017 -0.809017 0 0.587785 -0.587785 0 0.809017 -0.309017 0 0.951057 0 0 1 0.309017 0 0.951057 0.587785 0 0.809017 0.809017 0 0.587785 0.951057 0 0.309017 1 0 0.000001 0.809017 0 -0.587785 0.951057 0 -0.309016 0.587785 0 -0.809017 0.309017 0 -0.951057 0 0 -1 -0.309017 0 -0.951056 -0.587785 0 -0.809017 -0.809017 0 -0.587785 -0.951057 0 -0.309017 -1 0 0 -0.951056 0 0.309017 -0.809017 0 0.587785 -0.587785 0 0.809017 -0.309017 0 0.951057 0 0 1 0.309017 0 0.951057 0.587785 0 0.809017 0.809017 0 0.587785 0.951057 0 0.309017 1 0 0.000001 0.809017 0 -0.587785 0.951057 0 -0.309016 0.587785 0 -0.809017 0.309017 0 -0.951057 0 0 -1 -0.309017 0 -0.951056 -0.587785 0 -0.809017 -0.809017 0 -0.587785 -0.951057 0 -0.309017 -1 0 0 -0.951056 0 0.309017 -0.809017 0 0.587785 -0.587785 0 0.809017 -0.309017 0 0.951057 0 0 1 0.309017 0 0.951057 0.587785 0 0.809017 0.809017 0 0.587785 0.951057 0 0.309017 1 0 0.000001 0.809017 0 -0.587785 0.951057 0 -0.309016 0.587785 0 -0.809017 0.309017 0 -0.951057 0 0 -1 -0.309017 0 -0.951056 -0.587785 0 -0.809017 -0.809017 0 -0.587785 -0.951057 0 -0.309017 -1 0 0 -0.951056 0 0.309017 -0.809017 0 0.587785 -0.587785 0 0.809017 -0.309017 0 0.951057 0 0 1 0.309017 0 0.951056 0.587785 0 0.809017 0.809017 0 0.587785 0.951057 0 0.309017 1 0 0.000001 0.809017 0 -0.587785 0.951057 0 -0.309016 0.587785 0 -0.809017 0.309017 0 -0.951057 0 0 -1 -0.309017 0 -0.951056 -0.587785 0 -0.809017 -0.809017 0 -0.587785 -0.951057 0 -0.309017 -1 0 0 -0.951056 0 0.309017 -0.809017 0 0.587785 -0.587785 0 0.809017 -0.309017 0 0.951057 0 0 1 0.309017 0 0.951056 0.587785 0 0.809017 0.809017 0 0.587785 0.951057 0 0.309017 1 0 0.000001 0.809017 0 -0.587785 0.951057 0 -0.309016 0.587785 0 -0.809017 0.309017 0 -0.951057 0 0 -1 -0.309017 0 -0.951056 -0.587785 0 -0.809017 -0.809017 0 -0.587785 -0.951057 0 -0.309017 -1 0 0 -0.951056 0 0.309017 -0.809017 0 0.587785 -0.587785 0 0.809017 -0.309017 0 0.951057 0 0 1 0.309017 0 0.951056 0.587785 0 0.809017 0.809017 0 0.587785 0.951057 0 0.309017 1 0 0.000001 0.809017 0 -0.587785 0.951057 0 -0.309016 0.587785 0 -0.809017 0.309017 0 -0.951057 0 0 -1 -0.309017 0 -0.951056 -0.587785 0 -0.809017 -0.809017 0 -0.587785 -0.951057 0 -0.309017 -1 0 0 -0.951056 0 0.309017 -0.809017 0 0.587785 -0.587785 0 0.809017 -0.309017 0 0.951057 0 0 1 0.309017 0 0.951056 0.587785 0 0.809017 0.809017 0 0.587785 0.951057 0 0.309017 1 0 0.000001 0.809017 0 -0.587785 0.951057 0 -0.309016 0.587785 0 -0.809017 0.309017 0 -0.951057 0 0 -1 -0.309017 0 -0.951056 -0.587785 0 -0.809017 -0.809017 0 -0.587785 -0.951057 0 -0.309017 -1 0 0 -0.951056 0 0.309017 -0.809017 0 0.587785 -0.587785 0 0.809017 -0.309017 0 0.951057 0 0 1 0.309017 0 0.951057 0.587785 0 0.809017 0.809017 0 0.587785 0.951057 0 0.309017 1 0 0.000001 0.809017 0 -0.587785 0.951057 0 -0.309016 0.587785 0 -0.809017 0.309017 0 -0.951057 0 0 -1 -0.309017 0 -0.951056 -0.587786 0 -0.809017 -0.809017 0 -0.587785 -0.951057 0 -0.309017 -1 0 0 -0.951056 0 0.309017 -0.809017 0 0.587785 -0.587785 0 0.809017 -0.309017 0 0.951057 0 0 1 0.309017 0 0.951057 0.587785 0 0.809017 0.809017 0 0.587785 0.951057 0 0.309017 1 0 0.000001 0.809017 0 -0.587785 0.951057 0 -0.309016 0.587785 0 -0.809017 0.309017 0 -0.951057 0 0 -1 -0.309017 0 -0.951056 -0.587785 0 -0.809017 -0.809017 0 -0.587785 -0.951057 0 -0.309017 -1 0 0 -0.951056 0 0.309017 -0.809017 0 0.587785 -0.587785 0 0.809017 -0.309017 0 0.951057 0 0 1 0.309017 0 0.951056 0.587785 0 0.809017 0.809017 0 0.587785 0.951057 0 0.309017 1 0 0.000001 0.809017 0 -0.587785 0.951057 0 -0.309016 0.587785 0 -0.809017 0.309017 0 -0.951057 0 0 -1 -0.309017 0 -0.951056 -0.587785 0 -0.809017 -0.809017 0 -0.587785 -0.951057 0 -0.309017 -1 0 0 -0.951056 0 0.309017 -0.809017 0 0.587785 -0.587785 0 0.809017 -0.309017 0 0.951057 0 0 1 0.309017 0 0.951056 0.587785 0 0.809017 0.809017 0 0.587785 0.951057 0 0.309017 1 0 0.000001 0.809017 0 -0.587785 0.951057 0 -0.309016 0.587785 0 -0.809017 0.309017 0 -0.951057 0 0 -1 -0.309017 0 -0.951056 -0.587785 0 -0.809017 -0.809017 0 -0.587785 -0.951057 0 -0.309017 -1 0 0 -0.951056 0 0.309017 -0.809017 0 0.587785 -0.587785 0 0.809017 -0.309017 0 0.951057 0 0 1 0.309017 0 0.951057 0.587785 0 0.809017 0.809017 0 0.587785 0.951057 0 0.309017 1 0 0.000001 0.809017 0 -0.587785 0.951057 0 -0.309016 0.587785 0 -0.809017 0.309017 0 -0.951057 0 0 -1 -0.309017 0 -0.951056 -0.587786 0 -0.809017 -0.809017 0 -0.587785 -0.951057 0 -0.309017 -1 0 0 -0.951056 0 0.309017 -0.809017 0 0.587785 -0.587785 0 0.809017 -0.309017 0 0.951057 0 0 1 0.309017 0 0.951057 0.587785 0 0.809017 0.809017 0 0.587785 0.951057 0 0.309017 1 0 0.000001 0.809017 0 -0.587785 0.951057 0 -0.309016 0.587785 0 -0.809017 0.309017 0 -0.951057 0 0 -1 -0.309017 0 -0.951057 -0.587786 0 -0.809017 -0.809017 0 -0.587785 -0.951057 0 -0.309017 -1 0 0 -0.951056 0 0.309017 -0.809017 0 0.587785 -0.587785 0 0.809017 -0.309017 0 0.951057 0 0 1 0.309017 0 0.951057 0.587785 0 0.809017 0.809017 0 0.587785 0.951057 0 0.309017 1 0 0.000001 0.809017 0 -0.587785 0.951057 0 -0.309016 0.587785 0 -0.809017 0.309017 0 -0.951057 0 0 -1 -0.309017 0 -0.951056 -0.587785 0 -0.809017 -0.809017 0 -0.587785 -0.951057 0 -0.309017 -1 0 0 -0.951056 0 0.309017 -0.809017 0 0.587785 -0.587785 0 0.809017 -0.309017 0 0.951057 0 0 1 0.309017 0 0.951057 0.587785 0 0.809017 0.809017 0 0.587785 0.951056 0 0.309017 1 0 0.000001 0.331864 0.937144 -0.107829 0.282301 0.937144 -0.205103 0.457486 0.82476 -0.332383 0.537807 0.82476 -0.174744 0.205104 0.937144 -0.282301 0.332383 0.82476 -0.457486 0.107829 0.937144 -0.331864 0.174744 0.82476 -0.537807 0 0.937144 -0.348944 0 0.824759 -0.565484 -0.107829 0.937144 -0.331865 -0.174744 0.82476 -0.537807 -0.205104 0.937144 -0.282301 -0.332383 0.824759 -0.457486 -0.282302 0.937144 -0.205104 -0.457486 0.824759 -0.332383 -0.331865 0.937144 -0.107829 -0.537807 0.824759 -0.174744 -0.348944 0.937144 0 -0.565484 0.824759 0 -0.331865 0.937144 0.10783 -0.537807 0.82476 0.174744 -0.282301 0.937144 0.205104 -0.457486 0.82476 0.332383 -0.205104 0.937144 0.282301 -0.332383 0.824759 0.457486 -0.107829 0.937144 0.331864 -0.174744 0.82476 0.537807 0 0.937144 0.348943 0 0.82476 0.565484 0.107829 0.937144 0.331864 0.174744 0.82476 0.537807 0.205104 0.937144 0.282301 0.332383 0.82476 0.457486 0.282301 0.937144 0.205104 0.457486 0.82476 0.332383 0.331865 0.937144 0.107829 0.537807 0.824759 0.174744 0.348943 0.937144 0 0.565484 0.82476 0 0.518855 0.767257 -0.37697 0.60995 0.767257 -0.198185 0.37697 0.767258 -0.518854 0.198185 0.767257 -0.60995 0 0.767257 -0.64134 -0.198184 0.767257 -0.60995 -0.37697 0.767257 -0.518854 -0.518854 0.767257 -0.37697 -0.60995 0.767257 -0.198185 -0.641339 0.767257 0.000001 -0.60995 0.767257 0.198185 -0.518854 0.767257 0.376971 -0.376969 0.767257 0.518855 -0.198185 0.767257 0.60995 0 0.767257 0.641339 0.198185 0.767257 0.60995 0.37697 0.767257 0.518854 0.518855 0.767257 0.37697 0.60995 0.767257 0.198186 0.641339 0.767257 0.000001 0 -1 0 0 1 0</float_array>
          <technique_common>
            <accessor source="#pCylinderShape1-lib-normals-array" count="542" stride="3">
              <param name="X" type="float"/>
              <param name="Y" type="float"/>
              <param name="Z" type="float"/>
            </accessor>
          </technique_common>
        </source>
        <source id="pCylinderShape1-lib-map1" name="map1">
          <float_array id="pCylinderShape1-lib-map1-array" count="1126">0.658509 -0.551503 0.634836 -0.597964 0.597964 -0.634836 0.551503 -0.658509 0.5 -0.666667 0.448497 -0.658509 0.402036 -0.634836 0.365164 -0.597964 0.341491 -0.551503 0.333333 -0.5 0.341491 -0.448497 0.365164 -0.402036 0.402036 -0.365164 0.448497 -0.341491 0.5 -0.333333 0.551503 -0.341491 0.597964 -0.365164 0.634836 -0.402036 0.658509 -0.448497 0.666667 -0.5 0.817019 -0.603006 0.769673 -0.695929 0.695929 -0.769673 0.603006 -0.817019 0.5 -0.833333 0.396994 -0.817019 0.304071 -0.769672 0.230328 -0.695928 0.182981 -0.603006 0.166667 -0.5 0.182981 -0.396994 0.230328 -0.304072 0.304072 -0.230328 0.396994 -0.182981 0.5 -0.166667 0.603006 -0.182981 0.695928 -0.230328 0.769672 -0.304072 0.817019 -0.396994 0.833333 -0.5 0.975529 -0.654509 0.904509 -0.793893 0.793893 -0.904509 0.654509 -0.975528 0.5 -1 0.345491 -0.975528 0.206107 -0.904509 0.095491 -0.793893 0.024472 -0.654509 0 -0.5 0.024472 -0.345491 0.095491 -0.206107 0.206107 -0.095491 0.345491 -0.024472 0.5 0 0.654508 -0.024472 0.793893 -0.095491 0.904508 -0.206107 0.975528 -0.345491 1 -0.5 0 0 0.05 0 0.1 0 0.15 0 0.2 0 0.25 0 0.3 0 0.35 0 0.4 0 0.45 0 0.5 0 0.55 0 0.6 0 0.65 0 0.7 0 0.75 0 0.8 0 0.85 0 0.9 0 0.95 0 1 0 0 0.05 0.05 0.05 0.1 0.05 0.15 0.05 0.2 0.05 0.25 0.05 0.3 0.05 0.35 0.05 0.4 0.05 0.45 0.05 0.5 0.05 0.55 0.05 0.6 0.05 0.65 0.05 0.7 0.05 0.75 0.05 0.8 0.05 0.85 0.05 0.9 0.05 0.95 0.05 1 0.05 0 0.1 0.05 0.1 0.1 0.1 0.15 0.1 0.2 0.1 0.25 0.1 0.3 0.1 0.35 0.1 0.4 0.1 0.45 0.1 0.5 0.1 0.55 0.1 0.6 0.1 0.65 0.1 0.7 0.1 0.75 0.1 0.8 0.1 0.85 0.1 0.9 0.1 0.95 0.1 1 0.1 0 0.15 0.05 0.15 0.1 0.15 0.15 0.15 0.2 0.15 0.25 0.15 0.3 0.15 0.35 0.15 0.4 0.15 0.45 0.15 0.5 0.15 0.55 0.15 0.6 0.15 0.65 0.15 0.7 0.15 0.75 0.15 0.8 0.15 0.85 0.15 0.9 0.15 0.95 0.15 1 0.15 0 0.2 0.05 0.2 0.1 0.2 0.15 0.2 0.2 0.2 0.25 0.2 0.3 0.2 0.35 0.2 0.4 0.2 0.45 0.2 0.5 0.2 0.55 0.2 0.6 0.2 0.65 0.2 0.7 0.2 0.75 0.2 0.8 0.2 0.85 0.2 0.9 0.2 0.95 0.2 1 0.2 0 0.25 0.05 0.25 0.1 0.25 0.15 0.25 0.2 0.25 0.25 0.25 0.3 0.25 0.35 0.25 0.4 0.25 0.45 0.25 0.5 0.25 0.55 0.25 0.6 0.25 0.65 0.25 0.7 0.25 0.75 0.25 0.8 0.25 0.85 0.25 0.9 0.25 0.95 0.25 1 0.25 0 0.3 0.05 0.3 0.1 0.3 0.15 0.3 0.2 0.3 0.25 0.3 0.3 0.3 0.35 0.3 0.4 0.3 0.45 0.3 0.5 0.3 0.55 0.3 0.6 0.3 0.65 0.3 0.7 0.3 0.75 0.3 0.8 0.3 0.85 0.3 0.9 0.3 0.95 0.3 1 0.3 0 0.35 0.05 0.35 0.1 0.35 0.15 0.35 0.2 0.35 0.25 0.35 0.3 0.35 0.35 0.35 0.4 0.35 0.45 0.35 0.5 0.35 0.55 0.35 0.6 0.35 0.65 0.35 0.7 0.35 0.75 0.35 0.8 0.35 0.85 0.35 0.9 0.35 0.95 0.35 1 0.35 0 0.4 0.05 0.4 0.1 0.4 0.15 0.4 0.2 0.4 0.25 0.4 0.3 0.4 0.35 0.4 0.4 0.4 0.45 0.4 0.5 0.4 0.55 0.4 0.6 0.4 0.65 0.4 0.7 0.4 0.75 0.4 0.8 0.4 0.85 0.4 0.9 0.4 0.95 0.4 1 0.4 0 0.45 0.05 0.45 0.1 0.45 0.15 0.45 0.2 0.45 0.25 0.45 0.3 0.45 0.35 0.45 0.4 0.45 0.45 0.45 0.5 0.45 0.55 0.45 0.6 0.45 0.65 0.45 0.7 0.45 0.75 0.45 0.8 0.45 0.85 0.45 0.9 0.45 0.95 0.45 1 0.45 0 0.5 0.05 0.5 0.1 0.5 0.15 0.5 0.2 0.5 0.25 0.5 0.3 0.5 0.35 0.5 0.4 0.5 0.45 0.5 0.5 0.5 0.55 0.5 0.6 0.5 0.65 0.5 0.7 0.5 0.75 0.5 0.8 0.5 0.85 0.5 0.9 0.5 0.95 0.5 1 0.5 0 0.55 0.05 0.55 0.1 0.55 0.15 0.55 0.2 0.55 0.25 0.55 0.3 0.55 0.35 0.55 0.4 0.55 0.45 0.55 0.5 0.55 0.55 0.55 0.6 0.55 0.65 0.55 0.7 0.55 0.75 0.55 0.8 0.55 0.85 0.55 0.9 0.55 0.95 0.55 1 0.55 0 0.6 0.05 0.6 0.1 0.6 0.15 0.6 0.2 0.6 0.25 0.6 0.3 0.6 0.35 0.6 0.4 0.6 0.45 0.6 0.5 0.6 0.55 0.6 0.6 0.6 0.65 0.6 0.7 0.6 0.75 0.6 0.8 0.6 0.85 0.6 0.9 0.6 0.95 0.6 1 0.6 0 0.65 0.05 0.65 0.1 0.65 0.15 0.65 0.2 0.65 0.25 0.65 0.3 0.65 0.35 0.65 0.4 0.65 0.45 0.65 0.5 0.65 0.55 0.65 0.6 0.65 0.65 0.65 0.7 0.65 0.75 0.65 0.8 0.65 0.85 0.65 0.9 0.65 0.95 0.65 1 0.65 0 0.7 0.05 0.7 0.1 0.7 0.15 0.7 0.2 0.7 0.25 0.7 0.3 0.7 0.35 0.7 0.4 0.7 0.45 0.7 0.5 0.7 0.55 0.7 0.6 0.7 0.65 0.7 0.7 0.7 0.75 0.7 0.8 0.7 0.85 0.7 0.9 0.7 0.95 0.7 1 0.7 0 0.75 0.05 0.75 0.1 0.75 0.15 0.75 0.2 0.75 0.25 0.75 0.3 0.75 0.35 0.75 0.4 0.75 0.45 0.75 0.5 0.75 0.55 0.75 0.6 0.75 0.65 0.75 0.7 0.75 0.75 0.75 0.8 0.75 0.85 0.75 0.9 0.75 0.95 0.75 1 0.75 0 0.8 0.05 0.8 0.1 0.8 0.15 0.8 0.2 0.8 0.25 0.8 0.3 0.8 0.35 0.8 0.4 0.8 0.45 0.8 0.5 0.8 0.55 0.8 0.6 0.8 0.65 0.8 0.7 0.8 0.75 0.8 0.8 0.8 0.85 0.8 0.9 0.8 0.95 0.8 1 0.8 0 0.85 0.05 0.85 0.1 0.85 0.15 0.85 0.2 0.85 0.25 0.85 0.3 0.85 0.35 0.85 0.4 0.85 0.45 0.85 0.5 0.85 0.55 0.85 0.6 0.85 0.65 0.85 0.7 0.85 0.75 0.85 0.8 0.85 0.85 0.85 0.9 0.85 0.95 0.85 1 0.85 0 0.9 0.05 0.9 0.1 0.9 0.15 0.9 0.2 0.9 0.25 0.9 0.3 0.9 0.35 0.9 0.4 0.9 0.45 0.9 0.5 0.9 0.55 0.9 0.6 0.9 0.65 0.9 0.7 0.9 0.75 0.9 0.8 0.9 0.85 0.9 0.9 0.9 0.95 0.9 1 0.9 0 0.95 0.05 0.95 0.1 0.95 0.15 0.95 0.2 0.95 0.25 0.95 0.3 0.95 0.35 0.95 0.4 0.95 0.45 0.95 0.5 0.95 0.55 0.95 0.6 0.95 0.65 0.95 0.7 0.95 0.75 0.95 0.8 0.95 0.85 0.95 0.9 0.95 0.95 0.95 1 0.95 0 1 0.05 1 0.1 1 0.15 1 0.2 1 0.25 1 0.3 1 0.35 1 0.4 1 0.45 1 0.5 1 0.55 1 0.6 1 0.65 1 0.7 1 0.75 1 0.8 1 0.85 1 0.9 1 0.95 1 1 1 0.975529 1.34549 0.904509 1.20611 0.793893 1.09549 0.654509 1.02447 0.5 1 0.345491 1.02447 0.206107 1.09549 0.095491 1.20611 0.024472 1.34549 0 1.5 0.024472 1.65451 0.095491 1.79389 0.206107 1.90451 0.345491 1.97553 0.5 2 0.654508 1.97553 0.793893 1.90451 0.904508 1.79389 0.975528 1.65451 1 1.5 0.817019 1.39699 0.769673 1.30407 0.695929 1.23033 0.603006 1.18298 0.5 1.16667 0.396994 1.18298 0.304071 1.23033 0.230328 1.30407 0.182981 1.39699 0.166667 1.5 0.182981 1.60301 0.230328 1.69593 0.304072 1.76967 0.396994 1.81702 0.5 1.83333 0.603006 1.81702 0.695928 1.76967 0.769672 1.69593 0.817019 1.60301 0.833333 1.5 0.658509 1.4485 0.634836 1.40204 0.597964 1.36516 0.551503 1.34149 0.5 1.33333 0.448497 1.34149 0.402036 1.36516 0.365164 1.40204 0.341491 1.4485 0.333333 1.5 0.341491 1.5515 0.365164 1.59796 0.402036 1.63484 0.448497 1.65851 0.5 1.66667 0.551503 1.65851 0.597964 1.63484 0.634836 1.59796 0.658509 1.5515 0.666667 1.5 0.5 -0.5 0.5 1.5</float_array>
          <technique_common>
            <accessor source="#pCylinderShape1-lib-map1-array" count="563" stride="2">
              <param name="S" type="float"/>
              <param name="T" type="float"/>
            </accessor>
          </technique_common>
        </source>
        <source id="pCylinderShape1-lib-map1-tangents">
          <float_array id="pCylinderShape1-lib-map1-tangents-array" count="240">-1 0 -0.000001 0.309016 0 0.951057 0.587785 0 0.809017 0.809017 0 0.587785 0.951057 0 0.309017 1 0 0 0.951056 0 -0.309017 0.809017 0 -0.587785 0.587785 0 -0.809017 0.309017 0 -0.951057 0 0 -1 -0.309017 0 -0.951056 -0.587785 0 -0.809017 -0.809017 0 -0.587785 -0.951056 0 -0.309017 -0.951057 0 0.309017 -0.809017 0 0.587785 -0.587785 0 0.809017 -0.309017 0 0.951056 -0.000000 0 1 -0.94266 0.33375 -0.00058 -0.957612 0.287988 -0.002188 -0.871958 0.484289 0.001544 -0.836895 0.545772 0.000242 -0.977062 0.212566 -0.00423 -0.924003 0.373707 0.002395 -0.993514 0.112223 -0.005907 -0.976015 0.205931 -0.001317 -0.999789 -0.002387 -0.006412 -0.997175 -0.00637 -0.009291 -0.993051 -0.116267 -0.005663 -0.971809 -0.214625 -0.013381 -0.976547 -0.214926 -0.003976 -0.920645 -0.376665 -0.010167 -0.957354 -0.288845 -0.002077 -0.870789 -0.484772 -0.004351 -0.942618 -0.33387 -0.000576 -0.836746 -0.545798 -0.000827 -0.937144 -0.348944 0.000005 -0.824759 -0.565484 -0.000007 -0.94266 -0.333751 -0.00058 -0.836895 -0.545772 0.000243 -0.957612 -0.287988 -0.002188 -0.871958 -0.484289 0.001545 -0.977062 -0.212566 -0.00423 -0.924003 -0.373708 0.002395 -0.993514 -0.112223 -0.005907 -0.976015 -0.205931 -0.001317 -0.999789 0.002387 -0.006412 -0.997175 0.00637 -0.009291 -0.993051 0.116267 -0.005663 -0.971809 0.214625 -0.013381 -0.976547 0.214926 -0.003976 -0.920645 0.376665 -0.010167 -0.957354 0.288844 -0.002077 -0.870789 0.484772 -0.004351 -0.942618 0.33387 -0.000576 -0.836746 0.545798 -0.000827 -0.937144 0.348943 0.000005 -0.824759 0.565484 -0.000007 -0.823397 0.564152 0.014924 -0.781523 0.6231 0.007004 -0.888346 0.451091 0.02163 -0.958793 0.266395 0.023567 -0.995312 0.014636 0.01751 -0.96614 -0.244913 0.00584 -0.894401 -0.44187 -0.003595 -0.825653 -0.561675 -0.00678 -0.781829 -0.622815 -0.004956 -0.767257 -0.641339 0.000007 -0.781523 -0.6231 0.007004 -0.823398 -0.564152 0.014924 -0.888346 -0.451091 0.021631 -0.958793 -0.266395 0.023567 -0.995312 -0.014636 0.01751 -0.96614 0.244914 0.00584 -0.894401 0.44187 -0.003595 -0.825652 0.561676 -0.00678 -0.781829 0.622815 -0.004956 -0.767257 0.641339 0.000007</float_array>
          <technique_common>
            <accessor source="#pCylinderShape1-lib-map1-tangents-array" count="80" stride="3">
              <param name="X" type="float"/>
              <param name="Y" type="float"/>
              <param name="Z" type="float"/>
            </accessor>
          </technique_common>
        </source>
        <source id="pCylinderShape1-lib-map1-binormals">
          <float_array id="pCylinderShape1-lib-map1-binormals-array" count="171">0.000001 0 -1 0 -1 0 0.035443 0.101839 0.994169 0.057017 0.197031 0.978738 0.162663 0.289865 0.943143 0.095653 0.146239 0.984614 0.056047 0.276714 0.959317 0.173512 0.423312 0.889214 0.031711 0.330398 0.943309 0.109939 0.526452 0.843067 -0.006843 0.348936 0.937122 -0.011296 0.565448 0.824707 -0.043899 0.328997 0.94331 -0.127058 0.522755 0.842961 -0.064405 0.274885 0.959318 -0.181655 0.42 0.889158 -0.061191 0.195774 0.978738 -0.165274 0.288413 0.943134 -0.036541 0.10145 0.994169 -0.096151 0.145914 0.984614 0.000005 0.000001 1 0.035444 -0.10184 0.994169 0.095654 -0.146239 0.984614 0.057017 -0.197032 0.978738 0.162663 -0.289865 0.943143 0.056047 -0.276714 0.959317 0.173512 -0.423312 0.889214 0.031711 -0.330398 0.943309 0.109939 -0.526452 0.843067 -0.006843 -0.348935 0.937122 -0.011296 -0.565448 0.824707 -0.043899 -0.328996 0.94331 -0.127058 -0.522755 0.842961 -0.064405 -0.274885 0.959318 -0.181655 -0.419999 0.889158 -0.061191 -0.195774 0.978738 -0.165274 -0.288413 0.943134 -0.036541 -0.10145 0.994169 -0.096151 -0.145914 0.984614 0.224515 0.303188 0.926105 0.128923 0.150683 0.98014 0.251515 0.454336 0.854587 0.181406 0.582831 0.792086 0.022923 0.641171 0.767055 -0.145381 0.5924 0.792418 -0.232582 0.46382 0.854855 -0.217238 0.308156 0.926201 -0.127288 0.151986 0.980152 0.128923 -0.150683 0.98014 0.224516 -0.303189 0.926104 0.251515 -0.454337 0.854587 0.181406 -0.582831 0.792086 0.022923 -0.641171 0.767056 -0.145381 -0.5924 0.792418 -0.232582 -0.46382 0.854855 -0.217238 -0.308156 0.926201 -0.127288 -0.151987 0.980152</float_array>
          <technique_common>
            <accessor source="#pCylinderShape1-lib-map1-binormals-array" count="57" stride="3">
              <param name="X" type="float"/>
              <param name="Y" type="float"/>
              <param name="Z" type="float"/>
            </accessor>
          </technique_common>
        </source>
        <vertices id="pCylinderShape1-lib-vertices">
          <input semantic="POSITION" source="#pCylinderShape1-lib-positions"/>
        </vertices>
        <triangles material="initialShadingGroup" count="1000">
          <input semantic="VERTEX" source="#pCylinderShape1-lib-vertices" offset="0"/>
          <input semantic="NORMAL" source="#pCylinderShape1-lib-normals" offset="1"/>
          <input semantic="TEXCOORD" source="#pCylinderShape1-lib-map1" offset="2" set="0"/>
          <input semantic="TEXTANGENT" source="#pCylinderShape1-lib-map1-tangents" offset="7" set="0"/>
          <input semantic="TEXBINORMAL" source="#pCylinderShape1-lib-map1-binormals" offset="8" set="0"/>
          <p>0 0 0 0 0 0 0 0 0 1 1 1 0 0 0 0 0 0 21 2 21 0 0 0 0 0 0 0 0 0 0 0 0 0 0 0 21 2 21 0 0 0 0 0 0 20 3 20 0 0 0 0 0 0 1 1 1 0 0 0 0 0 0 2 4 2 0 0 0 0 0 0 22 5 22 0 0 0 0 0 0 1 1 1 0 0 0 0 0 0 22 5 22 0 0 0 0 0 0 21 2 21 0 0 0 0 0 0 2 4 2 0 0 0 0 0 0 3 6 3 0 0 0 0 0 0 23 7 23 0 0 0 0 0 0 2 4 2 0 0 0 0 0 0 23 7 23 0 0 0 0 0 0 22 5 22 0 0 0 0 0 0 3 6 3 0 0 0 0 0 0 4 8 4 0 0 0 0 0 0 24 9 24 0 0 0 0 0 0 3 6 3 0 0 0 0 0 0 24 9 24 0 0 0 0 0 0 23 7 23 0 0 0 0 0 0 4 8 4 0 0 0 0 0 0 5 10 5 0 0 0 0 0 0 25 11 25 0 0 0 0 0 0 4 8 4 0 0 0 0 0 0 25 11 25 0 0 0 0 0 0 24 9 24 0 0 0 0 0 0 5 10 5 0 0 0 0 0 0 6 12 6 0 0 0 0 0 0 26 13 26 0 0 0 0 0 0 5 10 5 0 0 0 0 0 0 26 13 26 0 0 0 0 0 0 25 11 25 0 0 0 0 0 0 6 12 6 0 0 0 0 0 0 7 14 7 0 0 0 0 0 0 27 15 27 0 0 0 0 0 0 6 12 6 0 0 0 0 0 0 27 15 27 0 0 0 0 0 0 26 13 26 0 0 0 0 0 0 7 14 7 0 0 0 0 0 0 8 16 8 0 0 0 0 0 0 28 17 28 0 0 0 0 0 0 7 14 7 0 0 0 0 0 0 28 17 28 0 0 0 0 0 0 27 15 27 0 0 0 0 0 0 8 16 8 0 0 0 0 0 0 9 18 9 0 0 0 0 0 0 29 19 29 0 0 0 0 0 0 8 16 8 0 0 0 0 0 0 29 19 29 0 0 0 0 0 0 28 17 28 0 0 0 0 0 0 9 18 9 0 0 0 0 0 0 10 20 10 0 0 0 0 0 0 30 21 30 0 0 0 0 0 0 9 18 9 0 0 0 0 0 0 30 21 30 0 0 0 0 0 0 29 19 29 0 0 0 0 0 0 10 20 10 0 0 0 0 0 0 11 22 11 0 0 0 0 0 0 31 23 31 0 0 0 0 0 0 10 20 10 0 0 0 0 0 0 31 23 31 0 0 0 0 0 0 30 21 30 0 0 0 0 0 0 11 22 11 0 0 0 0 0 0 12 24 12 0 0 0 0 0 0 32 25 32 0 0 0 0 0 0 11 22 11 0 0 0 0 0 0 32 25 32 0 0 0 0 0 0 31 23 31 0 0 0 0 0 0 12 24 12 0 0 0 0 0 0 13 26 13 0 0 0 0 0 0 33 27 33 0 0 0 0 0 0 12 24 12 0 0 0 0 0 0 33 27 33 0 0 0 0 0 0 32 25 32 0 0 0 0 0 0 13 26 13 0 0 0 0 0 0 14 28 14 0 0 0 0 0 0 34 29 34 0 0 0 0 0 0 13 26 13 0 0 0 0 0 0 34 29 34 0 0 0 0 0 0 33 27 33 0 0 0 0 0 0 14 28 14 0 0 0 0 0 0 15 30 15 0 0 0 0 0 0 35 31 35 0 0 0 0 0 0 14 28 14 0 0 0 0 0 0 35 31 35 0 0 0 0 0 0 34 29 34 0 0 0 0 0 0 15 30 15 0 0 0 0 0 0 16 32 16 0 0 0 0 0 0 36 33 36 0 0 0 0 0 0 15 30 15 0 0 0 0 0 0 36 33 36 0 0 0 0 0 0 35 31 35 0 0 0 0 0 0 16 32 16 0 0 0 0 0 0 17 34 17 0 0 0 0 0 0 37 35 37 0 0 0 0 0 0 16 32 16 0 0 0 0 0 0 37 35 37 0 0 0 0 0 0 36 33 36 0 0 0 0 0 0 17 34 17 0 0 0 0 0 0 18 36 18 0 0 0 0 0 0 38 37 38 0 0 0 0 0 0 17 34 17 0 0 0 0 0 0 38 37 38 0 0 0 0 0 0 37 35 37 0 0 0 0 0 0 18 36 18 0 0 0 0 0 0 19 38 19 0 0 0 0 0 0 39 39 39 0 0 0 0 0 0 18 36 18 0 0 0 0 0 0 39 39 39 0 0 0 0 0 0 38 37 38 0 0 0 0 0 0 19 38 19 0 0 0 0 0 0 0 0 0 0 0 0 0 0 0 20 3 20 0 0 0 0 0 0 19 38 19 0 0 0 0 0 0 20 3 20 0 0 0 0 0 0 39 39 39 0 0 0 0 0 0 20 3 20 0 0 0 0 0 0 21 2 21 0 0 0 0 0 0 41 40 41 0 0 0 0 0 0 20 3 20 0 0 0 0 0 0 41 40 41 0 0 0 0 0 0 40 41 40 0 0 0 0 0 0 21 2 21 0 0 0 0 0 0 22 5 22 0 0 0 0 0 0 42 42 42 0 0 0 0 0 0 21 2 21 0 0 0 0 0 0 42 42 42 0 0 0 0 0 0 41 40 41 0 0 0 0 0 0 22 5 22 0 0 0 0 0 0 23 7 23 0 0 0 0 0 0 43 43 43 0 0 0 0 0 0 22 5 22 0 0 0 0 0 0 43 43 43 0 0 0 0 0 0 42 42 42 0 0 0 0 0 0 23 7 23 0 0 0 0 0 0 24 9 24 0 0 0 0 0 0 44 44 44 0 0 0 0 0 0 23 7 23 0 0 0 0 0 0 44 44 44 0 0 0 0 0 0 43 43 43 0 0 0 0 0 0 24 9 24 0 0 0 0 0 0 25 11 25 0 0 0 0 0 0 45 45 45 0 0 0 0 0 0 24 9 24 0 0 0 0 0 0 45 45 45 0 0 0 0 0 0 44 44 44 0 0 0 0 0 0 25 11 25 0 0 0 0 0 0 26 13 26 0 0 0 0 0 0 46 46 46 0 0 0 0 0 0 25 11 25 0 0 0 0 0 0 46 46 46 0 0 0 0 0 0 45 45 45 0 0 0 0 0 0 26 13 26 0 0 0 0 0 0 27 15 27 0 0 0 0 0 0 47 47 47 0 0 0 0 0 0 26 13 26 0 0 0 0 0 0 47 47 47 0 0 0 0 0 0 46 46 46 0 0 0 0 0 0 27 15 27 0 0 0 0 0 0 28 17 28 0 0 0 0 0 0 48 48 48 0 0 0 0 0 0 27 15 27 0 0 0 0 0 0 48 48 48 0 0 0 0 0 0 47 47 47 0 0 0 0 0 0 28 17 28 0 0 0 0 0 0 29 19 29 0 0 0 0 0 0 49 49 49 0 0 0 0 0 0 28 17 28 0 0 0 0 0 0 49 49 49 0 0 0 0 0 0 48 48 48 0 0 0 0 0 0 29 19 29 0 0 0 0 0 0 30 21 30 0 0 0 0 0 0 50 50 50 0 0 0 0 0 0 29 19 29 0 0 0 0 0 0 50 50 50 0 0 0 0 0 0 49 49 49 0 0 0 0 0 0 30 21 30 0 0 0 0 0 0 31 23 31 0 0 0 0 0 0 51 51 51 0 0 0 0 0 0 30 21 30 0 0 0 0 0 0 51 51 51 0 0 0 0 0 0 50 50 50 0 0 0 0 0 0 31 23 31 0 0 0 0 0 0 32 25 32 0 0 0 0 0 0 52 52 52 0 0 0 0 0 0 31 23 31 0 0 0 0 0 0 52 52 52 0 0 0 0 0 0 51 51 51 0 0 0 0 0 0 32 25 32 0 0 0 0 0 0 33 27 33 0 0 0 0 0 0 53 53 53 0 0 0 0 0 0 32 25 32 0 0 0 0 0 0 53 53 53 0 0 0 0 0 0 52 52 52 0 0 0 0 0 0 33 27 33 0 0 0 0 0 0 34 29 34 0 0 0 0 0 0 54 54 54 0 0 0 0 0 0 33 27 33 0 0 0 0 0 0 54 54 54 0 0 0 0 0 0 53 53 53 0 0 0 0 0 0 34 29 34 0 0 0 0 0 0 35 31 35 0 0 0 0 0 0 55 55 55 0 0 0 0 0 0 34 29 34 0 0 0 0 0 0 55 55 55 0 0 0 0 0 0 54 54 54 0 0 0 0 0 0 35 31 35 0 0 0 0 0 0 36 33 36 0 0 0 0 0 0 56 56 56 0 0 0 0 0 0 35 31 35 0 0 0 0 0 0 56 56 56 0 0 0 0 0 0 55 55 55 0 0 0 0 0 0 36 33 36 0 0 0 0 0 0 37 35 37 0 0 0 0 0 0 57 57 57 0 0 0 0 0 0 36 33 36 0 0 0 0 0 0 57 57 57 0 0 0 0 0 0 56 56 56 0 0 0 0 0 0 37 35 37 0 0 0 0 0 0 38 37 38 0 0 0 0 0 0 58 58 58 0 0 0 0 0 0 37 35 37 0 0 0 0 0 0 58 58 58 0 0 0 0 0 0 57 57 57 0 0 0 0 0 0 38 37 38 0 0 0 0 0 0 39 39 39 0 0 0 0 0 0 59 59 59 0 0 0 0 0 0 38 37 38 0 0 0 0 0 0 59 59 59 0 0 0 0 0 0 58 58 58 0 0 0 0 0 0 39 39 39 0 0 0 0 0 0 20 3 20 0 0 0 0 0 0 40 41 40 0 0 0 0 0 0 39 39 39 0 0 0 0 0 0 40 41 40 0 0 0 0 0 0 59 59 59 0 0 0 0 0 0 40 60 60 0 0 1 1 1 1 41 61 61 0 0 2 1 2 1 61 62 82 0 0 2 1 2 1 40 60 60 0 0 1 1 1 1 61 62 82 0 0 2 1 2 1 60 63 81 0 0 1 1 1 1 41 61 61 0 0 2 1 2 1 42 64 62 0 0 3 1 3 1 62 65 83 0 0 3 1 3 1 41 61 61 0 0 2 1 2 1 62 65 83 0 0 3 1 3 1 61 62 82 0 0 2 1 2 1 42 64 62 0 0 3 1 3 1 43 66 63 0 0 4 1 4 1 63 67 84 0 0 4 1 4 1 42 64 62 0 0 3 1 3 1 63 67 84 0 0 4 1 4 1 62 65 83 0 0 3 1 3 1 43 66 63 0 0 4 1 4 1 44 68 64 0 0 5 1 5 1 64 69 85 0 0 5 1 5 1 43 66 63 0 0 4 1 4 1 64 69 85 0 0 5 1 5 1 63 67 84 0 0 4 1 4 1 44 68 64 0 0 5 1 5 1 45 70 65 0 0 6 1 6 1 65 71 86 0 0 6 1 6 1 44 68 64 0 0 5 1 5 1 65 71 86 0 0 6 1 6 1 64 69 85 0 0 5 1 5 1 45 70 65 0 0 6 1 6 1 46 72 66 0 0 7 1 7 1 66 73 87 0 0 7 1 7 1 45 70 65 0 0 6 1 6 1 66 73 87 0 0 7 1 7 1 65 71 86 0 0 6 1 6 1 46 72 66 0 0 7 1 7 1 47 74 67 0 0 8 1 8 1 67 75 88 0 0 8 1 8 1 46 72 66 0 0 7 1 7 1 67 75 88 0 0 8 1 8 1 66 73 87 0 0 7 1 7 1 47 74 67 0 0 8 1 8 1 48 76 68 0 0 9 1 9 1 68 77 89 0 0 9 1 9 1 47 74 67 0 0 8 1 8 1 68 77 89 0 0 9 1 9 1 67 75 88 0 0 8 1 8 1 48 76 68 0 0 9 1 9 1 49 78 69 0 0 10 1 10 1 69 79 90 0 0 10 1 10 1 48 76 68 0 0 9 1 9 1 69 79 90 0 0 10 1 10 1 68 77 89 0 0 9 1 9 1 49 78 69 0 0 10 1 10 1 50 80 70 0 0 11 1 11 1 70 81 91 0 0 11 1 11 1 49 78 69 0 0 10 1 10 1 70 81 91 0 0 11 1 11 1 69 79 90 0 0 10 1 10 1 50 80 70 0 0 11 1 11 1 51 82 71 0 0 12 1 12 1 71 83 92 0 0 12 1 12 1 50 80 70 0 0 11 1 11 1 71 83 92 0 0 12 1 12 1 70 81 91 0 0 11 1 11 1 51 82 71 0 0 12 1 12 1 52 84 72 0 0 13 1 13 1 72 85 93 0 0 13 1 13 1 51 82 71 0 0 12 1 12 1 72 85 93 0 0 13 1 13 1 71 83 92 0 0 12 1 12 1 52 84 72 0 0 13 1 13 1 53 86 73 0 0 14 1 14 1 73 87 94 0 0 14 1 14 1 52 84 72 0 0 13 1 13 1 73 87 94 0 0 14 1 14 1 72 85 93 0 0 13 1 13 1 53 86 73 0 0 14 1 14 1 54 88 74 0 0 0 1 0 1 74 89 95 0 0 0 1 0 1 53 86 73 0 0 14 1 14 1 74 89 95 0 0 0 1 0 1 73 87 94 0 0 14 1 14 1 54 88 74 0 0 0 1 0 1 55 90 75 0 0 15 1 15 1 75 91 96 0 0 15 1 15 1 54 88 74 0 0 0 1 0 1 75 91 96 0 0 15 1 15 1 74 89 95 0 0 0 1 0 1 55 90 75 0 0 15 1 15 1 56 92 76 0 0 16 1 16 1 76 93 97 0 0 16 1 16 1 55 90 75 0 0 15 1 15 1 76 93 97 0 0 16 1 16 1 75 91 96 0 0 15 1 15 1 56 92 76 0 0 16 1 16 1 57 94 77 0 0 17 1 17 1 77 95 98 0 0 17 1 17 1 56 92 76 0 0 16 1 16 1 77 95 98 0 0 17 1 17 1 76 93 97 0 0 16 1 16 1 57 94 77 0 0 17 1 17 1 58 96 78 0 0 18 1 18 1 78 97 99 0 0 18 1 18 1 57 94 77 0 0 17 1 17 1 78 97 99 0 0 18 1 18 1 77 95 98 0 0 17 1 17 1 58 96 78 0 0 18 1 18 1 59 98 79 0 0 19 1 19 1 79 99 100 0 0 19 1 19 1 58 96 78 0 0 18 1 18 1 79 99 100 0 0 19 1 19 1 78 97 99 0 0 18 1 18 1 59 98 79 0 0 19 1 19 1 40 60 80 0 0 1 1 1 1 60 63 101 0 0 1 1 1 1 59 98 79 0 0 19 1 19 1 60 63 101 0 0 1 1 1 1 79 99 100 0 0 19 1 19 1 60 63 81 0 0 1 1 1 1 61 62 82 0 0 2 1 2 1 81 100 103 0 0 2 1 2 1 60 63 81 0 0 1 1 1 1 81 100 103 0 0 2 1 2 1 80 101 102 0 0 1 1 1 1 61 62 82 0 0 2 1 2 1 62 65 83 0 0 3 1 3 1 82 102 104 0 0 3 1 3 1 61 62 82 0 0 2 1 2 1 82 102 104 0 0 3 1 3 1 81 100 103 0 0 2 1 2 1 62 65 83 0 0 3 1 3 1 63 67 84 0 0 4 1 4 1 83 103 105 0 0 4 1 4 1 62 65 83 0 0 3 1 3 1 83 103 105 0 0 4 1 4 1 82 102 104 0 0 3 1 3 1 63 67 84 0 0 4 1 4 1 64 69 85 0 0 5 1 5 1 84 104 106 0 0 5 1 5 1 63 67 84 0 0 4 1 4 1 84 104 106 0 0 5 1 5 1 83 103 105 0 0 4 1 4 1 64 69 85 0 0 5 1 5 1 65 71 86 0 0 6 1 6 1 85 105 107 0 0 6 1 6 1 64 69 85 0 0 5 1 5 1 85 105 107 0 0 6 1 6 1 84 104 106 0 0 5 1 5 1 65 71 86 0 0 6 1 6 1 66 73 87 0 0 7 1 7 1 86 106 108 0 0 7 1 7 1 65 71 86 0 0 6 1 6 1 86 106 108 0 0 7 1 7 1 85 105 107 0 0 6 1 6 1 66 73 87 0 0 7 1 7 1 67 75 88 0 0 8 1 8 1 87 107 109 0 0 8 1 8 1 66 73 87 0 0 7 1 7 1 87 107 109 0 0 8 1 8 1 86 106 108 0 0 7 1 7 1 67 75 88 0 0 8 1 8 1 68 77 89 0 0 9 1 9 1 88 108 110 0 0 9 1 9 1 67 75 88 0 0 8 1 8 1 88 108 110 0 0 9 1 9 1 87 107 109 0 0 8 1 8 1 68 77 89 0 0 9 1 9 1 69 79 90 0 0 10 1 10 1 89 109 111 0 0 10 1 10 1 68 77 89 0 0 9 1 9 1 89 109 111 0 0 10 1 10 1 88 108 110 0 0 9 1 9 1 69 79 90 0 0 10 1 10 1 70 81 91 0 0 11 1 11 1 90 110 112 0 0 11 1 11 1 69 79 90 0 0 10 1 10 1 90 110 112 0 0 11 1 11 1 89 109 111 0 0 10 1 10 1 70 81 91 0 0 11 1 11 1 71 83 92 0 0 12 1 12 1 91 111 113 0 0 12 1 12 1 70 81 91 0 0 11 1 11 1 91 111 113 0 0 12 1 12 1 90 110 112 0 0 11 1 11 1 71 83 92 0 0 12 1 12 1 72 85 93 0 0 13 1 13 1 92 112 114 0 0 13 1 13 1 71 83 92 0 0 12 1 12 1 92 112 114 0 0 13 1 13 1 91 111 113 0 0 12 1 12 1 72 85 93 0 0 13 1 13 1 73 87 94 0 0 14 1 14 1 93 113 115 0 0 14 1 14 1 72 85 93 0 0 13 1 13 1 93 113 115 0 0 14 1 14 1 92 112 114 0 0 13 1 13 1 73 87 94 0 0 14 1 14 1 74 89 95 0 0 0 1 0 1 94 114 116 0 0 0 1 0 1 73 87 94 0 0 14 1 14 1 94 114 116 0 0 0 1 0 1 93 113 115 0 0 14 1 14 1 74 89 95 0 0 0 1 0 1 75 91 96 0 0 15 1 15 1 95 115 117 0 0 15 1 15 1 74 89 95 0 0 0 1 0 1 95 115 117 0 0 15 1 15 1 94 114 116 0 0 0 1 0 1 75 91 96 0 0 15 1 15 1 76 93 97 0 0 16 1 16 1 96 116 118 0 0 16 1 16 1 75 91 96 0 0 15 1 15 1 96 116 118 0 0 16 1 16 1 95 115 117 0 0 15 1 15 1 76 93 97 0 0 16 1 16 1 77 95 98 0 0 17 1 17 1 97 117 119 0 0 17 1 17 1 76 93 97 0 0 16 1 16 1 97 117 119 0 0 17 1 17 1 96 116 118 0 0 16 1 16 1 77 95 98 0 0 17 1 17 1 78 97 99 0 0 18 1 18 1 98 118 120 0 0 18 1 18 1 77 95 98 0 0 17 1 17 1 98 118 120 0 0 18 1 18 1 97 117 119 0 0 17 1 17 1 78 97 99 0 0 18 1 18 1 79 99 100 0 0 19 1 19 1 99 119 121 0 0 19 1 19 1 78 97 99 0 0 18 1 18 1 99 119 121 0 0 19 1 19 1 98 118 120 0 0 18 1 18 1 79 99 100 0 0 19 1 19 1 60 63 101 0 0 1 1 1 1 80 101 122 0 0 1 1 1 1 79 99 100 0 0 19 1 19 1 80 101 122 0 0 1 1 1 1 99 119 121 0 0 19 1 19 1 80 101 102 0 0 1 1 1 1 81 100 103 0 0 2 1 2 1 101 120 124 0 0 2 1 2 1 80 101 102 0 0 1 1 1 1 101 120 124 0 0 2 1 2 1 100 121 123 0 0 1 1 1 1 81 100 103 0 0 2 1 2 1 82 102 104 0 0 3 1 3 1 102 122 125 0 0 3 1 3 1 81 100 103 0 0 2 1 2 1 102 122 125 0 0 3 1 3 1 101 120 124 0 0 2 1 2 1 82 102 104 0 0 3 1 3 1 83 103 105 0 0 4 1 4 1 103 123 126 0 0 4 1 4 1 82 102 104 0 0 3 1 3 1 103 123 126 0 0 4 1 4 1 102 122 125 0 0 3 1 3 1 83 103 105 0 0 4 1 4 1 84 104 106 0 0 5 1 5 1 104 124 127 0 0 5 1 5 1 83 103 105 0 0 4 1 4 1 104 124 127 0 0 5 1 5 1 103 123 126 0 0 4 1 4 1 84 104 106 0 0 5 1 5 1 85 105 107 0 0 6 1 6 1 105 125 128 0 0 6 1 6 1 84 104 106 0 0 5 1 5 1 105 125 128 0 0 6 1 6 1 104 124 127 0 0 5 1 5 1 85 105 107 0 0 6 1 6 1 86 106 108 0 0 7 1 7 1 106 126 129 0 0 7 1 7 1 85 105 107 0 0 6 1 6 1 106 126 129 0 0 7 1 7 1 105 125 128 0 0 6 1 6 1 86 106 108 0 0 7 1 7 1 87 107 109 0 0 8 1 8 1 107 127 130 0 0 8 1 8 1 86 106 108 0 0 7 1 7 1 107 127 130 0 0 8 1 8 1 106 126 129 0 0 7 1 7 1 87 107 109 0 0 8 1 8 1 88 108 110 0 0 9 1 9 1 108 128 131 0 0 9 1 9 1 87 107 109 0 0 8 1 8 1 108 128 131 0 0 9 1 9 1 107 127 130 0 0 8 1 8 1 88 108 110 0 0 9 1 9 1 89 109 111 0 0 10 1 10 1 109 129 132 0 0 10 1 10 1 88 108 110 0 0 9 1 9 1 109 129 132 0 0 10 1 10 1 108 128 131 0 0 9 1 9 1 89 109 111 0 0 10 1 10 1 90 110 112 0 0 11 1 11 1 110 130 133 0 0 11 1 11 1 89 109 111 0 0 10 1 10 1 110 130 133 0 0 11 1 11 1 109 129 132 0 0 10 1 10 1 90 110 112 0 0 11 1 11 1 91 111 113 0 0 12 1 12 1 111 131 134 0 0 12 1 12 1 90 110 112 0 0 11 1 11 1 111 131 134 0 0 12 1 12 1 110 130 133 0 0 11 1 11 1 91 111 113 0 0 12 1 12 1 92 112 114 0 0 13 1 13 1 112 132 135 0 0 13 1 13 1 91 111 113 0 0 12 1 12 1 112 132 135 0 0 13 1 13 1 111 131 134 0 0 12 1 12 1 92 112 114 0 0 13 1 13 1 93 113 115 0 0 14 1 14 1 113 133 136 0 0 14 1 14 1 92 112 114 0 0 13 1 13 1 113 133 136 0 0 14 1 14 1 112 132 135 0 0 13 1 13 1 93 113 115 0 0 14 1 14 1 94 114 116 0 0 0 1 0 1 114 134 137 0 0 0 1 0 1 93 113 115 0 0 14 1 14 1 114 134 137 0 0 0 1 0 1 113 133 136 0 0 14 1 14 1 94 114 116 0 0 0 1 0 1 95 115 117 0 0 15 1 15 1 115 135 138 0 0 15 1 15 1 94 114 116 0 0 0 1 0 1 115 135 138 0 0 15 1 15 1 114 134 137 0 0 0 1 0 1 95 115 117 0 0 15 1 15 1 96 116 118 0 0 16 1 16 1 116 136 139 0 0 16 1 16 1 95 115 117 0 0 15 1 15 1 116 136 139 0 0 16 1 16 1 115 135 138 0 0 15 1 15 1 96 116 118 0 0 16 1 16 1 97 117 119 0 0 17 1 17 1 117 137 140 0 0 17 1 17 1 96 116 118 0 0 16 1 16 1 117 137 140 0 0 17 1 17 1 116 136 139 0 0 16 1 16 1 97 117 119 0 0 17 1 17 1 98 118 120 0 0 18 1 18 1 118 138 141 0 0 18 1 18 1 97 117 119 0 0 17 1 17 1 118 138 141 0 0 18 1 18 1 117 137 140 0 0 17 1 17 1 98 118 120 0 0 18 1 18 1 99 119 121 0 0 19 1 19 1 119 139 142 0 0 19 1 19 1 98 118 120 0 0 18 1 18 1 119 139 142 0 0 19 1 19 1 118 138 141 0 0 18 1 18 1 99 119 121 0 0 19 1 19 1 80 101 122 0 0 1 1 1 1 100 121 143 0 0 1 1 1 1 99 119 121 0 0 19 1 19 1 100 121 143 0 0 1 1 1 1 119 139 142 0 0 19 1 19 1 100 121 123 0 0 1 1 1 1 101 120 124 0 0 2 1 2 1 121 140 145 0 0 2 1 2 1 100 121 123 0 0 1 1 1 1 121 140 145 0 0 2 1 2 1 120 141 144 0 0 1 1 1 1 101 120 124 0 0 2 1 2 1 102 122 125 0 0 3 1 3 1 122 142 146 0 0 3 1 3 1 101 120 124 0 0 2 1 2 1 122 142 146 0 0 3 1 3 1 121 140 145 0 0 2 1 2 1 102 122 125 0 0 3 1 3 1 103 123 126 0 0 4 1 4 1 123 143 147 0 0 4 1 4 1 102 122 125 0 0 3 1 3 1 123 143 147 0 0 4 1 4 1 122 142 146 0 0 3 1 3 1 103 123 126 0 0 4 1 4 1 104 124 127 0 0 5 1 5 1 124 144 148 0 0 5 1 5 1 103 123 126 0 0 4 1 4 1 124 144 148 0 0 5 1 5 1 123 143 147 0 0 4 1 4 1 104 124 127 0 0 5 1 5 1 105 125 128 0 0 6 1 6 1 125 145 149 0 0 6 1 6 1 104 124 127 0 0 5 1 5 1 125 145 149 0 0 6 1 6 1 124 144 148 0 0 5 1 5 1 105 125 128 0 0 6 1 6 1 106 126 129 0 0 7 1 7 1 126 146 150 0 0 7 1 7 1 105 125 128 0 0 6 1 6 1 126 146 150 0 0 7 1 7 1 125 145 149 0 0 6 1 6 1 106 126 129 0 0 7 1 7 1 107 127 130 0 0 8 1 8 1 127 147 151 0 0 8 1 8 1 106 126 129 0 0 7 1 7 1 127 147 151 0 0 8 1 8 1 126 146 150 0 0 7 1 7 1 107 127 130 0 0 8 1 8 1 108 128 131 0 0 9 1 9 1 128 148 152 0 0 9 1 9 1 107 127 130 0 0 8 1 8 1 128 148 152 0 0 9 1 9 1 127 147 151 0 0 8 1 8 1 108 128 131 0 0 9 1 9 1 109 129 132 0 0 10 1 10 1 129 149 153 0 0 10 1 10 1 108 128 131 0 0 9 1 9 1 129 149 153 0 0 10 1 10 1 128 148 152 0 0 9 1 9 1 109 129 132 0 0 10 1 10 1 110 130 133 0 0 11 1 11 1 130 150 154 0 0 11 1 11 1 109 129 132 0 0 10 1 10 1 130 150 154 0 0 11 1 11 1 129 149 153 0 0 10 1 10 1 110 130 133 0 0 11 1 11 1 111 131 134 0 0 12 1 12 1 131 151 155 0 0 12 1 12 1 110 130 133 0 0 11 1 11 1 131 151 155 0 0 12 1 12 1 130 150 154 0 0 11 1 11 1 111 131 134 0 0 12 1 12 1 112 132 135 0 0 13 1 13 1 132 152 156 0 0 13 1 13 1 111 131 134 0 0 12 1 12 1 132 152 156 0 0 13 1 13 1 131 151 155 0 0 12 1 12 1 112 132 135 0 0 13 1 13 1 113 133 136 0 0 14 1 14 1 133 153 157 0 0 14 1 14 1 112 132 135 0 0 13 1 13 1 133 153 157 0 0 14 1 14 1 132 152 156 0 0 13 1 13 1 113 133 136 0 0 14 1 14 1 114 134 137 0 0 0 1 0 1 134 154 158 0 0 0 1 0 1 113 133 136 0 0 14 1 14 1 134 154 158 0 0 0 1 0 1 133 153 157 0 0 14 1 14 1 114 134 137 0 0 0 1 0 1 115 135 138 0 0 15 1 15 1 135 155 159 0 0 15 1 15 1 114 134 137 0 0 0 1 0 1 135 155 159 0 0 15 1 15 1 134 154 158 0 0 0 1 0 1 115 135 138 0 0 15 1 15 1 116 136 139 0 0 16 1 16 1 136 156 160 0 0 16 1 16 1 115 135 138 0 0 15 1 15 1 136 156 160 0 0 16 1 16 1 135 155 159 0 0 15 1 15 1 116 136 139 0 0 16 1 16 1 117 137 140 0 0 17 1 17 1 137 157 161 0 0 17 1 17 1 116 136 139 0 0 16 1 16 1 137 157 161 0 0 17 1 17 1 136 156 160 0 0 16 1 16 1 117 137 140 0 0 17 1 17 1 118 138 141 0 0 18 1 18 1 138 158 162 0 0 18 1 18 1 117 137 140 0 0 17 1 17 1 138 158 162 0 0 18 1 18 1 137 157 161 0 0 17 1 17 1 118 138 141 0 0 18 1 18 1 119 139 142 0 0 19 1 19 1 139 159 163 0 0 19 1 19 1 118 138 141 0 0 18 1 18 1 139 159 163 0 0 19 1 19 1 138 158 162 0 0 18 1 18 1 119 139 142 0 0 19 1 19 1 100 121 143 0 0 1 1 1 1 120 141 164 0 0 1 1 1 1 119 139 142 0 0 19 1 19 1 120 141 164 0 0 1 1 1 1 139 159 163 0 0 19 1 19 1 120 141 144 0 0 1 1 1 1 121 140 145 0 0 2 1 2 1 141 160 166 0 0 2 1 2 1 120 141 144 0 0 1 1 1 1 141 160 166 0 0 2 1 2 1 140 161 165 0 0 1 1 1 1 121 140 145 0 0 2 1 2 1 122 142 146 0 0 3 1 3 1 142 162 167 0 0 3 1 3 1 121 140 145 0 0 2 1 2 1 142 162 167 0 0 3 1 3 1 141 160 166 0 0 2 1 2 1 122 142 146 0 0 3 1 3 1 123 143 147 0 0 4 1 4 1 143 163 168 0 0 4 1 4 1 122 142 146 0 0 3 1 3 1 143 163 168 0 0 4 1 4 1 142 162 167 0 0 3 1 3 1 123 143 147 0 0 4 1 4 1 124 144 148 0 0 5 1 5 1 144 164 169 0 0 5 1 5 1 123 143 147 0 0 4 1 4 1 144 164 169 0 0 5 1 5 1 143 163 168 0 0 4 1 4 1 124 144 148 0 0 5 1 5 1 125 145 149 0 0 6 1 6 1 145 165 170 0 0 6 1 6 1 124 144 148 0 0 5 1 5 1 145 165 170 0 0 6 1 6 1 144 164 169 0 0 5 1 5 1 125 145 149 0 0 6 1 6 1 126 146 150 0 0 7 1 7 1 146 166 171 0 0 7 1 7 1 125 145 149 0 0 6 1 6 1 146 166 171 0 0 7 1 7 1 145 165 170 0 0 6 1 6 1 126 146 150 0 0 7 1 7 1 127 147 151 0 0 8 1 8 1 147 167 172 0 0 8 1 8 1 126 146 150 0 0 7 1 7 1 147 167 172 0 0 8 1 8 1 146 166 171 0 0 7 1 7 1 127 147 151 0 0 8 1 8 1 128 148 152 0 0 9 1 9 1 148 168 173 0 0 9 1 9 1 127 147 151 0 0 8 1 8 1 148 168 173 0 0 9 1 9 1 147 167 172 0 0 8 1 8 1 128 148 152 0 0 9 1 9 1 129 149 153 0 0 10 1 10 1 149 169 174 0 0 10 1 10 1 128 148 152 0 0 9 1 9 1 149 169 174 0 0 10 1 10 1 148 168 173 0 0 9 1 9 1 129 149 153 0 0 10 1 10 1 130 150 154 0 0 11 1 11 1 150 170 175 0 0 11 1 11 1 129 149 153 0 0 10 1 10 1 150 170 175 0 0 11 1 11 1 149 169 174 0 0 10 1 10 1 130 150 154 0 0 11 1 11 1 131 151 155 0 0 12 1 12 1 151 171 176 0 0 12 1 12 1 130 150 154 0 0 11 1 11 1 151 171 176 0 0 12 1 12 1 150 170 175 0 0 11 1 11 1 131 151 155 0 0 12 1 12 1 132 152 156 0 0 13 1 13 1 152 172 177 0 0 13 1 13 1 131 151 155 0 0 12 1 12 1 152 172 177 0 0 13 1 13 1 151 171 176 0 0 12 1 12 1 132 152 156 0 0 13 1 13 1 133 153 157 0 0 14 1 14 1 153 173 178 0 0 14 1 14 1 132 152 156 0 0 13 1 13 1 153 173 178 0 0 14 1 14 1 152 172 177 0 0 13 1 13 1 133 153 157 0 0 14 1 14 1 134 154 158 0 0 0 1 0 1 154 174 179 0 0 0 1 0 1 133 153 157 0 0 14 1 14 1 154 174 179 0 0 0 1 0 1 153 173 178 0 0 14 1 14 1 134 154 158 0 0 0 1 0 1 135 155 159 0 0 15 1 15 1 155 175 180 0 0 15 1 15 1 134 154 158 0 0 0 1 0 1 155 175 180 0 0 15 1 15 1 154 174 179 0 0 0 1 0 1 135 155 159 0 0 15 1 15 1 136 156 160 0 0 16 1 16 1 156 176 181 0 0 16 1 16 1 135 155 159 0 0 15 1 15 1 156 176 181 0 0 16 1 16 1 155 175 180 0 0 15 1 15 1 136 156 160 0 0 16 1 16 1 137 157 161 0 0 17 1 17 1 157 177 182 0 0 17 1 17 1 136 156 160 0 0 16 1 16 1 157 177 182 0 0 17 1 17 1 156 176 181 0 0 16 1 16 1 137 157 161 0 0 17 1 17 1 138 158 162 0 0 18 1 18 1 158 178 183 0 0 18 1 18 1 137 157 161 0 0 17 1 17 1 158 178 183 0 0 18 1 18 1 157 177 182 0 0 17 1 17 1 138 158 162 0 0 18 1 18 1 139 159 163 0 0 19 1 19 1 159 179 184 0 0 19 1 19 1 138 158 162 0 0 18 1 18 1 159 179 184 0 0 19 1 19 1 158 178 183 0 0 18 1 18 1 139 159 163 0 0 19 1 19 1 120 141 164 0 0 1 1 1 1 140 161 185 0 0 1 1 1 1 139 159 163 0 0 19 1 19 1 140 161 185 0 0 1 1 1 1 159 179 184 0 0 19 1 19 1 140 161 165 0 0 1 1 1 1 141 160 166 0 0 2 1 2 1 161 180 187 0 0 2 1 2 1 140 161 165 0 0 1 1 1 1 161 180 187 0 0 2 1 2 1 160 181 186 0 0 1 1 1 1 141 160 166 0 0 2 1 2 1 142 162 167 0 0 3 1 3 1 162 182 188 0 0 3 1 3 1 141 160 166 0 0 2 1 2 1 162 182 188 0 0 3 1 3 1 161 180 187 0 0 2 1 2 1 142 162 167 0 0 3 1 3 1 143 163 168 0 0 4 1 4 1 163 183 189 0 0 4 1 4 1 142 162 167 0 0 3 1 3 1 163 183 189 0 0 4 1 4 1 162 182 188 0 0 3 1 3 1 143 163 168 0 0 4 1 4 1 144 164 169 0 0 5 1 5 1 164 184 190 0 0 5 1 5 1 143 163 168 0 0 4 1 4 1 164 184 190 0 0 5 1 5 1 163 183 189 0 0 4 1 4 1 144 164 169 0 0 5 1 5 1 145 165 170 0 0 6 1 6 1 165 185 191 0 0 6 1 6 1 144 164 169 0 0 5 1 5 1 165 185 191 0 0 6 1 6 1 164 184 190 0 0 5 1 5 1 145 165 170 0 0 6 1 6 1 146 166 171 0 0 7 1 7 1 166 186 192 0 0 7 1 7 1 145 165 170 0 0 6 1 6 1 166 186 192 0 0 7 1 7 1 165 185 191 0 0 6 1 6 1 146 166 171 0 0 7 1 7 1 147 167 172 0 0 8 1 8 1 167 187 193 0 0 8 1 8 1 146 166 171 0 0 7 1 7 1 167 187 193 0 0 8 1 8 1 166 186 192 0 0 7 1 7 1 147 167 172 0 0 8 1 8 1 148 168 173 0 0 9 1 9 1 168 188 194 0 0 9 1 9 1 147 167 172 0 0 8 1 8 1 168 188 194 0 0 9 1 9 1 167 187 193 0 0 8 1 8 1 148 168 173 0 0 9 1 9 1 149 169 174 0 0 10 1 10 1 169 189 195 0 0 10 1 10 1 148 168 173 0 0 9 1 9 1 169 189 195 0 0 10 1 10 1 168 188 194 0 0 9 1 9 1 149 169 174 0 0 10 1 10 1 150 170 175 0 0 11 1 11 1 170 190 196 0 0 11 1 11 1 149 169 174 0 0 10 1 10 1 170 190 196 0 0 11 1 11 1 169 189 195 0 0 10 1 10 1 150 170 175 0 0 11 1 11 1 151 171 176 0 0 12 1 12 1 171 191 197 0 0 12 1 12 1 150 170 175 0 0 11 1 11 1 171 191 197 0 0 12 1 12 1 170 190 196 0 0 11 1 11 1 151 171 176 0 0 12 1 12 1 152 172 177 0 0 13 1 13 1 172 192 198 0 0 13 1 13 1 151 171 176 0 0 12 1 12 1 172 192 198 0 0 13 1 13 1 171 191 197 0 0 12 1 12 1 152 172 177 0 0 13 1 13 1 153 173 178 0 0 14 1 14 1 173 193 199 0 0 14 1 14 1 152 172 177 0 0 13 1 13 1 173 193 199 0 0 14 1 14 1 172 192 198 0 0 13 1 13 1 153 173 178 0 0 14 1 14 1 154 174 179 0 0 0 1 0 1 174 194 200 0 0 0 1 0 1 153 173 178 0 0 14 1 14 1 174 194 200 0 0 0 1 0 1 173 193 199 0 0 14 1 14 1 154 174 179 0 0 0 1 0 1 155 175 180 0 0 15 1 15 1 175 195 201 0 0 15 1 15 1 154 174 179 0 0 0 1 0 1 175 195 201 0 0 15 1 15 1 174 194 200 0 0 0 1 0 1 155 175 180 0 0 15 1 15 1 156 176 181 0 0 16 1 16 1 176 196 202 0 0 16 1 16 1 155 175 180 0 0 15 1 15 1 176 196 202 0 0 16 1 16 1 175 195 201 0 0 15 1 15 1 156 176 181 0 0 16 1 16 1 157 177 182 0 0 17 1 17 1 177 197 203 0 0 17 1 17 1 156 176 181 0 0 16 1 16 1 177 197 203 0 0 17 1 17 1 176 196 202 0 0 16 1 16 1 157 177 182 0 0 17 1 17 1 158 178 183 0 0 18 1 18 1 178 198 204 0 0 18 1 18 1 157 177 182 0 0 17 1 17 1 178 198 204 0 0 18 1 18 1 177 197 203 0 0 17 1 17 1 158 178 183 0 0 18 1 18 1 159 179 184 0 0 19 1 19 1 179 199 205 0 0 19 1 19 1 158 178 183 0 0 18 1 18 1 179 199 205 0 0 19 1 19 1 178 198 204 0 0 18 1 18 1 159 179 184 0 0 19 1 19 1 140 161 185 0 0 1 1 1 1 160 181 206 0 0 1 1 1 1 159 179 184 0 0 19 1 19 1 160 181 206 0 0 1 1 1 1 179 199 205 0 0 19 1 19 1 160 181 186 0 0 1 1 1 1 161 180 187 0 0 2 1 2 1 181 200 208 0 0 2 1 2 1 160 181 186 0 0 1 1 1 1 181 200 208 0 0 2 1 2 1 180 201 207 0 0 1 1 1 1 161 180 187 0 0 2 1 2 1 162 182 188 0 0 3 1 3 1 182 202 209 0 0 3 1 3 1 161 180 187 0 0 2 1 2 1 182 202 209 0 0 3 1 3 1 181 200 208 0 0 2 1 2 1 162 182 188 0 0 3 1 3 1 163 183 189 0 0 4 1 4 1 183 203 210 0 0 4 1 4 1 162 182 188 0 0 3 1 3 1 183 203 210 0 0 4 1 4 1 182 202 209 0 0 3 1 3 1 163 183 189 0 0 4 1 4 1 164 184 190 0 0 5 1 5 1 184 204 211 0 0 5 1 5 1 163 183 189 0 0 4 1 4 1 184 204 211 0 0 5 1 5 1 183 203 210 0 0 4 1 4 1 164 184 190 0 0 5 1 5 1 165 185 191 0 0 6 1 6 1 185 205 212 0 0 6 1 6 1 164 184 190 0 0 5 1 5 1 185 205 212 0 0 6 1 6 1 184 204 211 0 0 5 1 5 1 165 185 191 0 0 6 1 6 1 166 186 192 0 0 7 1 7 1 186 206 213 0 0 7 1 7 1 165 185 191 0 0 6 1 6 1 186 206 213 0 0 7 1 7 1 185 205 212 0 0 6 1 6 1 166 186 192 0 0 7 1 7 1 167 187 193 0 0 8 1 8 1 187 207 214 0 0 8 1 8 1 166 186 192 0 0 7 1 7 1 187 207 214 0 0 8 1 8 1 186 206 213 0 0 7 1 7 1 167 187 193 0 0 8 1 8 1 168 188 194 0 0 9 1 9 1 188 208 215 0 0 9 1 9 1 167 187 193 0 0 8 1 8 1 188 208 215 0 0 9 1 9 1 187 207 214 0 0 8 1 8 1 168 188 194 0 0 9 1 9 1 169 189 195 0 0 10 1 10 1 189 209 216 0 0 10 1 10 1 168 188 194 0 0 9 1 9 1 189 209 216 0 0 10 1 10 1 188 208 215 0 0 9 1 9 1 169 189 195 0 0 10 1 10 1 170 190 196 0 0 11 1 11 1 190 210 217 0 0 11 1 11 1 169 189 195 0 0 10 1 10 1 190 210 217 0 0 11 1 11 1 189 209 216 0 0 10 1 10 1 170 190 196 0 0 11 1 11 1 171 191 197 0 0 12 1 12 1 191 211 218 0 0 12 1 12 1 170 190 196 0 0 11 1 11 1 191 211 218 0 0 12 1 12 1 190 210 217 0 0 11 1 11 1 171 191 197 0 0 12 1 12 1 172 192 198 0 0 13 1 13 1 192 212 219 0 0 13 1 13 1 171 191 197 0 0 12 1 12 1 192 212 219 0 0 13 1 13 1 191 211 218 0 0 12 1 12 1 172 192 198 0 0 13 1 13 1 173 193 199 0 0 14 1 14 1 193 213 220 0 0 14 1 14 1 172 192 198 0 0 13 1 13 1 193 213 220 0 0 14 1 14 1 192 212 219 0 0 13 1 13 1 173 193 199 0 0 14 1 14 1 174 194 200 0 0 0 1 0 1 194 214 221 0 0 0 1 0 1 173 193 199 0 0 14 1 14 1 194 214 221 0 0 0 1 0 1 193 213 220 0 0 14 1 14 1 174 194 200 0 0 0 1 0 1 175 195 201 0 0 15 1 15 1 195 215 222 0 0 15 1 15 1 174 194 200 0 0 0 1 0 1 195 215 222 0 0 15 1 15 1 194 214 221 0 0 0 1 0 1 175 195 201 0 0 15 1 15 1 176 196 202 0 0 16 1 16 1 196 216 223 0 0 16 1 16 1 175 195 201 0 0 15 1 15 1 196 216 223 0 0 16 1 16 1 195 215 222 0 0 15 1 15 1 176 196 202 0 0 16 1 16 1 177 197 203 0 0 17 1 17 1 197 217 224 0 0 17 1 17 1 176 196 202 0 0 16 1 16 1 197 217 224 0 0 17 1 17 1 196 216 223 0 0 16 1 16 1 177 197 203 0 0 17 1 17 1 178 198 204 0 0 18 1 18 1 198 218 225 0 0 18 1 18 1 177 197 203 0 0 17 1 17 1 198 218 225 0 0 18 1 18 1 197 217 224 0 0 17 1 17 1 178 198 204 0 0 18 1 18 1 179 199 205 0 0 19 1 19 1 199 219 226 0 0 19 1 19 1 178 198 204 0 0 18 1 18 1 199 219 226 0 0 19 1 19 1 198 218 225 0 0 18 1 18 1 179 199 205 0 0 19 1 19 1 160 181 206 0 0 1 1 1 1 180 201 227 0 0 1 1 1 1 179 199 205 0 0 19 1 19 1 180 201 227 0 0 1 1 1 1 199 219 226 0 0 19 1 19 1 180 201 207 0 0 1 1 1 1 181 200 208 0 0 2 1 2 1 201 220 229 0 0 2 1 2 1 180 201 207 0 0 1 1 1 1 201 220 229 0 0 2 1 2 1 200 221 228 0 0 1 1 1 1 181 200 208 0 0 2 1 2 1 182 202 209 0 0 3 1 3 1 202 222 230 0 0 3 1 3 1 181 200 208 0 0 2 1 2 1 202 222 230 0 0 3 1 3 1 201 220 229 0 0 2 1 2 1 182 202 209 0 0 3 1 3 1 183 203 210 0 0 4 1 4 1 203 223 231 0 0 4 1 4 1 182 202 209 0 0 3 1 3 1 203 223 231 0 0 4 1 4 1 202 222 230 0 0 3 1 3 1 183 203 210 0 0 4 1 4 1 184 204 211 0 0 5 1 5 1 204 224 232 0 0 5 1 5 1 183 203 210 0 0 4 1 4 1 204 224 232 0 0 5 1 5 1 203 223 231 0 0 4 1 4 1 184 204 211 0 0 5 1 5 1 185 205 212 0 0 6 1 6 1 205 225 233 0 0 6 1 6 1 184 204 211 0 0 5 1 5 1 205 225 233 0 0 6 1 6 1 204 224 232 0 0 5 1 5 1 185 205 212 0 0 6 1 6 1 186 206 213 0 0 7 1 7 1 206 226 234 0 0 7 1 7 1 185 205 212 0 0 6 1 6 1 206 226 234 0 0 7 1 7 1 205 225 233 0 0 6 1 6 1 186 206 213 0 0 7 1 7 1 187 207 214 0 0 8 1 8 1 207 227 235 0 0 8 1 8 1 186 206 213 0 0 7 1 7 1 207 227 235 0 0 8 1 8 1 206 226 234 0 0 7 1 7 1 187 207 214 0 0 8 1 8 1 188 208 215 0 0 9 1 9 1 208 228 236 0 0 9 1 9 1 187 207 214 0 0 8 1 8 1 208 228 236 0 0 9 1 9 1 207 227 235 0 0 8 1 8 1 188 208 215 0 0 9 1 9 1 189 209 216 0 0 10 1 10 1 209 229 237 0 0 10 1 10 1 188 208 215 0 0 9 1 9 1 209 229 237 0 0 10 1 10 1 208 228 236 0 0 9 1 9 1 189 209 216 0 0 10 1 10 1 190 210 217 0 0 11 1 11 1 210 230 238 0 0 11 1 11 1 189 209 216 0 0 10 1 10 1 210 230 238 0 0 11 1 11 1 209 229 237 0 0 10 1 10 1 190 210 217 0 0 11 1 11 1 191 211 218 0 0 12 1 12 1 211 231 239 0 0 12 1 12 1 190 210 217 0 0 11 1 11 1 211 231 239 0 0 12 1 12 1 210 230 238 0 0 11 1 11 1 191 211 218 0 0 12 1 12 1 192 212 219 0 0 13 1 13 1 212 232 240 0 0 13 1 13 1 191 211 218 0 0 12 1 12 1 212 232 240 0 0 13 1 13 1 211 231 239 0 0 12 1 12 1 192 212 219 0 0 13 1 13 1 193 213 220 0 0 14 1 14 1 213 233 241 0 0 14 1 14 1 192 212 219 0 0 13 1 13 1 213 233 241 0 0 14 1 14 1 212 232 240 0 0 13 1 13 1 193 213 220 0 0 14 1 14 1 194 214 221 0 0 0 1 0 1 214 234 242 0 0 0 1 0 1 193 213 220 0 0 14 1 14 1 214 234 242 0 0 0 1 0 1 213 233 241 0 0 14 1 14 1 194 214 221 0 0 0 1 0 1 195 215 222 0 0 15 1 15 1 215 235 243 0 0 15 1 15 1 194 214 221 0 0 0 1 0 1 215 235 243 0 0 15 1 15 1 214 234 242 0 0 0 1 0 1 195 215 222 0 0 15 1 15 1 196 216 223 0 0 16 1 16 1 216 236 244 0 0 16 1 16 1 195 215 222 0 0 15 1 15 1 216 236 244 0 0 16 1 16 1 215 235 243 0 0 15 1 15 1 196 216 223 0 0 16 1 16 1 197 217 224 0 0 17 1 17 1 217 237 245 0 0 17 1 17 1 196 216 223 0 0 16 1 16 1 217 237 245 0 0 17 1 17 1 216 236 244 0 0 16 1 16 1 197 217 224 0 0 17 1 17 1 198 218 225 0 0 18 1 18 1 218 238 246 0 0 18 1 18 1 197 217 224 0 0 17 1 17 1 218 238 246 0 0 18 1 18 1 217 237 245 0 0 17 1 17 1 198 218 225 0 0 18 1 18 1 199 219 226 0 0 19 1 19 1 219 239 247 0 0 19 1 19 1 198 218 225 0 0 18 1 18 1 219 239 247 0 0 19 1 19 1 218 238 246 0 0 18 1 18 1 199 219 226 0 0 19 1 19 1 180 201 227 0 0 1 1 1 1 200 221 248 0 0 1 1 1 1 199 219 226 0 0 19 1 19 1 200 221 248 0 0 1 1 1 1 219 239 247 0 0 19 1 19 1 200 221 228 0 0 1 1 1 1 201 220 229 0 0 2 1 2 1 221 240 250 0 0 2 1 2 1 200 221 228 0 0 1 1 1 1 221 240 250 0 0 2 1 2 1 220 241 249 0 0 1 1 1 1 201 220 229 0 0 2 1 2 1 202 222 230 0 0 3 1 3 1 222 242 251 0 0 3 1 3 1 201 220 229 0 0 2 1 2 1 222 242 251 0 0 3 1 3 1 221 240 250 0 0 2 1 2 1 202 222 230 0 0 3 1 3 1 203 223 231 0 0 4 1 4 1 223 243 252 0 0 4 1 4 1 202 222 230 0 0 3 1 3 1 223 243 252 0 0 4 1 4 1 222 242 251 0 0 3 1 3 1 203 223 231 0 0 4 1 4 1 204 224 232 0 0 5 1 5 1 224 244 253 0 0 5 1 5 1 203 223 231 0 0 4 1 4 1 224 244 253 0 0 5 1 5 1 223 243 252 0 0 4 1 4 1 204 224 232 0 0 5 1 5 1 205 225 233 0 0 6 1 6 1 225 245 254 0 0 6 1 6 1 204 224 232 0 0 5 1 5 1 225 245 254 0 0 6 1 6 1 224 244 253 0 0 5 1 5 1 205 225 233 0 0 6 1 6 1 206 226 234 0 0 7 1 7 1 226 246 255 0 0 7 1 7 1 205 225 233 0 0 6 1 6 1 226 246 255 0 0 7 1 7 1 225 245 254 0 0 6 1 6 1 206 226 234 0 0 7 1 7 1 207 227 235 0 0 8 1 8 1 227 247 256 0 0 8 1 8 1 206 226 234 0 0 7 1 7 1 227 247 256 0 0 8 1 8 1 226 246 255 0 0 7 1 7 1 207 227 235 0 0 8 1 8 1 208 228 236 0 0 9 1 9 1 228 248 257 0 0 9 1 9 1 207 227 235 0 0 8 1 8 1 228 248 257 0 0 9 1 9 1 227 247 256 0 0 8 1 8 1 208 228 236 0 0 9 1 9 1 209 229 237 0 0 10 1 10 1 229 249 258 0 0 10 1 10 1 208 228 236 0 0 9 1 9 1 229 249 258 0 0 10 1 10 1 228 248 257 0 0 9 1 9 1 209 229 237 0 0 10 1 10 1 210 230 238 0 0 11 1 11 1 230 250 259 0 0 11 1 11 1 209 229 237 0 0 10 1 10 1 230 250 259 0 0 11 1 11 1 229 249 258 0 0 10 1 10 1 210 230 238 0 0 11 1 11 1 211 231 239 0 0 12 1 12 1 231 251 260 0 0 12 1 12 1 210 230 238 0 0 11 1 11 1 231 251 260 0 0 12 1 12 1 230 250 259 0 0 11 1 11 1 211 231 239 0 0 12 1 12 1 212 232 240 0 0 13 1 13 1 232 252 261 0 0 13 1 13 1 211 231 239 0 0 12 1 12 1 232 252 261 0 0 13 1 13 1 231 251 260 0 0 12 1 12 1 212 232 240 0 0 13 1 13 1 213 233 241 0 0 14 1 14 1 233 253 262 0 0 14 1 14 1 212 232 240 0 0 13 1 13 1 233 253 262 0 0 14 1 14 1 232 252 261 0 0 13 1 13 1 213 233 241 0 0 14 1 14 1 214 234 242 0 0 0 1 0 1 234 254 263 0 0 0 1 0 1 213 233 241 0 0 14 1 14 1 234 254 263 0 0 0 1 0 1 233 253 262 0 0 14 1 14 1 214 234 242 0 0 0 1 0 1 215 235 243 0 0 15 1 15 1 235 255 264 0 0 15 1 15 1 214 234 242 0 0 0 1 0 1 235 255 264 0 0 15 1 15 1 234 254 263 0 0 0 1 0 1 215 235 243 0 0 15 1 15 1 216 236 244 0 0 16 1 16 1 236 256 265 0 0 16 1 16 1 215 235 243 0 0 15 1 15 1 236 256 265 0 0 16 1 16 1 235 255 264 0 0 15 1 15 1 216 236 244 0 0 16 1 16 1 217 237 245 0 0 17 1 17 1 237 257 266 0 0 17 1 17 1 216 236 244 0 0 16 1 16 1 237 257 266 0 0 17 1 17 1 236 256 265 0 0 16 1 16 1 217 237 245 0 0 17 1 17 1 218 238 246 0 0 18 1 18 1 238 258 267 0 0 18 1 18 1 217 237 245 0 0 17 1 17 1 238 258 267 0 0 18 1 18 1 237 257 266 0 0 17 1 17 1 218 238 246 0 0 18 1 18 1 219 239 247 0 0 19 1 19 1 239 259 268 0 0 19 1 19 1 218 238 246 0 0 18 1 18 1 239 259 268 0 0 19 1 19 1 238 258 267 0 0 18 1 18 1 219 239 247 0 0 19 1 19 1 200 221 248 0 0 1 1 1 1 220 241 269 0 0 1 1 1 1 219 239 247 0 0 19 1 19 1 220 241 269 0 0 1 1 1 1 239 259 268 0 0 19 1 19 1 220 241 249 0 0 1 1 1 1 221 240 250 0 0 2 1 2 1 241 260 271 0 0 2 1 2 1 220 241 249 0 0 1 1 1 1 241 260 271 0 0 2 1 2 1 240 261 270 0 0 1 1 1 1 221 240 250 0 0 2 1 2 1 222 242 251 0 0 3 1 3 1 242 262 272 0 0 3 1 3 1 221 240 250 0 0 2 1 2 1 242 262 272 0 0 3 1 3 1 241 260 271 0 0 2 1 2 1 222 242 251 0 0 3 1 3 1 223 243 252 0 0 4 1 4 1 243 263 273 0 0 4 1 4 1 222 242 251 0 0 3 1 3 1 243 263 273 0 0 4 1 4 1 242 262 272 0 0 3 1 3 1 223 243 252 0 0 4 1 4 1 224 244 253 0 0 5 1 5 1 244 264 274 0 0 5 1 5 1 223 243 252 0 0 4 1 4 1 244 264 274 0 0 5 1 5 1 243 263 273 0 0 4 1 4 1 224 244 253 0 0 5 1 5 1 225 245 254 0 0 6 1 6 1 245 265 275 0 0 6 1 6 1 224 244 253 0 0 5 1 5 1 245 265 275 0 0 6 1 6 1 244 264 274 0 0 5 1 5 1 225 245 254 0 0 6 1 6 1 226 246 255 0 0 7 1 7 1 246 266 276 0 0 7 1 7 1 225 245 254 0 0 6 1 6 1 246 266 276 0 0 7 1 7 1 245 265 275 0 0 6 1 6 1 226 246 255 0 0 7 1 7 1 227 247 256 0 0 8 1 8 1 247 267 277 0 0 8 1 8 1 226 246 255 0 0 7 1 7 1 247 267 277 0 0 8 1 8 1 246 266 276 0 0 7 1 7 1 227 247 256 0 0 8 1 8 1 228 248 257 0 0 9 1 9 1 248 268 278 0 0 9 1 9 1 227 247 256 0 0 8 1 8 1 248 268 278 0 0 9 1 9 1 247 267 277 0 0 8 1 8 1 228 248 257 0 0 9 1 9 1 229 249 258 0 0 10 1 10 1 249 269 279 0 0 10 1 10 1 228 248 257 0 0 9 1 9 1 249 269 279 0 0 10 1 10 1 248 268 278 0 0 9 1 9 1 229 249 258 0 0 10 1 10 1 230 250 259 0 0 11 1 11 1 250 270 280 0 0 11 1 11 1 229 249 258 0 0 10 1 10 1 250 270 280 0 0 11 1 11 1 249 269 279 0 0 10 1 10 1 230 250 259 0 0 11 1 11 1 231 251 260 0 0 12 1 12 1 251 271 281 0 0 12 1 12 1 230 250 259 0 0 11 1 11 1 251 271 281 0 0 12 1 12 1 250 270 280 0 0 11 1 11 1 231 251 260 0 0 12 1 12 1 232 252 261 0 0 13 1 13 1 252 272 282 0 0 13 1 13 1 231 251 260 0 0 12 1 12 1 252 272 282 0 0 13 1 13 1 251 271 281 0 0 12 1 12 1 232 252 261 0 0 13 1 13 1 233 253 262 0 0 14 1 14 1 253 273 283 0 0 14 1 14 1 232 252 261 0 0 13 1 13 1 253 273 283 0 0 14 1 14 1 252 272 282 0 0 13 1 13 1 233 253 262 0 0 14 1 14 1 234 254 263 0 0 0 1 0 1 254 274 284 0 0 0 1 0 1 233 253 262 0 0 14 1 14 1 254 274 284 0 0 0 1 0 1 253 273 283 0 0 14 1 14 1 234 254 263 0 0 0 1 0 1 235 255 264 0 0 15 1 15 1 255 275 285 0 0 15 1 15 1 234 254 263 0 0 0 1 0 1 255 275 285 0 0 15 1 15 1 254 274 284 0 0 0 1 0 1 235 255 264 0 0 15 1 15 1 236 256 265 0 0 16 1 16 1 256 276 286 0 0 16 1 16 1 235 255 264 0 0 15 1 15 1 256 276 286 0 0 16 1 16 1 255 275 285 0 0 15 1 15 1 236 256 265 0 0 16 1 16 1 237 257 266 0 0 17 1 17 1 257 277 287 0 0 17 1 17 1 236 256 265 0 0 16 1 16 1 257 277 287 0 0 17 1 17 1 256 276 286 0 0 16 1 16 1 237 257 266 0 0 17 1 17 1 238 258 267 0 0 18 1 18 1 258 278 288 0 0 18 1 18 1 237 257 266 0 0 17 1 17 1 258 278 288 0 0 18 1 18 1 257 277 287 0 0 17 1 17 1 238 258 267 0 0 18 1 18 1 239 259 268 0 0 19 1 19 1 259 279 289 0 0 19 1 19 1 238 258 267 0 0 18 1 18 1 259 279 289 0 0 19 1 19 1 258 278 288 0 0 18 1 18 1 239 259 268 0 0 19 1 19 1 220 241 269 0 0 1 1 1 1 240 261 290 0 0 1 1 1 1 239 259 268 0 0 19 1 19 1 240 261 290 0 0 1 1 1 1 259 279 289 0 0 19 1 19 1 240 261 270 0 0 1 1 1 1 241 260 271 0 0 2 1 2 1 261 280 292 0 0 2 1 2 1 240 261 270 0 0 1 1 1 1 261 280 292 0 0 2 1 2 1 260 281 291 0 0 1 1 1 1 241 260 271 0 0 2 1 2 1 242 262 272 0 0 3 1 3 1 262 282 293 0 0 3 1 3 1 241 260 271 0 0 2 1 2 1 262 282 293 0 0 3 1 3 1 261 280 292 0 0 2 1 2 1 242 262 272 0 0 3 1 3 1 243 263 273 0 0 4 1 4 1 263 283 294 0 0 4 1 4 1 242 262 272 0 0 3 1 3 1 263 283 294 0 0 4 1 4 1 262 282 293 0 0 3 1 3 1 243 263 273 0 0 4 1 4 1 244 264 274 0 0 5 1 5 1 264 284 295 0 0 5 1 5 1 243 263 273 0 0 4 1 4 1 264 284 295 0 0 5 1 5 1 263 283 294 0 0 4 1 4 1 244 264 274 0 0 5 1 5 1 245 265 275 0 0 6 1 6 1 265 285 296 0 0 6 1 6 1 244 264 274 0 0 5 1 5 1 265 285 296 0 0 6 1 6 1 264 284 295 0 0 5 1 5 1 245 265 275 0 0 6 1 6 1 246 266 276 0 0 7 1 7 1 266 286 297 0 0 7 1 7 1 245 265 275 0 0 6 1 6 1 266 286 297 0 0 7 1 7 1 265 285 296 0 0 6 1 6 1 246 266 276 0 0 7 1 7 1 247 267 277 0 0 8 1 8 1 267 287 298 0 0 8 1 8 1 246 266 276 0 0 7 1 7 1 267 287 298 0 0 8 1 8 1 266 286 297 0 0 7 1 7 1 247 267 277 0 0 8 1 8 1 248 268 278 0 0 9 1 9 1 268 288 299 0 0 9 1 9 1 247 267 277 0 0 8 1 8 1 268 288 299 0 0 9 1 9 1 267 287 298 0 0 8 1 8 1 248 268 278 0 0 9 1 9 1 249 269 279 0 0 10 1 10 1 269 289 300 0 0 10 1 10 1 248 268 278 0 0 9 1 9 1 269 289 300 0 0 10 1 10 1 268 288 299 0 0 9 1 9 1 249 269 279 0 0 10 1 10 1 250 270 280 0 0 11 1 11 1 270 290 301 0 0 11 1 11 1 249 269 279 0 0 10 1 10 1 270 290 301 0 0 11 1 11 1 269 289 300 0 0 10 1 10 1 250 270 280 0 0 11 1 11 1 251 271 281 0 0 12 1 12 1 271 291 302 0 0 12 1 12 1 250 270 280 0 0 11 1 11 1 271 291 302 0 0 12 1 12 1 270 290 301 0 0 11 1 11 1 251 271 281 0 0 12 1 12 1 252 272 282 0 0 13 1 13 1 272 292 303 0 0 13 1 13 1 251 271 281 0 0 12 1 12 1 272 292 303 0 0 13 1 13 1 271 291 302 0 0 12 1 12 1 252 272 282 0 0 13 1 13 1 253 273 283 0 0 14 1 14 1 273 293 304 0 0 14 1 14 1 252 272 282 0 0 13 1 13 1 273 293 304 0 0 14 1 14 1 272 292 303 0 0 13 1 13 1 253 273 283 0 0 14 1 14 1 254 274 284 0 0 0 1 0 1 274 294 305 0 0 0 1 0 1 253 273 283 0 0 14 1 14 1 274 294 305 0 0 0 1 0 1 273 293 304 0 0 14 1 14 1 254 274 284 0 0 0 1 0 1 255 275 285 0 0 15 1 15 1 275 295 306 0 0 15 1 15 1 254 274 284 0 0 0 1 0 1 275 295 306 0 0 15 1 15 1 274 294 305 0 0 0 1 0 1 255 275 285 0 0 15 1 15 1 256 276 286 0 0 16 1 16 1 276 296 307 0 0 16 1 16 1 255 275 285 0 0 15 1 15 1 276 296 307 0 0 16 1 16 1 275 295 306 0 0 15 1 15 1 256 276 286 0 0 16 1 16 1 257 277 287 0 0 17 1 17 1 277 297 308 0 0 17 1 17 1 256 276 286 0 0 16 1 16 1 277 297 308 0 0 17 1 17 1 276 296 307 0 0 16 1 16 1 257 277 287 0 0 17 1 17 1 258 278 288 0 0 18 1 18 1 278 298 309 0 0 18 1 18 1 257 277 287 0 0 17 1 17 1 278 298 309 0 0 18 1 18 1 277 297 308 0 0 17 1 17 1 258 278 288 0 0 18 1 18 1 259 279 289 0 0 19 1 19 1 279 299 310 0 0 19 1 19 1 258 278 288 0 0 18 1 18 1 279 299 310 0 0 19 1 19 1 278 298 309 0 0 18 1 18 1 259 279 289 0 0 19 1 19 1 240 261 290 0 0 1 1 1 1 260 281 311 0 0 1 1 1 1 259 279 289 0 0 19 1 19 1 260 281 311 0 0 1 1 1 1 279 299 310 0 0 19 1 19 1 260 281 291 0 0 1 1 1 1 261 280 292 0 0 2 1 2 1 281 300 313 0 0 2 1 2 1 260 281 291 0 0 1 1 1 1 281 300 313 0 0 2 1 2 1 280 301 312 0 0 1 1 1 1 261 280 292 0 0 2 1 2 1 262 282 293 0 0 3 1 3 1 282 302 314 0 0 3 1 3 1 261 280 292 0 0 2 1 2 1 282 302 314 0 0 3 1 3 1 281 300 313 0 0 2 1 2 1 262 282 293 0 0 3 1 3 1 263 283 294 0 0 4 1 4 1 283 303 315 0 0 4 1 4 1 262 282 293 0 0 3 1 3 1 283 303 315 0 0 4 1 4 1 282 302 314 0 0 3 1 3 1 263 283 294 0 0 4 1 4 1 264 284 295 0 0 5 1 5 1 284 304 316 0 0 5 1 5 1 263 283 294 0 0 4 1 4 1 284 304 316 0 0 5 1 5 1 283 303 315 0 0 4 1 4 1 264 284 295 0 0 5 1 5 1 265 285 296 0 0 6 1 6 1 285 305 317 0 0 6 1 6 1 264 284 295 0 0 5 1 5 1 285 305 317 0 0 6 1 6 1 284 304 316 0 0 5 1 5 1 265 285 296 0 0 6 1 6 1 266 286 297 0 0 7 1 7 1 286 306 318 0 0 7 1 7 1 265 285 296 0 0 6 1 6 1 286 306 318 0 0 7 1 7 1 285 305 317 0 0 6 1 6 1 266 286 297 0 0 7 1 7 1 267 287 298 0 0 8 1 8 1 287 307 319 0 0 8 1 8 1 266 286 297 0 0 7 1 7 1 287 307 319 0 0 8 1 8 1 286 306 318 0 0 7 1 7 1 267 287 298 0 0 8 1 8 1 268 288 299 0 0 9 1 9 1 288 308 320 0 0 9 1 9 1 267 287 298 0 0 8 1 8 1 288 308 320 0 0 9 1 9 1 287 307 319 0 0 8 1 8 1 268 288 299 0 0 9 1 9 1 269 289 300 0 0 10 1 10 1 289 309 321 0 0 10 1 10 1 268 288 299 0 0 9 1 9 1 289 309 321 0 0 10 1 10 1 288 308 320 0 0 9 1 9 1 269 289 300 0 0 10 1 10 1 270 290 301 0 0 11 1 11 1 290 310 322 0 0 11 1 11 1 269 289 300 0 0 10 1 10 1 290 310 322 0 0 11 1 11 1 289 309 321 0 0 10 1 10 1 270 290 301 0 0 11 1 11 1 271 291 302 0 0 12 1 12 1 291 311 323 0 0 12 1 12 1 270 290 301 0 0 11 1 11 1 291 311 323 0 0 12 1 12 1 290 310 322 0 0 11 1 11 1 271 291 302 0 0 12 1 12 1 272 292 303 0 0 13 1 13 1 292 312 324 0 0 13 1 13 1 271 291 302 0 0 12 1 12 1 292 312 324 0 0 13 1 13 1 291 311 323 0 0 12 1 12 1 272 292 303 0 0 13 1 13 1 273 293 304 0 0 14 1 14 1 293 313 325 0 0 14 1 14 1 272 292 303 0 0 13 1 13 1 293 313 325 0 0 14 1 14 1 292 312 324 0 0 13 1 13 1 273 293 304 0 0 14 1 14 1 274 294 305 0 0 0 1 0 1 294 314 326 0 0 0 1 0 1 273 293 304 0 0 14 1 14 1 294 314 326 0 0 0 1 0 1 293 313 325 0 0 14 1 14 1 274 294 305 0 0 0 1 0 1 275 295 306 0 0 15 1 15 1 295 315 327 0 0 15 1 15 1 274 294 305 0 0 0 1 0 1 295 315 327 0 0 15 1 15 1 294 314 326 0 0 0 1 0 1 275 295 306 0 0 15 1 15 1 276 296 307 0 0 16 1 16 1 296 316 328 0 0 16 1 16 1 275 295 306 0 0 15 1 15 1 296 316 328 0 0 16 1 16 1 295 315 327 0 0 15 1 15 1 276 296 307 0 0 16 1 16 1 277 297 308 0 0 17 1 17 1 297 317 329 0 0 17 1 17 1 276 296 307 0 0 16 1 16 1 297 317 329 0 0 17 1 17 1 296 316 328 0 0 16 1 16 1 277 297 308 0 0 17 1 17 1 278 298 309 0 0 18 1 18 1 298 318 330 0 0 18 1 18 1 277 297 308 0 0 17 1 17 1 298 318 330 0 0 18 1 18 1 297 317 329 0 0 17 1 17 1 278 298 309 0 0 18 1 18 1 279 299 310 0 0 19 1 19 1 299 319 331 0 0 19 1 19 1 278 298 309 0 0 18 1 18 1 299 319 331 0 0 19 1 19 1 298 318 330 0 0 18 1 18 1 279 299 310 0 0 19 1 19 1 260 281 311 0 0 1 1 1 1 280 301 332 0 0 1 1 1 1 279 299 310 0 0 19 1 19 1 280 301 332 0 0 1 1 1 1 299 319 331 0 0 19 1 19 1 280 301 312 0 0 1 1 1 1 281 300 313 0 0 2 1 2 1 301 320 334 0 0 2 1 2 1 280 301 312 0 0 1 1 1 1 301 320 334 0 0 2 1 2 1 300 321 333 0 0 1 1 1 1 281 300 313 0 0 2 1 2 1 282 302 314 0 0 3 1 3 1 302 322 335 0 0 3 1 3 1 281 300 313 0 0 2 1 2 1 302 322 335 0 0 3 1 3 1 301 320 334 0 0 2 1 2 1 282 302 314 0 0 3 1 3 1 283 303 315 0 0 4 1 4 1 303 323 336 0 0 4 1 4 1 282 302 314 0 0 3 1 3 1 303 323 336 0 0 4 1 4 1 302 322 335 0 0 3 1 3 1 283 303 315 0 0 4 1 4 1 284 304 316 0 0 5 1 5 1 304 324 337 0 0 5 1 5 1 283 303 315 0 0 4 1 4 1 304 324 337 0 0 5 1 5 1 303 323 336 0 0 4 1 4 1 284 304 316 0 0 5 1 5 1 285 305 317 0 0 6 1 6 1 305 325 338 0 0 6 1 6 1 284 304 316 0 0 5 1 5 1 305 325 338 0 0 6 1 6 1 304 324 337 0 0 5 1 5 1 285 305 317 0 0 6 1 6 1 286 306 318 0 0 7 1 7 1 306 326 339 0 0 7 1 7 1 285 305 317 0 0 6 1 6 1 306 326 339 0 0 7 1 7 1 305 325 338 0 0 6 1 6 1 286 306 318 0 0 7 1 7 1 287 307 319 0 0 8 1 8 1 307 327 340 0 0 8 1 8 1 286 306 318 0 0 7 1 7 1 307 327 340 0 0 8 1 8 1 306 326 339 0 0 7 1 7 1 287 307 319 0 0 8 1 8 1 288 308 320 0 0 9 1 9 1 308 328 341 0 0 9 1 9 1 287 307 319 0 0 8 1 8 1 308 328 341 0 0 9 1 9 1 307 327 340 0 0 8 1 8 1 288 308 320 0 0 9 1 9 1 289 309 321 0 0 10 1 10 1 309 329 342 0 0 10 1 10 1 288 308 320 0 0 9 1 9 1 309 329 342 0 0 10 1 10 1 308 328 341 0 0 9 1 9 1 289 309 321 0 0 10 1 10 1 290 310 322 0 0 11 1 11 1 310 330 343 0 0 11 1 11 1 289 309 321 0 0 10 1 10 1 310 330 343 0 0 11 1 11 1 309 329 342 0 0 10 1 10 1 290 310 322 0 0 11 1 11 1 291 311 323 0 0 12 1 12 1 311 331 344 0 0 12 1 12 1 290 310 322 0 0 11 1 11 1 311 331 344 0 0 12 1 12 1 310 330 343 0 0 11 1 11 1 291 311 323 0 0 12 1 12 1 292 312 324 0 0 13 1 13 1 312 332 345 0 0 13 1 13 1 291 311 323 0 0 12 1 12 1 312 332 345 0 0 13 1 13 1 311 331 344 0 0 12 1 12 1 292 312 324 0 0 13 1 13 1 293 313 325 0 0 14 1 14 1 313 333 346 0 0 14 1 14 1 292 312 324 0 0 13 1 13 1 313 333 346 0 0 14 1 14 1 312 332 345 0 0 13 1 13 1 293 313 325 0 0 14 1 14 1 294 314 326 0 0 0 1 0 1 314 334 347 0 0 0 1 0 1 293 313 325 0 0 14 1 14 1 314 334 347 0 0 0 1 0 1 313 333 346 0 0 14 1 14 1 294 314 326 0 0 0 1 0 1 295 315 327 0 0 15 1 15 1 315 335 348 0 0 15 1 15 1 294 314 326 0 0 0 1 0 1 315 335 348 0 0 15 1 15 1 314 334 347 0 0 0 1 0 1 295 315 327 0 0 15 1 15 1 296 316 328 0 0 16 1 16 1 316 336 349 0 0 16 1 16 1 295 315 327 0 0 15 1 15 1 316 336 349 0 0 16 1 16 1 315 335 348 0 0 15 1 15 1 296 316 328 0 0 16 1 16 1 297 317 329 0 0 17 1 17 1 317 337 350 0 0 17 1 17 1 296 316 328 0 0 16 1 16 1 317 337 350 0 0 17 1 17 1 316 336 349 0 0 16 1 16 1 297 317 329 0 0 17 1 17 1 298 318 330 0 0 18 1 18 1 318 338 351 0 0 18 1 18 1 297 317 329 0 0 17 1 17 1 318 338 351 0 0 18 1 18 1 317 337 350 0 0 17 1 17 1 298 318 330 0 0 18 1 18 1 299 319 331 0 0 19 1 19 1 319 339 352 0 0 19 1 19 1 298 318 330 0 0 18 1 18 1 319 339 352 0 0 19 1 19 1 318 338 351 0 0 18 1 18 1 299 319 331 0 0 19 1 19 1 280 301 332 0 0 1 1 1 1 300 321 353 0 0 1 1 1 1 299 319 331 0 0 19 1 19 1 300 321 353 0 0 1 1 1 1 319 339 352 0 0 19 1 19 1 300 321 333 0 0 1 1 1 1 301 320 334 0 0 2 1 2 1 321 340 355 0 0 2 1 2 1 300 321 333 0 0 1 1 1 1 321 340 355 0 0 2 1 2 1 320 341 354 0 0 1 1 1 1 301 320 334 0 0 2 1 2 1 302 322 335 0 0 3 1 3 1 322 342 356 0 0 3 1 3 1 301 320 334 0 0 2 1 2 1 322 342 356 0 0 3 1 3 1 321 340 355 0 0 2 1 2 1 302 322 335 0 0 3 1 3 1 303 323 336 0 0 4 1 4 1 323 343 357 0 0 4 1 4 1 302 322 335 0 0 3 1 3 1 323 343 357 0 0 4 1 4 1 322 342 356 0 0 3 1 3 1 303 323 336 0 0 4 1 4 1 304 324 337 0 0 5 1 5 1 324 344 358 0 0 5 1 5 1 303 323 336 0 0 4 1 4 1 324 344 358 0 0 5 1 5 1 323 343 357 0 0 4 1 4 1 304 324 337 0 0 5 1 5 1 305 325 338 0 0 6 1 6 1 325 345 359 0 0 6 1 6 1 304 324 337 0 0 5 1 5 1 325 345 359 0 0 6 1 6 1 324 344 358 0 0 5 1 5 1 305 325 338 0 0 6 1 6 1 306 326 339 0 0 7 1 7 1 326 346 360 0 0 7 1 7 1 305 325 338 0 0 6 1 6 1 326 346 360 0 0 7 1 7 1 325 345 359 0 0 6 1 6 1 306 326 339 0 0 7 1 7 1 307 327 340 0 0 8 1 8 1 327 347 361 0 0 8 1 8 1 306 326 339 0 0 7 1 7 1 327 347 361 0 0 8 1 8 1 326 346 360 0 0 7 1 7 1 307 327 340 0 0 8 1 8 1 308 328 341 0 0 9 1 9 1 328 348 362 0 0 9 1 9 1 307 327 340 0 0 8 1 8 1 328 348 362 0 0 9 1 9 1 327 347 361 0 0 8 1 8 1 308 328 341 0 0 9 1 9 1 309 329 342 0 0 10 1 10 1 329 349 363 0 0 10 1 10 1 308 328 341 0 0 9 1 9 1 329 349 363 0 0 10 1 10 1 328 348 362 0 0 9 1 9 1 309 329 342 0 0 10 1 10 1 310 330 343 0 0 11 1 11 1 330 350 364 0 0 11 1 11 1 309 329 342 0 0 10 1 10 1 330 350 364 0 0 11 1 11 1 329 349 363 0 0 10 1 10 1 310 330 343 0 0 11 1 11 1 311 331 344 0 0 12 1 12 1 331 351 365 0 0 12 1 12 1 310 330 343 0 0 11 1 11 1 331 351 365 0 0 12 1 12 1 330 350 364 0 0 11 1 11 1 311 331 344 0 0 12 1 12 1 312 332 345 0 0 13 1 13 1 332 352 366 0 0 13 1 13 1 311 331 344 0 0 12 1 12 1 332 352 366 0 0 13 1 13 1 331 351 365 0 0 12 1 12 1 312 332 345 0 0 13 1 13 1 313 333 346 0 0 14 1 14 1 333 353 367 0 0 14 1 14 1 312 332 345 0 0 13 1 13 1 333 353 367 0 0 14 1 14 1 332 352 366 0 0 13 1 13 1 313 333 346 0 0 14 1 14 1 314 334 347 0 0 0 1 0 1 334 354 368 0 0 0 1 0 1 313 333 346 0 0 14 1 14 1 334 354 368 0 0 0 1 0 1 333 353 367 0 0 14 1 14 1 314 334 347 0 0 0 1 0 1 315 335 348 0 0 15 1 15 1 335 355 369 0 0 15 1 15 1 314 334 347 0 0 0 1 0 1 335 355 369 0 0 15 1 15 1 334 354 368 0 0 0 1 0 1 315 335 348 0 0 15 1 15 1 316 336 349 0 0 16 1 16 1 336 356 370 0 0 16 1 16 1 315 335 348 0 0 15 1 15 1 336 356 370 0 0 16 1 16 1 335 355 369 0 0 15 1 15 1 316 336 349 0 0 16 1 16 1 317 337 350 0 0 17 1 17 1 337 357 371 0 0 17 1 17 1 316 336 349 0 0 16 1 16 1 337 357 371 0 0 17 1 17 1 336 356 370 0 0 16 1 16 1 317 337 350 0 0 17 1 17 1 318 338 351 0 0 18 1 18 1 338 358 372 0 0 18 1 18 1 317 337 350 0 0 17 1 17 1 338 358 372 0 0 18 1 18 1 337 357 371 0 0 17 1 17 1 318 338 351 0 0 18 1 18 1 319 339 352 0 0 19 1 19 1 339 359 373 0 0 19 1 19 1 318 338 351 0 0 18 1 18 1 339 359 373 0 0 19 1 19 1 338 358 372 0 0 18 1 18 1 319 339 352 0 0 19 1 19 1 300 321 353 0 0 1 1 1 1 320 341 374 0 0 1 1 1 1 319 339 352 0 0 19 1 19 1 320 341 374 0 0 1 1 1 1 339 359 373 0 0 19 1 19 1 320 341 354 0 0 1 1 1 1 321 340 355 0 0 2 1 2 1 341 360 376 0 0 2 1 2 1 320 341 354 0 0 1 1 1 1 341 360 376 0 0 2 1 2 1 340 361 375 0 0 1 1 1 1 321 340 355 0 0 2 1 2 1 322 342 356 0 0 3 1 3 1 342 362 377 0 0 3 1 3 1 321 340 355 0 0 2 1 2 1 342 362 377 0 0 3 1 3 1 341 360 376 0 0 2 1 2 1 322 342 356 0 0 3 1 3 1 323 343 357 0 0 4 1 4 1 343 363 378 0 0 4 1 4 1 322 342 356 0 0 3 1 3 1 343 363 378 0 0 4 1 4 1 342 362 377 0 0 3 1 3 1 323 343 357 0 0 4 1 4 1 324 344 358 0 0 5 1 5 1 344 364 379 0 0 5 1 5 1 323 343 357 0 0 4 1 4 1 344 364 379 0 0 5 1 5 1 343 363 378 0 0 4 1 4 1 324 344 358 0 0 5 1 5 1 325 345 359 0 0 6 1 6 1 345 365 380 0 0 6 1 6 1 324 344 358 0 0 5 1 5 1 345 365 380 0 0 6 1 6 1 344 364 379 0 0 5 1 5 1 325 345 359 0 0 6 1 6 1 326 346 360 0 0 7 1 7 1 346 366 381 0 0 7 1 7 1 325 345 359 0 0 6 1 6 1 346 366 381 0 0 7 1 7 1 345 365 380 0 0 6 1 6 1 326 346 360 0 0 7 1 7 1 327 347 361 0 0 8 1 8 1 347 367 382 0 0 8 1 8 1 326 346 360 0 0 7 1 7 1 347 367 382 0 0 8 1 8 1 346 366 381 0 0 7 1 7 1 327 347 361 0 0 8 1 8 1 328 348 362 0 0 9 1 9 1 348 368 383 0 0 9 1 9 1 327 347 361 0 0 8 1 8 1 348 368 383 0 0 9 1 9 1 347 367 382 0 0 8 1 8 1 328 348 362 0 0 9 1 9 1 329 349 363 0 0 10 1 10 1 349 369 384 0 0 10 1 10 1 328 348 362 0 0 9 1 9 1 349 369 384 0 0 10 1 10 1 348 368 383 0 0 9 1 9 1 329 349 363 0 0 10 1 10 1 330 350 364 0 0 11 1 11 1 350 370 385 0 0 11 1 11 1 329 349 363 0 0 10 1 10 1 350 370 385 0 0 11 1 11 1 349 369 384 0 0 10 1 10 1 330 350 364 0 0 11 1 11 1 331 351 365 0 0 12 1 12 1 351 371 386 0 0 12 1 12 1 330 350 364 0 0 11 1 11 1 351 371 386 0 0 12 1 12 1 350 370 385 0 0 11 1 11 1 331 351 365 0 0 12 1 12 1 332 352 366 0 0 13 1 13 1 352 372 387 0 0 13 1 13 1 331 351 365 0 0 12 1 12 1 352 372 387 0 0 13 1 13 1 351 371 386 0 0 12 1 12 1 332 352 366 0 0 13 1 13 1 333 353 367 0 0 14 1 14 1 353 373 388 0 0 14 1 14 1 332 352 366 0 0 13 1 13 1 353 373 388 0 0 14 1 14 1 352 372 387 0 0 13 1 13 1 333 353 367 0 0 14 1 14 1 334 354 368 0 0 0 1 0 1 354 374 389 0 0 0 1 0 1 333 353 367 0 0 14 1 14 1 354 374 389 0 0 0 1 0 1 353 373 388 0 0 14 1 14 1 334 354 368 0 0 0 1 0 1 335 355 369 0 0 15 1 15 1 355 375 390 0 0 15 1 15 1 334 354 368 0 0 0 1 0 1 355 375 390 0 0 15 1 15 1 354 374 389 0 0 0 1 0 1 335 355 369 0 0 15 1 15 1 336 356 370 0 0 16 1 16 1 356 376 391 0 0 16 1 16 1 335 355 369 0 0 15 1 15 1 356 376 391 0 0 16 1 16 1 355 375 390 0 0 15 1 15 1 336 356 370 0 0 16 1 16 1 337 357 371 0 0 17 1 17 1 357 377 392 0 0 17 1 17 1 336 356 370 0 0 16 1 16 1 357 377 392 0 0 17 1 17 1 356 376 391 0 0 16 1 16 1 337 357 371 0 0 17 1 17 1 338 358 372 0 0 18 1 18 1 358 378 393 0 0 18 1 18 1 337 357 371 0 0 17 1 17 1 358 378 393 0 0 18 1 18 1 357 377 392 0 0 17 1 17 1 338 358 372 0 0 18 1 18 1 339 359 373 0 0 19 1 19 1 359 379 394 0 0 19 1 19 1 338 358 372 0 0 18 1 18 1 359 379 394 0 0 19 1 19 1 358 378 393 0 0 18 1 18 1 339 359 373 0 0 19 1 19 1 320 341 374 0 0 1 1 1 1 340 361 395 0 0 1 1 1 1 339 359 373 0 0 19 1 19 1 340 361 395 0 0 1 1 1 1 359 379 394 0 0 19 1 19 1 340 361 375 0 0 1 1 1 1 341 360 376 0 0 2 1 2 1 361 380 397 0 0 2 1 2 1 340 361 375 0 0 1 1 1 1 361 380 397 0 0 2 1 2 1 360 381 396 0 0 1 1 1 1 341 360 376 0 0 2 1 2 1 342 362 377 0 0 3 1 3 1 362 382 398 0 0 3 1 3 1 341 360 376 0 0 2 1 2 1 362 382 398 0 0 3 1 3 1 361 380 397 0 0 2 1 2 1 342 362 377 0 0 3 1 3 1 343 363 378 0 0 4 1 4 1 363 383 399 0 0 4 1 4 1 342 362 377 0 0 3 1 3 1 363 383 399 0 0 4 1 4 1 362 382 398 0 0 3 1 3 1 343 363 378 0 0 4 1 4 1 344 364 379 0 0 5 1 5 1 364 384 400 0 0 5 1 5 1 343 363 378 0 0 4 1 4 1 364 384 400 0 0 5 1 5 1 363 383 399 0 0 4 1 4 1 344 364 379 0 0 5 1 5 1 345 365 380 0 0 6 1 6 1 365 385 401 0 0 6 1 6 1 344 364 379 0 0 5 1 5 1 365 385 401 0 0 6 1 6 1 364 384 400 0 0 5 1 5 1 345 365 380 0 0 6 1 6 1 346 366 381 0 0 7 1 7 1 366 386 402 0 0 7 1 7 1 345 365 380 0 0 6 1 6 1 366 386 402 0 0 7 1 7 1 365 385 401 0 0 6 1 6 1 346 366 381 0 0 7 1 7 1 347 367 382 0 0 8 1 8 1 367 387 403 0 0 8 1 8 1 346 366 381 0 0 7 1 7 1 367 387 403 0 0 8 1 8 1 366 386 402 0 0 7 1 7 1 347 367 382 0 0 8 1 8 1 348 368 383 0 0 9 1 9 1 368 388 404 0 0 9 1 9 1 347 367 382 0 0 8 1 8 1 368 388 404 0 0 9 1 9 1 367 387 403 0 0 8 1 8 1 348 368 383 0 0 9 1 9 1 349 369 384 0 0 10 1 10 1 369 389 405 0 0 10 1 10 1 348 368 383 0 0 9 1 9 1 369 389 405 0 0 10 1 10 1 368 388 404 0 0 9 1 9 1 349 369 384 0 0 10 1 10 1 350 370 385 0 0 11 1 11 1 370 390 406 0 0 11 1 11 1 349 369 384 0 0 10 1 10 1 370 390 406 0 0 11 1 11 1 369 389 405 0 0 10 1 10 1 350 370 385 0 0 11 1 11 1 351 371 386 0 0 12 1 12 1 371 391 407 0 0 12 1 12 1 350 370 385 0 0 11 1 11 1 371 391 407 0 0 12 1 12 1 370 390 406 0 0 11 1 11 1 351 371 386 0 0 12 1 12 1 352 372 387 0 0 13 1 13 1 372 392 408 0 0 13 1 13 1 351 371 386 0 0 12 1 12 1 372 392 408 0 0 13 1 13 1 371 391 407 0 0 12 1 12 1 352 372 387 0 0 13 1 13 1 353 373 388 0 0 14 1 14 1 373 393 409 0 0 14 1 14 1 352 372 387 0 0 13 1 13 1 373 393 409 0 0 14 1 14 1 372 392 408 0 0 13 1 13 1 353 373 388 0 0 14 1 14 1 354 374 389 0 0 0 1 0 1 374 394 410 0 0 0 1 0 1 353 373 388 0 0 14 1 14 1 374 394 410 0 0 0 1 0 1 373 393 409 0 0 14 1 14 1 354 374 389 0 0 0 1 0 1 355 375 390 0 0 15 1 15 1 375 395 411 0 0 15 1 15 1 354 374 389 0 0 0 1 0 1 375 395 411 0 0 15 1 15 1 374 394 410 0 0 0 1 0 1 355 375 390 0 0 15 1 15 1 356 376 391 0 0 16 1 16 1 376 396 412 0 0 16 1 16 1 355 375 390 0 0 15 1 15 1 376 396 412 0 0 16 1 16 1 375 395 411 0 0 15 1 15 1 356 376 391 0 0 16 1 16 1 357 377 392 0 0 17 1 17 1 377 397 413 0 0 17 1 17 1 356 376 391 0 0 16 1 16 1 377 397 413 0 0 17 1 17 1 376 396 412 0 0 16 1 16 1 357 377 392 0 0 17 1 17 1 358 378 393 0 0 18 1 18 1 378 398 414 0 0 18 1 18 1 357 377 392 0 0 17 1 17 1 378 398 414 0 0 18 1 18 1 377 397 413 0 0 17 1 17 1 358 378 393 0 0 18 1 18 1 359 379 394 0 0 19 1 19 1 379 399 415 0 0 19 1 19 1 358 378 393 0 0 18 1 18 1 379 399 415 0 0 19 1 19 1 378 398 414 0 0 18 1 18 1 359 379 394 0 0 19 1 19 1 340 361 395 0 0 1 1 1 1 360 381 416 0 0 1 1 1 1 359 379 394 0 0 19 1 19 1 360 381 416 0 0 1 1 1 1 379 399 415 0 0 19 1 19 1 360 381 396 0 0 1 1 1 1 361 380 397 0 0 2 1 2 1 381 400 418 0 0 2 1 2 1 360 381 396 0 0 1 1 1 1 381 400 418 0 0 2 1 2 1 380 401 417 0 0 1 1 1 1 361 380 397 0 0 2 1 2 1 362 382 398 0 0 3 1 3 1 382 402 419 0 0 3 1 3 1 361 380 397 0 0 2 1 2 1 382 402 419 0 0 3 1 3 1 381 400 418 0 0 2 1 2 1 362 382 398 0 0 3 1 3 1 363 383 399 0 0 4 1 4 1 383 403 420 0 0 4 1 4 1 362 382 398 0 0 3 1 3 1 383 403 420 0 0 4 1 4 1 382 402 419 0 0 3 1 3 1 363 383 399 0 0 4 1 4 1 364 384 400 0 0 5 1 5 1 384 404 421 0 0 5 1 5 1 363 383 399 0 0 4 1 4 1 384 404 421 0 0 5 1 5 1 383 403 420 0 0 4 1 4 1 364 384 400 0 0 5 1 5 1 365 385 401 0 0 6 1 6 1 385 405 422 0 0 6 1 6 1 364 384 400 0 0 5 1 5 1 385 405 422 0 0 6 1 6 1 384 404 421 0 0 5 1 5 1 365 385 401 0 0 6 1 6 1 366 386 402 0 0 7 1 7 1 386 406 423 0 0 7 1 7 1 365 385 401 0 0 6 1 6 1 386 406 423 0 0 7 1 7 1 385 405 422 0 0 6 1 6 1 366 386 402 0 0 7 1 7 1 367 387 403 0 0 8 1 8 1 387 407 424 0 0 8 1 8 1 366 386 402 0 0 7 1 7 1 387 407 424 0 0 8 1 8 1 386 406 423 0 0 7 1 7 1 367 387 403 0 0 8 1 8 1 368 388 404 0 0 9 1 9 1 388 408 425 0 0 9 1 9 1 367 387 403 0 0 8 1 8 1 388 408 425 0 0 9 1 9 1 387 407 424 0 0 8 1 8 1 368 388 404 0 0 9 1 9 1 369 389 405 0 0 10 1 10 1 389 409 426 0 0 10 1 10 1 368 388 404 0 0 9 1 9 1 389 409 426 0 0 10 1 10 1 388 408 425 0 0 9 1 9 1 369 389 405 0 0 10 1 10 1 370 390 406 0 0 11 1 11 1 390 410 427 0 0 11 1 11 1 369 389 405 0 0 10 1 10 1 390 410 427 0 0 11 1 11 1 389 409 426 0 0 10 1 10 1 370 390 406 0 0 11 1 11 1 371 391 407 0 0 12 1 12 1 391 411 428 0 0 12 1 12 1 370 390 406 0 0 11 1 11 1 391 411 428 0 0 12 1 12 1 390 410 427 0 0 11 1 11 1 371 391 407 0 0 12 1 12 1 372 392 408 0 0 13 1 13 1 392 412 429 0 0 13 1 13 1 371 391 407 0 0 12 1 12 1 392 412 429 0 0 13 1 13 1 391 411 428 0 0 12 1 12 1 372 392 408 0 0 13 1 13 1 373 393 409 0 0 14 1 14 1 393 413 430 0 0 14 1 14 1 372 392 408 0 0 13 1 13 1 393 413 430 0 0 14 1 14 1 392 412 429 0 0 13 1 13 1 373 393 409 0 0 14 1 14 1 374 394 410 0 0 0 1 0 1 394 414 431 0 0 0 1 0 1 373 393 409 0 0 14 1 14 1 394 414 431 0 0 0 1 0 1 393 413 430 0 0 14 1 14 1 374 394 410 0 0 0 1 0 1 375 395 411 0 0 15 1 15 1 395 415 432 0 0 15 1 15 1 374 394 410 0 0 0 1 0 1 395 415 432 0 0 15 1 15 1 394 414 431 0 0 0 1 0 1 375 395 411 0 0 15 1 15 1 376 396 412 0 0 16 1 16 1 396 416 433 0 0 16 1 16 1 375 395 411 0 0 15 1 15 1 396 416 433 0 0 16 1 16 1 395 415 432 0 0 15 1 15 1 376 396 412 0 0 16 1 16 1 377 397 413 0 0 17 1 17 1 397 417 434 0 0 17 1 17 1 376 396 412 0 0 16 1 16 1 397 417 434 0 0 17 1 17 1 396 416 433 0 0 16 1 16 1 377 397 413 0 0 17 1 17 1 378 398 414 0 0 18 1 18 1 398 418 435 0 0 18 1 18 1 377 397 413 0 0 17 1 17 1 398 418 435 0 0 18 1 18 1 397 417 434 0 0 17 1 17 1 378 398 414 0 0 18 1 18 1 379 399 415 0 0 19 1 19 1 399 419 436 0 0 19 1 19 1 378 398 414 0 0 18 1 18 1 399 419 436 0 0 19 1 19 1 398 418 435 0 0 18 1 18 1 379 399 415 0 0 19 1 19 1 360 381 416 0 0 1 1 1 1 380 401 437 0 0 1 1 1 1 379 399 415 0 0 19 1 19 1 380 401 437 0 0 1 1 1 1 399 419 436 0 0 19 1 19 1 380 401 417 0 0 1 1 1 1 381 400 418 0 0 2 1 2 1 401 420 439 0 0 2 1 2 1 380 401 417 0 0 1 1 1 1 401 420 439 0 0 2 1 2 1 400 421 438 0 0 1 1 1 1 381 400 418 0 0 2 1 2 1 382 402 419 0 0 3 1 3 1 402 422 440 0 0 3 1 3 1 381 400 418 0 0 2 1 2 1 402 422 440 0 0 3 1 3 1 401 420 439 0 0 2 1 2 1 382 402 419 0 0 3 1 3 1 383 403 420 0 0 4 1 4 1 403 423 441 0 0 4 1 4 1 382 402 419 0 0 3 1 3 1 403 423 441 0 0 4 1 4 1 402 422 440 0 0 3 1 3 1 383 403 420 0 0 4 1 4 1 384 404 421 0 0 5 1 5 1 404 424 442 0 0 5 1 5 1 383 403 420 0 0 4 1 4 1 404 424 442 0 0 5 1 5 1 403 423 441 0 0 4 1 4 1 384 404 421 0 0 5 1 5 1 385 405 422 0 0 6 1 6 1 405 425 443 0 0 6 1 6 1 384 404 421 0 0 5 1 5 1 405 425 443 0 0 6 1 6 1 404 424 442 0 0 5 1 5 1 385 405 422 0 0 6 1 6 1 386 406 423 0 0 7 1 7 1 406 426 444 0 0 7 1 7 1 385 405 422 0 0 6 1 6 1 406 426 444 0 0 7 1 7 1 405 425 443 0 0 6 1 6 1 386 406 423 0 0 7 1 7 1 387 407 424 0 0 8 1 8 1 407 427 445 0 0 8 1 8 1 386 406 423 0 0 7 1 7 1 407 427 445 0 0 8 1 8 1 406 426 444 0 0 7 1 7 1 387 407 424 0 0 8 1 8 1 388 408 425 0 0 9 1 9 1 408 428 446 0 0 9 1 9 1 387 407 424 0 0 8 1 8 1 408 428 446 0 0 9 1 9 1 407 427 445 0 0 8 1 8 1 388 408 425 0 0 9 1 9 1 389 409 426 0 0 10 1 10 1 409 429 447 0 0 10 1 10 1 388 408 425 0 0 9 1 9 1 409 429 447 0 0 10 1 10 1 408 428 446 0 0 9 1 9 1 389 409 426 0 0 10 1 10 1 390 410 427 0 0 11 1 11 1 410 430 448 0 0 11 1 11 1 389 409 426 0 0 10 1 10 1 410 430 448 0 0 11 1 11 1 409 429 447 0 0 10 1 10 1 390 410 427 0 0 11 1 11 1 391 411 428 0 0 12 1 12 1 411 431 449 0 0 12 1 12 1 390 410 427 0 0 11 1 11 1 411 431 449 0 0 12 1 12 1 410 430 448 0 0 11 1 11 1 391 411 428 0 0 12 1 12 1 392 412 429 0 0 13 1 13 1 412 432 450 0 0 13 1 13 1 391 411 428 0 0 12 1 12 1 412 432 450 0 0 13 1 13 1 411 431 449 0 0 12 1 12 1 392 412 429 0 0 13 1 13 1 393 413 430 0 0 14 1 14 1 413 433 451 0 0 14 1 14 1 392 412 429 0 0 13 1 13 1 413 433 451 0 0 14 1 14 1 412 432 450 0 0 13 1 13 1 393 413 430 0 0 14 1 14 1 394 414 431 0 0 0 1 0 1 414 434 452 0 0 0 1 0 1 393 413 430 0 0 14 1 14 1 414 434 452 0 0 0 1 0 1 413 433 451 0 0 14 1 14 1 394 414 431 0 0 0 1 0 1 395 415 432 0 0 15 1 15 1 415 435 453 0 0 15 1 15 1 394 414 431 0 0 0 1 0 1 415 435 453 0 0 15 1 15 1 414 434 452 0 0 0 1 0 1 395 415 432 0 0 15 1 15 1 396 416 433 0 0 16 1 16 1 416 436 454 0 0 16 1 16 1 395 415 432 0 0 15 1 15 1 416 436 454 0 0 16 1 16 1 415 435 453 0 0 15 1 15 1 396 416 433 0 0 16 1 16 1 397 417 434 0 0 17 1 17 1 417 437 455 0 0 17 1 17 1 396 416 433 0 0 16 1 16 1 417 437 455 0 0 17 1 17 1 416 436 454 0 0 16 1 16 1 397 417 434 0 0 17 1 17 1 398 418 435 0 0 18 1 18 1 418 438 456 0 0 18 1 18 1 397 417 434 0 0 17 1 17 1 418 438 456 0 0 18 1 18 1 417 437 455 0 0 17 1 17 1 398 418 435 0 0 18 1 18 1 399 419 436 0 0 19 1 19 1 419 439 457 0 0 19 1 19 1 398 418 435 0 0 18 1 18 1 419 439 457 0 0 19 1 19 1 418 438 456 0 0 18 1 18 1 399 419 436 0 0 19 1 19 1 380 401 437 0 0 1 1 1 1 400 421 458 0 0 1 1 1 1 399 419 436 0 0 19 1 19 1 400 421 458 0 0 1 1 1 1 419 439 457 0 0 19 1 19 1 400 421 438 0 0 1 1 1 1 401 420 439 0 0 2 1 2 1 421 440 460 0 0 2 1 2 1 400 421 438 0 0 1 1 1 1 421 440 460 0 0 2 1 2 1 420 441 459 0 0 1 1 1 1 401 420 439 0 0 2 1 2 1 402 422 440 0 0 3 1 3 1 422 442 461 0 0 3 1 3 1 401 420 439 0 0 2 1 2 1 422 442 461 0 0 3 1 3 1 421 440 460 0 0 2 1 2 1 402 422 440 0 0 3 1 3 1 403 423 441 0 0 4 1 4 1 423 443 462 0 0 4 1 4 1 402 422 440 0 0 3 1 3 1 423 443 462 0 0 4 1 4 1 422 442 461 0 0 3 1 3 1 403 423 441 0 0 4 1 4 1 404 424 442 0 0 5 1 5 1 424 444 463 0 0 5 1 5 1 403 423 441 0 0 4 1 4 1 424 444 463 0 0 5 1 5 1 423 443 462 0 0 4 1 4 1 404 424 442 0 0 5 1 5 1 405 425 443 0 0 6 1 6 1 425 445 464 0 0 6 1 6 1 404 424 442 0 0 5 1 5 1 425 445 464 0 0 6 1 6 1 424 444 463 0 0 5 1 5 1 405 425 443 0 0 6 1 6 1 406 426 444 0 0 7 1 7 1 426 446 465 0 0 7 1 7 1 405 425 443 0 0 6 1 6 1 426 446 465 0 0 7 1 7 1 425 445 464 0 0 6 1 6 1 406 426 444 0 0 7 1 7 1 407 427 445 0 0 8 1 8 1 427 447 466 0 0 8 1 8 1 406 426 444 0 0 7 1 7 1 427 447 466 0 0 8 1 8 1 426 446 465 0 0 7 1 7 1 407 427 445 0 0 8 1 8 1 408 428 446 0 0 9 1 9 1 428 448 467 0 0 9 1 9 1 407 427 445 0 0 8 1 8 1 428 448 467 0 0 9 1 9 1 427 447 466 0 0 8 1 8 1 408 428 446 0 0 9 1 9 1 409 429 447 0 0 10 1 10 1 429 449 468 0 0 10 1 10 1 408 428 446 0 0 9 1 9 1 429 449 468 0 0 10 1 10 1 428 448 467 0 0 9 1 9 1 409 429 447 0 0 10 1 10 1 410 430 448 0 0 11 1 11 1 430 450 469 0 0 11 1 11 1 409 429 447 0 0 10 1 10 1 430 450 469 0 0 11 1 11 1 429 449 468 0 0 10 1 10 1 410 430 448 0 0 11 1 11 1 411 431 449 0 0 12 1 12 1 431 451 470 0 0 12 1 12 1 410 430 448 0 0 11 1 11 1 431 451 470 0 0 12 1 12 1 430 450 469 0 0 11 1 11 1 411 431 449 0 0 12 1 12 1 412 432 450 0 0 13 1 13 1 432 452 471 0 0 13 1 13 1 411 431 449 0 0 12 1 12 1 432 452 471 0 0 13 1 13 1 431 451 470 0 0 12 1 12 1 412 432 450 0 0 13 1 13 1 413 433 451 0 0 14 1 14 1 433 453 472 0 0 14 1 14 1 412 432 450 0 0 13 1 13 1 433 453 472 0 0 14 1 14 1 432 452 471 0 0 13 1 13 1 413 433 451 0 0 14 1 14 1 414 434 452 0 0 0 1 0 1 434 454 473 0 0 0 1 0 1 413 433 451 0 0 14 1 14 1 434 454 473 0 0 0 1 0 1 433 453 472 0 0 14 1 14 1 414 434 452 0 0 0 1 0 1 415 435 453 0 0 15 1 15 1 435 455 474 0 0 15 1 15 1 414 434 452 0 0 0 1 0 1 435 455 474 0 0 15 1 15 1 434 454 473 0 0 0 1 0 1 415 435 453 0 0 15 1 15 1 416 436 454 0 0 16 1 16 1 436 456 475 0 0 16 1 16 1 415 435 453 0 0 15 1 15 1 436 456 475 0 0 16 1 16 1 435 455 474 0 0 15 1 15 1 416 436 454 0 0 16 1 16 1 417 437 455 0 0 17 1 17 1 437 457 476 0 0 17 1 17 1 416 436 454 0 0 16 1 16 1 437 457 476 0 0 17 1 17 1 436 456 475 0 0 16 1 16 1 417 437 455 0 0 17 1 17 1 418 438 456 0 0 18 1 18 1 438 458 477 0 0 18 1 18 1 417 437 455 0 0 17 1 17 1 438 458 477 0 0 18 1 18 1 437 457 476 0 0 17 1 17 1 418 438 456 0 0 18 1 18 1 419 439 457 0 0 19 1 19 1 439 459 478 0 0 19 1 19 1 418 438 456 0 0 18 1 18 1 439 459 478 0 0 19 1 19 1 438 458 477 0 0 18 1 18 1 419 439 457 0 0 19 1 19 1 400 421 458 0 0 1 1 1 1 420 441 479 0 0 1 1 1 1 419 439 457 0 0 19 1 19 1 420 441 479 0 0 1 1 1 1 439 459 478 0 0 19 1 19 1 420 441 459 0 0 1 1 1 1 421 440 460 0 0 2 1 2 1 441 460 481 0 0 2 1 2 1 420 441 459 0 0 1 1 1 1 441 460 481 0 0 2 1 2 1 440 461 480 0 0 1 1 1 1 421 440 460 0 0 2 1 2 1 422 442 461 0 0 3 1 3 1 442 462 482 0 0 3 1 3 1 421 440 460 0 0 2 1 2 1 442 462 482 0 0 3 1 3 1 441 460 481 0 0 2 1 2 1 422 442 461 0 0 3 1 3 1 423 443 462 0 0 4 1 4 1 443 463 483 0 0 4 1 4 1 422 442 461 0 0 3 1 3 1 443 463 483 0 0 4 1 4 1 442 462 482 0 0 3 1 3 1 423 443 462 0 0 4 1 4 1 424 444 463 0 0 5 1 5 1 444 464 484 0 0 5 1 5 1 423 443 462 0 0 4 1 4 1 444 464 484 0 0 5 1 5 1 443 463 483 0 0 4 1 4 1 424 444 463 0 0 5 1 5 1 425 445 464 0 0 6 1 6 1 445 465 485 0 0 6 1 6 1 424 444 463 0 0 5 1 5 1 445 465 485 0 0 6 1 6 1 444 464 484 0 0 5 1 5 1 425 445 464 0 0 6 1 6 1 426 446 465 0 0 7 1 7 1 446 466 486 0 0 7 1 7 1 425 445 464 0 0 6 1 6 1 446 466 486 0 0 7 1 7 1 445 465 485 0 0 6 1 6 1 426 446 465 0 0 7 1 7 1 427 447 466 0 0 8 1 8 1 447 467 487 0 0 8 1 8 1 426 446 465 0 0 7 1 7 1 447 467 487 0 0 8 1 8 1 446 466 486 0 0 7 1 7 1 427 447 466 0 0 8 1 8 1 428 448 467 0 0 9 1 9 1 448 468 488 0 0 9 1 9 1 427 447 466 0 0 8 1 8 1 448 468 488 0 0 9 1 9 1 447 467 487 0 0 8 1 8 1 428 448 467 0 0 9 1 9 1 429 449 468 0 0 10 1 10 1 449 469 489 0 0 10 1 10 1 428 448 467 0 0 9 1 9 1 449 469 489 0 0 10 1 10 1 448 468 488 0 0 9 1 9 1 429 449 468 0 0 10 1 10 1 430 450 469 0 0 11 1 11 1 450 470 490 0 0 11 1 11 1 429 449 468 0 0 10 1 10 1 450 470 490 0 0 11 1 11 1 449 469 489 0 0 10 1 10 1 430 450 469 0 0 11 1 11 1 431 451 470 0 0 12 1 12 1 451 471 491 0 0 12 1 12 1 430 450 469 0 0 11 1 11 1 451 471 491 0 0 12 1 12 1 450 470 490 0 0 11 1 11 1 431 451 470 0 0 12 1 12 1 432 452 471 0 0 13 1 13 1 452 472 492 0 0 13 1 13 1 431 451 470 0 0 12 1 12 1 452 472 492 0 0 13 1 13 1 451 471 491 0 0 12 1 12 1 432 452 471 0 0 13 1 13 1 433 453 472 0 0 14 1 14 1 453 473 493 0 0 14 1 14 1 432 452 471 0 0 13 1 13 1 453 473 493 0 0 14 1 14 1 452 472 492 0 0 13 1 13 1 433 453 472 0 0 14 1 14 1 434 454 473 0 0 0 1 0 1 454 474 494 0 0 0 1 0 1 433 453 472 0 0 14 1 14 1 454 474 494 0 0 0 1 0 1 453 473 493 0 0 14 1 14 1 434 454 473 0 0 0 1 0 1 435 455 474 0 0 15 1 15 1 455 475 495 0 0 15 1 15 1 434 454 473 0 0 0 1 0 1 455 475 495 0 0 15 1 15 1 454 474 494 0 0 0 1 0 1 435 455 474 0 0 15 1 15 1 436 456 475 0 0 16 1 16 1 456 476 496 0 0 16 1 16 1 435 455 474 0 0 15 1 15 1 456 476 496 0 0 16 1 16 1 455 475 495 0 0 15 1 15 1 436 456 475 0 0 16 1 16 1 437 457 476 0 0 17 1 17 1 457 477 497 0 0 17 1 17 1 436 456 475 0 0 16 1 16 1 457 477 497 0 0 17 1 17 1 456 476 496 0 0 16 1 16 1 437 457 476 0 0 17 1 17 1 438 458 477 0 0 18 1 18 1 458 478 498 0 0 18 1 18 1 437 457 476 0 0 17 1 17 1 458 478 498 0 0 18 1 18 1 457 477 497 0 0 17 1 17 1 438 458 477 0 0 18 1 18 1 439 459 478 0 0 19 1 19 1 459 479 499 0 0 19 1 19 1 438 458 477 0 0 18 1 18 1 459 479 499 0 0 19 1 19 1 458 478 498 0 0 18 1 18 1 439 459 478 0 0 19 1 19 1 420 441 479 0 0 1 1 1 1 440 461 500 0 0 1 1 1 1 439 459 478 0 0 19 1 19 1 440 461 500 0 0 1 1 1 1 459 479 499 0 0 19 1 19 1 440 480 519 0 0 20 2 20 2 441 481 518 0 0 21 3 21 3 461 482 538 0 0 22 4 22 4 440 480 519 0 0 20 2 20 2 461 482 538 0 0 22 4 22 4 460 483 539 0 0 23 5 23 5 441 481 518 0 0 21 3 21 3 442 484 517 0 0 24 6 24 6 462 485 537 0 0 25 7 25 7 441 481 518 0 0 21 3 21 3 462 485 537 0 0 25 7 25 7 461 482 538 0 0 22 4 22 4 442 484 517 0 0 24 6 24 6 443 486 516 0 0 26 8 26 8 463 487 536 0 0 27 9 27 9 442 484 517 0 0 24 6 24 6 463 487 536 0 0 27 9 27 9 462 485 537 0 0 25 7 25 7 443 486 516 0 0 26 8 26 8 444 488 515 0 0 28 10 28 10 464 489 535 0 0 29 11 29 11 443 486 516 0 0 26 8 26 8 464 489 535 0 0 29 11 29 11 463 487 536 0 0 27 9 27 9 444 488 515 0 0 28 10 28 10 445 490 514 0 0 30 12 30 12 465 491 534 0 0 31 13 31 13 444 488 515 0 0 28 10 28 10 465 491 534 0 0 31 13 31 13 464 489 535 0 0 29 11 29 11 445 490 514 0 0 30 12 30 12 446 492 513 0 0 32 14 32 14 466 493 533 0 0 33 15 33 15 445 490 514 0 0 30 12 30 12 466 493 533 0 0 33 15 33 15 465 491 534 0 0 31 13 31 13 446 492 513 0 0 32 14 32 14 447 494 512 0 0 34 16 34 16 467 495 532 0 0 35 17 35 17 446 492 513 0 0 32 14 32 14 467 495 532 0 0 35 17 35 17 466 493 533 0 0 33 15 33 15 447 494 512 0 0 34 16 34 16 448 496 511 0 0 36 18 36 18 468 497 531 0 0 37 19 37 19 447 494 512 0 0 34 16 34 16 468 497 531 0 0 37 19 37 19 467 495 532 0 0 35 17 35 17 448 496 511 0 0 36 18 36 18 449 498 510 0 0 38 20 38 20 469 499 530 0 0 39 20 39 20 448 496 511 0 0 36 18 36 18 469 499 530 0 0 39 20 39 20 468 497 531 0 0 37 19 37 19 449 498 510 0 0 38 20 38 20 450 500 509 0 0 40 21 40 21 470 501 529 0 0 41 22 41 22 449 498 510 0 0 38 20 38 20 470 501 529 0 0 41 22 41 22 469 499 530 0 0 39 20 39 20 450 500 509 0 0 40 21 40 21 451 502 508 0 0 42 23 42 23 471 503 528 0 0 43 24 43 24 450 500 509 0 0 40 21 40 21 471 503 528 0 0 43 24 43 24 470 501 529 0 0 41 22 41 22 451 502 508 0 0 42 23 42 23 452 504 507 0 0 44 25 44 25 472 505 527 0 0 45 26 45 26 451 502 508 0 0 42 23 42 23 472 505 527 0 0 45 26 45 26 471 503 528 0 0 43 24 43 24 452 504 507 0 0 44 25 44 25 453 506 506 0 0 46 27 46 27 473 507 526 0 0 47 28 47 28 452 504 507 0 0 44 25 44 25 473 507 526 0 0 47 28 47 28 472 505 527 0 0 45 26 45 26 453 506 506 0 0 46 27 46 27 454 508 505 0 0 48 29 48 29 474 509 525 0 0 49 30 49 30 453 506 506 0 0 46 27 46 27 474 509 525 0 0 49 30 49 30 473 507 526 0 0 47 28 47 28 454 508 505 0 0 48 29 48 29 455 510 504 0 0 50 31 50 31 475 511 524 0 0 51 32 51 32 454 508 505 0 0 48 29 48 29 475 511 524 0 0 51 32 51 32 474 509 525 0 0 49 30 49 30 455 510 504 0 0 50 31 50 31 456 512 503 0 0 52 33 52 33 476 513 523 0 0 53 34 53 34 455 510 504 0 0 50 31 50 31 476 513 523 0 0 53 34 53 34 475 511 524 0 0 51 32 51 32 456 512 503 0 0 52 33 52 33 457 514 502 0 0 54 35 54 35 477 515 522 0 0 55 36 55 36 456 512 503 0 0 52 33 52 33 477 515 522 0 0 55 36 55 36 476 513 523 0 0 53 34 53 34 457 514 502 0 0 54 35 54 35 458 516 501 0 0 56 37 56 37 478 517 521 0 0 57 38 57 38 457 514 502 0 0 54 35 54 35 478 517 521 0 0 57 38 57 38 477 515 522 0 0 55 36 55 36 458 516 501 0 0 56 37 56 37 459 518 520 0 0 58 20 58 20 479 519 540 0 0 59 20 59 20 458 516 501 0 0 56 37 56 37 479 519 540 0 0 59 20 59 20 478 517 521 0 0 57 38 57 38 459 518 520 0 0 58 20 58 20 440 480 519 0 0 20 2 20 2 460 483 539 0 0 23 5 23 5 459 518 520 0 0 58 20 58 20 460 483 539 0 0 23 5 23 5 479 519 540 0 0 59 20 59 20 460 483 539 0 0 23 5 23 5 461 482 538 0 0 22 4 22 4 481 520 558 0 0 60 39 60 39 460 483 539 0 0 23 5 23 5 481 520 558 0 0 60 39 60 39 480 521 559 0 0 61 40 61 40 461 482 538 0 0 22 4 22 4 462 485 537 0 0 25 7 25 7 482 522 557 0 0 62 41 62 41 461 482 538 0 0 22 4 22 4 482 522 557 0 0 62 41 62 41 481 520 558 0 0 60 39 60 39 462 485 537 0 0 25 7 25 7 463 487 536 0 0 27 9 27 9 483 523 556 0 0 63 42 63 42 462 485 537 0 0 25 7 25 7 483 523 556 0 0 63 42 63 42 482 522 557 0 0 62 41 62 41 463 487 536 0 0 27 9 27 9 464 489 535 0 0 29 11 29 11 484 524 555 0 0 64 43 64 43 463 487 536 0 0 27 9 27 9 484 524 555 0 0 64 43 64 43 483 523 556 0 0 63 42 63 42 464 489 535 0 0 29 11 29 11 465 491 534 0 0 31 13 31 13 485 525 554 0 0 65 44 65 44 464 489 535 0 0 29 11 29 11 485 525 554 0 0 65 44 65 44 484 524 555 0 0 64 43 64 43 465 491 534 0 0 31 13 31 13 466 493 533 0 0 33 15 33 15 486 526 553 0 0 66 45 66 45 465 491 534 0 0 31 13 31 13 486 526 553 0 0 66 45 66 45 485 525 554 0 0 65 44 65 44 466 493 533 0 0 33 15 33 15 467 495 532 0 0 35 17 35 17 487 527 552 0 0 67 46 67 46 466 493 533 0 0 33 15 33 15 487 527 552 0 0 67 46 67 46 486 526 553 0 0 66 45 66 45 467 495 532 0 0 35 17 35 17 468 497 531 0 0 37 19 37 19 488 528 551 0 0 68 47 68 47 467 495 532 0 0 35 17 35 17 488 528 551 0 0 68 47 68 47 487 527 552 0 0 67 46 67 46 468 497 531 0 0 37 19 37 19 469 499 530 0 0 39 20 39 20 489 529 550 0 0 69 20 69 20 468 497 531 0 0 37 19 37 19 489 529 550 0 0 69 20 69 20 488 528 551 0 0 68 47 68 47 469 499 530 0 0 39 20 39 20 470 501 529 0 0 41 22 41 22 490 530 549 0 0 70 48 70 48 469 499 530 0 0 39 20 39 20 490 530 549 0 0 70 48 70 48 489 529 550 0 0 69 20 69 20 470 501 529 0 0 41 22 41 22 471 503 528 0 0 43 24 43 24 491 531 548 0 0 71 49 71 49 470 501 529 0 0 41 22 41 22 491 531 548 0 0 71 49 71 49 490 530 549 0 0 70 48 70 48 471 503 528 0 0 43 24 43 24 472 505 527 0 0 45 26 45 26 492 532 547 0 0 72 50 72 50 471 503 528 0 0 43 24 43 24 492 532 547 0 0 72 50 72 50 491 531 548 0 0 71 49 71 49 472 505 527 0 0 45 26 45 26 473 507 526 0 0 47 28 47 28 493 533 546 0 0 73 51 73 51 472 505 527 0 0 45 26 45 26 493 533 546 0 0 73 51 73 51 492 532 547 0 0 72 50 72 50 473 507 526 0 0 47 28 47 28 474 509 525 0 0 49 30 49 30 494 534 545 0 0 74 52 74 52 473 507 526 0 0 47 28 47 28 494 534 545 0 0 74 52 74 52 493 533 546 0 0 73 51 73 51 474 509 525 0 0 49 30 49 30 475 511 524 0 0 51 32 51 32 495 535 544 0 0 75 53 75 53 474 509 525 0 0 49 30 49 30 495 535 544 0 0 75 53 75 53 494 534 545 0 0 74 52 74 52 475 511 524 0 0 51 32 51 32 476 513 523 0 0 53 34 53 34 496 536 543 0 0 76 54 76 54 475 511 524 0 0 51 32 51 32 496 536 543 0 0 76 54 76 54 495 535 544 0 0 75 53 75 53 476 513 523 0 0 53 34 53 34 477 515 522 0 0 55 36 55 36 497 537 542 0 0 77 55 77 55 476 513 523 0 0 53 34 53 34 497 537 542 0 0 77 55 77 55 496 536 543 0 0 76 54 76 54 477 515 522 0 0 55 36 55 36 478 517 521 0 0 57 38 57 38 498 538 541 0 0 78 56 78 56 477 515 522 0 0 55 36 55 36 498 538 541 0 0 78 56 78 56 497 537 542 0 0 77 55 77 55 478 517 521 0 0 57 38 57 38 479 519 540 0 0 59 20 59 20 499 539 560 0 0 79 20 79 20 478 517 521 0 0 57 38 57 38 499 539 560 0 0 79 20 79 20 498 538 541 0 0 78 56 78 56 479 519 540 0 0 59 20 59 20 460 483 539 0 0 23 5 23 5 480 521 559 0 0 61 40 61 40 479 519 540 0 0 59 20 59 20 480 521 559 0 0 61 40 61 40 499 539 560 0 0 79 20 79 20 1 1 1 0 0 0 0 0 0 0 0 0 0 0 0 0 0 0 500 540 561 0 0 0 0 0 0 2 4 2 0 0 0 0 0 0 1 1 1 0 0 0 0 0 0 500 540 561 0 0 0 0 0 0 3 6 3 0 0 0 0 0 0 2 4 2 0 0 0 0 0 0 500 540 561 0 0 0 0 0 0 4 8 4 0 0 0 0 0 0 3 6 3 0 0 0 0 0 0 500 540 561 0 0 0 0 0 0 5 10 5 0 0 0 0 0 0 4 8 4 0 0 0 0 0 0 500 540 561 0 0 0 0 0 0 6 12 6 0 0 0 0 0 0 5 10 5 0 0 0 0 0 0 500 540 561 0 0 0 0 0 0 7 14 7 0 0 0 0 0 0 6 12 6 0 0 0 0 0 0 500 540 561 0 0 0 0 0 0 8 16 8 0 0 0 0 0 0 7 14 7 0 0 0 0 0 0 500 540 561 0 0 0 0 0 0 9 18 9 0 0 0 0 0 0 8 16 8 0 0 0 0 0 0 500 540 561 0 0 0 0 0 0 10 20 10 0 0 0 0 0 0 9 18 9 0 0 0 0 0 0 500 540 561 0 0 0 0 0 0 11 22 11 0 0 0 0 0 0 10 20 10 0 0 0 0 0 0 500 540 561 0 0 0 0 0 0 12 24 12 0 0 0 0 0 0 11 22 11 0 0 0 0 0 0 500 540 561 0 0 0 0 0 0 13 26 13 0 0 0 0 0 0 12 24 12 0 0 0 0 0 0 500 540 561 0 0 0 0 0 0 14 28 14 0 0 0 0 0 0 13 26 13 0 0 0 0 0 0 500 540 561 0 0 0 0 0 0 15 30 15 0 0 0 0 0 0 14 28 14 0 0 0 0 0 0 500 540 561 0 0 0 0 0 0 16 32 16 0 0 0 0 0 0 15 30 15 0 0 0 0 0 0 500 540 561 0 0 0 0 0 0 17 34 17 0 0 0 0 0 0 16 32 16 0 0 0 0 0 0 500 540 561 0 0 0 0 0 0 18 36 18 0 0 0 0 0 0 17 34 17 0 0 0 0 0 0 500 540 561 0 0 0 0 0 0 19 38 19 0 0 0 0 0 0 18 36 18 0 0 0 0 0 0 500 540 561 0 0 0 0 0 0 0 0 0 0 0 0 0 0 0 19 38 19 0 0 0 0 0 0 500 540 561 0 0 0 0 0 0 480 521 559 0 0 61 40 61 40 481 520 558 0 0 60 39 60 39 501 541 562 0 0 0 20 0 20 481 520 558 0 0 60 39 60 39 482 522 557 0 0 62 41 62 41 501 541 562 0 0 0 20 0 20 482 522 557 0 0 62 41 62 41 483 523 556 0 0 63 42 63 42 501 541 562 0 0 0 20 0 20 483 523 556 0 0 63 42 63 42 484 524 555 0 0 64 43 64 43 501 541 562 0 0 0 20 0 20 484 524 555 0 0 64 43 64 43 485 525 554 0 0 65 44 65 44 501 541 562 0 0 0 20 0 20 485 525 554 0 0 65 44 65 44 486 526 553 0 0 66 45 66 45 501 541 562 0 0 0 20 0 20 486 526 553 0 0 66 45 66 45 487 527 552 0 0 67 46 67 46 501 541 562 0 0 0 20 0 20 487 527 552 0 0 67 46 67 46 488 528 551 0 0 68 47 68 47 501 541 562 0 0 0 20 0 20 488 528 551 0 0 68 47 68 47 489 529 550 0 0 69 20 69 20 501 541 562 0 0 0 20 0 20 489 529 550 0 0 69 20 69 20 490 530 549 0 0 70 48 70 48 501 541 562 0 0 0 20 0 20 490 530 549 0 0 70 48 70 48 491 531 548 0 0 71 49 71 49 501 541 562 0 0 0 20 0 20 491 531 548 0 0 71 49 71 49 492 532 547 0 0 72 50 72 50 501 541 562 0 0 0 20 0 20 492 532 547 0 0 72 50 72 50 493 533 546 0 0 73 51 73 51 501 541 562 0 0 0 20 0 20 493 533 546 0 0 73 51 73 51 494 534 545 0 0 74 52 74 52 501 541 562 0 0 0 20 0 20 494 534 545 0 0 74 52 74 52 495 535 544 0 0 75 53 75 53 501 541 562 0 0 0 20 0 20 495 535 544 0 0 75 53 75 53 496 536 543 0 0 76 54 76 54 501 541 562 0 0 0 20 0 20 496 536 543 0 0 76 54 76 54 497 537 542 0 0 77 55 77 55 501 541 562 0 0 0 20 0 20 497 537 542 0 0 77 55 77 55 498 538 541 0 0 78 56 78 56 501 541 562 0 0 0 20 0 20 498 538 541 0 0 78 56 78 56 499 539 560 0 0 79 20 79 20 501 541 562 0 0 0 20 0 20 499 539 560 0 0 79 20 79 20 480 521 559 0 0 61 40 61 40 501 541 562 0 0 0 20 0 20</p>
        </triangles>
      </mesh>
      <extra>
        <technique profile="MAYA">
          <double_sided>1</double_sided>
        </technique>
      </extra>
    </geometry>
  </library_geometries>
  <library_controllers>
    <controller id="pCylinderShape1-lib-skin" name="skinCluster1">
      <skin source="#pCylinderShape1-lib">
        <bind_shape_matrix>1 0 0 0 0 1 0 0 0 0 1 0 0 0 0 1</bind_shape_matrix>
        <source id="pCylinderShape1-lib-skin-joints">
          <Name_array id="pCylinderShape1-lib-skin-joints-array" count="2">joint1 joint2</Name_array>
          <technique_common>
            <accessor source="#pCylinderShape1-lib-skin-joints-array" count="2" stride="1">
              <param name="JOINT" type="Name"/>
            </accessor>
          </technique_common>
        </source>
        <source id="pCylinderShape1-lib-skin-bind_poses">
          <float_array id="pCylinderShape1-lib-skin-bind_poses-array" count="32">-0.274721 0.961524 0 0.989628 0.961524 0.274721 0 0.138837 0 0 -1 0 0 0 0 1 0.383277 0.923634 0 -0.030374 -0.923634 0.383277 0 -0.201504 0 0 1 0 0 0 0 1</float_array>
          <technique_common>
            <accessor source="#pCylinderShape1-lib-skin-bind_poses-array" count="2" stride="16">
              <param name="TRANSFORM" type="float4x4"/>
            </accessor>
          </technique_common>
        </source>
        <source id="pCylinderShape1-lib-skin-weights">
          <float_array id="pCylinderShape1-lib-skin-weights-array" count="995">1 0.999819 0.000181 0.999495 0.000505 0.998946 0.001054 0.998197 0.001803 0.997352 0.002648 0.996567 0.003433 0.99601 0.00399 0.995809 0.004191 0.99601 0.00399 0.996567 0.003433 0.997352 0.002648 0.998197 0.001803 0.998946 0.001054 0.999495 0.000505 0.999819 0.000181 0.99953 0.00047 0.999086 0.000914 0.998072 0.001928 0.996186 0.003814 0.993308 0.006692 0.989646 0.010354 0.985685 0.014315 0.982109 0.017891 0.979615 0.020385 0.97872 0.02128 0.979615 0.020385 0.982109 0.017891 0.985685 0.014315 0.989646 0.010354 0.993308 0.006692 0.996186 0.003814 0.998072 0.001928 0.999086 0.000914 0.99953 0.00047 0.999647 0.000353 0.995661 0.004339 0.99392 0.00608 0.990504 0.009496 0.984845 0.015155 0.976737 0.023263 0.96702 0.03298 0.956969 0.043031 0.94818 0.05182 0.942181 0.057819 0.940052 0.059948 0.942181 0.057819 0.94818 0.05182 0.956969 0.043031 0.96702 0.03298 0.976737 0.023263 0.984845 0.015155 0.990504 0.009496 0.99392 0.00608 0.995661 0.004339 0.996184 0.003816 0.99338 0.00662 0.990946 0.009054 0.986423 0.013577 0.979491 0.020509 0.970267 0.029733 0.959518 0.040482 0.9486 0.051401 0.939169 0.060831 0.93278 0.06722 0.93052 0.06948 0.93278 0.06722 0.939169 0.060831 0.9486 0.0514 0.959518 0.040482 0.970268 0.029732 0.979491 0.020509 0.986423 0.013577 0.990946 0.009054 0.99338 0.00662 0.994133 0.005867 0.988225 0.011775 0.985095 0.014905 0.979529 0.020471 0.971359 0.028641 0.960877 0.039123 0.949 0.051 0.937186 0.062814 0.927132 0.072868 0.920385 0.079615 0.91801 0.08199 0.920385 0.079615 0.927132 0.072868 0.937186 0.062814 0.949 0.051 0.960877 0.039123 0.971359 0.028641 0.979529 0.020471 0.985095 0.014905 0.988225 0.011775 0.989221 0.010779 0.979227 0.020773 0.975258 0.024742 0.968455 0.031545 0.958862 0.041138 0.946993 0.053007 0.933949 0.066051 0.921284 0.078716 0.910699 0.089301 0.903681 0.096319 0.901226 0.098774 0.903681 0.096319 0.910699 0.089301 0.921284 0.078716 0.933949 0.066051 0.946993 0.053007 0.958862 0.041138 0.968455 0.031545 0.975258 0.024742 0.979227 0.020773 0.980521 0.019479 0.963791 0.036209 0.958854 0.041146 0.950655 0.049345 0.939507 0.060493 0.926203 0.073797 0.912053 0.087947 0.898698 0.101302 0.887789 0.112211 0.880675 0.119325 0.878208 0.121792 0.880675 0.119325 0.887789 0.112211 0.898698 0.101302 0.912053 0.087947 0.926203 0.073797 0.939507 0.060493 0.950655 0.049345 0.958854 0.041146 0.963791 0.036209 0.96543 0.03457 0.938093 0.061907 0.932111 0.067889 0.922434 0.077566 0.909702 0.090298 0.895034 0.104966 0.87997 0.12003 0.86622 0.13378 0.855326 0.144674 0.848395 0.151605 0.846024 0.153976 0.848395 0.151605 0.855327 0.144673 0.86622 0.13378 0.87997 0.12003 0.895034 0.104966 0.909702 0.090298 0.922434 0.077566 0.932111 0.067889 0.938093 0.061907 0.940109 0.059891 0.897444 0.102556 0.890419 0.10958 0.879299 0.120701 0.865074 0.134926 0.849207 0.150793 0.833478 0.166522 0.819663 0.180337 0.809154 0.190846 0.802718 0.197282 0.80057 0.19943 0.802718 0.197282 0.809154 0.190846 0.819664 0.180336 0.833479 0.166521 0.849207 0.150793 0.865074 0.134926 0.879299 0.120701 0.89042 0.10958 0.897444 0.102556 0.89984 0.10016 0.838174 0.161826 0.830217 0.169783 0.817811 0.182189 0.802262 0.197738 0.785327 0.214673 0.768994 0.231006 0.755118 0.244882 0.745 0.255 0.739097 0.260903 0.7372 0.2628 0.739097 0.260903 0.745 0.255 0.755118 0.244882 0.768994 0.231006 0.785327 0.214673 0.802262 0.197738 0.817811 0.182189 0.830217 0.169783 0.838175 0.161825 0.840911 0.159089 0.761419 0.238581 0.75279 0.24721 0.739442 0.260558 0.722857 0.277143 0.704928 0.295072 0.687713 0.312287 0.673112 0.326888 0.662486 0.337514 0.656335 0.343665 0.654378 0.345622 0.656335 0.343665 0.662486 0.337514 0.673112 0.326888 0.687713 0.312287 0.704928 0.295072 0.722858 0.277142 0.739442 0.260558 0.752791 0.247209 0.761419 0.238581 0.7644 0.2356 0.674441 0.325559 0.667207 0.332793 0.654053 0.345947 0.637271 0.362729 0.619036 0.380964 0.60125 0.39875 0.585662 0.414338 0.573679 0.426321 0.566224 0.433776 0.563711 0.436289 0.566224 0.433776 0.573679 0.426321 0.585662 0.414338 0.60125 0.39875 0.619036 0.380964 0.637271 0.362729 0.654053 0.345947 0.667207 0.332793 0.674441 0.325559 0.676707 0.323293 0.575105 0.424895 0.573865 0.426135 0.570256 0.429744 0.561885 0.438115 0.546827 0.453173 0.531635 0.468365 0.518864 0.481136 0.509758 0.490242 0.504768 0.495232 0.503302 0.496698 0.504768 0.495232 0.509758 0.490242 0.518864 0.481136 0.531635 0.468365 0.546827 0.453173 0.561885 0.438115 0.570256 0.429744 0.573865 0.426135 0.575105 0.424895 0.575364 0.424636 0.46788 0.53212 0.473807 0.526193 0.482124 0.517876 0.490872 0.509128 0.497793 0.502207 0.500377 0.499623 0.5 0.5 0.5 0.5 0.5 0.5 0.5 0.5 0.5 0.5 0.5 0.5 0.5 0.5 0.500377 0.499623 0.497793 0.502207 0.490872 0.509128 0.482124 0.517876 0.473807 0.526193 0.46788 0.53212 0.465735 0.534265 0.361705 0.638295 0.374641 0.625359 0.394919 0.605081 0.42123 0.57877 0.449259 0.550741 0.47371 0.52629 0.491097 0.508903 0.499238 0.500762 0.5 0.5 0.5 0.5 0.5 0.5 0.499238 0.500762 0.491097 0.508903 0.47371 0.52629 0.449259 0.550741 0.42123 0.57877 0.394919 0.605081 0.37464 0.62536 0.361705 0.638295 0.357244 0.642756 0.2651 0.7349 0.282443 0.717557 0.309185 0.690815 0.342173 0.657827 0.377463 0.622537 0.411031 0.588969 0.439466 0.560534 0.460427 0.539573 0.472874 0.527126 0.476923 0.523077 0.472874 0.527126 0.460427 0.539573 0.439466 0.560534 0.411031 0.588969 0.377463 0.622537 0.342173 0.657827 0.309185 0.690815 0.282443 0.717557 0.2651 0.7349 0.259104 0.740896 0.176752 0.823248 0.19394 0.80606 0.221108 0.778892 0.255663 0.744337 0.293858 0.706142 0.331429 0.668571 0.364435 0.635565 0.38986 0.61014 0.405772 0.594228 0.411175 0.588825 0.405772 0.594228 0.38986 0.610141 0.364435 0.635565 0.331429 0.668571 0.293858 0.706142 0.255663 0.744337 0.221108 0.778892 0.19394 0.80606 0.176752 0.823248 0.170893 0.829107 0.105938 0.894062 0.121222 0.878778 0.146165 0.853835 0.179103 0.820897 0.216868 0.783132 0.255212 0.744788 0.289757 0.710243 0.316869 0.683132 0.334049 0.665951 0.33992 0.66008 0.334049 0.665951 0.316868 0.683132 0.289757 0.710243 0.255211 0.744789 0.216868 0.783132 0.179102 0.820898 0.146165 0.853835 0.121222 0.878778 0.105938 0.894062 0.100824 0.899176 0.058197 0.941804 0.070671 0.929329 0.091889 0.908111 0.121243 0.878757 0.156401 0.843599 0.193428 0.806572 0.227743 0.772257 0.255217 0.744783 0.272849 0.727151 0.278911 0.721089 0.272849 0.727151 0.255217 0.744783 0.227743 0.772257 0.193428 0.806572 0.156401 0.843599 0.121243 0.878757 0.091889 0.908111 0.070671 0.929329 0.058196 0.941804 0.054126 0.945874 0.029951 0.970049 0.039523 0.960477 0.056676 0.943324 0.081741 0.918259 0.113243 0.886757 0.147727 0.852273 0.180621 0.819379 0.207493 0.792507 0.224955 0.775045 0.230994 0.769006 0.224955 0.775045 0.207493 0.792507 0.180621 0.819379 0.147727 0.852273 0.113243 0.886757 0.081741 0.918259 0.056676 0.943324 0.039523 0.960477 0.029951 0.970049 0.026931 0.973069 0.014689 0.985311 0.02174 0.97826 0.035223 0.964777 0.056167 0.943833 0.08383 0.91617 0.115265 0.884735 0.146069 0.853931 0.171698 0.828302 0.18854 0.81146 0.194395 0.805605 0.18854 0.81146 0.171698 0.828302 0.146069 0.853931 0.115265 0.884735 0.08383 0.91617 0.056167 0.943833 0.035223 0.964777 0.02174 0.97826 0.014689 0.985311 0.012564 0.987436 0.006951 0.993049 0.012008 0.987992 0.022502 0.977498 0.039914 0.960086 0.064048 0.935952 0.092422 0.907578 0.120891 0.879109 0.144952 0.855048 0.160916 0.839084 0.166491 0.833509 0.160916 0.839084 0.144952 0.855048 0.120891 0.879109 0.092422 0.907578 0.064047 0.935953 0.039914 0.960086 0.022502 0.977498 0.012008 0.987992 0.006951 0.993049 0.005548 0.994452 0.004219 0.995781 0.007628 0.992372 0.015297 0.984703 0.029555 0.970445 0.050663 0.949337 0.076223 0.923777 0.10238 0.89762 0.124778 0.875222 0.139757 0.860243 0.145009 0.854991 0.139757 0.860243 0.124778 0.875222 0.10238 0.89762 0.076223 0.923777 0.050663 0.949337 0.029555 0.970445 0.015296 0.984703 0.007628 0.992372 0.004219 0.995781 0.003296 0.996704 0.000394 0.999606 0.001225 0.998775 0.003525 0.996475 0.008362 0.991638 0.01655 0.98345 0.027476 0.972524 0.039438 0.960562 0.050239 0.949761 0.057738 0.942262 0.060418 0.939582 0.057738 0.942262 0.050239 0.949761 0.039438 0.960562 0.027476 0.972524 0.01655 0.98345 0.008362 0.991638 0.003525 0.996475 0.001225 0.998775 0.000394 0.999606 0.000217 0.999783 0.002014 0.997986 0.002622 0.997378 0.003746 0.996254 0.00548 0.99452 0.007838 0.992162 0.01068 0.98932 0.013682 0.986318 0.016373 0.983627 0.018251 0.981749 0.018926 0.981074 0.018251 0.981749 0.016373 0.983627 0.013682 0.986318 0.01068 0.98932 0.007838 0.992162 0.00548 0.99452 0.003746 0.996254 0.002622 0.997378 0.002014 0.997986 0.001824 0.998176 0.999783 0.000217 0.00933 0.99067</float_array>
          <technique_common>
            <accessor source="#pCylinderShape1-lib-skin-weights-array" count="995" stride="1">
              <param name="WEIGHT" type="float"/>
            </accessor>
          </technique_common>
        </source>
        <joints>
          <input semantic="JOINT" source="#pCylinderShape1-lib-skin-joints"/>
          <input semantic="INV_BIND_MATRIX" source="#pCylinderShape1-lib-skin-bind_poses"/>
        </joints>
        <vertex_weights count="502">
          <input semantic="JOINT" source="#pCylinderShape1-lib-skin-joints" offset="0"/>
          <input semantic="WEIGHT" source="#pCylinderShape1-lib-skin-weights" offset="1"/>
          <vcount>1 1 2 2 2 2 2 2 2 2 2 2 2 2 2 2 2 1 1 1 2 2 2 2 2 2 2 2 2 2 2 2 2 2 2 2 2 2 2 2 2 2 2 2 2 2 2 2 2 2 2 2 2 2 2 2 2 2 2 2 2 2 2 2 2 2 2 2 2 2 2 2 2 2 2 2 2 2 2 2 2 2 2 2 2 2 2 2 2 2 2 2 2 2 2 2 2 2 2 2 2 2 2 2 2 2 2 2 2 2 2 2 2 2 2 2 2 2 2 2 2 2 2 2 2 2 2 2 2 2 2 2 2 2 2 2 2 2 2 2 2 2 2 2 2 2 2 2 2 2 2 2 2 2 2 2 2 2 2 2 2 2 2 2 2 2 2 2 2 2 2 2 2 2 2 2 2 2 2 2 2 2 2 2 2 2 2 2 2 2 2 2 2 2 2 2 2 2 2 2 2 2 2 2 2 2 2 2 2 2 2 2 2 2 2 2 2 2 2 2 2 2 2 2 2 2 2 2 2 2 2 2 2 2 2 2 2 2 2 2 2 2 2 2 2 2 2 2 2 2 2 2 2 2 2 2 2 2 2 2 2 2 2 2 2 2 2 2 2 2 2 2 2 2 2 2 2 2 2 2 2 2 2 2 2 2 2 2 2 2 2 2 2 2 2 2 2 2 2 2 2 2 2 2 2 2 2 2 2 2 2 2 2 2 2 2 2 2 2 2 2 2 2 2 2 2 2 2 2 2 2 2 2 2 2 2 2 2 2 2 2 2 2 2 2 2 2 2 2 2 2 2 2 2 2 2 2 2 2 2 2 2 2 2 2 2 2 2 2 2 2 2 2 2 2 2 2 2 2 2 2 2 2 2 2 2 2 2 2 2 2 2 2 2 2 2 2 2 2 2 2 2 2 2 2 2 2 2 2 2 2 2 2 2 2 2 2 2 2 2 2 2 2 2 2 2 2 2 2 2 2 2 2 2 2 2 2 2 2 2 2 2 2 2 2 2 2 2 2 2 2 2 2 2 2 2 2 2 2 2 2 2 2 2 2 2 2 2 2 2 2 2 2 2 2 2 2 2 2 2 2 2 2 2 2 2 2 2 2 2 2 2 2 2 2 2 2 2 2 2 2 2 </vcount>
          <v>0 0 0 0 0 1 1 2 0 3 1 4 0 5 1 6 0 7 1 8 0 9 1 10 0 11 1 12 0 13 1 14 0 15 1 16 0 17 1 18 0 19 1 20 0 21 1 22 0 23 1 24 0 25 1 26 0 27 1 28 0 29 1 30 0 0 0 0 0 0 0 31 1 32 0 33 1 34 0 35 1 36 0 37 1 38 0 39 1 40 0 41 1 42 0 43 1 44 0 45 1 46 0 47 1 48 0 49 1 50 0 51 1 52 0 53 1 54 0 55 1 56 0 57 1 58 0 59 1 60 0 61 1 62 0 63 1 64 0 65 1 66 0 67 1 68 0 69 1 70 0 71 1 72 0 73 1 74 0 75 1 76 0 77 1 78 0 79 1 80 0 81 1 82 0 83 1 84 0 85 1 86 0 87 1 88 0 89 1 90 0 91 1 92 0 93 1 94 0 95 1 96 0 97 1 98 0 99 1 100 0 101 1 102 0 103 1 104 0 105 1 106 0 107 1 108 0 109 1 110 0 111 1 112 0 113 1 114 0 115 1 116 0 117 1 118 0 119 1 120 0 121 1 122 0 123 1 124 0 125 1 126 0 127 1 128 0 129 1 130 0 131 1 132 0 133 1 134 0 135 1 136 0 137 1 138 0 139 1 140 0 141 1 142 0 143 1 144 0 145 1 146 0 147 1 148 0 149 1 150 0 151 1 152 0 153 1 154 0 155 1 156 0 157 1 158 0 159 1 160 0 161 1 162 0 163 1 164 0 165 1 166 0 167 1 168 0 169 1 170 0 171 1 172 0 173 1 174 0 175 1 176 0 177 1 178 0 179 1 180 0 181 1 182 0 183 1 184 0 185 1 186 0 187 1 188 0 189 1 190 0 191 1 192 0 193 1 194 0 195 1 196 0 197 1 198 0 199 1 200 0 201 1 202 0 203 1 204 0 205 1 206 0 207 1 208 0 209 1 210 0 211 1 212 0 213 1 214 0 215 1 216 0 217 1 218 0 219 1 220 0 221 1 222 0 223 1 224 0 225 1 226 0 227 1 228 0 229 1 230 0 231 1 232 0 233 1 234 0 235 1 236 0 237 1 238 0 239 1 240 0 241 1 242 0 243 1 244 0 245 1 246 0 247 1 248 0 249 1 250 0 251 1 252 0 253 1 254 0 255 1 256 0 257 1 258 0 259 1 260 0 261 1 262 0 263 1 264 0 265 1 266 0 267 1 268 0 269 1 270 0 271 1 272 0 273 1 274 0 275 1 276 0 277 1 278 0 279 1 280 0 281 1 282 0 283 1 284 0 285 1 286 0 287 1 288 0 289 1 290 0 291 1 292 0 293 1 294 0 295 1 296 0 297 1 298 0 299 1 300 0 301 1 302 0 303 1 304 0 305 1 306 0 307 1 308 0 309 1 310 0 311 1 312 0 313 1 314 0 315 1 316 0 317 1 318 0 319 1 320 0 321 1 322 0 323 1 324 0 325 1 326 0 327 1 328 0 329 1 330 0 331 1 332 0 333 1 334 0 335 1 336 0 337 1 338 0 339 1 340 0 341 1 342 0 343 1 344 0 345 1 346 0 347 1 348 0 349 1 350 0 351 1 352 0 353 1 354 0 355 1 356 0 357 1 358 0 359 1 360 0 361 1 362 0 363 1 364 0 365 1 366 0 367 1 368 0 369 1 370 0 371 1 372 0 373 1 374 0 375 1 376 0 377 1 378 0 379 1 380 0 381 1 382 0 383 1 384 0 385 1 386 0 387 1 388 0 389 1 390 0 391 1 392 0 393 1 394 0 395 1 396 0 397 1 398 0 399 1 400 0 401 1 402 0 403 1 404 0 405 1 406 0 407 1 408 0 409 1 410 0 411 1 412 0 413 1 414 0 415 1 416 0 417 1 418 0 419 1 420 0 421 1 422 0 423 1 424 0 425 1 426 0 427 1 428 0 429 1 430 0 431 1 432 0 433 1 434 0 435 1 436 0 437 1 438 0 439 1 440 0 441 1 442 0 443 1 444 0 445 1 446 0 447 1 448 0 449 1 450 0 451 1 452 0 453 1 454 0 455 1 456 0 457 1 458 0 459 1 460 0 461 1 462 0 463 1 464 0 465 1 466 0 467 1 468 0 469 1 470 0 471 1 472 0 473 1 474 0 475 1 476 0 477 1 478 0 479 1 480 0 481 1 482 0 483 1 484 0 485 1 486 0 487 1 488 0 489 1 490 0 491 1 492 0 493 1 494 0 495 1 496 0 497 1 498 0 499 1 500 0 501 1 502 0 503 1 504 0 505 1 506 0 507 1 508 0 509 1 510 0 511 1 512 0 513 1 514 0 515 1 516 0 517 1 518 0 519 1 520 0 521 1 522 0 523 1 524 0 525 1 526 0 527 1 528 0 529 1 530 0 531 1 532 0 533 1 534 0 535 1 536 0 537 1 538 0 539 1 540 0 541 1 542 0 543 1 544 0 545 1 546 0 547 1 548 0 549 1 550 0 551 1 552 0 553 1 554 0 555 1 556 0 557 1 558 0 559 1 560 0 561 1 562 0 563 1 564 0 565 1 566 0 567 1 568 0 569 1 570 0 571 1 572 0 573 1 574 0 575 1 576 0 577 1 578 0 579 1 580 0 581 1 582 0 583 1 584 0 585 1 586 0 587 1 588 0 589 1 590 0 591 1 592 0 593 1 594 0 595 1 596 0 597 1 598 0 599 1 600 0 601 1 602 0 603 1 604 0 605 1 606 0 607 1 608 0 609 1 610 0 611 1 612 0 613 1 614 0 615 1 616 0 617 1 618 0 619 1 620 0 621 1 622 0 623 1 624 0 625 1 626 0 627 1 628 0 629 1 630 0 631 1 632 0 633 1 634 0 635 1 636 0 637 1 638 0 639 1 640 0 641 1 642 0 643 1 644 0 645 1 646 0 647 1 648 0 649 1 650 0 651 1 652 0 653 1 654 0 655 1 656 0 657 1 658 0 659 1 660 0 661 1 662 0 663 1 664 0 665 1 666 0 667 1 668 0 669 1 670 0 671 1 672 0 673 1 674 0 675 1 676 0 677 1 678 0 679 1 680 0 681 1 682 0 683 1 684 0 685 1 686 0 687 1 688 0 689 1 690 0 691 1 692 0 693 1 694 0 695 1 696 0 697 1 698 0 699 1 700 0 701 1 702 0 703 1 704 0 705 1 706 0 707 1 708 0 709 1 710 0 711 1 712 0 713 1 714 0 715 1 716 0 717 1 718 0 719 1 720 0 721 1 722 0 723 1 724 0 725 1 726 0 727 1 728 0 729 1 730 0 731 1 732 0 733 1 734 0 735 1 736 0 737 1 738 0 739 1 740 0 741 1 742 0 743 1 744 0 745 1 746 0 747 1 748 0 749 1 750 0 751 1 752 0 753 1 754 0 755 1 756 0 757 1 758 0 759 1 760 0 761 1 762 0 763 1 764 0 765 1 766 0 767 1 768 0 769 1 770 0 771 1 772 0 773 1 774 0 775 1 776 0 777 1 778 0 779 1 780 0 781 1 782 0 783 1 784 0 785 1 786 0 787 1 788 0 789 1 790 0 791 1 792 0 793 1 794 0 795 1 796 0 797 1 798 0 799 1 800 0 801 1 802 0 803 1 804 0 805 1 806 0 807 1 808 0 809 1 810 0 811 1 812 0 813 1 814 0 815 1 816 0 817 1 818 0 819 1 820 0 821 1 822 0 823 1 824 0 825 1 826 0 827 1 828 0 829 1 830 0 831 1 832 0 833 1 834 0 835 1 836 0 837 1 838 0 839 1 840 0 841 1 842 0 843 1 844 0 845 1 846 0 847 1 848 0 849 1 850 0 851 1 852 0 853 1 854 0 855 1 856 0 857 1 858 0 859 1 860 0 861 1 862 0 863 1 864 0 865 1 866 0 867 1 868 0 869 1 870 0 871 1 872 0 873 1 874 0 875 1 876 0 877 1 878 0 879 1 880 0 881 1 882 0 883 1 884 0 885 1 886 0 887 1 888 0 889 1 890 0 891 1 892 0 893 1 894 0 895 1 896 0 897 1 898 0 899 1 900 0 901 1 902 0 903 1 904 0 905 1 906 0 907 1 908 0 909 1 910 0 911 1 912 0 913 1 914 0 915 1 916 0 917 1 918 0 919 1 920 0 921 1 922 0 923 1 924 0 925 1 926 0 927 1 928 0 929 1 930 0 931 1 932 0 933 1 934 0 935 1 936 0 937 1 938 0 939 1 940 0 941 1 942 0 943 1 944 0 945 1 946 0 947 1 948 0 949 1 950 0 951 1 952 0 953 1 954 0 955 1 956 0 957 1 958 0 959 1 960 0 961 1 962 0 963 1 964 0 965 1 966 0 967 1 968 0 969 1 970 0 971 1 972 0 973 1 974 0 975 1 976 0 977 1 978 0 979 1 980 0 981 1 982 0 983 1 984 0 985 1 986 0 987 1 988 0 989 1 990 0 991 1 992 0 993 1 994</v>
        </vertex_weights>
      </skin>
    </controller>
  </library_controllers>
  <library_visual_scenes>
    <visual_scene id="VisualSceneNode" name="skin_cyl">
      <node id="pCylinder1" name="pCylinder1" type="NODE">
        <rotate sid="rotateZ">0 0 1 0</rotate>
        <rotate sid="rotateY">0 1 0 0</rotate>
        <rotate sid="rotateX">1 0 0 0</rotate>
      </node>
      <node id="pCylinderShape1" name="pCylinderShape1" type="NODE">
        <rotate sid="rotateZ">0 0 1 0</rotate>
        <rotate sid="rotateY">0 1 0 0</rotate>
        <rotate sid="rotateX">1 0 0 0</rotate>
        <instance_controller url="#pCylinderShape1-lib-skin">
          <skeleton/>
          <bind_material>
            <technique_common>
              <instance_material symbol="initialShadingGroup" target="#lambert1"/>
            </technique_common>
          </bind_material>
        </instance_controller>
      </node>
      <node id="joint1" name="joint1" sid="joint1" type="JOINT">
        <translate sid="translate">0.138376 -0.989692 0</translate>
        <rotate sid="jointOrientZ">0 0 1 105.945</rotate>
        <rotate sid="jointOrientY">0 1 0 0</rotate>
        <rotate sid="jointOrientX">1 0 0 180</rotate>
        <node id="joint2" name="joint2" sid="joint2" type="JOINT">
          <translate sid="translate">1.1388 0 0</translate>
          <rotate sid="jointOrientZ">0 0 1 38.4822</rotate>
          <rotate sid="jointOrientY">0 1 0 0</rotate>
          <rotate sid="jointOrientX">1 0 0 180</rotate>
          <node id="joint3" name="joint3" sid="joint3" type="JOINT">
            <translate sid="translate">0.957529 0 0</translate>
            <rotate sid="jointOrientZ">0 0 1 -67.4632</rotate>
            <rotate sid="jointOrientY">0 1 0 0</rotate>
            <rotate sid="jointOrientX">1 0 0 0</rotate>
          </node>
        </node>
      </node>
      <node id="softMod1Handle" name="softMod1Handle" type="NODE">
        <translate sid="translate">0 0.452441 0</translate>
        <translate sid="rotatePivot">0 0.95 0</translate>
        <rotate sid="rotateZ">0 0 1 0</rotate>
        <rotate sid="rotateY">0 1 0 0</rotate>
        <rotate sid="rotateX">1 0 0 0</rotate>
        <translate sid="rotatePivotInverse">0 -0.95 0</translate>
        <translate sid="scalePivot">0 0.95 0</translate>
        <translate sid="scalePivotInverse">0 -0.95 0</translate>
      </node>
    </visual_scene>
  </library_visual_scenes>
  <scene>
    <instance_physics_scene url="#MayaNativePhysicsScene"/>
    <instance_visual_scene url="#VisualSceneNode"/>
  </scene>
</COLLADA>
