<?xml version="1.0" encoding="utf-8"?>
<COLLADA xmlns="http://www.collada.org/2005/11/COLLADASchema" version="1.4.1">
  <asset>
    <contributor>
      <author>Peter_Marshall</author>
      <authoring_tool>Maya 7.0 | ColladaMaya v3.00 | FCollada v3.0</authoring_tool>
      <comments>Collada Maya Export Options: bakeTransforms=1;exportPolygonMeshes=1;bakeLighting=0;isSampling=1;
curveConstrainSampling=0;exportCameraAsLookat=0;
exportLights=0;exportCameras=0;exportJointsAndSkin=1;
exportAnimations=1;exportTriangles=0;exportInvisibleNodes=0;
exportNormals=1;exportTexCoords=1;exportVertexColors=0;exportTangents=1;
exportTexTangents=1;exportConstraints=0;exportPhysics=0;exportXRefs=0;
dereferenceXRefs=0;cameraXFov=0;cameraYFov=1</comments>
      <source_data>file:///D:/elephant/trunk.ma</source_data>
    </contributor>
    <created>2007-04-25T17:36:21Z</created>
    <modified>2007-04-25T17:36:22Z</modified>
    <unit meter="1.000000" name="meter"/>
    <up_axis>Y_UP</up_axis>
  </asset>
  <library_animations>
    <animation id="Zou_CTL1_matrix">
      <source id="Zou_CTL1_matrix_Zou_CTL1_transform-input">
        <float_array id="Zou_CTL1_matrix_Zou_CTL1_transform-input-array" count="71">0 0.033333 0.066667 0.100000 0.133333 0.166667 0.200000 0.233333 0.266667 0.300000 0.333333 0.366667 0.400000 0.433333 0.466667 0.500000 0.533333 0.566667 0.600000 0.633333 0.666667 0.700000 0.733334 0.766667 0.800000 0.833334 0.866667 0.900000 0.933334 0.966667 1.000000 1.033334 1.066667 1.100000 1.133334 1.166667 1.200000 1.233333 1.266667 1.300000 1.333333 1.366667 1.400000 1.433333 1.466667 1.500000 1.533333 1.566666 1.600000 1.633333 1.666666 1.700000 1.733333 1.766666 1.800000 1.833333 1.866666 1.899999 1.933333 1.966666 1.999999 2.033333 2.066666 2.099999 2.133333 2.166666 2.199999 2.233333 2.266666 2.299999 2.333333</float_array>
        <technique_common>
          <accessor source="#Zou_CTL1_matrix_Zou_CTL1_transform-input-array" count="71" stride="1">
            <param name="TIME" type="float"/>
          </accessor>
        </technique_common>
        <technique profile="MAYA">
          <pre_infinity>CONSTANT</pre_infinity>
          <post_infinity>CONSTANT</post_infinity>
        </technique>
      </source>
      <source id="Zou_CTL1_matrix_Zou_CTL1_transform-output">
        <float_array id="Zou_CTL1_matrix_Zou_CTL1_transform-output-array" count="1136">0 0 1.000000 0.000000 0 1.000000 0 2.721300 -1.000000 0 0 0.130000 0 0 0 1.000000 -0.000995 -0.000038 1.000000 -0.000369 0.001337 0.999999 0.000039 2.724864 -0.999999 0.001337 -0.000995 0.129352 0 0 0 1.000000 -0.003695 -0.000130 0.999993 -0.001371 0.004964 0.999988 0.000149 2.734537 -0.999981 0.004964 -0.003694 0.127594 0 0 0 1.000000 -0.007673 -0.000238 0.999971 -0.002846 0.010308 0.999947 0.000317 2.748790 -0.999917 0.010310 -0.007670 0.125004 0 0 0 1.000000 -0.012501 -0.000321 0.999922 -0.004638 0.016796 0.999859 0.000531 2.766094 -0.999781 0.016801 -0.012494 0.121859 0 0 0 1.000000 -0.017753 -0.000355 0.999842 -0.006588 0.023855 0.999715 0.000779 2.784924 -0.999558 0.023865 -0.017739 0.118437 0 0 0 1.000000 -0.023002 -0.000338 0.999735 -0.008538 0.030913 0.999521 0.001049 2.803755 -0.999257 0.030929 -0.022981 0.115015 0 0 0 1.000000 -0.027822 -0.000288 0.999613 -0.010329 0.037398 0.999300 0.001329 2.821059 -0.998913 0.037421 -0.027792 0.111870 0 0 0 1.000000 -0.031789 -0.000248 0.999495 -0.011805 0.042738 0.999085 0.001607 2.835311 -0.998580 0.042768 -0.031749 0.109280 0 0 0 1.000000 -0.034479 -0.000272 0.999405 -0.012807 0.046362 0.998923 0.001871 2.844984 -0.998330 0.046398 -0.034429 0.107522 0 0 0 1.000000 -0.035470 -0.000416 0.999371 -0.013176 0.047697 0.998860 0.002109 2.848548 -0.998232 0.047741 -0.035410 0.106874 0 0 0 1.000000 -0.034521 -0.000724 0.999404 -0.012824 0.046849 0.998899 0.002342 2.848471 -0.998305 0.046902 -0.034449 0.108057 0 0 0 1.000000 -0.031805 -0.001182 0.999493 -0.011818 0.044423 0.999009 0.002595 2.848248 -0.998506 0.044483 -0.031721 0.111442 0 0 0 1.000000 -0.027516 -0.001748 0.999620 -0.010230 0.040594 0.999172 0.002865 2.847892 -0.998797 0.040657 -0.027423 0.116783 0 0 0 1.000000 -0.021850 -0.002373 0.999758 -0.008133 0.035537 0.999363 0.003148 2.847416 -0.999129 0.035597 -0.021752 0.123836 0 0 0 1.000000 -0.015001 -0.003001 0.999883 -0.005600 0.029427 0.999561 0.003442 2.846834 -0.999454 0.029475 -0.014906 0.132357 0 0 0 1.000000 -0.007165 -0.003581 0.999968 -0.002704 0.022439 0.999741 0.003741 2.846160 -0.999723 0.022465 -0.007082 0.142099 0 0 0 1.000000 0.001462 -0.004066 0.999991 0.000483 0.014748 0.999883 0.004044 2.845406 -0.999890 0.014742 0.001521 0.152820 0 0 0 1.000000 0.010680 -0.004415 0.999933 0.003887 0.006531 0.999969 0.004345 2.844586 -0.999922 0.006484 0.010708 0.164273 0 0 0 1.000000 0.020291 -0.004601 0.999784 0.007437 -0.002038 0.999987 0.004643 2.843712 -0.999792 -0.002131 0.020281 0.176216 0 0 0 1.000000 0.030094 -0.004606 0.999536 0.011060 -0.010781 0.999930 0.004932 2.842799 -0.999489 -0.010925 0.030043 0.188402 0 0 0 1.000000 0.039891 -0.004428 0.999194 0.014683 -0.019524 0.999796 0.005210 2.841860 -0.999013 -0.019716 0.039797 0.200589 0 0 0 1.000000 0.049481 -0.004078 0.998767 0.018233 -0.028090 0.999590 0.005473 2.840907 -0.998380 -0.028326 0.049347 0.212531 0 0 0 1.000000 0.058667 -0.003580 0.998271 0.021638 -0.036304 0.999324 0.005717 2.839954 -0.997617 -0.036577 0.058498 0.223985 0 0 0 1.000000 0.067252 -0.002971 0.997732 0.024825 -0.043989 0.999014 0.005940 2.839015 -0.996766 -0.044289 0.067055 0.234705 0 0 0 1.000000 0.075041 -0.002298 0.997178 0.027721 -0.050972 0.998681 0.006137 2.838102 -0.995877 -0.051289 0.074825 0.244448 0 0 0 1.000000 0.081842 -0.001616 0.996644 0.030254 -0.057076 0.998350 0.006306 2.837229 -0.995010 -0.057401 0.081614 0.252968 0 0 0 1.000000 0.087462 -0.000986 0.996167 0.032350 -0.062128 0.998047 0.006443 2.836409 -0.994229 -0.062453 0.087230 0.260021 0 0 0 1.000000 0.091713 -0.000469 0.995785 0.033938 -0.065953 0.997801 0.006545 2.835655 -0.993599 -0.066275 0.091481 0.265363 0 0 0 1.000000 0.094404 -0.000124 0.995534 0.034945 -0.068376 0.997638 0.006608 2.834981 -0.993183 -0.068694 0.094173 0.268748 0 0 0 1.000000 0.095344 0.000000 0.995444 0.035296 -0.069222 0.997579 0.006630 2.834400 -0.993035 -0.069539 0.095113 0.269930 0 0 0 1.000000 0.094660 -0.000076 0.995510 0.035040 -0.068421 0.997635 0.006583 2.833915 -0.993156 -0.068737 0.094431 0.268534 0 0 0 1.000000 0.092701 -0.000289 0.995694 0.034307 -0.066128 0.997790 0.006446 2.833514 -0.993496 -0.066441 0.092477 0.264540 0 0 0 1.000000 0.089606 -0.000605 0.995977 0.033151 -0.062509 0.998025 0.006230 2.833186 -0.994014 -0.062816 0.089391 0.258235 0 0 0 1.000000 0.085514 -0.000988 0.996336 0.031624 -0.057729 0.998315 0.005945 2.832918 -0.994663 -0.058026 0.085313 0.249910 0 0 0 1.000000 0.080564 -0.001398 0.996749 0.029780 -0.051953 0.998634 0.005600 2.832699 -0.995395 -0.052235 0.080381 0.239854 0 0 0 1.000000 0.074894 -0.001796 0.997190 0.027671 -0.045346 0.998958 0.005205 2.832516 -0.996160 -0.045608 0.074734 0.228355 0 0 0 1.000000 0.068644 -0.002146 0.997639 0.025350 -0.038074 0.999264 0.004770 2.832360 -0.996914 -0.038311 0.068512 0.215703 0 0 0 1.000000 0.061956 -0.002420 0.998076 0.022871 -0.030302 0.999532 0.004304 2.832217 -0.997619 -0.030510 0.061854 0.202184 0 0 0 1.000000 0.054973 -0.002593 0.998484 0.020286 -0.022196 0.999746 0.003819 2.832076 -0.998241 -0.022373 0.054901 0.188089 0 0 0 1.000000 0.047837 -0.002653 0.998852 0.017648 -0.013923 0.999898 0.003323 2.831926 -0.998758 -0.014066 0.047795 0.173706 0 0 0 1.000000 0.040694 -0.002594 0.999168 0.015010 -0.005650 0.999980 0.002826 2.831754 -0.999156 -0.005760 0.040678 0.159323 0 0 0 1.000000 0.033689 -0.002421 0.999429 0.012425 0.002459 0.999994 0.002339 2.831550 -0.999429 0.002378 0.033694 0.145228 0 0 0 1.000000 0.026967 -0.002148 0.999634 0.009946 0.010235 0.999946 0.001873 2.831301 -0.999584 0.010181 0.026988 0.131710 0 0 0 1.000000 0.020674 -0.001798 0.999785 0.007625 0.017513 0.999846 0.001435 2.830997 -0.999633 0.017479 0.020702 0.119057 0 0 0 1.000000 0.014954 -0.001399 0.999887 0.005516 0.024126 0.999708 0.001038 2.830624 -0.999597 0.024108 0.014984 0.107558 0 0 0 1.000000 0.009953 -0.000989 0.999950 0.003672 0.029909 0.999552 0.000691 2.830172 -0.999503 0.029900 0.009978 0.097502 0 0 0 1.000000 0.005813 -0.000606 0.999983 0.002145 0.034695 0.999398 0.000404 2.829629 -0.999381 0.034692 0.005831 0.089177 0 0 0 1.000000 0.002679 -0.000289 0.999996 0.000989 0.038319 0.999265 0.000186 2.828983 -0.999262 0.038319 0.002688 0.082873 0 0 0 1.000000 0.000694 -0.000076 1.000000 0.000256 0.040616 0.999175 0.000048 2.828223 -0.999175 0.040616 0.000696 0.078878 0 0 0 1.000000 0 0 1.000000 0.000000 0.041418 0.999142 0 2.827337 -0.999142 0.041418 0 0.077482 0 0 0 1.000000 0 0 1.000000 0.000000 0.041118 0.999154 0 2.825707 -0.999154 0.041118 0 0.077863 0 0 0 1.000000 0 0 1.000000 0.000000 0.040259 0.999189 0 2.822822 -0.999189 0.040259 0 0.078953 0 0 0 1.000000 0 0 1.000000 0.000000 0.038902 0.999243 0 2.818826 -0.999243 0.038902 0 0.080673 0 0 0 1.000000 0 0 1.000000 0.000000 0.037112 0.999311 0 2.813866 -0.999311 0.037112 0 0.082945 0 0 0 1.000000 0 0 1.000000 0.000000 0.034948 0.999389 0 2.808084 -0.999389 0.034948 0 0.085689 0 0 0 1.000000 0 0 1.000000 0.000000 0.032474 0.999473 0 2.801627 -0.999473 0.032474 0 0.088827 0 0 0 1.000000 0 0 1.000000 0.000000 0.029752 0.999557 0 2.794639 -0.999557 0.029752 0 0.092280 0 0 0 1.000000 0 0 1.000000 0.000000 0.026843 0.999640 0 2.787264 -0.999640 0.026843 0 0.095969 0 0 0 1.000000 0 0 1.000000 0.000000 0.023809 0.999717 0 2.779648 -0.999717 0.023809 0 0.099816 0 0 0 1.000000 0 0 1.000000 0.000000 0.020714 0.999785 0 2.771935 -0.999785 0.020714 0 0.103741 0 0 0 1.000000 0 0 1.000000 0.000000 0.017618 0.999845 0 2.764270 -0.999845 0.017618 0 0.107666 0 0 0 1.000000 0 0 1.000000 0.000000 0.014584 0.999894 0 2.756797 -0.999894 0.014584 0 0.111512 0 0 0 1.000000 0 0 1.000000 0.000000 0.011674 0.999932 0 2.749661 -0.999932 0.011674 0 0.115202 0 0 0 1.000000 0 0 1.000000 0.000000 0.008950 0.999960 0 2.743006 -0.999960 0.008950 0 0.118654 0 0 0 1.000000 0 0 1.000000 0.000000 0.006475 0.999979 0 2.736978 -0.999979 0.006475 0 0.121792 0 0 0 1.000000 0 0 1.000000 0.000000 0.004310 0.999991 0 2.731720 -0.999991 0.004310 0 0.124537 0 0 0 1.000000 0 0 1.000000 0.000000 0.002518 0.999997 0 2.727379 -0.999997 0.002518 0 0.126808 0 0 0 1.000000 0 0 1.000000 0.000000 0 1.000000 0 2.724099 -1.000000 0 0 0.128529 0 0 0 1.000000 0 0 1.000000 0.000000 0 1.000000 0 2.722024 -1.000000 0 0 0.129619 0 0 0 1.000000 0 0 1.000000 0.000000 0 1.000000 0 2.721300 -1.000000 0 0 0.130000 0 0 0 1.000000</float_array>
        <technique_common>
          <accessor source="#Zou_CTL1_matrix_Zou_CTL1_transform-output-array" count="71" stride="16">
            <param name="TRANSFORM" type="float4x4"/>
          </accessor>
        </technique_common>
      </source>
      <source id="Zou_CTL1_matrix_Zou_CTL1_transform-interpolations">
        <Name_array id="Zou_CTL1_matrix_Zou_CTL1_transform-interpolations-array" count="71">LINEAR LINEAR LINEAR LINEAR LINEAR LINEAR LINEAR LINEAR LINEAR LINEAR LINEAR LINEAR LINEAR LINEAR LINEAR LINEAR LINEAR LINEAR LINEAR LINEAR LINEAR LINEAR LINEAR LINEAR LINEAR LINEAR LINEAR LINEAR LINEAR LINEAR LINEAR LINEAR LINEAR LINEAR LINEAR LINEAR LINEAR LINEAR LINEAR LINEAR LINEAR LINEAR LINEAR LINEAR LINEAR LINEAR LINEAR LINEAR LINEAR LINEAR LINEAR LINEAR LINEAR LINEAR LINEAR LINEAR LINEAR LINEAR LINEAR LINEAR LINEAR LINEAR LINEAR LINEAR LINEAR LINEAR LINEAR LINEAR LINEAR LINEAR LINEAR</Name_array>
        <technique_common>
          <accessor source="#Zou_CTL1_matrix_Zou_CTL1_transform-interpolations-array" count="71" stride="1">
            <param name="INTERPOLATION" type="Name"/>
          </accessor>
        </technique_common>
      </source>
      <sampler id="Zou_CTL1_matrix_Zou_CTL1_transform-sampler">
        <input semantic="INPUT" source="#Zou_CTL1_matrix_Zou_CTL1_transform-input"/>
        <input semantic="OUTPUT" source="#Zou_CTL1_matrix_Zou_CTL1_transform-output"/>
        <input semantic="INTERPOLATION" source="#Zou_CTL1_matrix_Zou_CTL1_transform-interpolations"/>
      </sampler>
      <channel source="#Zou_CTL1_matrix_Zou_CTL1_transform-sampler" target="Zou_CTL1/transform"/>
    </animation>
    <animation id="Zou_CTL_matrix">
      <source id="Zou_CTL_matrix_Zou_CTL_transform-input">
        <float_array id="Zou_CTL_matrix_Zou_CTL_transform-input-array" count="71">0 0.033333 0.066667 0.100000 0.133333 0.166667 0.200000 0.233333 0.266667 0.300000 0.333333 0.366667 0.400000 0.433333 0.466667 0.500000 0.533333 0.566667 0.600000 0.633333 0.666667 0.700000 0.733334 0.766667 0.800000 0.833334 0.866667 0.900000 0.933334 0.966667 1.000000 1.033334 1.066667 1.100000 1.133334 1.166667 1.200000 1.233333 1.266667 1.300000 1.333333 1.366667 1.400000 1.433333 1.466667 1.500000 1.533333 1.566666 1.600000 1.633333 1.666666 1.700000 1.733333 1.766666 1.800000 1.833333 1.866666 1.899999 1.933333 1.966666 1.999999 2.033333 2.066666 2.099999 2.133333 2.166666 2.199999 2.233333 2.266666 2.299999 2.333333</float_array>
        <technique_common>
          <accessor source="#Zou_CTL_matrix_Zou_CTL_transform-input-array" count="71" stride="1">
            <param name="TIME" type="float"/>
          </accessor>
        </technique_common>
        <technique profile="MAYA">
          <pre_infinity>CONSTANT</pre_infinity>
          <post_infinity>CONSTANT</post_infinity>
        </technique>
      </source>
      <source id="Zou_CTL_matrix_Zou_CTL_transform-output">
        <float_array id="Zou_CTL_matrix_Zou_CTL_transform-output-array" count="1136">0 0 1.000000 0.000000 0 1.000000 0 2.721300 -1.000000 0 0 0.130000 0 0 0 1.000000 -0.000995 -0.000038 1.000000 -0.000369 0.001337 0.999999 0.000039 2.724864 -0.999999 0.001337 -0.000995 0.129352 0 0 0 1.000000 -0.003695 -0.000130 0.999993 -0.001371 0.004964 0.999988 0.000149 2.734537 -0.999981 0.004964 -0.003694 0.127594 0 0 0 1.000000 -0.007673 -0.000238 0.999971 -0.002846 0.010308 0.999947 0.000317 2.748790 -0.999917 0.010310 -0.007670 0.125004 0 0 0 1.000000 -0.012501 -0.000321 0.999922 -0.004638 0.016796 0.999859 0.000531 2.766094 -0.999781 0.016801 -0.012494 0.121859 0 0 0 1.000000 -0.017753 -0.000355 0.999842 -0.006588 0.023855 0.999715 0.000779 2.784924 -0.999558 0.023865 -0.017739 0.118437 0 0 0 1.000000 -0.023002 -0.000338 0.999735 -0.008538 0.030913 0.999521 0.001049 2.803755 -0.999257 0.030929 -0.022981 0.115015 0 0 0 1.000000 -0.027822 -0.000288 0.999613 -0.010329 0.037398 0.999300 0.001329 2.821059 -0.998913 0.037421 -0.027792 0.111870 0 0 0 1.000000 -0.031789 -0.000248 0.999495 -0.011805 0.042738 0.999085 0.001607 2.835311 -0.998580 0.042768 -0.031749 0.109280 0 0 0 1.000000 -0.034479 -0.000272 0.999405 -0.012807 0.046362 0.998923 0.001871 2.844984 -0.998330 0.046398 -0.034429 0.107522 0 0 0 1.000000 -0.035470 -0.000416 0.999371 -0.013176 0.047697 0.998860 0.002109 2.848548 -0.998232 0.047741 -0.035410 0.106874 0 0 0 1.000000 -0.034521 -0.000724 0.999404 -0.012824 0.046849 0.998899 0.002342 2.848471 -0.998305 0.046902 -0.034449 0.108057 0 0 0 1.000000 -0.031805 -0.001182 0.999493 -0.011818 0.044423 0.999009 0.002595 2.848248 -0.998506 0.044483 -0.031721 0.111442 0 0 0 1.000000 -0.027516 -0.001748 0.999620 -0.010230 0.040594 0.999172 0.002865 2.847892 -0.998797 0.040657 -0.027423 0.116783 0 0 0 1.000000 -0.021850 -0.002373 0.999758 -0.008133 0.035537 0.999363 0.003148 2.847416 -0.999129 0.035597 -0.021752 0.123836 0 0 0 1.000000 -0.015001 -0.003001 0.999883 -0.005600 0.029427 0.999561 0.003442 2.846834 -0.999454 0.029475 -0.014906 0.132357 0 0 0 1.000000 -0.007165 -0.003581 0.999968 -0.002704 0.022439 0.999741 0.003741 2.846160 -0.999723 0.022465 -0.007082 0.142099 0 0 0 1.000000 0.001462 -0.004066 0.999991 0.000483 0.014748 0.999883 0.004044 2.845406 -0.999890 0.014742 0.001521 0.152820 0 0 0 1.000000 0.010680 -0.004415 0.999933 0.003887 0.006531 0.999969 0.004345 2.844586 -0.999922 0.006484 0.010708 0.164273 0 0 0 1.000000 0.020291 -0.004601 0.999784 0.007437 -0.002038 0.999987 0.004643 2.843712 -0.999792 -0.002131 0.020281 0.176216 0 0 0 1.000000 0.030094 -0.004606 0.999536 0.011060 -0.010781 0.999930 0.004932 2.842799 -0.999489 -0.010925 0.030043 0.188402 0 0 0 1.000000 0.039891 -0.004428 0.999194 0.014683 -0.019524 0.999796 0.005210 2.841860 -0.999013 -0.019716 0.039797 0.200589 0 0 0 1.000000 0.049481 -0.004078 0.998767 0.018233 -0.028090 0.999590 0.005473 2.840907 -0.998380 -0.028326 0.049347 0.212531 0 0 0 1.000000 0.058667 -0.003580 0.998271 0.021638 -0.036304 0.999324 0.005717 2.839954 -0.997617 -0.036577 0.058498 0.223985 0 0 0 1.000000 0.067252 -0.002971 0.997732 0.024825 -0.043989 0.999014 0.005940 2.839015 -0.996766 -0.044289 0.067055 0.234705 0 0 0 1.000000 0.075041 -0.002298 0.997178 0.027721 -0.050972 0.998681 0.006137 2.838102 -0.995877 -0.051289 0.074825 0.244448 0 0 0 1.000000 0.081842 -0.001616 0.996644 0.030254 -0.057076 0.998350 0.006306 2.837229 -0.995010 -0.057401 0.081614 0.252968 0 0 0 1.000000 0.087462 -0.000986 0.996167 0.032350 -0.062128 0.998047 0.006443 2.836409 -0.994229 -0.062453 0.087230 0.260021 0 0 0 1.000000 0.091713 -0.000469 0.995785 0.033938 -0.065953 0.997801 0.006545 2.835655 -0.993599 -0.066275 0.091481 0.265363 0 0 0 1.000000 0.094404 -0.000124 0.995534 0.034945 -0.068376 0.997638 0.006608 2.834981 -0.993183 -0.068694 0.094173 0.268748 0 0 0 1.000000 0.095344 0.000000 0.995444 0.035296 -0.069222 0.997579 0.006630 2.834400 -0.993035 -0.069539 0.095113 0.269930 0 0 0 1.000000 0.094660 -0.000076 0.995510 0.035040 -0.068421 0.997635 0.006583 2.833915 -0.993156 -0.068737 0.094431 0.268534 0 0 0 1.000000 0.092701 -0.000289 0.995694 0.034307 -0.066128 0.997790 0.006446 2.833514 -0.993496 -0.066441 0.092477 0.264540 0 0 0 1.000000 0.089606 -0.000605 0.995977 0.033151 -0.062509 0.998025 0.006230 2.833186 -0.994014 -0.062816 0.089391 0.258235 0 0 0 1.000000 0.085514 -0.000988 0.996336 0.031624 -0.057729 0.998315 0.005945 2.832918 -0.994663 -0.058026 0.085313 0.249910 0 0 0 1.000000 0.080564 -0.001398 0.996749 0.029780 -0.051953 0.998634 0.005600 2.832699 -0.995395 -0.052235 0.080381 0.239854 0 0 0 1.000000 0.074894 -0.001796 0.997190 0.027671 -0.045346 0.998958 0.005205 2.832516 -0.996160 -0.045608 0.074734 0.228355 0 0 0 1.000000 0.068644 -0.002146 0.997639 0.025350 -0.038074 0.999264 0.004770 2.832360 -0.996914 -0.038311 0.068512 0.215703 0 0 0 1.000000 0.061956 -0.002420 0.998076 0.022871 -0.030302 0.999532 0.004304 2.832217 -0.997619 -0.030510 0.061854 0.202184 0 0 0 1.000000 0.054973 -0.002593 0.998484 0.020286 -0.022196 0.999746 0.003819 2.832076 -0.998241 -0.022373 0.054901 0.188089 0 0 0 1.000000 0.047837 -0.002653 0.998852 0.017648 -0.013923 0.999898 0.003323 2.831926 -0.998758 -0.014066 0.047795 0.173706 0 0 0 1.000000 0.040694 -0.002594 0.999168 0.015010 -0.005650 0.999980 0.002826 2.831754 -0.999156 -0.005760 0.040678 0.159323 0 0 0 1.000000 0.033689 -0.002421 0.999429 0.012425 0.002459 0.999994 0.002339 2.831550 -0.999429 0.002378 0.033694 0.145228 0 0 0 1.000000 0.026967 -0.002148 0.999634 0.009946 0.010235 0.999946 0.001873 2.831301 -0.999584 0.010181 0.026988 0.131710 0 0 0 1.000000 0.020674 -0.001798 0.999785 0.007625 0.017513 0.999846 0.001435 2.830997 -0.999633 0.017479 0.020702 0.119057 0 0 0 1.000000 0.014954 -0.001399 0.999887 0.005516 0.024126 0.999708 0.001038 2.830624 -0.999597 0.024108 0.014984 0.107558 0 0 0 1.000000 0.009953 -0.000989 0.999950 0.003672 0.029909 0.999552 0.000691 2.830172 -0.999503 0.029900 0.009978 0.097502 0 0 0 1.000000 0.005813 -0.000606 0.999983 0.002145 0.034695 0.999398 0.000404 2.829629 -0.999381 0.034692 0.005831 0.089177 0 0 0 1.000000 0.002679 -0.000289 0.999996 0.000989 0.038319 0.999265 0.000186 2.828983 -0.999262 0.038319 0.002688 0.082873 0 0 0 1.000000 0.000694 -0.000076 1.000000 0.000256 0.040616 0.999175 0.000048 2.828223 -0.999175 0.040616 0.000696 0.078878 0 0 0 1.000000 0 0 1.000000 0.000000 0.041418 0.999142 0 2.827337 -0.999142 0.041418 0 0.077482 0 0 0 1.000000 0 0 1.000000 0.000000 0.041118 0.999154 0 2.825707 -0.999154 0.041118 0 0.077863 0 0 0 1.000000 0 0 1.000000 0.000000 0.040259 0.999189 0 2.822822 -0.999189 0.040259 0 0.078953 0 0 0 1.000000 0 0 1.000000 0.000000 0.038902 0.999243 0 2.818826 -0.999243 0.038902 0 0.080673 0 0 0 1.000000 0 0 1.000000 0.000000 0.037112 0.999311 0 2.813866 -0.999311 0.037112 0 0.082945 0 0 0 1.000000 0 0 1.000000 0.000000 0.034948 0.999389 0 2.808084 -0.999389 0.034948 0 0.085689 0 0 0 1.000000 0 0 1.000000 0.000000 0.032474 0.999473 0 2.801627 -0.999473 0.032474 0 0.088827 0 0 0 1.000000 0 0 1.000000 0.000000 0.029752 0.999557 0 2.794639 -0.999557 0.029752 0 0.092280 0 0 0 1.000000 0 0 1.000000 0.000000 0.026843 0.999640 0 2.787264 -0.999640 0.026843 0 0.095969 0 0 0 1.000000 0 0 1.000000 0.000000 0.023809 0.999717 0 2.779648 -0.999717 0.023809 0 0.099816 0 0 0 1.000000 0 0 1.000000 0.000000 0.020714 0.999785 0 2.771935 -0.999785 0.020714 0 0.103741 0 0 0 1.000000 0 0 1.000000 0.000000 0.017618 0.999845 0 2.764270 -0.999845 0.017618 0 0.107666 0 0 0 1.000000 0 0 1.000000 0.000000 0.014584 0.999894 0 2.756797 -0.999894 0.014584 0 0.111512 0 0 0 1.000000 0 0 1.000000 0.000000 0.011674 0.999932 0 2.749661 -0.999932 0.011674 0 0.115202 0 0 0 1.000000 0 0 1.000000 0.000000 0.008950 0.999960 0 2.743006 -0.999960 0.008950 0 0.118654 0 0 0 1.000000 0 0 1.000000 0.000000 0.006475 0.999979 0 2.736978 -0.999979 0.006475 0 0.121792 0 0 0 1.000000 0 0 1.000000 0.000000 0.004310 0.999991 0 2.731720 -0.999991 0.004310 0 0.124537 0 0 0 1.000000 0 0 1.000000 0.000000 0.002518 0.999997 0 2.727379 -0.999997 0.002518 0 0.126808 0 0 0 1.000000 0 0 1.000000 0.000000 0 1.000000 0 2.724099 -1.000000 0 0 0.128529 0 0 0 1.000000 0 0 1.000000 0.000000 0 1.000000 0 2.722024 -1.000000 0 0 0.129619 0 0 0 1.000000 0 0 1.000000 0.000000 0 1.000000 0 2.721300 -1.000000 0 0 0.130000 0 0 0 1.000000</float_array>
        <technique_common>
          <accessor source="#Zou_CTL_matrix_Zou_CTL_transform-output-array" count="71" stride="16">
            <param name="TRANSFORM" type="float4x4"/>
          </accessor>
        </technique_common>
      </source>
      <source id="Zou_CTL_matrix_Zou_CTL_transform-interpolations">
        <Name_array id="Zou_CTL_matrix_Zou_CTL_transform-interpolations-array" count="71">LINEAR LINEAR LINEAR LINEAR LINEAR LINEAR LINEAR LINEAR LINEAR LINEAR LINEAR LINEAR LINEAR LINEAR LINEAR LINEAR LINEAR LINEAR LINEAR LINEAR LINEAR LINEAR LINEAR LINEAR LINEAR LINEAR LINEAR LINEAR LINEAR LINEAR LINEAR LINEAR LINEAR LINEAR LINEAR LINEAR LINEAR LINEAR LINEAR LINEAR LINEAR LINEAR LINEAR LINEAR LINEAR LINEAR LINEAR LINEAR LINEAR LINEAR LINEAR LINEAR LINEAR LINEAR LINEAR LINEAR LINEAR LINEAR LINEAR LINEAR LINEAR LINEAR LINEAR LINEAR LINEAR LINEAR LINEAR LINEAR LINEAR LINEAR LINEAR</Name_array>
        <technique_common>
          <accessor source="#Zou_CTL_matrix_Zou_CTL_transform-interpolations-array" count="71" stride="1">
            <param name="INTERPOLATION" type="Name"/>
          </accessor>
        </technique_common>
      </source>
      <sampler id="Zou_CTL_matrix_Zou_CTL_transform-sampler">
        <input semantic="INPUT" source="#Zou_CTL_matrix_Zou_CTL_transform-input"/>
        <input semantic="OUTPUT" source="#Zou_CTL_matrix_Zou_CTL_transform-output"/>
        <input semantic="INTERPOLATION" source="#Zou_CTL_matrix_Zou_CTL_transform-interpolations"/>
      </sampler>
      <channel source="#Zou_CTL_matrix_Zou_CTL_transform-sampler" target="Zou_CTL/transform"/>
    </animation>
    <animation id="Bip01_matrix">
      <source id="Bip01_matrix_Bip01_transform-input">
        <float_array id="Bip01_matrix_Bip01_transform-input-array" count="71">0 0.033333 0.066667 0.100000 0.133333 0.166667 0.200000 0.233333 0.266667 0.300000 0.333333 0.366667 0.400000 0.433333 0.466667 0.500000 0.533333 0.566667 0.600000 0.633333 0.666667 0.700000 0.733334 0.766667 0.800000 0.833334 0.866667 0.900000 0.933334 0.966667 1.000000 1.033334 1.066667 1.100000 1.133334 1.166667 1.200000 1.233333 1.266667 1.300000 1.333333 1.366667 1.400000 1.433333 1.466667 1.500000 1.533333 1.566666 1.600000 1.633333 1.666666 1.700000 1.733333 1.766666 1.800000 1.833333 1.866666 1.899999 1.933333 1.966666 1.999999 2.033333 2.066666 2.099999 2.133333 2.166666 2.199999 2.233333 2.266666 2.299999 2.333333</float_array>
        <technique_common>
          <accessor source="#Bip01_matrix_Bip01_transform-input-array" count="71" stride="1">
            <param name="TIME" type="float"/>
          </accessor>
        </technique_common>
        <technique profile="MAYA">
          <pre_infinity>CONSTANT</pre_infinity>
          <post_infinity>CONSTANT</post_infinity>
        </technique>
      </source>
      <source id="Bip01_matrix_Bip01_transform-output">
        <float_array id="Bip01_matrix_Bip01_transform-output-array" count="1136">0 0.000001 -1.000000 1.341382 -1.000000 0 0 -0.391069 0 1.000000 0.000001 0 0 0 0 1.000000 0 0.000001 -1.000000 1.341382 -1.000000 0 0 -0.391069 0 1.000000 0.000001 0 0 0 0 1.000000 0 0.000001 -1.000000 1.341382 -1.000000 0 0 -0.391069 0 1.000000 0.000001 0 0 0 0 1.000000 0 0.000001 -1.000000 1.341382 -1.000000 0 0 -0.391069 0 1.000000 0.000001 0 0 0 0 1.000000 0 0.000001 -1.000000 1.341382 -1.000000 0 0 -0.391069 0 1.000000 0.000001 0 0 0 0 1.000000 0 0.000001 -1.000000 1.341382 -1.000000 0 0 -0.391069 0 1.000000 0.000001 0 0 0 0 1.000000 0 0.000001 -1.000000 1.341382 -1.000000 0 0 -0.391069 0 1.000000 0.000001 0 0 0 0 1.000000 0 0.000001 -1.000000 1.341382 -1.000000 0 0 -0.391069 0 1.000000 0.000001 0 0 0 0 1.000000 0 0.000001 -1.000000 1.341382 -1.000000 0 0 -0.391069 0 1.000000 0.000001 0 0 0 0 1.000000 0 0.000001 -1.000000 1.341382 -1.000000 0 0 -0.391069 0 1.000000 0.000001 0 0 0 0 1.000000 0 0.000001 -1.000000 1.341382 -1.000000 0 0 -0.391069 0 1.000000 0.000001 0 0 0 0 1.000000 0 0.000001 -1.000000 1.341382 -1.000000 0 0 -0.391069 0 1.000000 0.000001 0 0 0 0 1.000000 0 0.000001 -1.000000 1.341382 -1.000000 0 0 -0.391069 0 1.000000 0.000001 0 0 0 0 1.000000 0 0.000001 -1.000000 1.341382 -1.000000 0 0 -0.391069 0 1.000000 0.000001 0 0 0 0 1.000000 0 0.000001 -1.000000 1.341382 -1.000000 0 0 -0.391069 0 1.000000 0.000001 0 0 0 0 1.000000 0 0.000001 -1.000000 1.341382 -1.000000 0 0 -0.391069 0 1.000000 0.000001 0 0 0 0 1.000000 0 0.000001 -1.000000 1.341382 -1.000000 0 0 -0.391070 0 1.000000 0.000001 0 0 0 0 1.000000 0 0.000001 -1.000000 1.341382 -1.000000 0 0 -0.391069 0 1.000000 0.000001 0 0 0 0 1.000000 0 0.000001 -1.000000 1.341382 -1.000000 0 0 -0.391069 0 1.000000 0.000001 0 0 0 0 1.000000 0 0.000001 -1.000000 1.341382 -1.000000 0 0 -0.391069 0 1.000000 0.000001 0 0 0 0 1.000000 0 0.000001 -1.000000 1.341382 -1.000000 0 0 -0.391069 0 1.000000 0.000001 0 0 0 0 1.000000 0 0.000001 -1.000000 1.341382 -1.000000 0 0 -0.391069 0 1.000000 0.000001 0 0 0 0 1.000000 0 0.000001 -1.000000 1.341382 -1.000000 0 0 -0.391069 0 1.000000 0.000001 0 0 0 0 1.000000 0 0.000001 -1.000000 1.341382 -1.000000 0 0 -0.391069 0 1.000000 0.000001 0 0 0 0 1.000000 0 0.000001 -1.000000 1.341382 -1.000000 0 0 -0.391069 0 1.000000 0.000001 0 0 0 0 1.000000 0 0.000001 -1.000000 1.341382 -1.000000 0 0 -0.391069 0 1.000000 0.000001 0 0 0 0 1.000000 0 0.000001 -1.000000 1.341382 -1.000000 0 0 -0.391069 0 1.000000 0.000001 0 0 0 0 1.000000 0 0.000001 -1.000000 1.341382 -1.000000 0 0 -0.391069 0 1.000000 0.000001 0 0 0 0 1.000000 0 0.000001 -1.000000 1.341382 -1.000000 0 0 -0.391069 0 1.000000 0.000001 0 0 0 0 1.000000 0 0.000001 -1.000000 1.341382 -1.000000 0 0 -0.391069 0 1.000000 0.000001 0 0 0 0 1.000000 0 0.000001 -1.000000 1.341382 -1.000000 0 0 -0.391069 0 1.000000 0.000001 0 0 0 0 1.000000 0 0.000001 -1.000000 1.341382 -1.000000 0 0 -0.391070 0 1.000000 0.000001 0 0 0 0 1.000000 0 0.000001 -1.000000 1.341382 -1.000000 0 0 -0.391069 0 1.000000 0.000001 0 0 0 0 1.000000 0 0.000001 -1.000000 1.341382 -1.000000 0 0 -0.391070 0 1.000000 0.000001 0 0 0 0 1.000000 0 0.000001 -1.000000 1.341382 -1.000000 0 0 -0.391069 0 1.000000 0.000001 0 0 0 0 1.000000 0 0.000001 -1.000000 1.341382 -1.000000 0 0 -0.391069 0 1.000000 0.000001 0 0 0 0 1.000000 0 0.000001 -1.000000 1.341382 -1.000000 0 0 -0.391069 0 1.000000 0.000001 0 0 0 0 1.000000 0 0.000001 -1.000000 1.341382 -1.000000 0 0 -0.391069 0 1.000000 0.000001 0 0 0 0 1.000000 0 0.000001 -1.000000 1.341382 -1.000000 0 0 -0.391069 0 1.000000 0.000001 0 0 0 0 1.000000 0 0.000001 -1.000000 1.341382 -1.000000 0 0 -0.391070 0 1.000000 0.000001 0 0 0 0 1.000000 0 0.000001 -1.000000 1.341382 -1.000000 0 0 -0.391069 0 1.000000 0.000001 0 0 0 0 1.000000 0 0.000001 -1.000000 1.341382 -1.000000 0 0 -0.391069 0 1.000000 0.000001 0 0 0 0 1.000000 0 0.000001 -1.000000 1.341382 -1.000000 0 0 -0.391069 0 1.000000 0.000001 0 0 0 0 1.000000 0 0.000001 -1.000000 1.341382 -1.000000 0 0 -0.391069 0 1.000000 0.000001 0 0 0 0 1.000000 0 0.000001 -1.000000 1.341382 -1.000000 0 0 -0.391069 0 1.000000 0.000001 0 0 0 0 1.000000 0 0.000001 -1.000000 1.341382 -1.000000 0 0 -0.391069 0 1.000000 0.000001 0 0 0 0 1.000000 0 0.000001 -1.000000 1.341382 -1.000000 0 0 -0.391070 0 1.000000 0.000001 0 0 0 0 1.000000 0 0.000001 -1.000000 1.341382 -1.000000 0 0 -0.391069 0 1.000000 0.000001 0 0 0 0 1.000000 0 0.000001 -1.000000 1.341382 -1.000000 0 0 -0.391069 0 1.000000 0.000001 0 0 0 0 1.000000 0 0.000001 -1.000000 1.341382 -1.000000 0 0 -0.391069 0 1.000000 0.000001 0 0 0 0 1.000000 0 0.000001 -1.000000 1.341382 -1.000000 0 0 -0.391069 0 1.000000 0.000001 0 0 0 0 1.000000 0 0.000001 -1.000000 1.341382 -1.000000 0 0 -0.391069 0 1.000000 0.000001 0 0 0 0 1.000000 0 0.000001 -1.000000 1.341382 -1.000000 0 0 -0.391069 0 1.000000 0.000001 0 0 0 0 1.000000 0 0.000001 -1.000000 1.341382 -1.000000 0 0 -0.391069 0 1.000000 0.000001 0 0 0 0 1.000000 0 0.000001 -1.000000 1.341382 -1.000000 0 0 -0.391070 0 1.000000 0.000001 0 0 0 0 1.000000 0 0.000001 -1.000000 1.341382 -1.000000 0 0 -0.391069 0 1.000000 0.000001 0 0 0 0 1.000000 0 0.000001 -1.000000 1.341382 -1.000000 0 0 -0.391069 0 1.000000 0.000001 0 0 0 0 1.000000 0 0.000001 -1.000000 1.341382 -1.000000 0 0 -0.391069 0 1.000000 0.000001 0 0 0 0 1.000000 0 0.000001 -1.000000 1.341382 -1.000000 0 0 -0.391069 0 1.000000 0.000001 0 0 0 0 1.000000 0 0.000001 -1.000000 1.341382 -1.000000 0 0 -0.391069 0 1.000000 0.000001 0 0 0 0 1.000000 0 0.000001 -1.000000 1.341382 -1.000000 0 0 -0.391069 0 1.000000 0.000001 0 0 0 0 1.000000 0 0.000001 -1.000000 1.341382 -1.000000 0 0 -0.391069 0 1.000000 0.000001 0 0 0 0 1.000000 0 0.000001 -1.000000 1.341382 -1.000000 0 0 -0.391069 0 1.000000 0.000001 0 0 0 0 1.000000 0 0.000001 -1.000000 1.341382 -1.000000 0 0 -0.391069 0 1.000000 0.000001 0 0 0 0 1.000000 0 0.000001 -1.000000 1.341382 -1.000000 0 0 -0.391069 0 1.000000 0.000001 0 0 0 0 1.000000 0 0.000001 -1.000000 1.341382 -1.000000 0 0 -0.391069 0 1.000000 0.000001 0 0 0 0 1.000000 0 0.000001 -1.000000 1.341382 -1.000000 0 0 -0.391069 0 1.000000 0.000001 0 0 0 0 1.000000 0 0.000001 -1.000000 1.341382 -1.000000 0 0 -0.391069 0 1.000000 0.000001 0 0 0 0 1.000000 0 0.000001 -1.000000 1.341382 -1.000000 0 0 -0.391070 0 1.000000 0.000001 0 0 0 0 1.000000 0 0.000001 -1.000000 1.341382 -1.000000 0 0 -0.391069 0 1.000000 0.000001 0 0 0 0 1.000000 0 0.000001 -1.000000 1.341382 -1.000000 0 0 -0.391069 0 1.000000 0.000001 0 0 0 0 1.000000</float_array>
        <technique_common>
          <accessor source="#Bip01_matrix_Bip01_transform-output-array" count="71" stride="16">
            <param name="TRANSFORM" type="float4x4"/>
          </accessor>
        </technique_common>
      </source>
      <source id="Bip01_matrix_Bip01_transform-interpolations">
        <Name_array id="Bip01_matrix_Bip01_transform-interpolations-array" count="71">LINEAR LINEAR LINEAR LINEAR LINEAR LINEAR LINEAR LINEAR LINEAR LINEAR LINEAR LINEAR LINEAR LINEAR LINEAR LINEAR LINEAR LINEAR LINEAR LINEAR LINEAR LINEAR LINEAR LINEAR LINEAR LINEAR LINEAR LINEAR LINEAR LINEAR LINEAR LINEAR LINEAR LINEAR LINEAR LINEAR LINEAR LINEAR LINEAR LINEAR LINEAR LINEAR LINEAR LINEAR LINEAR LINEAR LINEAR LINEAR LINEAR LINEAR LINEAR LINEAR LINEAR LINEAR LINEAR LINEAR LINEAR LINEAR LINEAR LINEAR LINEAR LINEAR LINEAR LINEAR LINEAR LINEAR LINEAR LINEAR LINEAR LINEAR LINEAR</Name_array>
        <technique_common>
          <accessor source="#Bip01_matrix_Bip01_transform-interpolations-array" count="71" stride="1">
            <param name="INTERPOLATION" type="Name"/>
          </accessor>
        </technique_common>
      </source>
      <sampler id="Bip01_matrix_Bip01_transform-sampler">
        <input semantic="INPUT" source="#Bip01_matrix_Bip01_transform-input"/>
        <input semantic="OUTPUT" source="#Bip01_matrix_Bip01_transform-output"/>
        <input semantic="INTERPOLATION" source="#Bip01_matrix_Bip01_transform-interpolations"/>
      </sampler>
      <channel source="#Bip01_matrix_Bip01_transform-sampler" target="Bip01/transform"/>
    </animation>
    <animation id="Bip01_Neck_matrix">
      <source id="Bip01_Neck_matrix_Bip01_Neck_transform-input">
        <float_array id="Bip01_Neck_matrix_Bip01_Neck_transform-input-array" count="71">0 0.033333 0.066667 0.100000 0.133333 0.166667 0.200000 0.233333 0.266667 0.300000 0.333333 0.366667 0.400000 0.433333 0.466667 0.500000 0.533333 0.566667 0.600000 0.633333 0.666667 0.700000 0.733334 0.766667 0.800000 0.833334 0.866667 0.900000 0.933334 0.966667 1.000000 1.033334 1.066667 1.100000 1.133334 1.166667 1.200000 1.233333 1.266667 1.300000 1.333333 1.366667 1.400000 1.433333 1.466667 1.500000 1.533333 1.566666 1.600000 1.633333 1.666666 1.700000 1.733333 1.766666 1.800000 1.833333 1.866666 1.899999 1.933333 1.966666 1.999999 2.033333 2.066666 2.099999 2.133333 2.166666 2.199999 2.233333 2.266666 2.299999 2.333333</float_array>
        <technique_common>
          <accessor source="#Bip01_Neck_matrix_Bip01_Neck_transform-input-array" count="71" stride="1">
            <param name="TIME" type="float"/>
          </accessor>
        </technique_common>
        <technique profile="MAYA">
          <pre_infinity>CONSTANT</pre_infinity>
          <post_infinity>CONSTANT</post_infinity>
        </technique>
      </source>
      <source id="Bip01_Neck_matrix_Bip01_Neck_transform-output">
        <float_array id="Bip01_Neck_matrix_Bip01_Neck_transform-output-array" count="1136">1.000000 0 0 0.908116 0 1.000000 0 0.031482 0 0 1.000000 0 0 0 0 1.000000 1.000000 0 0 0.908116 0 1.000000 0 0.031482 0 0 1.000000 0 0 0 0 1.000000 1.000000 0 0 0.908116 0 1.000000 0 0.031482 0 0 1.000000 0 0 0 0 1.000000 1.000000 0 0 0.908116 0 1.000000 0 0.031482 0 0 1.000000 0 0 0 0 1.000000 1.000000 0 0 0.908116 0 1.000000 0 0.031482 0 0 1.000000 0 0 0 0 1.000000 1.000000 0 0 0.908116 0 1.000000 0 0.031482 0 0 1.000000 0 0 0 0 1.000000 1.000000 0 0 0.908116 0 1.000000 0 0.031482 0 0 1.000000 0 0 0 0 1.000000 1.000000 0 0 0.908116 0 1.000000 0 0.031482 0 0 1.000000 0 0 0 0 1.000000 1.000000 0 0 0.908116 0 1.000000 0 0.031482 0 0 1.000000 0 0 0 0 1.000000 1.000000 0 0 0.908116 0 1.000000 0 0.031482 0 0 1.000000 0 0 0 0 1.000000 1.000000 0 0 0.908116 0 1.000000 0 0.031482 0 0 1.000000 0 0 0 0 1.000000 1.000000 0 0 0.908116 0 1.000000 0 0.031482 0 0 1.000000 0 0 0 0 1.000000 1.000000 0 0 0.908116 0 1.000000 0 0.031482 0 0 1.000000 0 0 0 0 1.000000 1.000000 0 0 0.908116 0 1.000000 0 0.031482 0 0 1.000000 0 0 0 0 1.000000 1.000000 0 0 0.908116 0 1.000000 0 0.031482 0 0 1.000000 0 0 0 0 1.000000 1.000000 0 0 0.908116 0 1.000000 0 0.031482 0 0 1.000000 0 0 0 0 1.000000 1.000000 0 0 0.908116 0 1.000000 0 0.031482 0 0 1.000000 0 0 0 0 1.000000 1.000000 0 0 0.908116 0 1.000000 0 0.031482 0 0 1.000000 0 0 0 0 1.000000 1.000000 0 0 0.908116 0 1.000000 0 0.031482 0 0 1.000000 0 0 0 0 1.000000 1.000000 0 0 0.908116 0 1.000000 0 0.031482 0 0 1.000000 0 0 0 0 1.000000 1.000000 0 0 0.908116 0 1.000000 0 0.031482 0 0 1.000000 0 0 0 0 1.000000 1.000000 0 0 0.908116 0 1.000000 0 0.031482 0 0 1.000000 0 0 0 0 1.000000 1.000000 0 0 0.908116 0 1.000000 0 0.031482 0 0 1.000000 0 0 0 0 1.000000 1.000000 0 0 0.908116 0 1.000000 0 0.031482 0 0 1.000000 0 0 0 0 1.000000 1.000000 0 0 0.908116 0 1.000000 0 0.031482 0 0 1.000000 0 0 0 0 1.000000 1.000000 0 0 0.908116 0 1.000000 0 0.031482 0 0 1.000000 0 0 0 0 1.000000 1.000000 0 0 0.908116 0 1.000000 0 0.031481 0 0 1.000000 0 0 0 0 1.000000 1.000000 0 0 0.908116 0 1.000000 0 0.031482 0 0 1.000000 0 0 0 0 1.000000 1.000000 0 0 0.908116 0 1.000000 0 0.031482 0 0 1.000000 0 0 0 0 1.000000 1.000000 0 0 0.908116 0 1.000000 0 0.031481 0 0 1.000000 0 0 0 0 1.000000 1.000000 0 0 0.908116 0 1.000000 0 0.031482 0 0 1.000000 0 0 0 0 1.000000 1.000000 0 0 0.908116 0 1.000000 0 0.031482 0 0 1.000000 0 0 0 0 1.000000 1.000000 0 0 0.908116 0 1.000000 0 0.031482 0 0 1.000000 0 0 0 0 1.000000 1.000000 0 0 0.908116 0 1.000000 0 0.031482 0 0 1.000000 0 0 0 0 1.000000 1.000000 0 0 0.908116 0 1.000000 0 0.031482 0 0 1.000000 0 0 0 0 1.000000 1.000000 0 0 0.908116 0 1.000000 0 0.031482 0 0 1.000000 0 0 0 0 1.000000 1.000000 0 0 0.908116 0 1.000000 0 0.031482 0 0 1.000000 0 0 0 0 1.000000 1.000000 0 0 0.908116 0 1.000000 0 0.031482 0 0 1.000000 0 0 0 0 1.000000 1.000000 0 0 0.908116 0 1.000000 0 0.031482 0 0 1.000000 0 0 0 0 1.000000 1.000000 0 0 0.908116 0 1.000000 0 0.031482 0 0 1.000000 0 0 0 0 1.000000 1.000000 0 0 0.908116 0 1.000000 0 0.031482 0 0 1.000000 0 0 0 0 1.000000 1.000000 0 0 0.908116 0 1.000000 0 0.031482 0 0 1.000000 0 0 0 0 1.000000 1.000000 0 0 0.908116 0 1.000000 0 0.031482 0 0 1.000000 0 0 0 0 1.000000 1.000000 0 0 0.908116 0 1.000000 0 0.031482 0 0 1.000000 0 0 0 0 1.000000 1.000000 0 0 0.908116 0 1.000000 0 0.031482 0 0 1.000000 0 0 0 0 1.000000 1.000000 0 0 0.908116 0 1.000000 0 0.031482 0 0 1.000000 0 0 0 0 1.000000 1.000000 0 0 0.908116 0 1.000000 0 0.031482 0 0 1.000000 0 0 0 0 1.000000 1.000000 0 0 0.908116 0 1.000000 0 0.031481 0 0 1.000000 0 0 0 0 1.000000 1.000000 0 0 0.908116 0 1.000000 0 0.031482 0 0 1.000000 0 0 0 0 1.000000 1.000000 0 0 0.908116 0 1.000000 0 0.031482 0 0 1.000000 0 0 0 0 1.000000 1.000000 0 0 0.908116 0 1.000000 0 0.031482 0 0 1.000000 0 0 0 0 1.000000 1.000000 0 0 0.908116 0 1.000000 0 0.031482 0 0 1.000000 0 0 0 0 1.000000 1.000000 0 0 0.908116 0 1.000000 0 0.031482 0 0 1.000000 0 0 0 0 1.000000 1.000000 0 0 0.908116 0 1.000000 0 0.031482 0 0 1.000000 0 0 0 0 1.000000 1.000000 0 0 0.908116 0 1.000000 0 0.031482 0 0 1.000000 0 0 0 0 1.000000 1.000000 0 0 0.908116 0 1.000000 0 0.031481 0 0 1.000000 0 0 0 0 1.000000 1.000000 0 0 0.908116 0 1.000000 0 0.031482 0 0 1.000000 0 0 0 0 1.000000 1.000000 0 0 0.908116 0 1.000000 0 0.031482 0 0 1.000000 0 0 0 0 1.000000 1.000000 0 0 0.908116 0 1.000000 0 0.031482 0 0 1.000000 0 0 0 0 1.000000 1.000000 0 0 0.908116 0 1.000000 0 0.031482 0 0 1.000000 0 0 0 0 1.000000 1.000000 0 0 0.908116 0 1.000000 0 0.031482 0 0 1.000000 0 0 0 0 1.000000 1.000000 0 0 0.908116 0 1.000000 0 0.031482 0 0 1.000000 0 0 0 0 1.000000 1.000000 0 0 0.908116 0 1.000000 0 0.031482 0 0 1.000000 0 0 0 0 1.000000 1.000000 0 0 0.908116 0 1.000000 0 0.031481 0 0 1.000000 0 0 0 0 1.000000 1.000000 0 0 0.908116 0 1.000000 0 0.031482 0 0 1.000000 0 0 0 0 1.000000 1.000000 0 0 0.908116 0 1.000000 0 0.031482 0 0 1.000000 0 0 0 0 1.000000 1.000000 0 0 0.908116 0 1.000000 0 0.031482 0 0 1.000000 0 0 0 0 1.000000 1.000000 0 0 0.908116 0 1.000000 0 0.031482 0 0 1.000000 0 0 0 0 1.000000 1.000000 0 0 0.908116 0 1.000000 0 0.031482 0 0 1.000000 0 0 0 0 1.000000 1.000000 0 0 0.908116 0 1.000000 0 0.031482 0 0 1.000000 0 0 0 0 1.000000 1.000000 0 0 0.908116 0 1.000000 0 0.031482 0 0 1.000000 0 0 0 0 1.000000</float_array>
        <technique_common>
          <accessor source="#Bip01_Neck_matrix_Bip01_Neck_transform-output-array" count="71" stride="16">
            <param name="TRANSFORM" type="float4x4"/>
          </accessor>
        </technique_common>
      </source>
      <source id="Bip01_Neck_matrix_Bip01_Neck_transform-interpolations">
        <Name_array id="Bip01_Neck_matrix_Bip01_Neck_transform-interpolations-array" count="71">LINEAR LINEAR LINEAR LINEAR LINEAR LINEAR LINEAR LINEAR LINEAR LINEAR LINEAR LINEAR LINEAR LINEAR LINEAR LINEAR LINEAR LINEAR LINEAR LINEAR LINEAR LINEAR LINEAR LINEAR LINEAR LINEAR LINEAR LINEAR LINEAR LINEAR LINEAR LINEAR LINEAR LINEAR LINEAR LINEAR LINEAR LINEAR LINEAR LINEAR LINEAR LINEAR LINEAR LINEAR LINEAR LINEAR LINEAR LINEAR LINEAR LINEAR LINEAR LINEAR LINEAR LINEAR LINEAR LINEAR LINEAR LINEAR LINEAR LINEAR LINEAR LINEAR LINEAR LINEAR LINEAR LINEAR LINEAR LINEAR LINEAR LINEAR LINEAR</Name_array>
        <technique_common>
          <accessor source="#Bip01_Neck_matrix_Bip01_Neck_transform-interpolations-array" count="71" stride="1">
            <param name="INTERPOLATION" type="Name"/>
          </accessor>
        </technique_common>
      </source>
      <sampler id="Bip01_Neck_matrix_Bip01_Neck_transform-sampler">
        <input semantic="INPUT" source="#Bip01_Neck_matrix_Bip01_Neck_transform-input"/>
        <input semantic="OUTPUT" source="#Bip01_Neck_matrix_Bip01_Neck_transform-output"/>
        <input semantic="INTERPOLATION" source="#Bip01_Neck_matrix_Bip01_Neck_transform-interpolations"/>
      </sampler>
      <channel source="#Bip01_Neck_matrix_Bip01_Neck_transform-sampler" target="Bip01_Neck/transform"/>
    </animation>
    <animation id="Bip01_Head_matrix">
      <source id="Bip01_Head_matrix_Bip01_Head_transform-input">
        <float_array id="Bip01_Head_matrix_Bip01_Head_transform-input-array" count="71">0 0.033333 0.066667 0.100000 0.133333 0.166667 0.200000 0.233333 0.266667 0.300000 0.333333 0.366667 0.400000 0.433333 0.466667 0.500000 0.533333 0.566667 0.600000 0.633333 0.666667 0.700000 0.733334 0.766667 0.800000 0.833334 0.866667 0.900000 0.933334 0.966667 1.000000 1.033334 1.066667 1.100000 1.133334 1.166667 1.200000 1.233333 1.266667 1.300000 1.333333 1.366667 1.400000 1.433333 1.466667 1.500000 1.533333 1.566666 1.600000 1.633333 1.666666 1.700000 1.733333 1.766666 1.800000 1.833333 1.866666 1.899999 1.933333 1.966666 1.999999 2.033333 2.066666 2.099999 2.133333 2.166666 2.199999 2.233333 2.266666 2.299999 2.333333</float_array>
        <technique_common>
          <accessor source="#Bip01_Head_matrix_Bip01_Head_transform-input-array" count="71" stride="1">
            <param name="TIME" type="float"/>
          </accessor>
        </technique_common>
        <technique profile="MAYA">
          <pre_infinity>CONSTANT</pre_infinity>
          <post_infinity>CONSTANT</post_infinity>
        </technique>
      </source>
      <source id="Bip01_Head_matrix_Bip01_Head_transform-output">
        <float_array id="Bip01_Head_matrix_Bip01_Head_transform-output-array" count="1136">0.818694 0.574230 0.000002 0.311891 -0.574230 0.818694 -0.000001 -0.000000 -0.000002 -0.000001 1.000000 0 0 0 0 1.000000 0.824696 0.565575 0.000002 0.311891 -0.565575 0.824696 -0.000000 0 -0.000002 -0.000000 1.000000 0 0 0 0 1.000000 0.831843 0.555011 0.000002 0.311891 -0.555011 0.831843 -0.000000 0 -0.000002 -0.000000 1.000000 0 0 0 0 1.000000 0.839609 0.543191 0.000002 0.311891 -0.543191 0.839609 -0.000000 -0.000000 -0.000002 -0.000000 1.000000 0 0 0 0 1.000000 0.847502 0.530791 0.000001 0.311891 -0.530791 0.847502 -0.000000 0 -0.000001 -0.000000 1.000000 0 0 0 0 1.000000 0.855069 0.518514 0.000001 0.311891 -0.518514 0.855069 -0.000000 0.000000 -0.000001 -0.000000 1.000000 0 0 0 0 1.000000 0.861894 0.507088 0.000001 0.311891 -0.507088 0.861894 -0.000000 0 -0.000001 -0.000000 1.000000 0 0 0 0 1.000000 0.867602 0.497259 0.000001 0.311891 -0.497259 0.867602 -0.000000 0 -0.000001 -0.000000 1.000000 0 0 0 0 1.000000 0.871840 0.489790 0.000001 0.311891 -0.489790 0.871840 -0.000000 0 -0.000001 -0.000000 1.000000 0 0 0 0 1.000000 0.874267 0.485446 0.000001 0.311891 -0.485446 0.874267 -0.000000 -0.000000 -0.000001 -0.000000 1.000000 0 0 0 0 1.000000 0.874525 0.484981 0.000001 0.311891 -0.484981 0.874525 -0.000000 -0.000000 -0.000001 -0.000000 1.000000 0 0 0 0 1.000000 0.872236 0.489085 0.000001 0.311891 -0.489085 0.872236 -0.000000 -0.000000 -0.000001 -0.000000 1.000000 0 0 0 0 1.000000 0.867577 0.497303 0.000001 0.311891 -0.497303 0.867577 -0.000000 -0.000000 -0.000001 -0.000000 1.000000 0 0 0 0 1.000000 0.861242 0.508194 0.000001 0.311891 -0.508194 0.861242 -0.000000 0.000000 -0.000001 -0.000000 1.000000 0 0 0 0 1.000000 0.853319 0.521389 0.000001 0.311891 -0.521389 0.853319 -0.000000 -0.000000 -0.000001 -0.000000 1.000000 0 0 0 0 1.000000 0.843917 0.536474 0.000001 0.311891 -0.536474 0.843917 -0.000000 0 -0.000001 -0.000000 1.000000 0 0 0 0 1.000000 0.833157 0.553037 0.000002 0.311891 -0.553037 0.833157 -0.000000 0 -0.000002 -0.000000 1.000000 0 0 0 0 1.000000 0.821178 0.570673 0.000002 0.311891 -0.570673 0.821178 -0.000000 -0.000000 -0.000002 -0.000000 1.000000 0 0 0 0 1.000000 0.808143 0.588987 0.000002 0.311891 -0.588987 0.808143 -0.000001 -0.000000 -0.000002 -0.000001 1.000000 0 0 0 0 1.000000 0.794242 0.607601 0.000002 0.311891 -0.607601 0.794242 -0.000001 -0.000000 -0.000002 -0.000001 1.000000 0 0 0 0 1.000000 0.779698 0.626156 0.000002 0.311890 -0.626156 0.779698 -0.000001 -0.000000 -0.000002 -0.000001 1.000000 0 0 0 0 1.000000 0.764761 0.644314 0.000002 0.311891 -0.644314 0.764761 -0.000001 -0.000000 -0.000002 -0.000001 1.000000 0 0 0 0 1.000000 0.749808 0.661656 0.000002 0.311891 -0.661656 0.749808 -0.000001 -0.000000 -0.000002 -0.000001 1.000000 0 0 0 0 1.000000 0.734865 0.678213 0.000002 0.311891 -0.678213 0.734865 -0.000001 -0.000000 -0.000002 -0.000001 1.000000 0 0 0 0 1.000000 0.720549 0.693404 0.000002 0.311891 -0.693404 0.720549 -0.000001 0.000000 -0.000002 -0.000001 1.000000 0 0 0 0 1.000000 0.707119 0.707095 0.000002 0.311890 -0.707095 0.707119 -0.000001 0 -0.000002 -0.000001 1.000000 0 0 0 0 1.000000 0.694942 0.719065 0.000002 0.311891 -0.719065 0.694942 -0.000001 0 -0.000002 -0.000001 1.000000 0 0 0 0 1.000000 0.684396 0.729110 0.000002 0.311891 -0.729110 0.684396 -0.000001 0.000000 -0.000002 -0.000001 1.000000 0 0 0 0 1.000000 0.675860 0.737030 0.000002 0.311891 -0.737030 0.675860 -0.000001 -0.000000 -0.000002 -0.000001 1.000000 0 0 0 0 1.000000 0.669706 0.742626 0.000002 0.311891 -0.742626 0.669706 -0.000001 0 -0.000002 -0.000001 1.000000 0 0 0 0 1.000000 0.666296 0.745687 0.000002 0.311891 -0.745687 0.666296 -0.000001 -0.000000 -0.000002 -0.000001 1.000000 0 0 0 0 1.000000 0.665396 0.746491 0.000002 0.311891 -0.746491 0.665396 -0.000001 -0.000001 -0.000002 -0.000001 1.000000 0 0 0 0 1.000000 0.666438 0.745560 0.000002 0.311891 -0.745560 0.666438 -0.000001 -0.000000 -0.000002 -0.000001 1.000000 0 0 0 0 1.000000 0.669259 0.743029 0.000002 0.311891 -0.743029 0.669259 -0.000001 0 -0.000002 -0.000001 1.000000 0 0 0 0 1.000000 0.673683 0.739020 0.000002 0.311891 -0.739020 0.673683 -0.000001 -0.000000 -0.000002 -0.000001 1.000000 0 0 0 0 1.000000 0.679531 0.733647 0.000002 0.311891 -0.733647 0.679531 -0.000001 -0.000000 -0.000002 -0.000001 1.000000 0 0 0 0 1.000000 0.686616 0.727020 0.000002 0.311891 -0.727020 0.686616 -0.000001 -0.000000 -0.000002 -0.000001 1.000000 0 0 0 0 1.000000 0.694750 0.719251 0.000002 0.311891 -0.719251 0.694750 -0.000001 -0.000000 -0.000002 -0.000001 1.000000 0 0 0 0 1.000000 0.703748 0.710450 0.000002 0.311891 -0.710450 0.703748 -0.000001 0.000000 -0.000002 -0.000001 1.000000 0 0 0 0 1.000000 0.713423 0.700734 0.000002 0.311891 -0.700734 0.713423 -0.000001 -0.000000 -0.000002 -0.000001 1.000000 0 0 0 0 1.000000 0.723595 0.690225 0.000002 0.311890 -0.690225 0.723595 -0.000001 -0.000000 -0.000002 -0.000001 1.000000 0 0 0 0 1.000000 0.734091 0.679051 0.000002 0.311891 -0.679051 0.734091 -0.000001 0.000000 -0.000002 -0.000001 1.000000 0 0 0 0 1.000000 0.744743 0.667351 0.000002 0.311891 -0.667351 0.744743 -0.000001 0 -0.000002 -0.000001 1.000000 0 0 0 0 1.000000 0.755394 0.655271 0.000002 0.311891 -0.655271 0.755394 -0.000001 -0.000000 -0.000002 -0.000001 1.000000 0 0 0 0 1.000000 0.765828 0.643045 0.000002 0.311891 -0.643045 0.765828 -0.000001 -0.000000 -0.000002 -0.000001 1.000000 0 0 0 0 1.000000 0.776104 0.630605 0.000002 0.311891 -0.630605 0.776104 -0.000001 -0.000000 -0.000002 -0.000001 1.000000 0 0 0 0 1.000000 0.785897 0.618357 0.000002 0.311891 -0.618357 0.785897 -0.000001 -0.000000 -0.000002 -0.000001 1.000000 0 0 0 0 1.000000 0.795156 0.606405 0.000002 0.311891 -0.606405 0.795156 -0.000001 -0.000000 -0.000002 -0.000001 1.000000 0 0 0 0 1.000000 0.803773 0.594936 0.000002 0.311891 -0.594936 0.803773 -0.000001 0.000000 -0.000002 -0.000001 1.000000 0 0 0 0 1.000000 0.811649 0.584145 0.000002 0.311891 -0.584145 0.811649 -0.000001 0 -0.000002 -0.000001 1.000000 0 0 0 0 1.000000 0.818694 0.574230 0.000002 0.311891 -0.574230 0.818694 -0.000001 0 -0.000002 -0.000001 1.000000 0 0 0 0 1.000000 0.818694 0.574230 0.000002 0.311891 -0.574230 0.818694 -0.000001 -0.000000 -0.000002 -0.000001 1.000000 0 0 0 0 1.000000 0.818694 0.574230 0.000002 0.311891 -0.574230 0.818694 -0.000001 -0.000000 -0.000002 -0.000001 1.000000 0 0 0 0 1.000000 0.818694 0.574230 0.000002 0.311891 -0.574230 0.818694 -0.000001 -0.000000 -0.000002 -0.000001 1.000000 0 0 0 0 1.000000 0.818694 0.574230 0.000002 0.311891 -0.574230 0.818694 -0.000001 0.000000 -0.000002 -0.000001 1.000000 0 0 0 0 1.000000 0.818694 0.574230 0.000002 0.311891 -0.574230 0.818694 -0.000001 -0.000000 -0.000002 -0.000001 1.000000 0 0 0 0 1.000000 0.818694 0.574230 0.000002 0.311891 -0.574230 0.818694 -0.000001 -0.000000 -0.000002 -0.000001 1.000000 0 0 0 0 1.000000 0.818694 0.574230 0.000002 0.311891 -0.574230 0.818694 -0.000001 -0.000000 -0.000002 -0.000001 1.000000 0 0 0 0 1.000000 0.818694 0.574230 0.000002 0.311891 -0.574230 0.818694 -0.000001 -0.000000 -0.000002 -0.000001 1.000000 0 0 0 0 1.000000 0.818694 0.574230 0.000002 0.311891 -0.574230 0.818694 -0.000001 -0.000000 -0.000002 -0.000001 1.000000 0 0 0 0 1.000000 0.818694 0.574230 0.000002 0.311891 -0.574230 0.818694 -0.000001 0 -0.000002 -0.000001 1.000000 0 0 0 0 1.000000 0.818694 0.574230 0.000002 0.311891 -0.574230 0.818694 -0.000001 -0.000000 -0.000002 -0.000001 1.000000 0 0 0 0 1.000000 0.818694 0.574230 0.000002 0.311891 -0.574230 0.818694 -0.000001 -0.000000 -0.000002 -0.000001 1.000000 0 0 0 0 1.000000 0.818694 0.574230 0.000002 0.311891 -0.574230 0.818694 -0.000001 0.000000 -0.000002 -0.000001 1.000000 0 0 0 0 1.000000 0.818694 0.574230 0.000002 0.311891 -0.574230 0.818694 -0.000001 -0.000001 -0.000002 -0.000001 1.000000 0 0 0 0 1.000000 0.818694 0.574230 0.000002 0.311891 -0.574230 0.818694 -0.000001 -0.000000 -0.000002 -0.000001 1.000000 0 0 0 0 1.000000 0.818694 0.574230 0.000002 0.311891 -0.574230 0.818694 -0.000001 0 -0.000002 -0.000001 1.000000 0 0 0 0 1.000000 0.818694 0.574230 0.000002 0.311891 -0.574230 0.818694 -0.000001 -0.000000 -0.000002 -0.000001 1.000000 0 0 0 0 1.000000 0.818694 0.574230 0.000002 0.311891 -0.574230 0.818694 -0.000001 -0.000000 -0.000002 -0.000001 1.000000 0 0 0 0 1.000000 0.818694 0.574230 0.000002 0.311891 -0.574230 0.818694 -0.000001 0 -0.000002 -0.000001 1.000000 0 0 0 0 1.000000 0.818694 0.574230 0.000002 0.311891 -0.574230 0.818694 -0.000001 -0.000000 -0.000002 -0.000001 1.000000 0 0 0 0 1.000000</float_array>
        <technique_common>
          <accessor source="#Bip01_Head_matrix_Bip01_Head_transform-output-array" count="71" stride="16">
            <param name="TRANSFORM" type="float4x4"/>
          </accessor>
        </technique_common>
      </source>
      <source id="Bip01_Head_matrix_Bip01_Head_transform-interpolations">
        <Name_array id="Bip01_Head_matrix_Bip01_Head_transform-interpolations-array" count="71">LINEAR LINEAR LINEAR LINEAR LINEAR LINEAR LINEAR LINEAR LINEAR LINEAR LINEAR LINEAR LINEAR LINEAR LINEAR LINEAR LINEAR LINEAR LINEAR LINEAR LINEAR LINEAR LINEAR LINEAR LINEAR LINEAR LINEAR LINEAR LINEAR LINEAR LINEAR LINEAR LINEAR LINEAR LINEAR LINEAR LINEAR LINEAR LINEAR LINEAR LINEAR LINEAR LINEAR LINEAR LINEAR LINEAR LINEAR LINEAR LINEAR LINEAR LINEAR LINEAR LINEAR LINEAR LINEAR LINEAR LINEAR LINEAR LINEAR LINEAR LINEAR LINEAR LINEAR LINEAR LINEAR LINEAR LINEAR LINEAR LINEAR LINEAR LINEAR</Name_array>
        <technique_common>
          <accessor source="#Bip01_Head_matrix_Bip01_Head_transform-interpolations-array" count="71" stride="1">
            <param name="INTERPOLATION" type="Name"/>
          </accessor>
        </technique_common>
      </source>
      <sampler id="Bip01_Head_matrix_Bip01_Head_transform-sampler">
        <input semantic="INPUT" source="#Bip01_Head_matrix_Bip01_Head_transform-input"/>
        <input semantic="OUTPUT" source="#Bip01_Head_matrix_Bip01_Head_transform-output"/>
        <input semantic="INTERPOLATION" source="#Bip01_Head_matrix_Bip01_Head_transform-interpolations"/>
      </sampler>
      <channel source="#Bip01_Head_matrix_Bip01_Head_transform-sampler" target="Bip01_Head/transform"/>
    </animation>
    <animation id="Bip01_Ponytail1_matrix">
      <source id="Bip01_Ponytail1_matrix_Bip01_Ponytail1_transform-input">
        <float_array id="Bip01_Ponytail1_matrix_Bip01_Ponytail1_transform-input-array" count="71">0 0.033333 0.066667 0.100000 0.133333 0.166667 0.200000 0.233333 0.266667 0.300000 0.333333 0.366667 0.400000 0.433333 0.466667 0.500000 0.533333 0.566667 0.600000 0.633333 0.666667 0.700000 0.733334 0.766667 0.800000 0.833334 0.866667 0.900000 0.933334 0.966667 1.000000 1.033334 1.066667 1.100000 1.133334 1.166667 1.200000 1.233333 1.266667 1.300000 1.333333 1.366667 1.400000 1.433333 1.466667 1.500000 1.533333 1.566666 1.600000 1.633333 1.666666 1.700000 1.733333 1.766666 1.800000 1.833333 1.866666 1.899999 1.933333 1.966666 1.999999 2.033333 2.066666 2.099999 2.133333 2.166666 2.199999 2.233333 2.266666 2.299999 2.333333</float_array>
        <technique_common>
          <accessor source="#Bip01_Ponytail1_matrix_Bip01_Ponytail1_transform-input-array" count="71" stride="1">
            <param name="TIME" type="float"/>
          </accessor>
        </technique_common>
        <technique profile="MAYA">
          <pre_infinity>CONSTANT</pre_infinity>
          <post_infinity>CONSTANT</post_infinity>
        </technique>
      </source>
      <source id="Bip01_Ponytail1_matrix_Bip01_Ponytail1_transform-output">
        <float_array id="Bip01_Ponytail1_matrix_Bip01_Ponytail1_transform-output-array" count="1136">-0.250861 0.968023 0.000003 0.787457 0.968023 0.250861 0.000004 1.064350 0.000003 0.000003 -1.000000 0.000007 0 0 0 1.000000 -0.261682 0.965153 0.001194 0.787458 0.965147 0.261685 -0.003516 1.064344 -0.003706 0.000232 -0.999993 0.000007 0 0 0 1.000000 -0.277398 0.960752 0.002629 0.787459 0.960725 0.277410 -0.007090 1.064336 -0.007541 0.000559 -0.999971 0.000006 0 0 0 1.000000 -0.295835 0.955230 0.004245 0.787463 0.955171 0.295864 -0.010677 1.064327 -0.011455 0.000896 -0.999934 0.000006 0 0 0 1.000000 -0.314851 0.949122 0.005962 0.787466 0.949016 0.314905 -0.014240 1.064318 -0.015393 0.001174 -0.999881 0.000006 0 0 0 1.000000 -0.332353 0.943124 0.007683 0.787469 0.942958 0.332439 -0.017755 1.064309 -0.019299 0.001344 -0.999813 0.000006 0 0 0 1.000000 -0.346301 0.938077 0.009295 0.787470 0.937839 0.346423 -0.021207 1.064302 -0.023113 0.001373 -0.999732 0.000006 0 0 0 1.000000 -0.354695 0.934921 0.010670 0.787472 0.934598 0.354854 -0.024591 1.064298 -0.026777 0.001250 -0.999641 0.000006 0 0 0 1.000000 -0.355540 0.934588 0.011666 0.787472 0.934172 0.355730 -0.027907 1.064298 -0.030231 0.000976 -0.999542 0.000006 0 0 0 1.000000 -0.346786 0.937866 0.012125 0.787471 0.937349 0.346997 -0.031150 1.064302 -0.033422 0.000563 -0.999442 0.000006 0 0 0 1.000000 -0.326263 0.945204 0.011881 0.787468 0.944582 0.326479 -0.034298 1.064312 -0.036298 0.000033 -0.999341 0.000007 0 0 0 1.000000 -0.294537 0.955577 0.010940 0.787463 0.954839 0.294740 -0.037562 1.064327 -0.039118 -0.000618 -0.999234 0.000007 0 0 0 1.000000 -0.253516 0.967285 0.009395 0.787456 0.966410 0.253687 -0.041171 1.064348 -0.042208 -0.001358 -0.999108 0.000007 0 0 0 1.000000 -0.205017 0.978731 0.007282 0.787451 0.977703 0.205136 -0.044909 1.064371 -0.045448 -0.002088 -0.998965 0.000008 0 0 0 1.000000 -0.150057 0.988666 0.004622 0.787446 0.987473 0.150103 -0.048646 1.064399 -0.048789 -0.002736 -0.998806 0.000008 0 0 0 1.000000 -0.090017 0.995939 0.001470 0.787442 0.994574 0.089970 -0.052235 1.064427 -0.052155 -0.003240 -0.998634 0.000008 0 0 0 1.000000 -0.026405 0.999649 -0.002097 0.787440 0.998111 0.026248 -0.055541 1.064459 -0.055467 -0.003559 -0.998454 0.000008 0 0 0 1.000000 0.039165 0.999215 -0.005974 0.787441 0.997511 -0.039447 -0.058448 1.064492 -0.058638 -0.003670 -0.998272 0.000009 0 0 0 1.000000 0.105029 0.994419 -0.010035 0.787443 0.992561 -0.105447 -0.060864 1.064524 -0.061582 -0.003568 -0.998096 0.000008 0 0 0 1.000000 0.169526 0.985424 -0.014139 0.787448 0.983432 -0.170083 -0.062723 1.064556 -0.064214 -0.003272 -0.997931 0.000008 0 0 0 1.000000 0.231059 0.972771 -0.018131 0.787454 0.970668 -0.231752 -0.063990 1.064586 -0.066450 -0.002814 -0.997786 0.000008 0 0 0 1.000000 0.288146 0.957337 -0.021853 0.787462 0.955154 -0.288965 -0.064659 1.064613 -0.068215 -0.002241 -0.997668 0.000008 0 0 0 1.000000 0.339155 0.940395 -0.025128 0.787469 0.938164 -0.340081 -0.064749 1.064638 -0.069435 -0.001615 -0.997585 0.000008 0 0 0 1.000000 0.383819 0.922988 -0.027868 0.787479 0.920746 -0.384828 -0.064295 1.064662 -0.070068 -0.000982 -0.997542 0.000007 0 0 0 1.000000 0.420213 0.906934 -0.029879 0.787487 0.904718 -0.421273 -0.063354 1.064679 -0.070045 -0.000410 -0.997544 0.000007 0 0 0 1.000000 0.447717 0.893635 -0.031062 0.787493 0.891484 -0.448793 -0.061977 1.064692 -0.069326 0.000057 -0.997594 0.000007 0 0 0 1.000000 0.468786 0.882752 -0.031441 0.787498 0.880704 -0.469839 -0.060095 1.064703 -0.067821 0.000482 -0.997697 0.000006 0 0 0 1.000000 0.486509 0.873120 -0.031147 0.787502 0.871214 -0.487504 -0.057666 1.064711 -0.065533 0.000919 -0.997850 0.000006 0 0 0 1.000000 0.500947 0.864950 -0.030246 0.787507 0.863215 -0.501857 -0.054771 1.064719 -0.062553 0.001329 -0.998041 0.000006 0 0 0 1.000000 0.512149 0.858413 -0.028808 0.787510 0.856870 -0.512956 -0.051484 1.064725 -0.058972 0.001683 -0.998258 0.000006 0 0 0 1.000000 0.520153 0.853649 -0.026912 0.787512 0.852308 -0.520845 -0.047870 1.064728 -0.054882 0.001962 -0.998491 0.000006 0 0 0 1.000000 0.524975 0.850761 -0.024642 0.787514 0.849626 -0.525548 -0.043988 1.064730 -0.050373 0.002156 -0.998728 0.000006 0 0 0 1.000000 0.526614 0.849817 -0.022084 0.787514 0.848884 -0.527072 -0.039888 1.064731 -0.045537 0.002259 -0.998960 0.000006 0 0 0 1.000000 0.525051 0.850852 -0.019328 0.787513 0.850109 -0.525401 -0.035621 1.064730 -0.040463 0.002272 -0.999178 0.000006 0 0 0 1.000000 0.520241 0.853860 -0.016467 0.787512 0.853292 -0.520497 -0.031231 1.064728 -0.035238 0.002196 -0.999377 0.000006 0 0 0 1.000000 0.512123 0.858805 -0.013595 0.787510 0.858390 -0.512299 -0.026764 1.064724 -0.029950 0.002036 -0.999549 0.000006 0 0 0 1.000000 0.500612 0.865604 -0.010806 0.787505 0.865320 -0.500725 -0.022266 1.064718 -0.024685 0.001797 -0.999694 0.000006 0 0 0 1.000000 0.485606 0.874140 -0.008192 0.787502 0.873960 -0.485672 -0.017788 1.064711 -0.019528 0.001478 -0.999808 0.000006 0 0 0 1.000000 0.466983 0.884247 -0.005847 0.787497 0.884146 -0.467018 -0.013382 1.064701 -0.014563 0.001080 -0.999893 0.000006 0 0 0 1.000000 0.444610 0.895716 -0.003859 0.787491 0.895670 -0.444626 -0.009109 1.064690 -0.009874 0.000594 -0.999951 0.000006 0 0 0 1.000000 0.418341 0.908287 -0.002313 0.787485 0.908273 -0.418347 -0.005037 1.064678 -0.005543 0.000006 -0.999984 0.000007 0 0 0 1.000000 0.380496 0.924782 -0.001213 0.787478 0.924782 -0.380497 -0.000827 1.064659 -0.001226 -0.000807 -0.999999 0.000007 0 0 0 1.000000 0.325322 0.945603 -0.000590 0.787468 0.945597 -0.325317 0.003814 1.064632 0.003415 -0.001799 -0.999992 0.000008 0 0 0 1.000000 0.255755 0.966741 -0.000541 0.787456 0.966706 -0.255741 0.008718 1.064597 0.008290 -0.002753 -0.999962 0.000008 0 0 0 1.000000 0.175735 0.984437 -0.001108 0.787448 0.984348 -0.175704 0.013669 1.064558 0.013261 -0.003493 -0.999906 0.000008 0 0 0 1.000000 0.087649 0.996149 -0.002290 0.787442 0.995984 -0.087591 0.018565 1.064515 0.018293 -0.003908 -0.999825 0.000009 0 0 0 1.000000 -0.002479 0.999989 -0.003987 0.787440 0.999729 0.002570 0.023134 1.064471 0.023144 -0.003928 -0.999725 0.000009 0 0 0 1.000000 -0.090532 0.995875 -0.006054 0.787443 0.995508 0.090664 0.027256 1.064428 0.027692 -0.003560 -0.999610 0.000008 0 0 0 1.000000 -0.171961 0.985069 -0.008292 0.787448 0.984590 0.172137 0.030824 1.064387 0.031792 -0.002864 -0.999490 0.000008 0 0 0 1.000000 -0.242582 0.970075 -0.010464 0.787455 0.969488 0.242799 0.033785 1.064353 0.035315 -0.001950 -0.999374 0.000008 0 0 0 1.000000 -0.298698 0.954268 -0.012318 0.787463 0.953584 0.298950 0.036128 1.064326 0.038158 -0.000955 -0.999272 0.000007 0 0 0 1.000000 -0.337053 0.941387 -0.013601 0.787469 0.940625 0.337327 0.037872 1.064307 0.040240 -0.000028 -0.999190 0.000007 0 0 0 1.000000 -0.354409 0.934984 -0.014105 0.787473 0.934172 0.354689 0.038960 1.064298 0.041430 0.000631 -0.999141 0.000006 0 0 0 1.000000 -0.352707 0.935631 -0.013862 0.787472 0.934802 0.352978 0.039390 1.064299 0.041747 0.000934 -0.999128 0.000006 0 0 0 1.000000 -0.336335 0.941652 -0.013021 0.787469 0.940835 0.336586 0.039234 1.064307 0.041327 0.000945 -0.999145 0.000006 0 0 0 1.000000 -0.309488 0.950831 -0.011757 0.787465 0.950049 0.309710 0.038546 1.064321 0.040292 0.000760 -0.999188 0.000006 0 0 0 1.000000 -0.276406 0.960986 -0.010257 0.787460 0.960259 0.276596 0.037382 1.064337 0.038761 0.000483 -0.999248 0.000006 0 0 0 1.000000 -0.241498 0.970362 -0.008704 0.787455 0.969701 0.241655 0.035818 1.064354 0.036860 0.000209 -0.999321 0.000007 0 0 0 1.000000 -0.209360 0.977812 -0.007263 0.787452 0.977222 0.209486 0.033955 1.064370 0.034723 0.000011 -0.999397 0.000007 0 0 0 1.000000 -0.184717 0.982773 -0.006073 0.787449 0.982254 0.184816 0.031919 1.064381 0.032492 -0.000069 -0.999472 0.000007 0 0 0 1.000000 -0.172331 0.985025 -0.005246 0.787448 0.984573 0.172411 0.029849 1.064388 0.030306 -0.000021 -0.999541 0.000007 0 0 0 1.000000 -0.170048 0.985425 -0.004673 0.787448 0.985038 0.170112 0.027625 1.064389 0.028017 0.000095 -0.999608 0.000007 0 0 0 1.000000 -0.172049 0.985080 -0.004167 0.787448 0.984760 0.172099 0.025074 1.064388 0.025417 0.000210 -0.999677 0.000007 0 0 0 1.000000 -0.177573 0.984101 -0.003701 0.787448 0.983849 0.177612 0.022257 1.064386 0.022561 0.000311 -0.999745 0.000007 0 0 0 1.000000 -0.185857 0.982571 -0.003250 0.787449 0.982383 0.185885 0.019234 1.064381 0.019503 0.000382 -0.999810 0.000007 0 0 0 1.000000 -0.196133 0.980573 -0.002792 0.787451 0.980442 0.196152 0.016062 1.064376 0.016297 0.000413 -0.999867 0.000007 0 0 0 1.000000 -0.207638 0.978203 -0.002308 0.787451 0.978119 0.207650 0.012800 1.064371 0.013001 0.000400 -0.999916 0.000007 0 0 0 1.000000 -0.219611 0.975586 -0.001789 0.787453 0.975539 0.219618 0.009507 1.064365 0.009668 0.000342 -0.999953 0.000007 0 0 0 1.000000 -0.231301 0.972881 -0.001229 0.787454 0.972861 0.231304 0.006239 1.064359 0.006354 0.000247 -0.999980 0.000007 0 0 0 1.000000 -0.241963 0.970285 -0.000629 0.787455 0.970281 0.241964 0.003053 1.064354 0.003114 0.000128 -0.999995 0.000007 0 0 0 1.000000 -0.250861 0.968023 0.000003 0.787457 0.968023 0.250861 0.000004 1.064350 0.000003 0.000003 -1.000000 0.000007 0 0 0 1.000000</float_array>
        <technique_common>
          <accessor source="#Bip01_Ponytail1_matrix_Bip01_Ponytail1_transform-output-array" count="71" stride="16">
            <param name="TRANSFORM" type="float4x4"/>
          </accessor>
        </technique_common>
      </source>
      <source id="Bip01_Ponytail1_matrix_Bip01_Ponytail1_transform-interpolations">
        <Name_array id="Bip01_Ponytail1_matrix_Bip01_Ponytail1_transform-interpolations-array" count="71">LINEAR LINEAR LINEAR LINEAR LINEAR LINEAR LINEAR LINEAR LINEAR LINEAR LINEAR LINEAR LINEAR LINEAR LINEAR LINEAR LINEAR LINEAR LINEAR LINEAR LINEAR LINEAR LINEAR LINEAR LINEAR LINEAR LINEAR LINEAR LINEAR LINEAR LINEAR LINEAR LINEAR LINEAR LINEAR LINEAR LINEAR LINEAR LINEAR LINEAR LINEAR LINEAR LINEAR LINEAR LINEAR LINEAR LINEAR LINEAR LINEAR LINEAR LINEAR LINEAR LINEAR LINEAR LINEAR LINEAR LINEAR LINEAR LINEAR LINEAR LINEAR LINEAR LINEAR LINEAR LINEAR LINEAR LINEAR LINEAR LINEAR LINEAR LINEAR</Name_array>
        <technique_common>
          <accessor source="#Bip01_Ponytail1_matrix_Bip01_Ponytail1_transform-interpolations-array" count="71" stride="1">
            <param name="INTERPOLATION" type="Name"/>
          </accessor>
        </technique_common>
      </source>
      <sampler id="Bip01_Ponytail1_matrix_Bip01_Ponytail1_transform-sampler">
        <input semantic="INPUT" source="#Bip01_Ponytail1_matrix_Bip01_Ponytail1_transform-input"/>
        <input semantic="OUTPUT" source="#Bip01_Ponytail1_matrix_Bip01_Ponytail1_transform-output"/>
        <input semantic="INTERPOLATION" source="#Bip01_Ponytail1_matrix_Bip01_Ponytail1_transform-interpolations"/>
      </sampler>
      <channel source="#Bip01_Ponytail1_matrix_Bip01_Ponytail1_transform-sampler" target="Bip01_Ponytail1/transform"/>
    </animation>
    <animation id="Bip01_Ponytail11_matrix">
      <source id="Bip01_Ponytail11_matrix_Bip01_Ponytail11_transform-input">
        <float_array id="Bip01_Ponytail11_matrix_Bip01_Ponytail11_transform-input-array" count="71">0 0.033333 0.066667 0.100000 0.133333 0.166667 0.200000 0.233333 0.266667 0.300000 0.333333 0.366667 0.400000 0.433333 0.466667 0.500000 0.533333 0.566667 0.600000 0.633333 0.666667 0.700000 0.733334 0.766667 0.800000 0.833334 0.866667 0.900000 0.933334 0.966667 1.000000 1.033334 1.066667 1.100000 1.133334 1.166667 1.200000 1.233333 1.266667 1.300000 1.333333 1.366667 1.400000 1.433333 1.466667 1.500000 1.533333 1.566666 1.600000 1.633333 1.666666 1.700000 1.733333 1.766666 1.800000 1.833333 1.866666 1.899999 1.933333 1.966666 1.999999 2.033333 2.066666 2.099999 2.133333 2.166666 2.199999 2.233333 2.266666 2.299999 2.333333</float_array>
        <technique_common>
          <accessor source="#Bip01_Ponytail11_matrix_Bip01_Ponytail11_transform-input-array" count="71" stride="1">
            <param name="TIME" type="float"/>
          </accessor>
        </technique_common>
        <technique profile="MAYA">
          <pre_infinity>CONSTANT</pre_infinity>
          <post_infinity>CONSTANT</post_infinity>
        </technique>
      </source>
      <source id="Bip01_Ponytail11_matrix_Bip01_Ponytail11_transform-output">
        <float_array id="Bip01_Ponytail11_matrix_Bip01_Ponytail11_transform-output-array" count="1136">0.967251 0.253823 0.000001 0.615828 -0.253823 0.967251 0 -0.000475 -0.000001 0 1.000000 0 0 0 0 1.000000 0.964341 0.264638 -0.003515 0.615822 -0.264635 0.964348 0.001202 -0.000473 0.003708 -0.000229 0.999993 0 0 0 0 1.000000 0.959872 0.280350 -0.007085 0.615815 -0.280338 0.959898 0.002648 -0.000471 0.007543 -0.000555 0.999972 0.000000 0 0 0 1.000000 0.954260 0.298787 -0.010667 0.615806 -0.298758 0.954319 0.004275 -0.000468 0.011457 -0.000892 0.999934 0.000000 0 0 0 1.000000 0.948048 0.317809 -0.014225 0.615796 -0.317755 0.948154 0.006003 -0.000465 0.015395 -0.001171 0.999881 0.000001 0 0 0 1.000000 0.941936 0.335325 -0.017734 0.615788 -0.335238 0.942102 0.007734 -0.000462 0.019301 -0.001340 0.999813 0.000001 0 0 0 1.000000 0.936774 0.349293 -0.021181 0.615780 -0.349171 0.937012 0.009357 -0.000458 0.023115 -0.001370 0.999732 0.000001 0 0 0 1.000000 0.933508 0.357714 -0.024561 0.615776 -0.357555 0.933830 0.010742 -0.000458 0.026779 -0.001246 0.999641 0.000001 0 0 0 1.000000 0.933079 0.358589 -0.027874 0.615776 -0.358398 0.933495 0.011748 -0.000458 0.030233 -0.000972 0.999543 0.000000 0 0 0 1.000000 0.936283 0.349867 -0.031115 0.615781 -0.349654 0.936799 0.012218 -0.000460 0.033424 -0.000560 0.999441 0.000000 0 0 0 1.000000 0.943578 0.329371 -0.034264 0.615791 -0.329153 0.944200 0.011983 -0.000464 0.036299 -0.000029 0.999341 0 0 0 0 1.000000 0.953933 0.297664 -0.037531 0.615806 -0.297459 0.954671 0.011052 -0.000468 0.039120 0.000621 0.999234 -0.000000 0 0 0 1.000000 0.965629 0.256647 -0.041145 0.615826 -0.256474 0.966504 0.009518 -0.000474 0.042210 0.001362 0.999108 -0.000001 0 0 0 1.000000 0.977071 0.208131 -0.044890 0.615850 -0.208010 0.978099 0.007416 -0.000480 0.045450 0.002091 0.998964 -0.000001 0 0 0 1.000000 0.987009 0.153130 -0.048635 0.615877 -0.153080 0.988202 0.004768 -0.000485 0.048791 0.002739 0.998805 -0.000001 0 0 0 1.000000 0.994293 0.093019 -0.052233 0.615907 -0.093061 0.995659 0.001627 -0.000489 0.052158 0.003243 0.998634 -0.000002 0 0 0 1.000000 0.998026 0.029309 -0.055550 0.615937 -0.029461 0.999564 -0.001929 -0.000491 0.055469 0.003562 0.998454 -0.000002 0 0 0 1.000000 0.997626 -0.036388 -0.058469 0.615970 0.036111 0.999331 -0.005797 -0.000490 0.058641 0.003672 0.998272 -0.000002 0 0 0 1.000000 0.992877 -0.102402 -0.060897 0.616002 0.101990 0.994737 -0.009852 -0.000488 0.061586 0.003571 0.998096 -0.000002 0 0 0 1.000000 0.983946 -0.167066 -0.062769 0.616034 0.166514 0.985940 -0.013950 -0.000484 0.064217 0.003274 0.997931 -0.000002 0 0 0 1.000000 0.971371 -0.228773 -0.064048 0.616064 0.228086 0.973476 -0.017938 -0.000479 0.066453 0.002816 0.997786 -0.000001 0 0 0 1.000000 0.956031 -0.286032 -0.064728 0.616093 0.285220 0.958217 -0.021657 -0.000471 0.068218 0.002243 0.997668 -0.000001 0 0 0 1.000000 0.939198 -0.337201 -0.064828 0.616118 0.336281 0.941431 -0.024933 -0.000462 0.069439 0.001617 0.997585 -0.000001 0 0 0 1.000000 0.921917 -0.382001 -0.064383 0.616139 0.380998 0.924161 -0.027674 -0.000453 0.070072 0.000983 0.997541 -0.000000 0 0 0 1.000000 0.906000 -0.418495 -0.063448 0.616157 0.417441 0.908219 -0.029688 -0.000446 0.070049 0.000412 0.997544 -0.000000 0 0 0 1.000000 0.892850 -0.446056 -0.062075 0.616170 0.444986 0.895005 -0.030875 -0.000439 0.069329 -0.000055 0.997594 0 0 0 0 1.000000 0.882135 -0.467135 -0.060194 0.616181 0.466088 0.884186 -0.031259 -0.000434 0.067825 -0.000481 0.997697 0.000000 0 0 0 1.000000 0.872700 -0.484829 -0.057764 0.616190 0.483839 0.874609 -0.030973 -0.000429 0.065537 -0.000918 0.997850 0.000000 0 0 0 1.000000 0.864744 -0.499207 -0.054866 0.616196 0.498302 0.866482 -0.030081 -0.000426 0.062557 -0.001328 0.998041 0.000001 0 0 0 1.000000 0.858433 -0.510326 -0.051575 0.616201 0.509524 0.859979 -0.028653 -0.000422 0.058976 -0.001682 0.998258 0.000001 0 0 0 1.000000 0.853896 -0.518229 -0.047955 0.616206 0.517541 0.855240 -0.026769 -0.000420 0.054885 -0.001961 0.998491 0.000001 0 0 0 1.000000 0.851229 -0.522941 -0.044066 0.616208 0.522371 0.852366 -0.024510 -0.000419 0.050377 -0.002155 0.998728 0.000001 0 0 0 1.000000 0.850492 -0.524468 -0.039959 0.616209 0.524013 0.851427 -0.021964 -0.000418 0.045541 -0.002258 0.998960 0.000001 0 0 0 1.000000 0.851712 -0.522794 -0.035682 0.616208 0.522446 0.852456 -0.019222 -0.000418 0.040467 -0.002271 0.999178 0.000001 0 0 0 1.000000 0.854880 -0.517881 -0.031284 0.616205 0.517626 0.855450 -0.016374 -0.000420 0.035242 -0.002195 0.999376 0.000001 0 0 0 1.000000 0.859953 -0.509668 -0.026808 0.616202 0.509493 0.860369 -0.013516 -0.000422 0.029954 -0.002035 0.999549 0.000001 0 0 0 1.000000 0.866848 -0.498073 -0.022302 0.616196 0.497961 0.867133 -0.010740 -0.000425 0.024688 -0.001796 0.999693 0.000001 0 0 0 1.000000 0.875442 -0.482994 -0.017816 0.616188 0.482928 0.875622 -0.008141 -0.000430 0.019532 -0.001477 0.999808 0.000001 0 0 0 1.000000 0.885572 -0.464309 -0.013402 0.616180 0.464274 0.885672 -0.005809 -0.000435 0.014567 -0.001078 0.999893 0.000000 0 0 0 1.000000 0.897027 -0.441882 -0.009123 0.616168 0.441866 0.897073 -0.003834 -0.000440 0.009878 -0.000592 0.999951 0.000000 0 0 0 1.000000 0.909550 -0.415565 -0.005047 0.616156 0.415558 0.909564 -0.002301 -0.000446 0.005546 -0.000005 0.999985 0 0 0 0 1.000000 0.925942 -0.377664 -0.000833 0.616137 0.377663 0.925942 -0.001213 -0.000455 0.001230 0.000809 0.999999 -0.000000 0 0 0 1.000000 0.946589 -0.322421 0.003809 0.616109 0.322426 0.946595 -0.000605 -0.000465 -0.003411 0.001801 0.999993 -0.000001 0 0 0 1.000000 0.967485 -0.252780 0.008714 0.616076 0.252794 0.967520 -0.000571 -0.000475 -0.008286 0.002755 0.999962 -0.000001 0 0 0 1.000000 0.984882 -0.172689 0.013662 0.616037 0.172721 0.984970 -0.001153 -0.000484 -0.013258 0.003495 0.999906 -0.000002 0 0 0 1.000000 0.996247 -0.084541 0.018555 0.615993 0.084599 0.996413 -0.002350 -0.000489 -0.018290 0.003911 0.999825 -0.000002 0 0 0 1.000000 0.999717 0.005632 0.023119 0.615949 -0.005540 0.999976 -0.004061 -0.000491 -0.023141 0.003932 0.999724 -0.000002 0 0 0 1.000000 0.995227 0.093712 0.027234 0.615906 -0.093579 0.995593 -0.006141 -0.000489 -0.027689 0.003563 0.999610 -0.000002 0 0 0 1.000000 0.984060 0.175152 0.030796 0.615866 -0.174974 0.984537 -0.008390 -0.000483 -0.031789 0.002868 0.999490 -0.000001 0 0 0 1.000000 0.968741 0.245768 0.033750 0.615832 -0.245548 0.969327 -0.010571 -0.000475 -0.035313 0.001954 0.999375 -0.000001 0 0 0 1.000000 0.952666 0.301870 0.036087 0.615804 -0.301616 0.953349 -0.012432 -0.000468 -0.038156 0.000959 0.999271 -0.000000 0 0 0 1.000000 0.939589 0.340208 0.037827 0.615785 -0.339931 0.940350 -0.013720 -0.000461 -0.040238 0.000033 0.999190 0 0 0 0 1.000000 0.933083 0.357550 0.038913 0.615777 -0.357267 0.933894 -0.014228 -0.000458 -0.041428 -0.000627 0.999141 0.000000 0 0 0 1.000000 0.933718 0.355841 0.039344 0.615777 -0.355567 0.934546 -0.013986 -0.000457 -0.041746 -0.000930 0.999128 0.000000 0 0 0 1.000000 0.939801 0.339467 0.039191 0.615786 -0.339213 0.940618 -0.013144 -0.000461 -0.041326 -0.000941 0.999145 0.000000 0 0 0 1.000000 0.949097 0.312620 0.038506 0.615799 -0.312395 0.949878 -0.011878 -0.000465 -0.040290 -0.000755 0.999188 0.000000 0 0 0 1.000000 0.959409 0.279536 0.037347 0.615815 -0.279344 0.960135 -0.010375 -0.000471 -0.038759 -0.000479 0.999249 0.000000 0 0 0 1.000000 0.968957 0.244624 0.035788 0.615832 -0.244465 0.969618 -0.008817 -0.000475 -0.036858 -0.000205 0.999321 0.000000 0 0 0 1.000000 0.976576 0.212479 0.033930 0.615848 -0.212351 0.977166 -0.007370 -0.000480 -0.034721 -0.000008 0.999397 0 0 0 0 1.000000 0.981685 0.187824 0.031897 0.615860 -0.187723 0.982203 -0.006174 -0.000482 -0.032489 0.000073 0.999472 0 0 0 0 1.000000 0.984040 0.175426 0.029830 0.615866 -0.175345 0.984493 -0.005340 -0.000483 -0.030304 0.000025 0.999541 0 0 0 0 1.000000 0.984512 0.173128 0.027608 0.615867 -0.173063 0.984899 -0.004761 -0.000484 -0.028015 -0.000091 0.999608 0 0 0 0 1.000000 0.984229 0.175114 0.025059 0.615866 -0.175063 0.984548 -0.004247 -0.000483 -0.025415 -0.000207 0.999677 0 0 0 0 1.000000 0.983301 0.180624 0.022243 0.615863 -0.180585 0.983552 -0.003773 -0.000483 -0.022559 -0.000307 0.999745 0.000000 0 0 0 1.000000 0.981810 0.188892 0.019221 0.615860 -0.188863 0.981998 -0.003312 -0.000482 -0.019500 -0.000378 0.999810 0.000000 0 0 0 1.000000 0.979837 0.199153 0.016050 0.615854 -0.199133 0.979968 -0.002844 -0.000481 -0.016295 -0.000410 0.999867 0.000000 0 0 0 1.000000 0.977479 0.210644 0.012790 0.615849 -0.210631 0.977563 -0.002350 -0.000480 -0.012998 -0.000397 0.999915 0.000000 0 0 0 1.000000 0.974863 0.222604 0.009499 0.615843 -0.222597 0.974909 -0.001821 -0.000479 -0.009666 -0.000339 0.999953 0.000000 0 0 0 1.000000 0.972149 0.234281 0.006232 0.615837 -0.234278 0.972169 -0.001251 -0.000477 -0.006352 -0.000244 0.999980 0.000000 0 0 0 1.000000 0.969535 0.244933 0.003048 0.615831 -0.244932 0.969540 -0.000642 -0.000475 -0.003112 -0.000125 0.999995 0 0 0 0 1.000000 0.967251 0.253823 0.000001 0.615828 -0.253823 0.967251 0 -0.000475 -0.000001 0 1.000000 0 0 0 0 1.000000</float_array>
        <technique_common>
          <accessor source="#Bip01_Ponytail11_matrix_Bip01_Ponytail11_transform-output-array" count="71" stride="16">
            <param name="TRANSFORM" type="float4x4"/>
          </accessor>
        </technique_common>
      </source>
      <source id="Bip01_Ponytail11_matrix_Bip01_Ponytail11_transform-interpolations">
        <Name_array id="Bip01_Ponytail11_matrix_Bip01_Ponytail11_transform-interpolations-array" count="71">LINEAR LINEAR LINEAR LINEAR LINEAR LINEAR LINEAR LINEAR LINEAR LINEAR LINEAR LINEAR LINEAR LINEAR LINEAR LINEAR LINEAR LINEAR LINEAR LINEAR LINEAR LINEAR LINEAR LINEAR LINEAR LINEAR LINEAR LINEAR LINEAR LINEAR LINEAR LINEAR LINEAR LINEAR LINEAR LINEAR LINEAR LINEAR LINEAR LINEAR LINEAR LINEAR LINEAR LINEAR LINEAR LINEAR LINEAR LINEAR LINEAR LINEAR LINEAR LINEAR LINEAR LINEAR LINEAR LINEAR LINEAR LINEAR LINEAR LINEAR LINEAR LINEAR LINEAR LINEAR LINEAR LINEAR LINEAR LINEAR LINEAR LINEAR LINEAR</Name_array>
        <technique_common>
          <accessor source="#Bip01_Ponytail11_matrix_Bip01_Ponytail11_transform-interpolations-array" count="71" stride="1">
            <param name="INTERPOLATION" type="Name"/>
          </accessor>
        </technique_common>
      </source>
      <sampler id="Bip01_Ponytail11_matrix_Bip01_Ponytail11_transform-sampler">
        <input semantic="INPUT" source="#Bip01_Ponytail11_matrix_Bip01_Ponytail11_transform-input"/>
        <input semantic="OUTPUT" source="#Bip01_Ponytail11_matrix_Bip01_Ponytail11_transform-output"/>
        <input semantic="INTERPOLATION" source="#Bip01_Ponytail11_matrix_Bip01_Ponytail11_transform-interpolations"/>
      </sampler>
      <channel source="#Bip01_Ponytail11_matrix_Bip01_Ponytail11_transform-sampler" target="Bip01_Ponytail11/transform"/>
    </animation>
    <animation id="Bip01_Ponytail12_matrix">
      <source id="Bip01_Ponytail12_matrix_Bip01_Ponytail12_transform-input">
        <float_array id="Bip01_Ponytail12_matrix_Bip01_Ponytail12_transform-input-array" count="71">0 0.033333 0.066667 0.100000 0.133333 0.166667 0.200000 0.233333 0.266667 0.300000 0.333333 0.366667 0.400000 0.433333 0.466667 0.500000 0.533333 0.566667 0.600000 0.633333 0.666667 0.700000 0.733334 0.766667 0.800000 0.833334 0.866667 0.900000 0.933334 0.966667 1.000000 1.033334 1.066667 1.100000 1.133334 1.166667 1.200000 1.233333 1.266667 1.300000 1.333333 1.366667 1.400000 1.433333 1.466667 1.500000 1.533333 1.566666 1.600000 1.633333 1.666666 1.700000 1.733333 1.766666 1.800000 1.833333 1.866666 1.899999 1.933333 1.966666 1.999999 2.033333 2.066666 2.099999 2.133333 2.166666 2.199999 2.233333 2.266666 2.299999 2.333333</float_array>
        <technique_common>
          <accessor source="#Bip01_Ponytail12_matrix_Bip01_Ponytail12_transform-input-array" count="71" stride="1">
            <param name="TIME" type="float"/>
          </accessor>
        </technique_common>
        <technique profile="MAYA">
          <pre_infinity>CONSTANT</pre_infinity>
          <post_infinity>CONSTANT</post_infinity>
        </technique>
      </source>
      <source id="Bip01_Ponytail12_matrix_Bip01_Ponytail12_transform-output">
        <float_array id="Bip01_Ponytail12_matrix_Bip01_Ponytail12_transform-output-array" count="1136">0.949580 0.313525 0.000001 0.615797 -0.313525 0.949580 -0.000000 -0.000466 -0.000001 -0.000000 1.000000 0 0 0 0 1.000000 0.946003 0.324139 -0.003433 0.615792 -0.324136 0.946010 0.001418 -0.000463 0.003707 -0.000229 0.999993 0 0 0 0 1.000000 0.940565 0.339543 -0.006906 0.615785 -0.339529 0.940591 0.003084 -0.000461 0.007543 -0.000555 0.999971 0.000000 0 0 0 1.000000 0.933818 0.357597 -0.010380 0.615776 -0.357564 0.933876 0.004930 -0.000458 0.011457 -0.000892 0.999934 0.000000 0 0 0 1.000000 0.926436 0.376199 -0.013823 0.615767 -0.376138 0.926538 0.006876 -0.000454 0.015395 -0.001171 0.999881 0.000001 0 0 0 1.000000 0.919247 0.393304 -0.017218 0.615758 -0.393207 0.919407 0.008823 -0.000451 0.019301 -0.001340 0.999813 0.000001 0 0 0 1.000000 0.913229 0.406929 -0.020558 0.615752 -0.406791 0.913459 0.010657 -0.000448 0.023115 -0.001370 0.999732 0.000001 0 0 0 1.000000 0.909447 0.415135 -0.023845 0.615748 -0.414956 0.909759 0.012250 -0.000446 0.026778 -0.001246 0.999641 0.000001 0 0 0 1.000000 0.908967 0.415988 -0.027089 0.615748 -0.415771 0.909370 0.013460 -0.000446 0.030233 -0.000972 0.999542 0.000000 0 0 0 1.000000 0.912708 0.407488 -0.030295 0.615752 -0.407243 0.913210 0.014131 -0.000448 0.033423 -0.000560 0.999441 0.000000 0 0 0 1.000000 0.921266 0.387493 -0.033452 0.615762 -0.387236 0.921873 0.014093 -0.000452 0.036299 -0.000029 0.999341 0 0 0 0 1.000000 0.933572 0.356498 -0.036771 0.615777 -0.356248 0.934296 0.013366 -0.000458 0.039120 0.000621 0.999234 -0.000000 0 0 0 1.000000 0.947797 0.316297 -0.040473 0.615796 -0.316070 0.948659 0.012060 -0.000465 0.042210 0.001362 0.999108 -0.000001 0 0 0 1.000000 0.962232 0.268597 -0.044341 0.615820 -0.268412 0.963250 0.010195 -0.000472 0.045450 0.002091 0.998964 -0.000001 0 0 0 1.000000 0.975569 0.214331 -0.048244 0.615847 -0.214207 0.976757 0.007786 -0.000479 0.048791 0.002739 0.998805 -0.000001 0 0 0 1.000000 0.986575 0.154801 -0.052030 0.615876 -0.154758 0.987940 0.004874 -0.000484 0.052158 0.003243 0.998634 -0.000002 0 0 0 1.000000 0.994258 0.091457 -0.055562 0.615908 -0.091513 0.995803 0.001531 -0.000488 0.055469 0.003562 0.998454 -0.000002 0 0 0 1.000000 0.997939 0.025873 -0.058716 0.615939 -0.026044 0.999658 -0.002147 -0.000490 0.058641 0.003672 0.998272 -0.000002 0 0 0 1.000000 0.997300 -0.040299 -0.061392 0.615971 0.040003 0.999181 -0.006043 -0.000490 0.061585 0.003571 0.998096 -0.000002 0 0 0 1.000000 0.992401 -0.105384 -0.063515 0.616003 0.104958 0.994426 -0.010017 -0.000487 0.064217 0.003274 0.997931 -0.000002 0 0 0 1.000000 0.983682 -0.167748 -0.065040 0.616034 0.167193 0.985826 -0.013917 -0.000482 0.066453 0.002816 0.997786 -0.000001 0 0 0 1.000000 0.971928 -0.225846 -0.065950 0.616062 0.225171 0.974160 -0.017587 -0.000477 0.068218 0.002243 0.997668 -0.000001 0 0 0 1.000000 0.958305 -0.277960 -0.066254 0.616088 0.277181 0.960591 -0.020850 -0.000471 0.069438 0.001617 0.997585 -0.000001 0 0 0 1.000000 0.943840 -0.323747 -0.065980 0.616111 0.322886 0.946143 -0.023614 -0.000464 0.070072 0.000983 0.997541 -0.000001 0 0 0 1.000000 0.930222 -0.361163 -0.065172 0.616130 0.360249 0.932502 -0.025682 -0.000457 0.070049 0.000412 0.997544 -0.000000 0 0 0 1.000000 0.918812 -0.389493 -0.063876 0.616143 0.388559 0.921030 -0.026952 -0.000452 0.069329 -0.000055 0.997594 0 0 0 0 1.000000 0.909431 -0.411204 -0.062023 0.616155 0.410287 0.911543 -0.027453 -0.000447 0.067825 -0.000481 0.997697 0 0 0 0 1.000000 0.901118 -0.429460 -0.059579 0.616163 0.428592 0.903085 -0.027319 -0.000443 0.065537 -0.000918 0.997850 0.000000 0 0 0 1.000000 0.894078 -0.444316 -0.056631 0.616169 0.443521 0.895869 -0.026608 -0.000439 0.062557 -0.001328 0.998040 0.000001 0 0 0 1.000000 0.888478 -0.455818 -0.053258 0.616176 0.455114 0.890071 -0.025388 -0.000437 0.058975 -0.001682 0.998258 0.000001 0 0 0 1.000000 0.884449 -0.464001 -0.049528 0.616180 0.463398 0.885832 -0.023732 -0.000435 0.054885 -0.001961 0.998491 0.000001 0 0 0 1.000000 0.882087 -0.468883 -0.045505 0.616182 0.468385 0.883258 -0.021720 -0.000433 0.050377 -0.002155 0.998728 0.000001 0 0 0 1.000000 0.881454 -0.470465 -0.041248 0.616182 0.470069 0.882416 -0.019435 -0.000433 0.045541 -0.002258 0.998960 0.000001 0 0 0 1.000000 0.882574 -0.468730 -0.036809 0.616182 0.468429 0.883339 -0.016964 -0.000434 0.040467 -0.002271 0.999178 0.000001 0 0 0 1.000000 0.885437 -0.463640 -0.032242 0.616180 0.463422 0.886021 -0.014396 -0.000434 0.035242 -0.002195 0.999377 0.000001 0 0 0 1.000000 0.889993 -0.455137 -0.027597 0.616174 0.454988 0.890419 -0.011821 -0.000437 0.029953 -0.002035 0.999549 0.000001 0 0 0 1.000000 0.896157 -0.443144 -0.022927 0.616169 0.443050 0.896449 -0.009331 -0.000440 0.024688 -0.001795 0.999694 0.000001 0 0 0 1.000000 0.903799 -0.427566 -0.018287 0.616161 0.427511 0.903983 -0.007016 -0.000444 0.019531 -0.001477 0.999808 0.000001 0 0 0 1.000000 0.912748 -0.408292 -0.013738 0.616153 0.408263 0.912851 -0.004963 -0.000448 0.014567 -0.001078 0.999893 0.000001 0 0 0 1.000000 0.922786 -0.385199 -0.009344 0.616141 0.385185 0.922834 -0.003259 -0.000453 0.009878 -0.000592 0.999951 0.000000 0 0 0 1.000000 0.933648 -0.358155 -0.005180 0.616127 0.358149 0.933662 -0.001982 -0.000459 0.005546 -0.000005 0.999985 0 0 0 0 1.000000 0.947650 -0.319308 -0.000907 0.616109 0.319307 0.947650 -0.001159 -0.000464 0.001230 0.000809 0.999999 -0.000000 0 0 0 1.000000 0.964819 -0.262887 0.003765 0.616080 0.262892 0.964825 -0.000841 -0.000473 -0.003411 0.001801 0.999993 -0.000001 0 0 0 1.000000 0.981341 -0.192079 0.008661 0.616046 0.192095 0.981376 -0.001112 -0.000482 -0.008286 0.002756 0.999962 -0.000001 0 0 0 1.000000 0.993721 -0.111057 0.013564 0.616006 0.111094 0.993808 -0.002001 -0.000487 -0.013258 0.003496 0.999906 -0.000002 0 0 0 1.000000 0.999581 -0.022368 0.018373 0.615963 0.022436 0.999742 -0.003501 -0.000490 -0.018290 0.003912 0.999825 -0.000002 0 0 0 1.000000 0.997434 0.067852 0.022821 0.615919 -0.067744 0.997688 -0.005492 -0.000489 -0.023141 0.003932 0.999725 -0.000002 0 0 0 1.000000 0.987474 0.155489 0.026799 0.615876 -0.155333 0.987831 -0.007825 -0.000484 -0.027690 0.003564 0.999610 -0.000002 0 0 0 1.000000 0.971263 0.236083 0.030214 0.615836 -0.235876 0.971729 -0.010291 -0.000476 -0.031790 0.002868 0.999490 -0.000001 0 0 0 1.000000 0.951582 0.305615 0.033027 0.615802 -0.305359 0.952153 -0.012652 -0.000467 -0.035313 0.001954 0.999375 -0.000001 0 0 0 1.000000 0.932049 0.360614 0.035244 0.615775 -0.360318 0.932715 -0.014654 -0.000457 -0.038157 0.000959 0.999271 -0.000000 0 0 0 1.000000 0.916613 0.398069 0.036900 0.615757 -0.397745 0.917356 -0.016048 -0.000450 -0.040238 0.000033 0.999190 0 0 0 0 1.000000 0.909041 0.414975 0.037953 0.615748 -0.414642 0.909833 -0.016622 -0.000447 -0.041428 -0.000626 0.999141 0.000000 0 0 0 1.000000 0.909780 0.413310 0.038397 0.615749 -0.412985 0.910590 -0.016408 -0.000446 -0.041746 -0.000930 0.999128 0.000000 0 0 0 1.000000 0.916870 0.397346 0.038297 0.615757 -0.397042 0.917669 -0.015559 -0.000450 -0.041326 -0.000940 0.999146 0.000000 0 0 0 1.000000 0.927817 0.371127 0.037693 0.615769 -0.370854 0.928582 -0.014252 -0.000456 -0.040290 -0.000755 0.999188 0.000000 0 0 0 1.000000 0.940165 0.338746 0.036629 0.615785 -0.338509 0.940878 -0.012680 -0.000461 -0.038759 -0.000478 0.999248 0.000000 0 0 0 1.000000 0.951865 0.304492 0.035170 0.615802 -0.304292 0.952515 -0.011028 -0.000468 -0.036858 -0.000205 0.999321 0 0 0 0 1.000000 0.961468 0.272878 0.033406 0.615818 -0.272714 0.962049 -0.009468 -0.000471 -0.034722 -0.000007 0.999397 0 0 0 0 1.000000 0.968099 0.248585 0.031452 0.615830 -0.248452 0.968610 -0.008148 -0.000475 -0.032490 0.000074 0.999472 0 0 0 0 1.000000 0.971221 0.236353 0.029440 0.615836 -0.236244 0.971667 -0.007187 -0.000476 -0.030304 0.000025 0.999541 0 0 0 0 1.000000 0.971834 0.234086 0.027258 0.615837 -0.233996 0.972216 -0.006470 -0.000476 -0.028015 -0.000091 0.999607 0 0 0 0 1.000000 0.971427 0.236046 0.024746 0.615836 -0.235974 0.971742 -0.005799 -0.000477 -0.025415 -0.000207 0.999677 0.000000 0 0 0 1.000000 0.970157 0.241482 0.021965 0.615833 -0.241427 0.970405 -0.005150 -0.000475 -0.022559 -0.000307 0.999745 0.000000 0 0 0 1.000000 0.968153 0.249638 0.018977 0.615829 -0.249597 0.968339 -0.004502 -0.000475 -0.019501 -0.000378 0.999810 0.000000 0 0 0 1.000000 0.965545 0.259753 0.015842 0.615824 -0.259725 0.965675 -0.003837 -0.000474 -0.016295 -0.000410 0.999867 0.000000 0 0 0 1.000000 0.962476 0.271071 0.012619 0.615819 -0.271053 0.962559 -0.003142 -0.000473 -0.012999 -0.000396 0.999915 0.000000 0 0 0 1.000000 0.959120 0.282843 0.009367 0.615813 -0.282833 0.959166 -0.002409 -0.000470 -0.009666 -0.000339 0.999953 0.000000 0 0 0 1.000000 0.955685 0.294328 0.006142 0.615807 -0.294323 0.955705 -0.001637 -0.000468 -0.006352 -0.000244 0.999980 0 0 0 0 1.000000 0.952413 0.304795 0.003002 0.615802 -0.304794 0.952418 -0.000830 -0.000467 -0.003112 -0.000125 0.999995 0 0 0 0 1.000000 0.949580 0.313525 0.000001 0.615797 -0.313525 0.949580 -0.000000 -0.000466 -0.000001 -0.000000 1.000000 0 0 0 0 1.000000</float_array>
        <technique_common>
          <accessor source="#Bip01_Ponytail12_matrix_Bip01_Ponytail12_transform-output-array" count="71" stride="16">
            <param name="TRANSFORM" type="float4x4"/>
          </accessor>
        </technique_common>
      </source>
      <source id="Bip01_Ponytail12_matrix_Bip01_Ponytail12_transform-interpolations">
        <Name_array id="Bip01_Ponytail12_matrix_Bip01_Ponytail12_transform-interpolations-array" count="71">LINEAR LINEAR LINEAR LINEAR LINEAR LINEAR LINEAR LINEAR LINEAR LINEAR LINEAR LINEAR LINEAR LINEAR LINEAR LINEAR LINEAR LINEAR LINEAR LINEAR LINEAR LINEAR LINEAR LINEAR LINEAR LINEAR LINEAR LINEAR LINEAR LINEAR LINEAR LINEAR LINEAR LINEAR LINEAR LINEAR LINEAR LINEAR LINEAR LINEAR LINEAR LINEAR LINEAR LINEAR LINEAR LINEAR LINEAR LINEAR LINEAR LINEAR LINEAR LINEAR LINEAR LINEAR LINEAR LINEAR LINEAR LINEAR LINEAR LINEAR LINEAR LINEAR LINEAR LINEAR LINEAR LINEAR LINEAR LINEAR LINEAR LINEAR LINEAR</Name_array>
        <technique_common>
          <accessor source="#Bip01_Ponytail12_matrix_Bip01_Ponytail12_transform-interpolations-array" count="71" stride="1">
            <param name="INTERPOLATION" type="Name"/>
          </accessor>
        </technique_common>
      </source>
      <sampler id="Bip01_Ponytail12_matrix_Bip01_Ponytail12_transform-sampler">
        <input semantic="INPUT" source="#Bip01_Ponytail12_matrix_Bip01_Ponytail12_transform-input"/>
        <input semantic="OUTPUT" source="#Bip01_Ponytail12_matrix_Bip01_Ponytail12_transform-output"/>
        <input semantic="INTERPOLATION" source="#Bip01_Ponytail12_matrix_Bip01_Ponytail12_transform-interpolations"/>
      </sampler>
      <channel source="#Bip01_Ponytail12_matrix_Bip01_Ponytail12_transform-sampler" target="Bip01_Ponytail12/transform"/>
    </animation>
    <animation id="Bip01_Ponytail13_matrix">
      <source id="Bip01_Ponytail13_matrix_Bip01_Ponytail13_transform-input">
        <float_array id="Bip01_Ponytail13_matrix_Bip01_Ponytail13_transform-input-array" count="71">0 0.033333 0.066667 0.100000 0.133333 0.166667 0.200000 0.233333 0.266667 0.300000 0.333333 0.366667 0.400000 0.433333 0.466667 0.500000 0.533333 0.566667 0.600000 0.633333 0.666667 0.700000 0.733334 0.766667 0.800000 0.833334 0.866667 0.900000 0.933334 0.966667 1.000000 1.033334 1.066667 1.100000 1.133334 1.166667 1.200000 1.233333 1.266667 1.300000 1.333333 1.366667 1.400000 1.433333 1.466667 1.500000 1.533333 1.566666 1.600000 1.633333 1.666666 1.700000 1.733333 1.766666 1.800000 1.833333 1.866666 1.899999 1.933333 1.966666 1.999999 2.033333 2.066666 2.099999 2.133333 2.166666 2.199999 2.233333 2.266666 2.299999 2.333333</float_array>
        <technique_common>
          <accessor source="#Bip01_Ponytail13_matrix_Bip01_Ponytail13_transform-input-array" count="71" stride="1">
            <param name="TIME" type="float"/>
          </accessor>
        </technique_common>
        <technique profile="MAYA">
          <pre_infinity>CONSTANT</pre_infinity>
          <post_infinity>CONSTANT</post_infinity>
        </technique>
      </source>
      <source id="Bip01_Ponytail13_matrix_Bip01_Ponytail13_transform-output">
        <float_array id="Bip01_Ponytail13_matrix_Bip01_Ponytail13_transform-output-array" count="1136">0.972384 0.233387 0.000001 0.615837 -0.233387 0.972384 0 -0.000477 -0.000001 0 1.000000 0 0 0 0 1.000000 0.969703 0.244261 -0.003540 0.615833 -0.244258 0.969709 0.001127 -0.000475 0.003708 -0.000229 0.999993 0 0 0 0 1.000000 0.965565 0.260063 -0.007139 0.615824 -0.260051 0.965592 0.002498 -0.000474 0.007543 -0.000555 0.999971 0.000000 0 0 0 1.000000 0.960343 0.278613 -0.010755 0.615815 -0.278585 0.960403 0.004049 -0.000471 0.011457 -0.000892 0.999934 0.000000 0 0 0 1.000000 0.954533 0.297762 -0.014348 0.615806 -0.297709 0.954640 0.005702 -0.000469 0.015395 -0.001171 0.999881 0.000001 0 0 0 1.000000 0.948790 0.315401 -0.017893 0.615797 -0.315318 0.948958 0.007359 -0.000465 0.019301 -0.001340 0.999813 0.000001 0 0 0 1.000000 0.943923 0.329473 -0.021374 0.615790 -0.329356 0.944164 0.008909 -0.000462 0.023115 -0.001370 0.999732 0.000001 0 0 0 1.000000 0.940834 0.337959 -0.024782 0.615786 -0.337807 0.941160 0.010223 -0.000461 0.026779 -0.001246 0.999641 0.000001 0 0 0 1.000000 0.940423 0.338841 -0.028115 0.615785 -0.338659 0.940843 0.011158 -0.000461 0.030233 -0.000972 0.999543 0.000000 0 0 0 1.000000 0.943442 0.330051 -0.031366 0.615790 -0.329849 0.943963 0.011560 -0.000463 0.033424 -0.000560 0.999441 0.000000 0 0 0 1.000000 0.950304 0.309404 -0.034509 0.615800 -0.309199 0.950931 0.011259 -0.000466 0.036299 -0.000029 0.999341 0 0 0 0 1.000000 0.959988 0.277483 -0.037756 0.615816 -0.277294 0.960730 0.010259 -0.000471 0.039120 0.000621 0.999234 -0.000000 0 0 0 1.000000 0.970819 0.236226 -0.041337 0.615836 -0.236072 0.971697 0.008649 -0.000477 0.042210 0.001362 0.999108 -0.000001 0 0 0 1.000000 0.981236 0.187477 -0.045036 0.615860 -0.187377 0.982267 0.006469 -0.000482 0.045450 0.002091 0.998965 -0.000001 0 0 0 1.000000 0.990015 0.132275 -0.048724 0.615887 -0.132250 0.991209 0.003742 -0.000486 0.048791 0.002739 0.998805 -0.000001 0 0 0 1.000000 0.996033 0.072020 -0.052256 0.615917 -0.072091 0.997398 0.000526 -0.000489 0.052158 0.003243 0.998634 -0.000002 0 0 0 1.000000 0.998425 0.008242 -0.055497 0.615947 -0.008427 0.999960 -0.003099 -0.000491 0.055469 0.003562 0.998454 -0.000002 0 0 0 1.000000 0.996643 -0.057435 -0.058334 0.615980 0.057122 0.998343 -0.007028 -0.000490 0.058641 0.003672 0.998272 -0.000002 0 0 0 1.000000 0.990508 -0.123338 -0.060676 0.616013 0.122886 0.992358 -0.011133 -0.000487 0.061586 0.003571 0.998095 -0.000002 0 0 0 1.000000 0.980219 -0.187802 -0.062461 0.616044 0.187209 0.982201 -0.015269 -0.000482 0.064217 0.003274 0.997931 -0.000002 0 0 0 1.000000 0.966349 -0.249233 -0.063656 0.616075 0.248502 0.968439 -0.019283 -0.000476 0.066453 0.002816 0.997786 -0.000002 0 0 0 1.000000 0.949809 -0.306158 -0.064257 0.616102 0.305300 0.951978 -0.023016 -0.000467 0.068218 0.002243 0.997668 -0.000001 0 0 0 1.000000 0.931904 -0.356961 -0.064288 0.616127 0.355995 0.934118 -0.026293 -0.000458 0.069439 0.001617 0.997585 -0.000001 0 0 0 1.000000 0.913685 -0.401388 -0.063786 0.616149 0.400338 0.915908 -0.029024 -0.000450 0.070072 0.000983 0.997541 -0.000000 0 0 0 1.000000 0.897004 -0.437538 -0.062808 0.616166 0.436437 0.899200 -0.031018 -0.000441 0.070049 0.000412 0.997543 -0.000000 0 0 0 1.000000 0.883276 -0.464814 -0.061411 0.616180 0.463699 0.885408 -0.032176 -0.000434 0.069329 -0.000056 0.997594 0 0 0 0 1.000000 0.872119 -0.485661 -0.059522 0.616190 0.484571 0.874147 -0.032521 -0.000428 0.067825 -0.000481 0.997697 0.000000 0 0 0 1.000000 0.862312 -0.503149 -0.057098 0.616199 0.502119 0.864199 -0.032183 -0.000424 0.065537 -0.000918 0.997850 0.000000 0 0 0 1.000000 0.854053 -0.517352 -0.054220 0.616206 0.516410 0.855771 -0.031230 -0.000420 0.062557 -0.001328 0.998040 0.000001 0 0 0 1.000000 0.847507 -0.528332 -0.050960 0.616211 0.527497 0.849036 -0.029733 -0.000416 0.058976 -0.001682 0.998258 0.000001 0 0 0 1.000000 0.842803 -0.536133 -0.047381 0.616214 0.535417 0.844131 -0.027773 -0.000414 0.054885 -0.001961 0.998491 0.000001 0 0 0 1.000000 0.840034 -0.540784 -0.043540 0.616217 0.540190 0.841158 -0.025433 -0.000414 0.050377 -0.002155 0.998728 0.000001 0 0 0 1.000000 0.839262 -0.542291 -0.039487 0.616218 0.541816 0.840188 -0.022801 -0.000411 0.045541 -0.002258 0.998960 0.000001 0 0 0 1.000000 0.840515 -0.540639 -0.035270 0.616218 0.540275 0.841252 -0.019969 -0.000412 0.040467 -0.002271 0.999178 0.000001 0 0 0 1.000000 0.843785 -0.535790 -0.030932 0.616214 0.535523 0.844349 -0.017030 -0.000414 0.035242 -0.002195 0.999376 0.000001 0 0 0 1.000000 0.849028 -0.527682 -0.026518 0.616210 0.527498 0.849439 -0.014078 -0.000417 0.029954 -0.002036 0.999549 0.000001 0 0 0 1.000000 0.856164 -0.516233 -0.022071 0.616205 0.516114 0.856446 -0.011208 -0.000420 0.024688 -0.001796 0.999694 0.000001 0 0 0 1.000000 0.865073 -0.501336 -0.017640 0.616197 0.501266 0.865252 -0.008514 -0.000424 0.019532 -0.001477 0.999808 0.000001 0 0 0 1.000000 0.875593 -0.482867 -0.013277 0.616189 0.482830 0.875693 -0.006090 -0.000429 0.014567 -0.001078 0.999893 0.000000 0 0 0 1.000000 0.887518 -0.460685 -0.009040 0.616177 0.460668 0.887564 -0.004025 -0.000435 0.009878 -0.000592 0.999951 0.000000 0 0 0 1.000000 0.900592 -0.434637 -0.004997 0.616166 0.434630 0.900606 -0.002406 -0.000442 0.005546 -0.000005 0.999985 0 0 0 0 1.000000 0.917779 -0.397090 -0.000807 0.616146 0.397088 0.917779 -0.001231 -0.000450 0.001230 0.000809 0.999999 -0.000000 0 0 0 1.000000 0.939585 -0.342294 0.003821 0.616121 0.342298 0.939591 -0.000525 -0.000461 -0.003411 0.001801 0.999992 -0.000001 0 0 0 1.000000 0.961943 -0.273109 0.008724 0.616086 0.273123 0.961979 -0.000388 -0.000472 -0.008286 0.002756 0.999962 -0.000001 0 0 0 1.000000 0.981024 -0.193403 0.013683 0.616046 0.193433 0.981113 -0.000865 -0.000481 -0.013258 0.003496 0.999906 -0.000002 0 0 0 1.000000 0.994244 -0.105516 0.018600 0.616004 0.105571 0.994410 -0.001959 -0.000487 -0.018290 0.003912 0.999825 -0.000002 0 0 0 1.000000 0.999612 -0.015438 0.023199 0.615959 0.015525 0.999873 -0.003574 -0.000491 -0.023141 0.003932 0.999725 -0.000002 0 0 0 1.000000 0.996977 0.072715 0.027357 0.615916 -0.072589 0.997346 -0.005567 -0.000490 -0.027689 0.003564 0.999610 -0.000002 0 0 0 1.000000 0.987528 0.154369 0.030966 0.615876 -0.154202 0.988009 -0.007740 -0.000486 -0.031789 0.002869 0.999490 -0.000001 0 0 0 1.000000 0.973700 0.225290 0.033965 0.615841 -0.225082 0.974290 -0.009859 -0.000478 -0.035313 0.001955 0.999375 -0.000001 0 0 0 1.000000 0.958809 0.281717 0.036341 0.615813 -0.281477 0.959497 -0.011670 -0.000471 -0.038156 0.000960 0.999271 -0.000000 0 0 0 1.000000 0.946543 0.320319 0.038107 0.615795 -0.320059 0.947310 -0.012921 -0.000464 -0.040238 0.000034 0.999190 0 0 0 0 1.000000 0.940403 0.337793 0.039204 0.615786 -0.337528 0.941220 -0.013406 -0.000461 -0.041428 -0.000626 0.999141 0.000000 0 0 0 1.000000 0.941002 0.336071 0.039630 0.615787 -0.335815 0.941836 -0.013155 -0.000462 -0.041746 -0.000929 0.999128 0.000000 0 0 0 1.000000 0.946740 0.319573 0.039459 0.615795 -0.319337 0.947561 -0.012317 -0.000465 -0.041326 -0.000940 0.999145 0.000000 0 0 0 1.000000 0.955469 0.292537 0.038748 0.615808 -0.292328 0.956254 -0.011066 -0.000468 -0.040290 -0.000754 0.999188 0.000000 0 0 0 1.000000 0.965081 0.259245 0.037557 0.615825 -0.259068 0.965812 -0.009587 -0.000473 -0.038759 -0.000478 0.999248 0.000000 0 0 0 1.000000 0.973893 0.224140 0.035966 0.615842 -0.223995 0.974557 -0.008062 -0.000478 -0.036858 -0.000204 0.999320 0 0 0 0 1.000000 0.980834 0.191843 0.034078 0.615858 -0.191728 0.981426 -0.006655 -0.000482 -0.034721 -0.000007 0.999397 0 0 0 0 1.000000 0.985422 0.167088 0.032020 0.615870 -0.166997 0.985942 -0.005502 -0.000484 -0.032489 0.000074 0.999472 0 0 0 0 1.000000 0.987517 0.154644 0.029935 0.615876 -0.154572 0.987970 -0.004712 -0.000485 -0.030304 0.000026 0.999541 0 0 0 0 1.000000 0.987940 0.152339 0.027702 0.615877 -0.152281 0.988328 -0.004179 -0.000485 -0.028015 -0.000090 0.999608 0 0 0 0 1.000000 0.987699 0.154331 0.025142 0.615876 -0.154287 0.988019 -0.003719 -0.000485 -0.025415 -0.000206 0.999677 0 0 0 0 1.000000 0.986887 0.159860 0.022317 0.615873 -0.159827 0.987140 -0.003304 -0.000484 -0.022559 -0.000307 0.999746 0.000000 0 0 0 1.000000 0.985571 0.168160 0.019286 0.615869 -0.168135 0.985760 -0.002907 -0.000483 -0.019500 -0.000378 0.999810 0.000000 0 0 0 1.000000 0.983815 0.178461 0.016107 0.615864 -0.178444 0.983947 -0.002505 -0.000483 -0.016295 -0.000409 0.999867 0.000000 0 0 0 1.000000 0.981700 0.190000 0.012837 0.615859 -0.189989 0.981784 -0.002081 -0.000481 -0.012998 -0.000396 0.999916 0.000000 0 0 0 1.000000 0.979336 0.202013 0.009535 0.615852 -0.202007 0.979383 -0.001621 -0.000480 -0.009666 -0.000339 0.999953 0.000000 0 0 0 1.000000 0.976869 0.213746 0.006257 0.615847 -0.213743 0.976889 -0.001120 -0.000479 -0.006352 -0.000244 0.999980 0 0 0 0 1.000000 0.974481 0.224451 0.003061 0.615842 -0.224450 0.974485 -0.000577 -0.000477 -0.003112 -0.000124 0.999995 0 0 0 0 1.000000 0.972384 0.233387 0.000001 0.615837 -0.233387 0.972384 0 -0.000477 -0.000001 0 1.000000 0 0 0 0 1.000000</float_array>
        <technique_common>
          <accessor source="#Bip01_Ponytail13_matrix_Bip01_Ponytail13_transform-output-array" count="71" stride="16">
            <param name="TRANSFORM" type="float4x4"/>
          </accessor>
        </technique_common>
      </source>
      <source id="Bip01_Ponytail13_matrix_Bip01_Ponytail13_transform-interpolations">
        <Name_array id="Bip01_Ponytail13_matrix_Bip01_Ponytail13_transform-interpolations-array" count="71">LINEAR LINEAR LINEAR LINEAR LINEAR LINEAR LINEAR LINEAR LINEAR LINEAR LINEAR LINEAR LINEAR LINEAR LINEAR LINEAR LINEAR LINEAR LINEAR LINEAR LINEAR LINEAR LINEAR LINEAR LINEAR LINEAR LINEAR LINEAR LINEAR LINEAR LINEAR LINEAR LINEAR LINEAR LINEAR LINEAR LINEAR LINEAR LINEAR LINEAR LINEAR LINEAR LINEAR LINEAR LINEAR LINEAR LINEAR LINEAR LINEAR LINEAR LINEAR LINEAR LINEAR LINEAR LINEAR LINEAR LINEAR LINEAR LINEAR LINEAR LINEAR LINEAR LINEAR LINEAR LINEAR LINEAR LINEAR LINEAR LINEAR LINEAR LINEAR</Name_array>
        <technique_common>
          <accessor source="#Bip01_Ponytail13_matrix_Bip01_Ponytail13_transform-interpolations-array" count="71" stride="1">
            <param name="INTERPOLATION" type="Name"/>
          </accessor>
        </technique_common>
      </source>
      <sampler id="Bip01_Ponytail13_matrix_Bip01_Ponytail13_transform-sampler">
        <input semantic="INPUT" source="#Bip01_Ponytail13_matrix_Bip01_Ponytail13_transform-input"/>
        <input semantic="OUTPUT" source="#Bip01_Ponytail13_matrix_Bip01_Ponytail13_transform-output"/>
        <input semantic="INTERPOLATION" source="#Bip01_Ponytail13_matrix_Bip01_Ponytail13_transform-interpolations"/>
      </sampler>
      <channel source="#Bip01_Ponytail13_matrix_Bip01_Ponytail13_transform-sampler" target="Bip01_Ponytail13/transform"/>
    </animation>
    <animation id="Bip01_Ponytail14_matrix">
      <source id="Bip01_Ponytail14_matrix_Bip01_Ponytail14_transform-input">
        <float_array id="Bip01_Ponytail14_matrix_Bip01_Ponytail14_transform-input-array" count="71">0 0.033333 0.066667 0.100000 0.133333 0.166667 0.200000 0.233333 0.266667 0.300000 0.333333 0.366667 0.400000 0.433333 0.466667 0.500000 0.533333 0.566667 0.600000 0.633333 0.666667 0.700000 0.733334 0.766667 0.800000 0.833334 0.866667 0.900000 0.933334 0.966667 1.000000 1.033334 1.066667 1.100000 1.133334 1.166667 1.200000 1.233333 1.266667 1.300000 1.333333 1.366667 1.400000 1.433333 1.466667 1.500000 1.533333 1.566666 1.600000 1.633333 1.666666 1.700000 1.733333 1.766666 1.800000 1.833333 1.866666 1.899999 1.933333 1.966666 1.999999 2.033333 2.066666 2.099999 2.133333 2.166666 2.199999 2.233333 2.266666 2.299999 2.333333</float_array>
        <technique_common>
          <accessor source="#Bip01_Ponytail14_matrix_Bip01_Ponytail14_transform-input-array" count="71" stride="1">
            <param name="TIME" type="float"/>
          </accessor>
        </technique_common>
        <technique profile="MAYA">
          <pre_infinity>CONSTANT</pre_infinity>
          <post_infinity>CONSTANT</post_infinity>
        </technique>
      </source>
      <source id="Bip01_Ponytail14_matrix_Bip01_Ponytail14_transform-output">
        <float_array id="Bip01_Ponytail14_matrix_Bip01_Ponytail14_transform-output-array" count="1136">0.991202 0.132356 0.000000 0.615887 -0.132356 0.991202 0 -0.000486 -0.000000 0 1.000000 0 0 0 0 1.000000 0.989651 0.143447 -0.003637 0.615881 -0.143445 0.989658 0.000758 -0.000486 0.003708 -0.000229 0.999993 0.000000 0 0 0 1.000000 0.987156 0.159588 -0.007358 0.615874 -0.159579 0.987184 0.001752 -0.000484 0.007544 -0.000555 0.999971 0.000000 0 0 0 1.000000 0.983864 0.178573 -0.011114 0.615864 -0.178552 0.983926 0.002924 -0.000483 0.011457 -0.000892 0.999934 0.000000 0 0 0 1.000000 0.980047 0.198212 -0.014858 0.615855 -0.198171 0.980158 0.004199 -0.000480 0.015395 -0.001171 0.999881 0.000001 0 0 0 1.000000 0.976141 0.216341 -0.018554 0.615846 -0.216276 0.976317 0.005484 -0.000479 0.019301 -0.001340 0.999813 0.000001 0 0 0 1.000000 0.972741 0.230831 -0.022175 0.615838 -0.230739 0.972993 0.006668 -0.000477 0.023116 -0.001370 0.999732 0.000001 0 0 0 1.000000 0.970536 0.239581 -0.025701 0.615834 -0.239463 0.970876 0.007625 -0.000476 0.026779 -0.001246 0.999641 0.000001 0 0 0 1.000000 0.970215 0.240491 -0.029112 0.615834 -0.240353 0.970651 0.008214 -0.000476 0.030233 -0.000972 0.999542 0.000000 0 0 0 1.000000 0.972313 0.231427 -0.032387 0.615838 -0.231280 0.972852 0.008279 -0.000477 0.033424 -0.000560 0.999441 0.000000 0 0 0 1.000000 0.977020 0.210174 -0.035483 0.615849 -0.210034 0.977664 0.007658 -0.000479 0.036300 -0.000029 0.999341 0 0 0 0 1.000000 0.983378 0.177416 -0.038610 0.615865 -0.177304 0.984136 0.006329 -0.000483 0.039120 0.000621 0.999234 -0.000000 0 0 0 1.000000 0.989921 0.135251 -0.042007 0.615886 -0.135187 0.990810 0.004361 -0.000486 0.042210 0.001362 0.999108 -0.000001 0 0 0 1.000000 0.995285 0.085674 -0.045463 0.615910 -0.085681 0.996321 0.001812 -0.000488 0.045451 0.002091 0.998964 -0.000001 0 0 0 1.000000 0.998360 0.029846 -0.048852 0.615937 -0.029944 0.999551 -0.001278 -0.000490 0.048791 0.002739 0.998805 -0.000001 0 0 0 1.000000 0.998172 -0.030726 -0.052034 0.615967 0.030515 0.999523 -0.004840 -0.000490 0.052158 0.003243 0.998634 -0.000002 0 0 0 1.000000 0.994017 -0.094430 -0.054886 0.615999 0.094089 0.995525 -0.008779 -0.000488 0.055470 0.003562 0.998454 -0.000002 0 0 0 1.000000 0.985518 -0.159595 -0.057305 0.616031 0.159109 0.987176 -0.012978 -0.000483 0.058641 0.003672 0.998272 -0.000002 0 0 0 1.000000 0.972665 -0.224535 -0.059213 0.616062 0.223896 0.974459 -0.017301 -0.000478 0.061586 0.003571 0.998095 -0.000002 0 0 0 1.000000 0.955829 -0.287616 -0.060564 0.616093 0.286823 0.957740 -0.021599 -0.000470 0.064217 0.003274 0.997931 -0.000002 0 0 0 1.000000 0.935742 -0.347310 -0.061341 0.616121 0.346369 0.937746 -0.025715 -0.000460 0.066453 0.002816 0.997786 -0.000001 0 0 0 1.000000 0.913460 -0.402246 -0.061556 0.616150 0.401169 0.915529 -0.029490 -0.000450 0.068219 0.002243 0.997668 -0.000001 0 0 0 1.000000 0.890446 -0.450947 -0.061251 0.616173 0.449759 0.892549 -0.032753 -0.000438 0.069439 0.001616 0.997585 -0.000001 0 0 0 1.000000 0.867772 -0.493270 -0.060470 0.616194 0.491998 0.869876 -0.035418 -0.000427 0.070072 0.000983 0.997541 -0.000001 0 0 0 1.000000 0.847474 -0.527514 -0.059293 0.616210 0.526194 0.849546 -0.037301 -0.000417 0.070049 0.000411 0.997543 -0.000000 0 0 0 1.000000 0.831021 -0.553231 -0.057784 0.616223 0.551903 0.833028 -0.038309 -0.000409 0.069330 -0.000056 0.997594 -0.000000 0 0 0 1.000000 0.817781 -0.572812 -0.055871 0.616233 0.571520 0.819687 -0.038458 -0.000402 0.067826 -0.000481 0.997697 0.000000 0 0 0 1.000000 0.806224 -0.589187 -0.053494 0.616241 0.587969 0.807996 -0.037874 -0.000396 0.065538 -0.000918 0.997850 0.000000 0 0 0 1.000000 0.796542 -0.602450 -0.050729 0.616247 0.601337 0.798155 -0.036630 -0.000392 0.062557 -0.001328 0.998040 0.000001 0 0 0 1.000000 0.788893 -0.612681 -0.047639 0.616252 0.611694 0.790329 -0.034806 -0.000389 0.058976 -0.001682 0.998258 0.000001 0 0 0 1.000000 0.783401 -0.619938 -0.044280 0.616256 0.619089 0.784649 -0.032489 -0.000385 0.054886 -0.001961 0.998491 0.000001 0 0 0 1.000000 0.780157 -0.624259 -0.040700 0.616259 0.623552 0.781215 -0.029767 -0.000383 0.050377 -0.002155 0.998728 0.000001 0 0 0 1.000000 0.779223 -0.625658 -0.036939 0.616259 0.625091 0.780094 -0.026733 -0.000383 0.045542 -0.002259 0.998960 0.000001 0 0 0 1.000000 0.780627 -0.624124 -0.033034 0.616258 0.623686 0.781322 -0.023484 -0.000383 0.040467 -0.002271 0.999178 0.000001 0 0 0 1.000000 0.784367 -0.619618 -0.029021 0.616256 0.619295 0.784900 -0.020115 -0.000385 0.035242 -0.002195 0.999376 0.000001 0 0 0 1.000000 0.790406 -0.612076 -0.024933 0.616252 0.611851 0.790796 -0.016725 -0.000388 0.029954 -0.002036 0.999549 0.000001 0 0 0 1.000000 0.798672 -0.601406 -0.020805 0.616247 0.601259 0.798941 -0.013414 -0.000392 0.024689 -0.001796 0.999694 0.000001 0 0 0 1.000000 0.809059 -0.587491 -0.016673 0.616240 0.587403 0.809229 -0.010279 -0.000398 0.019532 -0.001477 0.999808 0.000001 0 0 0 1.000000 0.821415 -0.570192 -0.012582 0.616232 0.570145 0.821511 -0.007420 -0.000402 0.014567 -0.001079 0.999893 0.000001 0 0 0 1.000000 0.835551 -0.549345 -0.008580 0.616221 0.549323 0.835595 -0.004932 -0.000409 0.009879 -0.000592 0.999951 0.000000 0 0 0 1.000000 0.851229 -0.524773 -0.004724 0.616208 0.524765 0.851242 -0.002907 -0.000417 0.005547 -0.000005 0.999985 0 0 0 0 1.000000 0.872179 -0.489187 -0.000677 0.616191 0.489186 0.872179 -0.001307 -0.000428 0.001230 0.000809 0.999999 -0.000000 0 0 0 1.000000 0.899493 -0.436919 0.003855 0.616165 0.436923 0.899499 -0.000130 -0.000441 -0.003411 0.001801 0.999993 -0.000001 0 0 0 1.000000 0.928832 -0.370397 0.008717 0.616134 0.370407 0.928869 0.000510 -0.000456 -0.008286 0.002756 0.999962 -0.000001 0 0 0 1.000000 0.955991 -0.293076 0.013700 0.616096 0.293097 0.956083 0.000543 -0.000469 -0.013257 0.003496 0.999906 -0.000002 0 0 0 1.000000 0.978158 -0.207018 0.018703 0.616052 0.207055 0.978329 -0.000040 -0.000480 -0.018289 0.003912 0.999825 -0.000002 0 0 0 1.000000 0.992740 -0.117977 0.023443 0.616009 0.118036 0.993008 -0.001174 -0.000488 -0.023140 0.003933 0.999724 -0.000002 0 0 0 1.000000 0.999163 -0.030030 0.027783 0.615967 0.030117 0.999543 -0.002730 -0.000490 -0.027689 0.003565 0.999610 -0.000002 0 0 0 1.000000 0.998139 0.052152 0.031596 0.615926 -0.052035 0.998635 -0.004522 -0.000490 -0.031789 0.002869 0.999491 -0.000001 0 0 0 1.000000 0.991659 0.124106 0.034797 0.615891 -0.123960 0.992267 -0.006321 -0.000487 -0.035312 0.001955 0.999374 -0.000001 0 0 0 1.000000 0.982635 0.181753 0.037346 0.615862 -0.181585 0.983344 -0.007879 -0.000482 -0.038156 0.000961 0.999271 -0.000000 0 0 0 1.000000 0.974393 0.221403 0.039231 0.615843 -0.221222 0.975183 -0.008942 -0.000477 -0.040238 0.000035 0.999190 0 0 0 0 1.000000 0.970079 0.239409 0.040372 0.615834 -0.239229 0.970918 -0.009312 -0.000476 -0.041428 -0.000625 0.999141 0.000000 0 0 0 1.000000 0.970499 0.237633 0.040770 0.615835 -0.237464 0.971354 -0.009019 -0.000477 -0.041745 -0.000928 0.999128 0.000000 0 0 0 1.000000 0.974515 0.220635 0.040514 0.615843 -0.220484 0.975356 -0.008203 -0.000478 -0.041325 -0.000939 0.999145 0.000000 0 0 0 1.000000 0.980426 0.192849 0.039678 0.615857 -0.192722 0.981228 -0.007031 -0.000481 -0.040289 -0.000754 0.999188 0.000000 0 0 0 1.000000 0.986574 0.158752 0.038342 0.615874 -0.158651 0.987318 -0.005682 -0.000484 -0.038758 -0.000477 0.999249 0.000000 0 0 0 1.000000 0.991739 0.122935 0.036603 0.615892 -0.122859 0.992415 -0.004329 -0.000486 -0.036857 -0.000204 0.999321 0.000000 0 0 0 1.000000 0.995332 0.090104 0.034580 0.615907 -0.090049 0.995932 -0.003122 -0.000488 -0.034721 -0.000006 0.999397 0 0 0 0 1.000000 0.997358 0.065016 0.032415 0.615919 -0.064979 0.997884 -0.002187 -0.000490 -0.032489 0.000074 0.999472 0 0 0 0 1.000000 0.998166 0.052429 0.030260 0.615926 -0.052405 0.998625 -0.001615 -0.000490 -0.030303 0.000026 0.999541 0 0 0 0 1.000000 0.998352 0.050099 0.027984 0.615927 -0.050082 0.998744 -0.001314 -0.000489 -0.028014 -0.000090 0.999608 0 0 0 0 1.000000 0.998318 0.052113 0.025391 0.615926 -0.052101 0.998641 -0.001119 -0.000490 -0.025414 -0.000206 0.999677 0 0 0 0 1.000000 0.998079 0.057703 0.022538 0.615923 -0.057696 0.998334 -0.000996 -0.000490 -0.022558 -0.000306 0.999746 0.000000 0 0 0 1.000000 0.997623 0.066100 0.019482 0.615919 -0.066095 0.997813 -0.000912 -0.000490 -0.019500 -0.000377 0.999810 0.000000 0 0 0 1.000000 0.996934 0.076534 0.016278 0.615914 -0.076530 0.997067 -0.000839 -0.000489 -0.016295 -0.000409 0.999867 0.000000 0 0 0 1.000000 0.996015 0.088233 0.012982 0.615908 -0.088231 0.996100 -0.000752 -0.000489 -0.012998 -0.000396 0.999915 0.000000 0 0 0 1.000000 0.994897 0.100430 0.009650 0.615902 -0.100428 0.994944 -0.000634 -0.000487 -0.009665 -0.000339 0.999953 0.000000 0 0 0 1.000000 0.993648 0.112357 0.006339 0.615896 -0.112356 0.993668 -0.000472 -0.000487 -0.006351 -0.000244 0.999980 0 0 0 0 1.000000 0.992371 0.123251 0.003103 0.615891 -0.123251 0.992376 -0.000260 -0.000487 -0.003112 -0.000124 0.999995 0 0 0 0 1.000000 0.991202 0.132356 0.000000 0.615887 -0.132356 0.991202 0 -0.000486 -0.000000 0 1.000000 0 0 0 0 1.000000</float_array>
        <technique_common>
          <accessor source="#Bip01_Ponytail14_matrix_Bip01_Ponytail14_transform-output-array" count="71" stride="16">
            <param name="TRANSFORM" type="float4x4"/>
          </accessor>
        </technique_common>
      </source>
      <source id="Bip01_Ponytail14_matrix_Bip01_Ponytail14_transform-interpolations">
        <Name_array id="Bip01_Ponytail14_matrix_Bip01_Ponytail14_transform-interpolations-array" count="71">LINEAR LINEAR LINEAR LINEAR LINEAR LINEAR LINEAR LINEAR LINEAR LINEAR LINEAR LINEAR LINEAR LINEAR LINEAR LINEAR LINEAR LINEAR LINEAR LINEAR LINEAR LINEAR LINEAR LINEAR LINEAR LINEAR LINEAR LINEAR LINEAR LINEAR LINEAR LINEAR LINEAR LINEAR LINEAR LINEAR LINEAR LINEAR LINEAR LINEAR LINEAR LINEAR LINEAR LINEAR LINEAR LINEAR LINEAR LINEAR LINEAR LINEAR LINEAR LINEAR LINEAR LINEAR LINEAR LINEAR LINEAR LINEAR LINEAR LINEAR LINEAR LINEAR LINEAR LINEAR LINEAR LINEAR LINEAR LINEAR LINEAR LINEAR LINEAR</Name_array>
        <technique_common>
          <accessor source="#Bip01_Ponytail14_matrix_Bip01_Ponytail14_transform-interpolations-array" count="71" stride="1">
            <param name="INTERPOLATION" type="Name"/>
          </accessor>
        </technique_common>
      </source>
      <sampler id="Bip01_Ponytail14_matrix_Bip01_Ponytail14_transform-sampler">
        <input semantic="INPUT" source="#Bip01_Ponytail14_matrix_Bip01_Ponytail14_transform-input"/>
        <input semantic="OUTPUT" source="#Bip01_Ponytail14_matrix_Bip01_Ponytail14_transform-output"/>
        <input semantic="INTERPOLATION" source="#Bip01_Ponytail14_matrix_Bip01_Ponytail14_transform-interpolations"/>
      </sampler>
      <channel source="#Bip01_Ponytail14_matrix_Bip01_Ponytail14_transform-sampler" target="Bip01_Ponytail14/transform"/>
    </animation>
    <animation id="Mimi_L_Bone_matrix">
      <source id="Mimi_L_Bone_matrix_Mimi_L_Bone_transform-input">
        <float_array id="Mimi_L_Bone_matrix_Mimi_L_Bone_transform-input-array" count="71">0 0.033333 0.066667 0.100000 0.133333 0.166667 0.200000 0.233333 0.266667 0.300000 0.333333 0.366667 0.400000 0.433333 0.466667 0.500000 0.533333 0.566667 0.600000 0.633333 0.666667 0.700000 0.733334 0.766667 0.800000 0.833334 0.866667 0.900000 0.933334 0.966667 1.000000 1.033334 1.066667 1.100000 1.133334 1.166667 1.200000 1.233333 1.266667 1.300000 1.333333 1.366667 1.400000 1.433333 1.466667 1.500000 1.533333 1.566666 1.600000 1.633333 1.666666 1.700000 1.733333 1.766666 1.800000 1.833333 1.866666 1.899999 1.933333 1.966666 1.999999 2.033333 2.066666 2.099999 2.133333 2.166666 2.199999 2.233333 2.266666 2.299999 2.333333</float_array>
        <technique_common>
          <accessor source="#Mimi_L_Bone_matrix_Mimi_L_Bone_transform-input-array" count="71" stride="1">
            <param name="TIME" type="float"/>
          </accessor>
        </technique_common>
        <technique profile="MAYA">
          <pre_infinity>CONSTANT</pre_infinity>
          <post_infinity>CONSTANT</post_infinity>
        </technique>
      </source>
      <source id="Mimi_L_Bone_matrix_Mimi_L_Bone_transform-output">
        <float_array id="Mimi_L_Bone_matrix_Mimi_L_Bone_transform-output-array" count="1136">0.181025 0.049655 0.982224 0.381765 -0.704595 -0.690220 0.164751 0.025698 0.686131 -0.721894 -0.089961 0.614096 0 0 0 1.000000 0.176255 0.048877 0.983130 0.381765 -0.707584 -0.688029 0.161061 0.025698 0.684294 -0.724035 -0.086684 0.614096 0 0 0 1.000000 0.163135 0.046928 0.985487 0.381765 -0.715510 -0.682104 0.150925 0.025698 0.679288 -0.729747 -0.077698 0.614096 0 0 0 1.000000 0.143342 0.044486 0.988673 0.381765 -0.726682 -0.673446 0.135660 0.025698 0.671853 -0.737897 -0.064206 0.614096 0 0 0 1.000000 0.118602 0.042207 0.992044 0.381765 -0.739404 -0.663087 0.116610 0.025698 0.662733 -0.747351 -0.047435 0.614096 0 0 0 1.000000 0.090840 0.040571 0.995039 0.381765 -0.752153 -0.652068 0.095253 0.025698 0.652698 -0.757074 -0.028718 0.614096 0 0 0 1.000000 0.062253 0.039797 0.997267 0.381765 -0.763714 -0.641383 0.073269 0.025698 0.642546 -0.766188 -0.009535 0.614096 0 0 0 1.000000 0.035305 0.039827 0.998583 0.381765 -0.773251 -0.631919 0.052541 0.025698 0.633116 -0.774010 0.008486 0.614096 0 0 0 1.000000 0.012654 0.040368 0.999105 0.381765 -0.780299 -0.624420 0.035112 0.025698 0.625278 -0.780045 0.023598 0.614096 0 0 0 1.000000 -0.002938 0.040994 0.999155 0.381765 -0.784658 -0.619498 0.023110 0.025698 0.619922 -0.783927 0.033986 0.614096 0 0 0 1.000000 -0.008727 0.041276 0.999110 0.381765 -0.786176 -0.617721 0.018653 0.025698 0.617941 -0.785313 0.037841 0.614096 0 0 0 1.000000 -0.004886 0.040890 0.999152 0.381765 -0.783659 -0.620816 0.021574 0.025698 0.621172 -0.782889 0.035077 0.614096 0 0 0 1.000000 0.005932 0.039905 0.999186 0.381765 -0.776412 -0.629523 0.029751 0.025698 0.630198 -0.775956 0.027249 0.614096 0 0 0 1.000000 0.022526 0.038748 0.998995 0.381765 -0.764723 -0.642977 0.042182 0.025698 0.643965 -0.764905 0.015148 0.614096 0 0 0 1.000000 0.043560 0.037955 0.998330 0.381765 -0.748783 -0.660293 0.057775 0.025698 0.661383 -0.750049 -0.000342 0.614096 0 0 0 1.000000 0.067645 0.038058 0.996983 0.381765 -0.728816 -0.680542 0.075428 0.025698 0.681360 -0.731720 -0.018298 0.614096 0 0 0 1.000000 0.093411 0.039482 0.994844 0.381765 -0.705186 -0.702749 0.094103 0.025698 0.702842 -0.710341 -0.037802 0.614096 0 0 0 1.000000 0.119589 0.042473 0.991915 0.381765 -0.678462 -0.725912 0.112881 0.025698 0.724837 -0.686475 -0.057994 0.614096 0 0 0 1.000000 0.145095 0.047046 0.988299 0.381765 -0.649440 -0.749043 0.131003 0.025698 0.746441 -0.660849 -0.078129 0.614096 0 0 0 1.000000 0.169103 0.052973 0.984174 0.381765 -0.619143 -0.771226 0.147894 0.025698 0.766855 -0.634354 -0.097619 0.614096 0 0 0 1.000000 0.191100 0.059793 0.979748 0.381765 -0.588769 -0.791664 0.163154 0.025698 0.785387 -0.608024 -0.116083 0.614096 0 0 0 1.000000 0.210910 0.066855 0.975217 0.381765 -0.559635 -0.809717 0.176542 0.025698 0.801452 -0.582999 -0.133363 0.614096 0 0 0 1.000000 0.238171 0.074820 0.968337 0.381765 -0.522819 -0.830366 0.192752 0.025698 0.818495 -0.552173 -0.158652 0.614096 0 0 0 1.000000 0.272008 0.086120 0.958433 0.381765 -0.473969 -0.854807 0.211324 0.025698 0.837475 -0.511750 -0.191697 0.614096 0 0 0 1.000000 0.300537 0.100088 0.948504 0.381765 -0.423423 -0.877105 0.226717 0.025698 0.854629 -0.469755 -0.221223 0.614096 0 0 0 1.000000 0.318278 0.112645 0.941281 0.381765 -0.383706 -0.892639 0.236568 0.025698 0.866873 -0.436470 -0.240885 0.614096 0 0 0 1.000000 0.324341 0.118054 0.938545 0.381765 -0.367701 -0.898420 0.240077 0.025698 0.871550 -0.422971 -0.247986 0.614096 0 0 0 1.000000 0.319663 0.112599 0.940817 0.381765 -0.382635 -0.893015 0.236886 0.025698 0.866837 -0.435714 -0.242379 0.614096 0 0 0 1.000000 0.305343 0.099913 0.946986 0.381765 -0.419796 -0.878503 0.228045 0.025698 0.854714 -0.467173 -0.226302 0.614096 0 0 0 1.000000 0.281120 0.085780 0.955831 0.381765 -0.467263 -0.857727 0.214403 0.025698 0.838234 -0.506898 -0.201042 0.614096 0 0 0 1.000000 0.250615 0.074764 0.965196 0.381765 -0.513062 -0.835223 0.197913 0.025698 0.820950 -0.544805 -0.170961 0.614096 0 0 0 1.000000 0.222965 0.068672 0.972404 0.381765 -0.546671 -0.817094 0.183052 0.025698 0.807116 -0.572400 -0.144642 0.614096 0 0 0 1.000000 0.210910 0.066855 0.975217 0.381765 -0.559635 -0.809717 0.176542 0.025698 0.801452 -0.582999 -0.133363 0.614096 0 0 0 1.000000 0.226642 0.069245 0.971514 0.381765 -0.543734 -0.818570 0.185190 0.025698 0.808076 -0.570217 -0.147871 0.614096 0 0 0 1.000000 0.260598 0.077172 0.962358 0.381765 -0.503990 -0.839325 0.203782 0.025698 0.823458 -0.538124 -0.179832 0.614096 0 0 0 1.000000 0.294375 0.090467 0.951398 0.381765 -0.453846 -0.862861 0.222474 0.025698 0.841051 -0.497279 -0.212947 0.614096 0 0 0 1.000000 0.316890 0.104458 0.942693 0.381765 -0.410260 -0.881027 0.235536 0.025698 0.855142 -0.461388 -0.236334 0.614096 0 0 0 1.000000 0.324749 0.111006 0.939264 0.381765 -0.391710 -0.888129 0.240395 0.025698 0.860873 -0.445987 -0.244937 0.614096 0 0 0 1.000000 0.324404 0.109058 0.939611 0.381765 -0.397261 -0.885777 0.239965 0.025698 0.858455 -0.451117 -0.244025 0.614096 0 0 0 1.000000 0.323065 0.103728 0.940675 0.381765 -0.412748 -0.879016 0.238683 0.025698 0.851627 -0.465372 -0.241166 0.614096 0 0 0 1.000000 0.319949 0.095894 0.942569 0.381765 -0.436417 -0.868117 0.236458 0.025698 0.840936 -0.487008 -0.235903 0.614096 0 0 0 1.000000 0.314126 0.086552 0.945428 0.381765 -0.466433 -0.853292 0.233093 0.025698 0.826901 -0.514200 -0.227671 0.614096 0 0 0 1.000000 0.304833 0.076761 0.949307 0.381765 -0.500831 -0.834885 0.228332 0.025698 0.810089 -0.545045 -0.216056 0.614096 0 0 0 1.000000 0.291713 0.067555 0.954117 0.381765 -0.537528 -0.813513 0.221945 0.025698 0.791181 -0.577609 -0.201000 0.614096 0 0 0 1.000000 0.274979 0.059808 0.959588 0.381765 -0.574415 -0.790136 0.213850 0.025698 0.770995 -0.610006 -0.182916 0.614096 0 0 0 1.000000 0.255480 0.054101 0.965299 0.381765 -0.609478 -0.766044 0.204240 0.025698 0.750511 -0.640508 -0.162736 0.614096 0 0 0 1.000000 0.234679 0.050616 0.970754 0.381765 -0.640925 -0.742770 0.193671 0.025698 0.730850 -0.667631 -0.141871 0.614096 0 0 0 1.000000 0.214534 0.049107 0.975481 0.381765 -0.667266 -0.721964 0.183094 0.025698 0.713254 -0.690186 -0.122119 0.614096 0 0 0 1.000000 0.197324 0.048968 0.979114 0.381765 -0.687315 -0.705263 0.173789 0.025698 0.699043 -0.707253 -0.105509 0.614096 0 0 0 1.000000 0.185419 0.049398 0.981417 0.381765 -0.700085 -0.694206 0.167208 0.025698 0.689566 -0.718079 -0.094136 0.614096 0 0 0 1.000000 0.181025 0.049655 0.982224 0.381765 -0.704595 -0.690220 0.164751 0.025698 0.686131 -0.721894 -0.089961 0.614096 0 0 0 1.000000 0.181025 0.049655 0.982224 0.381765 -0.704595 -0.690220 0.164751 0.025698 0.686131 -0.721894 -0.089961 0.614096 0 0 0 1.000000 0.181025 0.049655 0.982224 0.381765 -0.704595 -0.690220 0.164751 0.025698 0.686131 -0.721894 -0.089961 0.614096 0 0 0 1.000000 0.181025 0.049655 0.982224 0.381765 -0.704595 -0.690220 0.164751 0.025698 0.686131 -0.721894 -0.089961 0.614096 0 0 0 1.000000 0.181025 0.049655 0.982224 0.381765 -0.704595 -0.690220 0.164751 0.025698 0.686131 -0.721894 -0.089961 0.614096 0 0 0 1.000000 0.181025 0.049655 0.982224 0.381765 -0.704595 -0.690220 0.164751 0.025698 0.686131 -0.721894 -0.089961 0.614096 0 0 0 1.000000 0.181025 0.049655 0.982224 0.381765 -0.704595 -0.690220 0.164751 0.025698 0.686131 -0.721894 -0.089961 0.614096 0 0 0 1.000000 0.181025 0.049655 0.982224 0.381765 -0.704595 -0.690220 0.164751 0.025698 0.686131 -0.721894 -0.089961 0.614096 0 0 0 1.000000 0.181025 0.049655 0.982224 0.381765 -0.704595 -0.690220 0.164751 0.025698 0.686131 -0.721894 -0.089961 0.614096 0 0 0 1.000000 0.181025 0.049655 0.982224 0.381765 -0.704595 -0.690220 0.164751 0.025698 0.686131 -0.721894 -0.089961 0.614096 0 0 0 1.000000 0.181025 0.049655 0.982224 0.381765 -0.704595 -0.690220 0.164751 0.025698 0.686131 -0.721894 -0.089961 0.614096 0 0 0 1.000000 0.181025 0.049655 0.982224 0.381765 -0.704595 -0.690220 0.164751 0.025698 0.686131 -0.721894 -0.089961 0.614096 0 0 0 1.000000 0.181025 0.049655 0.982224 0.381765 -0.704595 -0.690220 0.164751 0.025698 0.686131 -0.721894 -0.089961 0.614096 0 0 0 1.000000 0.181025 0.049655 0.982224 0.381765 -0.704595 -0.690220 0.164751 0.025698 0.686131 -0.721894 -0.089961 0.614096 0 0 0 1.000000 0.181025 0.049655 0.982224 0.381765 -0.704595 -0.690220 0.164751 0.025698 0.686131 -0.721894 -0.089961 0.614096 0 0 0 1.000000 0.181025 0.049655 0.982224 0.381765 -0.704595 -0.690220 0.164751 0.025698 0.686131 -0.721894 -0.089961 0.614096 0 0 0 1.000000 0.181025 0.049655 0.982224 0.381765 -0.704595 -0.690220 0.164751 0.025698 0.686131 -0.721894 -0.089961 0.614096 0 0 0 1.000000 0.181025 0.049655 0.982224 0.381765 -0.704595 -0.690220 0.164751 0.025698 0.686131 -0.721894 -0.089961 0.614096 0 0 0 1.000000 0.181025 0.049655 0.982224 0.381765 -0.704595 -0.690220 0.164751 0.025698 0.686131 -0.721894 -0.089961 0.614096 0 0 0 1.000000 0.181025 0.049655 0.982224 0.381765 -0.704595 -0.690220 0.164751 0.025698 0.686131 -0.721894 -0.089961 0.614096 0 0 0 1.000000 0.181025 0.049655 0.982224 0.381765 -0.704595 -0.690220 0.164751 0.025698 0.686131 -0.721894 -0.089961 0.614096 0 0 0 1.000000</float_array>
        <technique_common>
          <accessor source="#Mimi_L_Bone_matrix_Mimi_L_Bone_transform-output-array" count="71" stride="16">
            <param name="TRANSFORM" type="float4x4"/>
          </accessor>
        </technique_common>
      </source>
      <source id="Mimi_L_Bone_matrix_Mimi_L_Bone_transform-interpolations">
        <Name_array id="Mimi_L_Bone_matrix_Mimi_L_Bone_transform-interpolations-array" count="71">LINEAR LINEAR LINEAR LINEAR LINEAR LINEAR LINEAR LINEAR LINEAR LINEAR LINEAR LINEAR LINEAR LINEAR LINEAR LINEAR LINEAR LINEAR LINEAR LINEAR LINEAR LINEAR LINEAR LINEAR LINEAR LINEAR LINEAR LINEAR LINEAR LINEAR LINEAR LINEAR LINEAR LINEAR LINEAR LINEAR LINEAR LINEAR LINEAR LINEAR LINEAR LINEAR LINEAR LINEAR LINEAR LINEAR LINEAR LINEAR LINEAR LINEAR LINEAR LINEAR LINEAR LINEAR LINEAR LINEAR LINEAR LINEAR LINEAR LINEAR LINEAR LINEAR LINEAR LINEAR LINEAR LINEAR LINEAR LINEAR LINEAR LINEAR LINEAR</Name_array>
        <technique_common>
          <accessor source="#Mimi_L_Bone_matrix_Mimi_L_Bone_transform-interpolations-array" count="71" stride="1">
            <param name="INTERPOLATION" type="Name"/>
          </accessor>
        </technique_common>
      </source>
      <sampler id="Mimi_L_Bone_matrix_Mimi_L_Bone_transform-sampler">
        <input semantic="INPUT" source="#Mimi_L_Bone_matrix_Mimi_L_Bone_transform-input"/>
        <input semantic="OUTPUT" source="#Mimi_L_Bone_matrix_Mimi_L_Bone_transform-output"/>
        <input semantic="INTERPOLATION" source="#Mimi_L_Bone_matrix_Mimi_L_Bone_transform-interpolations"/>
      </sampler>
      <channel source="#Mimi_L_Bone_matrix_Mimi_L_Bone_transform-sampler" target="Mimi_L_Bone/transform"/>
    </animation>
    <animation id="Mimi_R_Bone_matrix">
      <source id="Mimi_R_Bone_matrix_Mimi_R_Bone_transform-input">
        <float_array id="Mimi_R_Bone_matrix_Mimi_R_Bone_transform-input-array" count="71">0 0.033333 0.066667 0.100000 0.133333 0.166667 0.200000 0.233333 0.266667 0.300000 0.333333 0.366667 0.400000 0.433333 0.466667 0.500000 0.533333 0.566667 0.600000 0.633333 0.666667 0.700000 0.733334 0.766667 0.800000 0.833334 0.866667 0.900000 0.933334 0.966667 1.000000 1.033334 1.066667 1.100000 1.133334 1.166667 1.200000 1.233333 1.266667 1.300000 1.333333 1.366667 1.400000 1.433333 1.466667 1.500000 1.533333 1.566666 1.600000 1.633333 1.666666 1.700000 1.733333 1.766666 1.800000 1.833333 1.866666 1.899999 1.933333 1.966666 1.999999 2.033333 2.066666 2.099999 2.133333 2.166666 2.199999 2.233333 2.266666 2.299999 2.333333</float_array>
        <technique_common>
          <accessor source="#Mimi_R_Bone_matrix_Mimi_R_Bone_transform-input-array" count="71" stride="1">
            <param name="TIME" type="float"/>
          </accessor>
        </technique_common>
        <technique profile="MAYA">
          <pre_infinity>CONSTANT</pre_infinity>
          <post_infinity>CONSTANT</post_infinity>
        </technique>
      </source>
      <source id="Mimi_R_Bone_matrix_Mimi_R_Bone_transform-output">
        <float_array id="Mimi_R_Bone_matrix_Mimi_R_Bone_transform-output-array" count="1136">0.181024 -0.049656 0.982224 0.381764 -0.704592 0.690223 0.164751 0.025700 -0.686135 -0.721891 0.089960 -0.614104 0 0 0 1.000000 0.176255 -0.048879 0.983130 0.381764 -0.707581 0.688032 0.161062 0.025700 -0.684298 -0.724032 0.086683 -0.614104 0 0 0 1.000000 0.163134 -0.046929 0.985487 0.381764 -0.715508 0.682107 0.150925 0.025700 -0.679291 -0.729745 0.077697 -0.614104 0 0 0 1.000000 0.143342 -0.044488 0.988673 0.381764 -0.726679 0.673449 0.135661 0.025700 -0.671856 -0.737894 0.064205 -0.614104 0 0 0 1.000000 0.118601 -0.042209 0.992045 0.381764 -0.739401 0.663090 0.116610 0.025700 -0.662737 -0.747349 0.047434 -0.614104 0 0 0 1.000000 0.090839 -0.040572 0.995039 0.381764 -0.752150 0.652071 0.095253 0.025700 -0.652701 -0.757071 0.028717 -0.614104 0 0 0 1.000000 0.062253 -0.039798 0.997267 0.381764 -0.763711 0.641386 0.073270 0.025700 -0.642549 -0.766185 0.009534 -0.614104 0 0 0 1.000000 0.035304 -0.039828 0.998583 0.381764 -0.773249 0.631922 0.052542 0.025700 -0.633119 -0.774008 -0.008487 -0.614104 0 0 0 1.000000 0.012654 -0.040370 0.999105 0.381764 -0.780297 0.624423 0.035113 0.025700 -0.625281 -0.780043 -0.023599 -0.614104 0 0 0 1.000000 -0.002939 -0.040995 0.999155 0.381764 -0.784655 0.619501 0.023110 0.025700 -0.619925 -0.783924 -0.033988 -0.614104 0 0 0 1.000000 -0.008727 -0.041277 0.999110 0.381764 -0.786173 0.617725 0.018653 0.025700 -0.617944 -0.785310 -0.037842 -0.614104 0 0 0 1.000000 -0.004887 -0.040891 0.999152 0.381764 -0.783656 0.620820 0.021575 0.025700 -0.621175 -0.782886 -0.035078 -0.614104 0 0 0 1.000000 0.005932 -0.039907 0.999186 0.381764 -0.776409 0.629526 0.029752 0.025700 -0.630201 -0.775954 -0.027250 -0.614104 0 0 0 1.000000 0.022525 -0.038749 0.998995 0.381764 -0.764720 0.642980 0.042183 0.025700 -0.643968 -0.764902 -0.015149 -0.614104 0 0 0 1.000000 0.043560 -0.037956 0.998330 0.381764 -0.748780 0.660296 0.057776 0.025700 -0.661386 -0.750046 0.000341 -0.614104 0 0 0 1.000000 0.067645 -0.038059 0.996983 0.381764 -0.728813 0.680545 0.075429 0.025700 -0.681363 -0.731717 0.018297 -0.614104 0 0 0 1.000000 0.093410 -0.039484 0.994845 0.381764 -0.705183 0.702752 0.094104 0.025700 -0.702845 -0.710338 0.037801 -0.614104 0 0 0 1.000000 0.119588 -0.042475 0.991915 0.381764 -0.678458 0.725915 0.112881 0.025700 -0.724840 -0.686472 0.057993 -0.614104 0 0 0 1.000000 0.145094 -0.047048 0.988299 0.381764 -0.649437 0.749046 0.131004 0.025700 -0.746444 -0.660846 0.078128 -0.614104 0 0 0 1.000000 0.169103 -0.052975 0.984174 0.381764 -0.619140 0.771228 0.147894 0.025700 -0.766857 -0.634350 0.097618 -0.614104 0 0 0 1.000000 0.191100 -0.059795 0.979748 0.381764 -0.588765 0.791667 0.163155 0.025700 -0.785389 -0.608020 0.116082 -0.614104 0 0 0 1.000000 0.210909 -0.066857 0.975217 0.381764 -0.559631 0.809720 0.176542 0.025700 -0.801455 -0.582996 0.133362 -0.614104 0 0 0 1.000000 0.238171 -0.074822 0.968337 0.381764 -0.522815 0.830368 0.192752 0.025700 -0.818498 -0.552169 0.158651 -0.614104 0 0 0 1.000000 0.272008 -0.086122 0.958434 0.381764 -0.473965 0.854809 0.211324 0.025700 -0.837478 -0.511746 0.191696 -0.614104 0 0 0 1.000000 0.300536 -0.100089 0.948504 0.381764 -0.423419 0.877107 0.226717 0.025700 -0.854631 -0.469751 0.221222 -0.614104 0 0 0 1.000000 0.318278 -0.112646 0.941281 0.381764 -0.383702 0.892641 0.236567 0.025700 -0.866875 -0.436466 0.240885 -0.614104 0 0 0 1.000000 0.324340 -0.118055 0.938545 0.381764 -0.367697 0.898422 0.240076 0.025700 -0.871552 -0.422967 0.247986 -0.614104 0 0 0 1.000000 0.319662 -0.112600 0.940818 0.381764 -0.382631 0.893017 0.236885 0.025700 -0.866839 -0.435709 0.242379 -0.614104 0 0 0 1.000000 0.305343 -0.099914 0.946986 0.381764 -0.419792 0.878505 0.228045 0.025700 -0.854717 -0.467169 0.226302 -0.614104 0 0 0 1.000000 0.281119 -0.085782 0.955831 0.381764 -0.467260 0.857729 0.214403 0.025700 -0.838237 -0.506894 0.201042 -0.614104 0 0 0 1.000000 0.250614 -0.074765 0.965196 0.381764 -0.513058 0.835225 0.197914 0.025700 -0.820953 -0.544802 0.170960 -0.614104 0 0 0 1.000000 0.222965 -0.068674 0.972405 0.381764 -0.546668 0.817096 0.183053 0.025700 -0.807119 -0.572396 0.144642 -0.614104 0 0 0 1.000000 0.210909 -0.066857 0.975217 0.381764 -0.559631 0.809720 0.176542 0.025700 -0.801455 -0.582996 0.133362 -0.614104 0 0 0 1.000000 0.226641 -0.069247 0.971514 0.381764 -0.543731 0.818573 0.185191 0.025700 -0.808078 -0.570214 0.147871 -0.614104 0 0 0 1.000000 0.260597 -0.077174 0.962358 0.381764 -0.503986 0.839327 0.203782 0.025700 -0.823460 -0.538121 0.179832 -0.614104 0 0 0 1.000000 0.294375 -0.090469 0.951398 0.381764 -0.453842 0.862863 0.222474 0.025700 -0.841054 -0.497275 0.212947 -0.614104 0 0 0 1.000000 0.316889 -0.104459 0.942693 0.381764 -0.410256 0.881029 0.235536 0.025700 -0.855144 -0.461384 0.236334 -0.614104 0 0 0 1.000000 0.324748 -0.111007 0.939264 0.381764 -0.391706 0.888131 0.240395 0.025700 -0.860875 -0.445983 0.244936 -0.614104 0 0 0 1.000000 0.324403 -0.109059 0.939611 0.381764 -0.397257 0.885778 0.239965 0.025700 -0.858458 -0.451112 0.244024 -0.614104 0 0 0 1.000000 0.323064 -0.103729 0.940675 0.381764 -0.412744 0.879018 0.238683 0.025700 -0.851629 -0.465368 0.241166 -0.614104 0 0 0 1.000000 0.319948 -0.095896 0.942570 0.381764 -0.436413 0.868119 0.236458 0.025700 -0.840938 -0.487004 0.235903 -0.614104 0 0 0 1.000000 0.314126 -0.086553 0.945428 0.381764 -0.466429 0.853294 0.233093 0.025700 -0.826903 -0.514196 0.227671 -0.614104 0 0 0 1.000000 0.304833 -0.076763 0.949307 0.381764 -0.500827 0.834887 0.228332 0.025700 -0.810092 -0.545042 0.216056 -0.614104 0 0 0 1.000000 0.291713 -0.067556 0.954117 0.381764 -0.537524 0.813516 0.221945 0.025700 -0.791183 -0.577605 0.201000 -0.614104 0 0 0 1.000000 0.274978 -0.059809 0.959588 0.381764 -0.574411 0.790139 0.213850 0.025700 -0.770998 -0.610003 0.182916 -0.614104 0 0 0 1.000000 0.255479 -0.054102 0.965300 0.381764 -0.609474 0.766046 0.204240 0.025700 -0.750514 -0.640504 0.162735 -0.614104 0 0 0 1.000000 0.234678 -0.050617 0.970755 0.381764 -0.640921 0.742773 0.193671 0.025700 -0.730853 -0.667628 0.141871 -0.614104 0 0 0 1.000000 0.214534 -0.049109 0.975481 0.381764 -0.667263 0.721967 0.183095 0.025700 -0.713257 -0.690183 0.122118 -0.614104 0 0 0 1.000000 0.197324 -0.048970 0.979115 0.381764 -0.687312 0.705266 0.173789 0.025700 -0.699046 -0.707250 0.105508 -0.614104 0 0 0 1.000000 0.185418 -0.049399 0.981417 0.381764 -0.700082 0.694209 0.167209 0.025700 -0.689569 -0.718076 0.094135 -0.614104 0 0 0 1.000000 0.181024 -0.049656 0.982224 0.381764 -0.704592 0.690223 0.164751 0.025700 -0.686135 -0.721891 0.089960 -0.614104 0 0 0 1.000000 0.181024 -0.049656 0.982224 0.381764 -0.704592 0.690223 0.164751 0.025700 -0.686135 -0.721891 0.089960 -0.614104 0 0 0 1.000000 0.181024 -0.049656 0.982224 0.381764 -0.704592 0.690223 0.164751 0.025700 -0.686135 -0.721891 0.089960 -0.614104 0 0 0 1.000000 0.181024 -0.049656 0.982224 0.381764 -0.704592 0.690223 0.164751 0.025700 -0.686135 -0.721891 0.089960 -0.614104 0 0 0 1.000000 0.181024 -0.049656 0.982224 0.381764 -0.704592 0.690223 0.164751 0.025700 -0.686135 -0.721891 0.089960 -0.614104 0 0 0 1.000000 0.181024 -0.049656 0.982224 0.381764 -0.704592 0.690223 0.164751 0.025700 -0.686135 -0.721891 0.089960 -0.614104 0 0 0 1.000000 0.181024 -0.049656 0.982224 0.381764 -0.704592 0.690223 0.164751 0.025700 -0.686135 -0.721891 0.089960 -0.614104 0 0 0 1.000000 0.181024 -0.049656 0.982224 0.381764 -0.704592 0.690223 0.164751 0.025700 -0.686135 -0.721891 0.089960 -0.614104 0 0 0 1.000000 0.181024 -0.049656 0.982224 0.381764 -0.704592 0.690223 0.164751 0.025700 -0.686135 -0.721891 0.089960 -0.614104 0 0 0 1.000000 0.181024 -0.049656 0.982224 0.381764 -0.704592 0.690223 0.164751 0.025700 -0.686135 -0.721891 0.089960 -0.614104 0 0 0 1.000000 0.181024 -0.049656 0.982224 0.381764 -0.704592 0.690223 0.164751 0.025700 -0.686135 -0.721891 0.089960 -0.614104 0 0 0 1.000000 0.181024 -0.049656 0.982224 0.381764 -0.704592 0.690223 0.164751 0.025700 -0.686135 -0.721891 0.089960 -0.614104 0 0 0 1.000000 0.181024 -0.049656 0.982224 0.381764 -0.704592 0.690223 0.164751 0.025700 -0.686135 -0.721891 0.089960 -0.614104 0 0 0 1.000000 0.181024 -0.049656 0.982224 0.381764 -0.704592 0.690223 0.164751 0.025700 -0.686135 -0.721891 0.089960 -0.614104 0 0 0 1.000000 0.181024 -0.049656 0.982224 0.381764 -0.704592 0.690223 0.164751 0.025700 -0.686135 -0.721891 0.089960 -0.614104 0 0 0 1.000000 0.181024 -0.049656 0.982224 0.381764 -0.704592 0.690223 0.164751 0.025700 -0.686135 -0.721891 0.089960 -0.614104 0 0 0 1.000000 0.181024 -0.049656 0.982224 0.381764 -0.704592 0.690223 0.164751 0.025700 -0.686135 -0.721891 0.089960 -0.614104 0 0 0 1.000000 0.181024 -0.049656 0.982224 0.381764 -0.704592 0.690223 0.164751 0.025700 -0.686135 -0.721891 0.089960 -0.614104 0 0 0 1.000000 0.181024 -0.049656 0.982224 0.381764 -0.704592 0.690223 0.164751 0.025700 -0.686135 -0.721891 0.089960 -0.614104 0 0 0 1.000000 0.181024 -0.049656 0.982224 0.381764 -0.704592 0.690223 0.164751 0.025700 -0.686135 -0.721891 0.089960 -0.614104 0 0 0 1.000000 0.181024 -0.049656 0.982224 0.381764 -0.704592 0.690223 0.164751 0.025700 -0.686135 -0.721891 0.089960 -0.614104 0 0 0 1.000000</float_array>
        <technique_common>
          <accessor source="#Mimi_R_Bone_matrix_Mimi_R_Bone_transform-output-array" count="71" stride="16">
            <param name="TRANSFORM" type="float4x4"/>
          </accessor>
        </technique_common>
      </source>
      <source id="Mimi_R_Bone_matrix_Mimi_R_Bone_transform-interpolations">
        <Name_array id="Mimi_R_Bone_matrix_Mimi_R_Bone_transform-interpolations-array" count="71">LINEAR LINEAR LINEAR LINEAR LINEAR LINEAR LINEAR LINEAR LINEAR LINEAR LINEAR LINEAR LINEAR LINEAR LINEAR LINEAR LINEAR LINEAR LINEAR LINEAR LINEAR LINEAR LINEAR LINEAR LINEAR LINEAR LINEAR LINEAR LINEAR LINEAR LINEAR LINEAR LINEAR LINEAR LINEAR LINEAR LINEAR LINEAR LINEAR LINEAR LINEAR LINEAR LINEAR LINEAR LINEAR LINEAR LINEAR LINEAR LINEAR LINEAR LINEAR LINEAR LINEAR LINEAR LINEAR LINEAR LINEAR LINEAR LINEAR LINEAR LINEAR LINEAR LINEAR LINEAR LINEAR LINEAR LINEAR LINEAR LINEAR LINEAR LINEAR</Name_array>
        <technique_common>
          <accessor source="#Mimi_R_Bone_matrix_Mimi_R_Bone_transform-interpolations-array" count="71" stride="1">
            <param name="INTERPOLATION" type="Name"/>
          </accessor>
        </technique_common>
      </source>
      <sampler id="Mimi_R_Bone_matrix_Mimi_R_Bone_transform-sampler">
        <input semantic="INPUT" source="#Mimi_R_Bone_matrix_Mimi_R_Bone_transform-input"/>
        <input semantic="OUTPUT" source="#Mimi_R_Bone_matrix_Mimi_R_Bone_transform-output"/>
        <input semantic="INTERPOLATION" source="#Mimi_R_Bone_matrix_Mimi_R_Bone_transform-interpolations"/>
      </sampler>
      <channel source="#Mimi_R_Bone_matrix_Mimi_R_Bone_transform-sampler" target="Mimi_R_Bone/transform"/>
    </animation>
    <animation id="Bip01_L_Clavicle_matrix">
      <source id="Bip01_L_Clavicle_matrix_Bip01_L_Clavicle_transform-input">
        <float_array id="Bip01_L_Clavicle_matrix_Bip01_L_Clavicle_transform-input-array" count="71">0 0.033333 0.066667 0.100000 0.133333 0.166667 0.200000 0.233333 0.266667 0.300000 0.333333 0.366667 0.400000 0.433333 0.466667 0.500000 0.533333 0.566667 0.600000 0.633333 0.666667 0.700000 0.733334 0.766667 0.800000 0.833334 0.866667 0.900000 0.933334 0.966667 1.000000 1.033334 1.066667 1.100000 1.133334 1.166667 1.200000 1.233333 1.266667 1.300000 1.333333 1.366667 1.400000 1.433333 1.466667 1.500000 1.533333 1.566666 1.600000 1.633333 1.666666 1.700000 1.733333 1.766666 1.800000 1.833333 1.866666 1.899999 1.933333 1.966666 1.999999 2.033333 2.066666 2.099999 2.133333 2.166666 2.199999 2.233333 2.266666 2.299999 2.333333</float_array>
        <technique_common>
          <accessor source="#Bip01_L_Clavicle_matrix_Bip01_L_Clavicle_transform-input-array" count="71" stride="1">
            <param name="TIME" type="float"/>
          </accessor>
        </technique_common>
        <technique profile="MAYA">
          <pre_infinity>CONSTANT</pre_infinity>
          <post_infinity>CONSTANT</post_infinity>
        </technique>
      </source>
      <source id="Bip01_L_Clavicle_matrix_Bip01_L_Clavicle_transform-output">
        <float_array id="Bip01_L_Clavicle_matrix_Bip01_L_Clavicle_transform-output-array" count="1136">-0.383638 -0.000254 0.923484 -0.269566 0.875340 -0.318765 0.363550 -0.073129 0.294282 0.947834 0.122512 0.228309 0 0 0 1.000000 -0.383638 -0.000254 0.923484 -0.269566 0.875340 -0.318765 0.363550 -0.073129 0.294282 0.947834 0.122512 0.228309 0 0 0 1.000000 -0.383638 -0.000254 0.923484 -0.269566 0.875340 -0.318765 0.363550 -0.073129 0.294282 0.947834 0.122512 0.228309 0 0 0 1.000000 -0.383638 -0.000254 0.923484 -0.269566 0.875340 -0.318765 0.363550 -0.073129 0.294282 0.947834 0.122512 0.228309 0 0 0 1.000000 -0.383638 -0.000254 0.923483 -0.269566 0.875340 -0.318765 0.363550 -0.073129 0.294282 0.947834 0.122512 0.228309 0 0 0 1.000000 -0.383638 -0.000254 0.923484 -0.269566 0.875340 -0.318765 0.363550 -0.073129 0.294282 0.947834 0.122512 0.228309 0 0 0 1.000000 -0.383638 -0.000254 0.923484 -0.269566 0.875340 -0.318765 0.363550 -0.073129 0.294282 0.947834 0.122512 0.228309 0 0 0 1.000000 -0.383638 -0.000254 0.923483 -0.269566 0.875340 -0.318765 0.363550 -0.073129 0.294282 0.947834 0.122512 0.228309 0 0 0 1.000000 -0.383638 -0.000254 0.923484 -0.269566 0.875340 -0.318765 0.363550 -0.073129 0.294282 0.947834 0.122512 0.228309 0 0 0 1.000000 -0.383638 -0.000254 0.923484 -0.269566 0.875340 -0.318765 0.363550 -0.073129 0.294282 0.947834 0.122512 0.228309 0 0 0 1.000000 -0.383638 -0.000254 0.923484 -0.269566 0.875340 -0.318765 0.363550 -0.073130 0.294282 0.947834 0.122512 0.228309 0 0 0 1.000000 -0.383638 -0.000254 0.923484 -0.269566 0.875340 -0.318765 0.363550 -0.073130 0.294282 0.947834 0.122512 0.228309 0 0 0 1.000000 -0.383638 -0.000254 0.923484 -0.269566 0.875340 -0.318765 0.363550 -0.073129 0.294282 0.947834 0.122512 0.228309 0 0 0 1.000000 -0.383638 -0.000254 0.923484 -0.269566 0.875340 -0.318765 0.363550 -0.073129 0.294282 0.947834 0.122512 0.228309 0 0 0 1.000000 -0.383638 -0.000254 0.923484 -0.269566 0.875340 -0.318765 0.363550 -0.073129 0.294282 0.947834 0.122512 0.228309 0 0 0 1.000000 -0.383638 -0.000254 0.923484 -0.269566 0.875340 -0.318765 0.363550 -0.073129 0.294282 0.947834 0.122512 0.228309 0 0 0 1.000000 -0.383638 -0.000254 0.923484 -0.269566 0.875340 -0.318765 0.363550 -0.073129 0.294282 0.947834 0.122512 0.228309 0 0 0 1.000000 -0.383638 -0.000254 0.923484 -0.269566 0.875340 -0.318765 0.363550 -0.073129 0.294282 0.947834 0.122512 0.228309 0 0 0 1.000000 -0.383638 -0.000254 0.923484 -0.269566 0.875340 -0.318765 0.363550 -0.073129 0.294282 0.947834 0.122512 0.228309 0 0 0 1.000000 -0.383638 -0.000254 0.923484 -0.269566 0.875340 -0.318765 0.363550 -0.073129 0.294282 0.947834 0.122512 0.228309 0 0 0 1.000000 -0.383638 -0.000254 0.923483 -0.269566 0.875340 -0.318765 0.363550 -0.073129 0.294282 0.947834 0.122512 0.228309 0 0 0 1.000000 -0.383638 -0.000254 0.923484 -0.269566 0.875340 -0.318765 0.363550 -0.073129 0.294282 0.947834 0.122512 0.228309 0 0 0 1.000000 -0.383638 -0.000254 0.923484 -0.269566 0.875340 -0.318765 0.363550 -0.073129 0.294282 0.947834 0.122512 0.228309 0 0 0 1.000000 -0.383638 -0.000254 0.923484 -0.269566 0.875340 -0.318765 0.363550 -0.073129 0.294282 0.947834 0.122512 0.228309 0 0 0 1.000000 -0.383638 -0.000254 0.923484 -0.269566 0.875340 -0.318765 0.363550 -0.073129 0.294282 0.947834 0.122512 0.228309 0 0 0 1.000000 -0.383638 -0.000254 0.923483 -0.269566 0.875340 -0.318765 0.363550 -0.073129 0.294282 0.947834 0.122512 0.228309 0 0 0 1.000000 -0.383638 -0.000254 0.923484 -0.269566 0.875340 -0.318765 0.363550 -0.073129 0.294282 0.947834 0.122512 0.228309 0 0 0 1.000000 -0.383638 -0.000254 0.923484 -0.269566 0.875340 -0.318765 0.363550 -0.073129 0.294282 0.947834 0.122512 0.228309 0 0 0 1.000000 -0.383638 -0.000254 0.923484 -0.269566 0.875340 -0.318765 0.363550 -0.073129 0.294282 0.947834 0.122512 0.228309 0 0 0 1.000000 -0.383638 -0.000254 0.923483 -0.269566 0.875340 -0.318765 0.363550 -0.073129 0.294282 0.947834 0.122512 0.228309 0 0 0 1.000000 -0.383638 -0.000254 0.923484 -0.269566 0.875340 -0.318765 0.363550 -0.073129 0.294282 0.947834 0.122512 0.228309 0 0 0 1.000000 -0.383638 -0.000254 0.923484 -0.269566 0.875340 -0.318765 0.363550 -0.073129 0.294282 0.947834 0.122512 0.228309 0 0 0 1.000000 -0.383638 -0.000254 0.923484 -0.269566 0.875340 -0.318765 0.363550 -0.073129 0.294282 0.947834 0.122512 0.228309 0 0 0 1.000000 -0.383638 -0.000254 0.923484 -0.269566 0.875340 -0.318765 0.363550 -0.073129 0.294282 0.947834 0.122512 0.228309 0 0 0 1.000000 -0.383638 -0.000254 0.923484 -0.269566 0.875340 -0.318765 0.363550 -0.073129 0.294282 0.947834 0.122512 0.228309 0 0 0 1.000000 -0.383638 -0.000254 0.923484 -0.269566 0.875340 -0.318765 0.363550 -0.073129 0.294282 0.947834 0.122512 0.228309 0 0 0 1.000000 -0.383638 -0.000254 0.923484 -0.269566 0.875340 -0.318765 0.363550 -0.073129 0.294282 0.947834 0.122512 0.228309 0 0 0 1.000000 -0.383638 -0.000254 0.923484 -0.269566 0.875340 -0.318765 0.363550 -0.073129 0.294282 0.947834 0.122512 0.228309 0 0 0 1.000000 -0.383638 -0.000254 0.923484 -0.269566 0.875340 -0.318765 0.363550 -0.073129 0.294282 0.947834 0.122512 0.228309 0 0 0 1.000000 -0.383638 -0.000254 0.923484 -0.269566 0.875340 -0.318765 0.363550 -0.073129 0.294282 0.947834 0.122512 0.228309 0 0 0 1.000000 -0.383638 -0.000254 0.923484 -0.269566 0.875340 -0.318765 0.363550 -0.073129 0.294282 0.947834 0.122512 0.228309 0 0 0 1.000000 -0.383638 -0.000254 0.923483 -0.269566 0.875340 -0.318765 0.363550 -0.073129 0.294282 0.947834 0.122512 0.228309 0 0 0 1.000000 -0.383638 -0.000254 0.923484 -0.269566 0.875340 -0.318765 0.363550 -0.073129 0.294282 0.947834 0.122512 0.228309 0 0 0 1.000000 -0.383638 -0.000254 0.923484 -0.269566 0.875340 -0.318765 0.363550 -0.073129 0.294282 0.947834 0.122512 0.228309 0 0 0 1.000000 -0.383638 -0.000254 0.923484 -0.269566 0.875340 -0.318765 0.363550 -0.073129 0.294282 0.947834 0.122512 0.228309 0 0 0 1.000000 -0.383638 -0.000254 0.923484 -0.269566 0.875340 -0.318765 0.363550 -0.073129 0.294282 0.947834 0.122512 0.228309 0 0 0 1.000000 -0.383638 -0.000254 0.923484 -0.269566 0.875340 -0.318765 0.363550 -0.073130 0.294282 0.947834 0.122512 0.228309 0 0 0 1.000000 -0.383638 -0.000254 0.923484 -0.269566 0.875340 -0.318765 0.363550 -0.073129 0.294282 0.947834 0.122512 0.228309 0 0 0 1.000000 -0.383638 -0.000254 0.923484 -0.269566 0.875340 -0.318765 0.363550 -0.073129 0.294282 0.947834 0.122512 0.228309 0 0 0 1.000000 -0.383638 -0.000254 0.923484 -0.269566 0.875340 -0.318765 0.363550 -0.073129 0.294282 0.947834 0.122512 0.228309 0 0 0 1.000000 -0.383638 -0.000254 0.923484 -0.269566 0.875340 -0.318765 0.363550 -0.073129 0.294282 0.947834 0.122512 0.228309 0 0 0 1.000000 -0.383638 -0.000254 0.923484 -0.269566 0.875340 -0.318765 0.363550 -0.073129 0.294282 0.947834 0.122512 0.228309 0 0 0 1.000000 -0.383638 -0.000254 0.923483 -0.269566 0.875340 -0.318765 0.363550 -0.073129 0.294282 0.947834 0.122512 0.228309 0 0 0 1.000000 -0.383638 -0.000254 0.923484 -0.269566 0.875340 -0.318765 0.363550 -0.073129 0.294282 0.947834 0.122512 0.228309 0 0 0 1.000000 -0.383638 -0.000254 0.923484 -0.269566 0.875340 -0.318765 0.363550 -0.073129 0.294282 0.947834 0.122512 0.228309 0 0 0 1.000000 -0.383638 -0.000254 0.923484 -0.269566 0.875340 -0.318765 0.363550 -0.073129 0.294282 0.947834 0.122512 0.228309 0 0 0 1.000000 -0.383638 -0.000254 0.923484 -0.269566 0.875340 -0.318765 0.363550 -0.073129 0.294282 0.947834 0.122512 0.228309 0 0 0 1.000000 -0.383638 -0.000254 0.923484 -0.269566 0.875340 -0.318765 0.363550 -0.073129 0.294282 0.947834 0.122512 0.228309 0 0 0 1.000000 -0.383638 -0.000254 0.923484 -0.269566 0.875340 -0.318765 0.363550 -0.073129 0.294282 0.947834 0.122512 0.228309 0 0 0 1.000000 -0.383638 -0.000254 0.923484 -0.269566 0.875340 -0.318765 0.363550 -0.073130 0.294282 0.947834 0.122512 0.228309 0 0 0 1.000000 -0.383638 -0.000254 0.923484 -0.269566 0.875340 -0.318765 0.363550 -0.073129 0.294282 0.947834 0.122512 0.228309 0 0 0 1.000000 -0.383638 -0.000254 0.923484 -0.269566 0.875340 -0.318765 0.363550 -0.073130 0.294282 0.947834 0.122512 0.228309 0 0 0 1.000000 -0.383638 -0.000254 0.923484 -0.269566 0.875340 -0.318765 0.363550 -0.073129 0.294282 0.947834 0.122512 0.228309 0 0 0 1.000000 -0.383638 -0.000254 0.923483 -0.269566 0.875340 -0.318765 0.363550 -0.073129 0.294282 0.947834 0.122512 0.228309 0 0 0 1.000000 -0.383638 -0.000254 0.923484 -0.269566 0.875340 -0.318765 0.363550 -0.073130 0.294282 0.947834 0.122512 0.228309 0 0 0 1.000000 -0.383638 -0.000254 0.923484 -0.269566 0.875340 -0.318765 0.363550 -0.073129 0.294282 0.947834 0.122512 0.228309 0 0 0 1.000000 -0.383638 -0.000254 0.923484 -0.269566 0.875340 -0.318765 0.363550 -0.073129 0.294282 0.947834 0.122512 0.228309 0 0 0 1.000000 -0.383638 -0.000254 0.923484 -0.269566 0.875340 -0.318765 0.363550 -0.073129 0.294282 0.947834 0.122512 0.228309 0 0 0 1.000000 -0.383638 -0.000254 0.923484 -0.269566 0.875340 -0.318765 0.363550 -0.073129 0.294282 0.947834 0.122512 0.228309 0 0 0 1.000000 -0.383638 -0.000254 0.923484 -0.269566 0.875340 -0.318765 0.363550 -0.073129 0.294282 0.947834 0.122512 0.228309 0 0 0 1.000000 -0.383638 -0.000254 0.923484 -0.269566 0.875340 -0.318765 0.363550 -0.073129 0.294282 0.947834 0.122512 0.228309 0 0 0 1.000000</float_array>
        <technique_common>
          <accessor source="#Bip01_L_Clavicle_matrix_Bip01_L_Clavicle_transform-output-array" count="71" stride="16">
            <param name="TRANSFORM" type="float4x4"/>
          </accessor>
        </technique_common>
      </source>
      <source id="Bip01_L_Clavicle_matrix_Bip01_L_Clavicle_transform-interpolations">
        <Name_array id="Bip01_L_Clavicle_matrix_Bip01_L_Clavicle_transform-interpolations-array" count="71">LINEAR LINEAR LINEAR LINEAR LINEAR LINEAR LINEAR LINEAR LINEAR LINEAR LINEAR LINEAR LINEAR LINEAR LINEAR LINEAR LINEAR LINEAR LINEAR LINEAR LINEAR LINEAR LINEAR LINEAR LINEAR LINEAR LINEAR LINEAR LINEAR LINEAR LINEAR LINEAR LINEAR LINEAR LINEAR LINEAR LINEAR LINEAR LINEAR LINEAR LINEAR LINEAR LINEAR LINEAR LINEAR LINEAR LINEAR LINEAR LINEAR LINEAR LINEAR LINEAR LINEAR LINEAR LINEAR LINEAR LINEAR LINEAR LINEAR LINEAR LINEAR LINEAR LINEAR LINEAR LINEAR LINEAR LINEAR LINEAR LINEAR LINEAR LINEAR</Name_array>
        <technique_common>
          <accessor source="#Bip01_L_Clavicle_matrix_Bip01_L_Clavicle_transform-interpolations-array" count="71" stride="1">
            <param name="INTERPOLATION" type="Name"/>
          </accessor>
        </technique_common>
      </source>
      <sampler id="Bip01_L_Clavicle_matrix_Bip01_L_Clavicle_transform-sampler">
        <input semantic="INPUT" source="#Bip01_L_Clavicle_matrix_Bip01_L_Clavicle_transform-input"/>
        <input semantic="OUTPUT" source="#Bip01_L_Clavicle_matrix_Bip01_L_Clavicle_transform-output"/>
        <input semantic="INTERPOLATION" source="#Bip01_L_Clavicle_matrix_Bip01_L_Clavicle_transform-interpolations"/>
      </sampler>
      <channel source="#Bip01_L_Clavicle_matrix_Bip01_L_Clavicle_transform-sampler" target="Bip01_L_Clavicle/transform"/>
    </animation>
    <animation id="Bip01_L_UpperArm_matrix">
      <source id="Bip01_L_UpperArm_matrix_Bip01_L_UpperArm_transform-input">
        <float_array id="Bip01_L_UpperArm_matrix_Bip01_L_UpperArm_transform-input-array" count="71">0 0.033333 0.066667 0.100000 0.133333 0.166667 0.200000 0.233333 0.266667 0.300000 0.333333 0.366667 0.400000 0.433333 0.466667 0.500000 0.533333 0.566667 0.600000 0.633333 0.666667 0.700000 0.733334 0.766667 0.800000 0.833334 0.866667 0.900000 0.933334 0.966667 1.000000 1.033334 1.066667 1.100000 1.133334 1.166667 1.200000 1.233333 1.266667 1.300000 1.333333 1.366667 1.400000 1.433333 1.466667 1.500000 1.533333 1.566666 1.600000 1.633333 1.666666 1.700000 1.733333 1.766666 1.800000 1.833333 1.866666 1.899999 1.933333 1.966666 1.999999 2.033333 2.066666 2.099999 2.133333 2.166666 2.199999 2.233333 2.266666 2.299999 2.333333</float_array>
        <technique_common>
          <accessor source="#Bip01_L_UpperArm_matrix_Bip01_L_UpperArm_transform-input-array" count="71" stride="1">
            <param name="TIME" type="float"/>
          </accessor>
        </technique_common>
        <technique profile="MAYA">
          <pre_infinity>CONSTANT</pre_infinity>
          <post_infinity>CONSTANT</post_infinity>
        </technique>
      </source>
      <source id="Bip01_L_UpperArm_matrix_Bip01_L_UpperArm_transform-output">
        <float_array id="Bip01_L_UpperArm_matrix_Bip01_L_UpperArm_transform-output-array" count="1136">0.924815 -0.354924 0.136918 0.893299 -0.100408 0.119414 0.987754 0 -0.366927 -0.927238 0.074799 0 0 0 0 1.000000 0.926297 -0.350728 0.137708 0.893299 -0.101640 0.119342 0.987637 0 -0.362826 -0.928842 0.074898 0.000000 0 0 0 1.000000 0.930241 -0.339256 0.139849 0.893298 -0.104990 0.119110 0.987314 -0.000000 -0.351609 -0.933123 0.075182 0.000000 0 0 0 1.000000 0.935834 -0.322129 0.142994 0.893299 -0.109941 0.118662 0.986830 0 -0.334854 -0.939230 0.075633 0.000000 0 0 0 1.000000 0.942267 -0.300970 0.146796 0.893298 -0.115973 0.117940 0.986225 0 -0.314138 -0.946312 0.076226 0.000000 0 0 0 1.000000 0.948804 -0.277483 0.150914 0.893299 -0.122564 0.116922 0.985549 0 -0.291118 -0.953589 0.076927 0.000000 0 0 0 1.000000 0.954835 -0.253494 0.155021 0.893298 -0.129189 0.115661 0.984852 0 -0.267584 -0.960397 0.077689 0.000000 0 0 0 1.000000 0.959912 -0.230982 0.158793 0.893298 -0.135302 0.114315 0.984188 0 -0.245482 -0.966219 0.078480 -0.000000 0 0 0 1.000000 0.963739 -0.212089 0.161944 0.893298 -0.140414 0.113013 0.983622 0 -0.226918 -0.970693 0.079134 0 0 0 0 1.000000 0.966141 -0.199051 0.164168 0.893298 -0.143980 0.112066 0.983214 0 -0.214107 -0.973560 0.079612 0 0 0 0 1.000000 0.966970 -0.194135 0.165171 0.893299 -0.145475 0.111764 0.983029 -0.000000 -0.209301 -0.974587 0.079831 0.000000 0 0 0 1.000000 0.966824 -0.194976 0.165029 0.893299 -0.145247 0.111830 0.983055 -0.000000 -0.210127 -0.974412 0.079800 0.000000 0 0 0 1.000000 0.966458 -0.197583 0.164074 0.893298 -0.144062 0.111816 0.983231 -0.000000 -0.212616 -0.973888 0.079601 0.000000 0 0 0 1.000000 0.965912 -0.201576 0.162424 0.893299 -0.142072 0.111721 0.983531 0 -0.216403 -0.973080 0.079275 0.000000 0 0 0 1.000000 0.965234 -0.206548 0.160193 0.893299 -0.139428 0.111541 0.983930 0 -0.221097 -0.972058 0.078864 0.000000 0 0 0 1.000000 0.964483 -0.212049 0.157503 0.893298 -0.136293 0.111266 0.984401 0 -0.226265 -0.970904 0.078413 0.000000 0 0 0 1.000000 0.963735 -0.217606 0.154473 0.893299 -0.132830 0.110888 0.984916 0 -0.231453 -0.969717 0.077962 0 0 0 0 1.000000 0.963076 -0.222747 0.151219 0.893298 -0.129199 0.110398 0.985454 0.000000 -0.236201 -0.968605 0.077543 0 0 0 0 1.000000 0.962604 -0.227011 0.147848 0.893298 -0.125550 0.109787 0.985994 0 -0.240063 -0.967684 0.077180 0 0 0 0 1.000000 0.962420 -0.229954 0.144460 0.893298 -0.122022 0.109047 0.986519 -0.000000 -0.242607 -0.967073 0.076890 0.000000 0 0 0 1.000000 0.962624 -0.231162 0.141138 0.893298 -0.118740 0.108168 0.987016 0 -0.243427 -0.966883 0.076677 0.000000 0 0 0 1.000000 0.963304 -0.230246 0.137958 0.893299 -0.115812 0.107139 0.987476 0 -0.242143 -0.967217 0.076542 0.000000 0 0 0 1.000000 0.964521 -0.226880 0.134996 0.893299 -0.113344 0.105953 0.987890 0 -0.238436 -0.968142 0.076478 0.000000 0 0 0 1.000000 0.966344 -0.220657 0.132246 0.893298 -0.111369 0.104567 0.988262 0 -0.231896 -0.969730 0.076474 0.000000 0 0 0 1.000000 0.968744 -0.211391 0.129800 0.893298 -0.109986 0.102983 0.988584 0 -0.222345 -0.971961 0.076514 0.000000 0 0 0 1.000000 0.971680 -0.198842 0.127667 0.893298 -0.109221 0.101168 0.988856 0 -0.209542 -0.974796 0.076585 0.000000 0 0 0 1.000000 0.975038 -0.182918 0.125868 0.893299 -0.109089 0.099098 0.989080 -0.000000 -0.193394 -0.978121 0.076670 0.000000 0 0 0 1.000000 0.978616 -0.163803 0.124420 0.893299 -0.109575 0.096774 0.989257 0 -0.174084 -0.981735 0.076756 0.000000 0 0 0 1.000000 0.982081 -0.142492 0.123342 0.893299 -0.110580 0.094276 0.989386 0 -0.152607 -0.985296 0.076830 0.000000 0 0 0 1.000000 0.984828 -0.122757 0.122653 0.893298 -0.111763 0.091996 0.989467 0 -0.132748 -0.988164 0.076880 0 0 0 0 1.000000 0.985659 -0.116186 0.122382 0.893298 -0.112104 0.091234 0.989499 -0.000000 -0.126131 -0.989028 0.076901 0 0 0 0 1.000000 0.983863 -0.130481 0.122427 0.893298 -0.110813 0.092855 0.989494 0 -0.140478 -0.987093 0.076897 0.000000 0 0 0 1.000000 0.980635 -0.152682 0.122654 0.893298 -0.108912 0.095358 0.989467 0 -0.162770 -0.983664 0.076882 0.000000 0 0 0 1.000000 0.976923 -0.174577 0.123057 0.893298 -0.107150 0.097821 0.989419 0 -0.184767 -0.979772 0.076858 0.000000 0 0 0 1.000000 0.973222 -0.193787 0.123631 0.893298 -0.105767 0.100004 0.989350 0 -0.204087 -0.975933 0.076830 0.000000 0 0 0 1.000000 0.969820 -0.209715 0.124378 0.893298 -0.104843 0.101866 0.989258 0 -0.220132 -0.972442 0.076805 -0.000000 0 0 0 1.000000 0.966896 -0.222291 0.125296 0.893298 -0.104402 0.103420 0.989143 0 -0.232836 -0.969480 0.076789 0.000000 0 0 0 1.000000 0.964555 -0.231647 0.126383 0.893299 -0.104444 0.104694 0.989005 0 -0.242332 -0.967150 0.076789 0.000000 0 0 0 1.000000 0.962841 -0.238008 0.127633 0.893299 -0.104947 0.105720 0.988843 0 -0.248846 -0.965492 0.076813 0.000000 0 0 0 1.000000 0.961744 -0.241658 0.129033 0.893299 -0.105876 0.106530 0.988657 0 -0.252662 -0.964496 0.076869 0.000000 0 0 0 1.000000 0.961222 -0.242912 0.130563 0.893299 -0.107182 0.107154 0.988448 0 -0.254096 -0.964112 0.076963 0.000000 0 0 0 1.000000 0.961197 -0.242125 0.132196 0.893298 -0.108804 0.107618 0.988221 0 -0.253499 -0.964258 0.077098 0 0 0 0 1.000000 0.961575 -0.239677 0.133896 0.893299 -0.110666 0.107947 0.987978 -0.000000 -0.251249 -0.964833 0.077275 0.000000 0 0 0 1.000000 0.962248 -0.235980 0.135618 0.893299 -0.112683 0.108164 0.987726 0 -0.247753 -0.965719 0.077489 0 0 0 0 1.000000 0.963097 -0.231499 0.137301 0.893298 -0.114746 0.108292 0.987475 0 -0.243468 -0.966789 0.077732 0 0 0 0 1.000000 0.964031 -0.226602 0.138914 0.893298 -0.116787 0.108356 0.987228 0 -0.238760 -0.967941 0.077995 0.000000 0 0 0 1.000000 0.964927 -0.221843 0.140362 0.893299 -0.118657 0.108378 0.987003 0 -0.234172 -0.969041 0.078253 0 0 0 0 1.000000 0.965700 -0.217662 0.141587 0.893298 -0.120254 0.108381 0.986809 0 -0.230136 -0.969988 0.078489 0.000000 0 0 0 1.000000 0.966268 -0.214508 0.142519 0.893298 -0.121465 0.108389 0.986660 0 -0.227094 -0.970689 0.078678 0.000000 0 0 0 1.000000 0.966561 -0.212800 0.143090 0.893298 -0.122181 0.108423 0.986568 0 -0.225456 -0.971061 0.078797 0.000000 0 0 0 1.000000 0.966517 -0.212903 0.143238 0.893298 -0.122305 0.108500 0.986544 0 -0.225579 -0.971031 0.078828 0.000000 0 0 0 1.000000 0.966072 -0.214991 0.143118 0.893299 -0.121961 0.108712 0.986564 0 -0.227661 -0.970546 0.078803 0 0 0 0 1.000000 0.965223 -0.218894 0.142931 0.893298 -0.121349 0.109121 0.986594 0 -0.231556 -0.969628 0.078764 0.000000 0 0 0 1.000000 0.963998 -0.224387 0.142683 0.893298 -0.120499 0.109701 0.986634 0 -0.237040 -0.968306 0.078713 0 0 0 0 1.000000 0.962422 -0.231241 0.142381 0.893298 -0.119439 0.110421 0.986682 0 -0.243883 -0.966610 0.078652 0.000000 0 0 0 1.000000 0.960519 -0.239227 0.142032 0.893299 -0.118200 0.111252 0.986738 0 -0.251856 -0.964569 0.078583 0.000000 0 0 0 1.000000 0.958318 -0.248123 0.141642 0.893299 -0.116810 0.112166 0.986800 0 -0.260735 -0.962213 0.078508 0.000000 0 0 0 1.000000 0.955848 -0.257705 0.141219 0.893298 -0.115299 0.113137 0.986867 0 -0.270298 -0.959577 0.078429 0 0 0 0 1.000000 0.953147 -0.267758 0.140769 0.893299 -0.113696 0.114138 0.986938 0 -0.280327 -0.956702 0.078348 0 0 0 0 1.000000 0.950259 -0.278071 0.140300 0.893298 -0.112031 0.115147 0.987011 0 -0.290614 -0.953634 0.078266 0 0 0 0 1.000000 0.947234 -0.288440 0.139820 0.893298 -0.110337 0.116140 0.987085 0 -0.300954 -0.950428 0.078186 0.000000 0 0 0 1.000000 0.944130 -0.298668 0.139339 0.893299 -0.108645 0.117100 0.987159 0 -0.311149 -0.947146 0.078109 0.000000 0 0 0 1.000000 0.941013 -0.308564 0.138864 0.893298 -0.106988 0.118010 0.987232 0 -0.321012 -0.943855 0.078036 0 0 0 0 1.000000 0.937953 -0.317945 0.138405 0.893299 -0.105399 0.118854 0.987302 0 -0.330357 -0.940630 0.077968 0 0 0 0 1.000000 0.935027 -0.326631 0.137973 0.893299 -0.103910 0.119619 0.987367 0 -0.339009 -0.937552 0.077907 0 0 0 0 1.000000 0.932318 -0.334448 0.137579 0.893299 -0.102558 0.120295 0.987427 0 -0.346792 -0.934705 0.077853 0.000000 0 0 0 1.000000 0.929910 -0.341226 0.137231 0.893298 -0.101374 0.120870 0.987478 0 -0.353540 -0.932178 0.077807 0.000000 0 0 0 1.000000 0.927890 -0.346795 0.136942 0.893298 -0.100394 0.121335 0.987522 0 -0.359083 -0.930060 0.077770 0 0 0 0 1.000000 0.926345 -0.350986 0.136723 0.893298 -0.099652 0.121681 0.987554 0 -0.363255 -0.928441 0.077742 0 0 0 0 1.000000 0.925360 -0.353629 0.136583 0.893299 -0.099183 0.121898 0.987575 0 -0.365885 -0.927409 0.077725 0 0 0 0 1.000000 0.925015 -0.354550 0.136535 0.893299 -0.099019 0.121972 0.987582 0 -0.366801 -0.927047 0.077719 0 0 0 0 1.000000</float_array>
        <technique_common>
          <accessor source="#Bip01_L_UpperArm_matrix_Bip01_L_UpperArm_transform-output-array" count="71" stride="16">
            <param name="TRANSFORM" type="float4x4"/>
          </accessor>
        </technique_common>
      </source>
      <source id="Bip01_L_UpperArm_matrix_Bip01_L_UpperArm_transform-interpolations">
        <Name_array id="Bip01_L_UpperArm_matrix_Bip01_L_UpperArm_transform-interpolations-array" count="71">LINEAR LINEAR LINEAR LINEAR LINEAR LINEAR LINEAR LINEAR LINEAR LINEAR LINEAR LINEAR LINEAR LINEAR LINEAR LINEAR LINEAR LINEAR LINEAR LINEAR LINEAR LINEAR LINEAR LINEAR LINEAR LINEAR LINEAR LINEAR LINEAR LINEAR LINEAR LINEAR LINEAR LINEAR LINEAR LINEAR LINEAR LINEAR LINEAR LINEAR LINEAR LINEAR LINEAR LINEAR LINEAR LINEAR LINEAR LINEAR LINEAR LINEAR LINEAR LINEAR LINEAR LINEAR LINEAR LINEAR LINEAR LINEAR LINEAR LINEAR LINEAR LINEAR LINEAR LINEAR LINEAR LINEAR LINEAR LINEAR LINEAR LINEAR LINEAR</Name_array>
        <technique_common>
          <accessor source="#Bip01_L_UpperArm_matrix_Bip01_L_UpperArm_transform-interpolations-array" count="71" stride="1">
            <param name="INTERPOLATION" type="Name"/>
          </accessor>
        </technique_common>
      </source>
      <sampler id="Bip01_L_UpperArm_matrix_Bip01_L_UpperArm_transform-sampler">
        <input semantic="INPUT" source="#Bip01_L_UpperArm_matrix_Bip01_L_UpperArm_transform-input"/>
        <input semantic="OUTPUT" source="#Bip01_L_UpperArm_matrix_Bip01_L_UpperArm_transform-output"/>
        <input semantic="INTERPOLATION" source="#Bip01_L_UpperArm_matrix_Bip01_L_UpperArm_transform-interpolations"/>
      </sampler>
      <channel source="#Bip01_L_UpperArm_matrix_Bip01_L_UpperArm_transform-sampler" target="Bip01_L_UpperArm/transform"/>
    </animation>
    <animation id="Bip01_L_Forearm_matrix">
      <source id="Bip01_L_Forearm_matrix_Bip01_L_Forearm_transform-input">
        <float_array id="Bip01_L_Forearm_matrix_Bip01_L_Forearm_transform-input-array" count="71">0 0.033333 0.066667 0.100000 0.133333 0.166667 0.200000 0.233333 0.266667 0.300000 0.333333 0.366667 0.400000 0.433333 0.466667 0.500000 0.533333 0.566667 0.600000 0.633333 0.666667 0.700000 0.733334 0.766667 0.800000 0.833334 0.866667 0.900000 0.933334 0.966667 1.000000 1.033334 1.066667 1.100000 1.133334 1.166667 1.200000 1.233333 1.266667 1.300000 1.333333 1.366667 1.400000 1.433333 1.466667 1.500000 1.533333 1.566666 1.600000 1.633333 1.666666 1.700000 1.733333 1.766666 1.800000 1.833333 1.866666 1.899999 1.933333 1.966666 1.999999 2.033333 2.066666 2.099999 2.133333 2.166666 2.199999 2.233333 2.266666 2.299999 2.333333</float_array>
        <technique_common>
          <accessor source="#Bip01_L_Forearm_matrix_Bip01_L_Forearm_transform-input-array" count="71" stride="1">
            <param name="TIME" type="float"/>
          </accessor>
        </technique_common>
        <technique profile="MAYA">
          <pre_infinity>CONSTANT</pre_infinity>
          <post_infinity>CONSTANT</post_infinity>
        </technique>
      </source>
      <source id="Bip01_L_Forearm_matrix_Bip01_L_Forearm_transform-output">
        <float_array id="Bip01_L_Forearm_matrix_Bip01_L_Forearm_transform-output-array" count="1136">0.548784 0.835964 0 0.968692 -0.835964 0.548784 0 0 0 0 1.000000 0 0 0 0 1.000000 0.551881 0.833923 0 0.968692 -0.833923 0.551881 0 0 0 0 1.000000 0 0 0 0 1.000000 0.560345 0.828259 0 0.968691 -0.828259 0.560345 0 0 0 0 1.000000 0.000000 0 0 0 1.000000 0.572975 0.819573 0 0.968692 -0.819573 0.572975 0 0 0 0 1.000000 0 0 0 0 1.000000 0.588566 0.808449 0 0.968692 -0.808449 0.588566 0 0.000000 0 0 1.000000 0 0 0 0 1.000000 0.605853 0.795577 0 0.968692 -0.795577 0.605853 0 0 0 0 1.000000 0 0 0 0 1.000000 0.623483 0.781837 0 0.968692 -0.781837 0.623483 0 0.000000 0 0 1.000000 0 0 0 0 1.000000 0.640002 0.768373 0 0.968692 -0.768373 0.640002 0 0 0 0 1.000000 0 0 0 0 1.000000 0.653853 0.756621 0 0.968692 -0.756621 0.653853 0 0 0 0 1.000000 0 0 0 0 1.000000 0.663421 0.748246 0 0.968692 -0.748246 0.663421 0 0.000000 0 0 1.000000 0 0 0 0 1.000000 0.667074 0.744991 0 0.968692 -0.744991 0.667074 0 0 0 0 1.000000 0 0 0 0 1.000000 0.669087 0.743184 0 0.968692 -0.743184 0.669087 0 0 0 0 1.000000 0 0 0 0 1.000000 0.674676 0.738113 0 0.968692 -0.738113 0.674676 0 0 0 0 1.000000 0 0 0 0 1.000000 0.683496 0.729954 0 0.968692 -0.729954 0.683496 0 0 0 0 1.000000 0 0 0 0 1.000000 0.695337 0.718684 0 0.968692 -0.718684 0.695337 0 0 0 0 1.000000 0 0 0 0 1.000000 0.709983 0.704219 0 0.968692 -0.704219 0.709983 0 -0.000000 0 0 1.000000 -0.000000 0 0 0 1.000000 0.727202 0.686423 0 0.968692 -0.686423 0.727203 0 0.000000 0 0 1.000000 0 0 0 0 1.000000 0.746742 0.665114 0 0.968692 -0.665114 0.746742 0 0 0 0 1.000000 0 0 0 0 1.000000 0.768295 0.640096 0 0.968692 -0.640096 0.768295 0 0.000000 0 0 1.000000 0 0 0 0 1.000000 0.791504 0.611164 0 0.968692 -0.611164 0.791504 0 0 0 0 1.000000 0 0 0 0 1.000000 0.815946 0.578129 0 0.968691 -0.578129 0.815946 0 -0.000000 0 0 1.000000 0 0 0 0 1.000000 0.841132 0.540830 0 0.968692 -0.540830 0.841132 0 0.000000 0 0 1.000000 0 0 0 0 1.000000 0.866355 0.499429 0 0.968692 -0.499429 0.866355 0 0 0 0 1.000000 0 0 0 0 1.000000 0.891474 0.453072 0 0.968692 -0.453072 0.891474 0 0 0 0 1.000000 0 0 0 0 1.000000 0.915350 0.402659 0 0.968692 -0.402659 0.915350 0 0.000000 0 0 1.000000 0 0 0 0 1.000000 0.937431 0.348172 0 0.968692 -0.348172 0.937431 0 0.000000 0 0 1.000000 0 0 0 0 1.000000 0.956975 0.290169 0 0.968692 -0.290169 0.956975 0 0 0 0 1.000000 0 0 0 0 1.000000 0.973228 0.229841 0 0.968692 -0.229841 0.973228 0 -0.000000 0 0 1.000000 -0.000000 0 0 0 1.000000 0.985428 0.170093 0 0.968692 -0.170093 0.985428 0 0.000000 0 0 1.000000 0 0 0 0 1.000000 0.992835 0.119499 0 0.968692 -0.119499 0.992834 0 0.000000 0 0 1.000000 0 0 0 0 1.000000 0.994744 0.102389 0 0.968692 -0.102389 0.994744 0 0 0 0 1.000000 0.000000 0 0 0 1.000000 0.990880 0.134746 0 0.968692 -0.134746 0.990880 0 0.000000 0 0 1.000000 0.000000 0 0 0 1.000000 0.981827 0.189779 0 0.968692 -0.189779 0.981827 0 0 0 0 1.000000 0 0 0 0 1.000000 0.968258 0.249955 0 0.968692 -0.249955 0.968258 0 -0.000000 0 0 1.000000 0 0 0 0 1.000000 0.950886 0.309542 0 0.968692 -0.309542 0.950886 0 0.000000 0 0 1.000000 0 0 0 0 1.000000 0.930434 0.366460 0 0.968692 -0.366460 0.930434 0 -0.000000 0 0 1.000000 0 0 0 0 1.000000 0.907623 0.419786 0 0.968692 -0.419786 0.907623 0 0.000000 0 0 1.000000 0 0 0 0 1.000000 0.883160 0.469071 0 0.968692 -0.469071 0.883160 0 0.000000 0 0 1.000000 0 0 0 0 1.000000 0.857719 0.514119 0 0.968692 -0.514119 0.857719 0 0 0 0 1.000000 0 0 0 0 1.000000 0.831926 0.554886 0 0.968692 -0.554886 0.831927 0 0 0 0 1.000000 0 0 0 0 1.000000 0.806361 0.591424 0 0.968692 -0.591424 0.806361 0 0.000000 0 0 1.000000 0 0 0 0 1.000000 0.781542 0.623853 0 0.968692 -0.623853 0.781542 0 -0.000000 0 0 1.000000 0 0 0 0 1.000000 0.757923 0.652344 0 0.968692 -0.652344 0.757923 0 0 0 0 1.000000 0 0 0 0 1.000000 0.735900 0.677090 0 0.968692 -0.677089 0.735901 0 0 0 0 1.000000 0 0 0 0 1.000000 0.715928 0.698174 0 0.968692 -0.698174 0.715928 0 -0.000000 0 0 1.000000 0 0 0 0 1.000000 0.697927 0.716168 0 0.968692 -0.716169 0.697927 0 0.000000 0 0 1.000000 0 0 0 0 1.000000 0.682494 0.730891 0 0.968691 -0.730891 0.682494 0 0.000000 0 0 1.000000 0 0 0 0 1.000000 0.669720 0.742613 0 0.968692 -0.742613 0.669720 0 0 0 0 1.000000 0 0 0 0 1.000000 0.659808 0.751434 0 0.968692 -0.751434 0.659808 0 0.000000 0 0 1.000000 0 0 0 0 1.000000 0.652968 0.757386 0 0.968692 -0.757386 0.652968 0 0 0 0 1.000000 0 0 0 0 1.000000 0.649453 0.760402 0 0.968692 -0.760402 0.649453 0 0 0 0 1.000000 0 0 0 0 1.000000 0.647100 0.762405 0 0.968692 -0.762405 0.647100 0 0 0 0 1.000000 0 0 0 0 1.000000 0.643638 0.765330 0 0.968692 -0.765330 0.643638 0 0 0 0 1.000000 0 0 0 0 1.000000 0.639211 0.769032 0 0.968692 -0.769032 0.639210 0 0 0 0 1.000000 0 0 0 0 1.000000 0.633963 0.773363 0 0.968691 -0.773363 0.633963 0 0.000000 0 0 1.000000 0 0 0 0 1.000000 0.628043 0.778178 0 0.968692 -0.778178 0.628043 0 0.000000 0 0 1.000000 0 0 0 0 1.000000 0.621597 0.783337 0 0.968692 -0.783337 0.621597 0 0 0 0 1.000000 0 0 0 0 1.000000 0.614765 0.788710 0 0.968691 -0.788710 0.614765 0 0.000000 0 0 1.000000 0 0 0 0 1.000000 0.607690 0.794175 0 0.968692 -0.794175 0.607690 0 0.000000 0 0 1.000000 0 0 0 0 1.000000 0.600506 0.799620 0 0.968692 -0.799620 0.600506 0 -0.000000 0 0 1.000000 0 0 0 0 1.000000 0.593344 0.804949 0 0.968692 -0.804949 0.593344 0 0 0 0 1.000000 0 0 0 0 1.000000 0.586333 0.810070 0 0.968692 -0.810070 0.586333 0 -0.000000 0 0 1.000000 0 0 0 0 1.000000 0.579591 0.814907 0 0.968692 -0.814907 0.579591 0 0 0 0 1.000000 0 0 0 0 1.000000 0.573239 0.819388 0 0.968692 -0.819388 0.573239 0 0 0 0 1.000000 0 0 0 0 1.000000 0.567385 0.823452 0 0.968691 -0.823452 0.567385 0 0 0 0 1.000000 0 0 0 0 1.000000 0.562144 0.827040 0 0.968692 -0.827039 0.562144 0 0 0 0 1.000000 0 0 0 0 1.000000 0.557617 0.830098 0 0.968692 -0.830098 0.557617 0 0 0 0 1.000000 0 0 0 0 1.000000 0.553912 0.832575 0 0.968692 -0.832575 0.553912 0 0 0 0 1.000000 0 0 0 0 1.000000 0.551131 0.834419 0 0.968692 -0.834419 0.551131 0 0 0 0 1.000000 0 0 0 0 1.000000 0.549384 0.835570 0 0.968692 -0.835570 0.549384 0 0 0 0 1.000000 0 0 0 0 1.000000 0.548776 0.835969 0 0.968692 -0.835969 0.548776 0 0 0 0 1.000000 0 0 0 0 1.000000</float_array>
        <technique_common>
          <accessor source="#Bip01_L_Forearm_matrix_Bip01_L_Forearm_transform-output-array" count="71" stride="16">
            <param name="TRANSFORM" type="float4x4"/>
          </accessor>
        </technique_common>
      </source>
      <source id="Bip01_L_Forearm_matrix_Bip01_L_Forearm_transform-interpolations">
        <Name_array id="Bip01_L_Forearm_matrix_Bip01_L_Forearm_transform-interpolations-array" count="71">LINEAR LINEAR LINEAR LINEAR LINEAR LINEAR LINEAR LINEAR LINEAR LINEAR LINEAR LINEAR LINEAR LINEAR LINEAR LINEAR LINEAR LINEAR LINEAR LINEAR LINEAR LINEAR LINEAR LINEAR LINEAR LINEAR LINEAR LINEAR LINEAR LINEAR LINEAR LINEAR LINEAR LINEAR LINEAR LINEAR LINEAR LINEAR LINEAR LINEAR LINEAR LINEAR LINEAR LINEAR LINEAR LINEAR LINEAR LINEAR LINEAR LINEAR LINEAR LINEAR LINEAR LINEAR LINEAR LINEAR LINEAR LINEAR LINEAR LINEAR LINEAR LINEAR LINEAR LINEAR LINEAR LINEAR LINEAR LINEAR LINEAR LINEAR LINEAR</Name_array>
        <technique_common>
          <accessor source="#Bip01_L_Forearm_matrix_Bip01_L_Forearm_transform-interpolations-array" count="71" stride="1">
            <param name="INTERPOLATION" type="Name"/>
          </accessor>
        </technique_common>
      </source>
      <sampler id="Bip01_L_Forearm_matrix_Bip01_L_Forearm_transform-sampler">
        <input semantic="INPUT" source="#Bip01_L_Forearm_matrix_Bip01_L_Forearm_transform-input"/>
        <input semantic="OUTPUT" source="#Bip01_L_Forearm_matrix_Bip01_L_Forearm_transform-output"/>
        <input semantic="INTERPOLATION" source="#Bip01_L_Forearm_matrix_Bip01_L_Forearm_transform-interpolations"/>
      </sampler>
      <channel source="#Bip01_L_Forearm_matrix_Bip01_L_Forearm_transform-sampler" target="Bip01_L_Forearm/transform"/>
    </animation>
    <animation id="Bip01_L_Hand_matrix">
      <source id="Bip01_L_Hand_matrix_Bip01_L_Hand_transform-input">
        <float_array id="Bip01_L_Hand_matrix_Bip01_L_Hand_transform-input-array" count="71">0 0.033333 0.066667 0.100000 0.133333 0.166667 0.200000 0.233333 0.266667 0.300000 0.333333 0.366667 0.400000 0.433333 0.466667 0.500000 0.533333 0.566667 0.600000 0.633333 0.666667 0.700000 0.733334 0.766667 0.800000 0.833334 0.866667 0.900000 0.933334 0.966667 1.000000 1.033334 1.066667 1.100000 1.133334 1.166667 1.200000 1.233333 1.266667 1.300000 1.333333 1.366667 1.400000 1.433333 1.466667 1.500000 1.533333 1.566666 1.600000 1.633333 1.666666 1.700000 1.733333 1.766666 1.800000 1.833333 1.866666 1.899999 1.933333 1.966666 1.999999 2.033333 2.066666 2.099999 2.133333 2.166666 2.199999 2.233333 2.266666 2.299999 2.333333</float_array>
        <technique_common>
          <accessor source="#Bip01_L_Hand_matrix_Bip01_L_Hand_transform-input-array" count="71" stride="1">
            <param name="TIME" type="float"/>
          </accessor>
        </technique_common>
        <technique profile="MAYA">
          <pre_infinity>CONSTANT</pre_infinity>
          <post_infinity>CONSTANT</post_infinity>
        </technique>
      </source>
      <source id="Bip01_L_Hand_matrix_Bip01_L_Hand_transform-output">
        <float_array id="Bip01_L_Hand_matrix_Bip01_L_Hand_transform-output-array" count="1136">0.872188 0.462276 -0.159964 0.980342 0.461497 -0.886037 -0.044267 0 -0.162197 -0.035213 -0.986130 0 0 0 0 1.000000 0.872565 0.461654 -0.159710 0.980342 0.461038 -0.886331 -0.043153 0 -0.161477 -0.035979 -0.986220 0 0 0 0 1.000000 0.873611 0.459911 -0.159016 0.980342 0.459734 -0.887150 -0.040125 0.000000 -0.159525 -0.038051 -0.986460 0 0 0 0 1.000000 0.875225 0.457190 -0.157984 0.980342 0.457648 -0.888419 -0.035647 0 -0.156654 -0.041102 -0.986798 0 0 0 0 1.000000 0.877301 0.453633 -0.156716 0.980341 0.454840 -0.890062 -0.030180 0 -0.153177 -0.044804 -0.987183 0 0 0 0 1.000000 0.879713 0.449426 -0.155310 0.980342 0.451423 -0.891982 -0.024189 0 -0.149405 -0.048831 -0.987570 0 0 0 0 1.000000 0.882293 0.444841 -0.153869 0.980342 0.447601 -0.894049 -0.018156 0.000000 -0.145643 -0.052853 -0.987925 -0.000000 0 0 0 1.000000 0.884827 0.440259 -0.152488 0.980341 0.443692 -0.896091 -0.012601 -0.000000 -0.142191 -0.056508 -0.988225 0 0 0 0 1.000000 0.887038 0.436193 -0.151327 0.980341 0.440169 -0.897880 -0.007951 0 -0.139341 -0.059557 -0.988452 0 0 0 0 1.000000 0.888620 0.433250 -0.150498 0.980341 0.437585 -0.899165 -0.004763 0.000000 -0.137386 -0.061623 -0.988599 0 0 0 0 1.000000 0.889254 0.432071 -0.150138 0.980341 0.436536 -0.899680 -0.003562 0.000000 -0.136616 -0.062373 -0.988659 0 0 0 0 1.000000 0.890389 0.429736 -0.150115 0.980341 0.434103 -0.900854 -0.004056 0 -0.136975 -0.061554 -0.988660 0 0 0 0 1.000000 0.893554 0.423081 -0.150212 0.980341 0.427168 -0.904155 -0.005548 0.000000 -0.138163 -0.059209 -0.988638 0 0 0 0 1.000000 0.898431 0.412538 -0.150447 0.980342 0.416184 -0.909246 -0.007888 0.000000 -0.140048 -0.055527 -0.988587 0 0 0 0 1.000000 0.904734 0.398373 -0.150850 0.980341 0.401433 -0.915823 -0.010934 0.000000 -0.142507 -0.050664 -0.988496 0 0 0 0 1.000000 0.912153 0.380839 -0.151455 0.980341 0.383188 -0.923556 -0.014529 0.000000 -0.145411 -0.044784 -0.988357 0 0 0 0 1.000000 0.920366 0.360182 -0.152302 0.980341 0.361713 -0.932106 -0.018511 0 -0.148629 -0.038052 -0.988161 0 0 0 0 1.000000 0.929054 0.336630 -0.153425 0.980341 0.337258 -0.941138 -0.022715 -0.000000 -0.152040 -0.030640 -0.987899 0.000000 0 0 0 1.000000 0.937903 0.310418 -0.154852 0.980341 0.310077 -0.950329 -0.026974 0 -0.155534 -0.022717 -0.987569 0 0 0 0 1.000000 0.946612 0.281784 -0.156604 0.980342 0.280433 -0.959369 -0.031123 0.000000 -0.159010 -0.014456 -0.987171 0 0 0 0 1.000000 0.954898 0.250979 -0.158683 0.980342 0.248600 -0.967974 -0.034997 0.000000 -0.162385 -0.006031 -0.986709 0 0 0 0 1.000000 0.962504 0.218266 -0.161081 0.980342 0.214867 -0.975887 -0.038440 0.000000 -0.165587 0.002387 -0.986193 0 0 0 0 1.000000 0.969164 0.184138 -0.163751 0.980341 0.179762 -0.982844 -0.041283 0 -0.168543 0.010574 -0.985638 0 0 0 0 1.000000 0.974801 0.148239 -0.166697 0.980342 0.142937 -0.988778 -0.043433 0.000000 -0.171265 0.018511 -0.985051 0 0 0 0 1.000000 0.979145 0.111552 -0.169797 0.980341 0.105425 -0.993422 -0.044712 -0.000000 -0.173667 0.025879 -0.984464 0 0 0 0 1.000000 0.982124 0.074245 -0.172973 0.980341 0.067417 -0.996708 -0.045028 0 -0.175747 0.032561 -0.983897 0 0 0 0 1.000000 0.983682 0.036812 -0.176108 0.980341 0.029439 -0.998585 -0.044300 0.000000 -0.177490 0.038393 -0.983373 0.000000 0 0 0 1.000000 0.983840 0.000019 -0.179050 0.980341 -0.007719 -0.999066 -0.042518 0.000000 -0.178883 0.043213 -0.982921 0 0 0 0 1.000000 0.982764 -0.034572 -0.181601 0.980342 -0.042478 -0.998303 -0.039830 -0.000000 -0.179916 0.046857 -0.982565 0 0 0 0 1.000000 0.981027 -0.062646 -0.183470 0.980341 -0.070559 -0.996824 -0.036921 -0.000000 -0.180574 0.049166 -0.982332 0 0 0 0 1.000000 0.980250 -0.072132 -0.184136 0.980341 -0.080053 -0.996142 -0.035945 0 -0.180833 0.049976 -0.982243 0 0 0 0 1.000000 0.981497 -0.055038 -0.183395 0.980342 -0.063130 -0.997260 -0.038577 -0.000000 -0.180770 0.049441 -0.982282 0 0 0 0 1.000000 0.983028 -0.024567 -0.181802 0.980341 -0.032843 -0.998550 -0.042651 0 -0.180490 0.047898 -0.982410 0 0 0 0 1.000000 0.983663 0.010545 -0.179710 0.980341 0.002192 -0.998911 -0.046614 0.000000 -0.180006 0.045458 -0.982615 0 0 0 0 1.000000 0.983015 0.047360 -0.177308 0.980341 0.039062 -0.997985 -0.050004 0.000000 -0.179319 0.042229 -0.982884 0 0 0 0 1.000000 0.980968 0.084691 -0.174724 0.980341 0.076573 -0.995670 -0.052704 0 -0.178431 0.038321 -0.983206 0 0 0 0 1.000000 0.977517 0.121884 -0.172059 0.980341 0.114058 -0.991967 -0.054698 0.000000 -0.177344 0.033844 -0.983567 0 0 0 0 1.000000 0.972722 0.158483 -0.169396 0.980341 0.151043 -0.986939 -0.056021 0 -0.176062 0.028906 -0.983955 0 0 0 0 1.000000 0.966693 0.194117 -0.166802 0.980341 0.187141 -0.980694 -0.056726 -0.000000 -0.174593 0.023621 -0.984357 0 0 0 0 1.000000 0.959583 0.228466 -0.164330 0.980341 0.222011 -0.973384 -0.056882 0.000000 -0.172951 0.018100 -0.984764 0 0 0 0 1.000000 0.951579 0.261238 -0.162022 0.980341 0.255344 -0.965194 -0.056567 0.000000 -0.171160 0.012457 -0.985165 0 0 0 0 1.000000 0.942908 0.292154 -0.159910 0.980341 0.286844 -0.956347 -0.055864 0.000000 -0.169251 0.006806 -0.985550 0 0 0 0 1.000000 0.933818 0.320960 -0.158015 0.980342 0.316239 -0.947092 -0.054864 0.000000 -0.167263 0.001263 -0.985911 0 0 0 0 1.000000 0.924588 0.347408 -0.156348 0.980341 0.343263 -0.937705 -0.053657 0.000000 -0.165249 -0.004057 -0.986243 0 0 0 0 1.000000 0.915570 0.371121 -0.154924 0.980341 0.367521 -0.928541 -0.052348 0.000000 -0.163281 -0.009009 -0.986538 -0.000000 0 0 0 1.000000 0.906904 0.392295 -0.153717 0.980341 0.389201 -0.919740 -0.051008 0.000000 -0.161390 -0.013568 -0.986797 0 0 0 0 1.000000 0.899076 0.410281 -0.152749 0.980341 0.407629 -0.911791 -0.049759 0 -0.159690 -0.017528 -0.987012 0 0 0 0 1.000000 0.892347 0.424986 -0.152003 0.980341 0.422700 -0.904961 -0.048686 0.000000 -0.158248 -0.020807 -0.987180 0.000000 0 0 0 1.000000 0.887029 0.436159 -0.151476 0.980341 0.434148 -0.899568 -0.047882 0 -0.157147 -0.023290 -0.987300 0 0 0 0 1.000000 0.883422 0.443525 -0.151164 0.980342 0.441682 -0.895917 -0.047431 0 -0.156467 -0.024865 -0.987370 0.000000 0 0 0 1.000000 0.881809 0.446755 -0.151073 0.980341 0.444959 -0.894295 -0.047407 -0.000000 -0.156283 -0.025418 -0.987385 0 0 0 0 1.000000 0.881240 0.447854 -0.151142 0.980342 0.446045 -0.893744 -0.047599 0 -0.156400 -0.025470 -0.987365 0 0 0 0 1.000000 0.880601 0.449056 -0.151299 0.980342 0.447243 -0.893137 -0.047755 -0.000000 -0.156575 -0.025615 -0.987334 0 0 0 0 1.000000 0.879911 0.450326 -0.151535 0.980341 0.448519 -0.892490 -0.047875 0 -0.156803 -0.025841 -0.987292 0 0 0 0 1.000000 0.879188 0.451633 -0.151843 0.980342 0.449839 -0.891821 -0.047961 0.000000 -0.157077 -0.026138 -0.987240 0 0 0 0 1.000000 0.878449 0.452944 -0.152213 0.980341 0.451170 -0.891145 -0.048014 0 -0.157392 -0.026496 -0.987181 0 0 0 0 1.000000 0.877714 0.454225 -0.152639 0.980341 0.452479 -0.890481 -0.048034 0 -0.157740 -0.026906 -0.987114 0 0 0 0 1.000000 0.876995 0.455452 -0.153111 0.980342 0.453738 -0.889840 -0.048024 0 -0.158117 -0.027356 -0.987041 0 0 0 0 1.000000 0.876308 0.456601 -0.153621 0.980342 0.454925 -0.889236 -0.047985 -0.000000 -0.158515 -0.027837 -0.986964 0 0 0 0 1.000000 0.875664 0.457654 -0.154158 0.980341 0.456020 -0.888678 -0.047920 0.000000 -0.158927 -0.028337 -0.986884 0 0 0 0 1.000000 0.875072 0.458600 -0.154712 0.980341 0.457010 -0.888175 -0.047833 0.000000 -0.159347 -0.028847 -0.986801 0 0 0 0 1.000000 0.874537 0.459430 -0.155272 0.980341 0.457886 -0.887729 -0.047728 0 -0.159767 -0.029357 -0.986718 0 0 0 0 1.000000 0.874063 0.460143 -0.155828 0.980342 0.458647 -0.887343 -0.047608 0 -0.160180 -0.029857 -0.986636 0 0 0 0 1.000000 0.873653 0.460739 -0.156367 0.980341 0.459289 -0.887017 -0.047481 -0.000000 -0.160576 -0.030336 -0.986557 0 0 0 0 1.000000 0.873305 0.461225 -0.156875 0.980342 0.459820 -0.886749 -0.047350 0 -0.160948 -0.030784 -0.986483 0 0 0 0 1.000000 0.873019 0.461607 -0.157342 0.980341 0.460244 -0.886536 -0.047221 0 -0.161287 -0.031191 -0.986415 0 0 0 0 1.000000 0.872791 0.461897 -0.157753 0.980341 0.460571 -0.886372 -0.047103 0 -0.161585 -0.031546 -0.986354 0 0 0 0 1.000000 0.872619 0.462106 -0.158097 0.980341 0.460811 -0.886253 -0.046999 0 -0.161832 -0.031841 -0.986304 0 0 0 0 1.000000 0.872497 0.462247 -0.158357 0.980341 0.460976 -0.886171 -0.046918 0 -0.162019 -0.032064 -0.986267 0 0 0 0 1.000000 0.872425 0.462326 -0.158523 0.980341 0.461070 -0.886125 -0.046865 0 -0.162138 -0.032204 -0.986243 0 0 0 0 1.000000 0.872401 0.462351 -0.158581 0.980341 0.461102 -0.886110 -0.046845 -0.000000 -0.162179 -0.032254 -0.986234 0 0 0 0 1.000000</float_array>
        <technique_common>
          <accessor source="#Bip01_L_Hand_matrix_Bip01_L_Hand_transform-output-array" count="71" stride="16">
            <param name="TRANSFORM" type="float4x4"/>
          </accessor>
        </technique_common>
      </source>
      <source id="Bip01_L_Hand_matrix_Bip01_L_Hand_transform-interpolations">
        <Name_array id="Bip01_L_Hand_matrix_Bip01_L_Hand_transform-interpolations-array" count="71">LINEAR LINEAR LINEAR LINEAR LINEAR LINEAR LINEAR LINEAR LINEAR LINEAR LINEAR LINEAR LINEAR LINEAR LINEAR LINEAR LINEAR LINEAR LINEAR LINEAR LINEAR LINEAR LINEAR LINEAR LINEAR LINEAR LINEAR LINEAR LINEAR LINEAR LINEAR LINEAR LINEAR LINEAR LINEAR LINEAR LINEAR LINEAR LINEAR LINEAR LINEAR LINEAR LINEAR LINEAR LINEAR LINEAR LINEAR LINEAR LINEAR LINEAR LINEAR LINEAR LINEAR LINEAR LINEAR LINEAR LINEAR LINEAR LINEAR LINEAR LINEAR LINEAR LINEAR LINEAR LINEAR LINEAR LINEAR LINEAR LINEAR LINEAR LINEAR</Name_array>
        <technique_common>
          <accessor source="#Bip01_L_Hand_matrix_Bip01_L_Hand_transform-interpolations-array" count="71" stride="1">
            <param name="INTERPOLATION" type="Name"/>
          </accessor>
        </technique_common>
      </source>
      <sampler id="Bip01_L_Hand_matrix_Bip01_L_Hand_transform-sampler">
        <input semantic="INPUT" source="#Bip01_L_Hand_matrix_Bip01_L_Hand_transform-input"/>
        <input semantic="OUTPUT" source="#Bip01_L_Hand_matrix_Bip01_L_Hand_transform-output"/>
        <input semantic="INTERPOLATION" source="#Bip01_L_Hand_matrix_Bip01_L_Hand_transform-interpolations"/>
      </sampler>
      <channel source="#Bip01_L_Hand_matrix_Bip01_L_Hand_transform-sampler" target="Bip01_L_Hand/transform"/>
    </animation>
    <animation id="Bip01_R_Clavicle_matrix">
      <source id="Bip01_R_Clavicle_matrix_Bip01_R_Clavicle_transform-input">
        <float_array id="Bip01_R_Clavicle_matrix_Bip01_R_Clavicle_transform-input-array" count="71">0 0.033333 0.066667 0.100000 0.133333 0.166667 0.200000 0.233333 0.266667 0.300000 0.333333 0.366667 0.400000 0.433333 0.466667 0.500000 0.533333 0.566667 0.600000 0.633333 0.666667 0.700000 0.733334 0.766667 0.800000 0.833334 0.866667 0.900000 0.933334 0.966667 1.000000 1.033334 1.066667 1.100000 1.133334 1.166667 1.200000 1.233333 1.266667 1.300000 1.333333 1.366667 1.400000 1.433333 1.466667 1.500000 1.533333 1.566666 1.600000 1.633333 1.666666 1.700000 1.733333 1.766666 1.800000 1.833333 1.866666 1.899999 1.933333 1.966666 1.999999 2.033333 2.066666 2.099999 2.133333 2.166666 2.199999 2.233333 2.266666 2.299999 2.333333</float_array>
        <technique_common>
          <accessor source="#Bip01_R_Clavicle_matrix_Bip01_R_Clavicle_transform-input-array" count="71" stride="1">
            <param name="TIME" type="float"/>
          </accessor>
        </technique_common>
        <technique profile="MAYA">
          <pre_infinity>CONSTANT</pre_infinity>
          <post_infinity>CONSTANT</post_infinity>
        </technique>
      </source>
      <source id="Bip01_R_Clavicle_matrix_Bip01_R_Clavicle_transform-output">
        <float_array id="Bip01_R_Clavicle_matrix_Bip01_R_Clavicle_transform-output-array" count="1136">-0.383638 -0.000254 -0.923484 -0.269566 0.875342 -0.318759 -0.363551 -0.073128 -0.294277 -0.947836 0.122510 -0.228310 0 0 0 1.000000 -0.383638 -0.000254 -0.923483 -0.269566 0.875342 -0.318759 -0.363551 -0.073128 -0.294277 -0.947836 0.122510 -0.228310 0 0 0 1.000000 -0.383638 -0.000254 -0.923484 -0.269566 0.875342 -0.318760 -0.363551 -0.073128 -0.294277 -0.947836 0.122510 -0.228310 0 0 0 1.000000 -0.383638 -0.000254 -0.923484 -0.269566 0.875342 -0.318759 -0.363551 -0.073128 -0.294277 -0.947836 0.122510 -0.228310 0 0 0 1.000000 -0.383638 -0.000254 -0.923483 -0.269566 0.875342 -0.318759 -0.363551 -0.073128 -0.294277 -0.947836 0.122510 -0.228310 0 0 0 1.000000 -0.383638 -0.000254 -0.923484 -0.269566 0.875342 -0.318760 -0.363551 -0.073128 -0.294277 -0.947836 0.122510 -0.228310 0 0 0 1.000000 -0.383638 -0.000254 -0.923484 -0.269566 0.875342 -0.318760 -0.363551 -0.073127 -0.294277 -0.947836 0.122510 -0.228310 0 0 0 1.000000 -0.383638 -0.000254 -0.923484 -0.269566 0.875342 -0.318760 -0.363551 -0.073128 -0.294277 -0.947836 0.122510 -0.228310 0 0 0 1.000000 -0.383638 -0.000254 -0.923484 -0.269566 0.875342 -0.318759 -0.363551 -0.073128 -0.294277 -0.947836 0.122510 -0.228310 0 0 0 1.000000 -0.383638 -0.000254 -0.923483 -0.269566 0.875342 -0.318759 -0.363551 -0.073128 -0.294277 -0.947836 0.122510 -0.228310 0 0 0 1.000000 -0.383638 -0.000254 -0.923484 -0.269566 0.875342 -0.318759 -0.363551 -0.073128 -0.294277 -0.947836 0.122510 -0.228310 0 0 0 1.000000 -0.383638 -0.000254 -0.923484 -0.269566 0.875342 -0.318759 -0.363551 -0.073128 -0.294277 -0.947836 0.122510 -0.228310 0 0 0 1.000000 -0.383638 -0.000254 -0.923484 -0.269566 0.875342 -0.318759 -0.363551 -0.073128 -0.294277 -0.947836 0.122510 -0.228310 0 0 0 1.000000 -0.383638 -0.000254 -0.923484 -0.269566 0.875342 -0.318759 -0.363551 -0.073128 -0.294277 -0.947836 0.122510 -0.228310 0 0 0 1.000000 -0.383638 -0.000254 -0.923483 -0.269566 0.875342 -0.318759 -0.363551 -0.073128 -0.294277 -0.947836 0.122510 -0.228310 0 0 0 1.000000 -0.383638 -0.000254 -0.923484 -0.269566 0.875342 -0.318760 -0.363551 -0.073127 -0.294277 -0.947836 0.122510 -0.228310 0 0 0 1.000000 -0.383638 -0.000254 -0.923484 -0.269566 0.875342 -0.318760 -0.363551 -0.073128 -0.294277 -0.947836 0.122510 -0.228310 0 0 0 1.000000 -0.383638 -0.000254 -0.923484 -0.269566 0.875342 -0.318759 -0.363551 -0.073128 -0.294277 -0.947836 0.122510 -0.228310 0 0 0 1.000000 -0.383638 -0.000254 -0.923484 -0.269566 0.875342 -0.318760 -0.363551 -0.073128 -0.294277 -0.947836 0.122510 -0.228310 0 0 0 1.000000 -0.383638 -0.000254 -0.923484 -0.269566 0.875342 -0.318759 -0.363551 -0.073128 -0.294277 -0.947836 0.122510 -0.228310 0 0 0 1.000000 -0.383638 -0.000254 -0.923484 -0.269566 0.875342 -0.318760 -0.363551 -0.073128 -0.294277 -0.947835 0.122510 -0.228310 0 0 0 1.000000 -0.383638 -0.000254 -0.923483 -0.269566 0.875342 -0.318759 -0.363551 -0.073128 -0.294277 -0.947836 0.122510 -0.228310 0 0 0 1.000000 -0.383638 -0.000254 -0.923484 -0.269566 0.875342 -0.318760 -0.363551 -0.073128 -0.294277 -0.947836 0.122510 -0.228310 0 0 0 1.000000 -0.383638 -0.000254 -0.923484 -0.269566 0.875342 -0.318760 -0.363551 -0.073128 -0.294277 -0.947836 0.122510 -0.228310 0 0 0 1.000000 -0.383638 -0.000254 -0.923484 -0.269566 0.875342 -0.318760 -0.363551 -0.073128 -0.294277 -0.947836 0.122510 -0.228310 0 0 0 1.000000 -0.383638 -0.000254 -0.923484 -0.269566 0.875342 -0.318760 -0.363551 -0.073127 -0.294277 -0.947836 0.122510 -0.228310 0 0 0 1.000000 -0.383638 -0.000254 -0.923484 -0.269566 0.875342 -0.318759 -0.363551 -0.073128 -0.294277 -0.947836 0.122510 -0.228310 0 0 0 1.000000 -0.383638 -0.000254 -0.923484 -0.269566 0.875342 -0.318760 -0.363551 -0.073127 -0.294277 -0.947836 0.122510 -0.228310 0 0 0 1.000000 -0.383638 -0.000254 -0.923484 -0.269566 0.875342 -0.318760 -0.363551 -0.073128 -0.294277 -0.947836 0.122510 -0.228310 0 0 0 1.000000 -0.383638 -0.000254 -0.923483 -0.269566 0.875342 -0.318759 -0.363551 -0.073127 -0.294277 -0.947836 0.122510 -0.228310 0 0 0 1.000000 -0.383638 -0.000254 -0.923484 -0.269566 0.875342 -0.318760 -0.363551 -0.073128 -0.294277 -0.947836 0.122510 -0.228310 0 0 0 1.000000 -0.383638 -0.000254 -0.923484 -0.269566 0.875342 -0.318759 -0.363551 -0.073128 -0.294277 -0.947836 0.122510 -0.228310 0 0 0 1.000000 -0.383638 -0.000254 -0.923484 -0.269566 0.875342 -0.318760 -0.363551 -0.073128 -0.294277 -0.947836 0.122510 -0.228310 0 0 0 1.000000 -0.383638 -0.000254 -0.923484 -0.269566 0.875342 -0.318759 -0.363551 -0.073128 -0.294277 -0.947836 0.122510 -0.228310 0 0 0 1.000000 -0.383638 -0.000254 -0.923484 -0.269566 0.875342 -0.318759 -0.363551 -0.073128 -0.294277 -0.947836 0.122510 -0.228310 0 0 0 1.000000 -0.383638 -0.000254 -0.923484 -0.269566 0.875342 -0.318759 -0.363551 -0.073128 -0.294277 -0.947836 0.122510 -0.228310 0 0 0 1.000000 -0.383638 -0.000254 -0.923484 -0.269566 0.875342 -0.318759 -0.363551 -0.073128 -0.294277 -0.947836 0.122510 -0.228310 0 0 0 1.000000 -0.383638 -0.000254 -0.923484 -0.269566 0.875342 -0.318759 -0.363551 -0.073128 -0.294277 -0.947836 0.122510 -0.228310 0 0 0 1.000000 -0.383638 -0.000254 -0.923484 -0.269566 0.875342 -0.318759 -0.363551 -0.073128 -0.294277 -0.947836 0.122510 -0.228310 0 0 0 1.000000 -0.383638 -0.000254 -0.923484 -0.269565 0.875342 -0.318759 -0.363551 -0.073128 -0.294277 -0.947836 0.122510 -0.228310 0 0 0 1.000000 -0.383638 -0.000254 -0.923484 -0.269566 0.875342 -0.318760 -0.363551 -0.073128 -0.294277 -0.947836 0.122510 -0.228310 0 0 0 1.000000 -0.383638 -0.000254 -0.923484 -0.269566 0.875342 -0.318760 -0.363551 -0.073128 -0.294277 -0.947836 0.122510 -0.228310 0 0 0 1.000000 -0.383638 -0.000254 -0.923484 -0.269566 0.875342 -0.318760 -0.363551 -0.073128 -0.294277 -0.947836 0.122510 -0.228310 0 0 0 1.000000 -0.383638 -0.000254 -0.923484 -0.269566 0.875342 -0.318760 -0.363551 -0.073128 -0.294277 -0.947836 0.122510 -0.228310 0 0 0 1.000000 -0.383638 -0.000254 -0.923483 -0.269566 0.875342 -0.318759 -0.363551 -0.073128 -0.294277 -0.947836 0.122510 -0.228310 0 0 0 1.000000 -0.383638 -0.000254 -0.923484 -0.269566 0.875342 -0.318759 -0.363551 -0.073128 -0.294277 -0.947836 0.122510 -0.228310 0 0 0 1.000000 -0.383638 -0.000254 -0.923484 -0.269566 0.875342 -0.318759 -0.363551 -0.073128 -0.294277 -0.947836 0.122510 -0.228310 0 0 0 1.000000 -0.383638 -0.000254 -0.923484 -0.269566 0.875342 -0.318760 -0.363551 -0.073128 -0.294277 -0.947836 0.122510 -0.228310 0 0 0 1.000000 -0.383638 -0.000254 -0.923484 -0.269566 0.875342 -0.318759 -0.363551 -0.073128 -0.294277 -0.947836 0.122510 -0.228310 0 0 0 1.000000 -0.383638 -0.000254 -0.923484 -0.269566 0.875342 -0.318760 -0.363551 -0.073128 -0.294277 -0.947836 0.122510 -0.228310 0 0 0 1.000000 -0.383638 -0.000254 -0.923484 -0.269566 0.875342 -0.318759 -0.363551 -0.073127 -0.294277 -0.947836 0.122510 -0.228310 0 0 0 1.000000 -0.383638 -0.000254 -0.923484 -0.269566 0.875342 -0.318759 -0.363551 -0.073128 -0.294277 -0.947836 0.122510 -0.228310 0 0 0 1.000000 -0.383638 -0.000254 -0.923483 -0.269566 0.875342 -0.318760 -0.363551 -0.073128 -0.294277 -0.947836 0.122510 -0.228310 0 0 0 1.000000 -0.383638 -0.000254 -0.923484 -0.269566 0.875342 -0.318759 -0.363551 -0.073128 -0.294277 -0.947836 0.122510 -0.228310 0 0 0 1.000000 -0.383638 -0.000254 -0.923484 -0.269566 0.875342 -0.318759 -0.363551 -0.073128 -0.294277 -0.947836 0.122510 -0.228310 0 0 0 1.000000 -0.383638 -0.000254 -0.923484 -0.269566 0.875342 -0.318759 -0.363551 -0.073127 -0.294277 -0.947836 0.122510 -0.228310 0 0 0 1.000000 -0.383638 -0.000254 -0.923484 -0.269566 0.875342 -0.318760 -0.363551 -0.073128 -0.294277 -0.947836 0.122510 -0.228310 0 0 0 1.000000 -0.383638 -0.000254 -0.923484 -0.269566 0.875342 -0.318759 -0.363551 -0.073128 -0.294277 -0.947836 0.122510 -0.228310 0 0 0 1.000000 -0.383638 -0.000254 -0.923484 -0.269566 0.875342 -0.318760 -0.363551 -0.073128 -0.294277 -0.947836 0.122510 -0.228310 0 0 0 1.000000 -0.383638 -0.000254 -0.923484 -0.269566 0.875342 -0.318759 -0.363551 -0.073128 -0.294277 -0.947836 0.122510 -0.228310 0 0 0 1.000000 -0.383638 -0.000254 -0.923484 -0.269566 0.875342 -0.318760 -0.363551 -0.073128 -0.294277 -0.947836 0.122510 -0.228310 0 0 0 1.000000 -0.383638 -0.000254 -0.923484 -0.269566 0.875342 -0.318760 -0.363551 -0.073128 -0.294277 -0.947836 0.122510 -0.228310 0 0 0 1.000000 -0.383638 -0.000254 -0.923484 -0.269566 0.875342 -0.318759 -0.363551 -0.073128 -0.294277 -0.947836 0.122510 -0.228310 0 0 0 1.000000 -0.383638 -0.000254 -0.923484 -0.269566 0.875342 -0.318759 -0.363551 -0.073127 -0.294277 -0.947836 0.122510 -0.228310 0 0 0 1.000000 -0.383638 -0.000254 -0.923484 -0.269566 0.875342 -0.318759 -0.363551 -0.073128 -0.294277 -0.947836 0.122510 -0.228310 0 0 0 1.000000 -0.383638 -0.000254 -0.923484 -0.269566 0.875342 -0.318760 -0.363551 -0.073128 -0.294277 -0.947836 0.122510 -0.228310 0 0 0 1.000000 -0.383638 -0.000254 -0.923484 -0.269566 0.875342 -0.318760 -0.363551 -0.073128 -0.294277 -0.947836 0.122510 -0.228310 0 0 0 1.000000 -0.383638 -0.000254 -0.923484 -0.269566 0.875342 -0.318759 -0.363551 -0.073128 -0.294277 -0.947836 0.122510 -0.228310 0 0 0 1.000000 -0.383638 -0.000254 -0.923484 -0.269566 0.875342 -0.318759 -0.363551 -0.073128 -0.294277 -0.947836 0.122510 -0.228310 0 0 0 1.000000 -0.383638 -0.000254 -0.923484 -0.269566 0.875342 -0.318760 -0.363551 -0.073128 -0.294277 -0.947836 0.122510 -0.228310 0 0 0 1.000000 -0.383638 -0.000254 -0.923484 -0.269566 0.875342 -0.318759 -0.363551 -0.073128 -0.294277 -0.947836 0.122510 -0.228310 0 0 0 1.000000</float_array>
        <technique_common>
          <accessor source="#Bip01_R_Clavicle_matrix_Bip01_R_Clavicle_transform-output-array" count="71" stride="16">
            <param name="TRANSFORM" type="float4x4"/>
          </accessor>
        </technique_common>
      </source>
      <source id="Bip01_R_Clavicle_matrix_Bip01_R_Clavicle_transform-interpolations">
        <Name_array id="Bip01_R_Clavicle_matrix_Bip01_R_Clavicle_transform-interpolations-array" count="71">LINEAR LINEAR LINEAR LINEAR LINEAR LINEAR LINEAR LINEAR LINEAR LINEAR LINEAR LINEAR LINEAR LINEAR LINEAR LINEAR LINEAR LINEAR LINEAR LINEAR LINEAR LINEAR LINEAR LINEAR LINEAR LINEAR LINEAR LINEAR LINEAR LINEAR LINEAR LINEAR LINEAR LINEAR LINEAR LINEAR LINEAR LINEAR LINEAR LINEAR LINEAR LINEAR LINEAR LINEAR LINEAR LINEAR LINEAR LINEAR LINEAR LINEAR LINEAR LINEAR LINEAR LINEAR LINEAR LINEAR LINEAR LINEAR LINEAR LINEAR LINEAR LINEAR LINEAR LINEAR LINEAR LINEAR LINEAR LINEAR LINEAR LINEAR LINEAR</Name_array>
        <technique_common>
          <accessor source="#Bip01_R_Clavicle_matrix_Bip01_R_Clavicle_transform-interpolations-array" count="71" stride="1">
            <param name="INTERPOLATION" type="Name"/>
          </accessor>
        </technique_common>
      </source>
      <sampler id="Bip01_R_Clavicle_matrix_Bip01_R_Clavicle_transform-sampler">
        <input semantic="INPUT" source="#Bip01_R_Clavicle_matrix_Bip01_R_Clavicle_transform-input"/>
        <input semantic="OUTPUT" source="#Bip01_R_Clavicle_matrix_Bip01_R_Clavicle_transform-output"/>
        <input semantic="INTERPOLATION" source="#Bip01_R_Clavicle_matrix_Bip01_R_Clavicle_transform-interpolations"/>
      </sampler>
      <channel source="#Bip01_R_Clavicle_matrix_Bip01_R_Clavicle_transform-sampler" target="Bip01_R_Clavicle/transform"/>
    </animation>
    <animation id="Bip01_R_UpperArm_matrix">
      <source id="Bip01_R_UpperArm_matrix_Bip01_R_UpperArm_transform-input">
        <float_array id="Bip01_R_UpperArm_matrix_Bip01_R_UpperArm_transform-input-array" count="71">0 0.033333 0.066667 0.100000 0.133333 0.166667 0.200000 0.233333 0.266667 0.300000 0.333333 0.366667 0.400000 0.433333 0.466667 0.500000 0.533333 0.566667 0.600000 0.633333 0.666667 0.700000 0.733334 0.766667 0.800000 0.833334 0.866667 0.900000 0.933334 0.966667 1.000000 1.033334 1.066667 1.100000 1.133334 1.166667 1.200000 1.233333 1.266667 1.300000 1.333333 1.366667 1.400000 1.433333 1.466667 1.500000 1.533333 1.566666 1.600000 1.633333 1.666666 1.700000 1.733333 1.766666 1.800000 1.833333 1.866666 1.899999 1.933333 1.966666 1.999999 2.033333 2.066666 2.099999 2.133333 2.166666 2.199999 2.233333 2.266666 2.299999 2.333333</float_array>
        <technique_common>
          <accessor source="#Bip01_R_UpperArm_matrix_Bip01_R_UpperArm_transform-input-array" count="71" stride="1">
            <param name="TIME" type="float"/>
          </accessor>
        </technique_common>
        <technique profile="MAYA">
          <pre_infinity>CONSTANT</pre_infinity>
          <post_infinity>CONSTANT</post_infinity>
        </technique>
      </source>
      <source id="Bip01_R_UpperArm_matrix_Bip01_R_UpperArm_transform-output">
        <float_array id="Bip01_R_UpperArm_matrix_Bip01_R_UpperArm_transform-output-array" count="1136">0.921326 -0.358281 -0.150972 0.893299 -0.112226 0.126709 -0.985571 0 0.372241 0.924976 0.076532 -0.000000 0 0 0 1.000000 0.922760 -0.354711 -0.150648 0.893299 -0.112433 0.126114 -0.985624 0 0.368610 0.926432 0.076491 -0.000000 0 0 0 1.000000 0.926597 -0.344946 -0.149765 0.893298 -0.112984 0.124489 -0.985767 0 0.358681 0.930330 0.076378 -0.000000 0 0 0 1.000000 0.932109 -0.330354 -0.148457 0.893298 -0.113772 0.122073 -0.985979 0 0.343845 0.935930 0.076201 -0.000000 0 0 0 1.000000 0.938564 -0.312299 -0.146858 0.893298 -0.114687 0.119103 -0.986236 -0.000000 0.325492 0.942488 0.075969 -0.000000 0 0 0 1.000000 0.945280 -0.292216 -0.145103 0.893298 -0.115628 0.115825 -0.986516 0 0.305082 0.949313 0.075699 -0.000000 0 0 0 1.000000 0.951661 -0.271660 -0.143324 0.893298 -0.116503 0.112495 -0.986799 0 0.284197 0.955796 0.075408 -0.000000 0 0 0 1.000000 0.957216 -0.252336 -0.141650 0.893299 -0.117231 0.109383 -0.987062 -0.000000 0.264566 0.961437 0.075121 -0.000000 0 0 0 1.000000 0.961558 -0.236107 -0.140210 0.893298 -0.117744 0.106771 -0.987287 0 0.248076 0.965843 0.074866 -0.000000 0 0 0 1.000000 0.964386 -0.224949 -0.139132 0.893298 -0.117980 0.104950 -0.987454 -0.000000 0.236729 0.968702 0.074672 -0.000000 0 0 0 1.000000 0.965413 -0.220870 -0.138546 0.893298 -0.117880 0.104211 -0.987545 0 0.232557 0.969720 0.074571 -0.000000 0 0 0 1.000000 0.965278 -0.221332 -0.138748 0.893298 -0.118014 0.104362 -0.987513 0 0.233048 0.969598 0.074618 -0.000000 0 0 0 1.000000 0.964858 -0.222440 -0.139893 0.893298 -0.118948 0.104985 -0.987335 0 0.234310 0.969277 0.074836 -0.000000 0 0 0 1.000000 0.964202 -0.224042 -0.141845 0.893298 -0.120574 0.105996 -0.987029 0 0.236171 0.968798 0.075188 0 0 0 0 1.000000 0.963362 -0.225964 -0.144477 0.893299 -0.122793 0.107312 -0.986614 0 0.238443 0.968207 0.075634 -0.000000 0 0 0 1.000000 0.962397 -0.228015 -0.147655 0.893299 -0.125505 0.108844 -0.986104 0 0.240917 0.967555 0.076134 -0.000000 0 0 0 1.000000 0.961367 -0.229995 -0.151247 0.893299 -0.128611 0.110500 -0.985520 -0.000000 0.243377 0.966898 0.076652 -0.000000 0 0 0 1.000000 0.960337 -0.231709 -0.155123 0.893298 -0.132017 0.112194 -0.984878 0 0.245609 0.966294 0.077154 0 0 0 0 1.000000 0.959370 -0.232973 -0.159163 0.893299 -0.135637 0.113840 -0.984197 -0.000000 0.247411 0.965797 0.077615 -0.000000 0 0 0 1.000000 0.958523 -0.233625 -0.163255 0.893298 -0.139389 0.115365 -0.983495 0 0.248603 0.965458 0.078015 0 0 0 0 1.000000 0.957848 -0.233534 -0.167299 0.893298 -0.143202 0.116704 -0.982789 0 0.249039 0.965320 0.078342 -0.000000 0 0 0 1.000000 0.957385 -0.232601 -0.171207 0.893299 -0.147005 0.117804 -0.982096 0 0.248605 0.965411 0.078590 -0.000000 0 0 0 1.000000 0.957157 -0.230798 -0.174881 0.893298 -0.150713 0.118625 -0.981434 0 0.247258 0.965743 0.078758 0 0 0 0 1.000000 0.957167 -0.228104 -0.178323 0.893298 -0.154330 0.119161 -0.980807 0 0.244975 0.966317 0.078853 -0.000000 0 0 0 1.000000 0.957401 -0.224664 -0.181412 0.893299 -0.157721 0.119402 -0.980238 0 0.241885 0.967093 0.078881 -0.000000 0 0 0 1.000000 0.957811 -0.220670 -0.184125 0.893298 -0.160836 0.119381 -0.979735 0 0.238179 0.968015 0.078853 -0.000000 0 0 0 1.000000 0.958331 -0.216444 -0.186424 0.893298 -0.163592 0.119155 -0.979306 0 0.234178 0.968996 0.078781 -0.000000 0 0 0 1.000000 0.958865 -0.212443 -0.188271 0.893298 -0.165895 0.118808 -0.978961 0 0.230341 0.969924 0.078678 -0.000000 0 0 0 1.000000 0.959301 -0.209235 -0.189634 0.893299 -0.167635 0.118450 -0.978707 -0.000000 0.227243 0.970665 0.078554 0 0 0 0 1.000000 0.959526 -0.207436 -0.190475 0.893298 -0.168699 0.118201 -0.978555 0 0.225502 0.971081 0.078422 0 0 0 0 1.000000 0.959439 -0.207585 -0.190749 0.893299 -0.168975 0.118160 -0.978512 0 0.225663 0.971054 0.078291 -0.000000 0 0 0 1.000000 0.959007 -0.209727 -0.190578 0.893299 -0.168575 0.118372 -0.978555 0 0.227789 0.970568 0.078164 -0.000000 0 0 0 1.000000 0.958300 -0.213329 -0.190133 0.893298 -0.167730 0.118779 -0.978651 0 0.231359 0.969733 0.078044 0 0 0 0 1.000000 0.957434 -0.217800 -0.189429 0.893298 -0.166523 0.119275 -0.978797 0 0.235776 0.968678 0.077930 -0.000000 0 0 0 1.000000 0.956535 -0.222530 -0.188471 0.893298 -0.165037 0.119750 -0.978991 0 0.240425 0.967543 0.077819 -0.000001 0 0 0 1.000000 0.955721 -0.227002 -0.187263 0.893298 -0.163342 0.120105 -0.979231 0 0.244779 0.966460 0.077708 0 0 0 0 1.000000 0.955089 -0.230827 -0.185808 0.893299 -0.161494 0.120270 -0.979518 -0.000000 0.248446 0.965533 0.077591 0 0 0 0 1.000000 0.954705 -0.233753 -0.184113 0.893298 -0.159533 0.120196 -0.979848 0 0.251172 0.964838 0.077461 0 0 0 0 1.000000 0.954610 -0.235640 -0.182189 0.893298 -0.157489 0.119862 -0.980219 0 0.252816 0.964420 0.077311 0 0 0 0 1.000000 0.954813 -0.236457 -0.180056 0.893299 -0.155388 0.119265 -0.980628 -0.000000 0.253351 0.964294 0.077133 0 0 0 0 1.000000 0.955300 -0.236240 -0.177741 0.893299 -0.153251 0.118421 -0.981066 -0.000000 0.252816 0.964452 0.076923 -0.000000 0 0 0 1.000000 0.956036 -0.235097 -0.175285 0.893299 -0.151099 0.117361 -0.981527 0 0.251326 0.964860 0.076679 -0.000000 0 0 0 1.000000 0.956968 -0.233181 -0.172737 0.893299 -0.148958 0.116132 -0.982001 0 0.249044 0.965474 0.076401 0 0 0 0 1.000000 0.958035 -0.230686 -0.170158 0.893298 -0.146858 0.114790 -0.982474 -0.000000 0.246175 0.966233 0.076095 -0.000000 0 0 0 1.000000 0.959156 -0.227856 -0.167636 0.893299 -0.144849 0.113412 -0.982933 0 0.242979 0.967067 0.075775 0 0 0 0 1.000000 0.960278 -0.224884 -0.165204 0.893299 -0.142937 0.112047 -0.983369 -0.000000 0.239655 0.967922 0.075452 -0.000000 0 0 0 1.000000 0.961305 -0.222091 -0.163000 0.893299 -0.141209 0.110802 -0.983760 -0.000000 0.236545 0.968710 0.075153 -0.000000 0 0 0 1.000000 0.962168 -0.219726 -0.161100 0.893298 -0.139707 0.109752 -0.984092 0 0.233912 0.969368 0.074902 -0.000000 0 0 0 1.000000 0.962798 -0.218054 -0.159600 0.893299 -0.138491 0.108980 -0.984349 0 0.232035 0.969833 0.074727 -0.000000 0 0 0 1.000000 0.963129 -0.217325 -0.158594 0.893298 -0.137619 0.108565 -0.984517 0 0.231178 0.970043 0.074654 -0.000000 0 0 0 1.000000 0.963102 -0.217756 -0.158171 0.893298 -0.137149 0.108577 -0.984582 0 0.231572 0.969945 0.074705 0 0 0 0 1.000000 0.962659 -0.219808 -0.158027 0.893298 -0.136753 0.108945 -0.984596 0 0.233638 0.969441 0.074818 -0.000000 0 0 0 1.000000 0.961806 -0.223663 -0.157813 0.893299 -0.136085 0.109536 -0.984623 0 0.237510 0.968492 0.074916 -0.000000 0 0 0 1.000000 0.960570 -0.229101 -0.157536 0.893299 -0.135175 0.110320 -0.984661 0 0.242967 0.967131 0.075002 0 0 0 0 1.000000 0.958979 -0.235895 -0.157204 0.893298 -0.134052 0.111265 -0.984708 0 0.249779 0.965388 0.075079 -0.000000 0 0 0 1.000000 0.957058 -0.243817 -0.156823 0.893298 -0.132744 0.112337 -0.984764 0 0.257720 0.963293 0.075148 -0.000000 0 0 0 1.000000 0.954835 -0.252644 -0.156402 0.893299 -0.131282 0.113507 -0.984826 -0.000000 0.266563 0.960878 0.075213 -0.000000 0 0 0 1.000000 0.952342 -0.262155 -0.155948 0.893298 -0.129692 0.114743 -0.984893 0 0.276088 0.958180 0.075275 -0.000000 0 0 0 1.000000 0.949617 -0.272136 -0.155467 0.893299 -0.128007 0.116017 -0.984964 -0.000000 0.286081 0.955239 0.075337 -0.000000 0 0 0 1.000000 0.946704 -0.282378 -0.154969 0.893299 -0.126256 0.117303 -0.985038 0 0.296331 0.952104 0.075399 0 0 0 0 1.000000 0.943654 -0.292676 -0.154462 0.893298 -0.124472 0.118577 -0.985112 0 0.306634 0.948831 0.075466 -0.000000 0 0 0 1.000000 0.940526 -0.302834 -0.153955 0.893299 -0.122686 0.119816 -0.985186 -0.000000 0.316794 0.945482 0.075536 -0.000000 0 0 0 1.000000 0.937386 -0.312663 -0.153456 0.893298 -0.120933 0.121001 -0.985258 0 0.326622 0.942125 0.075613 -0.000000 0 0 0 1.000000 0.934306 -0.321981 -0.152975 0.893299 -0.119246 0.122114 -0.985327 0 0.335937 0.938838 0.075696 -0.000000 0 0 0 1.000000 0.931363 -0.330607 -0.152522 0.893299 -0.117659 0.123139 -0.985390 0 0.344558 0.935701 0.075788 0 0 0 0 1.000000 0.928639 -0.338368 -0.152108 0.893298 -0.116208 0.124062 -0.985446 0 0.352314 0.932800 0.075888 -0.000000 0 0 0 1.000000 0.926220 -0.345094 -0.151742 0.893298 -0.114928 0.124870 -0.985494 0 0.359037 0.930224 0.075996 -0.000000 0 0 0 1.000000 0.924194 -0.350618 -0.151435 0.893298 -0.113854 0.125552 -0.985532 0 0.364559 0.928064 0.076115 -0.000000 0 0 0 1.000000 0.922647 -0.354771 -0.151198 0.893298 -0.113023 0.126094 -0.985559 0 0.368713 0.926411 0.076243 -0.000000 0 0 0 1.000000 0.921664 -0.357383 -0.151040 0.893299 -0.112468 0.126484 -0.985572 0 0.371331 0.925354 0.076382 0 0 0 0 1.000000 0.921326 -0.358281 -0.150972 0.893299 -0.112226 0.126708 -0.985571 0 0.372241 0.924976 0.076532 -0.000000 0 0 0 1.000000</float_array>
        <technique_common>
          <accessor source="#Bip01_R_UpperArm_matrix_Bip01_R_UpperArm_transform-output-array" count="71" stride="16">
            <param name="TRANSFORM" type="float4x4"/>
          </accessor>
        </technique_common>
      </source>
      <source id="Bip01_R_UpperArm_matrix_Bip01_R_UpperArm_transform-interpolations">
        <Name_array id="Bip01_R_UpperArm_matrix_Bip01_R_UpperArm_transform-interpolations-array" count="71">LINEAR LINEAR LINEAR LINEAR LINEAR LINEAR LINEAR LINEAR LINEAR LINEAR LINEAR LINEAR LINEAR LINEAR LINEAR LINEAR LINEAR LINEAR LINEAR LINEAR LINEAR LINEAR LINEAR LINEAR LINEAR LINEAR LINEAR LINEAR LINEAR LINEAR LINEAR LINEAR LINEAR LINEAR LINEAR LINEAR LINEAR LINEAR LINEAR LINEAR LINEAR LINEAR LINEAR LINEAR LINEAR LINEAR LINEAR LINEAR LINEAR LINEAR LINEAR LINEAR LINEAR LINEAR LINEAR LINEAR LINEAR LINEAR LINEAR LINEAR LINEAR LINEAR LINEAR LINEAR LINEAR LINEAR LINEAR LINEAR LINEAR LINEAR LINEAR</Name_array>
        <technique_common>
          <accessor source="#Bip01_R_UpperArm_matrix_Bip01_R_UpperArm_transform-interpolations-array" count="71" stride="1">
            <param name="INTERPOLATION" type="Name"/>
          </accessor>
        </technique_common>
      </source>
      <sampler id="Bip01_R_UpperArm_matrix_Bip01_R_UpperArm_transform-sampler">
        <input semantic="INPUT" source="#Bip01_R_UpperArm_matrix_Bip01_R_UpperArm_transform-input"/>
        <input semantic="OUTPUT" source="#Bip01_R_UpperArm_matrix_Bip01_R_UpperArm_transform-output"/>
        <input semantic="INTERPOLATION" source="#Bip01_R_UpperArm_matrix_Bip01_R_UpperArm_transform-interpolations"/>
      </sampler>
      <channel source="#Bip01_R_UpperArm_matrix_Bip01_R_UpperArm_transform-sampler" target="Bip01_R_UpperArm/transform"/>
    </animation>
    <animation id="Bip01_R_Forearm_matrix">
      <source id="Bip01_R_Forearm_matrix_Bip01_R_Forearm_transform-input">
        <float_array id="Bip01_R_Forearm_matrix_Bip01_R_Forearm_transform-input-array" count="71">0 0.033333 0.066667 0.100000 0.133333 0.166667 0.200000 0.233333 0.266667 0.300000 0.333333 0.366667 0.400000 0.433333 0.466667 0.500000 0.533333 0.566667 0.600000 0.633333 0.666667 0.700000 0.733334 0.766667 0.800000 0.833334 0.866667 0.900000 0.933334 0.966667 1.000000 1.033334 1.066667 1.100000 1.133334 1.166667 1.200000 1.233333 1.266667 1.300000 1.333333 1.366667 1.400000 1.433333 1.466667 1.500000 1.533333 1.566666 1.600000 1.633333 1.666666 1.700000 1.733333 1.766666 1.800000 1.833333 1.866666 1.899999 1.933333 1.966666 1.999999 2.033333 2.066666 2.099999 2.133333 2.166666 2.199999 2.233333 2.266666 2.299999 2.333333</float_array>
        <technique_common>
          <accessor source="#Bip01_R_Forearm_matrix_Bip01_R_Forearm_transform-input-array" count="71" stride="1">
            <param name="TIME" type="float"/>
          </accessor>
        </technique_common>
        <technique profile="MAYA">
          <pre_infinity>CONSTANT</pre_infinity>
          <post_infinity>CONSTANT</post_infinity>
        </technique>
      </source>
      <source id="Bip01_R_Forearm_matrix_Bip01_R_Forearm_transform-output">
        <float_array id="Bip01_R_Forearm_matrix_Bip01_R_Forearm_transform-output-array" count="1136">0.541648 0.840605 0 0.968692 -0.840605 0.541648 0 0 0 0 1.000000 0 0 0 0 1.000000 0.545210 0.838299 0 0.968692 -0.838299 0.545210 0 0 0 0 1.000000 0 0 0 0 1.000000 0.554913 0.831908 0 0.968692 -0.831908 0.554913 0 0 0 0 1.000000 0 0 0 0 1.000000 0.569304 0.822127 0 0.968692 -0.822127 0.569304 0 0 0 0 1.000000 0.000000 0 0 0 1.000000 0.586926 0.809640 0 0.968692 -0.809640 0.586926 0 0 0 0 1.000000 0 0 0 0 1.000000 0.606287 0.795246 0 0.968692 -0.795246 0.606287 0 0 0 0 1.000000 0 0 0 0 1.000000 0.625839 0.779952 0 0.968692 -0.779952 0.625839 0 -0.000000 0 0 1.000000 0 0 0 0 1.000000 0.643969 0.765051 0 0.968692 -0.765051 0.643969 0 0.000000 0 0 1.000000 0 0 0 0 1.000000 0.658998 0.752145 0 0.968692 -0.752144 0.658998 0 0.000000 0 0 1.000000 0 0 0 0 1.000000 0.669212 0.743071 0 0.968692 -0.743071 0.669212 0 0.000000 0 0 1.000000 0 0 0 0 1.000000 0.672888 0.739744 0 0.968692 -0.739744 0.672888 0 0 0 0 1.000000 0 0 0 0 1.000000 0.674207 0.738542 0 0.968692 -0.738542 0.674207 0 0.000000 0 0 1.000000 0 0 0 0 1.000000 0.678368 0.734722 0 0.968692 -0.734722 0.678368 0 0.000000 0 0 1.000000 0 0 0 0 1.000000 0.685061 0.728486 0 0.968692 -0.728486 0.685061 0 0 0 0 1.000000 0 0 0 0 1.000000 0.694069 0.719908 0 0.968692 -0.719908 0.694069 0 0 0 0 1.000000 0 0 0 0 1.000000 0.705166 0.709042 0 0.968692 -0.709042 0.705166 0 -0.000000 0 0 1.000000 0 0 0 0 1.000000 0.718120 0.695919 0 0.968692 -0.695919 0.718120 0 0 0 0 1.000000 0.000000 0 0 0 1.000000 0.732684 0.680568 0 0.968692 -0.680568 0.732685 0 0.000000 0 0 1.000000 0 0 0 0 1.000000 0.748592 0.663031 0 0.968692 -0.663031 0.748592 0 0 0 0 1.000000 0 0 0 0 1.000000 0.765545 0.643382 0 0.968692 -0.643382 0.765545 0 0 0 0 1.000000 0 0 0 0 1.000000 0.783212 0.621755 0 0.968692 -0.621755 0.783212 0 0.000000 0 0 1.000000 0 0 0 0 1.000000 0.801238 0.598345 0 0.968692 -0.598345 0.801238 0 0.000000 0 0 1.000000 0 0 0 0 1.000000 0.819117 0.573627 0 0.968692 -0.573627 0.819117 0 -0.000000 0 0 1.000000 0 0 0 0 1.000000 0.836760 0.547569 0 0.968692 -0.547569 0.836760 0 0 0 0 1.000000 0 0 0 0 1.000000 0.853384 0.521282 0 0.968691 -0.521282 0.853385 0 0 0 0 1.000000 0 0 0 0 1.000000 0.868628 0.495465 0 0.968692 -0.495465 0.868628 0 0.000000 0 0 1.000000 0 0 0 0 1.000000 0.882006 0.471238 0 0.968692 -0.471238 0.882006 0 0.000000 0 0 1.000000 0 0 0 0 1.000000 0.893021 0.450014 0 0.968692 -0.450014 0.893021 0 0 0 0 1.000000 0 0 0 0 1.000000 0.901179 0.433447 0 0.968692 -0.433447 0.901179 0 0 0 0 1.000000 0 0 0 0 1.000000 0.905991 0.423297 0 0.968692 -0.423297 0.905991 0 0 0 0 1.000000 0 0 0 0 1.000000 0.906991 0.421151 0 0.968691 -0.421151 0.906991 0 -0.000000 0 0 1.000000 0 0 0 0 1.000000 0.903914 0.427714 0 0.968692 -0.427714 0.903914 0 0 0 0 1.000000 0 0 0 0 1.000000 0.897098 0.441833 0 0.968692 -0.441833 0.897098 0 -0.000000 0 0 1.000000 0 0 0 0 1.000000 0.887010 0.461751 0 0.968692 -0.461750 0.887010 0 0 0 0 1.000000 0 0 0 0 1.000000 0.874147 0.485661 0 0.968692 -0.485661 0.874147 0 0 0 0 1.000000 0 0 0 0 1.000000 0.859008 0.511963 0 0.968692 -0.511963 0.859008 0 0 0 0 1.000000 0 0 0 0 1.000000 0.842093 0.539332 0 0.968692 -0.539332 0.842093 0 0 0 0 1.000000 0 0 0 0 1.000000 0.823892 0.566747 0 0.968692 -0.566747 0.823892 0 0 0 0 1.000000 0 0 0 0 1.000000 0.804875 0.593444 0 0.968692 -0.593443 0.804876 0 0 0 0 1.000000 0 0 0 0 1.000000 0.785486 0.618880 0 0.968692 -0.618880 0.785486 0 0 0 0 1.000000 0 0 0 0 1.000000 0.766140 0.642673 0 0.968692 -0.642673 0.766140 0 0 0 0 1.000000 0 0 0 0 1.000000 0.747217 0.664580 0 0.968692 -0.664580 0.747217 0 0 0 0 1.000000 0 0 0 0 1.000000 0.729059 0.684451 0 0.968692 -0.684451 0.729059 0 0 0 0 1.000000 0 0 0 0 1.000000 0.711974 0.702206 0 0.968692 -0.702206 0.711974 0 0.000000 0 0 1.000000 0 0 0 0 1.000000 0.696328 0.717724 0 0.968692 -0.717724 0.696328 0 0 0 0 1.000000 0 0 0 0 1.000000 0.682080 0.731277 0 0.968692 -0.731277 0.682081 0 0.000000 0 0 1.000000 0 0 0 0 1.000000 0.669728 0.742606 0 0.968692 -0.742606 0.669728 0 0 0 0 1.000000 0 0 0 0 1.000000 0.659377 0.751813 0 0.968692 -0.751812 0.659377 0 0 0 0 1.000000 0 0 0 0 1.000000 0.651220 0.758889 0 0.968692 -0.758889 0.651220 0 0 0 0 1.000000 0 0 0 0 1.000000 0.645458 0.763796 0 0.968692 -0.763796 0.645458 0 0 0 0 1.000000 0 0 0 0 1.000000 0.642313 0.766442 0 0.968692 -0.766442 0.642314 0 0.000000 0 0 1.000000 0 0 0 0 1.000000 0.639959 0.768409 0 0.968692 -0.768409 0.639959 0 0 0 0 1.000000 0 0 0 0 1.000000 0.636498 0.771278 0 0.968692 -0.771278 0.636498 0 0 0 0 1.000000 0 0 0 0 1.000000 0.632070 0.774911 0 0.968692 -0.774911 0.632070 0 0.000000 0 0 1.000000 0 0 0 0 1.000000 0.626823 0.779162 0 0.968692 -0.779162 0.626823 0 0.000000 0 0 1.000000 0 0 0 0 1.000000 0.620903 0.783888 0 0.968692 -0.783888 0.620903 0 0 0 0 1.000000 0 0 0 0 1.000000 0.614456 0.788951 0 0.968692 -0.788951 0.614456 0 0 0 0 1.000000 0 0 0 0 1.000000 0.607625 0.794224 0 0.968692 -0.794224 0.607625 0 0 0 0 1.000000 0 0 0 0 1.000000 0.600551 0.799587 0 0.968692 -0.799587 0.600551 0 0.000000 0 0 1.000000 0 0 0 0 1.000000 0.593367 0.804932 0 0.968692 -0.804932 0.593367 0 0 0 0 1.000000 0 0 0 0 1.000000 0.586206 0.810162 0 0.968692 -0.810162 0.586206 0 -0.000000 0 0 1.000000 0 0 0 0 1.000000 0.579196 0.815188 0 0.968692 -0.815188 0.579196 0 0 0 0 1.000000 0 0 0 0 1.000000 0.572457 0.819935 0 0.968692 -0.819935 0.572457 0 0.000000 0 0 1.000000 0 0 0 0 1.000000 0.566103 0.824334 0 0.968692 -0.824334 0.566103 0 0 0 0 1.000000 0 0 0 0 1.000000 0.560251 0.828322 0 0.968692 -0.828323 0.560251 0 0 0 0 1.000000 0 0 0 0 1.000000 0.555011 0.831843 0 0.968692 -0.831843 0.555011 0 0 0 0 1.000000 0 0 0 0 1.000000 0.550485 0.834845 0 0.968692 -0.834845 0.550485 0 0 0 0 1.000000 0.000000 0 0 0 1.000000 0.546780 0.837276 0 0.968692 -0.837276 0.546780 0 0 0 0 1.000000 0 0 0 0 1.000000 0.544001 0.839084 0 0.968692 -0.839084 0.544001 0 0 0 0 1.000000 0 0 0 0 1.000000 0.542255 0.840214 0 0.968692 -0.840214 0.542255 0 -0.000000 0 0 1.000000 0 0 0 0 1.000000 0.541648 0.840605 0 0.968692 -0.840605 0.541648 0 0 0 0 1.000000 0 0 0 0 1.000000</float_array>
        <technique_common>
          <accessor source="#Bip01_R_Forearm_matrix_Bip01_R_Forearm_transform-output-array" count="71" stride="16">
            <param name="TRANSFORM" type="float4x4"/>
          </accessor>
        </technique_common>
      </source>
      <source id="Bip01_R_Forearm_matrix_Bip01_R_Forearm_transform-interpolations">
        <Name_array id="Bip01_R_Forearm_matrix_Bip01_R_Forearm_transform-interpolations-array" count="71">LINEAR LINEAR LINEAR LINEAR LINEAR LINEAR LINEAR LINEAR LINEAR LINEAR LINEAR LINEAR LINEAR LINEAR LINEAR LINEAR LINEAR LINEAR LINEAR LINEAR LINEAR LINEAR LINEAR LINEAR LINEAR LINEAR LINEAR LINEAR LINEAR LINEAR LINEAR LINEAR LINEAR LINEAR LINEAR LINEAR LINEAR LINEAR LINEAR LINEAR LINEAR LINEAR LINEAR LINEAR LINEAR LINEAR LINEAR LINEAR LINEAR LINEAR LINEAR LINEAR LINEAR LINEAR LINEAR LINEAR LINEAR LINEAR LINEAR LINEAR LINEAR LINEAR LINEAR LINEAR LINEAR LINEAR LINEAR LINEAR LINEAR LINEAR LINEAR</Name_array>
        <technique_common>
          <accessor source="#Bip01_R_Forearm_matrix_Bip01_R_Forearm_transform-interpolations-array" count="71" stride="1">
            <param name="INTERPOLATION" type="Name"/>
          </accessor>
        </technique_common>
      </source>
      <sampler id="Bip01_R_Forearm_matrix_Bip01_R_Forearm_transform-sampler">
        <input semantic="INPUT" source="#Bip01_R_Forearm_matrix_Bip01_R_Forearm_transform-input"/>
        <input semantic="OUTPUT" source="#Bip01_R_Forearm_matrix_Bip01_R_Forearm_transform-output"/>
        <input semantic="INTERPOLATION" source="#Bip01_R_Forearm_matrix_Bip01_R_Forearm_transform-interpolations"/>
      </sampler>
      <channel source="#Bip01_R_Forearm_matrix_Bip01_R_Forearm_transform-sampler" target="Bip01_R_Forearm/transform"/>
    </animation>
    <animation id="Bip01_R_Hand_matrix">
      <source id="Bip01_R_Hand_matrix_Bip01_R_Hand_transform-input">
        <float_array id="Bip01_R_Hand_matrix_Bip01_R_Hand_transform-input-array" count="71">0 0.033333 0.066667 0.100000 0.133333 0.166667 0.200000 0.233333 0.266667 0.300000 0.333333 0.366667 0.400000 0.433333 0.466667 0.500000 0.533333 0.566667 0.600000 0.633333 0.666667 0.700000 0.733334 0.766667 0.800000 0.833334 0.866667 0.900000 0.933334 0.966667 1.000000 1.033334 1.066667 1.100000 1.133334 1.166667 1.200000 1.233333 1.266667 1.300000 1.333333 1.366667 1.400000 1.433333 1.466667 1.500000 1.533333 1.566666 1.600000 1.633333 1.666666 1.700000 1.733333 1.766666 1.800000 1.833333 1.866666 1.899999 1.933333 1.966666 1.999999 2.033333 2.066666 2.099999 2.133333 2.166666 2.199999 2.233333 2.266666 2.299999 2.333333</float_array>
        <technique_common>
          <accessor source="#Bip01_R_Hand_matrix_Bip01_R_Hand_transform-input-array" count="71" stride="1">
            <param name="TIME" type="float"/>
          </accessor>
        </technique_common>
        <technique profile="MAYA">
          <pre_infinity>CONSTANT</pre_infinity>
          <post_infinity>CONSTANT</post_infinity>
        </technique>
      </source>
      <source id="Bip01_R_Hand_matrix_Bip01_R_Hand_transform-output">
        <float_array id="Bip01_R_Hand_matrix_Bip01_R_Hand_transform-output-array" count="1136">0.872384 0.466086 0.147345 0.980342 0.465864 -0.884033 0.038159 0 0.148043 0.035354 -0.988349 0 0 0 0 1.000000 0.873128 0.464755 0.147140 0.980341 0.464364 -0.884780 0.039126 0.000000 0.148370 0.034164 -0.988342 0 0 0 0 1.000000 0.875158 0.461093 0.146602 0.980341 0.460240 -0.886813 0.041746 0 0.149257 0.030938 -0.988314 0.000000 0 0 0 1.000000 0.878177 0.455554 0.145860 0.980341 0.454021 -0.889823 0.045597 0.000000 0.150562 0.026181 -0.988254 0 0 0 0 1.000000 0.881888 0.448593 0.145044 0.980341 0.446236 -0.893503 0.050256 0.000000 0.152142 0.020404 -0.988148 0 0 0 0 1.000000 0.885983 0.440706 0.144265 0.980342 0.437450 -0.897541 0.055302 -0.000000 0.153856 0.014113 -0.987993 0 0 0 0 1.000000 0.890138 0.432469 0.143610 0.980342 0.428313 -0.901615 0.060319 -0.000000 0.155567 0.007818 -0.987794 -0.000000 0 0 0 1.000000 0.894010 0.424570 0.143127 0.980342 0.419585 -0.905393 0.064904 -0.000000 0.157142 0.002029 -0.987574 0 0 0 0 1.000000 0.897232 0.417823 0.142827 0.980341 0.412152 -0.908524 0.068663 0 0.158451 -0.002740 -0.987363 0 0 0 0 1.000000 0.899422 0.413133 0.142691 0.980342 0.406992 -0.910651 0.071215 0.000000 0.159363 -0.005978 -0.987202 0 0 0 0 1.000000 0.900198 0.411439 0.142695 0.980341 0.405121 -0.911409 0.072182 0.000000 0.159752 -0.007170 -0.987131 0 0 0 0 1.000000 0.900847 0.409971 0.142826 0.980342 0.403856 -0.912078 0.070810 0.000000 0.159298 -0.006107 -0.987212 0.000000 0 0 0 1.000000 0.902838 0.405484 0.143061 0.980342 0.399968 -0.914097 0.066724 0.000000 0.157828 -0.003021 -0.987462 0 0 0 0 1.000000 0.905985 0.398301 0.143346 0.980341 0.393718 -0.917253 0.060273 0.000000 0.155491 0.001832 -0.987836 0 0 0 0 1.000000 0.910126 0.388648 0.143609 0.980341 0.385278 -0.921349 0.051737 0.000000 0.152422 0.008242 -0.988281 0 0 0 0 1.000000 0.915089 0.376752 0.143773 0.980341 0.374810 -0.926176 0.041415 0.000000 0.148762 0.015989 -0.988744 0 0 0 0 1.000000 0.920700 0.362833 0.143753 0.980341 0.362476 -0.931523 0.029607 0.000000 0.144651 0.024848 -0.989171 0 0 0 0 1.000000 0.926783 0.347116 0.143472 0.980342 0.348439 -0.937184 0.016614 0.000000 0.140227 0.034594 -0.989515 -0.000000 0 0 0 1.000000 0.933168 0.329831 0.142862 0.980342 0.332875 -0.942967 0.002736 0.000000 0.135617 0.045002 -0.989739 0 0 0 0 1.000000 0.939686 0.311229 0.141868 0.980341 0.315982 -0.948693 -0.011725 0.000000 0.130941 0.055845 -0.989816 0 0 0 0 1.000000 0.946176 0.291587 0.140457 0.980341 0.297990 -0.954202 -0.026469 0 0.126306 0.066899 -0.989733 0 0 0 0 1.000000 0.952488 0.271204 0.138617 0.980342 0.279157 -0.959361 -0.041200 0 0.121810 0.077939 -0.989489 0 0 0 0 1.000000 0.958445 0.250564 0.136385 0.980341 0.259927 -0.964030 -0.055533 -0.000000 0.117565 0.088675 -0.989098 0 0 0 0 1.000000 0.964031 0.229676 0.133769 0.980341 0.240307 -0.968210 -0.069441 -0.000000 0.113567 0.099089 -0.988577 0 0 0 0 1.000000 0.969026 0.209408 0.130905 0.980342 0.221126 -0.971761 -0.082367 0.000000 0.109960 0.108762 -0.987967 0 0 0 0 1.000000 0.973377 0.190201 0.127913 0.980342 0.202823 -0.974683 -0.094110 0 0.106775 0.117548 -0.987310 0 0 0 0 1.000000 0.977008 0.172734 0.124970 0.980341 0.186079 -0.976975 -0.104379 0.000000 0.104063 0.125233 -0.986655 0 0 0 0 1.000000 0.979866 0.157815 0.122297 0.980341 0.171709 -0.978660 -0.112880 0 0.101873 0.131607 -0.986054 0 0 0 0 1.000000 0.981909 0.146356 0.120145 0.980341 0.160637 -0.979775 -0.119318 0 0.100252 0.136459 -0.985560 0.000000 0 0 0 1.000000 0.983097 0.139326 0.118776 0.980341 0.153846 -0.980360 -0.123390 0 0.099251 0.139577 -0.985225 0 0 0 0 1.000000 0.983381 0.137615 0.118418 0.980341 0.152230 -0.980435 -0.124796 -0.000000 0.098928 0.140749 -0.985090 0 0 0 0 1.000000 0.982699 0.141830 0.119111 0.980341 0.156412 -0.979927 -0.123607 0.000000 0.099189 0.140099 -0.985157 0 0 0 0 1.000000 0.981071 0.151471 0.120650 0.980341 0.165907 -0.978781 -0.120261 0.000000 0.099874 0.138002 -0.985384 0 0 0 0 1.000000 0.978527 0.165534 0.122819 0.980341 0.179707 -0.976974 -0.115009 0.000000 0.100953 0.134610 -0.985743 0 0 0 0 1.000000 0.975087 0.182990 0.125383 0.980341 0.196774 -0.974471 -0.108098 0.000000 0.102401 0.130077 -0.986202 0 0 0 0 1.000000 0.970779 0.202908 0.128126 0.980341 0.216173 -0.971244 -0.099771 -0.000000 0.104197 0.124553 -0.986727 0 0 0 0 1.000000 0.965652 0.224481 0.130864 0.980342 0.237094 -0.967284 -0.090268 0 0.106320 0.118194 -0.987283 0 0 0 0 1.000000 0.959774 0.247033 0.133452 0.980341 0.258862 -0.962611 -0.079820 0.000000 0.108744 0.111155 -0.987836 0 0 0 0 1.000000 0.953238 0.270000 0.135781 0.980342 0.280923 -0.957271 -0.068660 0.000000 0.111442 0.103593 -0.988357 0 0 0 0 1.000000 0.946162 0.292907 0.137781 0.980342 0.302814 -0.951343 -0.057019 0 0.114375 0.095671 -0.988820 0 0 0 0 1.000000 0.938680 0.315349 0.139409 0.980341 0.324150 -0.944929 -0.045127 0.000000 0.117500 0.087549 -0.989206 -0.000000 0 0 0 1.000000 0.930949 0.336972 0.140652 0.980342 0.344602 -0.938161 -0.033218 0 0.120761 0.079394 -0.989502 0 0 0 0 1.000000 0.923139 0.357470 0.141524 0.980341 0.363889 -0.931194 -0.021525 0.000000 0.124091 0.071370 -0.989701 0 0 0 0 1.000000 0.915434 0.376565 0.142056 0.980341 0.381767 -0.924201 -0.010283 -0.000000 0.127416 0.063646 -0.989805 0 0 0 0 1.000000 0.908073 0.393899 0.142295 0.980341 0.397921 -0.917420 0.000208 0 0.130626 0.056433 -0.989824 0 0 0 0 1.000000 0.901122 0.409547 0.142305 0.980342 0.412441 -0.910930 0.009903 0.000000 0.133685 0.049769 -0.989773 0 0 0 0 1.000000 0.894922 0.422974 0.142153 0.980342 0.424854 -0.905075 0.018373 0.000000 0.136431 0.043952 -0.989674 0 0 0 0 1.000000 0.889635 0.434063 0.141914 0.980341 0.435077 -0.900033 0.025446 0.000000 0.138772 0.039106 -0.989552 0.000000 0 0 0 1.000000 0.885464 0.442589 0.141660 0.980341 0.442927 -0.896026 0.030884 0.000000 0.140600 0.035398 -0.989434 0 0 0 0 1.000000 0.882613 0.448313 0.141459 0.980342 0.448203 -0.893268 0.034450 0 0.141805 0.032996 -0.989345 0 0 0 0 1.000000 0.881273 0.450971 0.141363 0.980342 0.450682 -0.891962 0.035906 0 0.142283 0.032067 -0.989307 0 0 0 0 1.000000 0.880713 0.452058 0.141381 0.980342 0.451739 -0.891415 0.036211 0 0.142398 0.031976 -0.989293 0 0 0 0 1.000000 0.880088 0.453240 0.141484 0.980341 0.452899 -0.890815 0.036484 0 0.142572 0.031969 -0.989268 0 0 0 0 1.000000 0.879416 0.454487 0.141663 0.980342 0.454132 -0.890177 0.036727 0.000000 0.142797 0.032036 -0.989233 0 0 0 0 1.000000 0.878714 0.455766 0.141911 0.980342 0.455404 -0.889518 0.036939 -0.000000 0.143068 0.032168 -0.989190 0 0 0 0 1.000000 0.878000 0.457044 0.142219 0.980341 0.456682 -0.888855 0.037123 -0.000000 0.143379 0.032355 -0.989139 0.000000 0 0 0 1.000000 0.877291 0.458292 0.142577 0.980342 0.457934 -0.888204 0.037279 -0.000000 0.143722 0.032587 -0.989082 0 0 0 0 1.000000 0.876602 0.459485 0.142978 0.980341 0.459136 -0.887578 0.037408 -0.000000 0.144093 0.032855 -0.989019 0 0 0 0 1.000000 0.875947 0.460597 0.143413 0.980342 0.460262 -0.886990 0.037512 0 0.144484 0.033149 -0.988952 0 0 0 0 1.000000 0.875336 0.461615 0.143872 0.980341 0.461297 -0.886449 0.037593 0 0.144889 0.033461 -0.988882 0 0 0 0 1.000000 0.874777 0.462526 0.144344 0.980341 0.462227 -0.885962 0.037655 0.000000 0.145300 0.033780 -0.988811 0 0 0 0 1.000000 0.874276 0.463323 0.144819 0.980341 0.463044 -0.885533 0.037701 0.000000 0.145710 0.034097 -0.988740 0 0 0 0 1.000000 0.873837 0.464004 0.145286 0.980341 0.463745 -0.885165 0.037734 0.000000 0.146111 0.034403 -0.988670 0 0 0 0 1.000000 0.873461 0.464573 0.145735 0.980342 0.464333 -0.884855 0.037759 -0.000000 0.146496 0.034688 -0.988603 0 0 0 0 1.000000 0.873146 0.465034 0.146153 0.980341 0.464812 -0.884603 0.037782 0 0.146858 0.034944 -0.988540 0 0 0 0 1.000000 0.872891 0.465394 0.146529 0.980341 0.465186 -0.884405 0.037807 0.000000 0.147186 0.035162 -0.988484 0 0 0 0 1.000000 0.872691 0.465666 0.146850 0.980341 0.465469 -0.884255 0.037839 0.000000 0.147473 0.035332 -0.988435 0 0 0 0 1.000000 0.872544 0.465861 0.147104 0.980341 0.465669 -0.884148 0.037885 0.000000 0.147710 0.035445 -0.988395 0 0 0 0 1.000000 0.872446 0.465991 0.147279 0.980341 0.465797 -0.884078 0.037950 0 0.147890 0.035492 -0.988367 0 0 0 0 1.000000 0.872393 0.466063 0.147363 0.980341 0.465860 -0.884041 0.038040 0.000000 0.148004 0.035465 -0.988351 0 0 0 0 1.000000 0.872384 0.466086 0.147345 0.980342 0.465865 -0.884033 0.038159 0.000000 0.148043 0.035354 -0.988349 0 0 0 0 1.000000</float_array>
        <technique_common>
          <accessor source="#Bip01_R_Hand_matrix_Bip01_R_Hand_transform-output-array" count="71" stride="16">
            <param name="TRANSFORM" type="float4x4"/>
          </accessor>
        </technique_common>
      </source>
      <source id="Bip01_R_Hand_matrix_Bip01_R_Hand_transform-interpolations">
        <Name_array id="Bip01_R_Hand_matrix_Bip01_R_Hand_transform-interpolations-array" count="71">LINEAR LINEAR LINEAR LINEAR LINEAR LINEAR LINEAR LINEAR LINEAR LINEAR LINEAR LINEAR LINEAR LINEAR LINEAR LINEAR LINEAR LINEAR LINEAR LINEAR LINEAR LINEAR LINEAR LINEAR LINEAR LINEAR LINEAR LINEAR LINEAR LINEAR LINEAR LINEAR LINEAR LINEAR LINEAR LINEAR LINEAR LINEAR LINEAR LINEAR LINEAR LINEAR LINEAR LINEAR LINEAR LINEAR LINEAR LINEAR LINEAR LINEAR LINEAR LINEAR LINEAR LINEAR LINEAR LINEAR LINEAR LINEAR LINEAR LINEAR LINEAR LINEAR LINEAR LINEAR LINEAR LINEAR LINEAR LINEAR LINEAR LINEAR LINEAR</Name_array>
        <technique_common>
          <accessor source="#Bip01_R_Hand_matrix_Bip01_R_Hand_transform-interpolations-array" count="71" stride="1">
            <param name="INTERPOLATION" type="Name"/>
          </accessor>
        </technique_common>
      </source>
      <sampler id="Bip01_R_Hand_matrix_Bip01_R_Hand_transform-sampler">
        <input semantic="INPUT" source="#Bip01_R_Hand_matrix_Bip01_R_Hand_transform-input"/>
        <input semantic="OUTPUT" source="#Bip01_R_Hand_matrix_Bip01_R_Hand_transform-output"/>
        <input semantic="INTERPOLATION" source="#Bip01_R_Hand_matrix_Bip01_R_Hand_transform-interpolations"/>
      </sampler>
      <channel source="#Bip01_R_Hand_matrix_Bip01_R_Hand_transform-sampler" target="Bip01_R_Hand/transform"/>
    </animation>
    <animation id="Bip01_L_Thigh_matrix">
      <source id="Bip01_L_Thigh_matrix_Bip01_L_Thigh_transform-input">
        <float_array id="Bip01_L_Thigh_matrix_Bip01_L_Thigh_transform-input-array" count="71">0 0.033333 0.066667 0.100000 0.133333 0.166667 0.200000 0.233333 0.266667 0.300000 0.333333 0.366667 0.400000 0.433333 0.466667 0.500000 0.533333 0.566667 0.600000 0.633333 0.666667 0.700000 0.733334 0.766667 0.800000 0.833334 0.866667 0.900000 0.933334 0.966667 1.000000 1.033334 1.066667 1.100000 1.133334 1.166667 1.200000 1.233333 1.266667 1.300000 1.333333 1.366667 1.400000 1.433333 1.466667 1.500000 1.533333 1.566666 1.600000 1.633333 1.666666 1.700000 1.733333 1.766666 1.800000 1.833333 1.866666 1.899999 1.933333 1.966666 1.999999 2.033333 2.066666 2.099999 2.133333 2.166666 2.199999 2.233333 2.266666 2.299999 2.333333</float_array>
        <technique_common>
          <accessor source="#Bip01_L_Thigh_matrix_Bip01_L_Thigh_transform-input-array" count="71" stride="1">
            <param name="TIME" type="float"/>
          </accessor>
        </technique_common>
        <technique profile="MAYA">
          <pre_infinity>CONSTANT</pre_infinity>
          <post_infinity>CONSTANT</post_infinity>
        </technique>
      </source>
      <source id="Bip01_L_Thigh_matrix_Bip01_L_Thigh_transform-output">
        <float_array id="Bip01_L_Thigh_matrix_Bip01_L_Thigh_transform-output-array" count="1136">0.157772 0.986965 -0.031741 -0.559402 0.969290 -0.148646 0.195910 0.167696 0.188638 -0.061675 -0.980108 0.498668 0 0 0 1.000000 0.155437 0.987333 -0.031831 -0.559402 0.969568 -0.146312 0.196291 0.167696 0.189148 -0.061373 -0.980029 0.498668 0 0 0 1.000000 0.148670 0.988367 -0.032065 -0.559402 0.970356 -0.139560 0.197313 0.167696 0.190543 -0.060449 -0.979816 0.498668 0 0 0 1.000000 0.137437 0.989981 -0.032384 -0.559403 0.971598 -0.128382 0.198783 0.167696 0.192634 -0.058784 -0.979509 0.498668 0 0 0 1.000000 0.121405 0.992063 -0.032734 -0.559402 0.973213 -0.112482 0.200510 0.167696 0.195237 -0.056201 -0.979145 0.498668 0 0 0 1.000000 0.100150 0.994422 -0.033075 -0.559402 0.975039 -0.091469 0.202317 0.167696 0.198163 -0.052511 -0.978761 0.498668 0 0 0 1.000000 0.073331 0.996749 -0.033375 -0.559402 0.976800 -0.065031 0.204043 0.167696 0.201209 -0.047563 -0.978393 0.498668 0 0 0 1.000000 0.040968 0.998595 -0.033616 -0.559402 0.978084 -0.033207 0.205543 0.167696 0.204138 -0.041300 -0.978070 0.498668 0 0 0 1.000000 0.004152 0.999421 -0.033788 -0.559402 0.978402 0.002923 0.206691 0.167696 0.206670 -0.033916 -0.977823 0.498668 0 0 0 1.000000 -0.032341 0.998902 -0.033884 -0.559403 0.977499 0.038682 0.207363 0.167696 0.208446 -0.026415 -0.977677 0.498668 0 0 0 1.000000 -0.051467 0.998099 -0.033895 -0.559403 0.976562 0.057401 0.207440 0.167696 0.208992 -0.022424 -0.977660 0.498668 0 0 0 1.000000 -0.048174 0.998268 -0.033756 -0.559402 0.976956 0.054127 0.206464 0.167696 0.207934 -0.023032 -0.977872 0.498668 0 0 0 1.000000 -0.039572 0.998658 -0.033407 -0.559402 0.977886 0.045577 0.204111 0.167696 0.205360 -0.024591 -0.978378 0.498668 0 0 0 1.000000 -0.029415 0.999028 -0.032844 -0.559402 0.979045 0.035420 0.200542 0.167696 0.201510 -0.026257 -0.979134 0.498668 0 0 0 1.000000 -0.020099 0.999284 -0.032049 -0.559402 0.980286 0.025999 0.195867 0.167696 0.196560 -0.027480 -0.980107 0.498668 0 0 0 1.000000 -0.012829 0.999437 -0.030999 -0.559403 0.981570 0.018499 0.190204 0.167696 0.190670 -0.027987 -0.981255 0.498668 0 0 0 1.000000 -0.008094 0.999527 -0.029673 -0.559402 0.982896 0.013412 0.183672 0.167696 0.183983 -0.027679 -0.982540 0.498668 0 0 0 1.000000 -0.006000 0.999588 -0.028056 -0.559403 0.984259 0.010859 0.176398 0.167696 0.176630 -0.026556 -0.983919 0.498668 0 0 0 1.000000 -0.006444 0.999638 -0.026138 -0.559402 0.985640 0.010760 0.168517 0.167696 0.168737 -0.024676 -0.985352 0.498668 0 0 0 1.000000 -0.009677 0.999667 -0.023925 -0.559403 0.986996 0.013388 0.160183 0.167696 0.160450 -0.022063 -0.986797 0.498668 0 0 0 1.000000 -0.016521 0.999634 -0.021441 -0.559403 0.988252 0.019584 0.151576 0.167696 0.151940 -0.018685 -0.988213 0.498668 0 0 0 1.000000 -0.025928 0.999489 -0.018716 -0.559402 0.989339 0.028339 0.142850 0.167696 0.143307 -0.014812 -0.989567 0.498668 0 0 0 1.000000 -0.036918 0.999193 -0.015820 -0.559403 0.990194 0.038711 0.134231 0.167696 0.134736 -0.010709 -0.990824 0.498668 0 0 0 1.000000 -0.048952 0.998719 -0.012773 -0.559402 0.990793 0.050172 0.125749 0.167696 0.126229 -0.006499 -0.991980 0.498668 0 0 0 1.000000 -0.061080 0.998085 -0.009726 -0.559403 0.991117 0.061801 0.117763 0.167696 0.118138 -0.002447 -0.992994 0.498668 0 0 0 1.000000 -0.072746 0.997327 -0.006777 -0.559403 0.991196 0.073049 0.110427 0.167696 0.110627 0.001315 -0.993861 0.498668 0 0 0 1.000000 -0.083352 0.996512 -0.004058 -0.559402 0.991086 0.083322 0.103954 0.167696 0.103930 0.004643 -0.994574 0.498668 0 0 0 1.000000 -0.092347 0.995726 -0.001708 -0.559402 0.990863 0.092065 0.098559 0.167696 0.098295 0.007409 -0.995130 0.498668 0 0 0 1.000000 -0.099218 0.995066 0.000127 -0.559402 0.990618 0.098762 0.094455 0.167696 0.093976 0.009498 -0.995529 0.498668 0 0 0 1.000000 -0.103512 0.994627 0.001311 -0.559402 0.990436 0.102955 0.091852 0.167696 0.091223 0.010806 -0.995772 0.498668 0 0 0 1.000000 -0.104828 0.994489 0.001721 -0.559402 0.990384 0.104238 0.090955 0.167696 0.090274 0.011239 -0.995854 0.498668 0 0 0 1.000000 -0.102922 0.994688 0.001389 -0.559402 0.990513 0.102362 0.091684 0.167696 0.091055 0.010812 -0.995787 0.498668 0 0 0 1.000000 -0.098052 0.995181 0.000473 -0.559402 0.990805 0.097577 0.093727 0.167696 0.093230 0.009659 -0.995598 0.498668 0 0 0 1.000000 -0.090691 0.995879 -0.000929 -0.559402 0.991181 0.090354 0.096932 0.167696 0.096616 0.007870 -0.995291 0.498668 0 0 0 1.000000 -0.081349 0.996682 -0.002710 -0.559403 0.991553 0.081205 0.101141 0.167696 0.101025 0.005541 -0.994868 0.498668 0 0 0 1.000000 -0.070609 0.997493 -0.004762 -0.559402 0.991828 0.070715 0.106195 0.167696 0.106265 0.002775 -0.994334 0.498668 0 0 0 1.000000 -0.059071 0.998229 -0.006981 -0.559403 0.991934 0.059481 0.111933 0.167696 0.112150 -0.000313 -0.993691 0.498668 0 0 0 1.000000 -0.047407 0.998833 -0.009271 -0.559403 0.991821 0.048172 0.118196 0.167696 0.118504 -0.003592 -0.992947 0.498668 0 0 0 1.000000 -0.036313 0.999274 -0.011550 -0.559403 0.991471 0.037472 0.124824 0.167696 0.125166 -0.006919 -0.992112 0.498668 0 0 0 1.000000 -0.025817 0.999572 -0.013746 -0.559402 0.990916 0.027404 0.131659 0.167696 0.131979 -0.010222 -0.991200 0.498668 0 0 0 1.000000 -0.016076 0.999746 -0.015805 -0.559402 0.990191 0.018113 0.138545 0.167696 0.138796 -0.013422 -0.990230 0.498668 0 0 0 1.000000 -0.007404 0.999816 -0.017685 -0.559402 0.989333 0.009897 0.145337 0.167696 0.145486 -0.016420 -0.989224 0.498668 0 0 0 1.000000 -0.000051 0.999813 -0.019361 -0.559403 0.988391 0.002992 0.151901 0.167696 0.151930 -0.019128 -0.988206 0.498668 0 0 0 1.000000 0.005812 0.999766 -0.020820 -0.559403 0.987419 -0.002448 0.158106 0.167696 0.158018 -0.021477 -0.987203 0.498668 0 0 0 1.000000 0.010096 0.999706 -0.022053 -0.559402 0.986473 -0.006349 0.163801 0.167696 0.163613 -0.023408 -0.986247 0.498668 0 0 0 1.000000 0.012931 0.999650 -0.023086 -0.559403 0.985580 -0.008846 0.168976 0.167696 0.168713 -0.024938 -0.985350 0.498668 0 0 0 1.000000 0.014470 0.999609 -0.023909 -0.559402 0.984795 -0.010108 0.173425 0.167696 0.173116 -0.026055 -0.984557 0.498668 0 0 0 1.000000 0.015132 0.999584 -0.024541 -0.559402 0.984140 -0.010551 0.177080 0.167696 0.176748 -0.026832 -0.983890 0.498668 0 0 0 1.000000 0.015475 0.999568 -0.024994 -0.559402 0.983637 -0.010732 0.179843 0.167696 0.179497 -0.027368 -0.983378 0.498668 0 0 0 1.000000 0.016135 0.999550 -0.025274 -0.559402 0.983306 -0.011280 0.181611 0.167696 0.181245 -0.027782 -0.983046 0.498668 0 0 0 1.000000 0.017629 0.999523 -0.025378 -0.559402 0.983164 -0.012712 0.182280 0.167696 0.181870 -0.028164 -0.982919 0.498668 0 0 0 1.000000 0.021224 0.999452 -0.025404 -0.559402 0.983081 -0.016239 0.182448 0.167696 0.181936 -0.028847 -0.982887 0.498668 0 0 0 1.000000 0.027529 0.999297 -0.025458 -0.559402 0.982898 -0.022420 0.182782 0.167696 0.182083 -0.030054 -0.982824 0.498668 0 0 0 1.000000 0.035771 0.999034 -0.025535 -0.559402 0.982590 -0.030498 0.183264 0.167696 0.182309 -0.031646 -0.982732 0.498668 0 0 0 1.000000 0.045205 0.998649 -0.025637 -0.559402 0.982145 -0.039738 0.183880 0.167696 0.182612 -0.033491 -0.982614 0.498668 0 0 0 1.000000 0.055211 0.998142 -0.025761 -0.559402 0.981563 -0.049529 0.184611 0.167696 0.182992 -0.035478 -0.982474 0.498668 0 0 0 1.000000 0.065314 0.997528 -0.025907 -0.559402 0.980858 -0.059407 0.185443 0.167696 0.183446 -0.037523 -0.982313 0.498668 0 0 0 1.000000 0.075176 0.996829 -0.026072 -0.559402 0.980053 -0.069037 0.186360 0.167696 0.183969 -0.039562 -0.982136 0.498668 0 0 0 1.000000 0.084556 0.996073 -0.026255 -0.559402 0.979178 -0.078184 0.187343 0.167695 0.184554 -0.041550 -0.981944 0.498668 0 0 0 1.000000 0.093299 0.995287 -0.026455 -0.559402 0.978263 -0.086696 0.188375 0.167696 0.185194 -0.043455 -0.981741 0.498668 0 0 0 1.000000 0.101309 0.994498 -0.026666 -0.559402 0.977337 -0.094482 0.189437 0.167696 0.185876 -0.045254 -0.981531 0.498668 0 0 0 1.000000 0.108532 0.993729 -0.026887 -0.559402 0.976425 -0.101487 0.190510 0.167696 0.186587 -0.046930 -0.981317 0.498668 0 0 0 1.000000 0.114946 0.993002 -0.027113 -0.559403 0.975552 -0.107695 0.191572 0.167696 0.187311 -0.048470 -0.981104 0.498668 0 0 0 1.000000 0.120549 0.992331 -0.027339 -0.559402 0.974737 -0.113106 0.192600 0.167696 0.188031 -0.049866 -0.980896 0.498668 0 0 0 1.000000 0.125356 0.991729 -0.027557 -0.559402 0.973996 -0.117736 0.193572 0.167696 0.188727 -0.051106 -0.980699 0.498668 0 0 0 1.000000 0.129390 0.991205 -0.027763 -0.559403 0.973342 -0.121611 0.194464 0.167696 0.189377 -0.052184 -0.980517 0.498668 0 0 0 1.000000 0.132674 0.990766 -0.027948 -0.559402 0.972786 -0.124759 0.195249 0.167696 0.189960 -0.053092 -0.980355 0.498668 0 0 0 1.000000 0.135230 0.990416 -0.028105 -0.559402 0.972338 -0.127202 0.195904 0.167696 0.190452 -0.053820 -0.980220 0.498668 0 0 0 1.000000 0.137070 0.990159 -0.028226 -0.559402 0.972006 -0.128959 0.196403 0.167696 0.190830 -0.054357 -0.980117 0.498668 0 0 0 1.000000 0.138195 0.990001 -0.028303 -0.559402 0.971799 -0.130030 0.196720 0.167696 0.191073 -0.054691 -0.980051 0.498668 0 0 0 1.000000 0.138581 0.989946 -0.028331 -0.559402 0.971727 -0.130398 0.196831 0.167696 0.191158 -0.054807 -0.980028 0.498668 0 0 0 1.000000</float_array>
        <technique_common>
          <accessor source="#Bip01_L_Thigh_matrix_Bip01_L_Thigh_transform-output-array" count="71" stride="16">
            <param name="TRANSFORM" type="float4x4"/>
          </accessor>
        </technique_common>
      </source>
      <source id="Bip01_L_Thigh_matrix_Bip01_L_Thigh_transform-interpolations">
        <Name_array id="Bip01_L_Thigh_matrix_Bip01_L_Thigh_transform-interpolations-array" count="71">LINEAR LINEAR LINEAR LINEAR LINEAR LINEAR LINEAR LINEAR LINEAR LINEAR LINEAR LINEAR LINEAR LINEAR LINEAR LINEAR LINEAR LINEAR LINEAR LINEAR LINEAR LINEAR LINEAR LINEAR LINEAR LINEAR LINEAR LINEAR LINEAR LINEAR LINEAR LINEAR LINEAR LINEAR LINEAR LINEAR LINEAR LINEAR LINEAR LINEAR LINEAR LINEAR LINEAR LINEAR LINEAR LINEAR LINEAR LINEAR LINEAR LINEAR LINEAR LINEAR LINEAR LINEAR LINEAR LINEAR LINEAR LINEAR LINEAR LINEAR LINEAR LINEAR LINEAR LINEAR LINEAR LINEAR LINEAR LINEAR LINEAR LINEAR LINEAR</Name_array>
        <technique_common>
          <accessor source="#Bip01_L_Thigh_matrix_Bip01_L_Thigh_transform-interpolations-array" count="71" stride="1">
            <param name="INTERPOLATION" type="Name"/>
          </accessor>
        </technique_common>
      </source>
      <sampler id="Bip01_L_Thigh_matrix_Bip01_L_Thigh_transform-sampler">
        <input semantic="INPUT" source="#Bip01_L_Thigh_matrix_Bip01_L_Thigh_transform-input"/>
        <input semantic="OUTPUT" source="#Bip01_L_Thigh_matrix_Bip01_L_Thigh_transform-output"/>
        <input semantic="INTERPOLATION" source="#Bip01_L_Thigh_matrix_Bip01_L_Thigh_transform-interpolations"/>
      </sampler>
      <channel source="#Bip01_L_Thigh_matrix_Bip01_L_Thigh_transform-sampler" target="Bip01_L_Thigh/transform"/>
    </animation>
    <animation id="Bip01_L_Calf_matrix">
      <source id="Bip01_L_Calf_matrix_Bip01_L_Calf_transform-input">
        <float_array id="Bip01_L_Calf_matrix_Bip01_L_Calf_transform-input-array" count="71">0 0.033333 0.066667 0.100000 0.133333 0.166667 0.200000 0.233333 0.266667 0.300000 0.333333 0.366667 0.400000 0.433333 0.466667 0.500000 0.533333 0.566667 0.600000 0.633333 0.666667 0.700000 0.733334 0.766667 0.800000 0.833334 0.866667 0.900000 0.933334 0.966667 1.000000 1.033334 1.066667 1.100000 1.133334 1.166667 1.200000 1.233333 1.266667 1.300000 1.333333 1.366667 1.400000 1.433333 1.466667 1.500000 1.533333 1.566666 1.600000 1.633333 1.666666 1.700000 1.733333 1.766666 1.800000 1.833333 1.866666 1.899999 1.933333 1.966666 1.999999 2.033333 2.066666 2.099999 2.133333 2.166666 2.199999 2.233333 2.266666 2.299999 2.333333</float_array>
        <technique_common>
          <accessor source="#Bip01_L_Calf_matrix_Bip01_L_Calf_transform-input-array" count="71" stride="1">
            <param name="TIME" type="float"/>
          </accessor>
        </technique_common>
        <technique profile="MAYA">
          <pre_infinity>CONSTANT</pre_infinity>
          <post_infinity>CONSTANT</post_infinity>
        </technique>
      </source>
      <source id="Bip01_L_Calf_matrix_Bip01_L_Calf_transform-output">
        <float_array id="Bip01_L_Calf_matrix_Bip01_L_Calf_transform-output-array" count="1136">0.638195 0.769875 0 1.191516 -0.769874 0.638195 0 0 0 0 1.000000 0 0 0 0 1.000000 0.647241 0.762285 0 1.191516 -0.762285 0.647241 0 0 0 0 1.000000 0 0 0 0 1.000000 0.671961 0.740587 0 1.191517 -0.740587 0.671961 0 0 0 0 1.000000 0 0 0 0 1.000000 0.708835 0.705375 0 1.191516 -0.705375 0.708835 0 0 0 0 1.000000 0 0 0 0 1.000000 0.754320 0.656507 0 1.191516 -0.656507 0.754320 0 0 0 0 1.000000 0 0 0 0 1.000000 0.804704 0.593676 0 1.191516 -0.593676 0.804704 0 0 0 0 1.000000 0 0 0 0 1.000000 0.856016 0.516949 0 1.191516 -0.516949 0.856016 0 0 0 0 1.000000 0 0 0 0 1.000000 0.903993 0.427548 0 1.191516 -0.427548 0.903993 0 0 0 0 1.000000 0 0 0 0 1.000000 0.944115 0.329617 0 1.191516 -0.329617 0.944115 0 0.000000 0 0 1.000000 0 0 0 0 1.000000 0.971696 0.236235 0 1.191516 -0.236235 0.971696 0 0 0 0 1.000000 0 0 0 0 1.000000 0.982024 0.188755 0 1.191516 -0.188755 0.982024 0 0.000000 0 0 1.000000 0 0 0 0 1.000000 0.979718 0.200382 0 1.191516 -0.200382 0.979718 0 0 0 0 1.000000 0 0 0 0 1.000000 0.972734 0.231924 0 1.191516 -0.231924 0.972734 0 0.000000 0 0 1.000000 0 0 0 0 1.000000 0.961788 0.273795 0 1.191516 -0.273795 0.961788 0 -0.000000 0 0 1.000000 0 0 0 0 1.000000 0.947523 0.319687 0 1.191516 -0.319687 0.947523 0 0 0 0 1.000000 0 0 0 0 1.000000 0.930631 0.365958 0 1.191516 -0.365958 0.930631 0 0.000000 0 0 1.000000 0 0 0 0 1.000000 0.911798 0.410639 0 1.191516 -0.410640 0.911798 0 0 0 0 1.000000 -0.000000 0 0 0 1.000000 0.891687 0.452652 0 1.191517 -0.452652 0.891687 0 0 0 0 1.000000 0 0 0 0 1.000000 0.870925 0.491416 0 1.191516 -0.491416 0.870925 0 0 0 0 1.000000 0 0 0 0 1.000000 0.850544 0.525904 0 1.191516 -0.525904 0.850544 0 0.000000 0 0 1.000000 0 0 0 0 1.000000 0.832287 0.554345 0 1.191516 -0.554345 0.832287 0 0 0 0 1.000000 0 0 0 0 1.000000 0.816070 0.577953 0 1.191516 -0.577953 0.816070 0 0.000000 0 0 1.000000 0 0 0 0 1.000000 0.801869 0.597500 0 1.191516 -0.597500 0.801869 0 0 0 0 1.000000 0 0 0 0 1.000000 0.789352 0.613940 0 1.191516 -0.613940 0.789352 0 0 0 0 1.000000 -0.000000 0 0 0 1.000000 0.778669 0.627435 0 1.191516 -0.627435 0.778669 0 0 0 0 1.000000 0 0 0 0 1.000000 0.769656 0.638459 0 1.191517 -0.638459 0.769656 0 0.000000 0 0 1.000000 0 0 0 0 1.000000 0.762232 0.647304 0 1.191516 -0.647304 0.762232 0 0 0 0 1.000000 0 0 0 0 1.000000 0.756324 0.654197 0 1.191517 -0.654197 0.756324 0 0.000000 0 0 1.000000 0.000000 0 0 0 1.000000 0.751885 0.659294 0 1.191516 -0.659294 0.751885 0 0 0 0 1.000000 0 0 0 0 1.000000 0.748917 0.662664 0 1.191516 -0.662664 0.748917 0 0 0 0 1.000000 0 0 0 0 1.000000 0.747493 0.664270 0 1.191516 -0.664270 0.747493 0 0 0 0 1.000000 0 0 0 0 1.000000 0.747580 0.664172 0 1.191516 -0.664172 0.747580 0 0 0 0 1.000000 0.000000 0 0 0 1.000000 0.749030 0.662536 0 1.191517 -0.662536 0.749030 0 0 0 0 1.000000 0.000000 0 0 0 1.000000 0.751878 0.659302 0 1.191517 -0.659302 0.751878 0 0 0 0 1.000000 0 0 0 0 1.000000 0.756214 0.654324 0 1.191516 -0.654324 0.756215 0 0.000000 0 0 1.000000 0 0 0 0 1.000000 0.762184 0.647360 0 1.191517 -0.647360 0.762184 0 0 0 0 1.000000 0 0 0 0 1.000000 0.769942 0.638114 0 1.191516 -0.638114 0.769942 0 0 0 0 1.000000 0 0 0 0 1.000000 0.779662 0.626200 0 1.191516 -0.626201 0.779662 0 0 0 0 1.000000 0 0 0 0 1.000000 0.791515 0.611150 0 1.191516 -0.611150 0.791515 0 0.000000 0 0 1.000000 0 0 0 0 1.000000 0.804870 0.593451 0 1.191516 -0.593451 0.804870 0 0.000000 0 0 1.000000 0 0 0 0 1.000000 0.819247 0.573441 0 1.191516 -0.573441 0.819247 0 0 0 0 1.000000 0 0 0 0 1.000000 0.834348 0.551238 0 1.191516 -0.551238 0.834348 0 -0.000000 0 0 1.000000 0 0 0 0 1.000000 0.849812 0.527086 0 1.191516 -0.527086 0.849812 0 0 0 0 1.000000 -0.000000 0 0 0 1.000000 0.865222 0.501389 0 1.191516 -0.501389 0.865222 0 0 0 0 1.000000 0 0 0 0 1.000000 0.880018 0.474940 0 1.191516 -0.474940 0.880018 0 0.000000 0 0 1.000000 0 0 0 0 1.000000 0.893955 0.448156 0 1.191516 -0.448156 0.893955 0 0.000000 0 0 1.000000 0 0 0 0 1.000000 0.906215 0.422817 0 1.191516 -0.422817 0.906215 0 0.000000 0 0 1.000000 0 0 0 0 1.000000 0.916324 0.400438 0 1.191516 -0.400438 0.916324 0 0 0 0 1.000000 0 0 0 0 1.000000 0.923713 0.383086 0 1.191516 -0.383086 0.923713 0 0 0 0 1.000000 0 0 0 0 1.000000 0.927829 0.373005 0 1.191516 -0.373005 0.927829 0 0 0 0 1.000000 0 0 0 0 1.000000 0.928160 0.372181 0 1.191516 -0.372181 0.928160 0 0 0 0 1.000000 0 0 0 0 1.000000 0.924586 0.380973 0 1.191517 -0.380973 0.924586 0 0 0 0 1.000000 0 0 0 0 1.000000 0.917574 0.397566 0 1.191516 -0.397566 0.917574 0 0 0 0 1.000000 0 0 0 0 1.000000 0.907538 0.419969 0 1.191517 -0.419969 0.907538 0 0 0 0 1.000000 0 0 0 0 1.000000 0.894902 0.446263 0 1.191516 -0.446263 0.894902 0 0 0 0 1.000000 0 0 0 0 1.000000 0.880090 0.474807 0 1.191516 -0.474807 0.880090 0 0 0 0 1.000000 0 0 0 0 1.000000 0.863525 0.504307 0 1.191516 -0.504307 0.863525 0 0 0 0 1.000000 0 0 0 0 1.000000 0.845620 0.533785 0 1.191516 -0.533785 0.845620 0 0 0 0 1.000000 0 0 0 0 1.000000 0.826788 0.562513 0 1.191517 -0.562513 0.826789 0 0 0 0 1.000000 0 0 0 0 1.000000 0.807427 0.589967 0 1.191516 -0.589967 0.807427 0 0 0 0 1.000000 0 0 0 0 1.000000 0.787924 0.615773 0 1.191517 -0.615773 0.787924 0 0 0 0 1.000000 0 0 0 0 1.000000 0.768659 0.639659 0 1.191516 -0.639659 0.768659 0 0.000000 0 0 1.000000 0 0 0 0 1.000000 0.749995 0.661443 0 1.191516 -0.661443 0.749995 0 0 0 0 1.000000 0 0 0 0 1.000000 0.732286 0.680997 0 1.191517 -0.680997 0.732286 0 0 0 0 1.000000 0 0 0 0 1.000000 0.715876 0.698227 0 1.191516 -0.698227 0.715876 0 0 0 0 1.000000 0 0 0 0 1.000000 0.701098 0.713065 0 1.191516 -0.713065 0.701098 0 0.000000 0 0 1.000000 0 0 0 0 1.000000 0.688278 0.725447 0 1.191516 -0.725447 0.688278 0 0 0 0 1.000000 0 0 0 0 1.000000 0.677742 0.735300 0 1.191516 -0.735300 0.677742 0 0 0 0 1.000000 0 0 0 0 1.000000 0.669809 0.742533 0 1.191516 -0.742533 0.669809 0 0 0 0 1.000000 0 0 0 0 1.000000 0.664805 0.747017 0 1.191516 -0.747017 0.664805 0 0.000000 0 0 1.000000 0 0 0 0 1.000000 0.663060 0.748566 0 1.191516 -0.748566 0.663060 0 0 0 0 1.000000 0 0 0 0 1.000000</float_array>
        <technique_common>
          <accessor source="#Bip01_L_Calf_matrix_Bip01_L_Calf_transform-output-array" count="71" stride="16">
            <param name="TRANSFORM" type="float4x4"/>
          </accessor>
        </technique_common>
      </source>
      <source id="Bip01_L_Calf_matrix_Bip01_L_Calf_transform-interpolations">
        <Name_array id="Bip01_L_Calf_matrix_Bip01_L_Calf_transform-interpolations-array" count="71">LINEAR LINEAR LINEAR LINEAR LINEAR LINEAR LINEAR LINEAR LINEAR LINEAR LINEAR LINEAR LINEAR LINEAR LINEAR LINEAR LINEAR LINEAR LINEAR LINEAR LINEAR LINEAR LINEAR LINEAR LINEAR LINEAR LINEAR LINEAR LINEAR LINEAR LINEAR LINEAR LINEAR LINEAR LINEAR LINEAR LINEAR LINEAR LINEAR LINEAR LINEAR LINEAR LINEAR LINEAR LINEAR LINEAR LINEAR LINEAR LINEAR LINEAR LINEAR LINEAR LINEAR LINEAR LINEAR LINEAR LINEAR LINEAR LINEAR LINEAR LINEAR LINEAR LINEAR LINEAR LINEAR LINEAR LINEAR LINEAR LINEAR LINEAR LINEAR</Name_array>
        <technique_common>
          <accessor source="#Bip01_L_Calf_matrix_Bip01_L_Calf_transform-interpolations-array" count="71" stride="1">
            <param name="INTERPOLATION" type="Name"/>
          </accessor>
        </technique_common>
      </source>
      <sampler id="Bip01_L_Calf_matrix_Bip01_L_Calf_transform-sampler">
        <input semantic="INPUT" source="#Bip01_L_Calf_matrix_Bip01_L_Calf_transform-input"/>
        <input semantic="OUTPUT" source="#Bip01_L_Calf_matrix_Bip01_L_Calf_transform-output"/>
        <input semantic="INTERPOLATION" source="#Bip01_L_Calf_matrix_Bip01_L_Calf_transform-interpolations"/>
      </sampler>
      <channel source="#Bip01_L_Calf_matrix_Bip01_L_Calf_transform-sampler" target="Bip01_L_Calf/transform"/>
    </animation>
    <animation id="Bip01_L_Foot_matrix">
      <source id="Bip01_L_Foot_matrix_Bip01_L_Foot_transform-input">
        <float_array id="Bip01_L_Foot_matrix_Bip01_L_Foot_transform-input-array" count="71">0 0.033333 0.066667 0.100000 0.133333 0.166667 0.200000 0.233333 0.266667 0.300000 0.333333 0.366667 0.400000 0.433333 0.466667 0.500000 0.533333 0.566667 0.600000 0.633333 0.666667 0.700000 0.733334 0.766667 0.800000 0.833334 0.866667 0.900000 0.933334 0.966667 1.000000 1.033334 1.066667 1.100000 1.133334 1.166667 1.200000 1.233333 1.266667 1.300000 1.333333 1.366667 1.400000 1.433333 1.466667 1.500000 1.533333 1.566666 1.600000 1.633333 1.666666 1.700000 1.733333 1.766666 1.800000 1.833333 1.866666 1.899999 1.933333 1.966666 1.999999 2.033333 2.066666 2.099999 2.133333 2.166666 2.199999 2.233333 2.266666 2.299999 2.333333</float_array>
        <technique_common>
          <accessor source="#Bip01_L_Foot_matrix_Bip01_L_Foot_transform-input-array" count="71" stride="1">
            <param name="TIME" type="float"/>
          </accessor>
        </technique_common>
        <technique profile="MAYA">
          <pre_infinity>CONSTANT</pre_infinity>
          <post_infinity>CONSTANT</post_infinity>
        </technique>
      </source>
      <source id="Bip01_L_Foot_matrix_Bip01_L_Foot_transform-output">
        <float_array id="Bip01_L_Foot_matrix_Bip01_L_Foot_transform-output-array" count="1136">0.787223 -0.593381 -0.167868 0.961470 0.584046 0.804788 -0.105865 -0.000000 0.197916 -0.014703 0.980109 0 0 0 0 1.000000 0.791836 -0.586986 -0.168653 0.961470 0.577637 0.809475 -0.105287 0 0.198323 -0.014050 0.980036 0 0 0 0 1.000000 0.804326 -0.569104 -0.170822 0.961470 0.559727 0.822174 -0.103613 0 0.199412 -0.012275 0.979839 0 0 0 0 1.000000 0.822667 -0.541203 -0.174124 0.961470 0.531815 0.840837 -0.100829 -0.000000 0.200978 -0.009653 0.979548 -0.000000 0 0 0 1.000000 0.844868 -0.504378 -0.178326 0.961470 0.495037 0.863459 -0.096837 0 0.202820 -0.006463 0.979195 0 0 0 0 1.000000 0.869026 -0.459604 -0.183188 0.961470 0.450412 0.888119 -0.091507 0 0.204750 -0.002988 0.978810 0 0 0 0 1.000000 0.893350 -0.407944 -0.188435 0.961470 0.399050 0.913007 -0.084722 0.000000 0.206605 0.000491 0.978424 0 0 0 0 1.000000 0.916151 -0.350905 -0.193735 0.961470 0.342495 0.936404 -0.076454 0 0.208242 0.003690 0.978071 0 0 0 0 1.000000 0.935772 -0.291321 -0.198652 0.961470 0.283591 0.956604 -0.066963 0.000000 0.209539 0.006326 0.977780 0 0 0 0 1.000000 0.950263 -0.236597 -0.202537 0.961470 0.229650 0.971574 -0.057490 -0.000000 0.210381 0.008118 0.977586 -0.000000 0 0 0 1.000000 0.956275 -0.209383 -0.204196 0.961470 0.202882 0.977794 -0.052512 -0.000000 0.210657 0.008788 0.977520 0 0 0 0 1.000000 0.954850 -0.216714 -0.203217 0.961470 0.210223 0.976201 -0.053267 -0.000000 0.209924 0.008141 0.977684 0 0 0 0 1.000000 0.950635 -0.236823 -0.200517 0.961470 0.230396 0.971533 -0.055153 -0.000000 0.207870 0.006232 0.978136 0 0 0 0 1.000000 0.944214 -0.264266 -0.196529 0.961470 0.258038 0.964444 -0.057130 -0.000000 0.204639 0.003231 0.978832 0 0 0 0 1.000000 0.935950 -0.295447 -0.191594 0.961470 0.289596 0.955359 -0.058510 0 0.200327 -0.000723 0.979729 0 0 0 0 1.000000 0.926114 -0.328201 -0.185999 0.961470 0.322913 0.944592 -0.058934 0 0.195036 -0.005482 0.980781 0 0 0 0 1.000000 0.914927 -0.361265 -0.179989 0.961470 0.356704 0.932399 -0.058257 0 0.188868 -0.010902 0.981942 0 0 0 0 1.000000 0.902605 -0.393839 -0.173767 0.961470 0.390135 0.919025 -0.056456 0 0.181931 -0.016835 0.983167 0 0 0 0 1.000000 0.889382 -0.425371 -0.167511 0.961470 0.422617 0.904723 -0.053583 0 0.174344 -0.023138 0.984413 0 0 0 0 1.000000 0.875405 -0.455636 -0.161438 0.961471 0.453878 0.889671 -0.049800 -0.000000 0.166318 -0.029678 0.985626 0 0 0 0 1.000000 0.860805 -0.484509 -0.155777 0.961470 0.483750 0.874031 -0.045333 0 0.158118 -0.036335 0.986751 0 0 0 0 1.000000 0.845815 -0.511806 -0.150505 0.961470 0.512016 0.858028 -0.040347 -0.000000 0.149787 -0.042936 0.987786 0 0 0 0 1.000000 0.830885 -0.537043 -0.145654 0.961470 0.538161 0.842114 -0.035028 0.000000 0.141469 -0.049281 0.988715 0 0 0 0 1.000000 0.816078 -0.560438 -0.141161 0.961470 0.562393 0.826345 -0.029459 0 0.133158 -0.055347 0.989548 0 0 0 0 1.000000 0.802108 -0.581217 -0.137146 0.961470 0.583907 0.811468 -0.023930 0 0.125198 -0.060886 0.990262 0 0 0 0 1.000000 0.789246 -0.599362 -0.133624 0.961470 0.602678 0.797767 -0.018630 -0.000000 0.117767 -0.065829 0.990857 0 0 0 0 1.000000 0.777866 -0.614701 -0.130638 0.961470 0.618529 0.785641 -0.013792 -0.000000 0.111113 -0.070075 0.991334 0 0 0 0 1.000000 0.768302 -0.627110 -0.128233 0.961470 0.631333 0.775451 -0.009660 -0.000000 0.105497 -0.073536 0.991697 0 0 0 0 1.000000 0.760940 -0.636380 -0.126456 0.961470 0.640884 0.767610 -0.006463 0.000000 0.101182 -0.076126 0.991951 0 0 0 0 1.000000 0.756084 -0.642357 -0.125356 0.961470 0.647031 0.762451 -0.004435 0 0.098427 -0.077755 0.992102 -0.000000 0 0 0 1.000000 0.753974 -0.644903 -0.124991 0.961471 0.649631 0.760240 -0.003805 -0.000000 0.097477 -0.078329 0.992150 0 0 0 0 1.000000 0.754935 -0.643714 -0.125321 0.961470 0.648403 0.761285 -0.004377 0.000000 0.098223 -0.077954 0.992107 0 0 0 0 1.000000 0.758265 -0.639609 -0.126230 0.961470 0.644184 0.764849 -0.005878 -0.000000 0.100306 -0.076859 0.991984 0 0 0 0 1.000000 0.763874 -0.632613 -0.127664 0.961471 0.637003 0.770818 -0.008139 -0.000000 0.103554 -0.075105 0.991784 0 0 0 0 1.000000 0.771366 -0.623059 -0.129579 0.961470 0.627195 0.778784 -0.011044 -0.000000 0.107795 -0.072753 0.991507 -0.000000 0 0 0 1.000000 0.780523 -0.611046 -0.131937 0.961470 0.614858 0.788506 -0.014426 -0.000000 0.112848 -0.069863 0.991153 0 0 0 0 1.000000 0.791069 -0.596712 -0.134705 0.961470 0.600132 0.799695 -0.018127 0 0.118540 -0.066501 0.990720 0 0 0 0 1.000000 0.802563 -0.580419 -0.137862 0.961470 0.583384 0.811898 -0.022035 -0.000000 0.124719 -0.062742 0.990206 0 0 0 0 1.000000 0.814789 -0.562252 -0.141388 0.961470 0.564708 0.824882 -0.025984 -0.000000 0.131238 -0.058671 0.989613 0 0 0 0 1.000000 0.827454 -0.542429 -0.145225 0.961470 0.544330 0.838341 -0.029828 -0.000000 0.137928 -0.054369 0.988949 0 0 0 0 1.000000 0.840367 -0.521049 -0.149301 0.961470 0.522368 0.852066 -0.033399 0.000000 0.144616 -0.049923 0.988228 0 0 0 0 1.000000 0.853243 -0.498399 -0.153545 0.961470 0.499125 0.865757 -0.036584 0 0.151166 -0.045423 0.987464 0 0 0 0 1.000000 0.865794 -0.474844 -0.157874 0.961470 0.474985 0.879116 -0.039294 -0.000000 0.157449 -0.040967 0.986677 0 0 0 0 1.000000 0.877746 -0.450839 -0.162193 0.961470 0.450422 0.891852 -0.041471 -0.000000 0.163349 -0.036655 0.985887 0 0 0 0 1.000000 0.888762 -0.427111 -0.166366 0.961470 0.426182 0.903611 -0.043083 0 0.168732 -0.032612 0.985122 0 0 0 0 1.000000 0.898781 -0.403950 -0.170345 0.961470 0.402563 0.914326 -0.044177 -0.000000 0.173596 -0.028869 0.984394 0 0 0 0 1.000000 0.907348 -0.382720 -0.173914 0.961470 0.380950 0.923510 -0.044801 0 0.177757 -0.025603 0.983741 0 0 0 0 1.000000 0.914272 -0.364412 -0.176950 0.961470 0.362335 0.930957 -0.045089 0.000000 0.181163 -0.022892 0.983187 0 0 0 0 1.000000 0.919293 -0.350363 -0.179295 0.961470 0.348057 0.936382 -0.045217 0 0.183731 -0.020837 0.982756 0 0 0 0 1.000000 0.922142 -0.342007 -0.180792 0.961470 0.339545 0.939494 -0.045381 0 0.185374 -0.019539 0.982474 0 0 0 0 1.000000 0.922551 -0.340635 -0.181293 0.961470 0.338090 0.940001 -0.045743 0 0.185997 -0.019093 0.982365 -0.000000 0 0 0 1.000000 0.920613 -0.345894 -0.181188 0.961470 0.343237 0.938080 -0.046847 0 0.186173 -0.019062 0.982332 -0.000000 0 0 0 1.000000 0.916773 -0.356064 -0.180960 0.961470 0.353179 0.934269 -0.049041 0.000000 0.186527 -0.018952 0.982267 -0.000000 0 0 0 1.000000 0.911302 -0.370010 -0.180616 0.961471 0.366804 0.928838 -0.052099 -0.000000 0.187040 -0.018772 0.982173 0 0 0 0 1.000000 0.904460 -0.386643 -0.180162 0.961470 0.383042 0.922043 -0.055810 0.000000 0.187696 -0.018532 0.982052 0 0 0 0 1.000000 0.896493 -0.405021 -0.179605 0.961470 0.400970 0.914125 -0.059985 0 0.188477 -0.018240 0.981908 0 0 0 0 1.000000 0.887622 -0.424386 -0.178950 0.961470 0.419842 0.905304 -0.064469 0.000000 0.189364 -0.017907 0.981743 0 0 0 0 1.000000 0.878056 -0.444141 -0.178206 0.961470 0.439077 0.895785 -0.069138 -0.000000 0.190341 -0.017539 0.981561 0 0 0 0 1.000000 0.867990 -0.463819 -0.177382 0.961470 0.458218 0.885764 -0.073886 0.000000 0.191388 -0.017148 0.981365 -0.000000 0 0 0 1.000000 0.857615 -0.483060 -0.176492 0.961470 0.476912 0.875427 -0.078626 0 0.192487 -0.016741 0.981157 0 0 0 0 1.000000 0.847119 -0.501569 -0.175551 0.961470 0.494876 0.864963 -0.083281 0 0.193617 -0.016327 0.980941 -0.000000 0 0 0 1.000000 0.836690 -0.519107 -0.174578 0.961470 0.511878 0.854561 -0.087783 0 0.194756 -0.015915 0.980722 0 0 0 0 1.000000 0.826518 -0.535474 -0.173593 0.961470 0.527728 0.844409 -0.092068 0.000000 0.195883 -0.015514 0.980505 0 0 0 0 1.000000 0.816795 -0.550499 -0.172619 0.961470 0.542262 0.834698 -0.096075 0 0.196974 -0.015131 0.980292 0 0 0 0 1.000000 0.807714 -0.564025 -0.171682 0.961470 0.555331 0.825626 -0.099746 0.000000 0.198004 -0.014775 0.980090 0 0 0 0 1.000000 0.799474 -0.575904 -0.170810 0.961470 0.566799 0.817390 -0.103021 0 0.198949 -0.014453 0.979903 0 0 0 0 1.000000 0.792275 -0.585994 -0.170031 0.961470 0.576530 0.810191 -0.105842 0 0.199780 -0.014172 0.979738 0 0 0 0 1.000000 0.786321 -0.594147 -0.169375 0.961470 0.584388 0.804235 -0.108149 0 0.200474 -0.013940 0.979600 0 0 0 0 1.000000 0.781815 -0.600206 -0.168870 0.961470 0.590223 0.799727 -0.109880 0 0.201001 -0.013765 0.979494 0 0 0 0 1.000000 0.778962 -0.603994 -0.168548 0.961470 0.593870 0.796872 -0.110970 0 0.201337 -0.013654 0.979427 -0.000000 0 0 0 1.000000 0.777965 -0.605310 -0.168435 0.961470 0.595136 0.795874 -0.111349 0 0.201454 -0.013616 0.979403 0 0 0 0 1.000000</float_array>
        <technique_common>
          <accessor source="#Bip01_L_Foot_matrix_Bip01_L_Foot_transform-output-array" count="71" stride="16">
            <param name="TRANSFORM" type="float4x4"/>
          </accessor>
        </technique_common>
      </source>
      <source id="Bip01_L_Foot_matrix_Bip01_L_Foot_transform-interpolations">
        <Name_array id="Bip01_L_Foot_matrix_Bip01_L_Foot_transform-interpolations-array" count="71">LINEAR LINEAR LINEAR LINEAR LINEAR LINEAR LINEAR LINEAR LINEAR LINEAR LINEAR LINEAR LINEAR LINEAR LINEAR LINEAR LINEAR LINEAR LINEAR LINEAR LINEAR LINEAR LINEAR LINEAR LINEAR LINEAR LINEAR LINEAR LINEAR LINEAR LINEAR LINEAR LINEAR LINEAR LINEAR LINEAR LINEAR LINEAR LINEAR LINEAR LINEAR LINEAR LINEAR LINEAR LINEAR LINEAR LINEAR LINEAR LINEAR LINEAR LINEAR LINEAR LINEAR LINEAR LINEAR LINEAR LINEAR LINEAR LINEAR LINEAR LINEAR LINEAR LINEAR LINEAR LINEAR LINEAR LINEAR LINEAR LINEAR LINEAR LINEAR</Name_array>
        <technique_common>
          <accessor source="#Bip01_L_Foot_matrix_Bip01_L_Foot_transform-interpolations-array" count="71" stride="1">
            <param name="INTERPOLATION" type="Name"/>
          </accessor>
        </technique_common>
      </source>
      <sampler id="Bip01_L_Foot_matrix_Bip01_L_Foot_transform-sampler">
        <input semantic="INPUT" source="#Bip01_L_Foot_matrix_Bip01_L_Foot_transform-input"/>
        <input semantic="OUTPUT" source="#Bip01_L_Foot_matrix_Bip01_L_Foot_transform-output"/>
        <input semantic="INTERPOLATION" source="#Bip01_L_Foot_matrix_Bip01_L_Foot_transform-interpolations"/>
      </sampler>
      <channel source="#Bip01_L_Foot_matrix_Bip01_L_Foot_transform-sampler" target="Bip01_L_Foot/transform"/>
    </animation>
    <animation id="Bip01_R_Thigh_matrix">
      <source id="Bip01_R_Thigh_matrix_Bip01_R_Thigh_transform-input">
        <float_array id="Bip01_R_Thigh_matrix_Bip01_R_Thigh_transform-input-array" count="71">0 0.033333 0.066667 0.100000 0.133333 0.166667 0.200000 0.233333 0.266667 0.300000 0.333333 0.366667 0.400000 0.433333 0.466667 0.500000 0.533333 0.566667 0.600000 0.633333 0.666667 0.700000 0.733334 0.766667 0.800000 0.833334 0.866667 0.900000 0.933334 0.966667 1.000000 1.033334 1.066667 1.100000 1.133334 1.166667 1.200000 1.233333 1.266667 1.300000 1.333333 1.366667 1.400000 1.433333 1.466667 1.500000 1.533333 1.566666 1.600000 1.633333 1.666666 1.700000 1.733333 1.766666 1.800000 1.833333 1.866666 1.899999 1.933333 1.966666 1.999999 2.033333 2.066666 2.099999 2.133333 2.166666 2.199999 2.233333 2.266666 2.299999 2.333333</float_array>
        <technique_common>
          <accessor source="#Bip01_R_Thigh_matrix_Bip01_R_Thigh_transform-input-array" count="71" stride="1">
            <param name="TIME" type="float"/>
          </accessor>
        </technique_common>
        <technique profile="MAYA">
          <pre_infinity>CONSTANT</pre_infinity>
          <post_infinity>CONSTANT</post_infinity>
        </technique>
      </source>
      <source id="Bip01_R_Thigh_matrix_Bip01_R_Thigh_transform-output">
        <float_array id="Bip01_R_Thigh_matrix_Bip01_R_Thigh_transform-output-array" count="1136">0.332499 0.942424 0.035804 -0.559402 0.917485 -0.314446 -0.243608 0.167699 -0.218323 0.113849 -0.969213 -0.498667 0 0 0 1.000000 0.329333 0.943537 0.035737 -0.559402 0.918836 -0.311536 -0.242251 0.167699 -0.217439 0.112618 -0.969555 -0.498667 0 0 0 1.000000 0.320421 0.946607 0.035572 -0.559403 0.922536 -0.303307 -0.238606 0.167699 -0.215077 0.109271 -0.970465 -0.498667 0 0 0 1.000000 0.306353 0.951261 0.035360 -0.559403 0.928079 -0.290214 -0.233333 0.167699 -0.211698 0.104300 -0.971754 -0.498667 0 0 0 1.000000 0.287501 0.957135 0.035151 -0.559402 0.934973 -0.272504 -0.227085 0.167699 -0.207772 0.098152 -0.973240 -0.498667 0 0 0 1.000000 0.264211 0.963831 0.034976 -0.559402 0.942698 -0.250417 -0.220480 0.167699 -0.203747 0.091225 -0.974764 -0.498667 0 0 0 1.000000 0.237015 0.970881 0.034852 -0.559402 0.950692 -0.224401 -0.214079 0.167699 -0.200024 0.083873 -0.976194 -0.498667 0 0 0 1.000000 0.207013 0.977720 0.034778 -0.559402 0.958310 -0.195491 -0.208388 0.167699 -0.196947 0.076468 -0.977428 -0.498667 0 0 0 1.000000 0.176658 0.983659 0.034744 -0.559402 0.964810 -0.166072 -0.203866 0.167699 -0.194765 0.069536 -0.978382 -0.498667 0 0 0 1.000000 0.151310 0.987876 0.034733 -0.559402 0.969343 -0.141406 -0.200943 0.167699 -0.193595 0.064072 -0.978987 -0.498667 0 0 0 1.000000 0.140603 0.989457 0.034730 -0.559403 0.970995 -0.130958 -0.200046 0.167699 -0.193388 0.061850 -0.979171 -0.498667 0 0 0 1.000000 0.142112 0.989241 0.034734 -0.559402 0.970589 -0.132372 -0.201083 0.167699 -0.194322 0.062289 -0.978958 -0.498667 0 0 0 1.000000 0.145806 0.988703 0.034752 -0.559403 0.969584 -0.135830 -0.203609 0.167699 -0.196589 0.063382 -0.978435 -0.498667 0 0 0 1.000000 0.150839 0.987946 0.034798 -0.559402 0.968104 -0.140502 -0.207446 0.167699 -0.200056 0.064979 -0.977627 -0.498667 0 0 0 1.000000 0.156436 0.987072 0.034892 -0.559402 0.966255 -0.145626 -0.212470 0.167699 -0.204642 0.066953 -0.976544 -0.498667 0 0 0 1.000000 0.161954 0.986175 0.035055 -0.559402 0.964140 -0.150567 -0.218548 0.167699 -0.210248 0.069192 -0.975196 -0.498667 0 0 0 1.000000 0.166951 0.985333 0.035306 -0.559402 0.961842 -0.154890 -0.225543 0.167699 -0.216766 0.071613 -0.973593 -0.498667 0 0 0 1.000000 0.171161 0.984597 0.035664 -0.559403 0.959424 -0.158334 -0.233313 0.167699 -0.224073 0.074151 -0.971747 -0.498667 0 0 0 1.000000 0.174450 0.984003 0.036141 -0.559402 0.956937 -0.160774 -0.241711 0.167699 -0.232034 0.076751 -0.969675 -0.498667 0 0 0 1.000000 0.176431 0.983627 0.036746 -0.559402 0.954468 -0.161840 -0.250597 0.167699 -0.240547 0.079286 -0.967394 -0.498667 0 0 0 1.000000 0.175087 0.983836 0.037564 -0.559403 0.952351 -0.159559 -0.259941 0.167699 -0.249746 0.081286 -0.964894 -0.498667 0 0 0 1.000000 0.172717 0.984220 0.038463 -0.559402 0.950265 -0.156229 -0.269424 0.167698 -0.259164 0.083084 -0.962253 -0.498667 0 0 0 1.000000 0.169955 0.984663 0.039434 -0.559402 0.948172 -0.152491 -0.278778 0.167699 -0.268489 0.084770 -0.959546 -0.498667 0 0 0 1.000000 0.166353 0.985234 0.040499 -0.559402 0.946138 -0.147913 -0.288003 0.167699 -0.277760 0.086227 -0.956773 -0.498667 0 0 0 1.000000 0.162338 0.985858 0.041597 -0.559402 0.944208 -0.142961 -0.296705 0.167699 -0.286562 0.087443 -0.954063 -0.498667 0 0 0 1.000000 0.158278 0.986471 0.042689 -0.559403 0.942393 -0.138020 -0.304705 0.167699 -0.294691 0.088458 -0.951490 -0.498667 0 0 0 1.000000 0.154492 0.987026 0.043715 -0.559402 0.940741 -0.133439 -0.311771 0.167699 -0.301893 0.089290 -0.949151 -0.498667 0 0 0 1.000000 0.151247 0.987489 0.044616 -0.559402 0.939313 -0.129515 -0.317676 0.167699 -0.307923 0.089955 -0.947149 -0.498667 0 0 0 1.000000 0.148786 0.987830 0.045330 -0.559402 0.938181 -0.126523 -0.322193 0.167699 -0.312537 0.090466 -0.945588 -0.498667 0 0 0 1.000000 0.147321 0.988028 0.045802 -0.559403 0.937420 -0.124705 -0.325103 0.167699 -0.315499 0.090830 -0.944569 -0.498667 0 0 0 1.000000 0.147033 0.988062 0.045979 -0.559402 0.937101 -0.124271 -0.326187 0.167699 -0.316579 0.091047 -0.944187 -0.498667 0 0 0 1.000000 0.148129 0.987904 0.045862 -0.559402 0.937199 -0.125416 -0.325467 0.167699 -0.315778 0.091193 -0.944441 -0.498667 0 0 0 1.000000 0.150591 0.987548 0.045506 -0.559402 0.937617 -0.128083 -0.323219 0.167699 -0.313366 0.091341 -0.945230 -0.498667 0 0 0 1.000000 0.154132 0.987027 0.044961 -0.559402 0.938306 -0.131964 -0.319637 0.167699 -0.309557 0.091454 -0.946473 -0.498667 0 0 0 1.000000 0.158446 0.986374 0.044282 -0.559402 0.939218 -0.136733 -0.314918 0.167699 -0.304572 0.091488 -0.948085 -0.498667 0 0 0 1.000000 0.163196 0.985633 0.043525 -0.559402 0.940310 -0.142035 -0.309261 0.167699 -0.298636 0.091397 -0.949981 -0.498667 0 0 0 1.000000 0.167979 0.984864 0.042742 -0.559403 0.941554 -0.147447 -0.302878 0.167699 -0.291992 0.091121 -0.952070 -0.498667 0 0 0 1.000000 0.172397 0.984133 0.041980 -0.559402 0.942936 -0.152556 -0.295969 0.167699 -0.284868 0.090609 -0.954275 -0.498667 0 0 0 1.000000 0.176012 0.983522 0.041276 -0.559403 0.944464 -0.156904 -0.288735 0.167699 -0.277501 0.089804 -0.956519 -0.498667 0 0 0 1.000000 0.178353 0.983126 0.040657 -0.559402 0.946164 -0.160011 -0.281370 0.167699 -0.270117 0.088651 -0.958738 -0.498667 0 0 0 1.000000 0.179859 0.982873 0.040136 -0.559402 0.947941 -0.162278 -0.273994 0.167699 -0.262789 0.087327 -0.960893 -0.498667 0 0 0 1.000000 0.180560 0.982762 0.039719 -0.559402 0.949758 -0.163715 -0.266751 0.167699 -0.255650 0.085888 -0.962946 -0.498667 0 0 0 1.000000 0.180371 0.982809 0.039409 -0.559402 0.951599 -0.164226 -0.259787 0.167699 -0.248850 0.084359 -0.964861 -0.498667 0 0 0 1.000000 0.179268 0.983019 0.039197 -0.559402 0.953440 -0.163777 -0.253237 0.167698 -0.242517 0.082769 -0.966610 -0.498667 0 0 0 1.000000 0.177325 0.983377 0.039072 -0.559402 0.955238 -0.162427 -0.247260 0.167698 -0.236803 0.081168 -0.968161 -0.498667 0 0 0 1.000000 0.174668 0.983854 0.039015 -0.559402 0.956977 -0.160305 -0.241864 0.167699 -0.231705 0.079582 -0.969526 -0.498667 0 0 0 1.000000 0.171646 0.984386 0.039008 -0.559402 0.958553 -0.157740 -0.237263 0.167699 -0.227406 0.078116 -0.970662 -0.498667 0 0 0 1.000000 0.168716 0.984892 0.039030 -0.559402 0.959888 -0.155178 -0.233525 0.167699 -0.223940 0.076863 -0.971567 -0.498667 0 0 0 1.000000 0.166497 0.985268 0.039062 -0.559402 0.960873 -0.153226 -0.230750 0.167699 -0.221365 0.075952 -0.972229 -0.498667 0 0 0 1.000000 0.165685 0.985404 0.039087 -0.559402 0.961387 -0.152561 -0.229042 0.167699 -0.219736 0.075527 -0.972631 -0.498667 0 0 0 1.000000 0.166855 0.985206 0.039096 -0.559402 0.961325 -0.153742 -0.228513 0.167699 -0.219122 0.075713 -0.972756 -0.498667 0 0 0 1.000000 0.171206 0.984459 0.039093 -0.559402 0.960592 -0.157973 -0.228710 0.167699 -0.218980 0.076709 -0.972710 -0.498667 0 0 0 1.000000 0.179037 0.983066 0.039087 -0.559402 0.959219 -0.165586 -0.229086 0.167699 -0.218734 0.078508 -0.972621 -0.498667 0 0 0 1.000000 0.189272 0.981147 0.039081 -0.559402 0.957320 -0.175530 -0.229624 0.167698 -0.218435 0.080874 -0.972494 -0.498667 0 0 0 1.000000 0.200928 0.978826 0.039075 -0.559402 0.955012 -0.186846 -0.230307 0.167699 -0.218129 0.083592 -0.972333 -0.498667 0 0 0 1.000000 0.213230 0.976220 0.039070 -0.559402 0.952403 -0.198778 -0.231118 0.167699 -0.217855 0.086492 -0.972141 -0.498667 0 0 0 1.000000 0.225619 0.973432 0.039069 -0.559402 0.949594 -0.210781 -0.232040 0.167699 -0.217640 0.089452 -0.971921 -0.498667 0 0 0 1.000000 0.237709 0.970550 0.039072 -0.559402 0.946672 -0.222478 -0.233056 0.167699 -0.217500 0.092388 -0.971678 -0.498667 0 0 0 1.000000 0.249240 0.967652 0.039089 -0.559402 0.943715 -0.233616 -0.234147 0.167698 -0.217441 0.095247 -0.971415 -0.498667 0 0 0 1.000000 0.260049 0.964803 0.039102 -0.559402 0.940787 -0.244040 -0.235295 0.167699 -0.217471 0.097975 -0.971137 -0.498667 0 0 0 1.000000 0.270031 0.962056 0.039124 -0.559402 0.937945 -0.253646 -0.236478 0.167699 -0.217582 0.100553 -0.970849 -0.498667 0 0 0 1.000000 0.279122 0.959457 0.039153 -0.559402 0.935237 -0.262377 -0.237675 0.167699 -0.217766 0.102958 -0.970555 -0.498667 0 0 0 1.000000 0.287292 0.957041 0.039188 -0.559403 0.932702 -0.270205 -0.238863 0.167699 -0.218013 0.105174 -0.970262 -0.498667 0 0 0 1.000000 0.294527 0.954838 0.039228 -0.559402 0.930375 -0.277120 -0.240015 0.167699 -0.218305 0.107187 -0.969976 -0.498667 0 0 0 1.000000 0.300824 0.952871 0.039271 -0.559402 0.928282 -0.283125 -0.241107 0.167699 -0.218625 0.108985 -0.969704 -0.498667 0 0 0 1.000000 0.306186 0.951160 0.039314 -0.559403 0.926450 -0.288224 -0.242110 0.167699 -0.218954 0.110553 -0.969452 -0.498667 0 0 0 1.000000 0.310616 0.949720 0.039357 -0.559402 0.924899 -0.292428 -0.242996 0.167699 -0.219270 0.111879 -0.969228 -0.498667 0 0 0 1.000000 0.314111 0.948569 0.039394 -0.559402 0.923652 -0.295737 -0.243736 0.167699 -0.219550 0.112947 -0.969041 -0.498667 0 0 0 1.000000 0.316659 0.947720 0.039425 -0.559402 0.922728 -0.298146 -0.244299 0.167699 -0.219773 0.113738 -0.968898 -0.498667 0 0 0 1.000000 0.318230 0.947193 0.039444 -0.559402 0.922153 -0.299629 -0.244658 0.167699 -0.219919 0.114231 -0.968807 -0.498667 0 0 0 1.000000 0.318772 0.947010 0.039451 -0.559402 0.921953 -0.300140 -0.244783 0.167699 -0.219971 0.114402 -0.968775 -0.498667 0 0 0 1.000000</float_array>
        <technique_common>
          <accessor source="#Bip01_R_Thigh_matrix_Bip01_R_Thigh_transform-output-array" count="71" stride="16">
            <param name="TRANSFORM" type="float4x4"/>
          </accessor>
        </technique_common>
      </source>
      <source id="Bip01_R_Thigh_matrix_Bip01_R_Thigh_transform-interpolations">
        <Name_array id="Bip01_R_Thigh_matrix_Bip01_R_Thigh_transform-interpolations-array" count="71">LINEAR LINEAR LINEAR LINEAR LINEAR LINEAR LINEAR LINEAR LINEAR LINEAR LINEAR LINEAR LINEAR LINEAR LINEAR LINEAR LINEAR LINEAR LINEAR LINEAR LINEAR LINEAR LINEAR LINEAR LINEAR LINEAR LINEAR LINEAR LINEAR LINEAR LINEAR LINEAR LINEAR LINEAR LINEAR LINEAR LINEAR LINEAR LINEAR LINEAR LINEAR LINEAR LINEAR LINEAR LINEAR LINEAR LINEAR LINEAR LINEAR LINEAR LINEAR LINEAR LINEAR LINEAR LINEAR LINEAR LINEAR LINEAR LINEAR LINEAR LINEAR LINEAR LINEAR LINEAR LINEAR LINEAR LINEAR LINEAR LINEAR LINEAR LINEAR</Name_array>
        <technique_common>
          <accessor source="#Bip01_R_Thigh_matrix_Bip01_R_Thigh_transform-interpolations-array" count="71" stride="1">
            <param name="INTERPOLATION" type="Name"/>
          </accessor>
        </technique_common>
      </source>
      <sampler id="Bip01_R_Thigh_matrix_Bip01_R_Thigh_transform-sampler">
        <input semantic="INPUT" source="#Bip01_R_Thigh_matrix_Bip01_R_Thigh_transform-input"/>
        <input semantic="OUTPUT" source="#Bip01_R_Thigh_matrix_Bip01_R_Thigh_transform-output"/>
        <input semantic="INTERPOLATION" source="#Bip01_R_Thigh_matrix_Bip01_R_Thigh_transform-interpolations"/>
      </sampler>
      <channel source="#Bip01_R_Thigh_matrix_Bip01_R_Thigh_transform-sampler" target="Bip01_R_Thigh/transform"/>
    </animation>
    <animation id="Bip01_R_Calf_matrix">
      <source id="Bip01_R_Calf_matrix_Bip01_R_Calf_transform-input">
        <float_array id="Bip01_R_Calf_matrix_Bip01_R_Calf_transform-input-array" count="71">0 0.033333 0.066667 0.100000 0.133333 0.166667 0.200000 0.233333 0.266667 0.300000 0.333333 0.366667 0.400000 0.433333 0.466667 0.500000 0.533333 0.566667 0.600000 0.633333 0.666667 0.700000 0.733334 0.766667 0.800000 0.833334 0.866667 0.900000 0.933334 0.966667 1.000000 1.033334 1.066667 1.100000 1.133334 1.166667 1.200000 1.233333 1.266667 1.300000 1.333333 1.366667 1.400000 1.433333 1.466667 1.500000 1.533333 1.566666 1.600000 1.633333 1.666666 1.700000 1.733333 1.766666 1.800000 1.833333 1.866666 1.899999 1.933333 1.966666 1.999999 2.033333 2.066666 2.099999 2.133333 2.166666 2.199999 2.233333 2.266666 2.299999 2.333333</float_array>
        <technique_common>
          <accessor source="#Bip01_R_Calf_matrix_Bip01_R_Calf_transform-input-array" count="71" stride="1">
            <param name="TIME" type="float"/>
          </accessor>
        </technique_common>
        <technique profile="MAYA">
          <pre_infinity>CONSTANT</pre_infinity>
          <post_infinity>CONSTANT</post_infinity>
        </technique>
      </source>
      <source id="Bip01_R_Calf_matrix_Bip01_R_Calf_transform-output">
        <float_array id="Bip01_R_Calf_matrix_Bip01_R_Calf_transform-output-array" count="1136">0.640036 0.768345 0 1.191516 -0.768345 0.640036 0 0 0 0 1.000000 0 0 0 0 1.000000 0.648193 0.761476 0 1.191516 -0.761476 0.648193 0 0 0 0 1.000000 0 0 0 0 1.000000 0.670477 0.741930 0 1.191516 -0.741930 0.670477 0 0.000000 0 0 1.000000 0 0 0 0 1.000000 0.703693 0.710504 0 1.191517 -0.710504 0.703693 0 0 0 0 1.000000 0 0 0 0 1.000000 0.744633 0.667474 0 1.191517 -0.667474 0.744633 0 0 0 0 1.000000 -0.000000 0 0 0 1.000000 0.789936 0.613189 0 1.191516 -0.613189 0.789936 0 0 0 0 1.000000 0 0 0 0 1.000000 0.836019 0.548701 0 1.191516 -0.548701 0.836019 0 0 0 0 1.000000 0.000000 0 0 0 1.000000 0.879043 0.476743 0 1.191516 -0.476743 0.879043 0 0 0 0 1.000000 0 0 0 0 1.000000 0.914941 0.403587 0 1.191516 -0.403587 0.914941 0 0 0 0 1.000000 0 0 0 0 1.000000 0.939504 0.342538 0 1.191516 -0.342538 0.939504 0 0 0 0 1.000000 0 0 0 0 1.000000 0.948498 0.316782 0 1.191516 -0.316782 0.948499 0 0.000000 0 0 1.000000 -0.000000 0 0 0 1.000000 0.946636 0.322303 0 1.191516 -0.322303 0.946636 0 0 0 0 1.000000 0 0 0 0 1.000000 0.941557 0.336854 0 1.191516 -0.336854 0.941557 0 0.000000 0 0 1.000000 0 0 0 0 1.000000 0.933746 0.357935 0 1.191517 -0.357935 0.933747 0 -0.000000 0 0 1.000000 0 0 0 0 1.000000 0.923628 0.383291 0 1.191516 -0.383291 0.923628 0 0 0 0 1.000000 0 0 0 0 1.000000 0.911658 0.410950 0 1.191516 -0.410950 0.911658 0 0.000000 0 0 1.000000 0 0 0 0 1.000000 0.898289 0.439405 0 1.191517 -0.439405 0.898289 0 0 0 0 1.000000 0 0 0 0 1.000000 0.883961 0.467559 0 1.191516 -0.467559 0.883962 0 0 0 0 1.000000 0 0 0 0 1.000000 0.869092 0.494650 0 1.191516 -0.494650 0.869092 0 0 0 0 1.000000 0 0 0 0 1.000000 0.854394 0.519625 0 1.191516 -0.519625 0.854394 0 0 0 0 1.000000 0 0 0 0 1.000000 0.842221 0.539132 0 1.191516 -0.539132 0.842221 0 0 0 0 1.000000 0 0 0 0 1.000000 0.830944 0.556356 0 1.191517 -0.556356 0.830944 0 0 0 0 1.000000 0 0 0 0 1.000000 0.820348 0.571864 0 1.191516 -0.571864 0.820348 0 0 0 0 1.000000 0.000000 0 0 0 1.000000 0.811013 0.585028 0 1.191516 -0.585028 0.811013 0 0.000000 0 0 1.000000 0 0 0 0 1.000000 0.803065 0.595892 0 1.191517 -0.595892 0.803065 0 0 0 0 1.000000 0 0 0 0 1.000000 0.796349 0.604838 0 1.191517 -0.604838 0.796349 0 0.000000 0 0 1.000000 0 0 0 0 1.000000 0.790794 0.612082 0 1.191516 -0.612082 0.790794 0 0.000000 0 0 1.000000 0 0 0 0 1.000000 0.786351 0.617780 0 1.191516 -0.617780 0.786351 0 0 0 0 1.000000 0 0 0 0 1.000000 0.782984 0.622043 0 1.191517 -0.622043 0.782984 0 0 0 0 1.000000 0 0 0 0 1.000000 0.780690 0.624919 0 1.191516 -0.624919 0.780690 0 0.000000 0 0 1.000000 -0.000000 0 0 0 1.000000 0.779519 0.626379 0 1.191516 -0.626379 0.779519 0 0.000000 0 0 1.000000 0 0 0 0 1.000000 0.779663 0.626199 0 1.191516 -0.626199 0.779663 0 0 0 0 1.000000 0 0 0 0 1.000000 0.781202 0.624278 0 1.191516 -0.624278 0.781202 0 0 0 0 1.000000 0 0 0 0 1.000000 0.784137 0.620587 0 1.191516 -0.620587 0.784137 0 0 0 0 1.000000 0 0 0 0 1.000000 0.788505 0.615029 0 1.191516 -0.615028 0.788505 0 0 0 0 1.000000 0 0 0 0 1.000000 0.794364 0.607443 0 1.191517 -0.607443 0.794364 0 0 0 0 1.000000 0 0 0 0 1.000000 0.801799 0.597593 0 1.191516 -0.597593 0.801799 0 0.000000 0 0 1.000000 0 0 0 0 1.000000 0.810886 0.585204 0 1.191516 -0.585204 0.810886 0 0 0 0 1.000000 -0.000000 0 0 0 1.000000 0.821688 0.569938 0 1.191516 -0.569938 0.821688 0 0.000000 0 0 1.000000 0 0 0 0 1.000000 0.834245 0.551394 0 1.191516 -0.551394 0.834245 0 -0.000000 0 0 1.000000 0 0 0 0 1.000000 0.847670 0.530524 0 1.191516 -0.530524 0.847670 0 0.000000 0 0 1.000000 0 0 0 0 1.000000 0.861517 0.507729 0 1.191517 -0.507729 0.861517 0 0 0 0 1.000000 0 0 0 0 1.000000 0.875465 0.483282 0 1.191516 -0.483282 0.875465 0 0 0 0 1.000000 0 0 0 0 1.000000 0.889153 0.457609 0 1.191516 -0.457609 0.889153 0 0 0 0 1.000000 0 0 0 0 1.000000 0.902115 0.431495 0 1.191517 -0.431495 0.902115 0 0 0 0 1.000000 0 0 0 0 1.000000 0.914166 0.405341 0 1.191516 -0.405341 0.914166 0 0 0 0 1.000000 0 0 0 0 1.000000 0.924635 0.380855 0 1.191516 -0.380855 0.924635 0 0 0 0 1.000000 0 0 0 0 1.000000 0.933154 0.359476 0 1.191516 -0.359476 0.933154 0 0 0 0 1.000000 0 0 0 0 1.000000 0.939276 0.343162 0 1.191517 -0.343162 0.939276 0 0 0 0 1.000000 0 0 0 0 1.000000 0.942563 0.334029 0 1.191516 -0.334029 0.942563 0 0.000000 0 0 1.000000 0.000000 0 0 0 1.000000 0.942600 0.333924 0 1.191516 -0.333924 0.942600 0 0.000000 0 0 1.000000 0 0 0 0 1.000000 0.938882 0.344238 0 1.191517 -0.344238 0.938883 0 0 0 0 1.000000 -0.000000 0 0 0 1.000000 0.931454 0.363860 0 1.191516 -0.363860 0.931454 0 0 0 0 1.000000 0 0 0 0 1.000000 0.920760 0.390129 0 1.191517 -0.390129 0.920760 0 0 0 0 1.000000 0 0 0 0 1.000000 0.907254 0.420583 0 1.191516 -0.420583 0.907254 0 0 0 0 1.000000 0 0 0 0 1.000000 0.891389 0.453240 0 1.191516 -0.453240 0.891389 0 0 0 0 1.000000 0 0 0 0 1.000000 0.873614 0.486619 0 1.191516 -0.486620 0.873614 0 0 0 0 1.000000 0 0 0 0 1.000000 0.854377 0.519653 0 1.191517 -0.519653 0.854377 0 0 0 0 1.000000 0 0 0 0 1.000000 0.834118 0.551587 0 1.191516 -0.551587 0.834118 0 0 0 0 1.000000 0 0 0 0 1.000000 0.813262 0.581897 0 1.191516 -0.581897 0.813262 0 0 0 0 1.000000 0 0 0 0 1.000000 0.792232 0.610220 0 1.191516 -0.610220 0.792232 0 0 0 0 1.000000 -0.000000 0 0 0 1.000000 0.771435 0.636308 0 1.191516 -0.636308 0.771435 0 0 0 0 1.000000 0 0 0 0 1.000000 0.751265 0.660000 0 1.191516 -0.660000 0.751266 0 0 0 0 1.000000 0 0 0 0 1.000000 0.732110 0.681186 0 1.191517 -0.681186 0.732110 0 0 0 0 1.000000 0 0 0 0 1.000000 0.714342 0.699797 0 1.191516 -0.699797 0.714342 0 0 0 0 1.000000 0 0 0 0 1.000000 0.698329 0.715778 0 1.191517 -0.715778 0.698329 0 0.000000 0 0 1.000000 0 0 0 0 1.000000 0.684425 0.729083 0 1.191516 -0.729083 0.684425 0 0 0 0 1.000000 0 0 0 0 1.000000 0.672990 0.739652 0 1.191517 -0.739652 0.672990 0 0 0 0 1.000000 0 0 0 0 1.000000 0.664376 0.747399 0 1.191516 -0.747399 0.664376 0 0 0 0 1.000000 0 0 0 0 1.000000 0.658939 0.752196 0 1.191516 -0.752196 0.658939 0 0 0 0 1.000000 0 0 0 0 1.000000 0.657044 0.753852 0 1.191516 -0.753852 0.657044 0 0 0 0 1.000000 0 0 0 0 1.000000</float_array>
        <technique_common>
          <accessor source="#Bip01_R_Calf_matrix_Bip01_R_Calf_transform-output-array" count="71" stride="16">
            <param name="TRANSFORM" type="float4x4"/>
          </accessor>
        </technique_common>
      </source>
      <source id="Bip01_R_Calf_matrix_Bip01_R_Calf_transform-interpolations">
        <Name_array id="Bip01_R_Calf_matrix_Bip01_R_Calf_transform-interpolations-array" count="71">LINEAR LINEAR LINEAR LINEAR LINEAR LINEAR LINEAR LINEAR LINEAR LINEAR LINEAR LINEAR LINEAR LINEAR LINEAR LINEAR LINEAR LINEAR LINEAR LINEAR LINEAR LINEAR LINEAR LINEAR LINEAR LINEAR LINEAR LINEAR LINEAR LINEAR LINEAR LINEAR LINEAR LINEAR LINEAR LINEAR LINEAR LINEAR LINEAR LINEAR LINEAR LINEAR LINEAR LINEAR LINEAR LINEAR LINEAR LINEAR LINEAR LINEAR LINEAR LINEAR LINEAR LINEAR LINEAR LINEAR LINEAR LINEAR LINEAR LINEAR LINEAR LINEAR LINEAR LINEAR LINEAR LINEAR LINEAR LINEAR LINEAR LINEAR LINEAR</Name_array>
        <technique_common>
          <accessor source="#Bip01_R_Calf_matrix_Bip01_R_Calf_transform-interpolations-array" count="71" stride="1">
            <param name="INTERPOLATION" type="Name"/>
          </accessor>
        </technique_common>
      </source>
      <sampler id="Bip01_R_Calf_matrix_Bip01_R_Calf_transform-sampler">
        <input semantic="INPUT" source="#Bip01_R_Calf_matrix_Bip01_R_Calf_transform-input"/>
        <input semantic="OUTPUT" source="#Bip01_R_Calf_matrix_Bip01_R_Calf_transform-output"/>
        <input semantic="INTERPOLATION" source="#Bip01_R_Calf_matrix_Bip01_R_Calf_transform-interpolations"/>
      </sampler>
      <channel source="#Bip01_R_Calf_matrix_Bip01_R_Calf_transform-sampler" target="Bip01_R_Calf/transform"/>
    </animation>
    <animation id="Bip01_R_Foot_matrix">
      <source id="Bip01_R_Foot_matrix_Bip01_R_Foot_transform-input">
        <float_array id="Bip01_R_Foot_matrix_Bip01_R_Foot_transform-input-array" count="71">0 0.033333 0.066667 0.100000 0.133333 0.166667 0.200000 0.233333 0.266667 0.300000 0.333333 0.366667 0.400000 0.433333 0.466667 0.500000 0.533333 0.566667 0.600000 0.633333 0.666667 0.700000 0.733334 0.766667 0.800000 0.833334 0.866667 0.900000 0.933334 0.966667 1.000000 1.033334 1.066667 1.100000 1.133334 1.166667 1.200000 1.233333 1.266667 1.300000 1.333333 1.366667 1.400000 1.433333 1.466667 1.500000 1.533333 1.566666 1.600000 1.633333 1.666666 1.700000 1.733333 1.766666 1.800000 1.833333 1.866666 1.899999 1.933333 1.966666 1.999999 2.033333 2.066666 2.099999 2.133333 2.166666 2.199999 2.233333 2.266666 2.299999 2.333333</float_array>
        <technique_common>
          <accessor source="#Bip01_R_Foot_matrix_Bip01_R_Foot_transform-input-array" count="71" stride="1">
            <param name="TIME" type="float"/>
          </accessor>
        </technique_common>
        <technique profile="MAYA">
          <pre_infinity>CONSTANT</pre_infinity>
          <post_infinity>CONSTANT</post_infinity>
        </technique>
      </source>
      <source id="Bip01_R_Foot_matrix_Bip01_R_Foot_transform-output">
        <float_array id="Bip01_R_Foot_matrix_Bip01_R_Foot_transform-output-array" count="1136">0.869886 -0.437805 0.227213 0.961470 0.427650 0.898951 0.094881 0 -0.245792 0.014632 0.969212 0 0 0 0 1.000000 0.872745 -0.432139 0.227096 0.961470 0.422608 0.901665 0.091664 -0.000000 -0.244377 0.015973 0.969549 0 0 0 0 1.000000 0.880494 -0.416347 0.226686 0.961470 0.408483 0.908994 0.082893 -0.000000 -0.240568 0.019611 0.970434 0.000000 0 0 0 1.000000 0.891885 -0.391858 0.225807 0.961470 0.386390 0.919687 0.069845 0 -0.235041 0.024955 0.971665 0 0 0 0 1.000000 0.905659 -0.359844 0.224263 0.961471 0.357190 0.932483 0.053761 0 -0.228467 0.031415 0.973045 0 0 0 0 1.000000 0.920554 -0.321462 0.221908 0.961470 0.321757 0.946143 0.035845 0 -0.221479 0.038403 0.974409 0.000000 0 0 0 1.000000 0.935308 -0.278140 0.218716 0.961470 0.281281 0.959470 0.017294 -0.000000 -0.214662 0.045345 0.975635 0 0 0 0 1.000000 0.948681 -0.232040 0.214854 0.961470 0.237725 0.971332 -0.000637 -0.000000 -0.208546 0.051681 0.976646 0 0 0 0 1.000000 0.959478 -0.187029 0.210767 0.961470 0.194787 0.980707 -0.016476 -0.000000 -0.203620 0.056863 0.977397 0 0 0 0 1.000000 0.966612 -0.150580 0.207332 0.961470 0.159761 0.986754 -0.028172 0 -0.200344 0.060355 0.977865 -0.000000 0 0 0 1.000000 0.969153 -0.135447 0.205905 0.961470 0.145159 0.988866 -0.032746 -0.000000 -0.199178 0.061624 0.978024 0 0 0 0 1.000000 0.968475 -0.139066 0.206680 0.961470 0.148497 0.988434 -0.030764 -0.000000 -0.200011 0.060485 0.977925 0 0 0 0 1.000000 0.966585 -0.148761 0.208769 0.961471 0.157379 0.987217 -0.025195 -0.000000 -0.202352 0.057209 0.977640 0 0 0 0 1.000000 0.963603 -0.163054 0.211854 0.961470 0.170361 0.985242 -0.016582 -0.000000 -0.206024 0.052070 0.977160 0 0 0 0 1.000000 0.959621 -0.180628 0.215638 0.961470 0.186142 0.982508 -0.005364 0 -0.210897 0.045287 0.976458 0 0 0 0 1.000000 0.954748 -0.200316 0.219838 0.961470 0.203563 0.979029 0.008025 0 -0.216835 0.037089 0.975503 0 0 0 0 1.000000 0.949107 -0.221191 0.224211 0.961471 0.221711 0.974837 0.023181 0 -0.223697 0.027708 0.974265 0.000000 0 0 0 1.000000 0.942834 -0.242535 0.228565 0.961471 0.239890 0.969987 0.039723 0 -0.231340 0.017378 0.972718 0 0 0 0 1.000000 0.936076 -0.263800 0.232749 0.961471 0.257584 0.964557 0.057282 0 -0.239611 0.006332 0.970848 0 0 0 0 1.000000 0.928861 -0.284863 0.236790 0.961470 0.274692 0.958554 0.075619 0 -0.248517 -0.005196 0.968614 -0.000000 0 0 0 1.000000 0.920882 -0.306171 0.241322 0.961471 0.291621 0.951826 0.094784 -0.000000 -0.258717 -0.016910 0.965805 0 0 0 0 1.000000 0.912930 -0.326030 0.245487 0.961470 0.306844 0.944927 0.113843 0 -0.269083 -0.028605 0.962692 0 0 0 0 1.000000 0.904855 -0.345101 0.249285 0.961470 0.321096 0.937715 0.132622 0 -0.279526 -0.039959 0.959306 0.000000 0 0 0 1.000000 0.897054 -0.362490 0.252775 0.961470 0.333562 0.930595 0.150763 -0.000000 -0.289881 -0.050926 0.955707 0 0 0 0 1.000000 0.889489 -0.378531 0.255976 0.961470 0.344734 0.923573 0.167843 0 -0.299946 -0.061051 0.952001 0 0 0 0 1.000000 0.882496 -0.392726 0.258782 0.961470 0.354284 0.916974 0.183417 -0.000000 -0.309329 -0.070182 0.948362 0 0 0 0 1.000000 0.876285 -0.404878 0.261149 0.961470 0.362199 0.911029 0.197076 0 -0.317706 -0.078106 0.944967 0.000000 0 0 0 1.000000 0.871036 -0.414851 0.263049 0.961470 0.368530 0.905946 0.208441 0 -0.324780 -0.084618 0.941997 0 0 0 0 1.000000 0.866923 -0.422502 0.264455 0.961470 0.373325 0.901931 0.217140 -0.000000 -0.330262 -0.089516 0.939635 0.000000 0 0 0 1.000000 0.864155 -0.427596 0.265327 0.961471 0.376546 0.899215 0.222769 -0.000000 -0.333841 -0.092600 0.938070 0 0 0 0 1.000000 0.862937 -0.429863 0.265627 0.961470 0.378104 0.898022 0.224929 0 -0.335228 -0.093665 0.937470 0 0 0 0 1.000000 0.863364 -0.429081 0.265504 0.961470 0.377754 0.898485 0.223664 0 -0.334521 -0.092808 0.937807 0 0 0 0 1.000000 0.865552 -0.424915 0.265080 0.961470 0.375017 0.900709 0.219283 0.000000 -0.331937 -0.090391 0.938961 0 0 0 0 1.000000 0.869120 -0.417972 0.264444 0.961470 0.370317 0.904327 0.212269 -0.000000 -0.327866 -0.086559 0.940750 0 0 0 0 1.000000 0.873891 -0.408438 0.263615 0.961470 0.363698 0.909143 0.202935 -0.000000 -0.322550 -0.081467 0.943040 0 0 0 0 1.000000 0.879656 -0.396531 0.262616 0.961470 0.355226 0.914930 0.191617 0 -0.316258 -0.075269 0.945683 0 0 0 0 1.000000 0.886132 -0.382607 0.261499 0.961470 0.345094 0.921396 0.178715 -0.000000 -0.309322 -0.068123 0.948514 0 0 0 0 1.000000 0.893159 -0.366775 0.260274 0.961470 0.333286 0.928360 0.164526 -0.000000 -0.301972 -0.060202 0.951414 0 0 0 0 1.000000 0.900459 -0.349413 0.259004 0.961471 0.320039 0.935542 0.149450 0 -0.294529 -0.051682 0.954244 0 0 0 0 1.000000 0.907699 -0.331097 0.257794 0.961470 0.305795 0.942627 0.133949 0 -0.287354 -0.042754 0.956870 0 0 0 0 1.000000 0.915069 -0.311371 0.256313 0.961470 0.290100 0.949694 0.117999 -0.000000 -0.280160 -0.033621 0.959364 0 0 0 0 1.000000 0.922365 -0.290618 0.254529 0.961471 0.273252 0.956526 0.101936 -0.000000 -0.273088 -0.024471 0.961678 0 0 0 0 1.000000 0.929414 -0.269173 0.252458 0.961470 0.255510 0.962967 0.086075 0 -0.266277 -0.015494 0.963772 0.000000 0 0 0 1.000000 0.936055 -0.247448 0.250142 0.961470 0.237220 0.968877 0.070740 -0.000000 -0.259861 -0.006878 0.965621 0 0 0 0 1.000000 0.942096 -0.226084 0.247670 0.961471 0.218952 0.974107 0.056350 0 -0.253997 0.001141 0.967204 0 0 0 0 1.000000 0.947504 -0.205337 0.245096 0.961470 0.200966 0.978654 0.042994 0 -0.248692 0.008519 0.968545 0 0 0 0 1.000000 0.952045 -0.186422 0.242607 0.961470 0.184380 0.982356 0.031307 -0.000000 -0.244162 0.014926 0.969620 0 0 0 0 1.000000 0.955642 -0.170226 0.240355 0.961471 0.170056 0.985198 0.021607 0 -0.240476 0.020226 0.970445 0 0 0 0 1.000000 0.958201 -0.157957 0.238537 0.961470 0.159161 0.987149 0.014330 0 -0.237735 0.024235 0.971028 -0.000000 0 0 0 1.000000 0.959631 -0.150905 0.237353 0.961471 0.152939 0.988186 0.009930 -0.000000 -0.236047 0.026771 0.971373 -0.000000 0 0 0 1.000000 0.959830 -0.150225 0.236978 0.961471 0.152493 0.988265 0.008838 0 -0.235525 0.027654 0.971475 0 0 0 0 1.000000 0.958810 -0.156404 0.237110 0.961470 0.158474 0.987308 0.010427 0 -0.235731 0.027578 0.971427 0 0 0 0 1.000000 0.956718 -0.168427 0.237327 0.961471 0.170094 0.985334 0.013590 0 -0.236135 0.027366 0.971335 0 0 0 0 1.000000 0.953630 -0.184789 0.237578 0.961470 0.185890 0.982406 0.017962 0 -0.236717 0.027034 0.971202 0 0 0 0 1.000000 0.949627 -0.204094 0.237812 0.961470 0.204507 0.978590 0.023207 0 -0.237457 0.026596 0.971034 0 0 0 0 1.000000 0.944796 -0.225213 0.237991 0.961470 0.224848 0.973961 0.029047 0 -0.238336 0.026068 0.970833 0.000000 0 0 0 1.000000 0.939237 -0.247281 0.238087 0.961470 0.246074 0.968609 0.035267 0 -0.239334 0.025463 0.970603 0 0 0 0 1.000000 0.933063 -0.269647 0.238085 0.961470 0.267555 0.962640 0.041696 -0.000000 -0.240433 0.024796 0.970349 0 0 0 0 1.000000 0.926394 -0.291822 0.237979 0.961471 0.288822 0.956169 0.048190 0 -0.241611 0.024091 0.970074 0.000000 0 0 0 1.000000 0.919363 -0.313433 0.237765 0.961471 0.309512 0.949323 0.054655 0 -0.242847 0.023343 0.969784 0 0 0 0 1.000000 0.912108 -0.334179 0.237454 0.961470 0.329342 0.942239 0.060982 0 -0.244118 0.022581 0.969483 0 0 0 0 1.000000 0.904775 -0.353816 0.237058 0.961470 0.348082 0.935061 0.067086 -0.000000 -0.245400 0.021818 0.969176 0 0 0 0 1.000000 0.897516 -0.372140 0.236594 0.961470 0.365540 0.927937 0.072886 0 -0.246669 0.021068 0.968871 0 0 0 0 1.000000 0.890489 -0.388964 0.236084 0.961470 0.381544 0.921028 0.078304 -0.000000 -0.247898 0.020348 0.968572 0 0 0 0 1.000000 0.883857 -0.404120 0.235552 0.961470 0.395938 0.914494 0.083262 0 -0.249059 0.019672 0.968288 0 0 0 0 1.000000 0.877784 -0.417442 0.235025 0.961471 0.408574 0.908504 0.087685 -0.000000 -0.250124 0.019057 0.968026 0 0 0 0 1.000000 0.872439 -0.428772 0.234531 0.961470 0.419306 0.903223 0.091493 0 -0.251063 0.018518 0.967794 0 0 0 0 1.000000 0.867991 -0.437936 0.234099 0.961470 0.427977 0.898824 0.094606 -0.000000 -0.251846 0.018072 0.967599 0 0 0 0 1.000000 0.864611 -0.444753 0.233759 0.961470 0.434421 0.895478 0.096942 -0.000000 -0.252441 0.017733 0.967450 0 0 0 0 1.000000 0.862463 -0.449018 0.233538 0.961470 0.438451 0.893351 0.098412 0 -0.252820 0.017518 0.967355 0 0 0 0 1.000000 0.861712 -0.450498 0.233460 0.961470 0.439849 0.892607 0.098924 -0.000000 -0.252953 0.017443 0.967321 0 0 0 0 1.000000</float_array>
        <technique_common>
          <accessor source="#Bip01_R_Foot_matrix_Bip01_R_Foot_transform-output-array" count="71" stride="16">
            <param name="TRANSFORM" type="float4x4"/>
          </accessor>
        </technique_common>
      </source>
      <source id="Bip01_R_Foot_matrix_Bip01_R_Foot_transform-interpolations">
        <Name_array id="Bip01_R_Foot_matrix_Bip01_R_Foot_transform-interpolations-array" count="71">LINEAR LINEAR LINEAR LINEAR LINEAR LINEAR LINEAR LINEAR LINEAR LINEAR LINEAR LINEAR LINEAR LINEAR LINEAR LINEAR LINEAR LINEAR LINEAR LINEAR LINEAR LINEAR LINEAR LINEAR LINEAR LINEAR LINEAR LINEAR LINEAR LINEAR LINEAR LINEAR LINEAR LINEAR LINEAR LINEAR LINEAR LINEAR LINEAR LINEAR LINEAR LINEAR LINEAR LINEAR LINEAR LINEAR LINEAR LINEAR LINEAR LINEAR LINEAR LINEAR LINEAR LINEAR LINEAR LINEAR LINEAR LINEAR LINEAR LINEAR LINEAR LINEAR LINEAR LINEAR LINEAR LINEAR LINEAR LINEAR LINEAR LINEAR LINEAR</Name_array>
        <technique_common>
          <accessor source="#Bip01_R_Foot_matrix_Bip01_R_Foot_transform-interpolations-array" count="71" stride="1">
            <param name="INTERPOLATION" type="Name"/>
          </accessor>
        </technique_common>
      </source>
      <sampler id="Bip01_R_Foot_matrix_Bip01_R_Foot_transform-sampler">
        <input semantic="INPUT" source="#Bip01_R_Foot_matrix_Bip01_R_Foot_transform-input"/>
        <input semantic="OUTPUT" source="#Bip01_R_Foot_matrix_Bip01_R_Foot_transform-output"/>
        <input semantic="INTERPOLATION" source="#Bip01_R_Foot_matrix_Bip01_R_Foot_transform-interpolations"/>
      </sampler>
      <channel source="#Bip01_R_Foot_matrix_Bip01_R_Foot_transform-sampler" target="Bip01_R_Foot/transform"/>
    </animation>
    <animation id="Bip01_Tail_matrix">
      <source id="Bip01_Tail_matrix_Bip01_Tail_transform-input">
        <float_array id="Bip01_Tail_matrix_Bip01_Tail_transform-input-array" count="71">0 0.033333 0.066667 0.100000 0.133333 0.166667 0.200000 0.233333 0.266667 0.300000 0.333333 0.366667 0.400000 0.433333 0.466667 0.500000 0.533333 0.566667 0.600000 0.633333 0.666667 0.700000 0.733334 0.766667 0.800000 0.833334 0.866667 0.900000 0.933334 0.966667 1.000000 1.033334 1.066667 1.100000 1.133334 1.166667 1.200000 1.233333 1.266667 1.300000 1.333333 1.366667 1.400000 1.433333 1.466667 1.500000 1.533333 1.566666 1.600000 1.633333 1.666666 1.700000 1.733333 1.766666 1.800000 1.833333 1.866666 1.899999 1.933333 1.966666 1.999999 2.033333 2.066666 2.099999 2.133333 2.166666 2.199999 2.233333 2.266666 2.299999 2.333333</float_array>
        <technique_common>
          <accessor source="#Bip01_Tail_matrix_Bip01_Tail_transform-input-array" count="71" stride="1">
            <param name="TIME" type="float"/>
          </accessor>
        </technique_common>
        <technique profile="MAYA">
          <pre_infinity>CONSTANT</pre_infinity>
          <post_infinity>CONSTANT</post_infinity>
        </technique>
      </source>
      <source id="Bip01_Tail_matrix_Bip01_Tail_transform-output">
        <float_array id="Bip01_Tail_matrix_Bip01_Tail_transform-output-array" count="1136">-0.166799 -0.985991 -0.000003 -1.365355 0.985991 -0.166799 -0.000003 -0.441513 0.000003 -0.000003 1.000000 -0.000001 0 0 0 1.000000 -0.153293 -0.988176 -0.003080 -1.365354 0.988087 -0.153320 0.013329 -0.441520 -0.013644 -0.001000 0.999907 -0.000000 0 0 0 1.000000 -0.138335 -0.990367 -0.006106 -1.365353 0.989998 -0.138450 0.027100 -0.441527 -0.027685 -0.002296 0.999614 0.000000 0 0 0 1.000000 -0.122512 -0.992426 -0.008991 -1.365352 0.991581 -0.122780 0.041140 -0.441534 -0.041932 -0.003876 0.999113 0.000001 0 0 0 1.000000 -0.106420 -0.994253 -0.011667 -1.365351 0.992732 -0.106905 0.055273 -0.441542 -0.056203 -0.005700 0.998403 0.000002 0 0 0 1.000000 -0.090662 -0.995782 -0.014087 -1.365350 0.993396 -0.091425 0.069320 -0.441549 -0.070316 -0.007709 0.997495 0.000003 0 0 0 1.000000 -0.075847 -0.996987 -0.016226 -1.365349 0.993567 -0.076940 0.083097 -0.441556 -0.084095 -0.009819 0.996409 0.000004 0 0 0 1.000000 -0.062587 -0.997876 -0.018081 -1.365349 0.993278 -0.064046 0.096418 -0.441563 -0.097371 -0.011925 0.995177 0.000005 0 0 0 1.000000 -0.051493 -0.998480 -0.019671 -1.365349 0.992599 -0.053339 0.109098 -0.441567 -0.109981 -0.013907 0.993837 0.000006 0 0 0 1.000000 -0.043177 -0.998846 -0.021026 -1.365348 0.991619 -0.045410 0.120950 -0.441571 -0.121766 -0.015627 0.992436 0.000007 0 0 0 1.000000 -0.038245 -0.999022 -0.022190 -1.365349 0.990436 -0.040844 0.131791 -0.441573 -0.132569 -0.016938 0.991029 0.000007 0 0 0 1.000000 -0.041970 -0.998849 -0.023205 -1.365349 0.988895 -0.044843 0.141688 -0.441572 -0.142566 -0.017000 0.989639 0.000007 0 0 0 1.000000 -0.056638 -0.998102 -0.024171 -1.365349 0.986858 -0.059637 0.150186 -0.441565 -0.151342 -0.015347 0.988362 0.000007 0 0 0 1.000000 -0.077815 -0.996653 -0.025060 -1.365350 0.984479 -0.080783 0.155806 -0.441554 -0.157309 -0.012547 0.987470 0.000005 0 0 0 1.000000 -0.101317 -0.994522 -0.025710 -1.365351 0.982043 -0.104113 0.157326 -0.441543 -0.159141 -0.009309 0.987212 0.000004 0 0 0 1.000000 -0.122915 -0.992081 -0.025841 -1.365352 0.980159 -0.125435 0.153475 -0.441533 -0.155501 -0.006464 0.987815 0.000002 0 0 0 1.000000 -0.143398 -0.989338 -0.025435 -1.365353 0.978592 -0.145581 0.145481 -0.441523 -0.147633 -0.004029 0.989034 0.000001 0 0 0 1.000000 -0.165824 -0.985847 -0.024641 -1.365355 0.976475 -0.167638 0.135627 -0.441513 -0.137838 -0.001571 0.990453 0.000000 0 0 0 1.000000 -0.189398 -0.981622 -0.023407 -1.365357 0.973729 -0.190837 0.124234 -0.441502 -0.126417 0.000738 0.991977 -0.000001 0 0 0 1.000000 -0.213329 -0.976739 -0.021709 -1.365359 0.970344 -0.214413 0.111627 -0.441490 -0.113685 0.002748 0.993513 -0.000002 0 0 0 1.000000 -0.236840 -0.971352 -0.019554 -1.365362 0.966392 -0.237606 0.098130 -0.441479 -0.099965 0.004344 0.994982 -0.000003 0 0 0 1.000000 -0.259172 -0.965682 -0.016988 -1.365364 0.962031 -0.259671 0.084068 -0.441469 -0.085595 0.005445 0.996315 -0.000003 0 0 0 1.000000 -0.279468 -0.960051 -0.014111 -1.365367 0.957526 -0.279759 0.069850 -0.441460 -0.071007 0.006009 0.997458 -0.000003 0 0 0 1.000000 -0.297375 -0.954698 -0.010988 -1.365370 0.953101 -0.297517 0.055518 -0.441451 -0.056272 0.006037 0.998397 -0.000004 0 0 0 1.000000 -0.311843 -0.950101 -0.007827 -1.365372 0.949205 -0.311892 0.041646 -0.441444 -0.042009 0.005558 0.999102 -0.000003 0 0 0 1.000000 -0.322319 -0.946619 -0.004792 -1.365374 0.946203 -0.322321 0.028444 -0.441439 -0.028470 0.004634 0.999584 -0.000003 0 0 0 1.000000 -0.328762 -0.944411 -0.001734 -1.365374 0.944305 -0.328752 0.014503 -0.441436 -0.014267 0.003130 0.999893 -0.000002 0 0 0 1.000000 -0.331888 -0.943318 0.001518 -1.365375 0.943317 -0.331890 -0.001287 -0.441435 0.001718 0.001005 0.999998 -0.000001 0 0 0 1.000000 -0.332154 -0.943213 0.004799 -1.365375 0.943039 -0.332186 -0.018180 -0.441434 0.018741 -0.001513 0.999823 0 0 0 0 1.000000 -0.330022 -0.943940 0.007944 -1.365375 0.943284 -0.330091 -0.035426 -0.441436 0.036062 -0.004198 0.999341 0.000001 0 0 0 1.000000 -0.325954 -0.945324 0.010806 -1.365373 0.943902 -0.326061 -0.052274 -0.441438 0.052939 -0.006839 0.998574 0.000003 0 0 0 1.000000 -0.320421 -0.947182 0.013261 -1.365373 0.944786 -0.320562 -0.067969 -0.441440 0.068630 -0.009250 0.997599 0.000004 0 0 0 1.000000 -0.313901 -0.949334 0.015212 -1.365372 0.945874 -0.314067 -0.081756 -0.441443 0.082392 -0.011275 0.996536 0.000005 0 0 0 1.000000 -0.306880 -0.951604 0.016595 -1.365371 0.947146 -0.307062 -0.092881 -0.441447 0.093482 -0.012785 0.995539 0.000005 0 0 0 1.000000 -0.299845 -0.953830 0.017372 -1.365370 0.948610 -0.300036 -0.100588 -0.441450 0.101156 -0.013681 0.994777 0.000006 0 0 0 1.000000 -0.293287 -0.955864 0.017526 -1.365369 0.950277 -0.293482 -0.104123 -0.441453 0.104671 -0.013883 0.994410 0.000006 0 0 0 1.000000 -0.286857 -0.957819 0.017177 -1.365368 0.952222 -0.287051 -0.104284 -0.441456 0.104816 -0.013559 0.994399 0.000006 0 0 0 1.000000 -0.279916 -0.959883 0.016491 -1.365367 0.954481 -0.280102 -0.102516 -0.441459 0.103022 -0.012956 0.994595 0.000006 0 0 0 1.000000 -0.272512 -0.962027 0.015526 -1.365366 0.956994 -0.272684 -0.099026 -0.441462 0.099499 -0.012128 0.994964 0.000005 0 0 0 1.000000 -0.264696 -0.964225 0.014340 -1.365365 0.959695 -0.264850 -0.094023 -0.441466 0.094457 -0.011125 0.995467 0.000005 0 0 0 1.000000 -0.256518 -0.966452 0.012989 -1.365364 0.962515 -0.256652 -0.087717 -0.441470 0.088108 -0.009998 0.996061 0.000004 0 0 0 1.000000 -0.248028 -0.968684 0.011527 -1.365363 0.965389 -0.248140 -0.080318 -0.441475 0.080663 -0.008793 0.996703 0.000004 0 0 0 1.000000 -0.239280 -0.970899 0.010002 -1.365362 0.968252 -0.239369 -0.072038 -0.441479 0.072336 -0.007553 0.997352 0.000003 0 0 0 1.000000 -0.230326 -0.973077 0.008460 -1.365361 0.971050 -0.230395 -0.063090 -0.441483 0.063341 -0.006316 0.997972 0.000002 0 0 0 1.000000 -0.221280 -0.975186 0.006952 -1.365360 0.973717 -0.221330 -0.053750 -0.441487 0.053954 -0.005125 0.998530 0.000002 0 0 0 1.000000 -0.212027 -0.977248 0.005485 -1.365359 0.976263 -0.212061 -0.044054 -0.441491 0.044215 -0.003986 0.999014 0.000001 0 0 0 1.000000 -0.202799 -0.979212 0.004118 -1.365358 0.978612 -0.202820 -0.034400 -0.441496 0.034520 -0.002946 0.999400 0.000001 0 0 0 1.000000 -0.193599 -0.981076 0.002868 -1.365357 0.980761 -0.193610 -0.024948 -0.441501 0.025031 -0.002017 0.999685 0.000000 0 0 0 1.000000 -0.184491 -0.982833 0.001755 -1.365356 0.982704 -0.184495 -0.015918 -0.441505 0.015968 -0.001212 0.999872 0 0 0 0 1.000000 -0.175536 -0.984473 0.000795 -1.365355 0.984444 -0.175537 -0.007529 -0.441509 0.007552 -0.000539 0.999971 -0.000000 0 0 0 1.000000 -0.166799 -0.985991 -0.000003 -1.365355 0.985991 -0.166799 -0.000003 -0.441513 0.000003 -0.000003 1.000000 -0.000001 0 0 0 1.000000 -0.166799 -0.985991 -0.000003 -1.365354 0.985991 -0.166799 -0.000003 -0.441513 0.000003 -0.000003 1.000000 -0.000001 0 0 0 1.000000 -0.166799 -0.985991 -0.000003 -1.365355 0.985991 -0.166799 -0.000003 -0.441514 0.000003 -0.000003 1.000000 -0.000001 0 0 0 1.000000 -0.166799 -0.985991 -0.000003 -1.365355 0.985991 -0.166799 -0.000003 -0.441514 0.000003 -0.000003 1.000000 -0.000001 0 0 0 1.000000 -0.166799 -0.985991 -0.000003 -1.365354 0.985991 -0.166799 -0.000003 -0.441513 0.000003 -0.000003 1.000000 -0.000001 0 0 0 1.000000 -0.166799 -0.985991 -0.000003 -1.365354 0.985991 -0.166799 -0.000003 -0.441513 0.000003 -0.000003 1.000000 -0.000001 0 0 0 1.000000 -0.166799 -0.985991 -0.000003 -1.365354 0.985991 -0.166799 -0.000003 -0.441514 0.000003 -0.000003 1.000000 -0.000001 0 0 0 1.000000 -0.166799 -0.985991 -0.000003 -1.365355 0.985991 -0.166799 -0.000003 -0.441513 0.000003 -0.000003 1.000000 -0.000001 0 0 0 1.000000 -0.166799 -0.985991 -0.000003 -1.365354 0.985991 -0.166799 -0.000003 -0.441513 0.000003 -0.000003 1.000000 -0.000001 0 0 0 1.000000 -0.166799 -0.985991 -0.000003 -1.365355 0.985991 -0.166799 -0.000003 -0.441513 0.000003 -0.000003 1.000000 -0.000001 0 0 0 1.000000 -0.166799 -0.985991 -0.000003 -1.365355 0.985991 -0.166799 -0.000003 -0.441514 0.000003 -0.000003 1.000000 -0.000001 0 0 0 1.000000 -0.166799 -0.985991 -0.000003 -1.365355 0.985991 -0.166799 -0.000003 -0.441514 0.000003 -0.000003 1.000000 -0.000001 0 0 0 1.000000 -0.166799 -0.985991 -0.000003 -1.365355 0.985991 -0.166799 -0.000003 -0.441514 0.000003 -0.000003 1.000000 -0.000001 0 0 0 1.000000 -0.166799 -0.985991 -0.000003 -1.365355 0.985991 -0.166799 -0.000003 -0.441513 0.000003 -0.000003 1.000000 -0.000001 0 0 0 1.000000 -0.166799 -0.985991 -0.000003 -1.365355 0.985991 -0.166799 -0.000003 -0.441513 0.000003 -0.000003 1.000000 -0.000001 0 0 0 1.000000 -0.166799 -0.985991 -0.000003 -1.365355 0.985991 -0.166799 -0.000003 -0.441513 0.000003 -0.000003 1.000000 -0.000001 0 0 0 1.000000 -0.166799 -0.985991 -0.000003 -1.365355 0.985991 -0.166799 -0.000003 -0.441514 0.000003 -0.000003 1.000000 -0.000001 0 0 0 1.000000 -0.166799 -0.985991 -0.000003 -1.365355 0.985991 -0.166799 -0.000003 -0.441514 0.000003 -0.000003 1.000000 -0.000001 0 0 0 1.000000 -0.166799 -0.985991 -0.000003 -1.365355 0.985991 -0.166799 -0.000003 -0.441514 0.000003 -0.000003 1.000000 -0.000001 0 0 0 1.000000 -0.166799 -0.985991 -0.000003 -1.365355 0.985991 -0.166799 -0.000003 -0.441513 0.000003 -0.000003 1.000000 -0.000001 0 0 0 1.000000 -0.166799 -0.985991 -0.000003 -1.365355 0.985991 -0.166799 -0.000003 -0.441513 0.000003 -0.000003 1.000000 -0.000001 0 0 0 1.000000</float_array>
        <technique_common>
          <accessor source="#Bip01_Tail_matrix_Bip01_Tail_transform-output-array" count="71" stride="16">
            <param name="TRANSFORM" type="float4x4"/>
          </accessor>
        </technique_common>
      </source>
      <source id="Bip01_Tail_matrix_Bip01_Tail_transform-interpolations">
        <Name_array id="Bip01_Tail_matrix_Bip01_Tail_transform-interpolations-array" count="71">LINEAR LINEAR LINEAR LINEAR LINEAR LINEAR LINEAR LINEAR LINEAR LINEAR LINEAR LINEAR LINEAR LINEAR LINEAR LINEAR LINEAR LINEAR LINEAR LINEAR LINEAR LINEAR LINEAR LINEAR LINEAR LINEAR LINEAR LINEAR LINEAR LINEAR LINEAR LINEAR LINEAR LINEAR LINEAR LINEAR LINEAR LINEAR LINEAR LINEAR LINEAR LINEAR LINEAR LINEAR LINEAR LINEAR LINEAR LINEAR LINEAR LINEAR LINEAR LINEAR LINEAR LINEAR LINEAR LINEAR LINEAR LINEAR LINEAR LINEAR LINEAR LINEAR LINEAR LINEAR LINEAR LINEAR LINEAR LINEAR LINEAR LINEAR LINEAR</Name_array>
        <technique_common>
          <accessor source="#Bip01_Tail_matrix_Bip01_Tail_transform-interpolations-array" count="71" stride="1">
            <param name="INTERPOLATION" type="Name"/>
          </accessor>
        </technique_common>
      </source>
      <sampler id="Bip01_Tail_matrix_Bip01_Tail_transform-sampler">
        <input semantic="INPUT" source="#Bip01_Tail_matrix_Bip01_Tail_transform-input"/>
        <input semantic="OUTPUT" source="#Bip01_Tail_matrix_Bip01_Tail_transform-output"/>
        <input semantic="INTERPOLATION" source="#Bip01_Tail_matrix_Bip01_Tail_transform-interpolations"/>
      </sampler>
      <channel source="#Bip01_Tail_matrix_Bip01_Tail_transform-sampler" target="Bip01_Tail/transform"/>
    </animation>
    <animation id="Bip01_Tail1_matrix">
      <source id="Bip01_Tail1_matrix_Bip01_Tail1_transform-input">
        <float_array id="Bip01_Tail1_matrix_Bip01_Tail1_transform-input-array" count="71">0 0.033333 0.066667 0.100000 0.133333 0.166667 0.200000 0.233333 0.266667 0.300000 0.333333 0.366667 0.400000 0.433333 0.466667 0.500000 0.533333 0.566667 0.600000 0.633333 0.666667 0.700000 0.733334 0.766667 0.800000 0.833334 0.866667 0.900000 0.933334 0.966667 1.000000 1.033334 1.066667 1.100000 1.133334 1.166667 1.200000 1.233333 1.266667 1.300000 1.333333 1.366667 1.400000 1.433333 1.466667 1.500000 1.533333 1.566666 1.600000 1.633333 1.666666 1.700000 1.733333 1.766666 1.800000 1.833333 1.866666 1.899999 1.933333 1.966666 1.999999 2.033333 2.066666 2.099999 2.133333 2.166666 2.199999 2.233333 2.266666 2.299999 2.333333</float_array>
        <technique_common>
          <accessor source="#Bip01_Tail1_matrix_Bip01_Tail1_transform-input-array" count="71" stride="1">
            <param name="TIME" type="float"/>
          </accessor>
        </technique_common>
        <technique profile="MAYA">
          <pre_infinity>CONSTANT</pre_infinity>
          <post_infinity>CONSTANT</post_infinity>
        </technique>
      </source>
      <source id="Bip01_Tail1_matrix_Bip01_Tail1_transform-output">
        <float_array id="Bip01_Tail1_matrix_Bip01_Tail1_transform-output-array" count="1136">0.997412 0.071898 0.000000 0.599126 -0.071898 0.997412 0 -0.000410 -0.000000 0 1.000000 0 0 0 0 1.000000 0.996243 0.085510 0.013682 0.599120 -0.085516 0.996337 -0.000174 -0.000409 -0.013647 -0.000997 0.999906 0.000000 0 0 0 1.000000 0.994552 0.100476 0.027778 0.599115 -0.100501 0.994937 -0.000502 -0.000409 -0.027688 -0.002293 0.999614 0.000001 0 0 0 1.000000 0.992335 0.116187 0.042101 0.599108 -0.116247 0.993220 -0.001030 -0.000409 -0.041936 -0.003873 0.999113 0.000002 0 0 0 1.000000 0.989635 0.132042 0.056466 0.599101 -0.132153 0.991228 -0.001783 -0.000408 -0.056206 -0.005697 0.998403 0.000002 0 0 0 1.000000 0.986542 0.147443 0.070686 0.599095 -0.147618 0.989041 -0.002766 -0.000407 -0.070319 -0.007706 0.997495 0.000003 0 0 0 1.000000 0.983192 0.161801 0.084577 0.599089 -0.162050 0.986775 -0.003957 -0.000406 -0.084098 -0.009816 0.996409 0.000004 0 0 0 1.000000 0.979766 0.174537 0.097958 0.599084 -0.174863 0.984579 -0.005314 -0.000405 -0.097375 -0.011922 0.995176 0.000005 0 0 0 1.000000 0.976474 0.185081 0.110652 0.599080 -0.185479 0.982625 -0.006779 -0.000404 -0.109984 -0.013904 0.993836 0.000006 0 0 0 1.000000 0.973549 0.192871 0.122488 0.599076 -0.193326 0.981100 -0.008275 -0.000404 -0.121769 -0.015624 0.992436 0.000006 0 0 0 1.000000 0.971229 0.197349 0.133296 0.599075 -0.197836 0.980187 -0.009715 -0.000403 -0.132572 -0.016935 0.991029 0.000007 0 0 0 1.000000 0.970616 0.193423 0.143150 0.599076 -0.193852 0.980968 -0.011078 -0.000403 -0.142569 -0.016998 0.989639 0.000007 0 0 0 1.000000 0.972117 0.178874 0.151635 0.599083 -0.179119 0.983752 -0.012156 -0.000404 -0.151346 -0.015344 0.988362 0.000006 0 0 0 1.000000 0.974831 0.157988 0.157306 0.599091 -0.157982 0.987361 -0.012625 -0.000406 -0.157312 -0.012544 0.987469 0.000005 0 0 0 1.000000 0.978040 0.134819 0.158936 0.599100 -0.134574 0.990827 -0.012354 -0.000407 -0.159144 -0.009306 0.987211 0.000004 0 0 0 1.000000 0.981334 0.113526 0.155226 0.599109 -0.113145 0.993514 -0.011314 -0.000409 -0.155504 -0.006461 0.987814 0.000003 0 0 0 1.000000 0.984671 0.093305 0.147364 0.599117 -0.092875 0.995630 -0.009811 -0.000409 -0.147636 -0.004026 0.989034 0.000002 0 0 0 1.000000 0.987936 0.071049 0.137603 0.599126 -0.070587 0.997472 -0.008245 -0.000410 -0.137841 -0.001567 0.990453 0.000001 0 0 0 1.000000 0.990861 0.047510 0.126242 0.599136 -0.047035 0.998870 -0.006741 -0.000411 -0.126420 0.000741 0.991977 -0.000000 0 0 0 1.000000 0.993251 0.023449 0.113592 0.599146 -0.022984 0.999721 -0.005399 -0.000411 -0.113687 0.002752 0.993513 -0.000001 0 0 0 1.000000 0.994990 -0.000360 0.099970 0.599156 0.000793 0.999990 -0.004290 -0.000411 -0.099968 0.004348 0.994981 -0.000002 0 0 0 1.000000 0.996052 -0.023140 0.085701 0.599165 0.023522 0.999717 -0.003447 -0.000411 -0.085597 0.005449 0.996315 -0.000002 0 0 0 1.000000 0.996491 -0.043991 0.071206 0.599174 0.044307 0.999014 -0.002867 -0.000411 -0.071010 0.006012 0.997458 -0.000002 0 0 0 1.000000 0.996441 -0.062512 0.056542 0.599182 0.062753 0.998026 -0.002501 -0.000410 -0.056274 0.006041 0.998397 -0.000002 0 0 0 1.000000 0.996089 -0.077567 0.042317 0.599188 0.077732 0.996972 -0.002281 -0.000410 -0.042012 0.005561 0.999102 -0.000002 0 0 0 1.000000 0.995658 -0.088524 0.028772 0.599192 0.088621 0.996063 -0.002097 -0.000409 -0.028473 0.004638 0.999584 -0.000002 0 0 0 1.000000 0.995343 -0.095295 0.014503 0.599195 0.095331 0.995444 -0.001759 -0.000410 -0.014269 0.003134 0.999893 -0.000001 0 0 0 1.000000 0.995126 -0.098603 -0.001608 0.599196 0.098601 0.995126 -0.001173 -0.000409 0.001716 0.001008 0.999998 -0.000000 0 0 0 1.000000 0.994918 -0.098916 -0.018796 0.599196 0.098926 0.995095 -0.000352 -0.000409 0.018739 -0.001509 0.999824 0.000001 0 0 0 1.000000 0.994651 -0.096708 -0.036297 0.599195 0.096796 0.995304 0.000684 -0.000409 0.036060 -0.004194 0.999341 0.000002 0 0 0 1.000000 0.994286 -0.092465 -0.053342 0.599194 0.092698 0.995693 0.001901 -0.000409 0.052937 -0.006835 0.998575 0.000003 0 0 0 1.000000 0.993832 -0.086682 -0.069172 0.599191 0.087113 0.996193 0.003241 -0.000409 0.068628 -0.009247 0.997599 0.000004 0 0 0 1.000000 0.993342 -0.079862 -0.083029 0.599188 0.080521 0.996742 0.004616 -0.000410 0.082389 -0.011271 0.996537 0.000005 0 0 0 1.000000 0.992912 -0.072518 -0.094163 0.599185 0.073398 0.997285 0.005912 -0.000410 0.093479 -0.012782 0.995539 0.000005 0 0 0 1.000000 0.992665 -0.065164 -0.101835 0.599183 0.066217 0.997781 0.006986 -0.000410 0.101154 -0.013678 0.994777 0.000006 0 0 0 1.000000 0.992729 -0.058315 -0.105305 0.599180 0.059451 0.998202 0.007675 -0.000411 0.104668 -0.013880 0.994410 0.000006 0 0 0 1.000000 0.993092 -0.051604 -0.105379 0.599177 0.052744 0.998576 0.008053 -0.000410 0.104814 -0.013555 0.994399 0.000006 0 0 0 1.000000 0.993640 -0.044363 -0.103499 0.599174 0.045464 0.998931 0.008300 -0.000410 0.103020 -0.012952 0.994595 0.000005 0 0 0 1.000000 0.994325 -0.036649 -0.099879 0.599171 0.037675 0.999255 0.008409 -0.000411 0.099497 -0.012124 0.994964 0.000005 0 0 0 1.000000 0.995094 -0.028517 -0.094738 0.599167 0.029442 0.999531 0.008374 -0.000411 0.094455 -0.011122 0.995467 0.000005 0 0 0 1.000000 0.995893 -0.020024 -0.088291 0.599164 0.020828 0.999750 0.008190 -0.000411 0.088105 -0.009995 0.996061 0.000004 0 0 0 1.000000 0.996671 -0.011226 -0.080757 0.599160 0.011899 0.999899 0.007855 -0.000411 0.080660 -0.008790 0.996703 0.000004 0 0 0 1.000000 0.997377 -0.002181 -0.072351 0.599156 0.002721 0.999969 0.007372 -0.000411 0.072333 -0.007549 0.997352 0.000003 0 0 0 1.000000 0.997970 0.007055 -0.063293 0.599153 -0.006641 0.999955 0.006747 -0.000411 0.063338 -0.006313 0.997972 0.000003 0 0 0 1.000000 0.998415 0.016361 -0.053862 0.599149 -0.016061 0.999853 0.005996 -0.000411 0.053952 -0.005121 0.998531 0.000002 0 0 0 1.000000 0.998693 0.025855 -0.044095 0.599145 -0.025654 0.999658 0.005121 -0.000411 0.044212 -0.003983 0.999014 0.000002 0 0 0 1.000000 0.998785 0.035298 -0.034392 0.599141 -0.035175 0.999372 0.004158 -0.000411 0.034518 -0.002943 0.999400 0.000001 0 0 0 1.000000 0.998690 0.044687 -0.024914 0.599137 -0.044622 0.998999 0.003130 -0.000411 0.025029 -0.002014 0.999685 0.000001 0 0 0 1.000000 0.998417 0.053958 -0.015877 0.599133 -0.053932 0.998542 0.002068 -0.000410 0.015965 -0.001209 0.999872 0.000000 0 0 0 1.000000 0.997982 0.063050 -0.007500 0.599129 -0.063044 0.998010 0.001011 -0.000410 0.007549 -0.000536 0.999972 0.000000 0 0 0 1.000000 0.997412 0.071898 0.000000 0.599126 -0.071898 0.997412 0 -0.000410 -0.000000 0 1.000000 0 0 0 0 1.000000 0.997412 0.071898 0.000000 0.599126 -0.071898 0.997412 0 -0.000410 -0.000000 0 1.000000 0 0 0 0 1.000000 0.997412 0.071898 0.000000 0.599126 -0.071898 0.997412 0 -0.000410 -0.000000 0 1.000000 0 0 0 0 1.000000 0.997412 0.071898 0.000000 0.599126 -0.071898 0.997412 0 -0.000410 -0.000000 0 1.000000 0 0 0 0 1.000000 0.997412 0.071898 0.000000 0.599126 -0.071898 0.997412 0 -0.000410 -0.000000 0 1.000000 0 0 0 0 1.000000 0.997412 0.071898 0.000000 0.599126 -0.071898 0.997412 0 -0.000410 -0.000000 0 1.000000 0 0 0 0 1.000000 0.997412 0.071898 0.000000 0.599127 -0.071898 0.997412 0 -0.000410 -0.000000 0 1.000000 0 0 0 0 1.000000 0.997412 0.071898 0.000000 0.599126 -0.071898 0.997412 0 -0.000410 -0.000000 0 1.000000 0 0 0 0 1.000000 0.997412 0.071898 0.000000 0.599126 -0.071898 0.997412 0 -0.000410 -0.000000 0 1.000000 0 0 0 0 1.000000 0.997412 0.071898 0.000000 0.599126 -0.071898 0.997412 0 -0.000410 -0.000000 0 1.000000 0 0 0 0 1.000000 0.997412 0.071898 0.000000 0.599126 -0.071898 0.997412 0 -0.000410 -0.000000 0 1.000000 0 0 0 0 1.000000 0.997412 0.071898 0.000000 0.599126 -0.071898 0.997412 0 -0.000410 -0.000000 0 1.000000 0 0 0 0 1.000000 0.997412 0.071898 0.000000 0.599126 -0.071898 0.997412 0 -0.000410 -0.000000 0 1.000000 0 0 0 0 1.000000 0.997412 0.071898 0.000000 0.599126 -0.071898 0.997412 0 -0.000410 -0.000000 0 1.000000 0 0 0 0 1.000000 0.997412 0.071898 0.000000 0.599126 -0.071898 0.997412 0 -0.000410 -0.000000 0 1.000000 0 0 0 0 1.000000 0.997412 0.071898 0.000000 0.599126 -0.071898 0.997412 0 -0.000410 -0.000000 0 1.000000 0 0 0 0 1.000000 0.997412 0.071898 0.000000 0.599126 -0.071898 0.997412 0 -0.000410 -0.000000 0 1.000000 0 0 0 0 1.000000 0.997412 0.071898 0.000000 0.599126 -0.071898 0.997412 0 -0.000410 -0.000000 0 1.000000 0 0 0 0 1.000000 0.997412 0.071898 0.000000 0.599126 -0.071898 0.997412 0 -0.000410 -0.000000 0 1.000000 0 0 0 0 1.000000 0.997412 0.071898 0.000000 0.599126 -0.071898 0.997412 0 -0.000410 -0.000000 0 1.000000 0 0 0 0 1.000000 0.997412 0.071898 0.000000 0.599126 -0.071898 0.997412 0 -0.000410 -0.000000 0 1.000000 0 0 0 0 1.000000</float_array>
        <technique_common>
          <accessor source="#Bip01_Tail1_matrix_Bip01_Tail1_transform-output-array" count="71" stride="16">
            <param name="TRANSFORM" type="float4x4"/>
          </accessor>
        </technique_common>
      </source>
      <source id="Bip01_Tail1_matrix_Bip01_Tail1_transform-interpolations">
        <Name_array id="Bip01_Tail1_matrix_Bip01_Tail1_transform-interpolations-array" count="71">LINEAR LINEAR LINEAR LINEAR LINEAR LINEAR LINEAR LINEAR LINEAR LINEAR LINEAR LINEAR LINEAR LINEAR LINEAR LINEAR LINEAR LINEAR LINEAR LINEAR LINEAR LINEAR LINEAR LINEAR LINEAR LINEAR LINEAR LINEAR LINEAR LINEAR LINEAR LINEAR LINEAR LINEAR LINEAR LINEAR LINEAR LINEAR LINEAR LINEAR LINEAR LINEAR LINEAR LINEAR LINEAR LINEAR LINEAR LINEAR LINEAR LINEAR LINEAR LINEAR LINEAR LINEAR LINEAR LINEAR LINEAR LINEAR LINEAR LINEAR LINEAR LINEAR LINEAR LINEAR LINEAR LINEAR LINEAR LINEAR LINEAR LINEAR LINEAR</Name_array>
        <technique_common>
          <accessor source="#Bip01_Tail1_matrix_Bip01_Tail1_transform-interpolations-array" count="71" stride="1">
            <param name="INTERPOLATION" type="Name"/>
          </accessor>
        </technique_common>
      </source>
      <sampler id="Bip01_Tail1_matrix_Bip01_Tail1_transform-sampler">
        <input semantic="INPUT" source="#Bip01_Tail1_matrix_Bip01_Tail1_transform-input"/>
        <input semantic="OUTPUT" source="#Bip01_Tail1_matrix_Bip01_Tail1_transform-output"/>
        <input semantic="INTERPOLATION" source="#Bip01_Tail1_matrix_Bip01_Tail1_transform-interpolations"/>
      </sampler>
      <channel source="#Bip01_Tail1_matrix_Bip01_Tail1_transform-sampler" target="Bip01_Tail1/transform"/>
    </animation>
    <animation id="Bip01_Tail2_matrix">
      <source id="Bip01_Tail2_matrix_Bip01_Tail2_transform-input">
        <float_array id="Bip01_Tail2_matrix_Bip01_Tail2_transform-input-array" count="71">0 0.033333 0.066667 0.100000 0.133333 0.166667 0.200000 0.233333 0.266667 0.300000 0.333333 0.366667 0.400000 0.433333 0.466667 0.500000 0.533333 0.566667 0.600000 0.633333 0.666667 0.700000 0.733334 0.766667 0.800000 0.833334 0.866667 0.900000 0.933334 0.966667 1.000000 1.033334 1.066667 1.100000 1.133334 1.166667 1.200000 1.233333 1.266667 1.300000 1.333333 1.366667 1.400000 1.433333 1.466667 1.500000 1.533333 1.566666 1.600000 1.633333 1.666666 1.700000 1.733333 1.766666 1.800000 1.833333 1.866666 1.899999 1.933333 1.966666 1.999999 2.033333 2.066666 2.099999 2.133333 2.166666 2.199999 2.233333 2.266666 2.299999 2.333333</float_array>
        <technique_common>
          <accessor source="#Bip01_Tail2_matrix_Bip01_Tail2_transform-input-array" count="71" stride="1">
            <param name="TIME" type="float"/>
          </accessor>
        </technique_common>
        <technique profile="MAYA">
          <pre_infinity>CONSTANT</pre_infinity>
          <post_infinity>CONSTANT</post_infinity>
        </technique>
      </source>
      <source id="Bip01_Tail2_matrix_Bip01_Tail2_transform-output">
        <float_array id="Bip01_Tail2_matrix_Bip01_Tail2_transform-output-array" count="1136">0.999645 0.010020 -0.024669 0.516108 -0.010017 0.999950 0.000267 -0.000415 0.024671 -0.000020 0.999696 0 0 0 0 1.000000 0.999644 0.023696 -0.012287 0.516103 -0.023687 0.999719 0.000877 -0.000415 0.012304 -0.000586 0.999924 0.000000 0 0 0 1.000000 0.999249 0.038752 0.000472 0.516096 -0.038753 0.999248 0.001372 -0.000415 -0.000418 -0.001389 0.999999 0.000001 0 0 0 1.000000 0.998419 0.054583 0.013447 0.516090 -0.054610 0.998506 0.001698 -0.000414 -0.013334 -0.002430 0.999908 0.000001 0 0 0 1.000000 0.997154 0.070583 0.026476 0.516083 -0.070656 0.997499 0.001823 -0.000413 -0.026282 -0.003689 0.999648 0.000002 0 0 0 1.000000 0.995503 0.086151 0.039396 0.516077 -0.086286 0.996269 0.001733 -0.000413 -0.039100 -0.005125 0.999222 0.000002 0 0 0 1.000000 0.993556 0.100690 0.052044 0.516071 -0.100901 0.994895 0.001436 -0.000413 -0.051634 -0.006678 0.998644 0.000003 0 0 0 1.000000 0.991445 0.113610 0.064258 0.516065 -0.113906 0.993491 0.000959 -0.000412 -0.063730 -0.008270 0.997933 0.000003 0 0 0 1.000000 0.989336 0.124326 0.075877 0.516061 -0.124711 0.992193 0.000346 -0.000412 -0.075242 -0.009805 0.997117 0.000004 0 0 0 1.000000 0.987412 0.132261 0.086746 0.516058 -0.132731 0.991152 -0.000345 -0.000411 -0.086024 -0.011173 0.996231 0.000005 0 0 0 1.000000 0.985861 0.136840 0.096710 0.516056 -0.137383 0.990517 -0.001046 -0.000411 -0.095936 -0.012255 0.995312 0.000005 0 0 0 1.000000 0.985467 0.132884 0.105817 0.516057 -0.133452 0.991054 -0.001721 -0.000411 -0.105099 -0.012426 0.994384 0.000005 0 0 0 1.000000 0.986467 0.118141 0.113693 0.516063 -0.118661 0.992932 -0.002204 -0.000412 -0.113149 -0.011317 0.993514 0.000005 0 0 0 1.000000 0.988140 0.096981 0.119055 0.516072 -0.097401 0.995243 -0.002300 -0.000413 -0.118712 -0.009323 0.992885 0.000004 0 0 0 1.000000 0.989946 0.073535 0.120830 0.516082 -0.073838 0.997268 -0.001971 -0.000413 -0.120645 -0.006971 0.992671 0.000003 0 0 0 1.000000 0.991663 0.052026 0.117887 0.516091 -0.052240 0.998634 -0.001275 -0.000414 -0.117792 -0.004894 0.993026 0.000002 0 0 0 1.000000 0.993283 0.031642 0.111299 0.516099 -0.031793 0.999494 -0.000415 -0.000414 -0.111256 -0.003126 0.993787 0.000001 0 0 0 1.000000 0.994632 0.009247 0.103065 0.516109 -0.009338 0.999956 0.000398 -0.000414 -0.103057 -0.001359 0.994675 0.000001 0 0 0 1.000000 0.995520 -0.014393 0.093451 0.516118 0.014355 0.999897 0.001075 -0.000414 -0.093457 0.000271 0.995623 -0.000000 0 0 0 1.000000 0.995828 -0.038507 0.082726 0.516128 0.038511 0.999257 0.001546 -0.000414 -0.082724 0.001646 0.996571 -0.000001 0 0 0 1.000000 0.995516 -0.062321 0.071166 0.516138 0.062353 0.998053 0.001769 -0.000414 -0.071138 0.002676 0.997463 -0.000001 0 0 0 1.000000 0.994624 -0.085061 0.059049 0.516148 0.085107 0.996370 0.001733 -0.000413 -0.058983 0.003302 0.998253 -0.000001 0 0 0 1.000000 0.993285 -0.105836 0.046734 0.516156 0.105883 0.994378 0.001462 -0.000413 -0.046626 0.003497 0.998906 -0.000001 0 0 0 1.000000 0.991658 -0.124257 0.034266 0.516164 0.124296 0.992245 0.001000 -0.000411 -0.034124 0.003267 0.999412 -0.000001 0 0 0 1.000000 0.990015 -0.139206 0.022156 0.516170 0.139231 0.990260 0.000440 -0.000411 -0.022001 0.002649 0.999754 -0.000001 0 0 0 1.000000 0.988619 -0.150069 0.010602 0.516174 0.150078 0.988674 -0.000115 -0.000410 -0.010465 0.001705 0.999944 -0.000001 0 0 0 1.000000 0.987635 -0.156762 -0.001589 0.516177 0.156761 0.987636 -0.000574 -0.000409 0.001659 0.000318 0.999999 -0.000000 0 0 0 1.000000 0.986995 -0.160012 -0.015365 0.516179 0.160017 0.987114 -0.000917 -0.000409 0.015313 -0.001554 0.999882 0.000001 0 0 0 1.000000 0.986611 -0.160293 -0.030083 0.516179 0.160332 0.987062 -0.001116 -0.000409 0.029873 -0.003722 0.999547 0.000002 0 0 0 1.000000 0.986395 -0.158083 -0.045101 0.516178 0.158192 0.987408 -0.001150 -0.000409 0.044715 -0.006000 0.998982 0.000002 0 0 0 1.000000 0.986282 -0.153865 -0.059772 0.516176 0.154081 0.988058 -0.001007 -0.000410 0.059213 -0.008217 0.998212 0.000003 0 0 0 1.000000 0.986237 -0.148128 -0.073456 0.516174 0.148478 0.988916 -0.000698 -0.000410 0.072745 -0.010218 0.997298 0.000004 0 0 0 1.000000 0.986257 -0.141369 -0.085512 0.516171 0.141867 0.989886 -0.000258 -0.000411 0.084683 -0.011877 0.996337 0.000005 0 0 0 1.000000 0.986376 -0.134090 -0.095305 0.516168 0.134727 0.990883 0.000253 -0.000411 0.094402 -0.013090 0.995448 0.000005 0 0 0 1.000000 0.986650 -0.126795 -0.102203 0.516165 0.127539 0.991833 0.000753 -0.000411 0.101273 -0.013778 0.994763 0.000006 0 0 0 1.000000 0.987145 -0.119992 -0.105578 0.516162 0.120787 0.992678 0.001142 -0.000412 0.104668 -0.013880 0.994410 0.000006 0 0 0 1.000000 0.987877 -0.113318 -0.106109 0.516159 0.114113 0.993467 0.001441 -0.000412 0.105252 -0.013532 0.994354 0.000006 0 0 0 1.000000 0.988794 -0.106109 -0.105011 0.516156 0.106881 0.994270 0.001731 -0.000412 0.104226 -0.012936 0.994469 0.000005 0 0 0 1.000000 0.989855 -0.098424 -0.102466 0.516153 0.099150 0.995071 0.001998 -0.000413 0.101764 -0.012137 0.994735 0.000005 0 0 0 1.000000 0.991015 -0.090319 -0.098652 0.516150 0.090981 0.995850 0.002224 -0.000413 0.098041 -0.011179 0.995120 0.000005 0 0 0 1.000000 0.992226 -0.081848 -0.093749 0.516146 0.082435 0.996593 0.002396 -0.000413 0.093233 -0.010105 0.995593 0.000004 0 0 0 1.000000 0.993442 -0.073070 -0.087937 0.516143 0.073574 0.997287 0.002501 -0.000414 0.087516 -0.008954 0.996123 0.000004 0 0 0 1.000000 0.994622 -0.064041 -0.081397 0.516139 0.064460 0.997917 0.002530 -0.000414 0.081065 -0.007763 0.996679 0.000003 0 0 0 1.000000 0.995727 -0.054820 -0.074309 0.516135 0.055156 0.998475 0.002479 -0.000414 0.074060 -0.006567 0.997232 0.000003 0 0 0 1.000000 0.996720 -0.045524 -0.066904 0.516131 0.045784 0.998949 0.002347 -0.000414 0.066727 -0.005402 0.997757 0.000002 0 0 0 1.000000 0.997594 -0.036039 -0.059220 0.516127 0.036229 0.999341 0.002132 -0.000414 0.059104 -0.004272 0.998243 0.000002 0 0 0 1.000000 0.998314 -0.026601 -0.051582 0.516123 0.026732 0.999641 0.001846 -0.000414 0.051515 -0.003222 0.998667 0.000001 0 0 0 1.000000 0.998878 -0.017213 -0.044126 0.516120 0.017296 0.999849 0.001499 -0.000415 0.044094 -0.002260 0.999025 0.000001 0 0 0 1.000000 0.999282 -0.007938 -0.037034 0.516115 0.007985 0.999968 0.001106 -0.000415 0.037024 -0.001401 0.999313 0.000001 0 0 0 1.000000 0.999535 0.001161 -0.030488 0.516112 -0.001140 0.999999 0.000687 -0.000414 0.030488 -0.000652 0.999535 0.000000 0 0 0 1.000000 0.999645 0.010020 -0.024669 0.516108 -0.010017 0.999950 0.000267 -0.000415 0.024671 -0.000020 0.999696 0 0 0 0 1.000000 0.999645 0.010020 -0.024669 0.516108 -0.010017 0.999950 0.000267 -0.000415 0.024671 -0.000020 0.999696 0 0 0 0 1.000000 0.999645 0.010020 -0.024669 0.516108 -0.010017 0.999950 0.000267 -0.000415 0.024671 -0.000020 0.999696 0 0 0 0 1.000000 0.999645 0.010020 -0.024669 0.516108 -0.010017 0.999950 0.000267 -0.000415 0.024671 -0.000020 0.999696 0 0 0 0 1.000000 0.999645 0.010020 -0.024669 0.516108 -0.010017 0.999950 0.000267 -0.000415 0.024671 -0.000020 0.999696 0 0 0 0 1.000000 0.999645 0.010020 -0.024669 0.516108 -0.010017 0.999950 0.000267 -0.000415 0.024671 -0.000020 0.999696 0 0 0 0 1.000000 0.999646 0.010020 -0.024669 0.516108 -0.010017 0.999950 0.000267 -0.000415 0.024671 -0.000020 0.999696 0 0 0 0 1.000000 0.999645 0.010020 -0.024669 0.516108 -0.010017 0.999950 0.000267 -0.000415 0.024671 -0.000020 0.999696 0 0 0 0 1.000000 0.999646 0.010020 -0.024669 0.516108 -0.010017 0.999950 0.000267 -0.000415 0.024671 -0.000020 0.999696 0 0 0 0 1.000000 0.999646 0.010020 -0.024669 0.516108 -0.010017 0.999950 0.000267 -0.000415 0.024671 -0.000020 0.999696 0 0 0 0 1.000000 0.999646 0.010020 -0.024669 0.516108 -0.010017 0.999950 0.000267 -0.000415 0.024671 -0.000020 0.999696 0 0 0 0 1.000000 0.999645 0.010020 -0.024669 0.516108 -0.010017 0.999950 0.000267 -0.000415 0.024671 -0.000020 0.999696 0 0 0 0 1.000000 0.999646 0.010020 -0.024669 0.516108 -0.010017 0.999950 0.000267 -0.000415 0.024671 -0.000020 0.999696 0 0 0 0 1.000000 0.999645 0.010020 -0.024669 0.516108 -0.010017 0.999950 0.000267 -0.000415 0.024671 -0.000020 0.999696 0 0 0 0 1.000000 0.999645 0.010020 -0.024669 0.516108 -0.010017 0.999950 0.000267 -0.000415 0.024671 -0.000020 0.999696 0 0 0 0 1.000000 0.999645 0.010020 -0.024669 0.516108 -0.010017 0.999950 0.000267 -0.000415 0.024671 -0.000020 0.999696 0 0 0 0 1.000000 0.999645 0.010020 -0.024669 0.516108 -0.010017 0.999950 0.000267 -0.000415 0.024671 -0.000020 0.999696 0 0 0 0 1.000000 0.999645 0.010020 -0.024669 0.516108 -0.010017 0.999950 0.000267 -0.000415 0.024671 -0.000020 0.999696 0 0 0 0 1.000000 0.999645 0.010020 -0.024669 0.516108 -0.010017 0.999950 0.000267 -0.000415 0.024671 -0.000020 0.999696 0 0 0 0 1.000000 0.999645 0.010020 -0.024669 0.516108 -0.010017 0.999950 0.000267 -0.000415 0.024671 -0.000020 0.999696 0 0 0 0 1.000000 0.999645 0.010020 -0.024669 0.516108 -0.010017 0.999950 0.000267 -0.000415 0.024671 -0.000020 0.999696 0 0 0 0 1.000000</float_array>
        <technique_common>
          <accessor source="#Bip01_Tail2_matrix_Bip01_Tail2_transform-output-array" count="71" stride="16">
            <param name="TRANSFORM" type="float4x4"/>
          </accessor>
        </technique_common>
      </source>
      <source id="Bip01_Tail2_matrix_Bip01_Tail2_transform-interpolations">
        <Name_array id="Bip01_Tail2_matrix_Bip01_Tail2_transform-interpolations-array" count="71">LINEAR LINEAR LINEAR LINEAR LINEAR LINEAR LINEAR LINEAR LINEAR LINEAR LINEAR LINEAR LINEAR LINEAR LINEAR LINEAR LINEAR LINEAR LINEAR LINEAR LINEAR LINEAR LINEAR LINEAR LINEAR LINEAR LINEAR LINEAR LINEAR LINEAR LINEAR LINEAR LINEAR LINEAR LINEAR LINEAR LINEAR LINEAR LINEAR LINEAR LINEAR LINEAR LINEAR LINEAR LINEAR LINEAR LINEAR LINEAR LINEAR LINEAR LINEAR LINEAR LINEAR LINEAR LINEAR LINEAR LINEAR LINEAR LINEAR LINEAR LINEAR LINEAR LINEAR LINEAR LINEAR LINEAR LINEAR LINEAR LINEAR LINEAR LINEAR</Name_array>
        <technique_common>
          <accessor source="#Bip01_Tail2_matrix_Bip01_Tail2_transform-interpolations-array" count="71" stride="1">
            <param name="INTERPOLATION" type="Name"/>
          </accessor>
        </technique_common>
      </source>
      <sampler id="Bip01_Tail2_matrix_Bip01_Tail2_transform-sampler">
        <input semantic="INPUT" source="#Bip01_Tail2_matrix_Bip01_Tail2_transform-input"/>
        <input semantic="OUTPUT" source="#Bip01_Tail2_matrix_Bip01_Tail2_transform-output"/>
        <input semantic="INTERPOLATION" source="#Bip01_Tail2_matrix_Bip01_Tail2_transform-interpolations"/>
      </sampler>
      <channel source="#Bip01_Tail2_matrix_Bip01_Tail2_transform-sampler" target="Bip01_Tail2/transform"/>
    </animation>
  </library_animations>
  <library_images>
    <image id="Map__4" name="Map__4">
      <init_from>file:///C:/Works/Elephant/Zou-tex.dds</init_from>
    </image>
    <image id="Map__5" name="Map__5">
      <init_from>file:///C:/Works/Elephant/ELPHSKIN.JPG</init_from>
    </image>
    <image id="Map__2" name="Map__2">
      <init_from>file:///D:/ship/edge/latest/samples/edge/character-sample/ELETUSK.JPG</init_from>
    </image>
    <image id="Map__1" name="Map__1">
      <init_from>file:///D:/ship/edge/latest/samples/edge/character-sample/LAKEREM.JPG</init_from>
    </image>
  </library_images>
  <library_materials>
    <material id="Zou" name="Zou">
      <instance_effect url="#Zou-fx"/>
    </material>
    <material id="Ele_Tuskh" name="Ele_Tuskh">
      <instance_effect url="#Ele_Tuskh-fx"/>
    </material>
    <material id="ElepEYE" name="ElepEYE">
      <instance_effect url="#ElepEYE-fx"/>
    </material>
    <material id="___Default" name="___Default">
      <instance_effect url="#___Default-fx"/>
    </material>
  </library_materials>
  <library_effects>
    <effect id="Zou-fx">
      <profile_COMMON>
        <newparam sid="Map__4-surface">
          <surface type="2D">
            <init_from>Map__4</init_from>
            <format>A8R8G8B8</format>
          </surface>
        </newparam>
        <newparam sid="Map__4-sampler">
          <sampler2D>
            <source>Map__4-surface</source>
            <minfilter>LINEAR_MIPMAP_LINEAR</minfilter>
            <magfilter>LINEAR</magfilter>
          </sampler2D>
        </newparam>
        <newparam sid="Map__5-surface">
          <surface type="2D">
            <init_from>Map__5</init_from>
            <format>A8R8G8B8</format>
          </surface>
        </newparam>
        <newparam sid="Map__5-sampler">
          <sampler2D>
            <source>Map__5-surface</source>
            <minfilter>LINEAR_MIPMAP_LINEAR</minfilter>
            <magfilter>LINEAR</magfilter>
          </sampler2D>
        </newparam>
        <technique sid="common">
          <phong>
            <emission>
              <color>0 0 0 1.000000</color>
            </emission>
            <ambient>
              <color>1.000000 1.000000 1.000000 1.000000</color>
            </ambient>
            <diffuse>
              <texture texture="Map__4-sampler" texcoord="TEX0">
                <extra>
                  <technique profile="MAYA">
                    <wrapU>1</wrapU>
                    <wrapV>1</wrapV>
                    <mirrorU>0</mirrorU>
                    <mirrorV>0</mirrorV>
                    <coverageU>1.000000</coverageU>
                    <coverageV>1.000000</coverageV>
                    <translateFrameU>0</translateFrameU>
                    <translateFrameV>0</translateFrameV>
                    <rotateFrame>0</rotateFrame>
                    <stagger>0</stagger>
                    <fast>0</fast>
                    <repeatU>1.000000</repeatU>
                    <repeatV>1.000000</repeatV>
                    <offsetU>0</offsetU>
                    <offsetV>0</offsetV>
                    <rotateUV>0</rotateUV>
                    <noiseU>0</noiseU>
                    <noiseV>0</noiseV>
                    <blend_mode>NONE</blend_mode>
                  </technique>
                </extra>
              </texture>
            </diffuse>
            <specular>
              <color>0 0 0 1.000000</color>
            </specular>
            <shininess>
              <float>27.857616</float>
            </shininess>
            <reflective>
              <color>0 0 0 1.000000</color>
            </reflective>
            <reflectivity>
              <float>0.500000</float>
            </reflectivity>
            <transparent opaque="RGB_ZERO">
              <color>0 0 0 1.000000</color>
            </transparent>
            <transparency>
              <float>1.000000</float>
            </transparency>
            <index_of_refraction>
              <float>0</float>
            </index_of_refraction>
          </phong>
          <extra>
            <technique profile="FCOLLADA">
              <bump>
                <texture texture="Map__5-sampler" texcoord="TEX1">
                  <extra>
                    <technique profile="MAYA">
                      <wrapU>1</wrapU>
                      <wrapV>1</wrapV>
                      <mirrorU>0</mirrorU>
                      <mirrorV>0</mirrorV>
                      <coverageU>1.000000</coverageU>
                      <coverageV>1.000000</coverageV>
                      <translateFrameU>0</translateFrameU>
                      <translateFrameV>0</translateFrameV>
                      <rotateFrame>0</rotateFrame>
                      <stagger>0</stagger>
                      <fast>0</fast>
                      <repeatU>1.000000</repeatU>
                      <repeatV>1.000000</repeatV>
                      <offsetU>0</offsetU>
                      <offsetV>0</offsetV>
                      <rotateUV>0</rotateUV>
                      <noiseU>0</noiseU>
                      <noiseV>0</noiseV>
                      <blend_mode>NONE</blend_mode>
                    </technique>
                  </extra>
                </texture>
              </bump>
            </technique>
          </extra>
        </technique>
      </profile_COMMON>
    </effect>
    <effect id="Ele_Tuskh-fx">
      <profile_COMMON>
        <newparam sid="Map__2-surface">
          <surface type="2D">
            <init_from>Map__2</init_from>
            <format>A8R8G8B8</format>
          </surface>
        </newparam>
        <newparam sid="Map__2-sampler">
          <sampler2D>
            <source>Map__2-surface</source>
            <minfilter>LINEAR_MIPMAP_LINEAR</minfilter>
            <magfilter>LINEAR</magfilter>
          </sampler2D>
        </newparam>
        <technique sid="common">
          <phong>
            <emission>
              <color>0 0 0 1.000000</color>
            </emission>
            <ambient>
              <color>0.960784 0.929412 0.843137 1.000000</color>
            </ambient>
            <diffuse>
              <texture texture="Map__2-sampler" texcoord="TEX0">
                <extra>
                  <technique profile="MAYA">
                    <wrapU>1</wrapU>
                    <wrapV>1</wrapV>
                    <mirrorU>0</mirrorU>
                    <mirrorV>0</mirrorV>
                    <coverageU>1.000000</coverageU>
                    <coverageV>1.000000</coverageV>
                    <translateFrameU>0</translateFrameU>
                    <translateFrameV>0</translateFrameV>
                    <rotateFrame>90.000000</rotateFrame>
                    <stagger>0</stagger>
                    <fast>0</fast>
                    <repeatU>1.000000</repeatU>
                    <repeatV>1.000000</repeatV>
                    <offsetU>0</offsetU>
                    <offsetV>1.000000</offsetV>
                    <rotateUV>0</rotateUV>
                    <noiseU>0</noiseU>
                    <noiseV>0</noiseV>
                    <blend_mode>NONE</blend_mode>
                  </technique>
                </extra>
              </texture>
            </diffuse>
            <specular>
              <color>0.200000 0.200000 0.200000 1.000000</color>
            </specular>
            <shininess>
              <float>1.515717</float>
            </shininess>
            <reflective>
              <color>0 0 0 1.000000</color>
            </reflective>
            <reflectivity>
              <float>0.500000</float>
            </reflectivity>
            <transparent opaque="RGB_ZERO">
              <color>0 0 0 1.000000</color>
            </transparent>
            <transparency>
              <float>1.000000</float>
            </transparency>
            <index_of_refraction>
              <float>0</float>
            </index_of_refraction>
          </phong>
          <extra>
            <technique profile="FCOLLADA">
              <bump>
                <texture texture="Map__2-sampler" texcoord="TEX1">
                  <extra>
                    <technique profile="MAYA">
                      <wrapU>1</wrapU>
                      <wrapV>1</wrapV>
                      <mirrorU>0</mirrorU>
                      <mirrorV>0</mirrorV>
                      <coverageU>1.000000</coverageU>
                      <coverageV>1.000000</coverageV>
                      <translateFrameU>0</translateFrameU>
                      <translateFrameV>0</translateFrameV>
                      <rotateFrame>90.000000</rotateFrame>
                      <stagger>0</stagger>
                      <fast>0</fast>
                      <repeatU>1.000000</repeatU>
                      <repeatV>1.000000</repeatV>
                      <offsetU>0</offsetU>
                      <offsetV>1.000000</offsetV>
                      <rotateUV>0</rotateUV>
                      <noiseU>0</noiseU>
                      <noiseV>0</noiseV>
                      <blend_mode>NONE</blend_mode>
                    </technique>
                  </extra>
                </texture>
              </bump>
            </technique>
          </extra>
        </technique>
      </profile_COMMON>
    </effect>
    <effect id="ElepEYE-fx">
      <profile_COMMON>
        <newparam sid="Map__1-surface">
          <surface type="2D">
            <init_from>Map__1</init_from>
            <format>A8R8G8B8</format>
          </surface>
        </newparam>
        <newparam sid="Map__1-sampler">
          <sampler2D>
            <source>Map__1-surface</source>
            <minfilter>LINEAR_MIPMAP_LINEAR</minfilter>
            <magfilter>LINEAR</magfilter>
          </sampler2D>
        </newparam>
        <technique sid="common">
          <phong>
            <emission>
              <color>0 0 0 1.000000</color>
            </emission>
            <ambient>
              <color>0.007843 0.007843 0.011765 1.000000</color>
            </ambient>
            <diffuse>
              <color>0.007843 0.007843 0.011765 1.000000</color>
            </diffuse>
            <specular>
              <color>0.898039 0.898039 0.898039 1.000000</color>
            </specular>
            <shininess>
              <float>127.999992</float>
            </shininess>
            <reflective>
              <texture texture="Map__1-sampler" texcoord="TEX0">
                <extra>
                  <technique profile="MAYA">
                    <wrapU>1</wrapU>
                    <wrapV>1</wrapV>
                    <mirrorU>0</mirrorU>
                    <mirrorV>0</mirrorV>
                    <coverageU>1.000000</coverageU>
                    <coverageV>1.000000</coverageV>
                    <translateFrameU>0</translateFrameU>
                    <translateFrameV>0</translateFrameV>
                    <rotateFrame>0</rotateFrame>
                    <stagger>0</stagger>
                    <fast>0</fast>
                    <repeatU>1.000000</repeatU>
                    <repeatV>1.000000</repeatV>
                    <offsetU>0</offsetU>
                    <offsetV>0</offsetV>
                    <rotateUV>0</rotateUV>
                    <noiseU>0</noiseU>
                    <noiseV>0</noiseV>
                    <blend_mode>NONE</blend_mode>
                  </technique>
                </extra>
              </texture>
            </reflective>
            <reflectivity>
              <float>0.500000</float>
            </reflectivity>
            <transparent opaque="RGB_ZERO">
              <color>0 0 0 1.000000</color>
            </transparent>
            <transparency>
              <float>1.000000</float>
            </transparency>
            <index_of_refraction>
              <float>0</float>
            </index_of_refraction>
          </phong>
          <extra>
            <technique profile="FCOLLADA"/>
          </extra>
        </technique>
      </profile_COMMON>
    </effect>
    <effect id="___Default-fx">
      <profile_COMMON>
        <technique sid="common">
          <phong>
            <emission>
              <color>0 0 0 1.000000</color>
            </emission>
            <ambient>
              <color>0.588235 0.588235 0.588235 1.000000</color>
            </ambient>
            <diffuse>
              <color>0.588235 0.588235 0.588235 1.000000</color>
            </diffuse>
            <specular>
              <color>0 0 0 1.000000</color>
            </specular>
            <shininess>
              <float>2.000000</float>
            </shininess>
            <reflective>
              <color>0 0 0 1.000000</color>
            </reflective>
            <reflectivity>
              <float>0.500000</float>
            </reflectivity>
            <transparent opaque="RGB_ZERO">
              <color>0 0 0 1.000000</color>
            </transparent>
            <transparency>
              <float>1.000000</float>
            </transparency>
            <index_of_refraction>
              <float>0</float>
            </index_of_refraction>
          </phong>
          <extra>
            <technique profile="FCOLLADA"/>
          </extra>
        </technique>
      </profile_COMMON>
    </effect>
  </library_effects>
  <library_visual_scenes>
    <visual_scene id="VisualSceneNode" name="trunk">
      <node id="Zou_CTL1" name="Zou_CTL1" type="NODE">
        <matrix sid="transform">0 0 1.000000 0.000000 0 1.000000 0 2.721300 -1.000000 0 0 0.130000 0 0 0 1.000000</matrix>
      </node>
      <node id="Zou_CTL" name="Zou_CTL" type="JOINT">
        <matrix sid="transform">0 0 1.000000 0.000000 0 1.000000 0 2.721300 -1.000000 0 0 0.130000 0 0 0 1.000000</matrix>
        <node id="Bip01" name="Bip01" type="JOINT">
          <matrix sid="transform">0 0.000001 -1.000000 1.341382 -1.000000 0 0 -0.391069 0 1.000000 0.000001 0 0 0 0 1.000000</matrix>
          <node id="Bip01_Pelvis" name="Bip01_Pelvis" type="JOINT">
            <matrix sid="transform">0 1.000000 -0.000001 0 0 0.000001 1.000000 0 1.000000 0 0 0 0 0 0 1.000000</matrix>
            <node id="Bip01_Spine" name="Bip01_Spine" type="JOINT">
              <matrix sid="transform">0.996264 0.086362 -0.000001 0.542830 -0.086362 0.996264 0.000004 -0.215382 0.000002 -0.000004 1.000000 0.000001 0 0 0 1.000000</matrix>
              <node id="Bip01_Spine1" name="Bip01_Spine1" type="JOINT">
                <matrix sid="transform">0.996195 0.087156 0.000000 0.794419 -0.087156 0.996195 0 -0.000630 -0.000000 0 1.000000 0 0 0 0 1.000000</matrix>
                <node id="Bip01_Spine2" name="Bip01_Spine2" type="JOINT">
                  <matrix sid="transform">0.996195 0.087156 0.000000 0.794419 -0.087156 0.996195 0 -0.000630 -0.000000 0 1.000000 0 0 0 0 1.000000</matrix>
                  <node id="Bip01_Neck" name="Bip01_Neck" type="JOINT">
                    <matrix sid="transform">1.000000 0 0 0.908116 0 1.000000 0 0.031482 0 0 1.000000 0 0 0 0 1.000000</matrix>
                    <node id="Bip01_Head" name="Bip01_Head" type="JOINT">
                      <matrix sid="transform">0.818694 0.574230 0.000002 0.311891 -0.574230 0.818694 -0.000001 -0.000000 -0.000002 -0.000001 1.000000 0 0 0 0 1.000000</matrix>
                      <node id="Bip01_Ponytail1" name="Bip01_Ponytail1" type="JOINT">
                        <matrix sid="transform">-0.250861 0.968023 0.000003 0.787457 0.968023 0.250861 0.000004 1.064350 0.000003 0.000003 -1.000000 0.000007 0 0 0 1.000000</matrix>
                        <node id="Bip01_Ponytail11" name="Bip01_Ponytail11" type="JOINT">
                          <matrix sid="transform">0.967251 0.253823 0.000001 0.615828 -0.253823 0.967251 0 -0.000475 -0.000001 0 1.000000 0 0 0 0 1.000000</matrix>
                          <node id="Bip01_Ponytail12" name="Bip01_Ponytail12" type="JOINT">
                            <matrix sid="transform">0.949580 0.313525 0.000001 0.615797 -0.313525 0.949580 -0.000000 -0.000466 -0.000001 -0.000000 1.000000 0 0 0 0 1.000000</matrix>
                            <node id="Bip01_Ponytail13" name="Bip01_Ponytail13" type="JOINT">
                              <matrix sid="transform">0.972384 0.233387 0.000001 0.615837 -0.233387 0.972384 0 -0.000477 -0.000001 0 1.000000 0 0 0 0 1.000000</matrix>
                              <node id="Bip01_Ponytail14" name="Bip01_Ponytail14" type="JOINT">
                                <matrix sid="transform">0.991202 0.132356 0.000000 0.615887 -0.132356 0.991202 0 -0.000486 -0.000000 0 1.000000 0 0 0 0 1.000000</matrix>
                              </node>
                            </node>
                          </node>
                        </node>
                      </node>
                      <node id="Mimi_L_Bone" name="Mimi_L_Bone" type="JOINT">
                        <matrix sid="transform">0.181025 0.049655 0.982224 0.381765 -0.704595 -0.690220 0.164751 0.025698 0.686131 -0.721894 -0.089961 0.614096 0 0 0 1.000000</matrix>
                      </node>
                      <node id="Mimi_R_Bone" name="Mimi_R_Bone" type="JOINT">
                        <matrix sid="transform">0.181024 -0.049656 0.982224 0.381764 -0.704592 0.690223 0.164751 0.025700 -0.686135 -0.721891 0.089960 -0.614104 0 0 0 1.000000</matrix>
                      </node>
                    </node>
                    <node id="Bip01_L_Clavicle" name="Bip01_L_Clavicle" type="JOINT">
                      <matrix sid="transform">-0.383638 -0.000254 0.923484 -0.269566 0.875340 -0.318765 0.363550 -0.073129 0.294282 0.947834 0.122512 0.228309 0 0 0 1.000000</matrix>
                      <node id="Bip01_L_UpperArm" name="Bip01_L_UpperArm" type="JOINT">
                        <matrix sid="transform">0.924815 -0.354924 0.136918 0.893299 -0.100408 0.119414 0.987754 0 -0.366927 -0.927238 0.074799 0 0 0 0 1.000000</matrix>
                        <node id="Bip01_L_Forearm" name="Bip01_L_Forearm" type="JOINT">
                          <matrix sid="transform">0.548784 0.835964 0 0.968692 -0.835964 0.548784 0 0 0 0 1.000000 0 0 0 0 1.000000</matrix>
                          <node id="Bip01_L_Hand" name="Bip01_L_Hand" type="JOINT">
                            <matrix sid="transform">0.872188 0.462276 -0.159964 0.980342 0.461497 -0.886037 -0.044267 0 -0.162197 -0.035213 -0.986130 0 0 0 0 1.000000</matrix>
                          </node>
                        </node>
                      </node>
                    </node>
                    <node id="Bip01_R_Clavicle" name="Bip01_R_Clavicle" type="JOINT">
                      <matrix sid="transform">-0.383638 -0.000254 -0.923484 -0.269566 0.875342 -0.318759 -0.363551 -0.073128 -0.294277 -0.947836 0.122510 -0.228310 0 0 0 1.000000</matrix>
                      <node id="Bip01_R_UpperArm" name="Bip01_R_UpperArm" type="JOINT">
                        <matrix sid="transform">0.921326 -0.358281 -0.150972 0.893299 -0.112226 0.126709 -0.985571 0 0.372241 0.924976 0.076532 -0.000000 0 0 0 1.000000</matrix>
                        <node id="Bip01_R_Forearm" name="Bip01_R_Forearm" type="JOINT">
                          <matrix sid="transform">0.541648 0.840605 0 0.968692 -0.840605 0.541648 0 0 0 0 1.000000 0 0 0 0 1.000000</matrix>
                          <node id="Bip01_R_Hand" name="Bip01_R_Hand" type="JOINT">
                            <matrix sid="transform">0.872384 0.466086 0.147345 0.980342 0.465864 -0.884033 0.038159 0 0.148043 0.035354 -0.988349 0 0 0 0 1.000000</matrix>
                          </node>
                        </node>
                      </node>
                    </node>
                  </node>
                </node>
              </node>
              <node id="Bip01_L_Thigh" name="Bip01_L_Thigh" type="JOINT">
                <matrix sid="transform">0.157772 0.986965 -0.031741 -0.559402 0.969290 -0.148646 0.195910 0.167696 0.188638 -0.061675 -0.980108 0.498668 0 0 0 1.000000</matrix>
                <node id="Bip01_L_Calf" name="Bip01_L_Calf" type="JOINT">
                  <matrix sid="transform">0.638195 0.769875 0 1.191516 -0.769874 0.638195 0 0 0 0 1.000000 0 0 0 0 1.000000</matrix>
                  <node id="Bip01_L_Foot" name="Bip01_L_Foot" type="JOINT">
                    <matrix sid="transform">0.787223 -0.593381 -0.167868 0.961470 0.584046 0.804788 -0.105865 -0.000000 0.197916 -0.014703 0.980109 0 0 0 0 1.000000</matrix>
                  </node>
                </node>
              </node>
              <node id="Bip01_R_Thigh" name="Bip01_R_Thigh" type="JOINT">
                <matrix sid="transform">0.332499 0.942424 0.035804 -0.559402 0.917485 -0.314446 -0.243608 0.167699 -0.218323 0.113849 -0.969213 -0.498667 0 0 0 1.000000</matrix>
                <node id="Bip01_R_Calf" name="Bip01_R_Calf" type="JOINT">
                  <matrix sid="transform">0.640036 0.768345 0 1.191516 -0.768345 0.640036 0 0 0 0 1.000000 0 0 0 0 1.000000</matrix>
                  <node id="Bip01_R_Foot" name="Bip01_R_Foot" type="JOINT">
                    <matrix sid="transform">0.869886 -0.437805 0.227213 0.961470 0.427650 0.898951 0.094881 0 -0.245792 0.014632 0.969212 0 0 0 0 1.000000</matrix>
                  </node>
                </node>
              </node>
              <node id="Bip01_Tail" name="Bip01_Tail" type="JOINT">
                <matrix sid="transform">-0.166799 -0.985991 -0.000003 -1.365355 0.985991 -0.166799 -0.000003 -0.441513 0.000003 -0.000003 1.000000 -0.000001 0 0 0 1.000000</matrix>
                <node id="Bip01_Tail1" name="Bip01_Tail1" type="JOINT">
                  <matrix sid="transform">0.997412 0.071898 0.000000 0.599126 -0.071898 0.997412 0 -0.000410 -0.000000 0 1.000000 0 0 0 0 1.000000</matrix>
                  <node id="Bip01_Tail2" name="Bip01_Tail2" type="JOINT">
                    <matrix sid="transform">0.999645 0.010020 -0.024669 0.516108 -0.010017 0.999950 0.000267 -0.000415 0.024671 -0.000020 0.999696 0 0 0 0 1.000000</matrix>
                  </node>
                </node>
              </node>
            </node>
          </node>
        </node>
      </node>
      <extra>
        <technique profile="FCOLLADA">
          <start_time>0</start_time>
          <end_time>2.333333</end_time>
        </technique>
      </extra>
    </visual_scene>
  </library_visual_scenes>
  <scene>
    <instance_visual_scene url="#VisualSceneNode"/>
  </scene>
</COLLADA>
